global_step,return,length
4,26.146280942382965,4
12,63.21664476906261,8
16,25.97235886832032,4
22,44.74912550912653,6
26,25.95768227360061,4
31,35.08499179176653,5
36,35.07124761819541,5
42,44.6014133965388,6
47,35.594578334328034,5
51,26.203455290256898,4
57,43.9250011663967,6
62,34.984532179998354,5
67,35.363473982355536,5
72,35.12187807046205,5
77,34.964121309732796,5
82,35.03656965243861,5
89,53.5948512331688,7
97,62.37329168009568,8
104,53.69614819947576,7
108,26.182193536660154,4
116,63.46086948960929,8
123,53.93021521217364,7
128,34.73061376767708,5
132,25.997828598624558,4
137,35.50929291180926,5
143,44.582280629845776,6
150,53.62210687666428,7
156,44.33708022851152,6
161,35.47661471442842,5
172,91.18555071142526,11
176,25.570146014705912,4
180,25.90171693463928,4
184,26.062695556979975,4
191,53.370404669492444,7
200,72.20185927183742,9
204,25.778629251419336,4
212,63.471012145164295,8
217,35.26037771266546,5
220,16.834296781384793,3
228,62.91603605990182,8
232,26.22989141661361,4
238,44.315050539681934,6
243,35.54032342184316,5
247,25.9533454918675,4
252,35.153450631172646,5
258,44.74231025285411,6
263,34.922395775418856,5
269,44.588691297357144,6
274,34.95163549462245,5
278,25.827417837172433,4
285,53.36908715272909,7
290,35.495371668151115,5
296,44.391750986102664,6
302,44.67558609296596,6
312,81.18183296012391,10
316,26.00233226123618,4
321,34.82563194688946,5
329,63.21565611845341,8
336,53.39690096560734,7
340,25.67029949356414,4
346,44.60009672448434,6
350,25.735176495625982,4
354,25.382090449234465,4
359,35.56166247827009,5
367,62.92094706552752,8
372,35.08391360246552,5
376,26.10196667483042,4
382,44.51146779172521,6
387,35.42567021091346,5
391,25.476400026199396,4
395,25.430147469590825,4
404,71.85945348210838,9
408,26.125868081331063,4
413,34.981157327272854,5
418,35.214874106415465,5
422,26.17682074999643,4
428,43.89157997242508,6
436,63.31207558568128,8
441,35.39687313607797,5
450,72.9369477147709,9
456,44.583643569049784,6
462,44.692464920543,6
468,44.733671597886165,6
472,26.135949061764904,4
476,26.012672169440563,4
481,35.255045229366445,5
485,26.036807418470566,4
490,34.8136956048757,5
496,44.157102176120475,6
501,35.740134586573355,5
506,35.179043480780216,5
513,53.89288489916177,7
518,35.27636634155305,5
525,54.0831069990083,7
530,35.42215332256265,5
539,72.57156119591808,9
544,35.040648628072915,5
550,44.65284572738825,6
555,34.61634617141817,5
561,44.27290906241303,6
566,35.52796413133079,5
570,25.70259650353345,4
578,62.760005412210795,8
583,35.027468491697825,5
589,44.32523370640611,6
595,43.93946869608746,6
599,25.858966655710013,4
604,34.999568107784604,5
609,35.1474683827532,5
618,73.03986597014067,9
627,72.2566663753187,9
632,35.27672084427266,5
638,44.721423660418054,6
646,62.787246139331714,8
650,25.524471880498773,4
656,44.14972941926182,6
664,63.01603316084552,8
668,26.201909106614842,4
672,26.035750128501654,4
676,25.958481825071456,4
680,25.59803300346417,4
684,25.8712438060749,4
696,100.79728887636992,12
703,53.43836338653633,7
708,34.73834624841374,5
713,35.14011005180931,5
717,25.9716001662157,4
721,26.302617634832444,4
725,26.218106441324228,4
730,35.42845870066733,5
735,35.370139193672344,5
738,16.84445280517221,3
743,35.23790351715427,5
749,44.59187661414925,6
753,25.686424433462435,4
757,25.640004192859557,4
762,35.443475902360085,5
767,35.12769093207451,5
772,34.838832687293134,5
778,44.64122136386418,6
782,26.023740898539852,4
786,25.626129522831555,4
790,25.47288386366885,4
800,81.73481691553555,10
811,90.93975291313245,11
817,44.35447162344821,6
823,44.226151359580484,6
827,25.47431485215156,4
833,44.75541449241069,6
837,25.837484565281226,4
844,53.84051252868942,7
855,91.49294998251447,11
859,25.938804724173693,4
868,72.88210213510315,9
875,53.56627426111127,7
882,53.690057964614454,7
897,127.48587808383063,15
905,63.10185851810047,8
910,35.35806377359724,5
915,35.23543160420471,5
925,81.60737248052465,10
932,54.25490023200067,7
940,62.74169059131576,8
943,16.83523827603623,3
948,34.92842533869441,5
953,35.02616087043004,5
958,35.47480776465349,5
962,25.880805550356143,4
967,35.09781671341631,5
973,44.51287804763555,6
978,35.01076859821581,5
983,35.2493755341052,5
990,53.65169659670145,7
995,34.89867711213464,5
999,25.847754425447103,4
1006,53.37030709587165,7
1014,63.13220237477441,8
1019,35.353082774097565,5
1023,26.09189619044957,4
1028,34.843879133059495,5
1035,54.02928193059133,7
1041,44.79260736611028,6
1048,53.65850417268098,7
1055,53.91958069638631,7
1060,35.24428521976107,5
1067,53.23758348240731,7
1072,35.340832706599954,5
1076,25.74388795577294,4
1079,16.805133491924103,3
1089,82.03112565889897,10
1095,44.45900654854551,6
1100,35.24754221911665,5
1106,44.72528637917502,6
1116,81.27307917310966,10
1120,26.15856581429665,4
1123,16.89289079692232,3
1129,43.99603624619764,6
1133,25.347761228734473,4
1139,44.42431489996241,6
1144,34.782541148511214,5
1148,25.983665519261166,4
1152,25.92554542371365,4
1157,35.00245150648512,5
1162,35.089766827450134,5
1169,53.76696511637011,7
1176,53.36141079111514,7
1184,63.16691611813695,8
1189,35.45038763937663,5
1196,53.68187682103936,7
1205,72.33735267725005,9
1210,35.56701298134066,5
1214,26.29104959924438,4
1219,35.29644432629239,5
1224,34.891969332264686,5
1231,53.58139734540212,7
1239,62.98891973737767,8
1245,44.53805793288409,6
1249,25.690496301003027,4
1253,26.239829071869384,4
1258,34.989575962300805,5
1263,34.83306021609927,5
1269,44.330284273232195,6
1273,26.097715960004866,4
1281,63.07903668009679,8
1285,25.655481320931557,4
1291,44.005558930885215,6
1297,44.711080368282715,6
1301,25.743492142150828,4
1305,25.766290580748223,4
1313,63.07336825771264,8
1317,26.01498945337984,4
1323,44.349917963297344,6
1327,25.638350100308017,4
1332,35.117826737384554,5
1336,25.444631436678332,4
1345,72.28986741238786,9
1351,44.85866136429893,6
1356,35.0210753328716,5
1361,35.42327043081161,5
1366,34.96313183655703,5
1378,99.98412847353981,12
1388,81.19248345381986,10
1392,25.948320012753918,4
1398,44.18711486166765,6
1404,44.20102046735116,6
1408,25.399695911657606,4
1414,44.440065950346025,6
1421,53.64925116757573,7
1431,82.10881461015767,10
1437,44.82076994853655,6
1445,63.263214522950875,8
1451,43.94773110349407,6
1457,43.84799382654887,6
1464,53.89824746637889,7
1470,44.492159884096466,6
1475,35.09858190388353,5
1479,26.14260701832236,4
1483,25.94346674960943,4
1488,35.53980382150321,5
1493,35.53943711150068,5
1497,25.733932452281866,4
1501,25.553507133906194,4
1507,43.961049910391964,6
1512,35.49978089737842,5
1520,62.770093563596845,8
1526,44.433255542422806,6
1530,25.501519390661613,4
1539,72.41458652365449,9
1544,34.92271957106876,5
1548,25.827426831648562,4
1552,25.93032239033433,4
1557,35.298104145635484,5
1560,16.940887830493505,3
1567,53.74866635429561,7
1574,53.86708763093298,7
1579,35.16565152863305,5
1587,63.03463590528278,8
1591,25.45946111026622,4
1600,71.97377456828738,9
1604,26.071020829870843,4
1610,44.15904161838745,6
1615,34.98028091629574,5
1619,25.5558629598785,4
1624,35.39719702829286,5
1630,44.71774224175208,6
1636,44.694175470341676,6
1641,35.36927097730995,5
1645,25.79833608931287,4
1649,25.543436219836888,4
1654,35.432001855912716,5
1661,54.31398651686145,7
1665,26.06919444684866,4
1670,35.270955793708964,5
1675,35.3029434383432,5
1680,34.75266889633446,5
1685,34.90090067901594,5
1691,44.16788134252713,6
1699,63.00975456914491,8
1706,52.97930385340463,7
1714,62.960962786194344,8
1720,43.78188272359882,6
1725,34.83767941635801,5
1732,53.83986760433523,7
1739,52.8550592067569,7
1744,34.96393113401141,5
1748,25.764196197907935,4
1754,44.67407634545678,6
1763,72.45459554357454,9
1771,63.41039049059103,8
1775,26.15682471893803,4
1779,25.55024670459778,4
1783,25.51731921577736,4
1790,54.044895057564496,7
1797,53.933373495984426,7
1805,62.61357759527656,8
1813,63.45356454126887,8
1817,26.207150368777754,4
1822,34.99970776022969,5
1827,35.21602580596429,5
1831,25.85304243046565,4
1835,25.881846543631244,4
1845,80.83813280947791,10
1852,53.29530975412301,7
1858,44.26171480436002,6
1863,35.32889084638382,5
1868,35.39083881663587,5
1875,53.781815062493,7
1879,25.932529573579338,4
1885,44.18167902964993,6
1889,25.63297612971273,4
1893,25.872380886051303,4
1900,53.2090849290573,7
1905,35.27983972961154,5
1912,53.421670734253404,7
1918,44.261871386146915,6
1922,25.4569510183273,4
1929,53.62517174253831,7
1937,62.515236081489576,8
1942,35.45996783452087,5
1946,25.84884144613088,4
1953,53.697822445969194,7
1958,35.57019892334739,5
1962,25.56958054734337,4
1966,26.266159252737104,4
1972,44.53198398080048,6
1978,44.69841669461314,6
1984,44.21103675273148,6
1989,35.47745625687371,5
2001,100.04175962291943,12
2005,26.003246510442683,4
2009,26.00757501367746,4
2015,44.62845752372556,6
2023,62.80844642053943,8
2027,25.639324754881613,4
2035,62.620684707726916,8
2044,72.4418271010913,9
2050,44.55406167203925,6
2059,72.81495792979143,9
2070,90.82126723966411,11
2077,53.980657679279204,7
2090,109.53127864303039,13
2102,100.77830491246895,12
2110,63.34363258950445,8
2120,81.49090435543556,10
2133,109.76359003948792,13
2143,81.82407830048102,10
2151,63.14060916026229,8
2163,100.37529732364457,12
2172,72.8175883633112,9
2181,72.60731971630105,9
2196,128.51352926924307,15
2209,109.77554145953688,13
2222,109.98249545118426,13
2229,54.20867344688289,7
2236,54.0161994108578,7
2244,63.172407623313234,8
2252,63.102750311689185,8
2259,53.93021971008897,7
2270,91.43556613917352,11
2279,72.64748511477988,9
2291,100.40130020854686,12
2298,53.86090490493552,7
2307,72.35889963971759,9
2316,72.66253801957109,9
2325,72.67985135348138,9
2337,100.56360083616009,12
2348,91.2213403244433,11
2357,72.41664456871682,9
2368,91.29534074078694,11
2380,100.18620875749983,12
2391,90.9649252999158,11
2400,72.36994223628668,9
2409,72.65653835932653,9
2419,82.28322924910842,10
2427,63.37752433853943,8
2435,63.174638226582914,8
2446,91.01734395950587,11
2463,146.98153196822892,17
2470,53.54602054036673,7
2478,62.99883286184741,8
2489,91.48399743729091,11
2498,72.58786323705505,9
2507,72.86347942233043,9
2520,110.12797239005204,13
2528,62.99437690269653,8
2535,54.01611729544404,7
2549,118.87059377842566,14
2558,72.71771325108372,9
2570,100.18325377184098,12
2579,72.51316243331809,9
2596,147.4907818127393,17
2604,63.31020973048693,8
2618,119.09067973084404,14
2629,90.54210939580834,11
2645,137.5162549621688,16
2657,100.24671843399842,12
2672,128.5065365454202,15
2680,62.8676088464707,8
2689,72.64061044155736,9
2698,72.48779312315276,9
2706,63.13602390004033,8
2720,118.64963407315248,14
2733,109.98593792566054,13
2739,44.06722697650439,6
2748,72.70428622904417,9
2756,63.44572043163078,8
2766,81.935007566127,10
2779,109.30771861332695,13
2790,91.37424548266402,11
2801,91.32520351548199,11
2810,72.28506656499118,9
2824,118.5472564340747,14
2835,91.54732035336545,11
2844,72.39598559405403,9
2852,63.37558937007666,8
2861,72.76566294232066,9
2880,164.78657058934303,19
2889,72.671231086925,9
2901,99.63611870121069,12
2910,72.99582798823236,9
2918,62.95577380659164,8
2925,54.27455827896177,7
2941,137.79254742296942,16
2950,72.97308108152029,9
2963,109.74785356990307,13
2976,109.8104719491794,13
2986,81.96880703102737,10
2998,100.1461372554569,12
3008,81.63043396427322,10
3018,82.00240603187922,10
3026,63.39840544333846,8
3034,63.12471662132672,8
3043,72.79009724266487,9
3051,63.21114078435964,8
3060,72.1755308442984,9
3073,109.80236234781826,13
3083,81.99311631195687,10
3095,100.70560896344666,12
3109,119.43223939574378,14
3119,82.24373275427506,10
3127,63.47776199868779,8
3136,72.73730150755694,9
3144,63.4155858525875,8
3151,53.70023382169424,7
3158,54.03834789937569,7
3168,82.19780272429884,10
3176,63.113233713439875,8
3195,165.53561271125872,19
3203,62.99257867380081,8
3230,239.83494162016598,27
3239,72.17006640293845,9
3255,137.58408543840017,16
3269,119.09427781337574,14
3283,118.9127769449205,14
3297,119.42108851126139,14
3305,63.330116984020584,8
3314,72.41854023450466,9
3331,147.1349236466317,17
3341,82.27079777089762,10
3349,63.202554422678006,8
3357,63.17197859866358,8
3367,82.04095978462028,10
3373,44.48930261125454,6
3388,128.26456990285195,15
3396,62.87802241767769,8
3406,81.30066002233731,10
3418,100.21816288016144,12
3428,81.54120589689249,10
3436,63.201572738783554,8
3445,72.18081186422381,9
3456,91.35438806668384,11
3468,100.31108035869126,12
3478,81.8610167231964,10
3486,62.94132449233988,8
3494,63.28207813240303,8
3507,109.5787798708189,13
3515,63.0544309408852,8
3530,128.30197665251922,15
3540,81.6561962422545,10
3549,72.58360240668385,9
3558,72.39213987143016,9
3565,54.2878888317647,7
3573,63.54387699222164,8
3584,91.18900927957465,11
3593,72.81012562133937,9
3603,81.63264223191794,10
3614,90.99592323222862,11
3621,53.86161833193277,7
3632,91.38617897370158,11
3643,91.51488890424687,11
3651,62.912434161959986,8
3664,109.78476649717567,13
3674,82.18807988876301,10
3686,100.2249013410585,12
3695,72.3276375019822,9
3705,81.64043714242193,10
3716,91.1912456289171,11
3728,100.34865805288774,12
3739,91.09852701774842,11
3750,91.32557811771642,11
3761,91.48373193279377,11
3770,72.24860155894913,9
3782,100.41882966360812,12
3803,184.2173941253196,21
3812,72.53327653848493,9
3819,54.159479656218835,7
3826,54.09151998334704,7
3834,63.41106806578901,8
3841,54.24177682833687,7
3852,91.18775606123187,11
3860,63.08118626220012,8
3870,81.96969134553989,10
3880,82.0430618436513,10
3893,109.69075330743317,13
3902,72.33522457536564,9
3913,91.088542955643,11
3924,90.98772474559212,11
3940,137.48980455800137,16
3953,109.2787176165568,13
3961,63.71395514326787,8
3969,63.426939424690275,8
3978,72.43066560703672,9
3988,82.23627860981135,10
3998,82.01315153689049,10
4008,82.42962934248884,10
4021,109.67842928441058,13
4030,72.28266701296909,9
4043,109.65197672372841,13
4051,63.48950625664498,8
4058,53.81972338867693,7
4066,63.16387451377519,8
4076,82.05381813565324,10
4085,72.44306842760452,9
4094,72.59898748169421,9
4114,174.90345903087737,20
4141,239.27504776350224,27
4163,191.8239176277975,22
4180,145.67608407177482,17
4209,258.48302898512844,29
4220,89.10918250240732,11
4236,137.221960708342,16
4258,192.77453110676254,22
4270,100.44200870544148,12
4295,220.90823881434838,25
4303,61.637947666862495,8
4326,199.20462906828476,23
4340,119.03907332756857,14
4377,331.6539221981959,37
4395,155.15677984959734,18
4417,191.48467487390315,22
4449,285.86320135758774,32
4464,127.35793236358222,15
4481,144.98411275482903,17
4501,174.92836293448318,20
4512,90.75826997153841,11
4528,137.00851854686945,16
4549,182.58330099268125,21
4560,90.17171338429488,11
4579,164.73766037795227,19
4588,72.27265128960828,9
4607,165.07296833007405,19
4623,136.46486996466237,16
4635,99.07195283647216,12
4651,136.45316854688548,16
4683,285.44825670113636,32
4702,163.80346747590644,19
4717,127.62603289228012,15
4745,248.66241673774687,28
4770,216.13068714911572,25
4787,146.0802319001175,17
4811,211.32205087678122,24
4831,173.64272340035427,20
4856,220.4839812444307,25
4879,201.88639010561062,23
4908,257.7058918746466,29
4935,238.05060108738445,27
4944,72.10766119913768,9
4958,118.73979760271536,14
4967,72.45010453187989,9
4977,80.8523639576549,10
4989,99.37300550727554,12
5023,304.0415298401023,34
5043,171.9616208233339,20
5090,423.69439781789094,47
5104,118.69014640402334,14
5116,100.24884431976645,12
5130,118.84354874038169,14
5156,229.64814705830835,26
5178,193.09696856543505,22
5198,174.45527092976846,20
5219,181.60362832474954,21
5241,193.0045165346268,22
5253,100.47388820059095,12
5274,182.6294322519227,21
5303,256.4668885212479,29
5315,100.34132552528064,12
5325,81.67942290698292,10
5346,183.82347972151268,21
5370,211.40440234324367,24
5382,100.47294317739643,12
5410,248.2469413846947,28
5424,117.67986304107893,14
5441,146.50349584148444,17
5450,71.9511497769332,9
5471,181.4351476254825,21
5483,100.15127330103593,12
5504,183.9006700647386,21
5512,62.86369172247372,8
5533,181.18570770122412,21
5551,155.54963089835363,18
5565,118.01302935676232,14
5572,53.24598272838341,7
5594,193.01579116032008,22
5616,190.25670986255378,22
5629,108.63562834116023,13
5643,118.41165986965412,14
5672,257.3185901889608,29
5693,184.11034858158646,21
5715,191.99427808005905,22
5736,184.14444988132502,21
5746,80.97027139440847,10
5758,99.88900686333011,12
5770,97.2845559197751,12
5782,100.34050409430029,12
5799,145.11927725947518,17
5832,293.05962008012057,33
5851,165.30510315149579,19
5863,99.79041435588744,12
5880,146.58576416949094,17
5897,146.87729989010944,17
5920,201.71297913588276,23
5952,284.33708321040336,32
5976,210.3682427079859,24
5998,193.152689676032,22
6008,80.93549955712051,10
6029,184.18877731048428,21
6036,53.25301648005198,7
6054,154.44655445875836,18
6078,211.8339502478697,24
6091,109.13440070155436,13
6113,191.89325537593166,22
6138,220.7735515797035,25
6149,91.0165903922588,11
6159,81.98411871544214,10
6192,291.22470272292804,33
6210,155.7540550784607,18
6227,146.73164072761966,17
6243,137.675173832296,16
6270,239.96051491527072,27
6300,266.96675140680134,30
6314,118.72818309410158,14
6329,127.80969626141831,15
6339,81.90559468561392,10
6357,155.22993724139798,18
6372,128.09958591034123,15
6380,62.9405466822953,8
6392,100.12655673465254,12
6412,174.16204656766797,20
6427,128.10211399487616,15
6439,100.2423690940707,12
6458,165.39649576152854,19
6475,146.70235311782332,17
6487,99.92564342954306,12
6503,135.8099442308271,16
6516,109.15649433245794,13
6538,192.17678050419937,22
6571,295.332540259987,33
6585,116.17118640161297,14
6594,72.73295315938506,9
6609,127.72931189614272,15
6622,108.69519711366841,13
6636,118.71207207865355,14
6649,109.34447066916533,13
6660,91.46725640880088,11
6679,164.73554877260875,19
6691,99.64799543291306,12
6698,53.623410423727506,7
6726,248.60818960129026,28
6748,193.25979860809556,22
6758,82.17865722384265,10
6785,238.6658112428704,27
6797,100.41641225253976,12
6812,127.47410764660209,15
6829,146.74564158592477,17
6851,192.892255168268,22
6859,63.3863050403908,8
6872,108.45257959095106,13
6887,128.1242650810593,15
6903,137.2668624463261,16
6916,109.34787378605753,13
6928,100.16867403385132,12
6943,128.64294015782824,15
6953,81.51135679042736,10
6972,164.7906210542785,19
6989,146.00043231737612,17
7004,127.6751695795009,15
7014,81.50758736051496,10
7026,99.84195850688141,12
7037,91.41767654676505,11
7045,63.372338919125276,8
7069,209.52361097566452,24
7078,72.5378417720091,9
7089,90.21839346321461,11
7098,72.31323594441459,9
7108,81.92104633602037,10
7128,174.4796266579082,20
7149,183.20042122605372,21
7160,90.7567454051141,11
7171,90.6746582218201,11
7225,488.1487484095453,54
7243,155.1493365084547,18
7262,164.80881169692822,19
7278,137.19402568571763,16
7294,137.0190353376724,16
7305,91.23006251535156,11
7331,229.4359115417549,26
7339,62.88200591184123,8
7349,81.78722966365311,10
7360,90.98052874741842,11
7377,145.5149586188768,17
7395,155.77329286635702,18
7415,173.48866951175543,20
7427,99.78951050933381,12
7435,62.87430681833584,8
7444,72.44204122368902,9
7465,183.8151349880674,21
7474,72.52702238132774,9
7493,165.1218225006679,19
7503,82.11312886883913,10
7520,146.29974746169074,17
7530,81.97244992573266,10
7540,81.77303254281931,10
7554,118.86970961274943,14
7575,183.66256202266757,21
7593,155.9364405022701,18
7604,91.3385953265474,11
7614,81.58137023898283,10
7624,80.57430621962827,10
7634,82.02928622323489,10
7646,99.99163480110721,12
7670,211.29873295709882,24
7679,72.59737284917621,9
7688,72.54761147642408,9
7730,377.6626877857381,42
7741,91.02167976493354,11
7752,91.21310476090925,11
7767,126.8588637941905,15
7777,81.90231042963751,10
7786,71.8869496813988,9
7795,72.73691788821726,9
7811,137.62134458822828,16
7823,100.2026384784516,12
7833,82.14298804004598,10
7851,155.3720431282501,18
7863,99.97639398342808,12
7876,109.35911253921832,13
7895,164.75229099842724,19
7909,118.72693807546815,14
7938,258.7161543035123,29
7962,211.57712676595594,24
7972,81.62571823260285,10
7988,137.48291758265984,16
8010,193.27785346335966,22
8019,72.26026918443051,9
8033,118.6675649641705,14
8042,72.57814785498172,9
8053,91.3790001106697,11
8080,239.6922598573505,27
8099,165.8531706514417,19
8110,91.01328753687561,11
8125,128.41118395569822,15
8139,118.61676359307742,14
8152,108.67282783620301,13
8171,161.90489070498558,19
8190,165.06746862028214,19
8208,155.626143589686,18
8233,220.36336879132426,25
8267,302.8753934556033,34
8284,146.53278404572478,17
8315,276.61529746141235,31
8339,211.43428154605587,24
8357,154.7075541878448,18
8393,322.76566171336907,36
8409,137.28419146787238,16
8437,248.17939570761538,28
8459,193.0472290236895,22
8502,386.7062009220676,43
8522,174.36513722200445,20
8549,237.91475292103425,27
8571,192.98840625543988,22
8589,155.72605034233726,18
8622,293.23216354422306,33
8645,200.29190786543165,23
8658,109.407286890599,13
8674,137.0143310655829,16
8694,173.56297460903832,20
8711,145.08900554451634,17
8739,248.66855656449647,28
8749,81.44008340439758,10
8772,202.28575191487448,23
8788,136.33632584505372,16
8801,109.4126050657108,13
8810,72.20792590426662,9
8824,116.77537482847673,14
8848,209.72411208734923,24
8867,165.2808251462506,19
8898,276.8728992858556,31
8928,266.0498400797494,30
8937,71.88965605797351,9
8955,155.36678423254727,18
8979,209.84404544586678,24
8999,173.42871726973888,20
9021,192.72914720431393,22
9033,100.07494942450836,12
9057,211.27739304886413,24
9067,80.82471761797774,10
9079,99.89825283475608,12
9103,210.380691883278,24
9139,322.47876602803166,36
9158,163.41699734212585,19
9175,145.03496264532615,17
9183,62.25603051399806,8
9201,154.84899361106145,18
9224,200.93574332099737,23
9233,72.65140136770097,9
9272,349.1583743409949,39
9297,219.0233504409824,25
9319,192.88400124528437,22
9341,192.2533030774259,22
9365,211.6356527076048,24
9401,319.2313933560724,36
9419,153.94655111734792,18
9442,201.21666522629877,23
9463,181.90094372027818,21
9474,90.07701661651171,11
9508,303.0928267150583,34
9538,265.76603083278246,30
9577,349.6249562183895,39
9600,201.40910207969944,23
9609,71.74365484279123,9
9619,80.48764806143369,10
9646,238.47923364361895,27
9655,71.54048489503666,9
9675,172.5053222719024,20
9710,310.45123277272023,35
9742,283.7644979419557,32
9761,165.01053643148592,19
9786,218.74893893190665,25
9816,267.9641188488023,30
9857,368.3596055090133,41
9878,182.34467208763925,21
9903,220.50565018493057,25
9925,189.96330576492414,22
9936,90.56034161187591,11
9962,230.0315516213798,26
9987,220.79622389197388,25
10006,163.89844925581485,19
10044,341.18233398771724,38
10051,53.610385982531064,7
10072,182.3440151358009,21
10090,154.56834251669122,18
10111,183.25444080409193,21
10132,182.7944990235841,21
10157,220.34220701780313,25
10173,134.63145874851293,16
10183,80.65482638328781,10
10196,109.44398635286893,13
10212,137.44487233788288,16
10254,377.86030129108417,42
10270,136.93910581346645,16
10295,220.0036552230221,25
10305,82.21732210852703,10
10325,174.32396626059023,20
10358,294.1830593980908,33
10379,180.74022695392011,21
10390,88.73683226573846,11
10401,91.33678901891442,11
10413,100.21794408759204,12
10425,100.75742006764739,12
10444,165.50973002399752,19
10457,109.23709806699492,13
10471,118.19240737360549,14
10488,146.10693951576337,17
10509,182.63352695234715,21
10526,146.6360522804396,17
10536,81.74149252000281,10
10568,285.6281015682782,32
10579,90.97618342927233,11
10592,109.8440159645019,13
10604,100.25702623407376,12
10646,375.990613373603,42
10662,137.33199131625136,16
10674,100.4122091346706,12
10692,155.01547323296174,18
10702,81.6137073965974,10
10722,173.42649713896958,20
10749,239.3622772664241,27
10761,100.32230880722489,12
10783,190.7654179450456,22
10808,218.49054224977385,25
10836,246.41500129774852,28
10854,154.67555858802405,18
10867,109.02439133284682,13
10894,239.59798956780352,27
10904,81.86658087566877,10
10916,99.72517613687602,12
10940,209.59635011772218,24
10953,106.77102703836324,13
10967,116.04759937223926,14
11005,342.39108173865526,38
11019,118.75354619012538,14
11032,109.80545365174414,13
11043,90.76076948857505,11
11063,173.54827880642944,20
11082,163.7188473852894,19
11109,239.54191503156187,27
11145,323.3023533583731,36
11169,211.8705888346496,24
11201,283.90585270004794,32
11216,128.1030185366301,15
11240,211.73684962571525,24
11249,72.7915307275092,9
11263,118.14023358317347,14
11286,202.15465211485125,23
11295,71.86083173197571,9
11306,89.89277494476858,11
11316,81.84647208393022,10
11335,164.9475588554564,19
11360,220.75432713605062,25
11392,285.8544220840072,32
11416,211.25119233606935,24
11453,332.825730013893,37
11470,146.93226581578043,17
11486,136.71307677699676,16
11505,163.78842985173839,19
11525,174.109342091412,20
11536,90.7136440324501,11
11556,174.2751725338145,20
11573,146.53494774477383,17
11586,108.9198482312531,13
11600,118.49452671956273,14
11624,212.1208478926582,24
11658,304.7373939310007,34
11676,155.5970056269747,18
11696,174.1467049801262,20
11707,90.04280886883318,11
11721,118.15305289925509,14
11728,53.880620919665944,7
11739,90.12577396541522,11
11775,321.94524821679073,36
11798,201.1049224515401,23
11824,229.34490461208622,26
11833,71.68836138590511,9
11858,220.76071900252512,25
11874,137.61436474895828,16
11887,109.37224377369178,13
11898,91.02642793794048,11
11909,91.05795139511669,11
11925,137.03811909077822,16
11941,136.7354597923929,16
11954,109.17088852520783,13
11968,119.07327187180098,14
12006,341.7071212042298,38
12018,96.98448254044493,12
12040,191.60519106305253,22
12058,156.00551577208577,18
12077,164.7581229496876,19
12092,128.00128419338122,15
12101,72.72538299653345,9
12110,71.41288606080883,9
12137,239.9553056922881,27
12148,89.56075602663216,11
12167,163.93948994266265,19
12193,229.84680202073622,26
12209,135.73728630899848,16
12229,173.02983169838083,20
12242,109.93538177749407,13
12260,155.7010182380656,18
12275,126.97657435004707,15
12286,91.10645738131173,11
12301,125.50324189849827,15
12312,91.19982860724126,11
12329,146.6280569105656,17
12363,303.3354399262564,34
12374,88.78660535040697,11
12404,265.8592008599812,30
12419,127.30698393787843,15
12446,236.9548289907032,27
12471,220.07753278469875,25
12494,201.65581259883268,23
12510,136.94449335828443,16
12528,156.02545644837798,18
12542,118.88615716070508,14
12565,200.38353053977755,23
12592,239.36567139486627,27
12623,276.29446770799746,31
12650,238.9828348165943,27
12667,146.69577924668104,17
12693,230.2294857150195,26
12708,127.0335176773155,15
12737,256.96805520931395,29
12758,183.31895072134574,21
12782,211.84367911413878,24
12798,138.0229897318043,16
12816,155.60842328591417,18
12829,109.82474475069246,13
12847,155.41377684448602,18
12865,155.35820394448922,18
12896,275.7270741099719,31
12917,181.94606723594842,21
12925,62.60422954550906,8
12938,109.4866404425718,13
12961,202.3156393276155,23
12973,100.2009379544801,12
12988,128.08974544370545,15
13012,211.57279669637217,24
13026,118.17493324362134,14
13040,117.52429509982508,14
13058,155.29913399649018,18
13079,182.95552069160516,21
13096,146.18681131222993,17
13110,118.56838693388208,14
13121,91.02499769328838,11
13145,209.93380567048482,24
13173,247.5730634680788,28
13185,99.89318320696874,12
13205,173.7284104825832,20
13230,217.94818762092243,25
13245,126.5302903559234,15
13260,127.7944680312662,15
13271,89.4056147431331,11
13296,220.56461032004205,25
13309,109.05687490141614,13
13320,88.79946364562377,11
13330,81.90324131098467,10
13344,117.84083956643909,14
13354,80.85878683553105,10
13366,100.2200192756978,12
13388,192.3062887109207,22
13400,99.84213132388746,12
13407,53.605294535101805,7
13418,90.9395026623467,11
13452,304.02784987453106,34
13465,109.23549148466343,13
13474,71.31710983028847,9
13494,173.49267112886383,20
13503,71.43674942067996,9
13533,267.04271675006873,30
13552,164.77170478375183,19
13576,211.42903193093545,24
13588,100.25877503746837,12
13619,276.0123982558187,31
13630,91.24106508656165,11
13638,62.423403932067345,8
13665,239.63630795281176,27
13673,62.57004693571934,8
13687,118.36875673761132,14
13701,118.44240597396912,14
13727,229.7262601141924,26
13751,210.95185940832232,24
13773,190.04778274872118,22
13790,146.01621718815872,17
13803,109.05409510181724,13
13828,219.05768458989695,25
13840,100.06407755123485,12
13855,126.63243767449947,15
13878,200.84396715505088,23
13891,109.71290981856748,13
13913,190.3139802907429,22
13940,239.1614043278971,27
13953,109.59520450214491,13
13965,100.48825129687913,12
13991,230.37332235544753,26
14004,109.48198122492435,13
14015,91.29588931844893,11
14034,165.39076180389304,19
14079,404.3090816476678,45
14090,90.04479101563183,11
14113,198.88780322121866,23
14122,71.39522691898416,9
14147,220.53432414420092,25
14175,246.357954768346,28
14211,321.5654506296815,36
14237,227.65531867109715,26
14253,136.52086937400404,16
14273,173.77623936314404,20
14281,62.434648259504705,8
14291,81.19555488042997,10
14306,128.2071890469471,15
14319,109.6770020555661,13
14332,109.02724370143369,13
14350,155.78634906646832,18
14376,229.3339775065544,26
14389,109.46302241478173,13
14432,387.7808132393661,43
14456,210.78072751145797,24
14466,81.76877862811509,10
14496,266.67099759995676,30
14525,257.9609819658435,29
14543,155.99825640182402,18
14551,63.12570708570399,8
14589,340.8932220991898,38
14600,89.12808890120563,11
14632,284.2878645474813,32
14662,266.60922459005775,30
14671,72.2962941434053,9
14682,91.21097801046798,11
14689,53.730546213409994,7
14711,191.44619399790037,22
14721,80.74586670693213,10
14758,331.61450768906525,37
14783,219.26792819213955,25
14803,172.19905679922323,20
14813,81.46286154523413,10
14824,91.04584925676683,11
14836,100.43088027840054,12
14855,163.29498094998408,19
14865,81.86691689501527,10
14892,238.5989043630676,27
14900,62.719090781281565,8
14927,238.8420074867687,27
14948,182.46328062552408,21
14959,91.21565442444948,11
14979,173.28672788972722,20
15006,236.579965254442,27
15031,220.5761657112223,25
15043,99.63547457438759,12
15084,369.1732775380343,41
15098,119.0510753880373,14
15106,63.53315413538144,8
15132,229.2235465324136,26
15142,81.37220782480435,10
15153,90.62744253025616,11
15170,143.80227999552216,17
15187,145.69481764573038,17
15211,209.93558370583224,24
15232,184.2683061530725,21
15259,238.57290974586974,27
15284,220.37230872095864,25
15293,72.50764010642455,9
15304,91.22805593236455,11
15313,72.5769912759717,9
15333,174.5075810245605,20
15342,72.1879544441008,9
15354,99.33057290169583,12
15378,211.6615608517639,24
15393,127.9932913087406,15
15426,294.015867193869,33
15453,238.53017955707298,27
15481,246.95538877325507,28
15498,143.7420209421948,17
15518,174.16447413105922,20
15528,81.7741877750886,10
15541,109.45067639834504,13
15555,118.08532513363716,14
15562,53.58821477544789,7
15589,236.22946342127588,27
15611,192.41627264985388,22
15635,209.67286836919922,24
15657,193.0965156504592,22
15673,137.3379704952579,16
15685,100.22756999253659,12
15707,192.71168884462804,22
15721,118.82701555871152,14
15733,99.90955841363527,12
15755,191.06566857769306,22
15766,90.75301442731522,11
15787,181.04127408512747,21
15796,72.80520510384875,9
15814,154.91114673112878,18
15830,137.49709719300503,16
15843,107.95088365606709,13
15852,71.72296781179054,9
15871,163.02971902022995,19
15880,71.92538838897246,9
15903,202.45819536182682,23
15910,53.51376661340786,7
15940,267.28523115178956,30
15970,265.67533432699184,30
15999,257.5423979981288,29
16015,137.17468839502573,16
16027,98.53263473275645,12
16038,90.69683447819044,11
16062,210.17503807941944,24
16073,90.62879452530005,11
16099,229.05229930465038,26
16125,228.0482041573545,26
16148,200.05604410266804,23
16178,266.4705656952432,30
16195,145.84515004428283,17
16222,237.4112119468976,27
16234,100.17979338400535,12
16258,210.13902781526195,24
16278,174.44643035063964,20
16287,72.44830214860247,9
16332,406.3596443384114,45
16354,190.55260200862116,22
16379,219.2536561902665,25
16391,100.44101913693336,12
16403,99.55929448576894,12
16425,192.15974594423506,22
16457,283.3583948399762,32
16476,165.03858205168206,19
16502,227.98163974068046,26
16514,100.10727274953149,12
16530,137.76243339661556,16
16558,248.2417261020496,28
16584,229.48928142770197,26
16596,99.85830349974836,12
16623,237.76706373288647,27
16645,190.570315917091,22
16661,137.73965317414633,16
16669,62.48971923975087,8
16683,118.72313154042845,14
16695,99.55707398637485,12
16715,174.26027799681424,20
16735,173.91698539754492,20
16770,312.7680325918408,35
16790,174.25096598579333,20
16805,127.92175903985809,15
16819,118.25144634367825,14
16842,200.01236532414248,23
16856,119.02570032839195,14
16885,258.0672974554859,29
16906,182.86062400332784,21
16921,126.98046124264292,15
16954,294.0411553104212,33
16974,174.20296280922688,20
16991,146.15634072201695,17
17002,90.83894235827945,11
17025,199.72008304606186,23
17037,99.93823832501549,12
17053,136.57205016950314,16
17077,210.67322648127134,24
17095,155.11591373489958,18
17117,191.75358309620452,22
17140,200.74282134804764,23
17169,257.38686012067535,29
17185,137.42350787275004,16
17209,210.67703836187897,24
17217,62.83220912609515,8
17230,109.6309296666134,13
17254,211.49039352658724,24
17277,201.0119105386437,23
17285,62.780217552134026,8
17293,62.90855189182697,8
17309,135.3837906485097,16
17338,256.0666856655137,29
17349,90.20921925843624,11
17378,257.4066276530554,29
17388,80.867037800822,10
17414,229.53342383021345,26
17436,192.41586478439,22
17448,100.5814313428707,12
17482,303.5077179489158,34
17499,145.47839243721793,17
17533,302.75895368528353,34
17557,210.48835221288877,24
17585,248.856501837846,28
17600,127.65209840191504,15
17638,335.35935013945897,38
17660,191.84341833704914,22
17674,117.42951314424954,14
17701,238.99023209200672,27
17736,312.3949692588608,35
17748,100.26396963840595,12
17761,106.36580672291797,13
17781,172.2484057438966,20
17805,210.09878364169785,24
17835,266.5525154998673,30
17844,71.71759371835336,9
17867,202.64251225889814,23
17878,89.89832969118338,11
17895,145.95961582578622,17
17919,209.9104097726613,24
17957,339.9693892956881,38
17978,181.60912046168812,21
18008,266.8413219149325,30
18031,201.36939330158523,23
18045,117.06226499522482,14
18055,81.58639600292202,10
18064,72.55883963047893,9
18075,91.00634042448057,11
18104,256.2532111124584,29
18116,100.07752692367862,12
18146,267.18063653171504,30
18165,162.03227775796623,19
18178,109.24978963827556,13
18189,90.66388617164982,11
18200,89.54906338662578,11
18213,108.59750219087816,13
18230,143.91406327578284,17
18240,81.31768542956273,10
18270,266.6169752412117,30
18296,228.89306605418358,26
18308,99.10349386073877,12
18324,136.72248635375453,16
18370,415.71038125597426,46
18395,219.89490644369525,25
18403,62.58389865649649,8
18411,63.25259854528825,8
18422,90.6862105360608,11
18461,349.5930105134958,39
18483,190.4929127899224,22
18537,489.02023532018063,54
18572,314.22725925349135,35
18612,357.4866585594469,40
18626,118.91964529339953,14
18647,182.5718912756205,21
18659,98.9913789663455,12
18692,293.8536291434016,33
18711,165.38766695308266,19
18729,152.87279874000507,18
18743,118.25937095859582,14
18761,154.21986386059223,18
18770,71.74059769817323,9
18792,191.09621088581355,22
18814,190.85354685764392,22
18843,256.88843220329,29
18856,109.07866383798437,13
18872,137.1702519328768,16
18893,181.0807033114763,21
18915,192.0065941257069,22
18930,127.84436836188574,15
18938,62.61020787879118,8
18961,199.58213836889675,23
18979,155.04285995882694,18
19005,227.96030678160128,26
19027,193.072787869132,22
19049,193.21665180280016,22
19074,220.7924359408199,25
19116,378.64302938488674,42
19124,62.63745175625836,8
19133,72.53596151003431,9
19142,72.49760930744273,9
19165,200.87401582109942,23
19173,62.71875561240426,8
19185,99.95123364926431,12
19213,247.96486394387722,28
19225,99.35194195198667,12
19250,217.77920394834345,25
19262,99.43506751594252,12
19287,218.76986335138906,25
19329,377.38627723990294,42
19366,331.9879795782773,37
19379,108.39176400442605,13
19394,127.63947623697233,15
19414,173.5234890238133,20
19431,145.95238985282504,17
19458,239.14086736635304,27
19468,81.16563189861706,10
19479,90.1674612331551,11
19504,218.94912787872357,25
19518,116.99703727202082,14
19532,117.30791764349834,14
19543,91.4485103152422,11
19569,229.4394558035841,26
19587,155.3648059618715,18
19617,267.2391019854992,30
19660,387.5565245330297,43
19688,247.90743861795409,28
19708,173.95857929522577,20
19729,183.62515923750252,21
19746,145.5696810986316,17
19772,228.84164281226177,26
19793,183.52204350243323,21
19805,99.94683451075575,12
19827,191.5592917912007,22
19853,229.21523104803674,26
19884,275.96181495535325,31
19921,332.06645310888877,37
19931,81.88147218288101,10
19952,181.6614453072058,21
19978,229.76142943340406,26
19991,108.29455197950013,13
20002,90.26744792560656,11
20031,258.1615852530481,29
20044,109.14748181269577,13
20083,351.3361168768651,39
20099,135.9343752512831,16
20111,100.68646629237892,12
20150,350.1153590425579,39
20174,211.6640478983276,24
20200,229.34355685598916,26
20213,109.75655720879942,13
20226,109.61622197963743,13
20264,339.01708902459944,38
20293,256.303806561427,29
20310,146.2391828104792,17
20323,108.93832012583938,13
20367,397.2094712120298,44
20383,136.07088727125415,16
20400,144.3365865339056,17
20411,88.88937766517735,11
20439,246.79137524549137,28
20454,128.3570086076059,15
20476,191.79052550259837,22
20490,117.67023817025107,14
20528,341.64810557857385,38
20542,118.13962837825021,14
20601,537.034181118847,59
20611,81.87025272075834,10
20641,265.9619004598421,30
20676,312.8210812168878,35
20701,219.3682470342499,25
20721,172.5787550494223,20
20738,145.94016016961467,17
20798,542.8213461547294,60
20809,89.14020672631736,11
20829,171.9358620959208,20
20838,71.92443282222474,9
20849,88.0591413848373,11
20867,152.7125629216727,18
20880,109.30687180300355,13
20922,378.0396950652324,42
20976,488.1832020906299,54
20999,202.22466366945932,23
21012,106.85026793469694,13
21035,201.27672510548507,23
21066,274.88437409897296,31
21077,90.31229985808734,11
21123,415.2013815580407,46
21161,340.4590331633388,38
21178,146.37085656864923,17
21199,183.6867002617183,21
21229,267.312251043587,30
21258,256.07942179517136,29
21274,136.49621861476635,16
21293,163.5291907939704,19
21303,81.9559441999954,10
21326,199.4125887812858,23
21358,285.00496585895564,32
21368,81.91606476702634,10
21399,275.8306873882991,31
21428,256.40767538709343,29
21440,100.09055456205996,12
21480,358.4048934499796,40
21509,255.4789643789679,29
21528,164.90782168595865,19
21536,62.18924279449096,8
21562,230.0919978724144,26
21573,89.1556641417927,11
21598,218.22389891550418,25
21620,192.88115823932887,22
21630,80.76686526848572,10
21646,136.90100496590424,16
21671,220.0077932944759,25
21691,174.5967687508691,20
21699,62.482587683361615,8
21723,210.92210832169613,24
21748,219.60182356761234,25
21762,117.57580715433241,14
21773,90.58535246842688,11
21784,88.66911207577054,11
21808,211.84019162732918,24
21834,229.66445220972477,26
21856,190.4812996101146,22
21867,90.35109847880801,11
21888,182.88674205403638,21
21899,90.25593039018216,11
21910,88.32381371563422,11
21925,125.44904349562209,15
21953,247.4321920550421,28
21971,155.81699554378545,18
21986,128.21760027920092,15
22001,127.49102249835283,15
22011,81.70600685592105,10
22028,145.67531041307734,17
22041,109.02892411544637,13
22053,99.70994122679802,12
22078,220.39879986014162,25
22091,109.27167567823668,13
22109,155.0800811789429,18
22126,146.44259324272704,17
22140,118.701120832035,14
22170,265.7004703064501,30
22195,220.65491581306958,25
22209,118.54909313807295,14
22235,230.238157006695,26
22277,378.7449095705801,42
22289,99.97127277956649,12
22310,181.4956822689161,21
22347,331.8910692113108,37
22386,349.28986210640363,39
22414,248.0432429350885,28
22424,81.540676592084,10
22456,283.9611699355801,32
22485,256.5200297965773,29
22505,173.67731859157027,20
22513,62.886283582297466,8
22536,201.44017882711174,23
22546,80.86097596038259,10
22569,200.06621209376854,23
22589,173.51296294889102,20
22620,274.20862272766954,31
22639,164.95673690387082,19
22673,304.1683937307645,34
22700,238.43241871746747,27
22714,118.35721128687342,14
22725,90.80410665267036,11
22750,220.39857090131326,25
22764,117.31328696954586,14
22784,172.67587034513858,20
22809,220.7045121522918,25
22833,211.23608633677222,24
22866,294.38047435776554,33
22894,246.18052149732972,28
22915,183.17670872831326,21
22925,80.91087063923457,10
22950,217.51720863554107,25
22973,199.6083022626705,23
22989,136.72526297299322,16
23019,267.6057494402445,30
23030,90.79917165360993,11
23083,478.5965283192139,53
23111,249.1290846116658,28
23142,274.21115454360694,31
23172,266.2888903694031,30
23186,115.67703100502168,14
23194,62.76673970730235,8
23221,238.47486185110952,27
23247,227.67732291116147,26
23303,506.93797689581305,56
23313,81.60268317229927,10
23327,117.76054896900597,14
23374,423.3313361625304,47
23393,164.88925167873208,19
23424,276.1285076063568,31
23435,90.61018582663147,11
23443,63.29756202775783,8
23466,199.87852189771152,23
23502,319.9156746477003,36
23534,284.75989035302695,32
23544,81.67604386621466,10
23559,127.41881537657954,15
23597,339.8949743298397,38
23619,192.4255709168225,22
23630,91.27729561916506,11
23657,237.58694007446095,27
23685,248.4362968845906,28
23705,174.2683343978978,20
23725,172.81609024981617,20
23749,211.2273924369084,24
23784,311.1225477271797,35
23792,62.84761749360737,8
23814,192.33272790055406,22
23825,90.8752145037771,11
23863,340.97562346654286,38
23874,91.00387897147752,11
23910,321.5869291062607,36
23946,322.8481079088165,36
23968,192.44428222393734,22
23979,90.69022950565149,11
24011,285.38730631271983,32
24028,146.30283425400268,17
24041,107.95125864533492,13
24064,202.25809220116906,23
24077,107.23546067814421,13
24098,182.7820093829916,21
24125,238.07188066243233,27
24147,192.2421467257787,22
24177,265.68479562049174,30
24204,237.93308441685656,27
24230,228.51106702536674,26
24249,164.65907829718148,19
24270,183.0370785992579,21
24299,257.523901274063,29
24322,201.81446200266163,23
24329,53.683967228216815,7
24372,386.3489830015165,43
24382,82.08586299148962,10
24393,90.98788199447952,11
24415,189.6961741843992,22
24452,330.9635492080192,37
24464,99.34547804309503,12
24506,376.89622522947155,42
24522,133.87210547654897,16
24536,118.0487521707873,14
24556,172.54223141977317,20
24603,424.6778767637291,47
24618,126.95123937040937,15
24635,146.5870512050748,17
24647,100.6161310486632,12
24659,99.71659803963496,12
24670,89.67087266163182,11
24692,192.803622161518,22
24707,128.1400825852133,15
24742,313.1455626329679,35
24767,218.52954334237194,25
24779,99.34645125763987,12
24814,313.4881411734654,35
24836,193.22060383850456,22
24857,180.07725071081148,21
24867,81.77553213308235,10
24886,164.01009111047722,19
24914,246.75124680359718,28
24933,163.58202984942463,19
24958,220.04617330741607,25
24982,211.43418780189435,24
25019,329.5600262503649,37
25043,211.68832742557373,24
25073,266.74362626520656,30
25118,404.8170713389257,45
25136,155.9904710686176,18
25160,209.53539342630415,24
25196,322.3573733908079,36
25215,162.52911461380432,19
25243,248.627433397079,28
25253,81.24553772746856,10
25261,62.973395925749195,8
25301,359.3149849940594,40
25312,90.27162539795795,11
25325,108.8071435128627,13
25344,165.7874975979736,19
25364,173.2112748739089,20
25385,181.09883033260246,21
25401,136.32807822221764,16
25433,285.78612884007765,32
25457,210.22333511657465,24
25476,164.9219530325537,19
25488,99.60012158652071,12
25525,332.07394659102334,37
25558,294.48410883700956,33
25573,127.37607458166273,15
25601,248.70473627416376,28
25615,118.6011188811004,14
25655,358.6316249821549,40
25694,349.64017040726446,39
25717,199.7157208004924,23
25728,90.32231515617754,11
25737,71.1698511806352,9
25776,349.3428064195124,39
25794,156.02697780277856,18
25822,248.04652056620623,28
25854,284.8473414598713,32
25884,266.1808545373292,30
25897,109.77344456744378,13
25922,219.20878727918728,25
25936,117.79522231355577,14
25966,267.3080336166687,30
25992,229.32856883018064,26
26002,81.50907651185048,10
26019,146.60557741944925,17
26052,293.5545588799829,33
26082,265.8848565998152,30
26136,489.7565068914328,54
26147,90.69851854154446,11
26180,292.28548790312186,33
26212,285.08001253533854,32
26226,118.87166078839068,14
26234,62.58505009711249,8
26259,220.25605598321644,25
26285,229.08397870600663,26
26312,236.0799733233652,27
26331,165.38486379230196,19
26347,136.13775788517393,16
26372,219.83023529118924,25
26388,136.66018834001238,16
26426,340.8651309879624,38
26444,155.58995796087248,18
26469,219.78120618068502,25
26488,162.95144158316842,19
26522,302.32909750195876,34
26551,257.07155184120757,29
26562,89.83966513613801,11
26573,90.70804195422522,11
26582,72.68904538864102,9
26594,98.09365780165433,12
26602,62.524586480639506,8
26637,310.78871506591526,35
26664,239.26665284285784,27
26695,275.9415472071234,31
26706,91.22226448902383,11
26729,199.5582914030785,23
26746,146.89326828488322,17
26758,100.35741630224607,12
26769,90.56795352264345,11
26777,63.25075372161908,8
26798,183.47590110294723,21
26810,100.65850103809939,12
26822,100.0674276421927,12
26839,145.10271694779283,17
26850,91.34761423092627,11
26869,163.21929246038778,19
26910,368.5457352873484,41
26931,184.17771787218118,21
26954,200.82430169379816,23
26982,248.5203704328069,28
26999,144.81468470162488,17
27017,155.26855038229093,18
27033,136.96845288962786,16
27051,154.8136995960669,18
27067,136.65576003803233,16
27083,137.61748052009924,16
27099,136.9479467613921,16
27111,100.16970677305312,12
27138,238.60616391842117,27
27161,200.7440436650539,23
27172,90.70735899712759,11
27184,100.29388267955282,12
27231,424.6209956080702,47
27264,293.29000463845915,33
27283,164.5912061781171,19
27304,181.16332873855683,21
27321,146.46843475466602,17
27346,220.6189717434061,25
27356,82.02044726888715,10
27379,201.58988207938108,23
27398,165.03792193215637,19
27409,91.21602631964983,11
27422,109.84970644555955,13
27441,162.65519602159364,19
27464,200.70504201008842,23
27517,480.12442339795047,53
27555,338.2809151860698,38
27569,119.30423890806473,14
27581,100.15570283496811,12
27604,200.5528953768319,23
27623,165.5285915097554,19
27635,100.52470191874875,12
27663,247.008551449707,28
27676,109.54632915739344,13
27710,302.2708355833901,34
27722,100.00801178485293,12
27756,303.16831349155416,34
27775,164.77195604285055,19
27786,91.18503750329052,11
27802,137.39469000684863,16
27814,100.09116794665148,12
27833,164.0268252061675,19
27868,312.4344045231225,35
27893,219.82011249107026,25
27905,100.38612905013197,12
27934,256.5209925047247,29
27949,128.110617711843,15
27967,155.25041095201445,18
27996,257.78817760220625,29
28021,219.49130379594078,25
28032,91.14819981052142,11
28044,100.2052463066173,12
28083,348.49859298877345,39
28108,219.28921447748283,25
28127,164.4310909528391,19
28140,109.57836323938932,13
28191,460.0217568062519,51
28218,239.18521624828634,27
28243,220.53251239422045,25
28254,91.12045151381277,11
28290,322.1198126544538,36
28313,199.26862261304697,23
28352,349.30553888090435,39
28376,210.8691741630658,24
28388,100.41956897128009,12
28404,137.3132978550248,16
28433,255.41467606865228,29
28457,210.3126382564112,24
28474,145.85004874053953,17
28488,117.34286016373365,14
28508,173.5344317882054,20
28518,81.9044939474531,10
28543,219.84346176455205,25
28561,155.6409863556487,18
28582,183.05707248848785,21
28609,238.65346312673347,27
28641,284.5258337496416,32
28661,173.06476579916045,20
28676,128.86273688401724,15
28710,304.4632927848123,34
28734,209.8622654043698,24
28764,267.186856613327,30
28814,451.1704629748251,50
28847,294.48582283230996,33
28858,91.1748167036524,11
28868,81.89415694812675,10
28893,217.1697159449457,25
28917,211.46725305635704,24
28928,91.26113422889692,11
28940,100.12624689068724,12
28992,470.5651801986231,52
29019,239.10098742778735,27
29048,257.38920665552746,29
29079,276.3819852739566,31
29091,100.1984981328625,12
29107,133.76283306114928,16
29131,209.8582245863627,24
29157,229.6054697172401,26
29187,267.310855604073,30
29206,165.84060091770496,19
29240,303.7414704035199,34
29255,126.64170092458939,15
29304,442.4911075994393,49
29318,118.32899413781672,14
29330,99.57984201120902,12
29348,154.70015477192126,18
29377,256.9808765913286,29
29391,117.69106772275418,14
29404,109.1783265440253,13
29427,199.6606851693487,23
29469,378.54836541917933,42
29493,209.36393059503752,24
29511,156.02708197613498,18
29526,127.60840226820073,15
29562,321.13997039056113,36
29595,293.5123866102927,33
29616,183.33767090774842,21
29656,358.79520156484426,40
29680,209.81451757330706,24
29702,190.50821364196736,22
29731,256.73585816433854,29
29742,91.09951230925081,11
29758,133.61412772371648,16
29784,228.39510313756415,26
29794,81.55458943840712,10
29818,209.6061758559271,24
29838,173.89101290410713,20
29860,193.4461616270546,22
29910,452.5702733874028,50
29920,80.748138958469,10
29951,275.82593215181373,31
29971,172.6134540742584,20
29986,128.26243343189702,15
29999,109.35967557725151,13
30013,118.99841011351168,14
30043,265.17949463366585,30
30061,156.17829011465088,18
30074,109.26810392209407,13
30098,209.89924849609963,24
30122,210.7149268200332,24
30132,82.14562874039407,10
30151,164.63678420028714,19
30161,81.62926185533696,10
30177,136.35443579635253,16
30191,118.6973804971802,14
30213,193.16802167299218,22
30259,415.17533915312856,46
30283,209.74292910873845,24
30306,201.7582619362502,23
30341,314.2143656381574,35
30389,433.3725733825321,48
30408,164.78605630396027,19
30426,156.4123809276173,18
30436,81.53950889311238,10
30495,536.9594031033998,59
30525,268.0012757732521,30
30553,247.2096800156232,28
30587,304.13533380922894,34
30611,210.62457413505902,24
30633,193.43584320808432,22
30644,91.21703042110451,11
30690,414.29059412909294,46
30716,229.23629611835923,26
30729,109.3527672278755,13
30742,109.68542289528678,13
30755,109.59079384194375,13
30766,91.2313477714161,11
30775,72.45778345414558,9
30788,108.7940680474465,13
30811,202.04393117728867,23
30831,173.26978370633097,20
30838,53.62370577825111,7
30876,340.88735129034194,38
30897,182.9517742498832,21
30914,146.58446515401243,17
30922,63.16495385147316,8
30933,91.05840415156867,11
30960,239.36102471840118,27
30973,109.67401831603202,13
31015,378.4332703720912,42
31024,72.5804279764231,9
31077,476.9281348088616,53
31107,266.27321276319645,30
31116,72.58007655023943,9
31138,191.38598098372125,22
31154,136.72582683114257,16
31174,171.5923971147768,20
31195,184.05699199435398,21
31217,191.6102183637745,22
31252,313.1529430624262,35
31262,81.56899641580709,10
31297,313.3946450276533,35
31325,248.00525467568815,28
31333,63.45266119661749,8
31371,338.8009140244434,38
31406,313.1116922330414,35
31416,81.55260858331323,10
31450,303.7097069206713,34
31461,89.50901010354322,11
31470,72.53642229558591,9
31509,347.62599069784187,39
31530,181.95774474003073,21
31556,230.48420340716152,26
31564,63.41626098303589,8
31578,118.91963727397638,14
31608,266.1129675051801,30
31638,265.0676685457543,30
31654,137.56471949715922,16
31671,147.13672914797468,17
31699,247.43659902220807,28
31717,155.86575837078098,18
31740,203.08084562578162,23
31751,91.47941269009884,11
31769,155.34678251095045,18
31779,81.7470226238533,10
31809,266.05995286075176,30
31821,100.24994152653929,12
31836,127.28529783484713,15
31865,256.66174127801344,29
31884,162.21578563559027,19
31892,63.43368951918155,8
31906,115.8740076141109,14
31921,124.23798441568371,15
31950,256.4366061634569,29
31960,81.86422509761884,10
31979,165.45867394665197,19
32023,396.7089117623513,44
32055,284.7410292553351,32
32080,220.05124836137207,25
32119,350.5504264843067,39
32139,173.84032409090682,20
32163,210.48558516192136,24
32172,72.32343498851412,9
32190,153.07808427853885,18
32213,200.61172950412006,23
32243,264.02493933582974,30
32251,62.903198620382945,8
32278,238.56442421754176,27
32307,256.2774327765727,29
32324,145.99418322558253,17
32340,137.31067128854087,16
32363,200.76025095987632,23
32372,72.8088014654956,9
32387,127.87337610683655,15
32398,90.79996410682092,11
32419,181.53458456126316,21
32449,267.42245116580017,30
32499,451.44862775486604,50
32527,246.7191902167027,28
32547,173.91317429348487,20
32562,128.0597608232667,15
32585,202.2730701946964,23
32597,100.31442737397072,12
32611,118.5741108763237,14
32636,218.831883660779,25
32667,276.3084678581419,31
32705,341.41695825142403,38
32718,108.6057893673543,13
32740,192.09060437296188,22
32766,230.1711038691405,26
32794,246.89133541124667,28
32806,100.06033164633365,12
32827,184.42799480302867,21
32852,220.67199031962423,25
32907,496.70014482244653,55
32949,378.15253908896807,42
32959,81.63029401436151,10
32972,109.63993980951382,13
32995,198.99404180106484,23
33023,248.74535906158408,28
33046,202.55009553876474,23
33067,183.49290600108063,21
33077,81.94088852546199,10
33110,293.065355901098,33
33133,201.6704723717152,23
33158,219.0934077108777,25
33187,257.5645824721046,29
33199,100.0674310715367,12
33227,247.71079659753642,28
33247,174.3087790405914,20
33280,293.92939209394876,33
33314,303.6537754783648,34
33343,257.85318278441923,29
33357,117.90086009092234,14
33368,90.73604773706305,11
33395,238.66752496106037,27
33420,220.6793861435855,25
33499,721.9454357410588,79
33544,406.2264972336582,45
33555,90.80400984432026,11
33585,267.15407866922646,30
33612,239.10387393932103,27
33636,209.91827824929302,24
33655,165.34339044343105,19
33675,174.615862188313,20
33708,293.2057550215869,33
33734,230.5178055082214,26
33786,472.47000284599005,52
33816,266.3654050449579,30
33828,99.06698270346604,12
33859,275.37577902166856,31
33878,163.5262303667448,19
33906,249.06758437067248,28
33915,71.59338251040411,9
33953,341.1629223067826,38
33987,303.3464611387615,34
34000,109.74555918120357,13
34012,99.57580377465186,12
34029,146.03214621138784,17
34040,91.07992617211309,11
34052,98.86915003885113,12
34061,72.69818286821477,9
34090,256.3173025266215,29
34113,201.7941806191962,23
34145,286.0511528863659,32
34158,109.3359173581048,13
34174,135.73888302127048,16
34198,211.33217615452662,24
34209,90.85880905140034,11
34232,199.35393777894117,23
34245,109.64348399910702,13
34290,406.08575339488306,45
34307,144.59101171387348,17
34349,377.45866840414124,42
34360,91.33938782936086,11
34370,81.65443875921696,10
34384,118.83666833311632,14
34415,275.99860701452684,31
34428,109.47294826021982,13
34461,294.8802417753323,33
34477,137.34677872428588,16
34510,292.94746954787564,33
34530,173.56242111535664,20
34561,273.9184688439292,31
34571,81.8419372553933,10
34601,266.81128776667646,30
34642,367.60089883683685,41
34675,292.6097676637743,33
34704,257.7696952208013,29
34723,162.72647140863378,19
34767,395.42948033523544,44
34789,190.78129584261993,22
34802,109.71508516543688,13
34830,244.63669781905554,28
34848,155.80316536412278,18
34905,514.6901789358827,57
34947,377.331100349884,42
34966,163.83194468291526,19
35007,367.35541192860205,41
35037,265.4226756653967,30
35045,62.5441191470087,8
35062,146.01047495756546,17
35070,62.66610572587819,8
35092,191.11410213820955,22
35118,228.6564694599534,26
35143,219.88181725770093,25
35166,199.6639843978459,23
35188,192.94963948412686,22
35210,191.90792645832795,22
35233,199.15281930800572,23
35253,172.35008787497412,20
35276,201.31679560219737,23
35288,100.08427671728862,12
35325,331.5712823317032,37
35361,322.76010904445684,36
35376,127.4854841099941,15
35398,192.1943147332644,22
35422,212.1390163337427,24
35449,238.24743210527967,27
35458,71.45023326757766,9
35531,665.524368137185,73
35553,189.72897870014432,22
35564,90.65406183935795,11
35592,248.24817430858172,28
35599,53.75217789557412,7
35607,62.84341795796096,8
35639,284.8155888282294,32
35660,182.7087510261257,21
35674,118.20003196539098,14
35687,108.13916120669379,13
35702,126.1057745253754,15
35741,349.78299269849236,39
35754,109.1702907493952,13
35777,201.36576722727196,23
35795,155.1567060903504,18
35808,106.86102342767747,13
35851,386.8149876110949,43
35882,273.95056728997184,31
35889,53.816632693944015,7
35909,174.2107765476537,20
35920,90.63713613248012,11
35955,313.1897563385107,35
35980,220.51374351350063,25
35992,99.75200544829734,12
36003,90.23493615173531,11
36029,228.5143966073472,26
36086,515.1234988456177,57
36096,80.87173391004508,10
36116,172.33191181896214,20
36123,53.32770234414017,7
36135,100.19762354386916,12
36165,266.2828046582074,30
36191,229.03940708638734,26
36219,248.71131943088034,28
36229,81.87254690501017,10
36246,146.85933590182464,17
36263,144.09768885557696,17
36279,136.63713780789493,16
36289,80.73138236068432,10
36319,266.18748965599093,30
36342,201.08212995022336,23
36366,209.34573291193223,24
36401,312.7005319460334,35
36415,118.84010837422795,14
36436,181.31544648426842,21
36467,274.59990367116546,31
36477,81.52481486912244,10
36510,293.4537622555877,33
36539,257.39068726245193,29
36548,71.62756447115221,9
36590,377.1399150695386,42
36609,162.81369903744857,19
36624,127.1887446503285,15
36649,220.14736674159212,25
36685,322.57873089844367,36
36727,378.49645289096514,42
36734,53.74976033324793,7
36749,128.38091958885116,15
36759,82.07890231227029,10
36775,135.17889475373616,16
36809,303.3156817685327,34
36820,90.67422272120986,11
36874,485.98000383479774,54
36882,63.427747507383295,8
36909,238.16633895841534,27
36916,53.53033648463162,7
36940,211.8108604946337,24
36961,182.12115433277344,21
36975,117.36751123264354,14
36990,128.6845304902411,15
37011,183.13976822367727,21
37036,218.804890648666,25
37068,285.1087701782052,32
37099,275.9662578875446,31
37132,295.2755175294382,33
37159,238.72416156054555,27
37222,570.9240592139507,63
37242,172.34740235239414,20
37253,90.99469997183293,11
37298,405.5500454367104,45
37330,285.6973183001829,32
37345,126.91867970470554,15
37374,255.45038583583647,29
37395,182.33677784117728,21
37406,91.01569361196225,11
37416,81.83559960730041,10
37442,229.0198063306528,26
37464,191.60794076032755,22
37484,173.8831226060089,20
37491,53.550692579453376,7
37503,99.76108149144463,12
37529,229.17282830102417,26
37567,340.7520442241591,38
37578,89.82129711243729,11
37602,211.13279823887916,24
37628,229.11732520169463,26
37658,266.61044247583095,30
37679,181.7399262230552,21
37701,190.45648664435288,22
37754,479.5345310270775,53
37781,239.658151562037,27
37797,133.35988699415702,16
37812,127.57809234498353,15
37840,248.22394054483127,28
37865,218.22892384031073,25
37915,450.7206584003402,50
37932,146.29615470627914,17
37971,350.2634573836305,39
37995,210.96541260503477,24
38021,229.07555549825403,26
38042,182.82991932123076,21
38060,155.91387684597453,18
38094,303.61712910495174,34
38129,312.7553824961368,35
38146,145.36790508353786,17
38173,238.8353632834019,27
38204,275.0183276755456,31
38228,210.547206853519,24
38239,90.94960383563676,11
38247,63.36902224907509,8
38274,238.80255213320171,27
38282,62.67276934629903,8
38291,71.74118623433367,9
38320,257.8225156913471,29
38342,190.94622397122495,22
38362,174.2965565497429,20
38386,210.93547171204236,24
38400,117.58448177358235,14
38436,321.64231236523244,36
38464,247.92047810340063,28
38496,284.6243057116188,32
38506,80.7030418253245,10
38532,228.77740378086528,26
38542,81.90250475117442,10
38578,321.3562795704039,36
38601,202.16181348902543,23
38625,211.18190890306707,24
38645,171.20387626100802,20
38654,72.65353096329883,9
38700,413.9824541171716,46
38711,91.20137208451042,11
38723,100.43390315787246,12
38745,189.6168181327263,22
38770,219.7184379767683,25
38783,109.07909497851473,13
38808,220.630508355733,25
38835,236.43023753623157,27
38845,81.86173225100514,10
38888,387.422056434383,43
38906,155.08367149836906,18
38933,236.91665537343218,27
38960,238.9655099696702,27
38981,182.42724194684004,21
38993,98.26350966160243,12
39002,71.71397229795997,9
39051,444.05673480106844,49
39087,322.68814689942303,36
39097,81.71385748648481,10
39121,209.19089336249715,24
39136,127.84109557074412,15
39160,211.0036256436322,24
39170,81.67123548507531,10
39184,118.94032191691831,14
39207,201.83357551299395,23
39218,88.60853806347065,11
39237,165.01968343257343,19
39250,109.77275205482509,13
39266,134.77861130565338,16
39277,90.78559034600343,11
39306,256.2660158031979,29
39314,62.861178482899255,8
39339,219.4096445743206,25
39361,190.82677108311705,22
39374,108.8562176648768,13
39439,591.2183352459798,65
39450,91.05420942352538,11
39480,266.2057496862626,30
39508,248.9400428846367,28
39532,208.52948972074665,24
39549,145.73067781163627,17
39587,341.3029693369674,38
39605,155.22991573461087,18
39644,349.5502241196519,39
39680,321.45677944502114,36
39704,210.88367544316287,24
39738,302.19157939034443,34
39763,219.0784803879198,25
39808,404.68535062003315,45
39834,228.81100027576207,26
39884,452.087686952338,50
39922,340.26539653521996,38
39963,369.06807730710494,41
39971,63.10122525443348,8
39983,99.21699448908218,12
40027,396.1643496750813,44
40071,396.4102513054771,44
40099,247.23350770692085,28
40116,146.72494203458928,17
40126,80.38182853602466,10
40166,358.76981784927733,40
40192,228.43312878836232,26
40230,341.2430462010517,38
40242,100.48757536305729,12
40266,211.10544801701678,24
40289,200.65461669186195,23
40317,248.3418528605563,28
40325,63.15428875700851,8
40346,182.71397838457395,21
40354,63.318939224677514,8
40369,127.50957261227595,15
40391,192.8582569002394,22
40420,257.57808763205566,29
40447,239.01469372089656,27
40458,90.44864982065886,11
40482,210.826568022972,24
40523,367.75200447181396,41
40554,274.3407661810023,31
40576,189.44737381652234,22
40613,331.5485194331738,37
40632,162.52656850958485,19
40645,108.36184243346207,13
40673,245.53650448539986,28
40698,219.63553975930628,25
40711,109.23901612000388,13
40749,340.3102357296954,38
40758,72.18813100887161,9
40765,53.548145380097786,7
40792,237.82178627902474,27
40840,433.32393783990295,48
40851,89.12620573721266,11
40871,172.20650895975575,20
40912,369.68038956070507,41
40926,118.25398247460274,14
40947,182.7969349433183,21
40990,387.15487823681275,43
41001,90.74144580129607,11
41031,266.47371995092783,30
41066,312.059747938307,35
41077,91.14840592695623,11
41102,220.82348484068532,25
41113,90.97014278817954,11
41131,155.68821094532694,18
41160,256.8922184917988,29
41195,313.1459008016321,35
41231,323.2606981561476,36
41249,155.73484639353748,18
41293,396.0995749339533,44
41304,90.56012264902608,11
41320,136.5223116836459,16
41336,137.6993268713453,16
41346,81.92548671294831,10
41376,266.6956720022798,30
41401,220.55326656849655,25
41408,53.79436450645758,7
41439,275.4122956469445,31
41468,256.8076877784508,29
41489,182.79577223415174,21
41519,267.46831749143934,30
41536,146.40726432723667,17
41549,108.28404983390872,13
41561,100.4124528309948,12
41568,53.450368493880646,7
41604,322.20915117504916,36
41626,192.0249834491672,22
41645,162.09776593438053,19
41675,266.57813845410163,30
41688,109.68638667785562,13
41699,87.93645997672235,11
41743,394.4241826158987,44
41768,220.15440425631274,25
41785,146.11775681964107,17
41811,228.29148904879762,26
41829,156.21292451114218,18
41836,53.59067791165577,7
41863,239.8412145423377,27
41890,239.62270279847007,27
41901,90.63069160839142,11
41914,109.64643917173825,13
41934,174.30555102695246,20
41951,146.2171409030889,17
41974,202.11951210695491,23
42007,294.96504100695944,33
42017,81.9869881027542,10
42046,256.1293497463166,29
42066,173.82212712151124,20
42089,201.64555922700146,23
42117,248.33634081557614,28
42143,229.62240815769434,26
42165,191.6820998145631,22
42180,125.30087932153724,15
42211,273.91258824844465,31
42228,146.04044334119337,17
42238,81.78087089227488,10
42249,91.21366496986896,11
42278,256.96420337549034,29
42291,109.4577818685966,13
42301,80.9311219905612,10
42316,127.1832155300036,15
42334,155.75794310396586,18
42344,80.91249797490875,10
42411,608.5950111782558,67
42436,219.72892460515166,25
42452,136.04125211079557,16
42472,174.95039324415396,20
42497,219.7772852863142,25
42534,331.8879391272663,37
42561,238.9351773653877,27
42574,109.32605428109161,13
42602,247.98917623751865,28
42644,377.00821326921846,42
42661,145.91105317535292,17
42670,71.68535986115624,9
42685,127.85613183352649,15
42699,118.34977163610078,14
42707,62.68570530643409,8
42719,98.65737227781099,12
42732,107.25143771276969,13
42752,173.89668561192778,20
42776,210.0596448577174,24
42788,99.13856091406103,12
42804,135.70327213299444,16
42832,247.76686416774393,28
42843,89.9777811690931,11
42856,109.55059668052581,13
42877,182.27716687620202,21
42891,118.79887614665374,14
42917,227.99725317023098,26
42942,219.69773729484677,25
42952,81.70097731130238,10
42971,164.64369916189543,19
42995,208.96579676454695,24
43016,181.4098929878583,21
43037,182.6101716285532,21
43045,62.53286208741481,8
43087,378.7186954442672,42
43094,53.211156172842536,7
43110,136.2666074607487,16
43136,229.22673177855333,26
43161,220.86442244512224,25
43192,276.0709435034194,31
43215,201.19698323021953,23
43225,81.64860603618688,10
43236,91.15970733789122,11
43253,146.06158245344542,17
43305,470.37703294733745,52
43317,99.95158949696801,12
43358,368.8599666269743,41
43386,245.19699414211493,28
43402,137.0577874567241,16
43417,126.48848896117954,15
43431,118.16778915173708,14
43441,81.91833226124633,10
43462,181.76011683442997,21
43475,109.7215598868386,13
43494,164.3538515987743,19
43516,190.7245954287048,22
43550,303.261929681909,34
43579,256.0228140625213,29
43588,72.25378280245396,9
43610,189.69008497002946,22
43637,236.82776985218086,27
43659,192.49052862731298,22
43698,351.16554321516594,39
43713,127.46129874255762,15
43720,54.153008568916114,7
43760,359.7503681373569,40
43785,217.47679052412903,25
43820,313.14610322280294,35
43850,266.09342394389955,30
43883,294.89238873519696,33
43893,81.8402600094085,10
43912,162.13865334141934,19
43926,117.66988475873377,14
43946,172.75969017098845,20
43964,155.53416722672318,18
43981,146.6278920492067,17
43999,153.76795045788327,18
44016,146.72396163794647,17
44041,218.53082061187376,25
44048,53.786178482046004,7
44068,172.6922490463367,20
44085,147.12043552904092,17
44093,62.45039201044456,8
44112,163.56230633070498,19
44142,266.54205223281303,30
44187,404.43133728122683,45
44201,117.07055582914144,14
44208,53.58507728632691,7
44239,273.7123248625514,31
44260,181.81374581689485,21
44306,415.7154330880936,46
44316,81.80411251255452,10
44333,146.34195645727416,17
44401,618.4819335935864,68
44414,108.46754096546869,13
44448,303.0832197412003,34
44457,72.40447930356386,9
44471,118.55782897915823,14
44482,88.56223184380778,11
44513,276.7748056391826,31
44535,190.82455585204966,22
44572,330.82400432285436,37
44583,91.2305540856159,11
44621,340.90072792266477,38
44634,109.53820498345725,13
44647,109.49820140969823,13
44686,350.1492757647364,39
44699,108.58022973300606,13
44708,72.68665964344652,9
44738,267.16665914978,30
44745,53.385600044194774,7
44753,62.76612549112228,8
44770,145.34680084055927,17
44782,100.33251624763568,12
44801,162.51155344944453,19
44823,192.01035897867243,22
44845,191.81864581319994,22
44859,117.67017619794846,14
44873,118.40956887364871,14
44911,340.3259398440072,38
44932,181.7749063840779,21
44948,137.57196512729163,16
44973,220.78074415631175,25
44991,153.43146178446847,18
45004,108.45252360814314,13
45015,90.96155220316842,11
45045,267.6038463582546,30
45059,117.45855577585654,14
45079,172.41622191554623,20
45104,220.0533778150712,25
45131,238.85240943200918,27
45176,406.3876591181895,45
45184,63.355621502881625,8
45214,266.73801514881427,30
45241,237.56017638304905,27
45267,228.4513472797857,26
45293,229.77552427859683,26
45329,321.5943843574305,36
45344,126.83765071641936,15
45357,109.53821965082994,13
45401,396.99809041205765,44
45413,99.79009342838339,12
45441,247.76355081289609,28
45463,192.60838713378934,22
45472,72.6335084809076,9
45519,424.02080887215106,47
45539,170.15846863073946,20
45550,90.64383309818051,11
45563,108.57094788395776,13
45590,238.57723176626908,27
45615,217.70029924523192,25
45657,377.82704126079375,42
45670,109.92312482368496,13
45698,248.9609223221246,28
45728,265.94575330320976,30
45744,136.0300528972108,16
45770,227.96170719021464,26
45784,117.44777728549307,14
45798,118.74642803779172,14
45810,99.21914735901352,12
45824,117.91549001195882,14
45848,209.08761600194146,24
45892,394.64216872240576,44
45901,72.77516684871577,9
45917,134.80858977465198,16
45933,137.88507130908025,16
45962,256.6787680692279,29
45982,174.1217254651996,20
46030,433.39211637070207,48
46057,238.28044050985264,27
46073,137.1496223927147,16
46103,265.5422905129488,30
46135,284.551518703485,32
46143,62.81405186311148,8
46154,91.2138357571302,11
46165,87.92792952573475,11
46187,192.84211946682282,22
46203,137.23621074062197,16
46241,340.9070781891871,38
46254,109.47693176574468,13
46279,220.7312352635867,25
46288,72.20196261959074,9
46307,163.24759776877272,19
46319,100.2537690397206,12
46354,313.82947740596956,35
46383,253.82707344865415,29
46413,267.0300832076122,30
46440,238.14732916810567,27
46454,117.71346097003406,14
46485,275.12067726048207,31
46517,285.49165085967223,32
46552,312.5291437043077,35
46559,53.598706501484415,7
46605,414.0467412303834,46
46618,109.44945126583089,13
46635,144.9380182574857,17
46648,108.96038828229419,13
46682,304.21534766034847,34
46691,72.68881127419064,9
46701,81.72283789602373,10
46728,239.4363384453095,27
46754,229.2242925222763,26
46798,395.56144546989043,44
46852,488.6766679521815,54
46871,164.1140795110485,19
46887,136.65358389388624,16
46918,276.2362291624576,31
46933,127.26352321747439,15
46950,146.15955899568849,17
46971,183.1994307275655,21
46995,209.60934233733832,24
47010,127.97610742570198,15
47040,265.67318938721286,30
47069,257.36216590317383,29
47078,72.44740605182618,9
47089,90.1164603721583,11
47126,332.54527149717995,37
47139,109.53365319435281,13
47156,146.59377659547377,17
47179,200.67961982075903,23
47203,211.38862801222388,24
47228,219.81373378763996,25
47250,191.05144263630638,22
47262,100.08911164096756,12
47304,376.988241078736,42
47316,99.87343039722691,12
47344,248.40266793974052,28
47359,128.0379175686541,15
47380,181.72671523370522,21
47400,174.27156254860245,20
47413,109.70319118190308,13
47428,128.3376723887242,15
47456,247.268976489991,28
47484,248.76289806807657,28
47524,359.82311874347647,40
47546,192.0600236748964,22
47564,155.6902215303528,18
47578,119.07436829077668,14
47607,257.9194288852582,29
47670,571.6821856908332,63
47692,190.93215260528055,22
47700,63.45985626176519,8
47710,81.38029948496025,10
47737,239.25062340166147,27
47771,303.3028963083725,34
47790,164.37128473911324,19
47843,479.2398137827802,53
47853,81.89354004203163,10
47901,432.56247307561995,48
47933,283.9239940195575,32
47986,479.2777474060584,53
48014,247.0065767182844,28
48024,81.40524404223714,10
48034,81.82986641948102,10
48083,441.9140996313134,49
48107,211.15422687918877,24
48121,116.86485441565137,14
48140,165.33147667457467,19
48161,180.94520360559028,21
48177,135.4381683025514,16
48209,285.1403169240211,32
48240,274.23389498517867,31
48251,91.07249988688713,11
48290,349.11262493238416,39
48299,72.03243269303785,9
48313,117.89573521951752,14
48346,293.9032777316451,33
48378,284.51016791064893,32
48396,156.07243093733246,18
48416,173.02775523467147,20
48433,146.62141522810356,17
48444,91.18193751816536,11
48463,165.43437391862386,19
48475,100.47989552436644,12
48488,109.5322817305941,13
48507,165.44968075264273,19
48522,127.08442727204431,15
48539,143.83696241924147,17
48550,91.1085316911387,11
48578,248.00358253140735,28
48589,91.11111962368854,11
48622,294.60322736422745,33
48640,156.30131155286077,18
48659,164.19001801288206,19
48722,571.7203280824228,63
48752,265.4498979638509,30
48766,118.65340297710785,14
48788,192.27428287095162,22
48798,81.94006430118164,10
48818,174.1260311493247,20
48832,116.59975254919374,14
48859,239.73118079742636,27
48868,72.66178932461047,9
48878,81.73754510025455,10
48902,209.67374708461352,24
48915,109.33178386757353,13
48925,81.94532556935056,10
48952,239.53882861080623,27
48962,81.98093455164495,10
48976,118.42762094744732,14
49019,387.85793020683946,43
49045,227.88661220890023,26
49054,72.28450596699484,9
49068,118.65376491420528,14
49081,109.7086977564516,13
49091,81.59336913942296,10
49101,81.80730315836965,10
49124,201.27998568540255,23
49138,117.51504895093224,14
49151,109.43996345389205,13
49189,339.61828575961243,38
49202,109.83061020380967,13
49223,182.55642902728738,21
49234,91.41255630070836,11
49259,220.58329565794088,25
49285,230.79309950476744,26
49297,100.19152480979065,12
49317,173.60459167106302,20
49342,219.34187564511856,25
49365,201.91794021872047,23
49390,220.53333161921626,25
49414,209.54588247834553,24
49444,266.8296370035642,30
49460,136.76250299422432,16
49485,220.12122521047945,25
49518,294.14545468122225,33
49538,173.95824213344991,20
49552,118.08560812880994,14
49566,118.11783328930531,14
49592,228.6131173886366,26
49629,330.347203658299,37
49676,424.7724358003347,47
49691,128.825093245463,15
49704,109.62454581392525,13
49718,117.48408945039729,14
49742,209.59963724486377,24
49753,91.48238492025904,11
49775,191.16533185062127,22
49786,90.9247960511435,11
49814,249.1505516171574,28
49824,82.09497358889409,10
49842,155.10904754644991,18
49868,229.65988162058537,26
49887,165.26612007675078,19
49922,314.35699042855333,35
49934,100.39394400646025,12
49959,220.16761196804367,25
49973,116.80278451323264,14
50009,320.57818314793406,36
50049,359.50177827689544,40
50080,274.3933071828271,31
50099,164.9474974270981,19
50125,230.08776437771348,26
50137,100.14636308694975,12
50150,110.06350013193563,13
50169,165.43316543596512,19
50191,190.978191750573,22
50205,117.85033746526814,14
50215,81.87036480713608,10
50232,146.21988299866652,17
50241,72.46011114641044,9
50255,118.15559280010162,14
50288,293.65522899689256,33
50301,108.3844346122086,13
50317,134.14339108618097,16
50329,100.69981683606395,12
50343,116.83233353144367,14
50358,128.13719416631787,15
50370,100.81242998269977,12
50381,91.11421638900836,11
50392,91.14046567141432,11
50410,155.27527291146703,18
50432,190.76084199624165,22
50443,90.93945868971988,11
50457,118.94845428843071,14
50473,137.6796066764713,16
50515,377.88489056189184,42
50536,183.57400291502236,21
50550,118.59989542827267,14
50581,274.05292430775853,31
50602,183.56647941426786,21
50612,82.18448567600443,10
50649,329.1513002334083,37
50662,108.13610647967859,13
50699,331.94891558417436,37
50735,321.96034872684834,36
50746,91.22165831911727,11
50761,128.03830275483116,15
50775,118.97292686987058,14
50787,99.03604310414109,12
50799,100.4883064889745,12
50808,72.39296358164883,9
50819,90.81558556977448,11
50835,137.19599098789448,16
50846,91.23434651797585,11
50868,191.91627811543498,22
50883,128.35644323668572,15
50927,397.32381185835726,44
50940,109.75137280302465,13
50958,152.64172113538515,18
50987,258.2893907902031,29
51034,422.9066032637975,47
51056,191.24973615564178,22
51122,599.5289152753718,66
51133,91.18127338483018,11
51154,183.17347839983162,21
51166,100.03466122224073,12
51181,128.538483469196,15
51211,266.65146162480875,30
51227,137.10880063730448,16
51254,238.90051163103206,27
51271,146.9905622006912,17
51296,219.72498602357774,25
51321,220.79911958856533,25
51338,146.88905014608628,17
51347,72.34709323303966,9
51359,100.24022319644702,12
51397,340.2816276854543,38
51409,100.30504449557941,12
51425,137.11009074746738,16
51435,81.68545559419482,10
51460,219.43158897740915,25
51493,293.77245256229253,33
51505,98.4227369970626,12
51534,256.8188298853717,29
51550,135.798836538556,16
51576,230.43476755463618,26
51606,265.8159962664621,30
51626,171.78769365543045,20
51639,109.19295427328237,13
51654,128.07278182903596,15
51672,154.5252801190193,18
51704,284.867515908671,32
51728,211.3807002089132,24
51755,239.21031260364936,27
51778,201.72570821278805,23
51790,100.35306568333117,12
51813,201.20537473919367,23
51828,126.59584007360874,15
51864,322.8541327834287,36
51881,146.60696578285885,17
51900,163.98439234764666,19
51923,202.21297933048788,23
51956,295.06457754328477,33
51981,220.0046693813513,25
51996,127.38478222504,15
52013,146.93391202663074,17
52035,191.55220562856448,22
52061,228.261801091235,26
52082,184.32341917540066,21
52108,230.68103432879371,26
52123,127.84984310983913,15
52146,201.50856033653824,23
52160,117.66909691951548,14
52189,256.1760238286047,29
52225,321.60433031171254,36
52248,201.27210076738183,23
52269,182.83825302679443,21
52284,127.08940324711169,15
52300,135.6031149684288,16
52326,230.61321565782873,26
52349,201.22874427925325,23
52372,201.40769352733687,23
52387,127.40329624272839,15
52421,303.66178406086016,34
52447,229.19694934823667,26
52480,293.8271261875268,33
52496,137.002938775678,16
52521,220.41606411398124,25
52538,145.1014189234602,17
52560,192.33534241621837,22
52576,137.4807590465009,16
52597,183.73368455951618,21
52643,413.32342234061616,46
52659,136.55285464646673,16
52698,349.9834793307927,39
52733,313.49680586465,35
52744,91.06836966391276,11
52773,255.44840173656706,29
52812,349.29475967816927,39
52832,172.26080591852568,20
52856,210.29151005769162,24
52883,238.32359521636917,27
52917,303.8516513096551,34
52943,230.15756528666168,26
52961,156.50134243422983,18
52994,293.2959974058581,33
53024,266.2798411523482,30
53036,99.62280954208035,12
53047,91.1185978800847,11
53065,155.9239049357769,18
53078,109.4364199206656,13
53105,238.8845117158486,27
53129,210.2641486437307,24
53153,209.92452080819842,24
53184,276.07084129160023,31
53211,239.7660481762171,27
53233,192.10005756765273,22
53244,91.01554074882037,11
53263,165.1747232707006,19
53272,72.85718862405476,9
53298,230.67361881934383,26
53308,81.87536708642463,10
53326,155.2949987050964,18
53356,266.2683669127041,30
53376,173.91984120277533,20
53409,294.6924030877085,33
53422,109.36373900179758,13
53436,118.80662235811427,14
53448,100.40138900506192,12
53460,99.74505310056982,12
53470,82.1294646716228,10
53493,200.90192492498755,23
53503,81.98436564885981,10
53519,137.26007909213183,16
53526,54.0879917639042,7
53547,181.30134340461922,21
53572,220.19308790535723,25
53635,572.7663203760344,63
53646,90.90602288814182,11
53662,135.06424303136316,16
53680,155.35191745823536,18
53690,81.00221950613566,10
53704,118.8517416255544,14
53719,126.05792242135463,15
53729,81.45291971243334,10
53742,108.7944388402905,13
53762,171.62312675805757,20
53785,202.03669355086893,23
53796,91.3113096352654,11
53823,238.89954550894407,27
53861,341.6629328779808,38
53879,154.49471191894142,18
53890,90.78036101719417,11
53902,100.27137072859972,12
53930,247.68233541169192,28
53955,220.31958339716485,25
53984,257.605233242844,29
53997,109.42108508300619,13
54033,322.14091515301897,36
54069,322.70537353691844,36
54089,174.61453813524176,20
54108,164.29594596052263,19
54136,247.95694277069327,28
54148,100.71770764278625,12
54159,90.77977305008102,11
54171,100.0713098630417,12
54180,72.56432973576311,9
54196,137.71142429883713,16
54214,155.89855656491676,18
54227,109.6429338229552,13
54235,63.30060886639164,8
54250,127.57267622672556,15
54287,332.3067194751547,37
54301,118.8690265707619,14
54311,81.80548262342701,10
54330,164.30630967862172,19
54339,72.4037628493665,9
54366,239.14229316775692,27
54375,72.7018647044351,9
54395,174.61854893930746,20
54419,211.42964013557588,24
54433,118.7754075842788,14
54460,236.72793946376177,27
54471,91.08575116575206,11
54490,163.85013296802046,19
54511,183.48314170645392,21
54521,81.89131941809667,10
54544,201.08796218232436,23
54555,91.05317645753148,11
54566,90.93212960422203,11
54583,146.11870322369163,17
54601,156.03195914160824,18
54609,63.2390052967636,8
54624,128.03206174876894,15
54635,91.25536087503438,11
54649,115.42155824151882,14
54657,63.46406167501587,8
54696,350.09891740764596,39
54706,81.93348617685922,10
54739,294.26471269650216,33
54747,63.509961042828955,8
54756,72.83164602550457,9
54785,256.1031588591065,29
54802,143.89334394463972,17
54834,283.13565685323215,32
54870,319.49794502231003,36
54884,116.65622712023206,14
54904,172.98815200118847,20
54915,91.09395408802533,11
54926,91.38835896582353,11
54941,128.437007784034,15
54967,228.32604620110448,26
54982,127.77882550744675,15
54994,99.37704136219794,12
55003,72.55522618083934,9
55013,81.90500961716067,10
55053,358.7250387254182,40
55083,266.4943659482243,30
55093,81.9143330756222,10
55115,192.95632268330317,22
55127,100.49374230820148,12
55139,99.95063949879267,12
55170,276.1237098184359,31
55192,192.93379935353923,22
55217,219.31692179867912,25
55242,218.61108716109658,25
55254,100.31410243123246,12
55264,81.93017788302072,10
55281,146.7280030692317,17
55293,100.13238390042626,12
55327,302.74383486670575,34
55366,349.9057264306309,39
55389,201.46684414197742,23
55414,219.2589302671588,25
55460,415.5037367008985,46
55472,100.72545144555498,12
55499,238.80093301475458,27
55533,303.1358544661181,34
55566,294.57834427368886,33
55624,525.7323855279823,58
55631,53.61651610112164,7
55649,155.57302988562483,18
55660,91.2278666826488,11
55679,164.98137976436368,19
55697,155.02982092029106,18
55708,90.80858955775112,11
55727,162.96511674527005,19
55739,100.26371444702174,12
55752,109.65711320154742,13
55769,147.18978829232415,17
55782,109.22581758691737,13
55805,201.02256394827793,23
55831,230.44521148367159,26
55877,415.55231650952294,46
55906,256.54947314419525,29
55967,553.2846548458563,61
55990,202.8153736071874,23
56015,220.494070539016,25
56029,117.87178561425772,14
56041,100.0976862814762,12
56055,117.78236441976807,14
56083,246.8970417349169,28
56095,100.23650041282914,12
56107,100.27368533929857,12
56146,349.6884978461223,39
56164,155.2348099323923,18
56175,91.22419791016137,11
56200,218.81820080162967,25
56216,137.1379067845456,16
56247,275.4988749967017,31
56265,155.18385936249973,18
56279,119.16228320308497,14
56309,265.3825051196736,30
56319,81.79772345112697,10
56329,80.85643453616467,10
56361,285.22162528174556,32
56374,109.23225187027735,13
56394,174.17531821723273,20
56417,201.41406872049188,23
56448,275.5909757076476,31
56468,172.12234309018353,20
56492,211.01646905324856,24
56511,164.52449367865847,19
56547,321.94690730868456,36
56564,146.45511384787483,17
56579,128.021436590134,15
56609,265.7958611406356,30
56647,340.6430867719187,38
56661,118.55927767476582,14
56678,145.27716069805368,17
56694,136.60868694155258,16
56707,108.47341314044863,13
56730,202.44623543577546,23
56750,173.55532642450305,20
56761,89.6980558564459,11
56790,256.96273278051757,29
56819,258.1337923826442,29
56865,415.3560115990152,46
56894,257.72531691382204,29
56941,423.8986694035108,47
56961,171.24182991125406,20
56987,229.1856291891487,26
57000,109.28179996822549,13
57023,201.8188907630612,23
57051,246.1355274274828,28
57079,248.23489123454124,28
57096,145.70497796788757,17
57149,480.88031854970916,53
57174,220.62628470776025,25
57187,108.9087405118185,13
57222,312.90193672179186,35
57234,100.44159348476386,12
57263,257.773225064576,29
57276,106.6372904431287,13
57294,155.12369872216883,18
57333,348.5811655520564,39
57346,109.21426309601506,13
57376,265.02434227882117,30
57386,80.95552549931162,10
57397,91.20561498501787,11
57408,91.08896190018686,11
57425,145.9946680262395,17
57456,276.0131730536942,31
57468,100.45296682657306,12
57510,379.23592584978445,42
57534,210.56214961171776,24
57551,146.02174829821246,17
57583,284.54757778205203,32
57593,81.64892930651477,10
57623,266.38471047951447,30
57641,156.1094587868817,18
57657,135.66405234866278,16
57683,230.1845302297779,26
57700,144.51858829588434,17
57731,276.8507993165539,31
57745,119.16635966322612,14
57755,80.92046252632451,10
57778,201.6969476155287,23
57793,127.53940957946607,15
57812,162.57786698900037,19
57845,293.73053076169316,33
57868,200.4677943553818,23
57882,118.26804084499096,14
57907,219.57438490507585,25
57918,89.53603387502189,11
57938,172.23473489542647,20
57983,405.837143213667,45
57995,100.20221116168749,12
58008,109.12065044916461,13
58027,163.03907118483062,19
58043,137.21426719209364,16
58058,128.11468373143177,15
58067,72.05169227448789,9
58081,118.75233114893949,14
58109,248.90657568283552,28
58135,227.68482074360725,26
58146,91.12175196276243,11
58175,257.2282954865106,29
58215,359.20963695318886,40
58232,146.71204559848442,17
58246,118.9910723656911,14
58256,81.7426308187663,10
58273,145.8892914052623,17
58293,172.3048875035307,20
58304,91.03607919600769,11
58322,155.77930108495818,18
58339,145.87253590079405,17
58356,144.1725624727966,17
58369,109.61466809060731,13
58392,201.92214442602454,23
58431,349.4229872256246,39
58442,91.20910194039868,11
58463,182.65097376332275,21
58487,209.16553021418426,24
58512,220.27461596631784,25
58538,229.7355745052269,26
58557,165.00617260790608,19
58579,191.11669576518165,22
58615,322.1064721142425,36
58636,183.74520254158872,21
58652,137.46930423941484,16
58675,201.53057712655556,23
58693,155.747294688541,18
58715,191.9913043647246,22
58739,210.75709408101267,24
58752,108.73234417822445,13
58773,181.4774979559561,21
58799,229.6691806815173,26
58821,190.80599187545863,22
58837,134.43019580621396,16
58850,108.73374164674796,13
58877,237.66363442844047,27
58890,108.57037883486748,13
58910,174.5584200665623,20
58921,91.14009921907675,11
58956,310.67242746438365,35
58986,266.8770844239182,30
59007,181.52085176244225,21
59017,80.92596582613807,10
59042,220.45124600512528,25
59076,300.6113890105752,34
59094,155.98469598143788,18
59109,127.76926735626397,15
59129,173.09969079121035,20
59152,201.72055369668152,23
59168,136.17939492407436,16
59191,201.0260561727759,23
59202,90.6430772504381,11
59217,128.07151081015368,15
59239,189.44534909237368,22
59258,165.6109022633738,19
59290,286.06719529489146,32
59308,155.98635435370232,18
59331,199.50085852211765,23
59362,276.412674433699,31
59374,100.09570643840075,12
59399,220.4873135747185,25
59409,81.04013772602185,10
59426,146.2340928467687,17
59438,98.01388258335909,12
59456,156.11144406138283,18
59474,155.5809569620381,18
59485,91.25942016962036,11
59497,100.47804203627183,12
59522,220.83434171674423,25
59540,155.3742454243085,18
59555,127.22204928094197,15
59579,210.66872495001175,24
59615,321.5332396283958,36
59648,295.0092283398501,33
59663,127.25384811505467,15
59691,246.01416697093813,28
59728,331.735467875043,37
59739,90.37656812426172,11
59764,220.06753827364074,25
59777,109.21773859421681,13
59796,165.63613170376195,19
59817,182.60448866990745,21
59837,172.96072836797757,20
59857,172.9892409629076,20
59869,100.19754819785469,12
59881,100.03230377315256,12
59907,228.96606718193433,26
59942,311.54289989268796,35
59987,405.5910979070191,45
60000,109.82699555755717,13
60015,128.05058029480298,15
60029,118.83294402281285,14
60050,181.4653951958395,21
60071,182.35001066975084,21
60123,468.5900091160261,52
60174,459.5529567193861,51
60196,192.06400556796655,22
60208,100.67498443342494,12
60237,257.31204589612,29
60249,98.74438570186764,12
60261,100.26954421738624,12
60278,145.98684889526382,17
60295,145.1428693700466,17
60311,137.67662719692026,16
60328,144.85347547010238,17
60360,285.32902619145494,32
60396,320.8521987494004,36
60431,313.1416869866662,35
60451,174.3767648454441,20
60459,62.58657881466607,8
60473,118.59246662196658,14
60494,183.83486460873212,21
60529,312.730152618767,35
60541,99.25717538176505,12
60567,228.73717593070964,26
60577,81.92567808952114,10
60606,258.14862414984594,29
60625,165.38544822601204,19
60674,442.72806489017444,49
60699,218.95163718168345,25
60723,209.74180656978874,24
60760,331.95267755003516,37
60773,109.34089156625076,13
60793,172.86541499345378,20
60806,109.57875902394301,13
60836,265.5572731849471,30
60847,91.07527938077197,11
60858,89.50902410708932,11
60872,118.81066980855181,14
60892,171.0120872968462,20
60915,201.6827940316069,23
60942,238.27319795816098,27
60963,183.3024175386261,21
60997,303.38201127983837,34
61019,190.7080756218246,22
61040,183.34821950257117,21
61056,136.78698035652576,16
61086,265.91217217160175,30
61121,312.5992529445638,35
61133,99.082783261778,12
61167,304.34133413963264,34
61196,258.111109830665,29
61212,136.6318863921559,16
61227,127.25474690602421,15
61257,266.83414152744393,30
61280,202.88264720388938,23
61290,82.19324337770719,10
61317,237.17883894967406,27
61336,165.32413207272697,19
61365,256.9120605186614,29
61390,221.3331228844309,25
61422,284.086718317614,32
61458,323.2486343881979,36
61481,201.75978462811702,23
61514,294.9437034889445,33
61527,109.66170695375745,13
61547,174.65021790654515,20
61567,173.29185769651235,20
61587,174.82763912590258,20
61620,293.5486397503393,33
61647,239.21261454394912,27
61674,238.76191254819202,27
61711,331.4575994253151,37
61742,275.85785689067427,31
61761,161.54728383769998,19
61774,109.46212545568073,13
61788,116.24049224958684,14
61818,265.425075222854,30
61833,128.3374674958893,15
61854,182.064877191643,21
61875,182.22959988070062,21
61887,100.06220591600062,12
61918,274.3768438206459,31
61949,274.0778923300446,31
61961,100.24489906398834,12
61976,125.50308995375357,15
61996,174.43825926036618,20
62029,295.25832514375645,33
62056,238.36887947982393,27
62070,118.77145760282316,14
62114,396.8321982664221,44
62131,146.46415867875885,17
62143,100.38395491586154,12
62163,171.98516074754377,20
62183,173.69388370435937,20
62206,200.48883067307895,23
62227,183.9496327594834,21
62251,210.73976990375286,24
62263,99.71125515948651,12
62280,146.47761916611543,17
62303,198.56665036585235,23
62320,146.2760056814357,17
62347,237.6816351920711,27
62359,99.74773158005586,12
62374,127.88810378692038,15
62391,146.45961450761564,17
62423,283.64790764675945,32
62454,276.16084663249836,31
62466,100.08676499833594,12
62482,134.03287761814227,16
62509,236.35572650162553,27
62523,117.67889769719774,14
62548,220.87312860208147,25
62560,100.83870915530967,12
62586,229.82246213417514,26
62600,118.69360055458515,14
62616,136.9532857519183,16
62641,219.2629962352636,25
62668,237.64632089349973,27
62699,274.4746042820808,31
62713,118.81413573050665,14
62755,379.0182311904322,42
62768,109.22306012624644,13
62795,238.91190726314693,27
62807,100.37883010298445,12
62844,331.6034323972731,37
62873,258.58047911563324,29
62881,62.854705255943465,8
62894,109.63801742375034,13
62907,109.77244425728354,13
62937,266.28128010819586,30
62951,118.57755074244129,14
62961,82.07312005126283,10
62973,100.61217660283215,12
62984,90.915877347658,11
63009,220.94721342423063,25
63027,156.308272857915,18
63047,173.37293459579854,20
63078,274.69532304300577,31
63103,219.8800970089058,25
63122,164.50714149663537,19
63142,172.61868786698943,20
63178,322.64881177894546,36
63213,310.62066821451145,35
63225,100.21405281885406,12
63261,321.96023057309213,36
63296,313.0824060969012,35
63316,174.56246274282884,20
63328,100.25741068248874,12
63352,209.91432060800852,24
63379,238.87326836904458,27
63422,387.54455652239784,43
63446,212.20168707745833,24
63464,156.6875517677999,18
63480,137.54517337772563,16
63515,312.3097294320636,35
63532,146.58816869915796,17
63555,202.45348241449602,23
63563,62.89422018611936,8
63609,415.0708916319063,46
63623,119.0805707557723,14
63644,182.6133031702805,21
63676,284.43060788986065,32
63699,199.91723563784578,23
63727,248.6583844272122,28
63751,210.26756783443335,24
63786,313.52371200633854,35
63838,471.01223857086933,52
63866,247.6019606006065,28
63878,100.58887616330377,12
63897,163.47501777252165,19
63941,396.6410406277523,44
63981,358.9734855847912,40
63992,90.22739792951762,11
64028,321.6740642029795,36
64048,172.9155248281842,20
64065,144.47510109078783,17
64078,108.78483057841142,13
64116,340.6087163067705,38
64135,164.47420043884742,19
64156,182.6699305018702,21
64170,118.55538654949954,14
64188,155.55240955196115,18
64203,127.35351677621051,15
64219,137.6185966683592,16
64231,100.24243144188867,12
64252,182.236321778795,21
64280,246.00771862830507,28
64314,303.98207632513726,34
64351,329.24984736788707,37
64369,154.62277781923305,18
64397,248.2332635733804,28
64404,53.60740924405463,7
64415,89.93463688698277,11
64436,181.4901939164752,21
64478,377.8264438221484,42
64512,304.33381614985035,34
64546,304.1334394356919,34
64561,127.85316092478074,15
64581,173.15338944271656,20
64596,127.57799411900348,15
64622,228.94745190343218,26
64659,331.44423868853363,37
64685,229.04621596443985,26
64717,285.13487305053644,32
64739,191.051013297312,22
64756,146.3766276900805,17
64770,118.22605854415943,14
64781,91.04590450616843,11
64804,202.58505415605597,23
64845,369.88618072026486,41
64872,237.7259907710274,27
64910,340.0867394292769,38
64937,238.48918831571515,27
64950,109.5960151670859,13
64987,330.9433123457019,37
64998,91.26817665753858,11
65027,257.39431109443984,29
65066,350.8016971243556,39
65097,274.497283475917,31
65143,412.78848889449927,46
65173,264.6879440730822,30
65219,414.99271392048433,46
65246,238.49046025172402,27
65274,246.17917708927973,28
65300,229.2802998955162,26
65327,237.02491983408308,27
65348,182.10926263123267,21
65370,192.37800504032137,22
65383,109.36226559488178,13
65398,127.57213287631546,15
65426,247.4788385739316,28
65440,118.46610407510533,14
65471,275.30678567953345,31
65482,90.55531891510635,11
65539,516.4538940755957,57
65563,210.3339309280179,24
65573,81.94760205417339,10
65602,257.267624080758,29
65624,191.3226113736149,22
65641,146.78780684867007,17
65658,146.07350821156882,17
65675,146.6500052070485,17
65690,125.53461990276269,15
65701,91.02304129322201,11
65716,128.06383441060922,15
65751,310.138670979815,35
65785,304.6177599416693,34
65812,238.32498472922106,27
65842,266.62383470435077,30
65858,137.1791541846911,16
65883,218.2212026516629,25
65908,218.78810302670396,25
65956,434.1519528714533,48
65977,183.04314536749303,21
66002,220.84451356149754,25
66027,219.00672456878036,25
66050,202.40394233574438,23
66072,191.50145236312514,22
66115,386.8540561333916,43
66136,183.3533864668758,21
66160,210.52090529728133,24
66202,375.43182794289424,42
66214,100.50960654054452,12
66231,146.0230532797473,17
66273,378.5255221193933,42
66306,294.5170150739912,33
66337,276.18224868554495,31
66362,219.37002517273726,25
66381,163.73856431870198,19
66399,155.58523507885175,18
66439,358.2737416571322,40
66452,109.35183505058279,13
66460,62.2819271356644,8
66489,255.62274675995883,29
66537,432.3006603693177,48
66557,173.61598648687433,20
66573,137.43923448102646,16
66583,81.78447665551457,10
66604,181.2870874582967,21
66620,136.52629495402624,16
66631,91.10632977679985,11
66667,322.3630041055742,36
66706,350.6231248176637,39
66724,155.51959110032507,18
66742,155.32299469386047,18
66753,90.65819113437529,11
66772,165.6600433807916,19
66792,172.9679021061931,20
66815,201.05497146902695,23
66848,295.02691850687484,33
66875,239.14500421196027,27
66906,275.5329666033201,31
66917,91.10653590797052,11
66947,267.2241580558721,30
66963,137.4737670184461,16
67014,461.88140018233105,51
67028,117.5973918481784,14
67050,191.883323805296,22
67108,524.6063450392572,58
67132,211.87716508998358,24
67160,247.49097048342472,28
67180,171.4531650288943,20
67204,210.7072832902851,24
67221,145.66144867078518,17
67233,100.00669146234728,12
67249,137.26632464956097,16
67265,137.71785716745006,16
67287,191.66796670805954,22
67298,91.15073187310638,11
67320,192.42949289107486,22
67340,172.78721359806434,20
67372,285.71536290993436,32
67395,201.92224118339,23
67418,202.35819973525614,23
67431,109.04203990114095,13
67457,227.62685708148933,26
67489,283.5442620284276,32
67503,117.71979196944567,14
67560,518.1946855886018,57
67581,183.10256037910273,21
67591,81.29527699297051,10
67629,339.33433342785304,38
67638,72.41822125729198,9
67677,350.4975683521407,39
67700,201.38537057421547,23
67716,135.94996675825823,16
67749,294.85524525074203,33
67785,321.37210237127425,36
67807,191.39996203805407,22
67834,235.08011514512177,27
67851,145.93682262012794,17
67860,72.45415482774348,9
67872,100.33344981520531,12
67903,274.7670155167898,31
67918,127.55802480365149,15
67956,340.7030761793454,38
67975,164.5568456732717,19
67998,201.066413055671,23
68009,88.42570104995903,11
68024,127.16542602960175,15
68032,62.41104133605331,8
68057,219.33753474789407,25
68075,154.76606401964926,18
68088,108.6485202178183,13
68105,145.39173309556998,17
68156,462.0119631189134,51
68169,109.50544745695856,13
68220,461.84463782227857,51
68232,99.17953807969386,12
68243,91.1103731063113,11
68274,275.5072859390154,31
68294,172.4743048591905,20
68315,183.39358344917005,21
68339,209.85291988413016,24
68365,228.87674518635453,26
68387,192.92524823919246,22
68409,189.15151259421552,22
68436,238.8667892880817,27
68452,135.6517035568579,16
68462,81.2541099238632,10
68472,81.58597741137105,10
68483,91.32890803142335,11
68519,320.2537782898719,36
68528,72.41984713427482,9
68538,81.75237159348191,10
68561,200.59979302102485,23
68596,313.1438953831685,35
68614,154.9844129113566,18
68631,146.65923291952487,17
68649,153.40051971293207,18
68676,238.03267715436277,27
68708,285.6123614491533,32
68729,181.80708111489236,21
68764,313.7336273494753,35
68786,191.19276103188454,22
68794,62.36495056836582,8
68821,238.73154892446058,27
68848,238.8010203469613,27
68865,146.1702439561951,17
68876,90.62792162393954,11
68889,108.7697933550538,13
68922,294.72400876653984,33
68944,193.29861659818533,22
68953,72.46451058011876,9
68969,137.47303104781807,16
68998,257.551974013112,29
69016,151.57142700472434,18
69025,71.46554446858352,9
69045,174.01546690017412,20
69075,265.2145940408249,30
69099,210.83323030271043,24
69118,164.78687021481045,19
69149,275.8739497912976,31
69160,90.11768369872365,11
69198,341.3726613499138,38
69214,136.60890654644697,16
69246,283.64092864984246,32
69278,285.7068803910496,32
69302,209.99632162932815,24
69347,405.6770178663962,45
69357,80.99168949736847,10
69383,229.84682653523652,26
69392,71.63925147341376,9
69422,265.32031872889945,30
69434,100.50019505737296,12
69445,90.04966604033464,11
69456,88.53268482962311,11
69469,108.0708758649239,13
69515,413.4763812180383,46
69527,100.3078605392759,12
69535,63.43830505727034,8
69547,100.21774595319984,12
69574,237.84176203964526,27
69627,479.1383210124168,53
69660,295.12992102311404,33
69671,88.99157868634296,11
69678,53.68039004569349,7
69685,53.58809914651732,7
69712,237.95353942013242,27
69724,100.45053386961347,12
69735,91.28442981898556,11
69758,201.54529603687638,23
69787,257.2034209359068,29
69811,207.11988599328652,24
69836,219.63280108546778,25
69844,62.85756732463548,8
69874,265.3099009708446,30
69882,63.358695071334544,8
69893,89.75546361987962,11
69919,228.688990011631,26
69933,118.56818782666376,14
69962,257.3501176788794,29
69992,265.5389828601262,30
70021,256.000369667474,29
70032,91.31869573480022,11
70041,72.519544699381,9
70065,210.79566136184383,24
70074,72.00698128683037,9
70085,90.89939342292551,11
70103,154.31409761360948,18
70125,193.2149252942548,22
70133,63.24402355598496,8
70154,181.95651899349963,21
70164,81.34797147738621,10
70183,162.9883287993389,19
70209,228.60670425531572,26
70233,211.06085172012567,24
70250,146.8417153502136,17
70274,210.2310268974759,24
70313,350.2154665969773,39
70324,91.14083233478621,11
70336,99.11450099370859,12
70347,90.39497465037664,11
70354,53.57486162543619,7
70379,220.37051185946538,25
70390,89.49569412973715,11
70399,72.3025964191962,9
70408,72.33625345872235,9
70450,377.15927427935526,42
70469,164.76342920923483,19
70479,80.82711271190541,10
70496,145.18915649285918,17
70518,192.74494919875164,22
70530,96.89872758803875,12
70558,249.2130067786443,28
70581,202.86022438896396,23
70611,265.98195156527345,30
70621,80.98721612345607,10
70665,396.6359853663281,44
70692,239.87454804871487,27
70715,200.6393265584934,23
70724,72.80448284546911,9
70733,72.69066019594555,9
70754,182.22501280033083,21
70764,81.77975007776287,10
70774,81.31813490982486,10
70787,109.12501843207475,13
70820,295.226691564253,33
70829,72.40385360463725,9
70852,201.40133368137688,23
70860,62.530804424824936,8
70879,164.56449957816034,19
70890,89.19555508656451,11
70900,81.60727411209062,10
70910,81.50644484734586,10
70919,72.32050955942255,9
70958,351.1179745470928,39
70965,53.53960475005487,7
70985,173.2917827013942,20
70993,62.34237222759057,8
71017,209.95253733797168,24
71025,63.13049130612818,8
71034,72.35497000886133,9
71044,81.4736782395384,10
71056,100.20246620410099,12
71084,247.23373693235024,28
71106,191.15827394352303,22
71116,81.71825189380188,10
71123,53.81468355868929,7
71133,81.75903546427976,10
71142,71.46194296591622,9
71158,134.06095005247562,16
71172,119.06407769757895,14
71180,63.29549622412916,8
71187,53.53542301631841,7
71205,155.84001960527561,18
71222,145.81183066582616,17
71247,219.9909195033039,25
71257,81.72164920324269,10
71267,81.78078034701655,10
71279,98.94569194087087,12
71290,91.35526553919814,11
71301,90.72989701685084,11
71326,219.63392167364856,25
71342,134.49069643040315,16
71356,119.29825255133767,14
71386,267.32222993125754,30
71396,81.79589486774373,10
71406,81.47234108604101,10
71415,72.61790384749911,9
71423,63.50009021772882,8
71440,146.21339090781962,17
71450,81.12604376161534,10
71468,152.0533996950682,18
71496,246.64921786014654,28
71514,152.48213867564547,18
71524,81.89196406668118,10
71558,302.0408522126307,34
71572,117.16959769343147,14
71579,53.56843485704981,7
71602,200.88335625523143,23
71614,98.66316010400799,12
71656,376.6467577729189,42
71671,127.83897971141332,15
71687,136.55161882068734,16
71706,162.82926539251818,19
71742,323.0896859980102,36
71761,164.6399333587889,19
71786,221.07613604586368,25
71801,124.5976487278473,15
71822,181.42056047730355,21
71851,256.8282148190944,29
71876,218.97062938837342,25
71893,144.35313771367663,17
71903,81.70734234232573,10
71922,162.97378464337794,19
71943,183.82980052190902,21
71979,320.7770832489022,36
72016,331.491656981799,37
72026,81.83759093224543,10
72035,72.58531960673324,9
72050,126.1209982133958,15
72070,173.3995577161021,20
72089,162.0048111146214,19
72102,109.24441624153664,13
72113,88.18333373647943,11
72154,368.5673784953496,41
72203,442.1328348129179,49
72231,247.76510678146482,28
72278,424.37984080054656,47
72306,247.6732548971369,28
72331,218.40677439070126,25
72350,162.3639433517222,19
72382,285.38757278821475,32
72394,100.43836979023686,12
72408,118.31939334912254,14
72435,238.79457363603254,27
72458,200.29100208075195,23
72475,143.68751523571086,17
72483,63.38953306008323,8
72510,236.98698528050173,27
72526,134.33578742850713,16
72542,136.50076890348814,16
72553,89.44637915238029,11
72577,210.5980815028577,24
72594,146.36914346820015,17
72603,71.69160373143039,9
72654,461.2894030493951,51
72665,88.4489622036546,11
72676,90.0985572832059,11
72689,109.08553498657669,13
72724,312.9721681075731,35
72752,245.99528234231457,28
72763,90.71282075029156,11
72797,302.3754658579891,34
72828,274.9774369769778,31
72842,117.60061899103519,14
72855,108.55018858357631,13
72880,219.6345661044842,25
72904,211.6873104841883,24
72928,209.08355271852923,24
72940,100.20811860600236,12
72975,312.612066367275,35
73002,239.15130834439077,27
73011,72.35673669068633,9
73025,119.12479860991203,14
73051,228.132631797048,26
73084,292.97760771020086,33
73106,190.63880834404898,22
73118,99.7451957819518,12
73140,192.49776012016628,22
73157,146.0714978445192,17
73185,247.4560825115648,28
73214,257.1884526183911,29
73229,128.27183478614523,15
73250,183.74567168630324,21
73258,63.451572214933734,8
73295,330.9507711160364,37
73305,82.21466077236892,10
73323,155.55766220432284,18
73333,80.81811329133997,10
73355,191.142670016156,22
73364,71.80228804841713,9
73374,81.64477593704817,10
73390,135.7303584987794,16
73408,155.18130148609518,18
73425,146.26030373896893,17
73449,212.0656277258468,24
73481,284.762807291466,32
73499,155.15965597066503,18
73550,461.00464416579337,51
73575,221.0682145787231,25
73599,211.84396946219346,24
73617,155.18759906021967,18
73646,256.4037520525356,29
73679,294.8655961371157,33
73693,118.35384656638712,14
73714,181.13526917003463,21
73730,135.50828311027504,16
73748,154.78050231666987,18
73758,81.59283927061436,10
73798,358.8802931379476,40
73833,312.6004089934841,35
73880,423.55291318011973,47
73899,165.16950070426392,19
73913,116.67152809095016,14
73923,82.03589587762154,10
73951,248.2422568279635,28
73967,136.67705903724624,16
73979,99.9675368704761,12
73990,91.22449390282361,11
74009,162.40021057949832,19
74062,479.6447598122987,53
74074,100.44173493335681,12
74087,109.07066458708731,13
74122,312.4323940111805,35
74158,320.3347173666903,36
74169,90.91544684391027,11
74185,136.05299949528774,16
74199,118.00599267032509,14
74219,172.97058745468973,20
74245,229.61158750372996,26
74271,228.5940102519924,26
74295,209.63789580820443,24
74310,127.96130481201826,15
74327,147.03338458805692,17
74339,100.59405696104055,12
74369,266.598798265819,30
74415,414.7707566899039,46
74454,349.7603544277618,39
74472,155.72680693445636,18
74480,63.11969297245785,8
74495,127.91006330934141,15
74530,312.20903007521343,35
74557,238.6577554345129,27
74584,237.89948386610237,27
74598,116.50840708423162,14
74636,341.4392043943606,38
74653,145.91467642457422,17
74677,209.8293675150853,24
74707,266.26241762318506,30
74720,109.68080903301058,13
74729,72.32475884713779,9
74744,126.34323097419258,15
74763,165.2293021314562,19
74783,174.13184084503106,20
74809,228.76475435342456,26
74834,219.60943856220146,25
74863,256.7198826149576,29
74892,257.7997635893296,29
74903,91.41441454691814,11
74945,377.640554622771,42
74955,81.72197442526459,10
74986,276.3948925191119,31
74997,90.89417952717653,11
75026,255.84152253900425,29
75038,100.02373983660902,12
75057,164.17246925546812,19
75072,127.30974984213613,15
75101,256.63226010217875,29
75117,136.03931043643055,16
75143,227.9535542205071,26
75161,154.47021059627255,18
75173,98.90968408522278,12
75199,228.98793309783562,26
75227,247.89046810868805,28
75252,219.08848749238038,25
75282,266.98372418969615,30
75300,153.61024307681487,18
75321,181.8986955243616,21
75330,72.81082258266304,9
75357,237.83089741881741,27
75382,220.5557828057514,25
75392,82.09847295488561,10
75402,81.98080183296408,10
75433,275.74534833318967,31
75461,248.35753453750357,28
75475,118.62875989503536,14
75486,88.6516631567071,11
75505,162.8842505970918,19
75520,127.41604771367626,15
75563,384.53523973152875,43
75576,109.51851345783221,13
75595,163.46086737386955,19
75614,165.04891383622862,19
75628,119.10147283234058,14
75646,155.6228467904883,18
75661,127.97785976221819,15
75694,293.22691435663666,33
75714,174.37834302562325,20
75739,220.83507723172065,25
75758,164.81017957634435,19
75787,256.9079025105032,29
75796,71.82742012586519,9
75811,128.2157348739695,15
75827,135.52189355558582,16
75860,292.67991248642244,33
75881,182.90481682934288,21
75909,248.26945676460323,28
75954,404.86965385765325,45
75976,192.25890449327528,22
75987,91.38464902815076,11
76024,331.87202932468523,37
76046,193.29216811525836,22
76079,295.1525776179841,33
76093,117.45997423238688,14
76114,183.04281968697887,21
76147,295.15254751292105,33
76188,369.416752196736,41
76204,136.15163442256843,16
76224,173.58979465536515,20
76240,137.35769810117378,16
76281,369.1202280699633,41
76294,109.554123329627,13
76306,100.10347464795822,12
76332,230.19850489920077,26
76356,212.0271341481276,24
76380,210.88777657799378,24
76418,341.21496017336034,38
76431,110.10012367341076,13
76458,237.22949772851678,27
76468,81.90206097291953,10
76490,193.03698702720754,22
76501,91.02751977408565,11
76515,118.97310591595512,14
76529,118.30475636909485,14
76552,201.96806517692087,23
76571,164.85196533740015,19
76605,303.5385998118907,34
76644,350.00388985998404,39
76656,100.445831435511,12
76689,293.4958385107237,33
76717,248.48742900102414,28
76733,138.04881129960327,16
76760,239.93676940777482,27
76772,100.1892199258347,12
76791,165.18208094736235,19
76800,72.57207716512919,9
76821,182.30618196107798,21
76852,274.9385453858371,31
76883,276.63818855538955,31
76896,109.71039113970488,13
76923,238.27922937039867,27
76952,257.52990564805157,29
76969,146.48016600140957,17
77009,358.3388149780848,40
77056,425.2264992245727,47
77068,100.38901476360034,12
77079,90.79748049248293,11
77104,220.5444750163102,25
77116,99.41091184468252,12
77151,313.5484054483739,35
77160,72.60992738384076,9
77175,127.52525660527525,15
77194,164.01923052610078,19
77230,322.13326279680007,36
77241,90.99537576500765,11
77265,211.0778153143182,24
77277,99.73244138385061,12
77291,116.4724007022843,14
77304,109.89725201903012,13
77334,266.9727422598998,30
77353,165.33036542324237,19
77380,237.33890059403342,27
77408,248.63222058215953,28
77442,302.68023815205333,34
77460,156.45399665648384,18
77497,332.5429845941974,37
77523,228.46000247251732,26
77547,211.85740946043325,24
77582,312.0601989977264,35
77591,72.81969083091062,9
77613,190.88552788757497,22
77623,81.44938187632457,10
77632,72.75979209970092,9
77646,119.03069740536714,14
77662,136.31339038634977,16
77695,293.24961900524977,33
77706,90.74662370392666,11
77720,118.76329063901291,14
77742,189.19991809271036,22
77760,154.98584286958302,18
77785,221.15476744924385,25
77797,99.87882938502995,12
77817,172.0668774301017,20
77835,155.61936841329955,18
77860,221.84793846512952,25
77881,183.46474143390822,21
77929,434.8469082467685,48
77957,248.46641565829995,28
77994,331.19718670535053,37
78013,165.34119848001112,19
78038,219.72098242397175,25
78056,155.26314329020926,18
78077,182.7533374950898,21
78090,108.43811067740926,13
78122,284.75148246725206,32
78142,173.45805993708993,20
78185,385.23991391168687,43
78212,239.11344121141184,27
78239,238.54193789565207,27
78248,72.74140209346143,9
78264,137.38060623854278,16
78290,229.97926280312308,26
78319,256.60654653683537,29
78342,202.20096757728825,23
78354,100.21847353910276,12
78385,276.56501488416484,31
78397,100.27318013988298,12
78420,202.05447311424743,23
78457,331.6649721535372,37
78469,100.51730637204695,12
78501,285.3538105671812,32
78539,341.10936747648014,38
78560,183.56352474556218,21
78621,555.0481322918399,61
78663,377.653529084387,42
78690,239.50143390237443,27
78725,312.8403512238046,35
78756,276.22862731449305,31
78775,165.13710364884645,19
78808,291.395313845158,33
78826,153.5812636284025,18
78839,109.52912122395196,13
78869,266.1636184034235,30
78881,100.2346941982269,12
78910,256.3814511140326,29
78980,638.6401102912818,70
78999,165.46651565657993,19
79021,191.89196845290084,22
79036,126.99741528352226,15
79059,202.3476366592339,23
79096,331.9206460345694,37
79119,202.45049503688267,23
79143,210.8210237893745,24
79170,238.61238122518225,27
79195,220.69438520638974,25
79225,267.2283992493088,30
79251,228.00540025670904,26
79277,228.35459083369918,26
79324,425.1219049237987,47
79356,285.55509738799026,32
79374,156.2217922298127,18
79398,211.3436663631721,24
79430,285.1885572206316,32
79451,182.94928747166014,21
79484,293.310572648162,33
79504,173.61005610677304,20
79519,128.01928817111695,15
79531,100.32768117442049,12
79557,230.02149784020787,26
79590,293.5279827170872,33
79613,201.1127472373629,23
79651,341.76837386556116,38
79685,304.46730758972024,34
79719,303.4579671227016,34
79740,180.9011766313799,21
79754,119.28235596491325,14
79777,201.07377425178075,23
79786,72.66437290755948,9
79836,453.05132871922865,50
79859,201.95415820233538,23
79877,156.21189286570532,18
79907,267.29694351332245,30
79949,376.2465115036642,42
79983,303.2556569312933,34
80020,331.57402716301834,37
80031,91.22575363575214,11
80063,286.3798875005096,32
80088,220.05780260494961,25
80128,358.2225847964078,40
80143,127.42599635609585,15
80184,368.8051829790054,41
80200,137.14163720598754,16
80211,90.92267754413913,11
80239,248.1509991410233,28
80266,238.7248128556836,27
80278,100.43835111843063,12
80305,238.6816055341655,27
80339,303.9142112916644,34
80354,128.35026908471525,15
80377,202.84991086698156,23
80403,230.1467194179489,26
80427,211.4399910909355,24
80436,72.66576492474003,9
80461,219.42201323783573,25
80473,100.62379408716889,12
80483,81.723369644763,10
80505,190.37970600057542,22
80516,89.50516819954642,11
80558,378.0753256660951,42
80571,109.46083354230605,13
80584,109.08021900122618,13
80614,266.19574038210504,30
80646,285.2018843393406,32
80680,302.4850082377961,34
80709,257.2534180551043,29
80745,322.52555288468454,36
80771,229.5649355837151,26
80796,220.99085508708131,25
80823,239.0896908451076,27
80869,414.5050533495612,46
80902,294.3117951547605,33
80925,201.4562856252962,23
80950,219.52955027712008,25
80985,312.5122099165474,35
81030,404.93075422714014,45
81042,99.62588129565896,12
81052,81.72359184992487,10
81082,265.5082175616294,30
81101,165.19901004613507,19
81112,88.97060051383795,11
81127,128.33810474554096,15
81161,302.98960051685094,34
81191,264.7415998522371,30
81226,311.68896918800647,35
81250,211.24767333171536,24
81263,108.76017913584423,13
81293,266.99262931406327,30
81305,100.2982313172966,12
81346,369.4132279450634,41
81366,174.09914348168033,20
81398,285.4484597034193,32
81416,155.40172330517103,18
81436,172.95091862576575,20
81450,117.01129697793625,14
81462,99.1881319905474,12
81482,174.0322335924176,20
81510,249.11104574080528,28
81530,173.8330985619123,20
81563,295.1709090483707,33
81583,174.01779929735068,20
81606,200.23741894708655,23
81627,181.83335239658726,21
81673,415.63760641578097,46
81696,202.03954276246003,23
81725,256.0280122927356,29
81737,100.33993680931349,12
81747,81.94284907394855,10
81802,495.51116936676374,55
81850,432.27424372176995,48
81862,100.30543040005621,12
81887,217.74089863072183,25
81921,304.6326512597964,34
81942,183.949340344084,21
81970,248.49131922085408,28
82015,406.40740576388646,45
82028,109.68045697014767,13
82049,181.39734917513738,21
82059,81.75679192740246,10
82083,210.1886617267997,24
82111,246.72279406124832,28
82136,221.0189939937789,25
82151,126.92019228094894,15
82191,359.81944050880287,40
82216,220.80460261934957,25
82246,265.6381058242188,30
82255,72.64092994306992,9
82276,182.8801786660575,21
82309,295.90587004072927,33
82322,109.94218525266659,13
82358,322.2163632096544,36
82385,239.9647152639572,27
82396,91.1851036299991,11
82428,284.457194348726,32
82437,72.59548957049827,9
82457,173.36779893872722,20
82477,174.77882157081723,20
82504,239.69294680483247,27
82515,90.87756683193494,11
82538,202.35090981210993,23
82561,199.7507421241521,23
82607,415.2799632110289,46
82634,238.6029863805137,27
82683,442.0079738885478,49
82725,378.20570609669556,42
82761,321.74623825948515,36
82788,239.44674981113675,27
82817,258.32260561949244,29
82839,191.1459076499874,22
82864,219.06064764964952,25
82877,109.46482083827341,13
82891,119.06975326581046,14
82922,276.7752536776536,31
82942,175.00014125359388,20
82978,321.37192561953054,36
83001,201.39096822740706,23
83012,91.39256819867482,11
83023,90.92487792865971,11
83038,128.48268569167664,15
83062,209.4516406206425,24
83091,257.9722451838374,29
83115,209.37466037398053,24
83126,91.18247537835302,11
83170,395.45203060454475,44
83209,350.95057400198897,39
83232,201.76540830422,23
83254,190.20287653631792,22
83284,265.8742804818995,30
83296,100.40144184819817,12
83308,100.07089969747616,12
83347,350.12351170499267,39
83375,246.58953441558972,28
83387,100.56714149292196,12
83395,63.19611109212346,8
83414,164.44850957988186,19
83434,174.33274021721425,20
83458,209.29596988559797,24
83467,72.72355899622892,9
83489,189.79113747999077,22
83499,81.88320341649666,10
83513,119.00847860026322,14
83546,294.0020633313762,33
83564,154.4566910697381,18
83608,395.4123878315378,44
83620,100.07382151151462,12
83643,200.68699098320965,23
83667,212.15415680079948,24
83709,378.2518746168212,42
83718,72.70396866417792,9
83745,238.26576068423017,27
83772,239.32814378753622,27
83784,100.58407868358502,12
83820,322.2127716800356,36
83854,303.97722221944827,34
83889,313.7761117238479,35
83917,247.54743565985987,28
83959,378.36878206201646,42
83971,100.49451356179897,12
84016,406.38368765204564,45
84049,295.6984510650973,33
84070,182.33890431186643,21
84093,201.23690819534164,23
84123,266.41735365622924,30
84149,228.95656149707168,26
84197,432.58092596765607,48
84225,248.29733304929172,28
84239,118.55529898069685,14
84266,238.23943384765394,27
84283,146.47110996531364,17
84328,406.2888752794427,45
84341,109.75685401817005,13
84364,202.2387040707237,23
84389,220.35674287544524,25
84401,100.60762357723048,12
84432,275.3867101069926,31
84457,220.46554612907678,25
84494,331.8761782548587,37
84513,165.1884309470807,19
84525,100.20283341705144,12
84558,294.82811182621106,33
84586,248.36345863483066,28
84612,230.64693201026083,26
84636,212.1367657576644,24
84676,360.2339914504821,40
84699,202.05685358044562,23
84726,238.9306126505336,27
84757,275.10362089638886,31
84781,209.93863344739913,24
84795,118.70079652646879,14
84842,424.30611881970475,47
84877,311.8456887805391,35
84892,126.5231343603859,15
84924,285.4204540679485,32
84938,119.08594940164434,14
84960,192.6642567249788,22
84973,109.99510175827041,13
85001,248.61885587871683,28
85027,230.2426365020361,26
85057,267.2022035050158,30
85117,544.6883417286928,60
85158,369.1718574070464,41
85191,293.6873719513901,33
85218,239.19775128099914,27
85246,248.27357965957071,28
85276,267.08716377622164,30
85321,404.1997887407336,45
85346,221.04299606516076,25
85374,249.0738947791295,28
85409,313.42856910732826,35
85436,239.36844271875944,27
85479,386.6318953361622,43
85526,424.42792157148733,47
85542,136.85233364346928,16
85564,192.10574216542778,22
85591,239.7803274660433,27
85620,256.9760557964496,29
85635,127.68380211296663,15
85655,174.6369746379841,20
85682,238.7597944737626,27
85716,303.1723941011144,34
85730,118.93041122266912,14
85760,267.21252588993883,30
85791,275.81005263393655,31
85804,109.52197146821004,13
85824,174.25376993208917,20
85847,201.78438835070955,23
85867,172.48283480714775,20
85912,404.2292153166661,45
85954,377.08764288483616,42
85975,183.63123803312232,21
86011,321.52614015613926,36
86035,210.49331550061447,24
86060,219.76031428445555,25
86101,368.5987098936594,41
86118,146.15272073081,17
86152,304.0508465579065,34
86180,248.81211479695102,28
86215,313.3090398164043,35
86230,127.08670404854762,15
86256,228.91166388223849,26
86281,220.8422346674018,25
86307,229.74108714846923,26
86318,91.05272676685523,11
86335,146.5580246751117,17
86353,156.07233323765726,18
86397,395.6615009201772,44
86423,227.49011967989833,26
86462,350.7605457655976,39
86493,275.7919467679178,31
86506,109.33382139268774,13
86528,193.0738959091015,22
86545,146.4510578380545,17
86563,156.33215097643406,18
86587,210.23441753126352,24
86624,332.33900804647743,37
86684,545.4094583225861,60
86700,137.1845160836727,16
86746,415.69644756129253,46
86780,303.93453882466844,34
86809,257.6684503970463,29
86833,211.52312685873775,24
86845,100.36011067118002,12
86871,227.67411807957296,26
86889,156.1358808953212,18
86921,285.4208243948902,32
86949,247.26978138116186,28
86963,118.77940051416199,14
87005,379.65746344261436,42
87022,146.72352447741855,17
87034,100.49609540896026,12
87074,358.4314314295267,40
87106,284.9010675791966,32
87131,219.6360889678674,25
87154,202.47627736614066,23
87195,369.0738450755481,41
87221,229.62202807188547,26
87243,190.54553477839056,22
87268,221.02404558090865,25
87306,339.64341206466645,38
87332,229.61717915711645,26
87370,340.3807114620696,38
87383,109.42489172194915,13
87419,322.2274226955586,36
87460,367.21863321072294,41
87480,174.84171877102187,20
87509,257.93980226105714,29
87530,180.9024549508672,21
87559,258.5511586062873,29
87582,200.5881849783963,23
87640,526.5859266576081,58
87650,82.02402911675307,10
87687,331.40930309806015,37
87737,451.74108572506,50
87790,478.3404730646194,53
87812,192.11437135667424,22
87835,200.71724735203972,23
87864,257.8327296019068,29
87893,258.43111864687,29
87906,109.79364984665433,13
87942,321.59642015371514,36
87975,294.0592413791056,33
88007,286.1477124689318,32
88023,134.32946815795165,16
88042,165.47326424457577,19
88070,248.7971582223743,28
88106,322.5142661332647,36
88118,99.72892572612473,12
88160,378.47277522875356,42
88187,238.84140246274708,27
88210,202.33827424832202,23
88229,164.67239245497197,19
88269,359.03622865145155,40
88296,239.3663788583736,27
88334,341.89998956236514,38
88361,238.89756127963585,27
88369,62.89488679488412,8
88403,302.7421232450358,34
88432,258.2364965713428,29
88453,183.01552558735636,21
88480,239.5783889051919,27
88507,239.23346288036475,27
88520,108.99945180563333,13
88549,257.5350471977453,29
88561,100.22915282374909,12
88612,459.6206617637239,51
88629,145.88677625526122,17
88673,397.15205893612705,44
88717,398.10450096226964,44
88742,219.2555018100429,25
88756,117.58802028691616,14
88799,387.44622452927365,43
88831,285.7197473872285,32
88884,480.4648088613889,53
88922,339.60270609754383,38
88957,312.3750078253937,35
88974,145.85515508681604,17
89007,293.33224842532763,33
89046,350.21729087836275,39
89077,275.1848764882328,31
89089,100.1061743140507,12
89124,312.17311608581554,35
89155,275.1415029591473,31
89181,228.72164190146273,26
89222,366.54125177555727,41
89248,230.04433635601646,26
89264,136.20718705989717,16
89284,174.52977881294666,20
89330,414.776187248188,46
89354,208.94086097496003,24
89395,368.8484800792599,41
89415,173.64373444507197,20
89436,183.92794637677846,21
89479,386.58320977631934,43
89505,229.58312081686066,26
89517,99.57474259430181,12
89573,508.34958053731316,56
89614,367.89487170589035,41
89684,636.8169807922243,70
89709,220.6326884297303,25
89748,349.86360514330914,39
89772,211.80108637000097,24
89815,388.14531939377633,43
89831,136.53857600735168,16
89871,358.3151139447563,40
89891,172.41365176674847,20
89947,509.3328147887426,56
90007,545.371051092523,60
90020,107.21851274290913,13
90047,235.63916201343676,27
90073,229.80238126908057,26
90152,721.4574525050896,79
90188,323.41640999270095,36
90215,238.71276652576043,27
90253,341.74328124398636,38
90275,191.71708816790732,22
90308,295.3073141534697,33
90346,340.81519429573456,38
90397,461.09861117731106,51
90420,202.46151945706723,23
90432,99.92974897649368,12
90456,210.22041321879516,24
90473,146.1671216240476,17
90514,368.6170592541181,41
90549,312.774438399259,35
90594,407.09796243638704,45
90610,137.0143763312696,16
90654,396.778850315251,44
90678,211.04739455039123,24
90702,210.89468506954174,24
90714,100.35683557428477,12
90727,108.29970649530462,13
90753,229.3338802172386,26
90778,220.36372733830123,25
90793,127.41322504001738,15
90813,172.78756468478798,20
90835,190.86051612918408,22
90849,118.2738699489329,14
90888,351.03065148901504,39
90919,276.7600023455976,31
90952,294.60545379169486,33
90978,230.46144448070447,26
91005,237.1387591692854,27
91041,322.85289971127224,36
91065,211.38097209118763,24
91087,191.99237421977392,22
91110,201.16636066493845,23
91135,219.53168184036778,25
91162,238.36579055447478,27
91180,153.04273353152868,18
91197,143.89956123627627,17
91225,248.14285764743644,28
91241,137.10510729385547,16
91264,201.73925358424606,23
91287,201.67971557762078,23
91325,341.2282090119239,38
91350,220.31754291025572,25
91378,246.54445315971083,28
91435,517.9752651576174,57
91458,200.22664653785392,23
91490,286.12671325205645,32
91524,303.88219364398293,34
91550,228.87048509637958,26
91567,145.9774655809506,17
91581,117.77019804183462,14
91605,210.330941565229,24
91630,220.90935116862036,25
91660,267.02082183717744,30
91685,220.6873492940275,25
91715,265.6371429955983,30
91740,219.60745449897172,25
91765,220.50081634514785,25
91787,192.20393025043882,22
91801,119.0536792140177,14
91814,108.48909860112872,13
91854,360.6700258070034,40
91892,342.0434715410434,38
91915,201.10462542339263,23
91930,127.29923707779479,15
91955,220.08164815946103,25
91971,137.5491794568451,16
91982,90.64633765656798,11
92019,331.8031799600447,37
92046,238.95474928667068,27
92080,303.2082085993502,34
92117,332.8516771848922,37
92148,275.67519830983696,31
92180,284.7268129059738,32
92232,467.7565096068582,52
92289,515.2430407813943,57
92341,468.4783133997554,52
92387,415.25769739380644,46
92411,210.76739041604154,24
92439,246.92220684535866,28
92478,350.83414024882705,39
92529,461.00047143689187,51
92555,228.36555993971606,26
92583,248.69449057784104,28
92615,284.0973064751465,32
92630,126.5612522428249,15
92664,302.54778095523085,34
92692,248.4374922543405,28
92733,369.2375028881061,41
92749,137.28801405271713,16
92776,239.55427586598924,27
92800,210.58239686459177,24
92829,257.74717133511194,29
92849,174.65991010163043,20
92896,424.8399492024729,47
92908,100.66348670391159,12
92946,341.0924340378543,38
92964,154.4067319843215,18
92985,183.4787504401156,21
93025,358.16456812102666,40
93075,451.94143193242445,50
93091,137.16919050372024,16
93121,266.86093236488364,30
93156,311.4152882774873,35
93180,210.70228525224232,24
93231,461.5661173011556,51
93257,230.40567084886789,26
93269,99.4715956583583,12
93293,210.68070857459597,24
93334,367.72849418950597,41
93360,229.2288435459719,26
93389,256.50817413724377,29
93421,283.83719416705173,32
93447,228.65915092156862,26
93509,563.0473244863358,62
93564,499.2718590928352,55
93577,108.28751656023054,13
93600,200.82206935805803,23
93638,341.25786733908734,38
93666,248.56712375836878,28
93717,460.7803753858821,51
93733,137.5130639535976,16
93761,247.1918429214727,28
93786,220.38884173153969,25
93810,210.76982700040395,24
93836,228.4852934275138,26
93878,378.02748854777354,42
93904,230.47589887207874,26
93938,305.2286760033558,34
93956,155.36065685345528,18
93992,322.75260625066346,36
94046,490.38109155937053,54
94073,238.55813183191896,27
94100,239.62335623900418,27
94122,192.8276160246188,22
94177,498.96285360030697,55
94195,154.36777966187273,18
94210,128.17534721331634,15
94241,275.9704706449735,31
94269,247.9550312984014,28
94287,153.5079829155735,18
94327,360.66235156563084,40
94384,517.4552138253117,57
94414,266.15015476722385,30
94425,91.42591816343915,11
94454,256.73025753779814,29
94496,378.5062213602666,42
94533,331.7385305213847,37
94546,108.78884839445065,13
94600,490.79370746152955,54
94614,118.83290108860608,14
94632,155.88163527696435,18
94654,191.58608416219366,22
94700,416.3095613060718,46
94719,165.1205793726472,19
94749,266.2878253278494,30
94797,431.69078564233735,48
94833,323.05149521178595,36
94861,248.37775707375943,28
94887,229.83358338675228,26
94925,340.0902502742606,38
94974,443.3832139670365,49
94993,162.99153641711354,19
95019,228.6842256565315,26
95029,81.59540315238375,10
95073,397.2216766516441,44
95089,136.64202025345574,16
95118,258.05768866803936,29
95146,248.0152790394673,28
95176,266.4843440517655,30
95214,339.8550154794857,38
95244,265.16515372793526,30
95288,395.1859817586017,44
95306,155.04600454517848,18
95325,164.51365725293084,19
95359,304.5709016772809,34
95393,304.04505741858225,34
95406,109.69098834125082,13
95429,200.01911806586227,23
95457,249.1533281813185,28
95482,217.4922274766134,25
95516,303.56840097056534,34
95580,580.9880137973422,64
95611,277.3470289385596,31
95662,462.6667695592222,51
95690,248.6032903732259,28
95710,174.19080077211473,20
95739,257.6853358065341,29
95760,184.46835658746903,21
95784,211.46162362662278,24
95841,517.2897822711641,57
95875,303.96632316686777,34
95902,238.1920431023062,27
95929,237.01025201160056,27
95974,407.32361967358014,45
96010,322.61340501512683,36
96024,118.57696227194556,14
96049,221.4953232750685,25
96091,378.22116446980834,42
96124,294.79022392910025,33
96168,397.47927556619686,44
96202,304.7135546686463,34
96241,350.8278262146142,39
96284,388.97906583718117,43
96302,155.36888006855844,18
96335,296.05112475110803,33
96371,323.2219221676919,36
96396,219.1121615684647,25
96424,248.4746993269358,28
96453,257.1664225211963,29
96477,211.44893473014992,24
96520,387.373072202075,43
96538,155.11177374961312,18
96564,229.34214709180756,26
96605,367.5723247120024,41
96631,229.70999073404462,26
96712,742.4298289039568,81
96751,350.3511055659595,39
96794,387.48653250810173,43
96829,313.47481374741704,35
96885,509.865354799908,56
96913,247.34853104221355,28
96946,292.22860439324734,33
96988,379.24586259951633,42
96997,71.54862071657402,9
97035,342.05026980383326,38
97053,155.5789160388478,18
97081,247.29752586604883,28
97124,388.29880129068994,43
97157,295.49588644641574,33
97202,407.24506284392436,45
97233,275.8782974086451,31
97288,499.7898399100065,55
97333,406.2552176615917,45
97369,323.299075964476,36
97426,517.7610051958484,57
97461,312.8485779689109,35
97494,294.739980207163,33
97515,182.8956760198001,21
97549,305.0615866576133,34
97590,368.61173677057917,41
97624,303.97945360918885,34
97643,162.3110832308011,19
97694,461.76819014127864,51
97738,397.5072422588862,44
97775,331.2409378297121,37
97820,407.0811936064054,45
97857,331.8742127275455,37
97893,321.6884475526858,36
97935,378.60269018581755,42
97967,286.1704334802455,32
98000,295.8329791971572,33
98020,172.18680892909427,20
98054,304.49768232448184,34
98085,276.7457635460622,31
98118,294.1571909118733,33
98149,276.8254335439501,31
98191,379.3258900185362,42
98218,239.8322207174145,27
98256,340.9647778175792,38
98299,387.9804045711508,43
98326,238.9409601253678,27
98340,118.6956280729561,14
98356,137.29567216936186,16
98373,146.6038603607626,17
98402,258.72768461275393,29
98432,266.08968490416623,30
98453,183.21412307390904,21
98484,277.1147556232626,31
98518,304.0588586006719,34
98536,156.2821705254258,18
98552,136.90287166743502,16
98568,136.97599407736337,16
98616,434.91969632962207,48
98631,128.2572307779909,15
98651,175.1572587067683,20
98681,266.61747872845933,30
98697,137.4951716910503,16
98716,164.8480421791651,19
98762,416.1252503304018,46
98775,109.8610059694033,13
98796,184.2205909385318,21
98822,230.27747279583625,26
98845,201.6446297597757,23
98876,276.5790600900885,31
98894,155.1426268421758,18
98916,193.48623934645806,22
98939,202.61953737411494,23
98954,128.1310906160595,15
98972,156.2418962542625,18
98998,230.3882746528705,26
99019,184.0722599003293,21
99042,201.20997921442992,23
99069,238.04318169245312,27
99099,264.44432936015295,30
99110,91.08525360846556,11
99136,229.7385013675711,26
99166,266.08284782531206,30
99186,172.3784688081857,20
99210,209.96078017314755,24
99219,71.2376841680945,9
99244,220.94822595978408,25
99277,295.5319223995367,33
99287,81.5715452119793,10
99332,406.0361577526134,45
99358,230.71912139360674,26
99386,249.2175853466778,28
99407,182.53475384117604,21
99442,314.55259171070287,35
99457,128.27557153119093,15
99493,323.08006142002574,36
99530,333.28536419136424,37
99551,183.17089712526422,21
99572,184.23063773576476,21
99598,229.71593276146277,26
99619,183.74289260087775,21
99632,109.48631586538546,13
99649,145.9165492306505,17
99674,219.49134515943604,25
99696,189.918249464421,22
99710,118.84307987841885,14
99742,285.5745833609888,32
99762,174.13518785898955,20
99773,91.12347598936536,11
99798,221.18444825367212,25
99823,220.82777676737632,25
99837,119.01285910231259,14
99862,219.6984541147616,25
99877,127.45754212533632,15
99902,220.7353618655255,25
99929,239.92964009037985,27
99957,249.17311741574275,28
99975,156.22388847285734,18
99997,193.1275616636888,22
100032,311.4670674996575,35
100058,228.02960366846878,26
100080,193.01190840706624,22
100101,183.48164728644937,21
100121,173.9778784934334,20
100138,145.87266600535122,17
100156,156.04867860135613,18
100175,165.73062340082066,19
100187,100.58884503890265,12
100217,267.0121805202208,30
100231,118.86645838023759,14
100245,118.64533532106157,14
100263,155.62709883120874,18
100283,173.80478383266376,20
100298,127.68897936484721,15
100322,211.67575513263816,24
100336,119.22446247330957,14
100371,312.13155137688875,35
100382,91.08995642321564,11
100392,81.88534688282377,10
100405,109.80849560722382,13
100416,91.21178860014236,11
100432,137.4308092640866,16
100441,72.43116797791917,9
100464,202.33736161214046,23
100474,81.8482027599637,10
100496,192.71380684455372,22
100507,91.28237441182458,11
100532,219.5172276718813,25
100548,137.1921112209574,16
100566,154.25244906659515,18
100578,100.30998220558547,12
100592,119.06107132072509,14
100601,71.85733768154515,9
100625,210.30620695036887,24
100635,81.79816558089783,10
100657,191.39723821254438,22
100668,90.95036775310456,11
100694,227.87594274201757,26
100704,81.67196881898523,10
100715,90.9852057678086,11
100726,91.2316377605566,11
100736,82.0252376652771,10
100746,82.01195325426266,10
100756,81.78367962232545,10
100769,109.57457780720166,13
100782,109.82797974725031,13
100795,109.6623289945784,13
100842,426.36594068842766,47
100863,181.55948270821543,21
100873,81.77806059168405,10
100885,100.27974659825988,12
100895,82.09146520369481,10
100910,128.3736723410589,15
100919,72.68611954763979,9
100933,119.05402657827516,14
100959,230.12600744051085,26
100968,72.81011120450769,9
100983,127.8724069605291,15
100992,72.5754370360181,9
101002,81.90190859504654,10
101027,221.55506987679112,25
101043,137.64177761680844,16
101054,91.66449159252358,11
101066,100.76777668379661,12
101076,82.00776782578552,10
101095,164.40876477626418,19
101105,81.94464604933806,10
101118,109.7929259641519,13
101126,63.18745665995525,8
101147,181.27433809440294,21
101156,72.70893589526636,9
101167,91.05455723048225,11
101184,143.03968978119624,17
101207,202.23185091532577,23
101217,81.88554264750945,10
101226,72.72454625988546,9
101234,63.53466288096604,8
101246,99.89008784596913,12
101271,219.18954685360774,25
101293,191.24773790525802,22
101304,90.9715621631302,11
101312,63.60426960435709,8
101329,144.43333553901772,17
101353,210.61419138017243,24
101364,91.30199453105146,11
101374,81.85126930891106,10
101392,156.42320963811596,18
101403,91.36912156571988,11
101423,174.56706203648272,20
101435,100.53587247787993,12
101460,220.33977868082255,25
101488,247.75389662526027,28
101498,81.8434566987236,10
101507,72.31444946938718,9
101524,147.18870691795985,17
101535,90.92975964638916,11
101564,257.481790224175,29
101592,248.6458318463097,28
101609,146.7092468162198,17
101634,219.08389355060476,25
101655,180.386512384664,21
101665,81.73342026662175,10
101675,81.51630394695509,10
101689,119.48481739184152,14
101698,72.55239263207959,9
101709,91.36279819064137,11
101722,109.28239691660015,13
101733,91.02735315903129,11
101751,156.1023836458894,18
101763,100.67080876968727,12
101772,72.90892284086131,9
101784,100.2170024971475,12
101795,90.96767871027964,11
101806,91.1665761750924,11
101819,109.96117161217573,13
101837,154.60471569301208,18
101850,109.85857211673002,13
101877,239.44521353588686,27
101888,91.28346885257022,11
101897,72.63782551135446,9
101916,165.3017894593334,19
101926,81.98552172439442,10
101936,82.2466801159105,10
101946,82.11149774608624,10
101957,91.00414910583048,11
101986,257.15588730157947,29
102011,219.1336135891629,25
102036,217.42552824078203,25
102047,91.29701417863251,11
102058,91.52427167869259,11
102079,181.71280583166939,21
102101,189.9268698733732,22
102130,258.16388539951816,29
102152,191.2970073085097,22
102179,237.76318383670588,27
102204,215.84759273738212,25
102213,72.50992803115199,9
102233,173.84364215691178,20
102245,100.58948400757778,12
102254,72.77478332664168,9
102265,91.42346988724631,11
102274,72.32034430912496,9
102285,90.92522815013568,11
102297,100.17956874320822,12
102307,81.63015881570192,10
102318,91.25964187404152,11
102339,183.12004286337284,21
102350,91.27959991801859,11
102366,137.38331936871924,16
102379,109.4679124807412,13
102389,81.90605699485322,10
102411,190.44503531601967,22
102447,322.9750485030375,36
102489,379.13573093226205,42
102528,349.4140677430676,39
102554,230.90123443253324,26
102574,174.33709937618104,20
102606,285.3561946338053,32
102634,248.10848358268774,28
102662,248.42566199430541,28
102687,220.21550288676121,25
102728,370.42249364187944,41
102769,369.49439193263777,41
102794,220.6776021273602,25
102859,592.137098743026,65
102898,349.11616875036344,39
102929,276.8422793475255,31
102950,183.8567008441657,21
102988,341.6209187182388,38
103010,192.39693745249377,22
103057,426.2861256665707,47
103079,192.9189271912534,22
103107,248.47644068835308,28
103192,778.5017877930037,85
103216,210.60271149688919,24
103261,405.7223236759987,45
103312,462.57834251319804,51
103329,146.7536145311586,17
103351,193.44458784322362,22
103392,370.1234092664809,41
103412,172.12742690634028,20
103440,248.20527345079068,28
103455,128.13437061554365,15
103520,590.5180491779208,65
103541,184.3706433947471,21
103569,247.03490263689937,28
103605,322.08764795873367,36
103666,554.803298965215,61
103690,211.49150600608095,24
103714,212.02795751632485,24
103749,314.0595379921778,35
103777,248.31473807891527,28
103795,155.70649393415837,18
103864,629.6875797113917,69
103905,370.30897392195345,41
103922,147.12864475165264,17
103942,174.57908783831346,20
103954,100.48780981174187,12
103982,248.89495264842606,28
104001,164.33158415010178,19
104074,665.8413909267301,73
104096,190.91976835759385,22
104114,155.63626688469586,18
104158,396.8806713454467,44
104197,350.3354453426326,39
104221,211.8896171871493,24
104239,156.42729565440658,18
104278,351.1641757556998,39
104302,212.29149419467538,24
104341,350.8251468858917,39
104356,128.28239248623524,15
104370,119.29127834806216,14
104385,128.07285204767302,15
104417,285.73626461668346,32
104436,165.7143978016769,19
104463,239.8331014475138,27
104501,341.9201755994413,38
104578,705.5542491339016,77
104609,276.8071986796927,31
104640,276.8360191789856,31
104664,209.73944459100775,24
104737,666.9036583651665,73
104802,593.02487770858,65
104826,211.92745634553927,24
104854,246.91127255499163,28
104894,360.6084116322255,40
104932,342.29784209861964,38
104982,452.5940345313074,50
105050,620.5172916932502,68
105112,565.7682441853551,62
105146,304.1114665751959,34
105196,451.64426910348527,50
105267,648.48963283423,71
105308,369.5609335721069,41
105336,247.7170456944056,28
105385,443.86822624949036,49
105475,823.8221011819758,90
105499,211.04259937542702,24
105538,351.6880049374048,39
105616,713.6240917626625,78
105649,295.11168248185555,33
105699,452.7390895496323,50
105722,202.8595046861716,23
105743,183.55177788212382,21
105792,444.49017181075266,49
105830,342.4470987691512,38
105869,351.42398591700777,39
105904,314.1637819070668,35
105931,239.72749444765466,27
105960,258.03977250541675,29
106001,369.99268062390036,41
106036,314.52498650061165,35
106080,397.08404076847836,44
106091,90.85121683245394,11
106118,238.8624343793338,27
106198,732.9501116136508,80
106238,359.5921253206571,40
106289,462.874841354503,51
106335,416.015755175447,46
106367,284.2094440796543,32
106403,324.2260397688075,36
106462,537.6061651462912,59
106488,229.67475797474782,26
106526,341.91259246877956,38
106555,257.806663097562,29
106597,376.9905244136179,42
106626,255.20558818668025,29
106668,379.4995758861075,42
106771,947.0244453085771,103
106797,230.11951053936036,26
106846,444.42242797572834,49
106890,398.21911074518397,44
106931,370.75644800542995,41
106990,536.5807557197593,59
107033,388.5811614199726,43
107054,184.1030465009688,21
107115,553.7163148085363,61
107147,284.8994693764552,32
107203,508.9822840913022,56
107218,126.60284737900415,15
107255,333.5451742935354,37
107320,593.747812888462,65
107337,145.73911926354967,17
107351,118.92900853958952,14
107365,117.89966722912234,14
107429,582.9154425218641,64
107468,351.6121563936362,39
107518,450.31755994981665,50
107564,415.8733195243288,46
107618,488.2146352368204,54
107660,378.36174784787494,42
107701,368.37372889592825,41
107724,198.5802996902377,23
107779,500.99555865340227,55
107802,202.96924797045855,23
107826,210.2115329466151,24
107849,203.0459226831485,23
107886,332.9444288860477,37
107912,228.8434598501904,26
107927,127.34476082652134,15
107968,368.4314297484002,41
108028,545.826786548412,60
108103,686.5789269891948,75
108188,776.7711775616439,85
108215,238.68504233324578,27
108245,267.49483042988413,30
108305,546.6355019469447,60
108362,519.3614000887701,57
108440,714.0415305751919,78
108477,332.1823754909038,37
108547,637.238074709282,70
108563,136.92556482764755,16
108586,203.27948709207058,23
108674,805.3202459530238,88
108704,265.8807252549441,30
108736,285.8030806830549,32
108769,295.7043669796819,33
108802,294.0713492337958,33
108896,862.6423378666226,94
108914,155.12336258805394,18
108943,256.7104503728308,29
108975,286.65743773696516,32
108987,99.85138348280988,12
109007,174.1064657445258,20
109020,107.55181371224506,13
109050,267.15260417035796,30
109069,163.17596916304524,19
109097,247.60780517642903,28
109115,154.35323024716254,18
109149,304.47385577527183,34
109176,239.97070654325947,27
109189,109.45227856045004,13
109230,370.833353299233,41
109266,324.0007155796394,36
109296,265.61883678005063,30
109338,378.7501052834465,42
109365,236.12206497194748,27
109390,217.22667102338497,25
109427,331.4992564007621,37
109444,145.8438699258005,17
109489,405.1833576477666,45
109507,155.12488155712134,18
109524,145.44299504063247,17
109572,433.65853951538486,48
109661,816.2925965177251,89
109711,452.07966806357433,50
109778,610.6725955285985,67
109803,220.18008410858602,25
109840,331.4803704425238,37
109862,192.52625772794107,22
109946,769.2239413670334,84
109993,423.41339898236083,47
110031,341.26171600350955,38
110064,295.28833214395587,33
110085,183.8022007553223,21
110113,248.18293261821412,28
110140,238.75449260914866,27
110227,795.637868979639,87
110250,201.03642870586745,23
110289,350.04314503786816,39
110314,217.46346492217174,25
110344,266.6846455051426,30
110376,285.7295721968071,32
110446,639.5052032666069,70
110490,395.1111218860225,44
110519,256.70526580363503,29
110563,394.9610960594427,44
110629,602.2755755266189,66
110698,631.0464654360433,69
110741,384.3336740715714,43
110778,332.6392305715231,37
110799,181.80675877753598,21
110828,257.52096051368665,29
110887,536.4110923654777,59
110956,630.0366955531383,69
110994,340.05961352004294,38
111034,359.14185356838965,40
111060,229.58729268135664,26
111109,440.5633186181938,49
111181,657.3973070674778,72
111267,788.8445890850087,86
111308,367.6128188295877,41
111330,193.0267614285644,22
111349,164.15246659582,19
111377,247.48269072672292,28
111415,341.6798799852001,38
111432,146.69253077042126,17
111500,620.3650032870604,68
111564,582.2048154338821,64
111587,202.29730993374244,23
111657,638.4483488224216,70
111717,545.53636789517,60
111770,481.20957368069963,53
111812,377.60389906525484,42
111900,807.6593000953767,88
111940,359.4284642378155,40
111997,517.3488640316792,57
112021,209.43091919726436,24
112067,412.18047109417114,46
112095,248.75266727573572,28
112118,200.84724728919593,23
112191,665.2005802082936,73
112215,211.86539866332996,24
112281,600.5000699461941,66
112299,156.56140280608068,18
112328,257.85763736197714,29
112361,292.07708932438396,33
112395,304.4100179012232,34
112421,229.9074726072908,26
112520,906.587003463883,99
112555,313.6167578988693,35
112600,404.2578528095172,45
112636,320.781422130567,36
112669,294.33563097392994,33
112719,453.3709865449122,50
112758,351.2579017682108,39
112772,118.2527523529483,14
112815,386.4937622734403,43
112837,193.35032399732472,22
112854,145.87073097331333,17
112895,368.6700429630826,41
112932,332.62558107789613,37
112973,368.27986954497493,41
112981,62.954956901793906,8
113025,396.8606898774702,44
113061,323.13418538447144,36
113095,304.2453691254328,34
113143,434.048437413984,48
113177,304.1102238494871,34
113223,415.3763358009637,46
113262,351.02392180140305,39
113319,518.547442911473,57
113362,386.09883358927806,43
113397,313.6422926569483,35
113461,583.9400474652763,64
113503,379.06257790693945,42
113558,499.5412158623017,55
113616,527.7850891860503,58
113662,414.7685069715094,46
113695,294.3535863379731,33
113726,277.59433172502844,31
113785,536.248235435258,59
113838,480.9690094757128,53
113876,341.8098475838291,38
113931,500.41303774780624,55
114032,926.8299518572387,101
114061,258.4064954925187,29
114088,239.67333168946266,27
114206,1085.45766493116,118
114223,146.34351425395488,17
114262,350.3325158575047,39
114284,191.82486644138376,22
114316,284.8663306116448,32
114346,266.0986378802575,30
114374,245.48768726405896,28
114417,386.82950113805276,43
114450,294.6594666694637,33
114488,342.1802966401703,38
114518,267.28260718257786,30
114572,490.1754634679282,54
114630,527.738565767854,58
114667,331.6468700359602,37
114689,193.02210937952032,22
114722,295.1033965888992,33
114789,611.2940976326055,67
114828,350.41364102820745,39
114868,360.76566138444844,40
114897,257.5350133366657,29
114945,432.21220917662924,48
115003,527.1689491292562,58
115029,230.83767417609647,26
115060,276.0920072275315,31
115103,389.0683709394069,43
115128,219.9713753906433,25
115159,276.22717591908093,31
115176,145.80372044744186,17
115213,332.10360075760894,37
115221,63.55124336033364,8
115266,406.9270371809424,45
115298,285.16147138739825,32
115336,341.89935847669767,38
115363,237.95325508923682,27
115420,519.1752794069473,57
115463,388.8994424775178,43
115504,369.8312991235158,41
115528,210.95708653913184,24
115562,304.8216157628943,34
115579,147.00295725582222,17
115617,342.583582654082,38
115654,332.2686200466947,37
115687,294.6793249259995,33
115701,117.86088182022155,14
115730,253.60360215961862,29
115769,350.6713924377219,39
115794,220.54758273004919,25
115851,517.2117918676068,57
115874,201.89562632507457,23
115938,582.9550184328909,64
115974,323.7159480104407,36
115999,219.05832722428664,25
116012,109.39794818617027,13
116036,210.90015406791025,24
116089,480.26882016928397,53
116118,257.41692235068865,29
116150,285.2471365173235,32
116183,293.619719843045,33
116228,407.24010185832526,45
116258,267.4427745207386,30
116268,82.0271033845318,10
116301,295.8346186884348,33
116325,211.60582789856795,24
116368,384.87866374924465,43
116391,200.55780342070597,23
116438,425.42589681462744,47
116453,127.97772203629017,15
116480,238.327689075443,27
116514,303.8061359184059,34
116552,341.94929586934035,38
116582,266.8245628142279,30
116611,256.3095507116903,29
116652,370.1037731666955,41
116683,275.74125669619707,31
116697,118.33860170974413,14
116733,322.4787027139618,36
116759,228.43634677128796,26
116785,230.18493070586285,26
116813,247.8187135300009,28
116892,719.3429556372865,79
116948,508.87150984482207,56
116993,407.1797672207404,45
117016,201.67202646919816,23
117043,239.40790204395066,27
117070,238.9190289143179,27
117097,239.12413096355104,27
117132,311.8746469649147,35
117162,265.88310671932294,30
117227,590.8326462676862,65
117261,305.0964615995494,34
117285,211.04941727671306,24
117322,332.8460977725439,37
117390,620.1188598530528,68
117417,239.09337846365796,27
117453,321.37660334010644,36
117474,181.57547922749663,21
117513,350.16958694212883,39
117527,118.4839019914793,14
117589,564.9663816463221,62
117626,332.3870177728006,37
117653,238.3427986711617,27
117679,229.0556686285758,26
117704,220.65093230683078,25
117746,378.6097901954918,42
117770,207.58696462497795,24
117862,842.8528146403959,92
117882,173.02235870853173,20
117892,81.9683015836696,10
117922,266.31232068257145,30
117969,425.87061033677776,47
118002,295.54141613485683,33
118037,313.7337940350344,35
118068,277.18749247759956,31
118086,155.68450324280215,18
118126,360.06934289996974,40
118164,341.30852727940254,38
118196,285.9854595419296,32
118238,379.60115678151976,42
118282,396.114595744859,44
118330,434.1632272307906,48
118354,211.4813760103884,24
118393,351.0934841281691,39
118420,239.3953808482584,27
118463,386.87038986200673,43
118487,208.55061612500256,24
118511,210.412515291173,24
118538,239.3909605263987,27
118570,286.190529781466,32
118597,239.03631401862006,27
118629,286.17275879318,32
118717,807.0577570687373,88
118752,313.84544632682326,35
118786,305.1991681334348,34
118813,239.34241309783735,27
118825,100.34494734156333,12
118838,108.39138665393862,13
118889,461.5486731972995,51
118927,341.2436960527849,38
118947,172.8789811800805,20
119038,832.6824076177024,91
119071,294.29799217554546,33
119126,499.2891477819791,55
119156,267.18591900853363,30
119235,722.5782448794184,79
119265,266.1721544460412,30
119311,415.0484171674944,46
119382,648.2365350744016,71
119436,488.82117652642995,54
119480,398.37232533435696,44
119521,368.39825282944577,41
119561,359.49615966246813,40
119581,174.32134000227038,20
119656,684.6257926293808,75
119744,805.6673653610816,88
119768,210.34302623740322,24
119793,221.24586279758705,25
119818,220.66795320306662,25
119939,1115.2249731064753,121
119991,467.9396465907217,52
120008,146.06440598721161,17
120072,583.0053532082372,64
120096,208.6892326100225,24
120127,275.7305844801359,31
120144,146.58705597116162,17
120227,758.5684409041578,83
120249,190.79750888980425,22
120322,665.4964034050184,73
120416,862.3236092583641,94
120452,323.277032615274,36
120486,303.8400424764903,34
120505,163.41465828943143,19
120517,98.776737398594,12
120614,889.2179902410226,97
120681,611.7223291194865,67
120727,415.0309881054439,46
120780,481.05115579081144,53
120794,116.80767643268672,14
120887,851.6060359720655,93
120915,248.32416512143175,28
120927,99.88418623432571,12
120967,359.49599215356017,40
121005,340.83940634660945,38
121062,517.9730034070873,57
121127,593.3355072087566,65
121171,397.1713471728395,44
121188,146.60948875848243,17
121216,247.22406462271283,28
121265,441.74391397245313,49
121304,350.6798580897519,39
121337,295.0745410750061,33
121413,695.9424839939204,76
121425,100.16965721740095,12
121479,489.95461316168445,54
121507,246.93279512723026,28
121530,200.5277854934516,23
121567,332.33380835128975,37
121625,528.5056735496202,58
121678,479.2936794527912,53
121742,581.6672259616389,64
121775,295.05972744615497,33
121789,118.23128243290168,14
121848,534.2906960756576,59
121907,534.8454700218825,59
121925,156.04129710160575,18
121942,145.1621067019029,17
121981,350.0782453426158,39
122002,183.71517312819694,21
122034,286.13954906756896,32
122045,90.9418069871369,11
122103,528.1745120344688,58
122160,519.4715172892971,57
122238,712.9727813594027,78
122250,99.7576901051648,12
122302,470.7796229611988,52
122362,545.1877767248825,60
122377,126.0094694061654,15
122409,285.14868187775966,32
122476,610.3060710103975,67
122512,322.47738408364256,36
122551,351.3997481316706,39
122637,788.0799690848188,86
122710,667.411823120211,73
122747,331.957210174254,37
122785,340.03960269249507,38
122837,471.99375655884455,52
122922,777.7555716380834,85
122942,173.05756513140244,20
123026,769.8563755385891,84
123106,731.8889333035906,80
123182,694.0833243406961,76
123217,313.9335990327777,35
123302,778.7880453887198,85
123364,565.2019744919619,62
123411,423.3162516883031,47
123461,451.9516244599967,50
123515,487.24885748679395,54
123545,268.10247778609295,30
123639,862.2046273498357,94
123678,351.1864036301389,39
123714,322.0347203878501,36
123785,648.1293667078489,71
123812,239.4093190475576,27
123972,1474.990289521939,160
124006,302.51141355542023,34
124034,247.65019761803933,28
124067,292.28237643627625,33
124096,259.027812332828,29
124123,238.19335692456968,27
124157,304.64358325989207,34
124250,852.8108539087154,93
124317,609.648036649791,67
124349,286.0147137447998,32
124381,286.08543339581865,32
124426,406.9273932446358,45
124442,136.68856519528237,16
124462,175.1009711295394,20
124562,918.7357114755757,100
124574,100.10799135632521,12
124589,128.509048770272,15
124617,248.78971464698205,28
124645,248.26349530258602,28
124693,434.97279547733626,48
124728,313.20376062384014,35
124784,508.24659166460197,56
124840,508.3822523142032,56
124878,340.94519453725536,38
125001,1132.971408074919,123
125040,349.6679718523336,39
125093,481.677630693693,53
125106,108.52058905171012,13
125209,946.5245528613683,103
125307,899.1763471354133,98
125382,684.6876350644371,75
125416,303.4102555601957,34
125481,592.9393149092622,65
125516,313.29272380702236,35
125554,340.7678153759462,38
125588,304.5690912600689,34
125635,424.55036788158503,47
125656,183.09743191491654,21
125699,387.85838374990703,43
125753,489.533526968631,54
125837,768.73951337795,84
125905,621.0532901532174,68
125934,255.8351353784084,29
125972,341.6720282426069,38
126005,294.1558589697644,33
126058,480.71060783795116,53
126090,286.1741216049443,32
126128,339.45091312063636,38
126155,237.37834455361912,27
126186,276.1248094188991,31
126225,350.2091395196936,39
126243,152.94582839683062,18
126300,517.7492256395713,57
126334,304.15128620221475,34
126380,416.40142549467816,46
126403,201.2153490474503,23
126476,665.6592566730693,73
126531,500.3683412777324,55
126560,258.07009261559796,29
126578,156.29558717022996,18
126635,518.4390775153712,57
126688,480.0102555365093,53
126760,658.016646366536,72
126800,360.2835149482288,40
126865,592.039664169759,65
126888,201.98362914468325,23
126961,667.60331592494,73
127000,350.96972348261875,39
127043,386.6029880263467,43
127088,407.3073836630595,45
127142,490.9185419234809,54
127200,527.9303968569823,58
127233,295.48496910613494,33
127262,256.4539813962071,29
127292,267.90244763082563,30
127329,332.89216060271946,37
127377,434.69754726055464,48
127407,266.9971538490107,30
127421,118.74451657747471,14
127523,937.7009295441417,102
127563,360.102883055821,40
127606,388.4145640915171,43
127664,529.4567072759161,58
127713,444.55492100483684,49
127795,750.0113136486804,82
127822,237.5242102130598,27
127846,211.46171480947444,24
127885,349.5032188018324,39
127933,435.36630520540405,48
127982,443.4474083642557,49
128026,397.2960218925327,44
128100,675.6085594302472,74
128127,239.52261246736833,27
128173,415.8563685367245,46
128235,565.167544765045,62
128296,553.9346923748832,61
128333,331.61275231591384,37
128374,370.2646968302526,41
128479,964.4688951087826,105
128519,359.5073681973756,40
128549,265.7970124057222,30
128605,509.9735898789092,56
128630,220.56573112327226,25
128654,210.7426951070763,24
128700,414.7435493448388,46
128771,648.2719169499991,71
128805,304.28944960509966,34
128856,462.7769317140146,51
128875,164.4732956140262,19
128904,256.75862536626653,29
128933,256.91719356169847,29
128978,406.9666539096259,45
129026,434.82764251999026,48
129068,379.567454895376,42
129094,230.55241564632664,26
129127,293.91479757704263,33
129151,210.7794708050251,24
129175,211.3524491561228,24
129215,359.30793764776934,40
129241,229.84529876820469,26
129271,267.2495529610873,30
129310,351.2500825703903,39
129339,258.8841679327637,29
129410,648.2808113946463,71
129485,685.3970488263683,75
129536,462.4048392101743,51
129591,499.81688038759347,55
129619,248.63867283301013,28
129662,388.4321373543579,43
129694,286.0380681699994,32
129724,267.505440736606,30
129790,602.7365885462289,66
129817,237.45250662463755,27
129843,230.38799991244687,26
129866,201.9657363960331,23
129907,369.83294397662996,41
129947,360.26302913745593,40
130012,589.2617672008093,65
130060,435.4287079107257,48
130164,954.509615313786,104
130195,276.6988034323546,31
130221,228.57425381463506,26
130237,137.19881463780212,16
130260,202.9979467723142,23
130291,276.33398092717493,31
130411,1103.5796804610297,120
130447,323.7860760469643,36
130473,229.08898040471058,26
130561,806.1757232452853,88
130610,444.3073517924154,49
130629,162.4781980177656,19
130671,379.2408044496703,42
130781,1010.9082705410699,110
130814,295.20097348450383,33
130891,703.9075242218538,77
130918,239.0584258131267,27
130940,193.43181659953336,22
130963,203.03473331983182,23
131040,703.8790712701957,77
131077,332.8536215365262,37
131113,323.5939863511178,36
131139,228.6302245183578,26
131234,872.9379735564415,95
131292,526.347710734608,58
131354,561.9937882210355,62
131388,303.5196391571944,34
131419,276.39178351139543,31
131491,658.2745787630641,72
131537,414.36452312093525,46
131561,210.3112517771419,24
131626,591.944640381146,65
131660,303.98265285732566,34
131801,1299.2416529241154,141
131833,286.4062959011634,32
131887,490.6405638881981,54
131946,536.8136627555765,59
131988,379.0706383095775,42
132023,313.18653169343054,35
132089,601.2418090813079,66
132121,286.09007592049403,32
132135,119.21774326037364,14
132166,275.78572716484496,31
132204,342.4609388305383,38
132266,564.7726705341468,62
132342,695.5310424267025,76
132437,871.1735221869358,95
132490,480.0033045009843,53
132529,349.8599436403942,39
132589,546.8500380958369,60
132659,638.0615968299483,70
132723,580.2926533853299,64
132768,406.3213708053943,45
132778,81.90326969958811,10
132871,853.7148632520394,93
132960,815.9460873019689,89
132979,165.3045907100452,19
133060,740.9650651397592,81
133128,620.8834579782825,68
133182,490.1936891295489,54
133252,638.1566434320753,70
133294,378.1777888408037,42
133309,126.01538092586017,15
133349,360.2752697325558,40
133389,359.212940389899,40
133425,323.02315683000495,36
133456,277.04162548559646,31
133612,1441.12394253541,156
133647,311.0878314618162,35
133679,285.3427845521621,32
133716,330.0298753724253,37
133759,389.12455206939916,43
133806,425.0517370979131,47
133861,501.08652362985936,55
133886,220.1958512417525,25
133920,304.0700490197516,34
133960,360.2141056401491,40
134024,584.7311013594633,64
134063,350.19175445736175,39
134139,691.5196118448335,76
134227,805.6376929102878,88
134250,200.20790704422643,23
134347,890.7194381471285,97
134377,266.4526516364541,30
134480,945.8292577298159,103
134567,795.7136579079025,87
134628,556.8306701690221,61
134638,81.98748445776168,10
134681,387.9317166474022,43
134722,368.2668826888243,41
134764,378.8827990427188,42
134787,201.35133563977516,23
134824,332.4619243573851,37
134903,722.3538506325737,79
134917,116.29077707604655,14
135060,1316.00949856783,143
135106,415.21997960908783,46
135205,908.9586512154959,99
135256,462.27096765056035,51
135293,330.4960978419855,37
135326,295.6743810479919,33
135371,404.3533256408872,45
135405,302.07186004177487,34
135473,620.4143993968195,68
135547,674.0041081541528,74
135572,220.37723992711997,25
135605,295.0640299282295,33
135667,565.2263752092069,62
135693,230.90092390154223,26
135731,339.3938829293065,38
135791,547.0652311629108,60
135838,425.7034781321297,47
135880,379.4592380495385,42
135930,452.3732708570158,50
136030,918.4998651345479,100
136086,508.2013307444304,56
136136,452.8919943546046,50
136160,210.09425109793557,24
136204,395.6203725321553,44
136241,330.2364598225782,37
136325,770.256259305244,84
136417,842.5091737506616,92
136454,332.9880332096348,37
136469,127.49984009875297,15
136506,332.25509912183065,37
136557,462.3590029375576,51
136591,304.98077317109363,34
136652,556.1232936016115,61
136698,415.4024922228207,46
136757,537.0677157034637,59
136772,127.35342259097423,15
136801,258.80783418629306,29
136852,462.24310137364904,51
136997,1337.8866824582515,145
137052,499.1936333332177,55
137083,277.39856434197384,31
137124,369.1846358977973,41
137164,357.0306760299085,40
137196,284.3932969696208,32
137243,424.4893158514755,47
137267,211.00959795460517,24
137306,349.9962384997422,39
137350,397.8599464105184,44
137373,202.1800739986947,23
137446,667.1849479431936,73
137513,611.7958408305062,67
137559,416.043091538577,46
137596,331.5248535909359,37
137648,471.6843266014602,52
137688,360.4047479771101,40
137729,368.62655199423705,41
137788,535.9719821975069,59
137809,181.988808133899,21
137861,471.77682554338594,52
137892,275.58518782807715,31
137935,388.29765982374175,43
137972,331.5877943905391,37
137995,201.29374086871803,23
138007,100.11810745054295,12
138043,322.7870517883705,36
138076,294.4181046146725,33
138117,368.7148151867071,41
138152,313.52414669253136,35
138192,356.9829976542382,40
138238,415.8366931203045,46
138283,405.2516490400088,45
138328,405.94549467566236,45
138387,536.5129751886465,59
138416,257.7561230654793,29
138476,545.4696454297376,60
138505,255.93563147079033,29
138547,378.03004121135,42
138560,106.70901615968091,13
138602,379.5335594970778,42
138648,414.8136186719881,46
138692,396.08428016157177,44
138731,350.5263784930074,39
138767,323.2672016858584,36
138800,294.88700826020863,33
138817,146.4647358186659,17
138847,267.2472375283342,30
138873,228.26985858811094,26
138900,237.6711239576947,27
138948,435.1391963120767,48
138993,406.5689009241035,45
139036,386.692144336032,43
139134,898.0458804971767,98
139152,154.5545486418454,18
139192,359.436209545229,40
139216,209.69547122054726,24
139267,462.4633753427589,51
139295,248.24427135527125,28
139325,266.9734572424259,30
139390,593.2591600062572,65
139419,257.542565504764,29
139588,1561.7433325732843,169
139634,416.41565331620336,46
139678,396.78861440314466,44
139700,190.8013209377662,22
139723,200.9097485086008,23
139803,733.1497257401875,80
139830,237.4974389465471,27
139930,919.5766373984212,100
139974,395.82129075459903,44
140030,508.48295612560247,56
140072,379.5494444516599,42
140128,509.2944727652933,56
140175,425.8693992627003,47
140243,621.2046185580087,68
140270,239.11723292932834,27
140318,433.71829623461366,48
140366,435.0179168804782,48
140397,275.7014421819256,31
140473,695.9666185828685,76
140500,237.29436714534748,27
140535,313.9957409633596,35
140622,796.5674572128102,87
140681,537.9879955970795,59
140774,853.016457055364,93
140798,208.31032112114764,24
140825,239.48074621112613,27
140896,649.3831022770827,71
140943,424.62336929957473,47
141010,610.198760940994,67
141038,248.28328308204613,28
141062,209.89203375941875,24
141088,228.64064779156422,26
141164,694.1174070141719,76
141187,202.37646647603066,23
141230,388.89343175621525,43
141294,584.2638572121429,64
141317,200.36143578920115,23
141382,591.1333261349118,65
141401,162.83274295582953,19
141448,424.96812603901,47
141483,313.405088125976,35
141532,444.1158180227114,49
141549,145.15313375869195,17
141584,312.59491706699333,35
141627,388.1761902260781,43
141662,313.50687264780373,35
141697,313.7920976900373,35
141753,508.6767991769464,56
141788,312.72967983486046,35
141847,537.98928695362,59
141880,295.0402425975955,33
141940,545.7078343999092,60
141986,416.7029803010519,46
142038,471.4736594426715,52
142069,275.89346093521414,31
142148,721.8741516094921,79
142194,416.4954049527038,46
142251,516.1047934501389,57
142295,396.8049935674861,44
142338,386.8355061902686,43
142360,192.6476435850342,22
142415,497.5725889815103,55
142432,145.90018219714722,17
142480,435.0023575972465,48
142517,331.596929563496,37
142535,154.31014210565243,18
142589,489.891797190488,54
142637,434.1291917769773,48
142658,184.5198920312238,21
142682,210.92785523150744,24
142712,266.5902227000069,30
142742,267.71763210222844,30
142777,312.94311219444364,35
142814,332.5337622724935,37
142858,396.22634875734,44
142892,304.83760191708024,34
142944,470.96985619803246,52
142978,304.80639437042163,34
143010,284.4976183811156,32
143044,304.5334140316061,34
143064,173.87657894824,20
143084,173.80220423485463,20
143158,675.3120501890938,74
143212,490.24968986314326,54
143277,590.4553243316093,65
143323,415.13475051159065,46
143374,460.1976975653917,51
143400,229.89325844830395,26
143436,323.3489312834503,36
143491,498.0496123171312,55
143530,349.8114162029426,39
143549,163.29933373566072,19
143590,369.77931214295586,41
143608,155.55002994590984,18
143616,62.76907120005726,8
143650,305.0807909699793,34
143706,507.8616944856713,56
143751,406.6482838340953,45
143784,295.57514859288943,33
143829,407.4439415512028,45
143918,815.3131344201599,89
143970,472.4790869502337,52
144002,285.94943234907566,32
144029,239.14749008358845,27
144052,197.60996869395245,23
144068,137.77491649234142,16
144093,220.45541107356917,25
144143,452.988630556404,50
144167,212.46128180036874,24
144195,247.45343606324136,28
144207,98.82753920069275,12
144259,471.7640920804355,52
144319,546.39170245248,60
144384,592.8231617397298,65
144419,313.01477917171314,35
144434,127.38810946222871,15
144500,602.2413752058259,66
144525,220.29140813250837,25
144549,208.9010655686495,24
144571,192.437163041633,22
144618,425.2731449862832,47
144733,1058.478441360242,115
144814,740.5706739361308,81
144837,202.59049169465013,23
144880,384.50668279844206,43
144914,303.762735436643,34
144942,248.7083135509679,28
144978,323.5508213635182,36
145006,247.43701461985486,28
145020,118.42853695378616,14
145045,218.39713920150388,25
145116,649.5086696366787,71
145151,314.57015743162594,35
145226,683.4704063519318,75
145258,285.15590016268237,32
145296,340.9134487665569,38
145332,323.5446990568282,36
145360,247.17339097988477,28
145404,396.60783272315786,44
145453,444.0081635827585,49
145485,284.2134846706155,32
145524,350.99482587368107,39
145575,462.86138393875916,51
145674,909.4046802028377,99
145707,294.8089881169134,33
145740,295.12277022472426,33
145768,248.41683143428793,28
145817,442.4715112590125,49
145868,462.39052406094817,51
145923,497.05342318625515,55
145982,536.8671341646854,59
146029,423.8880148463061,47
146040,90.18395709977791,11
146136,881.5481751679968,96
146191,498.10512961196736,55
146222,276.65686431546175,31
146267,407.2432817786842,45
146297,265.8179358678437,30
146339,379.06466147927586,42
146388,442.2480947966564,49
146408,173.58636744096927,20
146454,413.51990908717244,46
146476,192.68943707055215,22
146492,135.36215610343112,16
146565,666.3796315818904,73
146605,360.002496164516,40
146661,509.1769926125799,56
146703,378.8457381099873,42
146752,444.414867103964,49
146776,210.9222737061902,24
146867,834.196397684679,91
146904,332.77917237095943,37
146934,267.55375806913486,30
146984,453.7490951132974,50
147034,452.54571220509405,50
147051,144.55835146546798,17
147176,1150.038078189721,125
147222,415.1944026534447,46
147236,117.87573431266884,14
147264,249.19826218983508,28
147298,302.89032803941535,34
147333,313.7085514767524,35
147370,330.89465389235556,37
147396,229.9647070415427,26
147447,462.58692540375233,51
147469,192.98421544972248,22
147516,424.63374011072096,47
147559,387.6144979406182,43
147608,441.552400933607,49
147642,304.7933479831584,34
147688,415.7945768794747,46
147759,646.9651990475473,71
147782,200.49461736172256,23
147819,331.66283924326194,37
147841,192.00710047338927,22
147906,593.473500997262,65
147963,517.6018774103674,57
148043,733.5753107570218,80
148066,201.8311602583297,23
148092,230.4955373484216,26
148142,453.31883326538497,50
148185,387.6321150968382,43
148245,544.3501088432629,60
148302,517.8313969816304,57
148339,332.7428613282965,37
148387,430.65986039114676,48
148429,379.3662484391146,42
148472,388.76044226384755,43
148501,257.72747047966544,29
148525,211.7902098429615,24
148576,463.1736695273388,51
148653,703.5264681944749,77
148674,183.72304613927685,21
148750,693.530334017218,76
148797,423.9809346370487,47
148823,229.53364031115456,26
148869,411.66264799558735,46
148880,91.02002444106657,11
148895,127.31403990376585,15
148925,263.3885537823817,30
148943,155.65211329335284,18
148998,498.89200732778187,55
149035,332.5065786035789,37
149050,127.9457983797282,15
149100,453.5971777529987,50
149156,509.0713281215181,56
149202,416.96835487860164,46
149249,425.93871834383805,47
149318,630.3272110724918,69
149345,237.5558211647132,27
149392,425.0234327957768,47
149415,202.10908954800362,23
149475,547.2932807931602,60
149606,1207.48074107353,131
149725,1094.818954014144,119
149815,827.0135449353603,90
149851,322.35854354121585,36
149887,322.31372819573534,36
149945,526.3472242466,58
150000,500.1272534097684,55
150085,780.520667528496,85
150152,613.092362953308,67
150226,676.5772466017459,74
150283,518.6377020468691,57
150310,238.84501955499059,27
150390,734.0091580399181,80
150459,631.8827310303732,69
150497,342.01643616187977,38
150585,809.1145047530762,88
150649,583.3595484204516,64
150736,799.8996789167699,87
150818,750.5319480800877,82
150854,324.10126575826393,36
150876,193.96367821542918,22
150915,351.54308979802374,39
150976,556.181315393451,61
151024,433.43303191122646,48
151076,472.8036968588523,52
151103,236.59188200400433,27
151147,397.7126816119991,44
151292,1340.5064878559829,145
151365,667.5569376427167,73
151448,760.3633952406781,83
151499,460.98405413720184,51
151545,417.0016603262127,46
151691,1347.9757395154486,146
151858,1540.3236222101634,167
151934,694.5509835863924,76
152022,808.3303984973164,88
152087,593.8711470577947,65
152145,527.7421167289,58
152336,1765.3033126583364,191
152437,929.444065542216,101
152551,1050.5496866564781,114
152655,954.7556506143451,104
152675,174.21140807102734,20
152752,704.9333778879452,77
152821,629.4163678054495,69
152924,945.5556698736742,103
152964,360.0739786650785,40
153056,844.8290698597426,92
153159,948.043808631049,103
153232,667.0780553907524,73
153323,835.9759728293836,91
153364,368.6777420957263,41
153436,655.6139596812761,72
153454,155.2547081741214,18
153534,733.9514761813275,80
153796,2424.2938746798927,262
153821,220.997480519102,25
153923,939.0946693060293,102
153973,454.2843307262726,50
154259,2655.1104461525883,286
154341,751.5370291799096,82
154381,358.9562285557701,40
154545,1517.3584136875368,164
154600,498.7560105733375,55
154664,583.9825881292048,64
154759,873.4558797655432,95
154815,510.37974123200985,56
154953,1273.3878647502916,138
154984,275.2162048738477,31
155035,463.1891243976129,51
155181,1350.2198133387083,146
155291,1012.9886350357091,110
155324,296.0098393259792,33
155457,1227.6460663430883,133
155523,603.9521730394997,66
155604,741.8509799720259,81
155649,406.5876353579298,45
155662,108.52585032158501,13
155710,434.7067197031108,48
155784,678.2605823622008,74
155830,415.73880965016747,46
155864,304.3257717210945,34
155925,557.0035963988325,61
155976,463.29241146641095,51
156016,360.5155715371826,40
156071,500.75171977115514,55
156133,564.6631656365483,62
156196,569.7476016273705,63
156271,687.3927397183597,75
156345,676.0458941905886,74
156378,295.00485345718835,33
156420,379.05364686389413,42
156568,1365.2764752589942,148
156601,295.00426966291747,33
156666,594.3791701951752,65
156716,454.17401265091837,50
156761,406.3220228419555,45
156788,238.32623985994283,27
156823,314.07702296152706,35
156849,230.44421959143634,26
156921,658.728359041599,72
156968,426.4443359005738,47
157004,323.3339793064665,36
157042,342.2875360843581,38
157095,480.32117258230363,53
157161,602.5458900834905,66
157219,529.0093653896998,58
157291,659.0702728622055,72
157336,406.9218294165264,45
157384,435.2687031071054,48
157442,528.23728727775,58
157497,500.6792213113495,55
157550,481.4564136557415,53
157631,742.5263798617275,81
157675,398.2574633232305,44
157765,827.900461052124,90
157782,146.71112971317643,17
157872,827.507326174255,90
158024,1408.1400260817636,152
158093,632.9186255797323,69
158156,576.899311656215,63
158195,351.67180089818856,39
158239,399.26458618504495,44
158810,5315.034773183238,571
158888,716.937379398714,78
159011,1136.0457957018298,123
159057,414.08975594714883,46
159107,454.88220620662685,50
159164,520.5898174775924,57
159216,473.93295022200476,52
159279,576.8426187654201,63
159327,435.91399867737704,48
159665,3141.5760459017806,338
159766,931.0060068517913,101
159789,202.08786545947294,23
159823,303.72032933512895,34
159855,286.8561609867507,32
159886,276.665908326892,31
159910,211.65691129379485,24
159946,322.9583443129165,36
159974,248.94580287328108,28
160006,286.1403601939325,32
160016,81.58340931244781,10
160044,248.8368884395985,28
160064,173.59090598824403,20
160072,62.65069773497804,8
160105,295.8118762892828,33
160130,219.92099777567714,25
160164,304.7446343086707,34
160197,296.08562815777736,33
160226,258.1986935053796,29
160250,211.7242389471796,24
160282,284.6921131412002,32
160309,239.18919735711341,27
160346,332.70156871991037,37
160366,173.679870449065,20
160393,239.51840096740457,27
160421,246.275234886989,28
160451,267.71008036765227,30
160481,266.86319204270814,30
160515,304.06284611173294,34
160544,256.99274173589896,29
160576,285.9023432894695,32
160601,219.59267194247238,25
160633,286.0333297418516,32
160660,238.75025360168016,27
160693,295.53841660828977,33
160716,201.5387993068428,23
160743,239.06586318062347,27
160768,220.4734630200579,25
160806,342.31692963749254,38
160834,249.04553715121855,28
160862,247.66607606089943,28
160889,239.2796886036668,27
160918,258.5045939577828,29
160952,304.99188417979207,34
160981,258.1695646754146,29
161013,286.3840816940316,32
161046,295.6474615438001,33
161076,267.54174912316176,30
161110,304.454493108501,34
161127,144.6765009689436,17
161152,220.2961736671089,25
161163,90.74821098725282,11
161186,201.60369906169126,23
161216,266.743699075338,30
161256,358.19395987224965,40
161288,286.42714282380405,32
161295,53.514146208006544,7
161328,295.9903974120408,33
161362,304.71973214909235,34
161396,304.70227096092196,34
161428,285.5089046477425,32
161454,227.57447069377636,26
161475,182.96347242645064,21
161507,286.4627881730009,32
161537,267.76327032039165,30
161566,258.3542950050553,29
161586,173.69509054810965,20
161605,165.25579948478418,19
161649,396.1815312634764,44
161668,164.49219073405192,19
161680,100.45030438968234,12
161701,182.71471910906536,21
161735,304.5688918221604,34
161757,192.67799443107685,22
161789,286.02457842254677,32
161818,258.2252058852598,29
161863,407.5231994909432,45
161921,528.297148561019,58
161968,426.07154694572193,47
162006,341.5146142616106,38
162053,425.05905102061826,47
162098,404.96419285457824,45
162141,389.4411339568602,43
162182,369.6026420306492,41
162223,370.7013850419385,41
162257,304.4988170387176,34
162277,174.28742200020744,20
162329,471.526503071505,52
162365,321.6612691205904,36
162383,156.0126020073949,18
162409,230.59210173629216,26
162446,332.9600304870815,37
162477,276.9230582584208,31
162511,303.46485135202414,34
162532,183.6873710331392,21
162576,397.6961801378382,44
162612,323.80385910566656,36
162649,332.6040347790897,37
162666,146.969504877614,17
162703,332.8092923692547,37
162746,388.98290663053353,43
162793,426.0299802237953,47
162824,277.2567702382549,31
162851,237.687574543898,27
162901,453.7756616838023,50
162918,145.01935413256075,17
162948,268.19808735389245,30
162991,389.1270545075725,43
163040,443.92963243881593,49
163075,314.6499446209531,35
163124,443.35658010156226,49
163143,164.98379156926242,19
163181,341.74949361678534,38
163223,379.7231737181917,42
163260,332.5524327303054,37
163299,351.3537787682445,39
163337,341.53891343219124,38
163421,771.4929334566704,84
163493,659.7285199804687,72
163520,239.77798062370246,27
163558,342.3000048270539,38
163588,267.4858447223157,30
163632,397.8410496368757,44
163661,258.50441293750566,29
163699,342.021866495219,38
163730,276.40134358782296,31
163751,183.63484468559525,21
163782,276.47007625305946,31
163832,451.2829304574499,50
163852,174.73559060649993,20
163896,399.414047297277,44
163941,406.53590379073285,45
163983,380.8129545901014,42
164037,490.79547710178355,54
164070,296.0903208477008,33
164135,594.6596502651623,65
164166,274.0152025821282,31
164209,388.29801870419243,43
164242,295.83059235708555,33
164312,642.3087359585476,70
164331,165.3562508138285,19
164370,351.8044383194195,39
164402,286.53604001937657,32
164457,501.1907254282905,55
164501,395.90412651698523,44
164537,324.5352830054357,36
164556,164.70016643221618,19
164565,72.66389324594347,9
164587,192.72030888962675,22
164633,413.9689527487374,46
164679,417.7059848241725,46
164758,725.4558546361649,79
164805,426.77718190314937,47
164842,333.5532540732393,37
164885,388.70246028280303,43
164927,379.42969680900643,42
164986,537.8314847480898,59
165028,379.9935939584384,42
165071,389.7016861940734,43
165114,389.2902244401885,43
165165,461.446217820663,51
165215,454.9498086563121,50
165254,351.7581595784667,39
165291,333.91849738624876,37
165340,445.3424623515557,49
165379,352.96773280480085,39
165444,594.1017581912545,65
165487,389.3931815248265,43
165525,340.85193623274097,38
165567,379.54336607773257,42
165638,649.5122773558571,71
165669,277.1543077080097,31
165707,343.2612566822824,38
165746,351.92949476783485,39
165807,557.2638942398381,61
165849,379.97470209855464,42
165872,202.23814203025628,23
165903,277.3422449602705,31
165926,201.520909114966,23
165952,229.82699706835282,26
165976,211.28465409250538,24
166011,313.71484859700223,35
166039,249.18035971578612,28
166056,144.45485347505388,17
166081,219.49896983980346,25
166104,202.3084437542039,23
166112,63.417758384160315,8
166134,192.98752762513942,22
166164,266.94779854590377,30
166192,249.60126336871252,28
166201,72.29452596209062,9
166216,127.53361965173073,15
166240,210.8722802705791,24
166264,211.5373697882563,24
166308,398.6896047059834,44
166322,117.0645756072062,14
166339,144.38702300684287,17
166364,220.7444017793259,25
166373,72.84373673272205,9
166399,228.15797144472202,26
166434,313.8636347784401,35
166459,220.60320958618837,25
166493,304.1509485232853,34
166505,100.40377814396184,12
166537,286.2661960215896,32
166560,202.7708454074189,23
166595,313.8135752475517,35
166627,285.1854452035337,32
166656,257.5348664679308,29
166665,71.98151455756636,9
166695,265.996430364809,30
166731,322.16883957661787,36
166751,174.85263244571112,20
166784,296.2674648975613,33
166814,267.60800111238694,30
166823,72.62047190565072,9
166857,305.01939993420035,34
166887,268.16190594722036,30
166909,191.50754576002103,22
166948,351.2719621651218,39
166977,258.22209796274115,29
167004,239.21131488435614,27
167036,286.1014008207093,32
167056,171.73247691665281,20
167069,109.45597215749453,13
167103,304.2100198122792,34
167113,81.66123780814078,10
167143,267.7430549129858,30
167183,359.29899458120366,40
167211,249.0444931234976,28
167240,259.0954691745145,29
167269,257.4312611510705,29
167305,323.5347766609808,36
167334,258.3310676147769,29
167370,322.309832682245,36
167405,312.3919193954817,35
167414,72.50015031177877,9
167428,118.88546803553123,14
167437,72.83009897515629,9
167467,267.37086197527833,30
167497,267.51953717795044,30
167520,200.94987974436884,23
167528,63.326738885250464,8
167554,229.37052000245026,26
167586,285.16216726135747,32
167610,211.68796893950156,24
167625,127.10271342377986,15
167660,313.11009646595676,35
167695,313.79066602878066,35
167724,258.35916675197126,29
167758,303.95705965959274,34
167793,312.89940925972525,35
167823,268.08037252347833,30
167850,239.81396243027513,27
167883,295.36501825866037,33
167899,136.78789318350775,16
167910,91.02474748469298,11
167922,100.55497960058614,12
167953,277.1683131000294,31
167992,351.34757566558545,39
168013,184.15161330562748,21
168053,361.07292647430177,40
168101,436.2846937759585,48
168118,146.1081647544689,17
168154,324.78970831788945,36
168186,286.6357443032157,32
168225,350.23915476597415,39
168269,398.57101002277466,44
168290,183.8530290609873,21
168324,305.0415745945654,34
168362,342.81062877583884,38
168408,417.94944472430785,46
168438,267.790926927025,30
168468,265.1899185152613,30
168500,286.1188762094805,32
168524,212.4359776159586,24
168542,153.0892142950716,18
168609,612.1620884516454,67
168662,481.50106981262417,53
168701,351.0663397194511,39
168729,247.5671832683472,28
168762,295.4705792603291,33
168801,350.14552993536756,39
168827,229.1448761371477,26
168872,406.4960921575015,45
168904,286.5529902651654,32
168934,267.5477229143122,30
168963,257.0896482520359,29
168997,305.3593461358524,34
169025,248.45885883832938,28
169063,341.80262654859314,38
169104,368.6622857564833,41
169156,472.3745075999229,52
169173,147.0356713086205,17
169235,564.9741353294247,62
169279,399.4002853612132,44
169309,266.93047180346247,30
169340,276.4493444443548,31
169376,322.37402252906253,36
169420,398.70368810841853,44
169451,276.59436616991576,31
169500,444.6446739951994,49
169518,152.74126956035244,18
169539,184.1220695471523,21
169598,536.9109177938141,59
169651,480.7754094090916,53
169680,258.21316561663343,29
169724,397.56663944933695,44
169757,295.87365405577845,33
169804,426.8797674626904,47
169826,193.25736891111296,22
169859,295.2516742202832,33
169894,314.787376723508,35
169912,155.31943530335607,18
169970,528.4129463090621,58
170023,482.35883813252747,53
170074,464.09019533555914,51
170120,416.07178461546755,46
170138,154.45124777421236,18
170162,212.13692955502708,24
170180,156.03881482428454,18
170220,360.8376120948507,40
170246,228.98335185213455,26
170283,332.919887091372,37
170321,342.8433885169986,38
170358,329.949395715987,37
170400,378.8417664618036,42
170428,247.36671341497316,28
170457,257.43859315502556,29
170491,303.6283707563992,34
170525,304.79487798488583,34
170560,312.71984803492563,35
170579,165.65239390198786,19
170600,183.95449307836896,21
170634,305.4201653065988,34
170655,184.46698117309253,21
170684,258.0599684342918,29
170706,192.85271476369954,22
170763,519.7763390096056,57
170809,417.05924853360136,46
170863,491.9093732589458,54
170902,349.5349792077698,39
170977,685.8376651650348,75
171032,497.8720323990039,55
171077,407.8797359716652,45
171125,431.83822014549713,48
171168,389.10830294752805,43
171181,108.40857406927005,13
171202,183.77801138221938,21
171235,295.3677195577129,33
171280,408.22127383279616,45
171316,321.3119973587367,36
171338,193.1366930278801,22
171358,175.32356995355556,20
171397,349.43620031767625,39
171469,659.5815186807278,72
171505,323.2876654059028,36
171542,331.0514747231353,37
171574,286.38414928042704,32
171632,529.063936491561,58
171667,313.89161463720455,35
171696,256.71257947135723,29
171748,473.4693883535137,52
171764,135.91235736920828,16
171804,360.8509907797915,40
171855,462.1612950608012,51
171916,556.8842516251384,61
171952,323.6125371742336,36
171984,285.7803927703333,32
172020,322.95918111642567,36
172047,236.75289641472227,27
172114,613.0561799464896,67
172139,220.88599557573968,25
172194,497.72935664216294,55
172282,805.9883422252786,88
172339,517.9629732333916,57
172374,313.68819395213467,35
172425,460.4251592272418,51
172473,435.76575561985857,48
172512,351.4809561099376,39
172564,472.7505795470421,52
172587,201.90163028399755,23
172623,323.88885370324755,36
172666,388.3136166681368,43
172712,416.92879902936534,46
172742,265.7124002121899,30
172789,426.650543837913,47
172846,518.3928712888186,57
172885,350.8908017340522,39
172929,397.48412737040934,44
172977,433.75751865603735,48
173042,593.8456213557703,65
173088,414.96192138536793,46
173118,267.32630858674446,30
173186,620.7300604076688,68
173215,257.34073598512623,29
173277,564.9030892920096,62
173338,556.3861733433063,61
173356,156.25476130560034,18
173447,835.7113204146674,91
173467,173.8080630658634,20
173526,536.8469107799117,59
173546,174.29119548307082,20
173568,192.53995489279367,22
173609,367.3799126975029,41
173688,723.6604617135654,79
173741,480.55083327941844,53
173773,286.6183588725037,32
173790,145.87307257822,17
173855,594.2670145220892,65
173916,556.0131034428847,61
173957,369.175129525919,41
173983,229.4619109067058,26
174024,369.86476547041843,41
174064,360.6438419093642,40
174179,1058.4512621954702,115
174369,1759.1819906571031,190
174432,575.9168451802107,63
174506,676.8898400192419,74
174703,1825.4572977354153,197
174766,574.8709978307071,63
174897,1208.5538038089285,131
174979,750.1602893954179,82
175101,1125.4365193152823,122
175200,908.2072248719293,99
175286,790.0146737971303,86
175448,1498.140241554456,162
175514,602.2627115414775,66
175573,534.9459638194379,59
175653,730.5367112992573,80
175700,424.4401894756572,47
175727,238.80878764704687,27
175747,174.76745368618836,20
175785,340.0725343662732,38
175879,862.5549495424733,94
176022,1322.1835216730137,143
176130,995.0678366874847,108
176223,856.1636463647291,93
176261,341.43279284125424,38
176372,1022.9637924272781,111
176521,1377.5953451155558,149
176608,799.0266044160586,87
176706,900.4614463012089,98
176854,1368.0374749314938,148
176892,339.9790873575389,38
177216,3008.0239838618686,324
177225,72.28680170771659,9
177494,2497.3959648408295,269
177612,1089.2730552525263,118
177652,359.46526411477777,40
177917,2459.628571402792,265
178273,3310.038370977257,356
178419,1351.6191683202767,146
178477,528.69294301979,58
178546,631.0506342735707,69
178594,434.4813191742869,48
178697,950.4788993138533,103
178808,1021.9534201408106,111
178816,63.014165025082164,8
179140,3013.114693230646,324
179226,790.6358815958121,86
179293,613.3021340174498,67
179371,715.8140447361319,78
179450,725.525043374694,79
179578,1183.70454056203,128
179694,1070.4248398712593,116
179708,117.46768305878506,14
179746,339.9023938783723,38
179811,594.2518577698527,65
180088,2575.1309291698685,277
180182,865.3116328314075,94
180269,799.9383586707162,87
180365,883.5504087967502,96
180518,1417.1766048266759,153
180692,1614.2164904378299,174
180895,1882.1730166643788,203
181014,1099.7526190010008,119
181090,697.3553145481842,76
181193,948.3569262091825,103
181340,1360.921879026064,147
181410,640.7473323474072,70
181531,1117.2586273005008,121
181588,519.7227360729016,57
181731,1324.270019600214,143
181814,762.7100309010482,83
181874,547.7863540791532,60
181949,687.8353454436505,75
181997,435.5946629948076,48
182007,80.88093435392011,10
182024,144.61413414384148,17
182071,425.8140357821111,47
182142,650.4564991355884,71
182212,640.6011750646303,70
182289,706.6337839161594,77
182541,2339.953026862618,252
183048,4721.251186632816,507
183270,2059.79642927827,222
183318,433.6807609231408,48
183872,5161.591751535957,554
183889,143.93799561993137,17
184084,1809.0832609710806,195
184364,2601.336411261021,280
184469,967.4999423502488,105
184544,688.3167320518131,75
184599,501.4769290554173,55
184726,1173.9596781206399,127
184764,342.97067943644697,38
184834,641.4978226412844,70
184917,762.7318259283423,83
184949,286.271285035496,32
184975,230.47214816479368,26
185041,602.6837475057666,66
185095,490.01185523680414,54
185114,165.47196441085907,19
185260,1351.413276015939,146
185332,658.6731279598777,72
185457,1154.277862111977,125
185492,314.09514707712566,35
185529,333.09629046805986,37
185600,650.9114086772333,71
185631,275.93478545647406,31
185682,462.8763374182187,51
185760,714.0290389616302,78
185916,1442.676679890542,156
185935,164.95202537517503,19
186005,639.2679189376773,70
186088,761.8334867074935,83
186236,1369.5961296516616,148
186252,136.30033743087176,16
186300,436.3424073836566,48
187300,9343.21742119069,1000
187355,498.0362281531314,55
188090,6851.4714647792,735
188482,3647.9488090310756,392
188532,453.86560506696236,50
188570,342.92449460205984,38
188618,436.679776815718,48
188666,435.8178726304368,48
188704,342.34215653818416,38
188752,436.4527933195369,48
188773,183.1413584651177,21
188783,81.56619113412616,10
188836,482.0917893028616,53
188883,426.3752627519624,47
188926,389.12924787050423,43
188981,501.75018696067184,55
189023,379.46552109965467,42
189081,527.0454528029936,58
189118,332.8372785429722,37
189136,155.14239641218703,18
189188,472.41532012519156,52
189239,463.72199151987775,51
189281,380.063985656369,42
189319,342.05284587698833,38
189329,81.15713569769687,10
189367,342.47441335365437,38
189425,528.7058426064438,58
189470,408.40171163840495,45
189513,388.78959905908846,43
189556,387.87920660575986,43
189612,510.9069540065689,56
189646,305.1789239787274,34
189659,109.06732269591647,13
189699,361.5786595811841,40
189755,509.62154412159305,56
189797,380.53486332726567,42
189810,109.09955332025933,13
189820,81.04563263352564,10
189833,106.46883292662257,13
189886,482.50733909111085,53
189933,426.4599154041088,47
189983,454.9127569447556,50
190027,399.48864976868487,44
190074,426.9238430169079,47
190125,463.62986396931615,51
190139,119.02273647466302,14
190187,435.7407186559228,48
190224,333.1981934083054,37
190235,91.21728719876533,11
190290,500.5552068731185,55
190325,314.68664602468374,35
190361,323.95644573038544,36
190405,399.17473038248954,44
190418,109.38923819175577,13
190463,408.2794509449865,45
190518,499.1427192821736,55
190539,183.2794934713764,21
190590,463.8355832514473,51
190668,715.4364583732198,78
190740,656.9592790375834,72
190810,641.6982423817258,70
190827,144.89154772263203,17
190889,566.1334993404755,62
190904,126.94240333390773,15
190923,164.86686710261066,19
191005,749.8849459663509,82
191067,564.2767303381064,62
191121,492.6221787027804,54
191138,145.3334861306056,17
191152,116.6694385656201,14
191210,527.1786342720222,58
191270,548.267110975243,60
191392,1126.904558579478,122
191455,573.7108512515623,63
191521,603.3231579719359,66
191588,611.3808332458027,67
191651,575.7808442327064,63
191660,71.8046003899485,9
191735,688.7337157213103,75
191743,63.04110882122886,8
191806,576.6690396238961,63
191863,519.7136621411765,57
191926,576.2360126282964,63
192038,1032.8468300357886,112
192077,350.97923619965565,39
192131,492.079881371702,54
192187,511.3187936051432,56
192249,565.8769642482239,62
192313,585.699602708333,64
192361,435.79012525619106,48
192387,230.36482052465695,26
192436,444.12996098760095,49
192478,380.0505194902896,42
192521,389.57926048217263,43
192668,1357.94548561478,147
193044,3499.7653831847197,376
193577,4969.661219563083,533
193869,2715.0363663336434,292
193959,825.6733160244538,90
194161,1872.629269991934,202
195033,8137.799368176591,872
195464,4012.1365835382253,431
195823,3342.2986768215333,359
196082,2403.8546799531837,259
196116,304.032659431449,34
197116,9351.845222952501,1000
197193,704.9180699499389,77
198193,9354.784893183865,1000
199193,9345.0898963435,1000
200193,9343.128822381092,1000
200768,5355.449423332033,575
200792,209.10226702738603,24
201792,9344.443426302943,1000
202608,7611.384877002573,816
203608,9345.602103668465,1000
204608,9345.937356349488,1000
204845,2202.5807911229385,237
204907,567.3670062974636,62
204943,322.44391328042445,36
205038,875.7601008306478,95
205105,613.8058559341289,67
205176,651.9471107579212,71
205214,343.22679397868353,38
205254,359.8037770444728,40
205263,72.62073318806276,9
205316,483.4234948415287,53
205371,502.7413495798279,55
205419,436.58617214994786,48
205466,425.7727629455528,47
205544,715.8520963330989,78
205623,724.4215809045278,79
205692,631.8112278452961,69
205708,135.95725745109888,16
205758,455.46202617710776,50
205812,492.5123580661956,54
205861,446.2719634354661,49
205917,511.47673116399346,56
205974,520.9879561797226,57
206032,530.2223888485014,58
206075,389.7540010671087,43
206147,660.8257059919979,72
206219,660.4869510235735,72
206244,219.91347817063692,25
206295,465.152648239547,51
206345,455.797430920721,50
206380,311.62378722445,35
206442,567.7334795371052,62
206512,641.8617857643299,70
206560,436.9409129422217,48
206605,408.5059618006348,45
206654,445.7707511005786,49
206686,286.9892442827048,32
206744,530.2808585434308,58
206800,511.1911183082021,56
206861,557.5645866731444,61
206872,90.79952772258689,11
206924,474.0873880041693,52
206949,220.70295707071347,25
206973,209.08798541979337,24
207012,352.3786716046216,39
207053,370.5104333261563,41
207094,371.49644324899486,41
207149,500.7944078750918,55
207186,333.91070968946065,37
207221,314.76161505787144,35
207229,62.59977407297639,8
207275,414.74831407899836,46
207311,324.5130462107277,36
207330,164.27486688331146,19
207351,182.62724213091673,21
207407,510.82328605427426,56
207456,446.1791359328404,49
207474,155.28469462370742,18
207549,688.6282163143337,75
207611,567.4500407926191,62
207647,322.75537100180776,36
207752,967.676056448755,105
207809,520.3754375998383,57
207869,548.4780254151425,60
207931,565.2177133691375,62
207993,567.2401051752521,62
208134,1302.5558638174753,141
208179,408.48959667623774,45
208217,343.5594046556558,38
208250,295.12690054255694,33
208283,296.88521752864915,33
208357,678.8917760598375,74
208418,557.7932926206145,61
208468,455.19691579678306,50
208522,492.65305660349696,54
208556,303.8025707357847,34
208592,324.66557117647915,36
208633,371.23606292501734,41
208677,399.54084156925603,44
208690,108.62725657637594,13
208784,862.7989683042297,94
208805,183.39444534804508,21
208816,89.62090470373991,11
208830,117.67780208523698,14
208871,371.31907454195726,41
208906,315.26282298755956,35
209026,1110.0611783653353,120
209070,397.8155257239165,44
209149,725.7698534729456,79
209208,537.7792454631107,59
209217,71.67020677358992,9
209310,856.2210420623635,93
209369,535.9380000497238,59
209419,455.5267816793592,50
209560,1305.7955088260003,141
209649,820.2290724079036,89
209732,763.8114868911449,83
209795,577.1043025868804,63
209853,530.2721242222148,58
209914,555.7115249392906,61
209930,136.73780416749423,16
209940,81.01922099982973,10
210022,753.0039735925234,82
210085,575.4342869620463,63
210150,594.483623817683,65
210202,472.0851658098577,52
210210,62.76368156617219,8
210282,658.7335405631561,72
210301,164.8272346199128,19
210345,398.52366332884606,44
210355,81.76444730698356,10
210410,500.9783455968084,55
210472,567.5594400425085,62
210525,482.2693553330959,53
210559,303.9508751714165,34
210620,556.2833844482535,61
210675,499.36898625746875,55
210688,107.31727887034627,13
210733,407.70531280780875,45
210763,266.2716290613626,30
210826,576.587046143657,63
210877,463.21556594634035,51
210936,538.0202919080511,59
210985,445.7423307737237,49
211007,191.41177310715742,22
211052,406.4842923134822,45
211093,370.5620849641793,41
211105,99.54886607597173,12
211130,220.55166810682277,25
211196,602.7421494265,66
211241,407.18600711505246,45
211293,471.5307522166396,52
211406,1040.9578047059424,113
211458,472.0571332699443,52
211530,657.9860695299103,72
211582,473.0135796841805,52
211603,181.39784179662345,21
211625,189.86313402677092,22
211669,398.09909957647596,44
211735,601.895498575189,66
211808,667.3718480767618,73
211862,491.1991793352245,54
211908,416.5577488805594,46
211933,219.5882955408209,25
211998,594.1042258520926,65
212064,602.9758694877607,66
212124,546.7224052798197,60
212135,90.28684053277249,11
212170,313.8180922064138,35
212248,714.7701356904064,78
212285,332.46076608938307,37
212324,351.50965438136194,39
212401,705.0725792416262,77
212451,453.99139497736616,50
212548,892.0075552621712,97
212574,230.356091573912,26
212643,629.9200994961666,69
212651,62.530681316709384,8
212702,462.57745625455414,51
212713,89.66272687817656,11
212754,369.7805388756979,41
212798,396.7223982401019,44
212847,445.0413253666954,49
212921,678.1232550214984,74
212986,594.6042129121109,65
213017,276.4028232379371,31
213061,398.59629394614046,44
213102,369.80250769617237,41
213135,293.94749255164646,33
213219,770.3782170365934,84
213278,537.4701332775426,59
213334,509.1509231002623,56
213414,732.8872081985139,80
213473,536.7108473902956,59
213512,351.6706714674361,39
213584,656.6695282188364,72
213601,146.3888942886955,17
213649,434.9318236429954,48
213667,156.04685901215367,18
213767,918.7134423240511,100
213808,369.69087175727964,41
213868,546.2797756221942,60
213880,98.90037761559218,12
213893,109.30645885192796,13
213947,491.85955764933965,54
213990,387.6017209218192,43
214019,258.3518765886109,29
214032,108.47060623874344,13
214063,274.5727891352365,31
214071,62.85660955144592,8
214133,565.2924890470806,62
214177,397.1840871962885,44
214247,638.1701152610548,70
214296,443.71801357916775,49
214417,1113.1116133943888,121
214481,584.2229621634286,64
214505,211.8101066281397,24
214578,667.3425733544378,73
214590,98.90229739690034,12
214627,333.08015064143194,37
214636,71.99803451079949,9
214751,1059.1831552446208,115
214800,444.167475002331,49
214876,695.9778072919095,76
214890,116.03716443451168,14
214951,553.4555447738784,61
215007,508.97173816012094,56
215018,90.65632976527885,11
215063,407.8621472368508,45
215102,350.5681185097599,39
215141,350.73914131498583,39
215182,369.0598889091974,41
215245,572.4573367646726,63
215294,442.09106276818096,49
215309,127.69632038163859,15
215348,350.747368205711,39
215415,611.8184144374432,67
215430,127.59081371773493,15
215502,657.385336232981,72
215540,341.0875091706887,38
215586,414.60756400758703,46
215631,407.21784525214576,45
215690,536.0036363287932,59
215766,695.9348653665108,76
215795,256.0092081252681,29
215819,212.18175321108623,24
215845,229.00282501761458,26
215861,137.0103884912187,16
215874,109.49337512992842,13
215918,397.7488820696622,44
215957,351.43879757831274,39
215971,118.60101055534858,14
216019,432.990050428721,48
216060,367.9625848123574,41
216085,217.9160408018827,25
216102,146.43591005577417,17
216162,547.2603325380652,60
216238,696.830997504276,76
216297,536.8882126078763,59
216363,602.672689298127,66
216380,146.4064153986349,17
216435,500.15404101059346,55
216446,89.74112813555739,11
216461,127.21458808649378,15
216493,284.44454628456157,32
216579,788.837929283416,86
216590,89.92927633603469,11
216643,481.29721258354306,53
216695,472.6381554947741,52
216704,72.55688718831487,9
216725,183.18205276106312,21
216761,324.0331794372431,36
216785,210.33051779093685,24
216804,165.18680599934711,19
216826,192.42690522163193,22
216887,556.1383469245502,61
216923,322.72790769650777,36
216956,295.01693149851604,33
216990,305.1483689175594,34
217035,407.4050632837176,45
217067,283.9297006996595,32
217108,367.92261145054135,41
217131,201.87987451210975,23
217170,350.45388613285195,39
217211,370.0189830138741,41
217242,276.7312466487204,31
217270,246.50993786442626,28
217301,275.4878318956396,31
217319,154.24064378105118,18
217338,162.21531705674175,19
217383,406.7703993744798,45
217391,62.844763533370156,8
217402,90.4408542722446,11
217448,415.45900146351937,46
217493,406.29952031199053,45
217511,155.45855391275052,18
217549,341.8718460092611,38
217556,53.54780701732036,7
217594,340.0944574547393,38
217602,63.02595408121612,8
217609,53.44368450590017,7
217644,313.1068198035208,35
217678,303.51724260888597,34
217697,165.16595456376027,19
217704,53.49415623767977,7
217738,303.9038012582107,34
217745,53.67768794411332,7
217778,295.5593588439208,33
217829,462.6144219548032,51
217882,480.501643682653,53
217932,453.0080994394217,50
217970,342.25922820788156,38
218008,341.1929443034943,38
218016,63.33577434055074,8
218048,286.18963240993924,32
218101,481.43425478653967,53
218134,293.69834571455135,33
218154,171.41156166099475,20
218169,126.79014127794203,15
218186,144.72878236242525,17
218197,89.71241541261574,11
218223,230.3861809446862,26
218269,416.5637484111751,46
218289,172.7760749468431,20
218350,554.7755940571865,61
218366,137.61047628481668,16
218399,294.6700817366705,33
218429,265.976488883267,30
218469,361.18102852485566,40
218507,341.4791535965818,38
218562,499.0883739408106,55
218611,443.07673437970095,49
218644,295.09781925262837,33
218653,71.80308152930918,9
218686,295.2081756899331,33
218724,342.5572722862333,38
218736,99.24247538404286,12
218767,276.75160549397623,31
218774,53.36587380070778,7
218798,210.8352942293379,24
218870,656.376910772866,72
218912,379.0209212922271,42
218925,108.94566928429586,13
218974,443.2730126251059,49
219004,267.1288759561344,30
219048,395.18594999446344,44
219097,442.7906925005936,49
219112,126.3145019060605,15
219138,229.3739929562004,26
219202,583.373890844873,64
219250,435.3261734054471,48
219304,490.37274107086756,54
219332,247.33672439046248,28
219346,118.29751046047934,14
219399,481.76819780360665,53
219407,62.864642583200755,8
219484,705.2642393596218,77
219517,294.4632311937263,33
219565,435.1557084917131,48
219621,508.4215242197507,56
219647,229.61816167087505,26
219705,527.6846739999836,58
219725,173.45904100175048,20
219754,257.19293969498415,29
219792,342.23918686197214,38
219837,406.9230563060801,45
219872,313.1975986390393,35
219966,861.0289785575253,94
219997,275.04215790214715,31
220045,435.81792048930095,48
220092,426.1113547943313,47
220126,304.5163724585675,34
220158,285.0294118148628,32
220167,71.89063180166866,9
220275,993.6978161699361,108
220302,238.94353502435146,27
220360,527.9679886432114,58
220412,472.72391295550943,52
220438,230.58835997222627,26
220480,378.6926111904276,42
220562,750.1329983799471,82
220643,742.146274542947,81
220666,202.32079847719604,23
220717,462.8065925672068,51
220762,406.418628598923,45
220775,107.3141065135039,13
220829,490.0717396894316,54
220861,285.3034838066444,32
220917,509.26490327408703,56
220968,462.5399275710274,51
220992,211.1817283372827,24
221118,1162.1589656862707,126
221177,537.6511813344276,59
221209,284.6724847885832,32
221252,388.43582081412274,43
221285,294.2482795543588,33
221346,556.1995309920194,61
221413,612.335467895793,67
221459,416.579621303245,46
221484,220.09371551616724,25
221531,424.89562932748805,47
221576,406.4080958408307,45
221616,360.1969248224876,40
221668,468.5722272028346,52
221694,229.81463778792246,26
221744,452.7617050034161,50
221795,461.6064851152279,51
221832,332.48793805726217,37
221892,545.7187929627512,60
221933,369.8223862906544,41
221946,109.03722064108085,13
221999,481.08007400178997,53
222063,584.3805119171283,64
222124,555.5154035123068,61
222174,453.69164550006104,50
222188,118.54474109007458,14
222201,108.25659313102258,13
222235,305.19660414420525,34
222273,341.63825978067854,38
222314,369.87648768556477,41
222359,406.52432695927786,45
222402,386.4088467537694,43
222455,480.9575869912569,53
222502,426.618864574336,47
222549,424.9524902051636,47
222585,322.94065207367953,36
222617,285.70932032891244,32
222648,276.13387367383314,31
222687,348.9186890092196,39
222736,444.0344285326595,49
222782,416.0700780525465,46
222797,126.09923004725671,15
222832,313.47258388720803,35
222877,406.5800978664707,45
222932,498.94383897429344,55
222978,415.84594980526504,46
222987,72.74359492733318,9
223040,482.1408695802357,53
223096,509.3861016504606,56
223186,825.8580472702084,90
223218,282.45753263043815,32
223260,379.0845538975016,42
223326,600.4997021049755,66
223429,947.4169414018929,103
223467,340.9155001727562,38
223537,640.3911930299278,70
223614,704.2098107495266,77
223655,369.1793390753296,41
223708,481.96837587410573,53
223739,274.7863745671344,31
223810,650.0980207972747,71
223848,341.0642204953496,38
223881,294.26605102157924,33
223924,388.24628466032993,43
223964,360.801453944483,40
224010,416.65449677811785,46
224043,294.5783862399951,33
224077,304.75933333269245,34
224124,426.25036552066194,47
224137,109.23345787033556,13
224194,518.9689893336524,57
224228,305.3472196505415,34
224278,452.2534158179585,50
224313,314.1993354873666,35
224368,500.3381922981232,55
224413,407.1327835502199,45
224484,649.4918139249888,71
224530,416.8587244735189,46
224562,285.6615724565655,32
224610,433.71185122607085,48
224661,462.28089994119364,51
224701,360.26822362458245,40
224739,342.160329576411,38
224783,398.39447890164604,44
224818,313.10937893103164,35
224852,304.810780975892,34
224869,146.0171919528797,17
224918,443.65572085381905,49
224989,649.4713964082468,71
225019,267.3662755484772,30
225055,322.73181425735004,36
225108,479.68619328900786,53
225143,313.6642890434649,35
225176,293.237997614403,33
225210,304.0577624486372,34
225251,370.51514422944115,41
225300,444.1379159450867,49
225330,267.27705859547467,30
225351,180.60574689400178,21
225385,303.08862880530324,34
225399,118.31929388868407,14
225436,331.1389426533347,37
225466,266.546509213358,30
225523,518.3406556976629,57
225595,657.8503323683266,72
225629,304.61062571910594,34
225657,247.76680904365122,28
225703,416.99156822739525,46
225744,369.79239773722406,41
225757,108.68753509205968,13
225785,248.80618905526757,28
225825,360.6347060746314,40
225854,257.5891304168764,29
225895,368.9652824638319,41
225952,518.1232702507252,57
226005,481.0294090612149,53
226044,350.7723435895249,39
226076,285.16568269042864,32
226112,322.5695128804658,36
226125,108.64660640000665,13
226159,304.95995509619996,34
226202,388.29988942140983,43
226220,156.24901402530483,18
226257,332.5170020888404,37
226285,246.88693216752552,28
226321,322.75675939098926,36
226354,295.51023974850807,33
226402,434.5550421796522,48
226437,313.7848567130837,35
226470,294.81352506558574,33
226508,341.38017395340563,38
226523,125.95239842728947,15
226595,658.552315369772,72
226644,442.91724110401185,49
226655,89.98152554145392,11
226694,349.6352218503678,39
226733,350.136540319138,39
226784,462.6038237214101,51
226820,322.89788557075667,36
226858,339.5047457565129,38
226907,445.020780008202,49
226944,332.6505514463109,37
226983,350.7422296587002,39
227020,332.7414365826538,37
227053,294.66399634984185,33
227082,256.7934418541727,29
227125,388.4049737492999,43
227149,211.49568154039613,24
227190,370.50600591838423,41
227224,304.8388682169687,34
227240,135.98868869677648,16
227280,360.20148723355396,40
227322,379.46952073908074,42
227368,415.245647847953,46
227443,686.6927756158705,75
227484,370.227009743351,41
227520,323.1143328804375,36
227551,276.31282525591985,31
227603,470.368725120989,52
227651,434.03187352231714,48
227690,350.2441650459833,39
227744,490.11651708642063,54
227788,397.6612756989565,44
227828,360.24656646673384,40
227867,351.13555459768224,39
227926,536.33328020327,59
227962,322.4952309451838,36
227986,211.10286779588185,24
228043,518.3668816296612,57
228056,108.6798806828272,13
228109,481.85212885524896,53
228152,388.40195657972,43
228208,509.1673636920749,56
228245,331.2581864051477,37
228275,265.85514980591336,30
228290,126.10641175047033,15
228307,145.15624979727755,17
228360,480.9218012081655,53
228403,388.26021840476835,43
228435,285.5744977004331,32
228468,294.33834273863044,33
228517,443.7262245596857,49
228579,564.8322554428478,62
228621,379.6759507432933,42
228660,350.346899527766,39
228732,658.0569915187468,72
228769,331.7019482709434,37
228839,639.6866120713779,70
228875,323.7418712436866,36
228932,518.9151247927637,57
228961,257.4280783827964,29
229017,509.05076432497526,56
229057,360.97827806959486,40
229075,155.0583847722689,18
229114,350.9485177662436,39
229179,593.9441781794409,65
229217,339.5601344817249,38
229265,434.82798625244203,48
229307,378.3700400674149,42
229365,526.9448770327081,58
229424,536.38634613803,59
229464,359.9235508925175,40
229496,285.5896474986375,32
229554,527.6040241913894,58
229598,396.54582743050156,44
229680,749.3806828204787,82
229718,340.9818726211395,38
229765,425.9058843645307,47
229806,368.6142851126021,41
229827,183.13230701613728,21
229869,378.91300573084436,42
229899,268.0207704497703,30
229910,90.49995500154866,11
229968,527.4527668009432,58
229978,80.85323885323533,10
230034,508.6613389004241,56
230082,433.2244535490605,48
230115,295.6162958956119,33
230172,518.2588143385735,57
230226,490.671030335468,54
230276,453.70000987006046,50
230310,304.6572791726857,34
230328,155.23390966769696,18
230362,305.05201578368343,34
230387,220.55084886154148,25
230473,787.5675736393696,86
230503,266.9403583416346,30
230540,331.98961287423856,37
230564,210.2505329527431,24
230619,500.6843954166744,55
230678,537.3145655990872,59
230708,266.92289151369863,30
230750,378.42672616918674,42
230815,592.2519152140338,65
230867,471.6856568852683,52
230930,574.0060505715483,63
230953,200.16197687766476,23
231010,517.3865111974043,57
231040,266.36123401575196,30
231071,274.79211033557283,31
231138,611.272731471249,67
231240,938.4286421565656,102
231272,286.1028968132702,32
231329,518.8660806885503,57
231378,443.4466482791274,49
231425,424.7519857763107,47
231441,136.35351120790745,16
231489,435.2275862380712,48
231533,397.99634942633355,44
231567,303.7958728351566,34
231628,554.2997147151486,61
231673,407.66171688334424,45
231732,537.4083974847565,59
231773,370.49587906118967,41
231827,491.3888865339755,54
231883,510.10983169622574,56
231926,388.8542318316047,43
231972,415.8648568713916,46
231988,137.23370104522047,16
232045,519.1031630089846,57
232085,360.5145218975194,40
232114,258.12792016316337,29
232147,295.26277755631816,33
232179,285.92109735791524,32
232230,463.38103767943545,51
232286,509.82688770317634,56
232321,313.5806628092871,35
232357,322.94358551769704,36
232399,379.07286334319105,42
232448,444.59513570096146,49
232498,454.20848326871896,50
232530,286.19310207523466,32
232568,341.64297632039325,38
232612,397.8131257859305,44
232674,565.8094081908791,62
232727,481.8686251286753,53
232782,500.5692763473666,55
232826,397.87480356959185,44
232855,257.65206967624306,29
232902,425.7869888935955,47
232926,209.75972936234646,24
232963,332.8088539214534,37
233016,481.9090476320525,53
233068,472.55670684438695,52
233152,771.5699516246149,84
233193,370.48716967340215,41
233233,360.910952131874,40
233269,323.9610459871449,36
233314,406.83962252626986,45
233364,453.20438478457083,50
233394,266.87881759846636,30
233436,379.70801954484466,42
233529,854.1568618596151,93
233572,388.4957398223679,43
233631,538.4617483284836,59
233687,509.7560329293531,56
233730,388.6755659928492,43
233775,407.5302407382611,45
233819,397.27534721406386,44
233884,593.8923509191744,65
233928,397.5973445766233,44
233970,379.20368333096957,42
234011,370.1565864075329,41
234041,267.5184011940657,30
234127,788.7782500152141,86
234141,118.39961949913001,14
234209,621.4555685582603,68
234238,257.803355146544,29
234290,472.7125120143614,52
234384,864.9345416732832,94
234419,313.1798932924072,35
234476,519.6352797214836,57
234528,473.01302519974894,52
234569,369.96124493756696,41
234622,481.63135979322254,53
234705,761.5446159450088,83
234767,565.1453627908692,62
234817,453.9930282258444,50
234874,519.1347622151372,57
234912,342.7729307017451,38
234980,622.0996700296677,68
235029,444.1686752258273,49
235083,491.3546477384597,54
235128,407.68995983705344,45
235168,360.2492101608125,40
235215,426.09299196047203,47
235254,351.6325488362721,39
235324,639.9355337784265,70
235386,565.47338039228,62
235481,873.2720506528262,95
235554,668.5387345840019,73
235592,342.83650254945076,38
235702,1012.8277839093132,110
235757,500.9252149493706,55
235872,1059.8451772247688,115
235978,975.1764537326319,106
236090,1031.4295060129707,112
236194,957.9962040550196,104
236292,902.0281897833762,98
236338,416.8968320289524,46
236407,630.6148176014602,69
236527,1106.802785873824,120
236601,677.8495951011879,74
236699,900.650553500922,98
236750,462.59244724235896,51
236758,62.977870055947776,8
236872,1050.7048319205905,114
236955,760.9229106491091,83
237058,948.2881976183204,103
237113,500.1408517412638,55
237177,585.2914743457505,64
237325,1365.0887284184842,148
237401,696.0737089043618,76
237459,526.9616657340813,58
237531,658.7330300912358,72
237542,90.47404841670624,11
237861,2962.2948893881116,319
237981,1106.1157808637174,120
238254,2533.192615516034,273
238554,2784.044561627674,300
238704,1386.284987252983,150
238890,1721.5222095180509,186
239476,5451.576482634543,586
239984,4719.480086074202,508
240169,1709.622380875784,185
240184,126.99667942955422,15
240428,2260.24182872153,244
240573,1337.4549588617533,145
240705,1218.0736013489486,132
241516,7543.843380128853,811
241534,155.80174953194887,18
241751,2009.852713036938,217
241880,1190.3636261555152,129
241939,537.1548218463718,59
242072,1227.8330403349469,133
242163,836.1484670188389,91
242239,695.8333540082398,76
242341,938.3309518222871,102
242425,771.4934871606977,84
242560,1245.9143472469714,135
242779,2028.20502761448,219
242867,808.4673151874659,88
242995,1181.2584136729286,128
243107,1031.2926320055801,112
243272,1525.8602093508466,165
243420,1367.1430675675035,148
243521,929.2559271440564,101
243612,835.938237990082,91
243666,491.6141962733445,54
243721,500.0801019243674,55
243771,454.1037549711377,50
244060,2677.650539850486,289
244097,332.74852081784843,37
244121,211.17488711195077,24
244350,2120.202766288042,229
244376,229.89680162926697,26
244466,825.4143455481532,90
244731,2455.483797653481,265
245100,3424.923532332786,369
245301,1859.2756812312152,201
245516,1991.1254907223406,215
246098,5410.465962655048,582
246234,1254.4303016914923,136
246449,1990.535278868238,215
246548,909.7886849516635,99
247330,7270.174365835226,782
247405,684.6916820524028,75
248405,9320.632735033782,1000
249405,9325.294200097534,1000
249964,5199.745155919403,559
250008,398.3381392786349,44
250057,444.5646633440025,49
250370,2901.6154402113502,313
250602,2148.924072388017,232
250882,2596.630431891464,280
250922,360.60731786790484,40
250952,267.3040674584776,30
251068,1067.5733935388143,116
251150,752.3249035601226,82
251228,712.6840641408209,78
251341,1040.4117667857402,113
251485,1328.508629003934,144
251762,2567.6386472674626,277
251843,743.4469886096285,81
251891,433.78702798182104,48
251956,594.0356277734007,65
252129,1600.6061907370977,173
253055,8619.309121781129,926
253199,1331.3397111649792,144
253308,1003.3946034140039,109
254308,9316.600945271677,1000
254645,3126.8325476979658,337
254880,2175.8537616119643,235
254985,965.8445568557975,105
255412,3964.5439676407264,427
255482,639.5611050383479,70
255728,2280.774674311887,246
255768,361.09010424719554,40
255942,1608.5911895572597,174
256619,6297.777147271127,677
256653,305.1639019225836,34
257387,6829.289357006078,734
257468,741.747820011881,81
257673,1896.2792336791802,205
258234,5217.5735947680405,561
258419,1713.1618958704794,185
258583,1516.7513556675265,164
258739,1441.787130060227,156
258920,1674.5815556335497,181
259246,3027.741465120564,326
259607,3353.981567286132,361
259706,910.565386298827,99
259864,1462.0293704787555,158
260043,1655.6385536401976,179
260322,2589.5528519587824,279
261322,9325.425516895157,1000
262242,8566.705766709401,920
262474,2147.228002884937,232
262790,2931.4119765027613,316
262915,1153.3539280541663,125
263004,817.6520681203832,89
263069,593.9867791569933,65
263084,127.77808930505493,15
263116,284.6639799763953,32
263239,1133.5364807228323,123
263437,1833.1697550776043,198
263743,2839.601168647362,306
263770,239.25521124420516,27
263912,1311.0284379143777,142
264017,965.0385240911518,105
264028,90.7203871508564,11
264097,631.4624994969205,69
265097,9323.474116891279,1000
265679,5414.759572402999,582
266637,8923.403791468529,958
267637,9330.134578765372,1000
268340,6546.953717157068,703
268402,566.9025457650657,62
268463,557.4840388322372,61
268523,548.6184595418505,60
268575,473.4119924785316,52
268635,548.6059542972292,60
268694,538.2694044439726,59
268760,605.1220600401757,66
268825,593.6233188109989,65
268890,595.4064204887651,65
268939,445.9061751278875,49
268993,492.73699454047016,54
269037,399.2712110930337,44
269102,595.1908641271623,65
269167,595.5183851048055,65
269238,651.4307047083599,71
269320,754.0283467756159,82
269372,473.55801124471515,52
269433,557.232049363257,61
269500,614.2398830693545,67
269574,677.9359601939364,74
269657,762.006653091664,83
269676,163.85521706980376,19
269741,595.288519338161,65
269793,473.40898383501536,52
269853,548.3370418157344,60
269917,585.2008520686201,64
269940,200.38828272596933,23
269984,399.12991396403766,44
270059,688.3565391729364,75
270123,586.1846555624004,64
270188,594.0996663695294,65
270244,511.3708257153446,56
270293,445.78806050679094,49
270354,558.2208498436434,61
270404,454.24614201615555,50
270461,520.2317846502137,57
270497,324.2074509771711,36
270508,89.79337720120323,11
270552,398.4361540275668,44
270598,417.74658904774464,46
270696,900.6834526648175,98
270734,342.408043074359,38
270800,604.2454601204895,66
270839,352.32147905643683,39
270893,491.4934979253128,54
271000,985.6903587986787,107
271053,481.96726948432536,53
271070,145.48521755778222,17
271155,781.443306409961,85
271220,594.3252936233444,65
271281,557.1042575963513,61
271328,426.79767915723926,47
271379,463.31133166623306,51
271445,603.9670645362263,66
271497,473.5745588641654,52
271540,389.25184099016195,43
271591,462.88987393182447,51
271639,436.43913557007994,48
271690,463.916777038263,51
271730,361.22722448676325,40
271793,575.3264581727768,63
271843,454.9120044177612,50
271897,491.7144057520172,54
272012,1060.580764349509,115
272141,1191.1150157874163,129
272217,696.9780704694751,76
272291,678.3381226019436,74
272425,1238.9462917907993,134
272491,604.5969261504337,66
272538,427.66879981895397,47
272589,464.6409314132978,51
272639,455.3030836013415,50
272687,436.1944378027066,48
272737,455.5065481578663,50
272750,108.58449863447183,13
272824,678.8828878017044,74
272946,1127.3844903920178,122
272994,436.9811500580797,48
273008,117.36951791282534,14
273060,474.4670278665854,52
273156,884.1118236272378,96
273233,707.1398184113426,77
273306,670.2740017108952,73
273349,390.1747828072139,43
273396,427.3533604482712,47
273480,772.6323274185572,84
273532,473.956480885911,52
273649,1079.939460158791,117
273691,380.4369545723355,42
273739,436.86084624970886,48
273790,464.8623509759185,51
273837,427.0392863794171,47
273902,594.9426225530174,65
273943,371.16251199573145,41
273984,370.75008077337924,41
274031,427.32223928999906,47
274078,427.39595124799706,47
274139,558.1287583515526,61
274188,446.18257465534435,49
274252,586.1170972911451,64
274300,437.18582746654,48
274350,455.3873921039712,50
274435,781.1941149299176,85
274499,585.1515219198152,64
274613,1051.3815974738243,114
274667,491.75676448780996,54
274740,669.0838706365427,73
274778,342.56184043518954,38
274825,426.37162227590846,47
274873,435.1017380598146,48
274884,90.92965503860428,11
274921,333.0284408147103,37
274973,473.14009478490635,52
275118,1341.918770050251,145
275169,462.8484285898945,51
275231,566.3760952295165,62
275282,463.94123277627807,51
275335,482.2588295363816,53
275409,678.6696795732673,74
275468,539.0057563411755,59
275496,249.3002405868227,28
275560,584.7071730355375,64
275614,490.9556698097169,54
275677,575.7649082048015,63
275731,492.0761672872391,54
275801,641.8091158526823,70
275878,706.3739630336505,77
275934,510.5051596458529,56
276007,671.2347796429617,73
276049,379.90440834438016,42
276064,126.67709398354299,15
276106,380.022264322762,42
276181,687.9779482480113,75
276247,603.900889637015,66
276297,454.58928774422003,50
276358,556.8168615888945,61
276410,473.2862964126919,52
276472,565.8406566934937,62
276571,913.9415543370044,99
276615,397.91611260441323,44
276656,370.6423169064705,41
276710,492.6077044125886,54
276793,763.3493471268613,83
276830,332.88579219532477,37
276864,305.1414774595258,34
276959,873.4661680231611,95
277003,398.09723838246174,44
277030,240.1749133135804,27
277076,416.0568149392952,46
277133,520.5373867353774,57
277181,435.6361166420494,48
277237,508.7283543884087,56
277289,472.4573124743712,52
277327,341.70615651103196,38
277377,454.3037845774364,50
277452,688.155164311997,75
277489,333.2270685024956,37
277532,388.66209472830616,43
277562,265.7268496629999,30
277612,454.3163030451112,50
277662,453.59452737242003,50
277725,575.5584150203205,63
277771,418.4214419563045,46
277836,592.2258645479516,65
277928,847.16400885548,92
277953,221.50313189562837,25
278024,651.226020449083,71
278078,491.16993031135274,54
278146,623.7531605990265,68
278223,705.002078645863,77
278266,388.4376605603897,43
278308,379.21506553545595,42
278352,398.24444618875435,44
278388,324.0227572367492,36
278425,332.50625679425065,37
278472,425.8643275463817,47
278541,630.7699939602828,69
278593,473.3169448188135,52
278670,704.8894021312374,77
278698,248.4680553731036,28
278812,1051.1529540363078,114
278857,408.3204446957063,45
278910,483.6758943249458,53
278984,679.0581804104826,74
279025,369.7649660624943,41
279091,604.301433838838,66
279147,511.29850907212347,56
279222,688.1887996318611,75
279278,511.5123049068948,56
279354,697.8047018610773,76
279374,174.28550314072092,20
279448,678.9701442408136,74
279510,567.843363394939,62
279576,602.5021147616583,66
279654,714.3621610817933,78
279726,660.8417567404376,72
279747,184.12971501247506,21
279812,595.3526095186108,65
279897,781.9026943017868,85
279919,192.68929877719,22
279990,651.219620941755,71
280080,826.2181579434803,90
280134,490.7873587668847,54
280248,1049.6114520089,114
280316,623.5878719942946,68
280398,752.7408137604187,82
280452,492.7605193632049,54
280490,342.20718865724,38
280531,369.9728051722514,41
280567,324.16347837871155,36
280617,454.78251592745494,50
280647,267.0744179903593,30
280669,192.73233345090335,22
280713,398.5852331211224,44
280745,286.96365520838896,32
280790,407.87628740417426,45
280843,482.7183621432674,53
280916,666.5673193777004,73
280946,268.1645995625063,30
280983,333.0960991317789,37
280998,127.86755794168141,15
281059,555.2397762752515,61
281106,426.5796781977146,47
281142,323.7115072238262,36
281211,630.8905550043258,69
281232,184.01625751912937,21
281280,436.52510216464304,48
281317,333.6310969714954,37
281353,323.9159585759277,36
281398,407.8323418968859,45
281437,351.2661476341792,39
281469,285.8680229825176,32
281489,174.21823123518791,20
281535,417.16986793066775,46
281574,348.66243617443735,39
281615,371.27747070284,41
281668,481.5256451472152,53
281679,90.55295054465965,11
281723,399.11045351049364,44
281779,508.1105370699146,56
281819,360.93562910465107,40
281863,398.0916390656654,44
281876,108.14468612596643,13
281893,145.63945081650726,17
281928,314.51737667770135,35
281945,146.29221946125938,17
282021,695.7479557083047,76
282074,482.6539916794384,53
282116,378.936529190296,42
282167,464.48454315398175,51
282243,695.80012012875,76
282298,500.9445089066161,55
282345,425.42801046250486,47
282388,389.4113690015568,43
282428,360.7610744428154,40
282471,388.98449984511336,43
282517,417.5364061102057,46
282575,528.8734374165055,58
282622,426.8007894690015,47
282679,520.9414788979109,57
282808,1190.8412192601686,129
282864,510.12097272682604,56
282919,501.55543019535077,55
282959,360.1599952571252,40
283004,405.68700560405904,45
283053,445.52096332327335,49
283096,389.57776116110335,43
283168,658.3977019729749,72
283182,117.15344413697699,14
283219,332.5312278567893,37
283265,418.07576223955914,46
283334,630.4938620652237,69
283372,341.0748891330959,38
283425,481.3240331545253,53
283455,267.2563986864577,30
283507,473.5522729203631,52
283567,546.7394389866947,60
283615,434.9393077544329,48
283654,351.8531692533887,39
283718,584.5562573430965,64
283801,759.8531643729827,83
283842,369.56727013325036,41
283904,565.2358124263912,62
283937,296.3990859134477,33
283980,389.80476561220206,43
284040,548.069068614357,60
284092,473.65266173728907,52
284126,305.208721891405,34
284166,361.28916447752175,40
284232,604.6402640973578,66
284278,417.2987207153159,46
284327,444.7856026351965,49
284373,415.7329768895983,46
284438,593.2427473260714,65
284488,453.15501190309635,50
284536,436.1980261963652,48
284577,370.3317202345883,41
284645,621.4297063929658,68
284702,519.6567167171272,57
284749,425.73058393401374,47
284794,406.51088681415456,45
284862,621.0351789561425,68
284905,389.336638634357,43
284947,379.35366420993904,42
284989,380.24004913919157,42
285010,183.88607369910505,21
285063,481.90325250621606,53
285104,370.6438961860774,41
285161,519.8709469221951,57
285202,371.0396930331544,41
285300,900.4121891330245,98
285338,342.124181322413,38
285355,146.8623561637494,17
285400,406.94552724837575,45
285435,313.6385360457501,35
285467,287.1638898556903,32
285507,361.06064960675644,40
285563,510.47386657067153,56
285590,240.16893041592175,27
285612,192.92605738736287,22
285679,612.6688087489177,67
285710,277.72482975764194,31
285757,426.8055757684025,47
285818,555.4641045059516,61
285876,527.5452512263895,58
285958,752.0366332670278,82
286002,398.63148451077905,44
286054,472.3634076952898,52
286104,454.58820175840134,50
286143,350.54427027627435,39
286196,483.1447372963778,53
286246,454.32936927625224,50
286303,517.4354395541491,57
286347,398.85498486069724,44
286402,501.6712201987232,55
286435,296.26350649585663,33
286504,629.7414970504635,69
286540,324.6344670527337,36
286599,538.5250635379688,59
286634,315.62221466431686,35
286680,416.2336998930832,46
286775,873.0126516771682,95
286807,284.93351160043164,32
286859,472.25361235196516,52
286940,744.9979329823096,81
286986,417.71831383153943,46
287022,323.8288463625525,36
287068,418.05548469193855,46
287116,432.78915635614123,48
287135,164.65669176414832,19
287187,473.79401783607847,52
287239,472.4371028123394,52
287306,612.0715712126116,67
287348,379.3994909938444,42
287370,191.58633901139382,22
287419,445.80488124416127,49
287464,407.67203596175847,45
287513,443.65575759769956,49
287564,463.3914753562596,51
287638,677.2336518489552,74
287688,455.0392404696849,50
287751,575.0135284126078,63
287800,446.12488777869083,49
287860,547.9405295853448,60
287897,333.1252346267487,37
287957,549.1588926246051,60
288006,446.16591564487265,49
288054,435.16955808987774,48
288084,267.33694314259316,30
288142,529.9865428952409,58
288194,473.7733903586416,52
288223,258.5181898279325,29
288263,360.7360325311964,40
288379,1070.4860853996825,116
288438,537.3542246559487,59
288478,360.4998248131127,40
288514,324.0407550650061,36
288550,323.722505797881,36
288627,705.7315632939392,77
288673,417.2801282321189,46
288741,623.0936672026825,68
288811,641.6832288530018,70
288889,715.3302663060622,78
288950,557.5778926838786,61
289023,669.8907317740825,73
289136,1041.492516105989,113
289174,343.27060052942267,38
289231,520.4338343681487,57
289312,743.8250786328084,81
289370,530.6512365993509,58
289443,670.2729207013513,73
289574,1209.8846740245924,131
289637,576.1236598233534,63
289701,584.4543439761404,64
289756,500.3964955637628,55
289809,483.168062612008,53
289859,454.52024153913,50
289926,614.17084305598,67
289975,445.70991260147855,49
290025,455.6287407532703,50
290116,834.3644879010197,91
290155,352.44318979473525,39
290212,516.7972806021261,57
290270,529.7177247808183,58
290342,660.4046844849091,72
290435,857.2660758252078,93
290497,567.2235597414935,62
290552,499.91764531773435,55
290635,762.5138944315995,83
290681,416.9127998176855,46
290728,427.50583716872427,47
290792,586.6132624176579,64
290848,509.57686833835913,56
290917,630.6046440922547,69
290964,427.11073662335883,47
290998,305.70539534972994,34
291045,426.6500163732919,47
291062,144.58773532493245,17
291106,398.68112878365883,44
291155,443.1330812209954,49
291193,341.99517436074404,38
291273,733.390145499544,80
291309,324.04446979182666,36
291363,491.4601185142432,54
291399,323.1934101317483,36
291491,846.2548774263479,92
291529,343.214063676716,38
291576,426.96353039643526,47
291616,361.7190558848934,40
291697,742.7036973591963,81
291740,389.78112829428574,43
291802,564.2687493304329,62
291854,473.249650894936,52
291901,426.3857401978129,47
291932,276.4002986427309,31
291969,333.4336219648654,37
292017,435.3610560687205,48
292078,557.1894571636997,61
292123,408.40523774554765,45
292191,622.2143010334345,68
292232,370.6966229847011,41
292265,296.04921605357197,33
292289,211.58581054794746,24
292339,455.63323155324827,50
292411,657.9954939526949,72
292462,463.9584937929106,51
292478,136.9810359026792,16
292538,546.7733756327249,60
292576,343.009958559316,38
292619,388.84672500842527,43
292672,483.0081229255408,53
292747,687.7115680278841,75
292797,453.17600383147453,50
292813,135.3909094343764,16
292860,424.2983252878637,47
292903,389.44048625288684,43
292984,740.0077328027418,81
293003,164.65100183750198,19
293053,453.41684394186115,50
293128,686.1498833419366,75
293203,688.0338782978358,75
293280,707.3034297912369,77
293367,800.0701716177302,87
293482,1059.7783224897914,115
293522,361.7097212422203,40
293560,341.34779631608336,38
293659,910.8085534562542,99
293744,779.9372424513689,85
293795,463.9475059021129,51
293856,557.7766813326759,61
293924,622.6951974200665,68
294035,1022.6945865283785,111
294095,548.4447434714476,60
294154,537.198249646494,59
294259,965.0387237726568,105
294285,230.1952476822991,26
294334,444.69879307397304,49
294382,436.266732383678,48
294446,584.4879082679938,64
294472,230.40897667115036,26
294545,669.4564524859413,73
294614,632.1899539847733,69
294630,136.7297079240552,16
294704,677.6218078571076,74
294749,406.13360190356246,45
294771,193.09850076482945,22
294818,427.5306211266938,47
294866,436.22446390329844,48
294921,499.92595566553626,55
294961,360.43779203633477,40
295006,408.6570785435314,45
295066,546.0547237081154,60
295124,528.7063107314897,58
295161,333.10046314228987,37
295214,480.6038640786897,53
295267,482.12839969311756,53
295309,380.45821376027027,42
295337,248.25080563855977,28
295384,427.2870641846704,47
295441,520.4420250894086,57
295479,342.227208313512,38
295509,268.3588182485169,30
295571,565.2562905833829,62
295626,500.10078290452776,55
295675,445.7517724259986,49
295746,649.5791892501225,71
295826,734.2756097200735,80
295871,406.90254141070756,45
295909,340.7869083793483,38
295957,436.03157728998286,48
296014,516.5518041540989,57
296077,576.1500692701441,63
296141,585.7220269546364,64
296188,426.7922069145978,47
296236,435.47865911278535,48
296317,742.3851808111924,81
296365,435.2672361574538,48
296404,351.7497087826584,39
296429,221.0480081380122,25
296465,323.53838825758515,36
296517,472.14166616566007,52
296555,342.3915838002871,38
296607,472.73788800185935,52
296636,258.95298740481223,29
296684,433.5924394382463,48
296727,389.4459549739244,43
296783,510.28114164754436,56
296816,295.2654839812723,33
296846,267.24334217032794,30
296925,724.9242263095318,79
296955,267.5283843536151,30
296998,389.4339251331552,43
297046,436.47930480906996,48
297084,342.94435997560777,38
297129,407.4103684875156,45
297178,445.65324940061447,49
297212,305.33293367585645,34
297243,275.5756033825741,31
297282,351.38821416896184,39
297314,286.3499610494083,32
297370,509.9553394393899,56
297424,492.28572889723097,54
297466,377.6310088686101,42
297554,809.6707329139525,88
297594,360.3498348227442,40
297638,398.93287209807,44
297713,688.9422653107728,75
297754,369.678442762968,41
297798,400.0271427338576,44
297841,390.588016026295,43
297881,361.016255350939,40
297933,473.37557828685834,52
297968,314.743326586556,35
298010,379.507756740829,42
298054,399.0556393929807,44
298105,464.7039684958001,51
298144,352.4222025062618,39
298219,686.7081672576631,75
298251,285.97027378023904,32
298281,267.6108077189078,30
298327,416.8341913220449,46
298385,529.7946988667168,58
298437,473.28969485187577,52
298478,367.20276023360486,41
298533,501.1547531056468,55
298582,445.5884759749194,49
298629,426.0370373533013,47
298671,379.8941679460178,42
298703,285.9785021972825,32
298746,390.4740719706625,43
298792,417.94906353474215,46
298837,408.2161804401042,45
298892,500.95390256151626,55
298979,797.4415027183121,87
299032,482.83718059984807,53
299100,623.4716705945059,68
299136,323.31718455958986,36
299157,183.7966838964221,21
299199,380.62160518889425,42
299252,483.6483933615882,53
299306,493.33788693132556,54
299326,174.00923928898462,20
299369,389.2472831657173,43
299427,530.5098780646538,58
299543,1070.8175484482674,116
299579,324.9393441529814,36
299632,480.71467635825576,53
299662,266.88282741505554,30
299707,409.165451205642,45
299745,343.7649595062724,38
299783,343.33187169480095,38
299815,285.7239388635569,32
299867,473.7549099499274,52
299909,380.3865295133999,42
299944,313.25532709032143,35
300004,549.3661102501476,60
300043,352.33073641148815,39
300088,409.08081135514266,45
300131,390.41648263295576,43
300157,230.51074835918428,26
300200,389.69882488348543,43
300269,630.7332900115848,69
300329,549.3247863771135,60
300374,408.7120216151609,45
300423,446.0086372573995,49
300474,463.1574582944928,51
300530,511.0588115747298,56
300586,512.001516235006,56
300636,453.51394972944223,50
300686,455.7277099875646,50
300797,1022.5981280382985,111
300841,399.556627248449,44
300893,474.83230157932024,52
300929,324.71659300437955,36
300969,361.1796041822272,40
301018,445.61378949357845,49
301061,389.98597354707834,43
301172,1026.6764619586654,111
301263,834.2082197521725,91
301366,951.3859737424416,103
301437,650.6262930999518,71
301511,677.8038144673719,74
301614,950.0579498064893,103
301656,379.4461413518334,42
301746,827.1632187541289,90
301787,369.1813714399676,41
301851,584.7014862278646,64
301923,659.1473593229588,72
302005,751.582473672709,82
302088,764.3497636528974,83
302270,1689.4640741569099,182
302502,2152.846494290475,232
302590,811.0590445563926,88
302667,705.7278211872549,77
302757,828.6160757297375,90
302825,623.4179198946046,68
302870,407.4998405055971,45
303021,1398.1276289128893,151
303268,2298.4924528110355,247
303444,1633.9416269559179,176
303620,1634.5100024246847,176
303677,519.7072568964546,57
303840,1513.3449142208594,163
303902,564.9937945086806,62
303917,127.64263824103371,15
304004,799.8654162361929,87
304115,1025.9234470135893,111
304358,2255.330320259514,243
304559,1867.7209389369477,201
304633,679.4196322188006,74
304776,1325.9762133402025,143
304872,885.2581836616985,96
305014,1315.7479945977257,142
305100,790.9885312843614,86
306100,9353.070609134518,1000
306644,5075.504551342007,544
307644,9353.530041248114,1000
308644,9352.957331082705,1000
309644,9352.44761343694,1000
309691,425.84685527455076,47
309704,109.6547772741912,13
309723,163.38306601620647,19
309735,99.8707765028043,12
309802,612.9831772194033,67
309838,324.3929642228319,36
309864,231.18596822022332,26
309876,100.47634124129245,12
309884,63.407166993302006,8
309924,361.25365873447873,40
309954,268.3754167218285,30
309995,371.0277988501658,41
310030,314.2753402158508,35
310039,72.46699914123542,9
310051,100.16274912174474,12
310058,53.757440081163494,7
310066,63.3697660037337,8
310089,202.21280947549036,23
310098,72.35991106913617,9
310113,126.13070484356643,15
310145,286.6215750228621,32
310163,155.29185818167355,18
310205,380.06024022532614,42
310212,53.538767720697635,7
310255,388.681166911202,43
310285,268.5367798628624,30
310292,54.15333532787099,7
310304,100.30560635332078,12
310344,361.3929016394988,40
310380,322.6187832914034,36
310395,127.0246453772354,15
310432,332.9634361066932,37
310471,350.55455057958085,39
310507,324.3864341010087,36
310515,63.31151216598624,8
310550,315.14778637810144,35
310585,314.53821880853997,35
310622,333.047468933867,37
310630,63.16905606233903,8
310660,268.19645692430083,30
310707,424.68456125866345,47
310717,81.60032707815394,10
310750,296.40345973533437,33
310765,127.46523805396029,15
310807,379.4678533132605,42
310827,173.48966868947747,20
310864,332.6821461877381,37
310903,352.6382197244977,39
310918,125.69788708945545,15
310957,351.42558155010965,39
310993,322.9882065999185,36
311008,127.77343178365012,15
311045,333.1999515611209,37
311080,314.73394287503857,35
311090,81.28998801616945,10
311132,379.4423062395036,42
311171,352.22116109185885,39
311181,82.1259355570496,10
311200,164.17983219386574,19
311214,119.27118652796646,14
311255,370.4335815811099,41
311299,399.24524094804195,44
311354,501.1229072009696,55
311407,482.6765816654752,53
312407,9351.033852364133,1000
312419,100.14477863384508,12
313419,9351.764196647513,1000
313430,90.5464359154814,11
313485,498.49364260690646,55
313528,386.9083851961721,43
313550,192.8840304454613,22
313689,1285.3792685864835,139
313702,109.12222781544797,13
313750,434.08496029603293,48
313794,398.4460978488914,44
313859,592.7566772258349,65
313920,554.4322533028718,61
313970,453.0989561817245,50
314002,286.0413245607985,32
314014,100.31963588279426,12
314037,200.55636712953503,23
314074,332.9269367833074,37
314112,342.01134591717334,38
314136,211.51812803323205,24
314147,91.25940231900819,11
314170,201.02067349248722,23
314178,63.46160576750262,8
314221,386.841078552631,43
314421,1856.3708422330765,200
314431,82.12373493357299,10
314440,72.76749262877408,9
314452,100.3253075018302,12
314515,573.4670460520526,63
314526,91.00261493900476,11
314574,435.7825762668726,48
314626,472.60644396971657,52
314636,81.88291267791713,10
314650,118.86780267183076,14
314684,305.49710405529083,34
314721,332.1918033508775,37
314738,146.39958584104465,17
314749,91.21904254120345,11
314771,192.0805451946719,22
314794,202.46290027752042,23
314856,565.7879963753213,62
314864,63.370976631961085,8
314904,360.8548635742121,40
314916,100.5059127276115,12
314925,72.5933578542856,9
314954,257.88646086913593,29
314999,407.6347587418334,45
315027,249.01566127849264,28
315054,238.9682791988394,27
315109,501.0739422058198,55
315141,285.3972385322862,32
315183,378.32114403795714,42
315218,313.3494371460312,35
315252,305.2170450814791,34
315287,315.0739129979019,35
315372,778.270657703508,85
315388,137.04298053907763,16
315426,342.00704524309884,38
315437,91.25022933480251,11
315445,63.48521229568083,8
315461,136.70216253032652,16
315479,154.21196087993795,18
315490,90.8501067071324,11
315501,91.13307440040856,11
315516,125.90712230531875,15
315534,155.37099644855766,18
315544,82.05182635010979,10
315555,91.17898335240521,11
315566,91.37474666526306,11
315588,192.82704713795135,22
315616,247.92242468118445,28
315628,100.62697511797256,12
315642,117.76341789977772,14
315679,331.66553028601106,37
315706,238.48630854470875,27
315717,91.09713626840295,11
315730,109.11833854351163,13
315741,90.79709053116608,11
315752,90.98652005240788,11
315782,267.27244364400576,30
315805,201.00766077002046,23
315817,100.26077568355598,12
315828,91.58450929171914,11
315848,172.80528750584145,20
315873,220.12574717394696,25
315882,72.32950107079323,9
315921,351.0319633720247,39
315944,201.4907583025625,23
315963,164.69830992870905,19
315985,192.43951644875162,22
316002,144.9717398108246,17
316012,81.94783216746865,10
316045,295.77952930499043,33
316056,91.01941456839059,11
316080,210.44671657882938,24
316091,90.94672707952151,11
316117,228.94126717053942,26
316150,295.2791218324876,33
316179,256.4526266459519,29
316198,163.81502428597128,19
316213,128.18391023887668,15
316223,81.9810992814933,10
316257,304.13194263591026,34
316267,81.5313823182653,10
316297,267.68329712581425,30
316328,276.68913574647206,31
316337,72.80047120949057,9
316359,192.40274863967582,22
316377,154.9188712167919,18
316388,91.13130591490737,11
316419,276.34263303232814,31
316428,72.77656993957734,9
316439,91.19603540515884,11
316450,91.45140582333298,11
316461,91.2329126494332,11
316475,118.54525094833954,14
316486,90.8469250408597,11
316498,100.26234539394929,12
316529,276.3820232079768,31
316560,277.342196810246,31
316577,145.97962662416626,17
316597,174.4750465215689,20
316610,109.6314069788971,13
316646,322.93620437876245,36
316656,81.8514752352803,10
316694,339.7247746234026,38
316715,183.1508182412851,21
316726,90.81385597735309,11
316740,118.87658538322766,14
316767,240.33247609050952,27
316778,90.78435835922024,11
316801,202.1650833957357,23
316812,90.61105460360098,11
316823,91.25044242928399,11
316866,388.98811652068844,43
316878,100.21982245038527,12
316890,100.13591332258723,12
316923,295.3369812128233,33
316940,146.90966821809235,17
316975,314.04356069988023,35
316995,173.93524772150428,20
317028,295.7740613720002,33
317038,81.49918666731023,10
317049,91.01583475270036,11
317070,183.44806565173073,21
317094,211.7766550169225,24
317108,118.5861906406252,14
317151,388.9850664500295,43
317159,62.66043045360691,8
317170,90.92924509958283,11
317199,258.0402030076839,29
317235,322.9489102328626,36
317254,165.64163774810433,19
317281,239.6498512023652,27
317310,258.61578136811215,29
317317,53.7139788475405,7
317329,100.45286775173324,12
317343,117.85818148741303,14
317352,72.34594440452946,9
317365,109.43406582449573,13
317375,81.85762962810074,10
317384,72.22655810651628,9
317394,81.45207008358639,10
317427,295.0973379092297,33
317447,172.5923950135944,20
317459,100.39674148910873,12
317470,90.77998199932063,11
317484,119.04689947528344,14
317518,304.7163575808583,34
317529,91.0279420677398,11
317552,203.20619063977978,23
317572,171.49894723377713,20
317586,118.82520637713853,14
317601,128.67868754825614,15
317629,248.43090700797518,28
317655,230.41339901222184,26
317664,72.49605841036826,9
317680,136.84868983774285,16
317691,90.99266449412407,11
317707,137.1416888634695,16
317742,313.7422943342795,35
317760,155.87358660631966,18
317770,82.17548188418344,10
317781,90.86774607004719,11
317794,109.2508961296234,13
317823,258.6639251690928,29
317834,91.18562003527752,11
317845,90.98142838731907,11
317867,193.49321035334214,22
317888,183.69736633472147,21
317899,91.35727127927282,11
317924,221.00167576076464,25
317948,210.97178779050077,24
317959,91.391210856115,11
317972,109.93063863891828,13
318016,397.9004142445462,44
318040,212.06481219520774,24
318063,200.33859638995455,23
318073,81.87825072980056,10
318096,202.61015578498498,23
318109,109.86658551124326,13
318134,221.249050769603,25
318156,192.19593449637028,22
318205,443.86274641576114,49
318234,258.0798568421709,29
318250,137.6874724022227,16
318267,147.16859470894062,17
318279,100.43439162820135,12
318304,221.84699356245406,25
318314,81.81618664546377,10
318334,173.7935605683771,20
318355,184.6286951221962,21
318377,193.5799060075546,22
318402,221.75977246053603,25
318422,173.73805630865616,20
318434,100.56096792350311,12
318452,155.9736256666918,18
318491,351.32295292846044,39
318507,137.28640165367153,16
318518,90.81795581494805,11
318537,165.2271733153506,19
318559,192.8619837573135,22
318600,369.82306342780976,41
318620,172.09337156263095,20
318646,230.37146823358412,26
318675,257.6998585132584,29
318684,72.29075769882813,9
318698,118.94955098830498,14
318739,369.077300768325,41
318761,192.77530412538152,22
318782,183.68689105861904,21
318796,118.34224335079548,14
318820,211.8250725270433,24
318838,156.15188227581567,18
318849,90.8921227431892,11
318860,91.12297361384083,11
318869,72.28594427878056,9
318902,295.96222584666435,33
318913,91.06061009915629,11
318933,174.84150918688587,20
318943,81.59384865014819,10
318980,331.35493440626874,37
319014,305.457380773609,34
319036,192.097573761732,22
319048,100.14561310798095,12
319064,137.59046923420416,16
319088,211.34428188872133,24
319111,201.90275985217454,23
319145,304.67241863121956,34
319156,91.19425325943324,11
319165,72.69459564124993,9
319222,518.7180843560467,57
319254,286.25947026882443,32
319264,82.05569674472038,10
319281,146.10143029439413,17
319303,192.13349640210544,22
319327,211.41490591673386,24
319337,82.03588764179673,10
319350,109.73853825593191,13
319362,100.82214303711746,12
319377,128.43271235243972,15
319429,472.51164816297097,52
319439,81.96107965072656,10
319461,192.0150987415043,22
319473,99.95852626570623,12
319495,193.28979849783764,22
319531,323.8130355356308,36
319543,100.07334267682978,12
319598,501.2555415628765,55
319620,193.73939025843177,22
319644,212.23926695670744,24
319654,82.10661405801581,10
319685,276.68974406599506,31
319702,146.7580555814688,17
319716,119.17353690443764,14
319743,240.4548882767886,27
319767,211.75532875830876,24
319791,212.3494410133675,24
319809,156.51062231206078,18
319838,257.26887538007395,29
319865,240.0166976959296,27
319897,285.8080571066218,32
319913,137.58350899420304,16
319948,314.42628789354177,35
319959,91.01083122970931,11
319981,192.02657526637785,22
320027,416.74747585028774,46
320059,286.8744542467631,32
320079,175.2168981178162,20
320093,118.77213869667558,14
320103,81.70284984247014,10
320116,109.59141043065236,13
320129,108.65467630486242,13
320154,220.83651402695847,25
320193,351.84141771081585,39
320226,295.5936091590964,33
320258,286.53014500899945,32
320272,118.97727797065833,14
320312,361.6405203326597,40
320336,212.27636349138587,24
320347,90.9733292214254,11
320373,230.72619394924382,26
320390,146.78221041070162,17
320424,305.5036669471064,34
320436,100.30230637683077,12
320453,145.80241819815066,17
320498,407.706905881259,45
320511,109.61788596576359,13
320528,146.7426773045433,17
320549,183.7675116618862,21
320581,286.5902056049286,32
320593,100.35401087652986,12
320643,454.50460417991417,50
320660,144.46146057525803,17
320682,193.21561257232403,22
320690,63.29094343126447,8
320719,258.68377548447614,29
320738,165.59277488624286,19
320751,109.44477526311356,13
320765,119.26476446693508,14
320777,100.04143684847718,12
320806,259.12772812966796,29
320817,91.5221935315112,11
320842,221.08834457619017,25
320874,285.4420794197982,32
320887,109.94367790750545,13
320899,100.36427629940526,12
320932,295.8080040946046,33
320967,314.7864634325099,35
320987,174.77269834292406,20
321008,184.06001260081925,21
321030,192.96579181294575,22
321050,174.74104045607797,20
321065,126.29005947569145,15
321105,359.9529962770483,40
321130,221.06860278658837,25
321164,304.9186000326685,34
321202,342.24539361362014,38
321220,156.49241102590045,18
321240,174.96933074309084,20
321258,155.8050183089122,18
321331,667.2306043591061,73
321342,91.07893688781806,11
321361,164.4523595952005,19
321378,146.28819322331645,17
321390,100.11454144110223,12
321401,91.64752945568893,11
321421,174.73884530926554,20
321457,323.47807415020753,36
321479,193.25221533652456,22
321504,220.1395802675656,25
321526,193.6014963231973,22
321550,211.91155711854054,24
321565,128.2926497646118,15
321578,109.75671606072835,13
321592,118.97199519176078,14
321612,174.8875207179789,20
321637,221.4561822214621,25
321663,230.36366517934152,26
321689,230.12386680800304,26
321709,175.40559322022472,20
321726,146.35073177202426,17
321738,100.43297125895549,12
321763,221.55528136795124,25
321777,119.08542791381646,14
321794,146.02193491004647,17
321805,91.2590527516761,11
321824,165.60423904520871,19
321835,91.57107202089257,11
321847,100.22663446117728,12
321856,72.32979673136941,9
321876,174.60236294487072,20
321902,230.93489864671764,26
321921,165.09975680911327,19
321954,296.33381380330815,33
321979,222.00976504372917,25
321995,136.9384750837105,16
322007,100.96868515761095,12
322023,137.11450928203948,16
322042,166.05332060829465,19
322053,91.15654842608271,11
322067,119.29122462814297,14
322082,127.63965453603268,15
322101,165.43205935181678,19
322114,109.88262083771583,13
322122,63.52525926989777,8
322133,91.63706451941829,11
322157,212.18939704177512,24
322182,221.89158277354437,25
322192,82.12171570596406,10
322201,72.83950207213216,9
322226,221.4792748402613,25
322244,156.28168055613747,18
322265,184.05355837350857,21
322277,100.92605032759128,12
322298,184.07140347202173,21
322311,109.74304658963362,13
322324,109.44275273220909,13
322350,230.64203899064498,26
322371,183.71506390157282,21
322382,91.07332199236305,11
322399,146.5598173103064,17
322424,221.42760101905233,25
322462,342.28526768814083,38
322480,155.61709712050592,18
322492,100.41225555531717,12
322502,81.54230424579241,10
322543,370.0442709662158,41
322589,416.7703591864225,46
322600,91.27706413108822,11
322621,184.31293858825055,21
322633,100.46801704148102,12
322651,156.24202270803656,18
322672,184.11268329716333,21
322683,90.87447515546845,11
322705,193.5366333050409,22
322719,119.06397956378383,14
322738,165.07003217613547,19
322758,174.7072902459056,20
322768,82.00847029287387,10
322790,193.31612381144143,22
322813,202.93709955078268,23
322832,165.71447715263173,19
322844,100.34476293635167,12
322866,192.6331802156908,22
322898,286.23764761991805,32
322913,128.065248801956,15
322944,276.84608146266726,31
322958,119.15068326143336,14
322982,212.24843149203008,24
322993,90.88358315611502,11
323010,146.4135329281704,17
323027,147.08154266736088,17
323046,165.03204215478624,19
323061,128.19126978798406,15
323072,91.13842587367255,11
323091,164.6315414475064,19
323101,81.73626459577372,10
323113,100.33374448328686,12
323124,91.33738741843207,11
323154,268.21330679563476,30
323170,137.63335205737184,16
323185,128.2552643302651,15
323196,91.136500110231,11
323218,193.29294902390725,22
323240,193.80154078190134,22
323265,221.6248701230996,25
323278,109.56997005165603,13
323311,295.7483164380006,33
323322,91.51126398199152,11
323341,165.70579212994917,19
323351,81.7095356826751,10
323375,211.74229687212429,24
323385,81.97187766303851,10
323394,72.81240115831697,9
323404,81.45467198809742,10
323415,90.85402047538791,11
323445,267.7043743888507,30
323460,127.72866813480246,15
323472,100.76319287392076,12
323487,128.60284025013328,15
323507,175.22303863285276,20
323524,146.98375330927811,17
323547,202.985549010594,23
323557,82.17703482947934,10
323569,100.3142973711241,12
323579,81.7143964807897,10
323604,220.020881211169,25
323624,175.27812204999736,20
323645,184.4639891549764,21
323655,82.03669120929762,10
323668,109.92450339304348,13
323690,193.5771418477521,22
323713,202.7647598545698,23
323729,137.49578873674508,16
323750,184.40902596836003,21
323769,165.70677834659614,19
323788,165.42080480332166,19
323808,175.3746970325008,20
323827,165.93013858930013,19
323839,100.113545834103,12
323851,100.35565704814225,12
323860,72.43852997207983,9
323888,249.17242496265996,28
323898,81.67266603757184,10
323913,128.3239973346306,15
323933,175.39065941618978,20
323943,81.9367166096043,10
323960,147.10444852394406,17
323981,184.20157567025876,21
323994,109.3430550810937,13
324016,193.52078127644444,22
324038,193.47922889725328,22
324057,165.607806892901,19
324078,184.2342389422018,21
324092,119.24100540363649,14
324109,147.20297941069543,17
324136,239.47232270674166,27
324146,81.95561667146956,10
324168,193.38492755560432,22
324179,91.28704664402993,11
324201,193.32714002231452,22
324233,286.37331693537595,32
324254,184.35650292607286,21
324264,81.98411927617433,10
324285,184.02152661159775,21
324304,165.53344396790274,19
324324,173.52525777416713,20
324339,127.87460318044691,15
324362,203.02826940282765,23
324373,90.82521135990017,11
324386,110.07599169510347,13
324402,137.6537954457475,16
324417,127.7949415751134,15
324433,137.50106407578207,16
324459,230.90935571591734,26
324468,72.13586374762022,9
324478,82.0958621604329,10
324499,184.44531438623025,21
324511,100.33671918108018,12
324535,212.35105420231724,24
324562,240.2491817409311,27
324573,90.86971259925134,11
324589,138.07088817370857,16
324599,81.6190936924267,10
324611,100.60493332659429,12
324633,193.2867897297283,22
324652,165.61321309086105,19
324669,146.64194515393297,17
324685,137.4329257579838,16
324707,193.70987795993278,22
324725,154.79032400884668,18
324745,174.53896213700367,20
324758,109.66332530977078,13
324782,212.13852084566912,24
324800,156.7421087921826,18
324816,137.630755405564,16
324825,72.46525519408107,9
324835,82.02580924051526,10
324870,314.79533147451565,35
324888,155.0313461336634,18
324909,183.86958126821517,21
324928,165.4298476708215,19
324939,91.28956457240791,11
324963,212.1114763102519,24
324976,109.61649769512834,13
324990,119.04072384659848,14
325001,91.32733989482746,11
325011,82.10954674467449,10
325030,165.40368569270336,19
325045,127.85588942394897,15
325054,72.3201923681404,9
325072,156.72154567961266,18
325083,91.65349165056787,11
325094,91.37787132205382,11
325116,193.94388595338515,22
325145,258.30028021841565,29
325164,165.970491686072,19
325173,72.65254271075305,9
325186,109.00345655240952,13
325206,174.63291560570306,20
325225,165.54385234953554,19
325237,100.22132991694575,12
325255,156.31456860548036,18
325277,192.9244579470889,22
325298,184.036003465875,21
325333,313.867949657572,35
325366,295.16203355332567,33
325392,231.19651863596042,26
325403,91.01105186418981,11
325420,146.76734411756644,17
325440,174.8556581578863,20
325460,174.7672813428591,20
325480,175.08144109240908,20
325500,175.18851921650852,20
325524,212.32664550716112,24
325545,182.98312568685012,21
325570,220.70667133843136,25
325603,295.7208762484308,33
325617,119.23802529485296,14
325639,193.16882724182204,22
325659,175.10870944916627,20
325669,81.75937652953135,10
325679,82.04784486159872,10
325702,202.98567069631946,23
325714,100.50353097380525,12
325732,156.1826438301251,18
325747,128.20810167020028,15
325759,100.25650201510508,12
325776,146.77137580408586,17
325816,361.31699109363984,40
325842,230.7329453573089,26
325855,110.12824512760973,13
325875,174.8263466275417,20
325890,128.18662089581554,15
325912,193.28701940111773,22
325932,175.24563655968092,20
325946,119.18345835302578,14
325961,128.1193361574026,15
325972,91.04018025028883,11
325993,184.2560415773722,21
326012,165.6242628227949,19
326031,165.34339649169988,19
326041,81.5396620409898,10
326061,175.14932565143255,20
326076,128.21235961209936,15
326093,147.33914854699134,17
326128,313.7954865444121,35
326148,175.1911562544703,20
326178,268.2940459686042,30
326187,72.64138425456827,9
326209,193.45807964985815,22
326224,127.777898072979,15
326243,165.73926860062343,19
326265,193.38358714708536,22
326278,110.13679962570853,13
326290,100.16906343754287,12
326307,145.78964915819068,17
326346,352.07206606887604,39
326365,165.6607668774992,19
326375,81.84924643461713,10
326385,81.78648477817968,10
326405,175.0370834716575,20
326416,90.74756552586088,11
326436,175.1579618410674,20
326445,72.40462869417945,9
326456,90.78689436355836,11
326471,128.55086830642944,15
326481,82.0766924645216,10
326497,137.15705497814747,16
326519,193.36314248289565,22
326537,155.99934882175558,18
326548,90.92016228907003,11
326559,90.815836553173,11
326571,100.74928232621218,12
326591,175.00851537939556,20
326601,81.64014758416259,10
326619,155.61261053937324,18
326642,202.7740432206539,23
326653,90.91815674103204,11
326689,322.7113991211934,36
326700,91.46057557249125,11
326717,147.45989718418957,17
326732,128.5642635087755,15
326744,100.69457866856541,12
326770,230.1570450334915,26
326791,184.1286681633347,21
326801,82.09160503585453,10
326819,156.26665019570058,18
326830,90.83518547411353,11
326850,173.76539647144773,20
326866,136.85508320934278,16
326887,183.46451531925777,21
326912,221.73630599539908,25
326928,137.66758381869755,16
326946,156.5999119412945,18
326969,202.88077660960423,23
326979,82.01989854566679,10
326991,100.54412938431575,12
327002,91.0011004631792,11
327020,156.72249568927643,18
327032,100.2696606399068,12
327042,81.95583961339494,10
327064,193.6772836200331,22
327079,128.4137601651851,15
327091,100.40875549794089,12
327103,100.09387212107144,12
327123,175.20053084965016,20
327132,72.1750508610335,9
327152,175.1744388891798,20
327162,82.08771994054995,10
327182,175.19840526137708,20
327195,109.51253574990356,13
327208,110.11710362043907,13
327220,100.10792655378484,12
327238,155.925227870625,18
327258,175.0545853546693,20
327272,119.05295204473126,14
327293,184.46020772812494,21
327312,165.21873221965583,19
327326,118.94647294529966,14
327339,109.77035748372796,13
327358,165.50738076220375,19
327369,91.2251446756649,11
327380,90.89702658655617,11
327404,211.9424026551871,24
327415,90.814685838484,11
327426,91.27029807696411,11
327436,81.79861466596456,10
327455,165.89208996154267,19
327478,202.92007553600666,23
327500,193.63009226979025,22
327510,82.1596234460056,10
327525,128.67094339872696,15
327542,146.86063275038708,17
327558,137.9995958525909,16
327577,165.51707670043476,19
327586,72.67472324627194,9
327596,81.92535713585364,10
327606,81.66918750378166,10
327619,109.66683090989746,13
327641,193.28649091159994,22
327652,90.80999461514337,11
327670,156.5157642401116,18
327692,193.33079326034937,22
327727,314.63458624522497,35
327763,323.84518336747135,36
327776,109.44371967780936,13
327792,137.42659976731628,16
327805,109.76115471622086,13
327825,174.61061862808435,20
327845,175.35206947047672,20
327867,193.27818255273533,22
327892,221.48634928508605,25
327904,100.2922593489885,12
327925,184.30449616909345,21
327938,110.0460102621806,13
327948,82.01782854959237,10
327976,249.32449533711747,28
328002,230.71945246615448,26
328040,342.67751760607723,38
328078,342.46162908358673,38
328113,314.3096247163291,35
328139,230.72591129878114,26
328162,203.17534697670817,23
328178,137.188004622103,16
328199,184.23820756781828,21
328215,137.23809832143135,16
328237,193.4332479209218,22
328262,221.52610965055712,25
328275,109.71860620725181,13
328287,100.52415101632823,12
328296,72.62516997094357,9
328317,184.2544831197361,21
328335,156.41775347972433,18
328359,208.48240069697917,24
328369,81.4383743279617,10
328387,156.2421162303802,18
328404,146.97950979215253,17
328418,118.48974790641371,14
328445,240.32175988001168,27
328470,221.06129826707263,25
328481,91.0025826894014,11
328496,127.53571269924218,15
328505,72.42877556438867,9
328522,146.30377226271736,17
328534,100.37393937803799,12
328552,156.1366215739299,18
328573,183.96368124260798,21
328582,72.60006107133391,9
328614,286.57477771331605,32
328649,314.280442932327,35
328665,137.5989492184333,16
328675,82.02374583447383,10
328693,156.24588407504342,18
328710,146.8051339695827,17
328729,165.83569906019002,19
328756,240.17557415925472,27
328781,221.2045769515637,25
328801,174.69852580530892,20
328819,155.84733790587785,18
328846,240.3587548883805,27
328856,81.99881949269826,10
328879,202.76657052777657,23
328902,202.79012183741332,23
328911,72.63875743079646,9
328924,109.45174151360108,13
328935,91.49798022366774,11
328955,173.77254788529007,20
328976,183.8534360458879,21
328988,100.02789791531359,12
328998,81.9412551506071,10
329024,229.76938596789853,26
329035,90.84536424056584,11
329054,165.42509720378254,19
329078,211.61703374156437,24
329098,173.97451287017313,20
329117,165.61149699245382,19
329136,165.55176873087714,19
329162,230.8584179241604,26
329173,90.90033263696188,11
329183,81.68463275959607,10
329201,156.3180751228083,18
329212,90.71800766839758,11
329225,109.52768824658177,13
329246,184.20023787813238,21
329262,137.2475801078708,16
329272,81.79951917602062,10
329292,173.07357563603415,20
329309,146.94946773523517,17
329328,165.25571466666707,19
329353,221.04527692383735,25
329378,221.49629911693586,25
329388,81.95190091962397,10
329406,156.44013150861048,18
329420,119.42841750928609,14
329454,305.17472775961744,34
329465,91.19929992304712,11
329487,193.28842843800976,22
329509,193.40214730382718,22
329520,91.47153411292867,11
329530,81.86988268662542,10
329549,165.87492955481915,19
329570,183.91521056063868,21
329582,100.27262980075497,12
329596,119.16791016766908,14
329606,82.10813874105193,10
329638,287.08926286611916,32
329658,175.0595587849832,20
329678,175.2355391526704,20
329697,165.41909088735963,19
329716,165.7204407698412,19
329737,184.1160830554203,21
329769,286.89418468783595,32
329780,90.87838520734478,11
329792,100.55161663193498,12
329802,81.88779726609448,10
329813,90.91142033193051,11
329824,91.25837201137378,11
329837,109.19097345815433,13
329848,91.3545141760479,11
329868,174.54774933480098,20
329879,91.36457958922146,11
329889,81.6417939037125,10
329900,91.04666248454005,11
329917,146.56014069219435,17
329931,118.74129639139048,14
329952,184.27629572124465,21
329967,127.91894295827903,15
329978,91.06153715789368,11
329998,174.88558239755886,20
330016,156.08210920479934,18
330025,72.33548456342386,9
330044,165.32677641562887,19
330062,156.32172924571887,18
330076,119.26664429375883,14
330105,259.1950252078854,29
330125,175.15277368189385,20
330150,220.66899113376073,25
330162,100.63179145439945,12
330175,109.84336679053824,13
330192,144.11635749830316,17
330212,174.27081667283974,20
330225,109.50124332025875,13
330236,91.48814718536207,11
330254,154.90168968783112,18
330275,184.0558177445315,21
330306,277.2857667422729,31
330322,137.5960402788552,16
330333,90.79209009369292,11
330348,128.64734500531827,15
330373,220.23437190138517,25
330390,146.2552763480266,17
330404,119.01382508877114,14
330413,72.41414814168506,9
330424,90.90715271531678,11
330445,183.40903470974584,21
330456,91.31603193224399,11
330473,147.51566554914675,17
330483,82.10891558631143,10
330502,165.52994670448345,19
330521,165.85875288451743,19
330535,119.1278453451086,14
330554,165.71597652266246,19
330569,128.25703552056999,15
330593,212.35373683740463,24
330605,100.08193780608497,12
330614,72.7147926235888,9
330625,90.87236753291066,11
330638,109.65287527612122,13
330655,146.01052770796656,17
330668,109.92326180845365,13
330678,81.84177203095943,10
330696,156.60230694278692,18
330715,165.5832036278265,19
330733,156.26651801970826,18
330752,165.4112816963805,19
330763,91.1438347515873,11
330776,109.24998051149691,13
330803,240.12104458013133,27
330827,212.29607312359747,24
330839,100.20642350253712,12
330851,100.77609181035845,12
330860,72.27358933339634,9
330871,90.79721798620305,11
330883,100.42849681369165,12
330903,174.17779609715643,20
330917,118.8384436468084,14
330927,82.0436474907931,10
330948,184.0728500904023,21
330961,109.61890533196274,13
330978,147.19410619119762,17
330992,118.79954551861623,14
331002,81.46086918741953,10
331013,91.01582001499483,11
331033,175.0368242487368,20
331058,221.35870630291012,25
331070,100.61139973837773,12
331091,184.565254988833,21
331103,100.05456574695539,12
331114,91.44310158027666,11
331132,156.6282867978612,18
331150,156.5659115477454,18
331162,100.67126633147416,12
331174,100.71657313995854,12
331188,119.20284883539016,14
331207,165.3409256715487,19
331226,165.65385708714496,19
331247,184.21199175901077,21
331257,81.96144053036241,10
331268,91.12012393243066,11
331289,184.46942321324326,21
331300,91.28636933027587,11
331314,119.43827860531435,14
331324,81.72539751418581,10
331343,165.73390420987914,19
331356,109.65193545390582,13
331367,90.94904326999338,11
331390,202.72874471129532,23
331402,100.40582509187473,12
331424,193.2569554476597,22
331443,165.94223807413871,19
331460,146.60807145525823,17
331472,100.36689101469685,12
331481,72.37788503568362,9
331491,81.9080741011455,10
331501,81.66563211812506,10
331518,147.44744576095158,17
331540,193.53930060595644,22
331553,109.32322393163172,13
331574,184.11661571856857,21
331588,118.25872222570554,14
331606,155.88342955054122,18
331615,72.64233425504406,9
331628,109.36066277919272,13
331637,72.73644085255339,9
331648,91.3648562080986,11
331659,91.30133491294676,11
331677,156.38451072780725,18
331695,156.1870353539186,18
331709,119.15715092819536,14
331727,156.48887890609376,18
331743,137.65132556118834,16
331752,72.57950512967001,9
331765,109.3171489448818,13
331776,90.91128853474376,11
331790,118.32544395880215,14
331813,202.88785840613002,23
331830,147.27721885697346,17
331853,202.81676645259117,23
331864,91.05535320964856,11
331911,425.97901531134727,47
331933,193.77265698075504,22
331952,165.94951969088362,19
331967,128.7536467926094,15
331985,156.63720619329513,18
332004,165.71601971126083,19
332023,165.86286156467585,19
332033,81.47951867825697,10
332051,156.0558863587484,18
332074,202.84861056001017,23
332114,361.620612103435,40
332126,100.12150123472524,12
332137,91.16299926870134,11
332159,193.86700548520747,22
332167,63.41353912997132,8
332191,211.33674917770193,24
332205,119.2656694213455,14
332234,258.54250917057755,29
332246,100.80038578030583,12
332258,100.3432882884313,12
332271,109.92422139625913,13
332303,287.1108905799857,32
332314,90.8409680138192,11
332328,118.39720823043758,14
332341,109.55705108062821,13
332361,174.0420819827772,20
332386,220.7150626279188,25
332418,286.3775099545687,32
332429,91.0863751139675,11
332449,175.18650045355622,20
332472,202.76196275397038,23
332492,175.2698910613788,20
332508,137.62291949109823,16
332525,145.53952999380746,17
332550,221.35669840520492,25
332562,100.20586531138403,12
332580,155.90859413480163,18
332593,109.87499296679324,13
332604,90.76245637472128,11
332630,231.05304189609592,26
332658,249.11199435019657,28
332670,100.49426376201698,12
332681,90.8532380219491,11
332707,230.67619748064536,26
332725,156.2287870539636,18
332758,295.3430872513374,33
332781,202.71338744143716,23
332799,155.59345341549036,18
332816,146.7159317230015,17
332849,295.5794787579188,33
332894,406.3593638394522,45
332916,193.46893358701786,22
332927,91.26691885520488,11
332946,166.1455182750322,19
332966,174.71975699699635,20
332984,156.38639641483084,18
333012,248.29343483641455,28
333031,165.443017508715,19
333042,91.1407496172188,11
333060,156.40894413133256,18
333077,146.99636753943224,17
333100,202.63544051086527,23
333133,296.1050187534851,33
333143,81.89819503195223,10
333157,118.87132464863504,14
333168,90.65502704268945,11
333186,156.23877071403433,18
333197,90.79734997863126,11
333216,165.49686974586405,19
333230,118.48858909394212,14
333259,258.7351785017941,29
333269,81.87993519350697,10
333298,258.7058691571795,29
333309,91.32638058753494,11
333329,175.06794889399353,20
333349,175.12579992937063,20
333373,211.99164631149574,24
333386,109.6519212221996,13
333409,203.2192445324701,23
333465,510.7298736629742,56
333474,72.49992675958526,9
333508,304.77389529916155,34
333537,259.0925068843446,29
333557,174.66443905258595,20
333579,193.560154274803,22
333595,137.74956556593534,16
333604,72.66215520355685,9
333617,109.37786282182309,13
333639,193.39524410221887,22
333660,183.82084688055244,21
333695,314.6517592298442,35
333719,211.77277321349246,24
333747,249.4826196333709,28
333758,91.23895067613208,11
333775,147.16763703283638,17
333797,193.67774074734044,22
333814,146.9260201595564,17
333824,81.84787511121847,10
333835,91.17489874003749,11
333854,165.37089851402786,19
333874,174.3615800336002,20
333894,174.96214472486417,20
333917,202.90029228491744,23
333929,100.72282349089905,12
333951,193.43982536157102,22
333970,165.80368031257257,19
333981,90.74978424722802,11
334000,165.67643736139763,19
334014,118.85826994980404,14
334050,323.41607245501234,36
334067,146.8900504384078,17
334079,100.37076874909121,12
334115,323.9590572914407,36
334137,194.00853628866614,22
334166,258.85135337252774,29
334185,165.61824207219485,19
334204,165.40706520128464,19
334228,211.45370081747953,24
334248,175.37333945685003,20
334260,100.4621277823504,12
334282,193.6168719940145,22
334307,221.58399225972303,25
334317,81.6625918178187,10
334327,81.50099400028596,10
334337,81.53801608652428,10
334355,156.1990600203772,18
334400,407.27930452945157,45
334422,192.9880160169169,22
334438,137.84744859353492,16
334472,305.7570040429511,34
334491,165.27845858677807,19
334512,184.30075154157706,21
334524,100.58916378631439,12
334543,165.43975597291973,19
334559,137.23006797543297,16
334582,202.63865970609095,23
334615,295.9095131788338,33
334644,259.117040999229,29
334664,175.00853291938316,20
334674,81.83671420950195,10
334696,193.55995352937313,22
334706,82.11197416768616,10
334729,203.0773927090645,23
334740,90.98801653478215,11
334755,127.717471331371,15
334765,81.91409574457782,10
334787,193.5668376709258,22
334807,174.8444915602854,20
334818,91.42273877383224,11
334845,239.79508873875503,27
334856,90.70275827622734,11
334872,137.22434044717156,16
334882,81.52359163747204,10
334898,137.90943876874508,16
334921,202.69266794638432,23
334932,91.38687024194417,11
334956,211.27801243217075,24
334966,81.60569052133225,10
334977,91.24225266620479,11
334987,81.67044527441884,10
335001,118.52908813398521,14
335022,184.22572945215367,21
335041,165.99965232674919,19
335057,136.93616574649496,16
335072,128.16353106185372,15
335096,212.13919098169833,24
335125,257.0526749530711,29
335134,72.52153710415139,9
335155,184.49568835614423,21
335189,305.4771913310616,34
335216,239.51979469538165,27
335227,91.30099759869525,11
335237,81.77438313528188,10
335255,156.5127707337518,18
335267,100.34913888919628,12
335286,166.02426462385964,19
335297,90.77340041726377,11
335308,90.79127371341677,11
335332,212.26268785368651,24
335353,184.40670638969036,21
335373,175.22415094383666,20
335393,175.0829112098087,20
335423,268.3708223594375,30
335445,193.7189463761543,22
335469,212.11030957063087,24
335489,174.669125802907,20
335503,118.71337565559281,14
335524,184.09288193690892,21
335546,193.56778559674703,22
335578,286.391534947775,32
335601,202.7294078815024,23
335623,193.31419977160027,22
335651,249.35213903931884,28
335672,184.18530938751059,21
335691,165.13605954325357,19
335703,100.54014930152925,12
335714,91.48242562824575,11
335732,156.26901393303038,18
335755,202.20291668241634,23
335787,283.513028535048,32
335798,91.22877403736155,11
335819,183.7924838973106,21
335839,175.32323977463645,20
335866,240.43614232909147,27
335879,109.56786750957299,13
335889,82.02627895549402,10
335905,137.55766602176712,16
335917,100.07850621904264,12
335939,193.94117211911373,22
335953,118.6821646181766,14
335975,193.50505400106366,22
335986,91.16820767815602,11
336006,175.24821285486135,20
336019,109.9707782630523,13
336038,163.97871645957787,19
336054,136.9330425291594,16
336072,156.19015726846825,18
336081,72.587323793683,9
336096,127.87138447751383,15
336137,368.86395035901006,41
336148,90.98880512098908,11
336175,240.08734828829478,27
336193,156.41443812286144,18
336217,211.93002163098782,24
336236,165.0715798547441,19
336250,119.40375195225353,14
336271,183.9376066148694,21
336283,100.63566364781013,12
336296,109.46722414090135,13
336325,257.67474400163866,29
336337,100.3260508500366,12
336347,82.01109351431842,10
336372,220.6172514188642,25
336390,156.4415509037982,18
336421,277.0863794550475,31
336436,127.47749966069178,15
336464,249.46356681182147,28
336481,147.0792073981974,17
336495,118.68766097406441,14
336521,230.04574311108004,26
336542,184.01918145636265,21
336561,165.04563008110713,19
336577,136.56758566110233,16
336597,175.21681287916553,20
336616,165.4148407316683,19
336635,165.75601073498103,19
336668,296.0835040056369,33
336688,175.07047352138417,20
336697,72.35488143858974,9
336731,305.3669355400845,34
336748,145.6929727085864,17
336769,183.94615287345536,21
336800,277.32382346248636,31
336810,81.96594928365118,10
336829,165.85541249661821,19
336845,137.21860276700872,16
336868,202.79753740252195,23
336903,314.1481068942385,35
336913,81.99707763403474,10
336938,221.52002361723265,25
336961,201.94395189344982,23
336974,109.21858078434221,13
336984,81.58153703303911,10
337014,267.92936333390793,30
337033,165.4877590978318,19
337053,174.6681136584266,20
337073,174.95194217405125,20
337085,100.7116208119863,12
337099,118.55787520389951,14
337108,72.57880242689976,9
337143,314.09863670089584,35
337166,202.9224174111601,23
337192,231.06953152988126,26
337207,127.84067383815163,15
337220,109.59804366856739,13
337246,231.05316948736024,26
337276,267.67749283298565,30
337295,165.48158537167646,19
337304,72.52069227224224,9
337317,109.45231677178641,13
337361,397.7239722675011,44
337370,72.69696812914107,9
337413,388.8728417210537,43
337433,175.29218540992977,20
337454,184.03513761014142,21
337465,91.26690508501211,11
337478,109.54558881473275,13
337511,295.14468231679604,33
337528,146.28241781128955,17
337547,165.1760453527872,19
337573,229.9160619496445,26
337594,183.99602745544937,21
337621,240.01357298766476,27
337634,110.01609797076898,13
337648,118.5329010604124,14
337662,117.84164202674471,14
337678,136.93571746054764,16
337700,193.4680478480147,22
337730,267.82371720454694,30
337746,137.0881576975303,16
337767,184.1308191591585,21
337791,212.13431426636424,24
337816,221.51478767649363,25
337843,240.29743273913536,27
337868,219.16100564186527,25
337890,193.190167614003,22
337918,248.84709874062642,28
337938,173.76639297717395,20
337950,100.62839734911569,12
337973,202.74934676478375,23
337983,81.86066214190878,10
338019,324.14070020843224,36
338031,99.97471219064781,12
338061,268.1429319365328,30
338088,240.29403034972248,27
338113,220.52143336030005,25
338126,110.08404492315722,13
338146,174.90027358809647,20
338155,72.42705911768427,9
338178,202.9367667082221,23
338202,212.36040218014233,24
338238,323.50842226416535,36
338259,184.23236153462247,21
338293,305.2793882005353,34
338310,146.1328569350453,17
338335,221.38132268032584,25
338347,100.09412232737704,12
338371,212.29860451899782,24
338384,109.17233305888921,13
338408,212.1025420026225,24
338442,305.71283329498283,34
338490,436.380056264078,48
338512,193.68689297770146,22
338534,193.9472035104745,22
338546,100.61490028466962,12
338584,341.10954884449535,38
338617,293.6779189777052,33
338631,118.26538948331809,14
338662,277.28266566777813,31
338695,295.9220143395509,33
338717,193.50127302028875,22
338740,203.13327306199488,23
338756,137.49690634762038,16
338775,165.3431983984523,19
338794,164.60498490907966,19
338806,100.13959408645357,12
338818,100.52561563516426,12
338844,230.32175504928242,26
338856,100.14086047581125,12
338877,184.09886167126083,21
338899,193.2014857275838,22
338917,156.4184424115759,18
338930,109.48304829443131,13
338943,109.7803914518789,13
338971,249.80888827214156,28
338997,230.84315954849708,26
339012,128.31838648793263,15
339029,146.43117140111028,17
339071,378.912586444745,42
339091,174.08097579828845,20
339100,72.47105493657043,9
339111,91.1532711409691,11
339141,268.3349482042206,30
339184,388.858374408608,43
339217,295.18275260557937,33
339235,156.5372713678048,18
339246,90.85652886871415,11
339293,425.8045041667276,47
339305,100.51718766557916,12
339317,100.24391176046474,12
339356,351.51100470459437,39
339383,239.62770176092252,27
339395,100.73236297413676,12
339416,184.45686330748214,21
339447,277.22523835361017,31
339476,258.5645346469331,29
339491,128.13402109049392,15
339508,146.10439261461508,17
339519,91.11897811988628,11
339534,128.85837964613498,15
339560,230.9033032185494,26
339583,201.88826569922833,23
339601,156.15043521665666,18
339649,434.88656435235947,48
339665,137.07847412755305,16
339680,127.80866337263416,15
339700,173.95127376381097,20
339727,239.10275651708733,27
339754,240.0888642532598,27
339773,165.6848085896476,19
339790,146.76634464554874,17
339804,119.25955914124634,14
339850,417.2472839900169,46
339865,127.57558843484703,15
339874,72.63759281013164,9
339903,259.1613963319997,29
339915,100.2756316853778,12
339937,193.68561690321886,22
339954,147.3530379384866,17
339978,209.47797951382555,24
339987,72.39800725856138,9
340026,351.88460116619433,39
340057,277.2968951597627,31
340072,127.52517076804624,15
340082,81.5350485793295,10
340107,221.34577324285084,25
340117,81.66404031294664,10
340154,332.61419255496884,37
340197,389.06875989782054,43
340238,370.5888034394707,41
340251,109.20418286328533,13
340264,109.65519352159309,13
340291,238.73676424994613,27
340305,118.72784114609371,14
340348,389.0087996925138,43
340364,137.93836925578907,16
340379,128.37848061075672,15
340414,314.47972046186817,35
340435,183.81722107405722,21
340454,164.68338924128653,19
340471,146.04920706934706,17
340507,323.5262515246604,36
340523,136.92702895352798,16
340545,193.59887315338932,22
340587,378.6479009167482,42
340626,351.6946466901255,39
340653,240.068557912901,27
340682,258.4857477331457,29
340708,230.69907006100175,26
340744,323.9646086106151,36
340771,239.84477088405018,27
340795,210.92208240420763,24
340834,351.50260597391724,39
340855,183.72310107844916,21
340877,193.7721125012126,22
340901,212.24169695485105,24
340915,118.52298093767571,14
340928,109.37544241105851,13
340940,100.10720258977955,12
340967,237.77322477693164,27
340977,81.62661646972208,10
341000,202.7101044816899,23
341025,220.86256465623077,25
341038,109.73949390715559,13
341049,91.28995980205994,11
341071,193.8653621232194,22
341097,229.8111623789848,26
341129,285.2578287750159,32
341170,370.586061383384,41
341204,305.26794704362635,34
341213,72.58513744574954,9
341245,286.61660058335127,32
341279,305.71097349721293,34
341299,174.49668845335484,20
341316,144.19516162908175,17
341339,202.83497193535368,23
341359,174.2797068122593,20
341374,128.202954713679,15
341396,193.5036423173963,22
341432,324.455989780353,36
341481,444.7461312501462,49
341502,184.54183603251954,21
341542,360.7138639559339,40
341566,212.5828011397926,24
341592,230.2278883500242,26
341614,193.45129458089627,22
341629,127.64801076150208,15
341659,267.96940462720244,30
341697,341.69900620732545,38
341721,212.12974898131185,24
341762,369.0661734956264,41
341773,90.81660009052142,11
341788,127.527530766132,15
341807,163.81314982325654,19
341818,90.66141323294694,11
341842,211.8596829666535,24
341858,136.7425490171041,16
341889,277.4068371566141,31
341900,90.77229586373828,11
341921,183.88429425082387,21
341944,202.62326200891906,23
341992,435.1510697931436,48
342040,435.8962480882557,48
342067,239.92412394620126,27
342088,183.3543564526969,21
342136,435.34603368968186,48
342175,351.43401834888544,39
342195,172.97385404158123,20
342225,267.79769370002253,30
342238,109.62447581232381,13
342290,472.837029492866,52
342321,276.6019902147238,31
342345,212.37603411947038,24
342369,211.8752281342125,24
342395,230.89449397883274,26
342467,658.8643289990353,72
342482,127.68728590774829,15
342504,193.6484349179805,22
342519,128.24678044650798,15
342556,332.82402115327153,37
342567,91.27977010717412,11
342590,202.35429806167278,23
342602,100.3298628723404,12
342627,221.67255267465825,25
342661,305.5290397726181,34
342705,398.37512133658964,44
342747,378.5683196757529,42
342774,240.10347648610855,27
342807,296.01404187301165,33
342819,100.38326559095198,12
342833,118.67745380728023,14
342865,286.38394627344934,32
342890,220.8693186159704,25
342905,128.26792221250673,15
342930,221.2350520965484,25
342967,332.57082449675545,37
343003,323.82927195475753,36
343015,100.33207442780355,12
343040,221.12902447611427,25
343053,109.36337736629756,13
343067,118.26360784667547,14
343087,173.86764602671246,20
343137,454.8085328975641,50
343177,359.6664208158005,40
343226,444.9567446998878,49
343253,239.71516948393977,27
343321,621.9007467049337,68
343365,398.2253391556741,44
343400,314.29295585525995,35
343423,202.10773390266957,23
343465,379.87020666704063,42
343494,258.8546132170134,29
343516,192.90359991704872,22
343550,305.411161194324,34
343581,277.24353564986063,31
343600,165.13284031605806,19
343621,184.07438396485136,21
343650,258.93067283978166,29
343668,156.53115073152205,18
343693,221.529901535541,25
343742,445.1271597218073,49
343801,537.7217492781347,59
343825,212.1272468062591,24
343844,165.1827253603746,19
343875,277.60394455744404,31
343897,192.9001405269663,22
343923,230.95950527313002,26
343947,212.18153968192453,24
343979,285.8552563897521,32
344009,267.7593498312588,30
344050,370.1112708311566,41
344076,230.5138765818885,26
344102,230.23773971229656,26
344136,302.1112931228296,34
344239,949.0962363289493,103
344291,473.1209535130093,52
344323,285.1091070253882,32
344366,389.0002121282349,43
344400,304.90665849148183,34
344489,818.9840445066666,89
344562,668.6038561344827,73
344586,211.6259677432895,24
344633,423.6491755019999,47
344666,296.12613472103874,33
344691,221.34541119283486,25
344751,547.9174949723384,60
344780,259.1085786032811,29
344801,183.52308251056382,21
344849,435.3952438294057,48
344900,463.5935575681656,51
344938,342.7607931638832,38
344969,278.14090859683995,31
344985,137.79772360435285,16
345001,137.35062796442057,16
345117,1069.9863736172424,116
345159,375.2747900479177,42
345186,238.6046188817855,27
345220,305.4953185544295,34
345281,556.7945277069351,61
345308,239.6606083119203,27
345318,81.76572108431616,10
345441,1135.5995116979136,123
345507,602.1732275489059,66
345541,304.702148556725,34
345577,323.1732857011761,36
345619,379.12412419437953,42
345645,230.06330772932338,26
345663,156.35367978071,18
345673,81.65216512213793,10
345706,295.19683483165505,33
345756,454.9714098816838,50
345879,1134.1154081490738,123
345924,406.1861245111098,45
345969,406.56839246124935,45
346012,389.5252767708029,43
346063,463.2977442578634,51
346089,230.14230040805646,26
346118,257.42572707388933,29
346141,202.41997722891512,23
346169,248.42724921395,28
346194,220.05383653569874,25
346244,453.3856062524483,50
346298,489.43321046859467,54
346311,109.41772896319296,13
346376,593.3944722400857,65
346435,537.8007409469354,59
346496,554.3912137753396,61
346524,248.53974668744112,28
346556,285.4140880779565,32
346603,426.5780730550132,47
346681,715.7001547388378,78
346716,314.8673228784589,35
346742,230.01087543640173,26
346785,388.4236020127803,43
346812,239.97466227474544,27
346840,248.39081269452157,28
346863,202.77286347249256,23
346915,473.31710418819563,52
346971,510.5871484170824,56
347028,519.5559670940953,57
347041,109.789457774316,13
347100,537.6845110880364,59
347125,221.2544416563243,25
347154,257.87102086218715,29
347193,350.9145491682272,39
347209,138.21345436056816,16
347236,239.35198324398215,27
347274,342.6936857505165,38
347332,528.551348228916,58
347348,137.62880112685198,16
347391,388.9188053682701,43
347416,221.42724064995292,25
347437,182.7276275452149,21
347474,332.6661939589233,37
347485,90.8267854451824,11
347513,249.32102276734497,28
347537,212.54343991684974,24
347547,81.61261881607852,10
347568,181.84262417820767,21
347594,230.8594595338125,26
347633,350.03546960953895,39
347699,603.5054972682314,66
347721,192.90237988557652,22
347768,425.10088070148186,47
347805,332.19494116949255,37
347902,891.6781354178521,97
347936,303.2213141133166,34
347976,359.6421246813192,40
348014,342.2542795789752,38
348049,314.39535286109947,35
348066,146.0053587550009,17
348105,352.0835136690968,39
348161,508.8101660144764,56
348182,184.16474694397232,21
348194,100.22733752223184,12
348214,174.70824671826583,20
348239,221.31160397436207,25
348261,193.47342012799825,22
348289,249.3053841469416,28
348312,203.27814804935377,23
348338,231.10305918320597,26
348372,305.193524884815,34
348390,156.78850030917096,18
348412,193.85455390980908,22
348440,249.70654519946268,28
348463,203.08351621184252,23
348495,285.83699820617346,32
348509,119.2799683128787,14
348523,118.75023407940024,14
348546,202.09266546967484,23
348567,182.88117681525085,21
348589,192.43367932131514,22
348613,211.6789752724309,24
348627,118.51292080276548,14
348650,202.25763199160718,23
348671,184.48927830674464,21
348690,164.19403781311235,19
348706,137.21190914825536,16
348739,296.04532745129984,33
348754,128.48401111322983,15
348768,119.12141434931951,14
348793,220.47853070820332,25
348811,155.5932768687531,18
348823,100.27474980483225,12
348848,221.3205339085916,25
348872,212.48588563462502,24
348896,210.6118984084845,24
348936,361.3057937261386,40
348947,90.91343854475693,11
348960,109.59532099441375,13
348994,304.19043437206426,34
349004,82.2507091718653,10
349020,137.11195195802503,16
349041,184.056525813807,21
349068,240.23737825891538,27
349091,202.02185220285207,23
349102,91.18236259928611,11
349124,193.61175143211722,22
349171,426.46379144757793,47
349192,183.4749487044455,21
349220,249.21096374735646,28
349232,100.7099098254138,12
349255,202.84612267855843,23
349281,230.6123153509476,26
349306,221.7822253549503,25
349334,248.74165768882352,28
349360,229.93896069329287,26
349379,165.03675775020065,19
349402,202.7345559999202,23
349423,184.02031331097055,21
349439,137.73690970895154,16
349459,174.80854918542298,20
349500,370.578843534318,41
349509,72.60393313153583,9
349525,137.555034174705,16
349554,258.91050681866886,29
349584,267.97473374778843,30
349602,155.69364092229932,18
349634,286.6869753315766,32
349667,295.98080677968204,33
349684,147.3178608202255,17
349707,202.23184582869538,23
349726,165.72524209524786,19
349746,174.49724888458238,20
349766,175.07523188793692,20
349780,119.18342865213631,14
349792,100.4615400121716,12
349810,156.40726115636528,18
349826,137.5267301307923,16
349837,90.78336452517334,11
349863,230.9404848426614,26
349874,91.44651935723657,11
349886,100.64469116835942,12
349906,174.33519338021605,20
349925,164.4040770586702,19
349952,240.44939898715543,27
349964,100.61901147188334,12
349980,137.67282859814557,16
349994,119.20189298230457,14
350008,119.01287451424082,14
350038,267.2958209380656,30
350060,193.3646465652453,22
350106,417.1045722414538,46
350126,174.83126881205908,20
350148,193.50134109245965,22
350172,211.9956217220671,24
350186,119.5171301636437,14
350230,398.39931514452155,44
350262,283.62792186901424,32
350282,171.89868999501383,20
350304,192.5666860378854,22
350314,81.84449911772138,10
350340,230.00726926952555,26
350359,165.50335812176343,19
350369,82.06473401126216,10
350402,295.99526430248085,33
350414,100.74026026960135,12
350424,81.56653642648078,10
350439,127.79603418958082,15
350477,341.6203779291001,38
350493,137.63962574372053,16
350508,128.07303453029058,15
350526,155.11917863297649,18
350544,155.0335537830345,18
350561,146.4570349985967,17
350574,110.0490318405304,13
350602,249.9312919636328,28
350627,221.5907877442442,25
350645,156.5000856469597,18
350665,174.50047786441212,20
350687,193.29599910333607,22
350714,239.5846851758298,27
350727,109.79721117957206,13
350739,100.67142858696405,12
350754,128.22901563987008,15
350766,100.19674291887546,12
350797,276.17281993189897,31
350815,156.0885333648311,18
350840,220.46933030937225,25
350868,249.29106489950343,28
350886,156.23510780481573,18
350895,72.34107986326464,9
350928,295.69180289183015,33
350944,137.37084719096353,16
350956,100.49254124621368,12
350968,100.70101206441093,12
350985,146.20302607170308,17
350996,91.16125979875525,11
351017,183.25700678801198,21
351050,295.3704667688504,33
351066,137.10053142699928,16
351101,313.71735728882936,35
351123,193.61365586332025,22
351163,361.2461754366312,40
351181,155.8633658720793,18
351206,221.2761061975302,25
351219,109.84429890576519,13
351244,221.68320603754736,25
351261,144.5051369930895,17
351273,100.31744883152328,12
351314,370.46918166152125,41
351336,193.25610378399077,22
351358,193.52202227150192,22
351378,173.98378998765617,20
351399,183.29462540432786,21
351410,91.28172949002028,11
351420,82.18218460696238,10
351451,276.72571665224166,31
351473,193.55370357030338,22
351490,146.933801037699,17
351510,173.47833326128838,20
351534,212.0188616533797,24
351546,100.2827338515861,12
351565,165.28781696961212,19
351577,100.23732156080352,12
351601,212.14285363123037,24
351618,147.05098988689738,17
351630,100.27631618220622,12
351649,165.0239633242785,19
351663,118.70406416544749,14
351685,191.87218570335224,22
351695,81.30768928783621,10
351710,128.42114340183764,15
351720,81.73433326351878,10
351744,211.57152353882344,24
351754,81.9208749908483,10
351767,109.32033033420059,13
351791,211.62584204795652,24
351805,118.08598209095923,14
351826,184.21625441755674,21
351840,119.24738674405825,14
351849,72.68022410003434,9
351870,184.61903139736313,21
351891,182.98651742578093,21
351901,81.52190387196644,10
351923,193.50428178160908,22
351956,296.2311084653853,33
351988,286.6828644967058,32
352016,249.417115885981,28
352040,211.07834242686377,24
352061,184.36834298997329,21
352075,118.79552937176855,14
352091,138.12270619820086,16
352102,91.00069172625189,11
352120,155.8192959724036,18
352135,128.4950798281137,15
352146,91.10310369745478,11
352157,91.14367037801328,11
352197,359.64404017533155,40
352214,145.8647796214774,17
352226,100.87045781103078,12
352240,119.42079786726032,14
352256,137.6150975418898,16
352275,165.0251468612915,19
352296,183.1102039187546,21
352322,230.67853760905112,26
352347,221.7629275452246,25
352358,90.96696596614855,11
352385,239.98685938046563,27
352408,202.83063005201905,23
352421,109.67091628963043,13
352432,91.28689275251894,11
352457,218.4599304269776,25
352479,193.12144382127957,22
352493,118.86022429780658,14
352517,211.81570937583984,24
352538,183.94649967463153,21
352572,305.9824444231877,34
352593,184.36105683755287,21
352614,184.06672405553795,21
352639,221.4882331014118,25
352654,127.54986488779674,15
352669,128.33056332871766,15
352683,119.02068513690413,14
352700,146.2709909867891,17
352717,146.87150407615778,17
352741,211.91606630050467,24
352760,165.80461239570474,19
352780,173.61330387880656,20
352794,119.31316600168189,14
352833,351.96957070476486,39
352853,174.46819606784902,20
352878,220.46924830001797,25
352890,100.21596419745227,12
352923,295.8553743325191,33
352943,175.04006065731485,20
352959,137.4174328307953,16
352975,138.20055661554954,16
352998,202.86203995517639,23
353022,211.96011168550817,24
353047,221.21845626576376,25
353064,146.72828037929773,17
353088,212.21368584308235,24
353098,81.8157287662065,10
353124,230.2894316952866,26
353147,201.68337248781282,23
353166,164.57924531469132,19
353185,165.68351527596892,19
353226,369.6058474342263,41
353254,249.28917247009983,28
353270,137.25200256684994,16
353294,212.43768275960738,24
353318,212.05924371317678,24
353332,119.27068811940835,14
353351,163.27336349007663,19
353361,81.57279802856623,10
353380,164.87973943398237,19
353403,202.39315220779574,23
353413,81.45648466353796,10
353443,268.2560987723689,30
353465,193.62332309393196,22
353489,212.58826583785122,24
353511,193.2209073246704,22
353534,202.05849130231334,23
353559,221.32621380906465,25
353578,165.59129318739593,19
353598,175.31304148087375,20
353621,203.13271700633308,23
353645,211.90348934020784,24
353665,175.00986776709976,20
353690,221.6157099100001,25
353715,221.60361330264615,25
353739,211.4387084329438,24
353768,258.9534314172172,29
353798,267.5231493070177,30
353819,184.18446673373234,21
353835,137.54188070662937,16
353846,91.1626816872942,11
353879,296.03446261266845,33
353891,100.31459816036477,12
353910,164.99134922220142,19
353924,118.81272740235647,14
353936,100.52907206129821,12
353960,211.09192410769228,24
353981,184.1567769484755,21
354042,556.9537825026816,61
354053,90.77595617459183,11
354078,221.6626564301341,25
354095,146.9203656072893,17
354128,296.0889934413226,33
354147,163.57890299384798,19
354168,183.87939069642562,21
354189,183.15894932849173,21
354206,147.35559491355008,17
354230,212.0410037797918,24
354248,156.09734297369292,18
354268,174.89023829807104,20
354283,128.2080481372603,15
354311,248.71478089733787,28
354321,82.05714515617478,10
354344,202.9525806887944,23
354355,90.70359687987187,11
354371,137.7598813222979,16
354390,165.763528897703,19
354404,119.058453240305,14
354416,99.96789092294988,12
354427,91.31041860972532,11
354441,119.54971556058196,14
354453,100.82626489966745,12
354467,119.17194106733687,14
354488,182.79092620608836,21
354512,212.518300593973,24
354528,137.36720496310903,16
354547,164.85318155019266,19
354558,91.36428031429945,11
354570,100.37748904457617,12
354596,229.86282943149067,26
354622,230.4196774174279,26
354648,231.14874202425705,26
354659,91.40871762475415,11
354681,193.75179250958914,22
354692,91.3195942580463,11
354715,202.77903378733964,23
354740,221.53133202588108,25
354764,210.92587343192486,24
354780,137.0532286738834,16
354815,314.42755496191245,35
354828,109.91479323689857,13
354852,212.63004830019267,24
354877,221.02197319545664,25
354888,91.25103734929533,11
354900,100.11192208257457,12
354921,184.21905458322726,21
354942,184.43943285398984,21
354968,230.71128469906608,26
354991,202.75433635779967,23
355013,192.0424295292287,22
355030,147.18839403859835,17
355044,118.91944793852784,14
355055,90.86218540512407,11
355073,156.4606897200759,18
355096,203.10574349388665,23
355116,175.52393171814398,20
355127,91.08202870106796,11
355150,202.49067444427132,23
355160,82.14005495852416,10
355179,164.49642947272494,19
355203,212.88495450180886,24
355231,248.97820377364985,28
355247,138.00457245369583,16
355270,203.2482629599243,23
355299,257.32425629501495,29
355321,192.6638018017164,22
355336,128.31288941701615,15
355367,276.38875208261555,31
355379,100.19588259631156,12
355390,91.58834509835103,11
355406,137.4015088541588,16
355421,128.5206221053326,15
355437,137.33940170399373,16
355465,249.3037591465231,28
355498,296.1098248749051,33
355518,173.80039704188204,20
355530,100.12002863016617,12
355544,119.03168402927338,14
355566,193.17958156534965,22
355599,296.1385523361914,33
355610,91.23964895673534,11
355622,100.84258942355517,12
355647,220.9955750568955,25
355667,172.73903414443043,20
355684,146.2501620553959,17
355706,193.69672322385009,22
355741,314.16015461464224,35
355757,137.38938372494337,16
355775,156.30416226286437,18
355792,147.19243737384693,17
355812,174.53501992315,20
355828,137.59748431462157,16
355848,175.22335688748197,20
355869,183.80814891275338,21
355900,277.3629216833486,31
355921,184.01802236082924,21
355938,146.5261951297231,17
355958,174.60827706049542,20
355976,156.4568235201003,18
355997,183.64776281137947,21
356022,221.0886498452366,25
356046,212.4656514879182,24
356076,267.8917580752671,30
356086,82.0548860550614,10
356097,91.55424610691836,11
356112,128.64661027978684,15
356131,165.6814709425987,19
356144,109.58640322359285,13
356157,109.95273881678634,13
356187,267.5086676193137,30
356200,110.11472134975406,13
356224,212.26067104349997,24
356242,156.52762697519034,18
356253,91.2655896753811,11
356268,128.64166064085495,15
356280,100.37746258625023,12
356298,155.8725419459214,18
356320,192.5275174873578,22
356337,146.94768246662568,17
356357,173.14802581554238,20
356395,341.1843299045729,38
356405,81.66325708126675,10
356415,81.80994641342662,10
356437,193.8931287724603,22
356460,203.30987012954043,23
356478,156.45546547351117,18
356491,109.21912903585753,13
356502,90.69029368190004,11
356521,165.97825759165292,19
356550,258.994549239645,29
356560,82.15214955143726,10
356573,109.54706123759766,13
356584,91.12290800923729,11
356600,137.39331662331608,16
356637,333.134956967725,37
356659,193.8581086117588,22
356674,128.448441289545,15
356709,311.95653005132766,35
356726,146.85638227783522,17
356747,184.5113831438068,21
356758,91.38162742027902,11
356786,248.7687249655655,28
356807,182.60623104513695,21
356832,221.44612873358753,25
356844,100.55109659843383,12
356855,91.58088325828008,11
356866,91.17679534404611,11
356891,221.31056546806204,25
356916,221.08114220058306,25
356936,174.93606897679132,20
356955,164.91998790675706,19
356974,165.61216653719427,19
356986,100.247923684762,12
357006,173.83015775547534,20
357024,156.4569574717647,18
357041,147.21835674515714,17
357054,109.65275657404496,13
357076,193.9008192185632,22
357096,174.45811153896508,20
357118,193.54624179349608,22
357135,145.37967349243627,17
357156,182.86234455550633,21
357173,147.4415621064102,17
357198,221.17404961467813,25
357212,118.89850792470665,14
357232,174.24434736922106,20
357244,100.4893198979126,12
357261,146.0439103240927,17
357288,240.02199955626267,27
357306,156.1776890347152,18
357338,286.80599890147136,32
357369,277.0136710165727,31
357403,303.57690013791995,34
357436,296.08141099628654,33
357460,211.3934643834286,24
357490,267.7969928764523,30
357507,146.86047873885525,17
357526,165.30271833200334,19
357548,193.62444126856965,22
357573,221.82266474424688,25
357598,219.97782232752374,25
357619,183.04033419112426,21
357629,81.64057219761197,10
357650,183.94140862572138,21
357680,268.2198374583418,30
357695,128.86829617261637,15
357707,100.92486344213431,12
357724,146.9174626075218,17
357756,286.37913742339333,32
357768,100.48914432489791,12
357789,184.66094260494256,21
357804,128.24501366433788,15
357838,305.4979599416156,34
357860,192.65091117250677,22
357872,100.80098586975153,12
357895,202.97405285061436,23
357914,165.1846739544559,19
357927,109.67060442034985,13
357938,91.37556089893184,11
357954,137.2419168842788,16
357973,165.71841037911125,19
357985,100.70810278134643,12
357999,119.51579351009579,14
358010,91.29256482800713,11
358033,203.02947940777065,23
358049,138.09492190807867,16
358067,156.44637847699647,18
358086,165.7947602483823,19
358110,212.10728004146665,24
358136,229.79519884472685,26
358154,154.8566356829515,18
358165,91.003731975105,11
358182,147.1954464656967,17
358209,240.51972024643314,27
358239,268.380557335617,30
358254,128.44354881725747,15
358276,192.88126613872453,22
358302,229.9157015984438,26
358315,110.19327936357318,13
358330,128.33691874517018,15
358346,137.44194703751953,16
358360,118.9715611885074,14
358383,202.36997230868496,23
358415,285.40511848825474,32
358444,259.20223327313437,29
358461,146.36977210893838,17
358474,110.02421564107856,13
358501,240.23207195186598,27
358520,164.83206506026946,19
358538,156.43835759397282,18
358555,147.09455366336735,17
358581,231.13531332218423,26
358599,155.63749232947623,18
358625,231.07963964144128,26
358648,202.76430641203098,23
358681,295.6088905417645,33
358699,155.0054178373894,18
358709,82.27108579613187,10
358730,184.28415832369333,21
358761,275.21961633656724,31
358792,276.93572289367364,31
358804,100.44263601429343,12
358821,147.0992844496159,17
358839,156.45828896398262,18
358850,91.44866973626418,11
358879,258.00501925694425,29
358900,183.4119459516028,21
358919,164.60271409416725,19
358933,119.32204447087899,14
358955,193.62505337383814,22
358977,193.5721328562822,22
358989,100.52969234505014,12
359014,220.9004912867556,25
359030,137.9190458561257,16
359055,220.37036550431029,25
359071,137.86730467731962,16
359085,118.71928282849385,14
359097,100.49178664705111,12
359116,166.07339139908285,19
359155,350.98751698579906,39
359187,287.1420282805526,32
359204,147.16598676952646,17
359225,183.5930443542844,21
359253,249.4695394845768,28
359276,202.6658075959643,23
359297,184.18802060911295,21
359310,109.93521078926436,13
359332,193.42780249597718,22
359359,240.03621751237995,27
359384,221.46400532402478,25
359395,91.48569014213928,11
359416,184.37782711235363,21
359447,277.78872094664524,31
359468,184.49400325221288,21
359486,155.84401503066908,18
359498,100.39596692269312,12
359510,100.86928694751936,12
359526,137.78259221160516,16
359542,137.6184648498066,16
359561,164.36798535490402,19
359576,128.610522107162,15
359607,276.5459389512135,31
359622,128.43896127483438,15
359642,174.95121211674754,20
359661,165.35278463951812,19
359678,147.27806243578587,17
359700,193.88363304467455,22
359710,82.1548937281997,10
359723,109.70022400971753,13
359744,184.08615642876705,21
359765,183.06834914571326,21
359796,277.1723877182954,31
359811,128.573006226525,15
359833,193.82209893393244,22
359854,184.08762679018056,21
359869,128.09974194037773,15
359898,257.25372034221414,29
359924,230.77713033677094,26
359947,203.1568905734581,23
359966,165.65197939594887,19
359992,230.83597571339703,26
360032,360.4224079249632,40
360058,229.70626381284646,26
360081,202.68059728448202,23
360127,417.53048242630155,46
360149,193.3989730054623,22
360172,201.53353452114268,23
360198,230.1639362398184,26
360217,165.9595459856376,19
360236,165.3672679991116,19
360259,202.8209733509777,23
360270,91.24074971066156,11
360294,212.42796666659305,24
360324,267.8319224122913,30
360345,184.5071767318733,21
360357,100.34109188841697,12
360376,165.7910662768725,19
360402,229.35194568984434,26
360418,138.22204442377534,16
360429,91.1085194592426,11
360442,110.14940192581807,13
360464,193.76373867104724,22
360485,184.19595539159488,21
360507,193.8917851237145,22
360530,201.79638401159497,23
360553,202.4498241783093,23
360573,174.60348210969335,20
360605,286.6188656056703,32
360628,202.9278401399795,23
360658,268.56357896504164,30
360677,165.57585511015918,19
360697,174.85274913594802,20
360733,323.8689505368604,36
360752,165.61742254698711,19
360770,156.33596203721316,18
360785,128.93739243988665,15
360800,128.56742754498666,15
360821,183.8349786410533,21
360845,210.3833097900862,24
360857,100.54800313355682,12
360879,192.02841194314956,22
360890,91.03686707137047,11
360908,155.47277046511232,18
360928,174.98710713208777,20
360950,193.03140191759263,22
360973,203.184865598479,23
360999,230.74905599530922,26
361024,222.1267160849027,25
361052,249.15794604873204,28
361064,100.66611333259674,12
361079,128.76864358858333,15
361092,110.08686220215324,13
361123,277.7593525352951,31
361153,268.0437679642172,30
361168,128.77286717288862,15
361197,259.02947827036127,29
361218,183.09608993603143,21
361239,183.45260652647954,21
361271,286.2254526581638,32
361297,230.73127243338953,26
361330,296.254173703744,33
361354,212.474176478635,24
361378,210.48390311674228,24
361400,193.72626708861475,22
361419,165.5687711498283,19
361432,109.99857414456793,13
361458,230.09493572912712,26
361470,100.36039834968551,12
361486,138.19318571835385,16
361512,229.49524304805902,26
361543,276.67883949682613,31
361572,259.1564092079089,29
361592,175.29863493425233,20
361619,238.68073056962817,27
361639,174.9624571657365,20
361662,203.1638884878938,23
361684,193.2006851196337,22
361705,184.05037978849907,21
361734,258.32627497301854,29
361758,211.6758222450908,24
361779,183.05207021882129,21
361809,267.7310471801311,30
361831,193.9471961654584,22
361857,230.4060186047209,26
361877,172.7942012501164,20
361900,201.6036733884026,23
361923,202.64307836392058,23
361949,230.35427857480136,26
361963,119.06242023537025,14
361995,286.7407821850874,32
362013,155.8261314760368,18
362049,323.6989493752525,36
362071,192.7497566606836,22
362083,100.00498996021653,12
362092,72.86662634819308,9
362108,137.55823789753282,16
362124,137.49592306059108,16
362142,156.01459631141185,18
362162,175.36039455769682,20
362190,249.29030910550202,28
362203,110.18364815716721,13
362218,128.83216942163483,15
362232,119.1309809177561,14
362242,81.9891128363139,10
362255,109.67640020164119,13
362268,109.51117796650547,13
362292,212.36331904470137,24
362317,221.80434631600008,25
362330,109.87457627840685,13
362355,221.78334365263137,25
362382,239.83785553943036,27
362400,156.1942633087664,18
362416,138.30639752304654,16
362428,100.65227749841188,12
362449,183.9020777766405,21
362481,286.997768171442,32
362500,165.48970256391144,19
362510,82.05668631352214,10
362535,220.83250460139075,25
362548,109.86470998185204,13
362575,239.28591043300116,27
362593,155.21660620411353,18
362621,248.4849374337672,28
362643,193.32566877335336,22
362665,192.40961144493113,22
362684,165.28164985631594,19
362723,351.9050666437095,39
362758,313.8282706611498,35
362786,249.50815699117945,28
362811,221.5561104989069,25
362850,351.45341518661405,39
362874,211.76694091514463,24
362902,249.70090138418928,28
362931,258.3391904924259,29
362966,314.9238872924347,35
362993,239.9971700820466,27
363008,128.54221138059904,15
363029,184.2659371213771,21
363051,193.1836664855218,22
363069,156.60790193124362,18
363085,137.61473409418443,16
363114,257.50234884369047,29
363138,212.09552102300395,24
363175,333.35606947504823,37
363204,257.66131070954026,29
363230,229.73522454595812,26
363288,528.5801605748752,58
363315,239.10518806980957,27
363345,268.0888411306674,30
363368,201.58078027980216,23
363382,119.30328326099094,14
363396,119.33680897578537,14
363408,100.30576032851457,12
363425,147.09157867067532,17
363438,109.49291944949215,13
363465,239.58667414116854,27
363499,304.9434808227435,34
363547,435.1584858857257,48
363585,341.32582962647126,38
363608,202.47299178316592,23
363629,182.12754584186652,21
363656,240.21041285236927,27
363683,239.14280370173444,27
363718,313.9939444824395,35
363738,175.29933568086986,20
363753,127.70566859672907,15
363766,109.55866634943659,13
363788,192.63389474501972,22
363814,230.1669476931488,26
363851,330.7374909698381,37
363865,118.6486172275623,14
363895,267.4743008912419,30
363924,258.70596365564637,29
363949,221.43054932922018,25
363997,435.2942132211728,48
364018,183.68915983678622,21
364041,202.69452113631678,23
364055,118.73762053678375,14
364072,147.50586692212315,17
364111,351.470717996531,39
364148,333.0649835295524,37
364165,147.43461013598494,17
364193,249.539554232164,28
364206,109.49732513372246,13
364224,155.69099580618519,18
364267,388.804076339048,43
364295,249.14864159737573,28
364320,221.77475752029903,25
364355,314.90416981317964,35
364376,184.17569378433356,21
364397,182.16674019660485,21
364419,193.7308644093988,22
364442,203.35982850334906,23
364456,119.32833058930589,14
364468,100.31676606745995,12
364495,239.78314357360705,27
364509,119.07649501481808,14
364522,109.98737901216047,13
364538,137.82977845208316,16
364554,137.9766515882278,16
364567,109.771911005335,13
364590,202.6983675835245,23
364600,82.22510270365616,10
364618,155.78850591241937,18
364651,295.49845993616754,33
364678,240.56861563191944,27
364697,166.02456305532075,19
364715,156.3871724578818,18
364727,100.36204108630929,12
364748,184.38305811263376,21
364771,202.83030885959917,23
364787,137.98553091513642,16
364804,146.73019989310916,17
364832,247.44832250661656,28
364857,221.31115104715744,25
364897,361.2702534627102,40
364912,128.4477371485962,15
364932,174.64530717754525,20
364963,277.0871744296599,31
364986,202.62762703749274,23
365013,240.3580643646151,27
365064,463.26847716095864,51
365087,203.54148238284793,23
365115,249.19324505623968,28
365135,174.23060940427885,20
365152,146.98260911598877,17
365197,407.5617632754842,45
365218,184.03507529268265,21
365237,165.9140529791765,19
365257,174.8147983441128,20
365290,296.4479364318755,33
365304,119.25801277085617,14
365317,109.926761643481,13
365348,277.6117683317404,31
365371,203.55057574936703,23
365384,110.12674157465759,13
365418,304.9925111738861,34
365435,146.25113928111523,17
365456,184.36130809278538,21
365479,202.8626072922967,23
365503,211.93745455980854,24
365529,230.57880643103852,26
365541,100.73994837437536,12
365567,230.35726551082772,26
365597,267.1954193442605,30
365627,267.3484298079385,30
365640,110.01129218453012,13
365666,230.8096314162186,26
365695,257.8658089987148,29
365719,211.41384404460345,24
365756,333.5065829934257,37
365773,146.78849488413124,17
365800,239.29723098249917,27
365815,128.262286473537,15
365844,258.6970776282394,29
365867,201.02768933021989,23
365891,212.2660992541581,24
365921,268.56943998840836,30
365947,230.93759420778582,26
365964,147.2159306883918,17
365977,110.23970109031029,13
365996,165.87002399555925,19
366013,146.93364282793664,17
366030,146.62253720346527,17
366063,296.0122971541782,33
366084,183.28939704174223,21
366110,231.0184316464246,26
366129,165.50746950774726,19
366150,184.84708711997666,21
366175,221.38609733740154,25
366194,165.05329695683275,19
366213,165.32827284079926,19
366227,119.22892752003334,14
366240,109.83349782580241,13
366255,128.52589073711178,15
366276,184.47815117844394,21
366291,128.85515509259469,15
366309,156.32899823965994,18
366357,436.2171524885585,48
366373,137.62681068097282,16
366415,378.9098298775867,42
366442,240.34609293293795,27
366468,230.81654930841432,26
366482,119.23272987301287,14
366503,181.3603882312715,21
366517,119.23382734699831,14
366550,294.86655819964386,33
366563,109.53504568196266,13
366579,137.72566617705186,16
366607,248.25221780858567,28
366640,295.84323580678097,33
366680,360.6298926436752,40
366694,119.10756931412058,14
366736,379.0098806123101,42
366751,127.75501350269205,15
366766,128.43298706747902,15
366815,445.6618466159984,49
366842,240.33548937188021,27
366861,165.85287435505282,19
366875,119.08239772979657,14
366897,193.2855877641425,22
366913,137.967126533999,16
366934,182.55194336452806,21
366966,286.49159498351474,32
367001,315.1178245081157,35
367028,239.69778268402476,27
367044,137.57866914968136,16
367065,183.99844908235295,21
367092,239.92372392407165,27
367109,146.8991804685972,17
367122,109.67281092502239,13
367146,211.9534334323145,24
367171,221.3948899485238,25
367198,238.93835781313325,27
367227,258.79763098944045,29
367248,183.5128456689733,21
367312,584.8789926382842,64
367333,181.7979738636079,21
367357,212.08597354621315,24
367378,183.19886050872722,21
367400,193.58239431037464,22
367414,118.64435681395946,14
367444,266.7817390951007,30
367460,136.72804103729348,16
367481,184.2454121399278,21
367509,247.38243284423174,28
367524,128.19760603935853,15
367538,119.13332922437255,14
367549,91.46677997595404,11
367571,193.0729886467151,22
367609,341.3193288008809,38
367636,240.19323362175155,27
367650,118.97267825780003,14
367677,240.01175855177598,27
367708,277.0610224662637,31
367741,295.9469723365706,33
367759,156.54341208035362,18
367782,202.69693442113075,23
367794,100.58902145929981,12
367809,128.24181569287728,15
367823,119.45450553944099,14
367838,128.77993011052303,15
367858,175.18534095243805,20
367907,445.10364686477016,49
367922,128.26394474548397,15
367947,221.57007827876936,25
367962,128.67626257251004,15
367986,212.33070379883296,24
368012,230.68599291442482,26
368029,147.4358010905436,17
368056,239.8277658575218,27
368068,100.67489087607329,12
368093,221.56745935071513,25
368117,210.19489203425513,24
368146,258.17817011916924,29
368157,90.96228546925167,11
368196,352.1325907548806,39
368217,182.35003259092372,21
368238,184.36878806529353,21
368277,349.6918607399703,39
368299,193.3939437595767,22
368319,174.83419214168282,20
368361,379.5599294458392,42
368393,286.9379277419795,32
368440,426.6329813434954,47
368472,286.3906588095556,32
368492,174.79356918572046,20
368504,100.85196448542685,12
368527,201.5104711520595,23
368545,155.83806604407516,18
368562,146.7186235523745,17
368604,379.59328027776394,42
368628,210.802909001806,24
368668,360.8241291538353,40
368705,332.13151230626727,37
368720,128.33144287127982,15
368746,229.19113470833034,26
368772,230.644916502371,26
368786,118.94453200407177,14
368801,128.24757524581466,15
368812,90.8430159104939,11
368828,137.689855791216,16
368855,240.249963276806,27
368866,90.87311847796856,11
368887,184.04513468826227,21
368920,295.8138745353911,33
368942,193.91173621608084,22
368957,128.5229129728583,15
368973,137.55085914914295,16
368997,212.21556121735364,24
369012,128.33039548367924,15
369039,240.20223716701946,27
369064,221.48046163156636,25
369085,183.66075352267663,21
369128,388.77371831655296,43
369185,517.8758187886419,57
369215,268.5299549128781,30
369241,230.96526529300843,26
369255,119.42460079891976,14
369291,321.3231368279319,36
369315,212.38207645409472,24
369337,193.41265029244045,22
369361,211.49350737422063,24
369406,406.4687123572726,45
369423,146.58726211182892,17
369449,230.78307513310938,26
369469,174.11930496695095,20
369501,286.7159666999485,32
369523,191.93306119740885,22
369562,350.81345632056957,39
369589,239.147649543674,27
369607,156.46847940505356,18
369639,286.5361329441958,32
369658,164.99001140132142,19
369671,109.63847156254569,13
369692,183.27937318666446,21
369704,100.16274549792277,12
369771,612.972489090754,67
369797,231.14945500560648,26
369829,285.6554311782055,32
369863,305.21218732934545,34
369895,286.87540431826966,32
369928,295.8431025313499,33
369969,369.1788512676553,41
369997,248.3696372888516,28
370019,192.31993081700858,22
370030,90.88045269840191,11
370072,379.9111338506267,42
370091,165.30427534010477,19
370138,425.6135474900595,47
370163,221.56245225234062,25
370182,165.18470259615066,19
370197,128.54946405937585,15
370212,128.27528217143896,15
370225,109.81185989949208,13
370238,109.57867418186328,13
370262,208.80975206376627,24
370302,359.9242371879254,40
370339,332.96880152543395,37
370382,388.5578915968596,43
370413,275.9017245120435,31
370442,258.55656443416126,29
370456,119.18464268144069,14
370481,219.6399125830412,25
370508,238.73789266897444,27
370521,109.69618842421643,13
370544,201.89592196107444,23
370557,109.97920561526142,13
370570,109.94526946980908,13
370591,184.05371932698534,21
370627,323.39599633968504,36
370667,360.7047405013722,40
370691,212.6458571991631,24
370717,230.92743699688094,26
370752,312.9818420098433,35
370778,229.78773222273645,26
370796,156.1624488085037,18
370828,286.25607363759616,32
370854,230.07562592172312,26
370867,109.91606069720328,13
370878,90.9644618988928,11
370889,90.74647254680048,11
370902,109.84527732286712,13
370981,724.2735033212471,79
371002,184.37921087861292,21
371024,193.56061078925362,22
371037,109.91186611834468,13
371084,426.1704860525297,47
371103,165.80690230605273,19
371119,137.8992427527248,16
371150,273.6923026206749,31
371176,231.38931681508015,26
371219,389.3007536680885,43
371246,239.5965525412501,27
371268,191.3528564355627,22
371289,184.39016412890857,21
371304,128.23722247223094,15
371320,137.86335773945424,16
371332,100.81595486126723,12
371359,239.1812980662217,27
371387,248.02978359363715,28
371410,200.2792071005625,23
371426,137.92460788532992,16
371451,219.1117941167066,25
371467,137.81746544721813,16
371483,137.8503125095656,16
371498,128.3610484011294,15
371520,193.04343629364854,22
371543,201.60960542961158,23
371585,379.7393679857772,42
371604,163.73698952108495,19
371629,221.37314000249037,25
371650,183.49357528636136,21
371661,91.11195536297562,11
371676,128.47216612721525,15
371703,239.09218798441987,27
371717,119.41147512529787,14
371729,100.6946262549102,12
371769,359.86157003523715,40
371792,202.6702799006534,23
371811,164.87026714664276,19
371852,370.46806123727833,41
371873,183.7356280802665,21
371887,119.23384328607764,14
371937,454.70637628889693,50
371961,212.39715659307123,24
371978,146.14806125236757,17
372003,221.86518994665343,25
372028,221.32436721798922,25
372052,212.53709748842658,24
372079,239.2548588436839,27
372102,202.19637839586377,23
372122,173.86328664646297,20
372148,230.77697709621447,26
372164,137.84906492168466,16
372221,519.4549619743849,57
372239,155.09374202626614,18
372278,350.02049744402257,39
372289,90.92648183820533,11
372299,82.14463575799357,10
372318,165.3785050911296,19
372338,174.9300327455373,20
372362,211.81212488504923,24
372387,221.9802316719074,25
372407,175.03296540061157,20
372419,100.64254668656935,12
372443,211.86694896742003,24
372461,156.44922015821308,18
372472,90.95821114063841,11
372497,220.21527300804087,25
372521,211.66095947816152,24
372543,192.21832004978418,22
372570,240.22902776082,27
372583,110.08287129677554,13
372596,109.89215387177433,13
372613,146.9306011985638,17
372626,109.93516540452062,13
372645,165.56407888731843,19
372682,333.2943489768972,37
372711,256.72950269961603,29
372733,193.76658369292977,22
372757,212.22415749314823,24
372768,91.03902410672363,11
372796,249.7999543397938,28
372821,221.725081496324,25
372837,137.71589166657995,16
372870,296.3424717289561,33
372891,183.54603222346338,21
372903,100.55822023204384,12
372921,156.15430232599783,18
372963,380.1169228479707,42
372978,128.74960630541557,15
372992,119.23220280280874,14
373013,182.72256262703334,21
373034,182.62332127769977,21
373055,184.3393899064175,21
373077,193.0858012752525,22
373111,305.4380555042486,34
373137,229.69469891343968,26
373150,109.99609900191032,13
373162,100.81847382527606,12
373175,110.18398597982717,13
373193,155.70040334386167,18
373213,175.04518984279062,20
373234,184.35864781904087,21
373257,203.5430696339804,23
373271,119.30496353434789,14
373291,174.29952449335286,20
373311,173.7858599028045,20
373332,182.94050974843273,21
373354,193.80468695004356,22
373374,173.6288585155118,20
373399,220.51759567418694,25
373410,91.22933923871614,11
373432,193.73231350042806,22
373456,212.03808422107215,24
373479,201.60814763007815,23
373508,258.80903851480895,29
373521,110.11665965578686,13
373538,146.9209970308089,17
373551,109.9789100602258,13
373566,128.51189398411225,15
373590,212.23507773020694,24
373605,128.53549245973826,15
373641,324.330805001725,36
373655,119.09968330430473,14
373680,221.4387199591618,25
373708,248.97671180787754,28
373719,91.34303388483768,11
373743,212.20707733457817,24
373762,163.1192373673499,19
373790,249.37331175877748,28
373803,109.90623623165231,13
373840,333.3809539952066,37
373854,119.38766014105286,14
373874,175.1358319613431,20
373889,128.41464396317085,15
373903,118.97894783902066,14
373932,257.1199563386999,29
373957,221.9811001393684,25
373968,91.08401866620197,11
373985,147.39086116013397,17
374007,193.53634974312362,22
374040,294.6053131208236,33
374062,192.18368413023487,22
374076,119.51678605304885,14
374095,163.17717567736568,19
374109,119.06529604360546,14
374121,100.54169739421683,12
374137,137.7821004122214,16
374168,277.737933954049,31
374179,91.50072581782855,11
374221,379.96523526334977,42
374239,156.55806157505532,18
374267,249.0156035353183,28
374292,221.13775315852544,25
374305,109.93605546068366,13
374318,109.89391325667431,13
374341,202.6901230166949,23
374356,128.5166110750833,15
374366,82.14281639304734,10
374386,174.2181917540727,20
374409,202.12894557687838,23
374432,202.83454456061696,23
374448,137.66583277919605,16
374465,146.8791935233679,17
374490,221.07453578780033,25
374508,156.3256265267422,18
374525,147.31396409032405,17
374556,276.8987583344333,31
374584,248.09683580053368,28
374600,138.14135087688604,16
374620,175.0874988006677,20
374638,155.92157886021798,18
374652,118.71717464726117,14
374668,137.2912600624145,16
374689,184.73159138293278,21
374712,201.55488058962626,23
374744,286.2690465122331,32
374761,146.58780883231276,17
374774,110.02960696232748,13
374798,212.3169033150704,24
374828,267.7322316771957,30
374853,221.8419611501675,25
374875,191.22883873353211,22
374890,128.6030881123897,15
374909,166.14224456525264,19
374935,230.7124195077704,26
374946,91.31479255742157,11
374961,128.52957448683048,15
374977,137.28071895435693,16
374998,184.24709896847173,21
375020,193.92395553914122,22
375043,202.82241193487093,23
375065,192.7877061592699,22
375096,274.86195129339444,31
375118,192.185039800529,22
375141,203.09692324997332,23
375167,231.3229805329082,26
375189,192.1486256988137,22
375200,91.38783903624552,11
375222,191.920746719838,22
375245,201.79928683048811,23
375257,100.64805204766573,12
375283,230.33091198007224,26
375298,128.27864797707466,15
375312,119.1003300629129,14
375329,146.9183910319672,17
375349,173.8965794320482,20
375369,173.11749154491199,20
375382,109.91691329509347,13
375396,119.48875191074397,14
375429,295.61468955612577,33
375463,304.64177076632984,34
375478,128.64601518176502,15
375506,249.67082724010606,28
375530,210.1043623536167,24
375546,137.83230004911752,16
375579,292.7645628377806,33
375593,119.25124399423794,14
375604,91.51466526530209,11
375626,193.67640094497813,22
375652,229.36169107790394,26
375675,202.71272221093966,23
375695,174.65916645913015,20
375715,174.82719438318478,20
375728,110.06397281630221,13
375744,138.0539216258617,16
375759,128.54707292725521,15
375782,203.01053657579968,23
375805,202.1111128177785,23
375834,256.5874659125452,29
375854,174.30788810693403,20
375870,137.51666800512294,16
375897,239.18979362997095,27
375917,175.11877224515092,20
375932,128.61299894252525,15
375957,220.08081721120442,25
375969,100.70631277687475,12
375995,230.966883023927,26
376039,398.20452361954,44
376060,183.68464492612796,21
376076,138.03928084881403,16
376101,220.93909987734025,25
376112,91.5577922862404,11
376123,90.95240045920043,11
376165,379.18816098242166,42
376195,266.1210070199811,30
376219,212.28966655468778,24
376240,184.38264186371646,21
376286,416.25220512074844,46
376301,128.55535854451227,15
376324,203.21649724697502,23
376339,128.4064937956007,15
376360,184.47683385751452,21
376385,219.7035399836295,25
376411,230.41533119117983,26
376427,137.32178091097154,16
376447,174.84869369576776,20
376471,209.77054483702364,24
376500,257.40895846433057,29
376526,228.6038884510024,26
376553,240.1915870622603,27
376575,193.56267645909418,22
376587,100.79563203355518,12
376618,277.43697053748394,31
376657,349.35022692786094,39
376682,221.83513631175265,25
376717,313.13179455528785,35
376740,203.17325231240673,23
376751,91.3860418525351,11
376767,138.09671712478064,16
376789,192.37976832127393,22
376807,156.43678720351318,18
376818,91.01030063182392,11
376830,100.65551184420788,12
376848,156.2836190218485,18
376871,202.42071417479616,23
376885,119.4332254912481,14
376908,200.9168470590182,23
376934,230.9791086204631,26
376952,155.92110415202487,18
376966,119.20886563960967,14
376996,267.70702751404434,30
377020,212.22556674547147,24
377034,119.46364056901447,14
377046,100.48034429207196,12
377079,296.49742925432446,33
377091,100.83766705786296,12
377108,146.16763512205566,17
377122,119.23282363108477,14
377143,183.85828355910698,21
377164,182.47747231813514,21
377177,109.91251398994697,13
377213,324.1272447554408,36
377225,100.76794442977058,12
377245,175.42571859624942,20
377263,156.72791539526347,18
377279,137.60446992435723,16
377300,184.6542225822575,21
377324,211.1819109881748,24
377349,221.7292311678069,25
377365,137.80603704237856,16
377378,110.15356070575888,13
377391,110.05700041340747,13
377433,379.25052649486724,42
377467,304.5991163826855,34
377493,230.85247644806137,26
377506,110.05269034143078,13
377519,109.93563271940263,13
377539,174.98920160868514,20
377559,174.04928964176037,20
377582,202.82825714520263,23
377601,165.44608399040564,19
377615,119.37495109581647,14
377645,268.58922468253746,30
377658,109.97535138750698,13
377679,184.22528200159968,21
377693,119.48922354170357,14
377716,201.90783274385896,23
377732,137.765192313051,16
377742,82.11663464156908,10
377756,119.23006136297063,14
377767,91.50944906886261,11
377792,221.5039983095897,25
377817,221.74986185425925,25
377830,109.78643667064736,13
377852,193.63540803369114,22
377867,128.41792908203175,15
377878,91.50582532605833,11
377905,240.164987122297,27
377918,109.86209675987642,13
377943,220.87460840226456,25
377968,221.5588676834663,25
377989,184.0064392870296,21
378013,212.41885755228094,24
378037,209.8224734475255,24
378057,175.36031765729467,20
378071,118.97003619017308,14
378098,240.0441834779644,27
378126,248.32822099390486,28
378140,119.0079113015494,14
378154,119.42147494787547,14
378172,156.3555561869796,18
378192,174.36037235794052,20
378206,118.92982014218177,14
378224,156.44335550262215,18
378246,193.53614803465845,22
378259,109.88308079492396,13
378274,128.77683789083648,15
378291,147.24764386772657,17
378331,361.7799119764218,40
378345,119.55463074121144,14
378373,249.66410279849708,28
378386,110.23753676952317,13
378407,184.67417851205317,21
378430,203.11436335988458,23
378455,220.80200424816277,25
378468,109.95998615828248,13
378493,221.51737390335364,25
378513,173.6842844643524,20
378529,137.44933369499307,16
378543,119.37165989056442,14
378568,222.01075702091435,25
378582,119.39068459549401,14
378602,175.1863431695592,20
378622,173.2011500926329,20
378637,128.60180934056498,15
378650,110.14559560648262,13
378670,173.27985145175293,20
378684,119.3149096269645,14
378705,184.69007472709208,21
378729,212.47736337779835,24
378744,128.24924569580327,15
378770,231.11355302330907,26
378791,184.63022217584336,21
378821,268.1241733382548,30
378834,110.13730360874322,13
378848,119.51634735535848,14
378868,175.3531430850167,20
378883,128.15063456105958,15
378908,221.47776367164872,25
378935,240.5428876788311,27
378953,156.50601636274686,18
378984,277.43329322053944,31
379023,351.5194176852704,39
379037,119.29934188034309,14
379053,137.7630197640767,16
379071,156.40358813215803,18
379097,230.81814133021197,26
379122,221.35235861466612,25
379144,192.53121061887248,22
379171,240.3335803937625,27
379199,249.54216208815555,28
379216,147.16068207786515,17
379243,240.45679231920525,27
379256,110.11918468742216,13
379278,193.16886500976065,22
379303,220.97506192164172,25
379321,156.28343831598104,18
379348,239.92755185670936,27
379378,268.53248594961434,30
379400,192.9537169498227,22
379437,333.2175371596131,37
379459,194.01124414342866,22
379513,491.3096095365634,54
379545,286.66986248803556,32
379560,128.66974133524795,15
379580,174.31811450178452,20
379607,237.32146874821478,27
379630,202.7127066885583,23
379651,183.93944623727705,21
379670,165.41381596009523,19
379709,352.26697577045724,39
379724,128.2372467379481,15
379749,222.17277123139866,25
379764,128.49526062896632,15
379794,268.29954329972037,30
379809,128.43516189646863,15
379831,191.448413297296,22
379861,266.5009299807766,30
379882,180.3428999783389,21
379897,128.52231962246742,15
379919,193.30772146382364,22
379940,184.24460923343906,21
379955,128.4882971135051,15
379977,193.9305764482475,22
380017,359.9329227764825,40
380039,194.06704174169917,22
380056,147.1158170080842,17
380074,156.58903886235228,18
380093,166.03178403356844,19
380112,165.433459741126,19
380140,247.73863680652155,28
380151,91.33671488146295,11
380177,230.72765502081333,26
380213,320.93889512183506,36
380230,147.38316279976002,17
380243,109.93692035143204,13
380282,352.1535536439158,39
380294,100.93233327125179,12
380326,287.1031238326318,32
380343,147.31798374214299,17
380361,156.56499559911828,18
380380,165.76492508305518,19
380394,119.29382413165762,14
380419,220.23054502980085,25
380434,128.81854496571498,15
380473,352.3108315216475,39
380485,100.54665331821396,12
380502,146.89526254086903,17
380517,128.69910885682202,15
380536,165.15218646537218,19
380548,100.8809381672455,12
380560,100.63765331316267,12
380577,147.21488489170466,17
380591,119.10654995270524,14
380617,229.210821227386,26
380635,156.37811441404506,18
380680,407.1118477075071,45
380692,100.48380414960431,12
380716,212.78293377487927,24
380737,184.5398571365592,21
380755,156.34194983754952,18
380781,229.79444538845996,26
380804,203.3681806851764,23
380829,221.50414928183838,25
380847,156.30235527772416,18
380861,119.0031767785956,14
380899,342.84887352352075,38
380928,257.2290052645446,29
380942,119.43559984002191,14
380956,118.9962802933972,14
380983,240.40539751981086,27
381007,212.4770542352833,24
381030,202.0928112925024,23
381052,193.74037025643392,22
381070,156.5138079801829,18
381099,257.06764945699285,29
381139,359.2068994449061,40
381166,238.59038064653865,27
381213,426.7377438856344,47
381230,147.53464588826697,17
381247,146.8037336027498,17
381276,258.7846519274861,29
381291,128.4900213219881,15
381307,137.83625773345707,16
381355,435.4495739932433,48
381383,249.26094557620098,28
381447,585.4687357965616,64
381473,230.80884427483102,26
381496,203.08311222963235,23
381532,323.83410014208465,36
381558,231.22333611234663,26
381580,191.705247081121,22
381600,175.43979365928365,20
381622,192.52318696342132,22
381636,119.15013639903096,14
381647,91.3754811022004,11
381688,370.57268642714627,41
381711,202.97250437366975,23
381733,193.7480843227908,22
381746,109.77640970228809,13
381772,231.11164387874663,26
381784,100.72654259898638,12
381807,202.7759246528414,23
381836,256.78961050290957,29
381862,230.39078144376776,26
381887,220.92166141723317,25
381924,332.319021535824,37
381946,193.26329243878206,22
381963,147.27146236964433,17
381990,240.63315713654694,27
382018,249.18282966185888,28
382055,332.17542275906936,37
382084,258.3504082702682,29
382100,137.97267722795223,16
382111,91.11771332007132,11
382141,268.57362130079343,30
382155,119.17469005930674,14
382171,138.09355779879886,16
382200,258.5450286616095,29
382212,100.37003569784346,12
382223,91.37654713921734,11
382260,333.07736154922884,37
382294,305.8113947689707,34
382305,91.3487108896883,11
382326,184.00534480029143,21
382357,277.5882274461514,31
382381,212.51898776890621,24
382397,137.87047248218946,16
382422,219.828414632294,25
382447,219.9680885864887,25
382467,174.53777912143337,20
382504,332.76085893479376,37
382527,203.1800236314019,23
382550,202.0972174662617,23
382568,156.0592216465952,18
382592,211.72541738392715,24
382618,228.62956817143495,26
382642,210.23474566240083,24
382659,147.02237335671182,17
382710,464.2380793908232,51
382732,193.1055988939941,22
382763,275.4638419366764,31
382777,119.3321542909327,14
382804,239.58938318986876,27
382824,171.93310477814993,20
382843,165.35645544264392,19
382865,193.21565710360588,22
382918,481.89103166046266,53
382937,165.99551430519003,19
382969,284.61902646742345,32
383003,305.76991360567484,34
383027,212.41664026435268,24
383062,314.44183443368007,35
383093,275.1901887899419,31
383116,203.03545264028352,23
383133,147.11825418470468,17
383173,359.87820435505375,40
383204,275.56325836757236,31
383217,109.67221262244945,13
383243,228.55038290826414,26
383259,137.61725881032874,16
383281,193.500540857333,22
383322,370.0341787748105,41
383343,184.37362020067718,21
383372,258.7994331693989,29
383401,259.2110012095451,29
383449,435.4917136644902,48
383476,239.94847380509452,27
383504,249.6788446805702,28
383546,379.3366702665081,42
383568,193.17712091887003,22
383604,323.4088241028941,36
383633,258.640040519307,29
383647,118.84656013526495,14
383669,193.54427541868836,22
383686,146.49964375547464,17
383710,212.03637289468566,24
383731,184.1835668625142,21
383747,137.5033444767026,16
383783,324.1257771872789,36
383805,193.17986019812554,22
383844,352.15492464719966,39
383873,258.6150125773706,29
383904,276.74893629441436,31
383927,202.9374878288513,23
383942,128.7423203795164,15
383976,303.46125157693746,34
383993,147.34870975402814,17
384018,221.68132279422855,25
384064,417.17484303381985,46
384086,193.9239347112298,22
384099,109.62948672880644,13
384121,193.32257587344424,22
384132,90.99136975487323,11
384145,109.66055366216605,13
384170,221.79029252566127,25
384211,370.3926433216399,41
384235,210.90543247043348,24
384272,332.93980381581446,37
384302,267.95781186702277,30
384324,193.88570996533437,22
384352,249.36271340052463,28
384405,482.38846966888826,53
384440,312.40667096438017,35
384480,360.80479157960764,40
384518,342.46375008344336,38
384535,146.91161086425578,17
384562,239.36381705348546,27
384586,212.4916929411536,24
384608,193.8657989845035,22
384625,146.9727138932799,17
384639,119.25397905948884,14
384656,147.12718702065933,17
384695,351.99599560263874,39
384710,128.5387588081373,15
384730,175.17586283607199,20
384754,212.29591400215142,24
384779,220.11808094096554,25
384800,184.44561108863732,21
384822,193.55938653723194,22
384850,249.44140841646984,28
384873,203.03351575395308,23
384895,193.82314498532187,22
384918,202.71592419970176,23
384947,258.74817289356787,29
384989,379.09433047104346,42
385022,295.67922999804335,33
385036,119.25428663963882,14
385062,230.84155111340152,26
385100,341.6942001865959,38
385138,342.82526774664524,38
385164,231.385466506037,26
385195,277.71076734352164,31
385206,91.24947121126026,11
385238,287.3419578043699,32
385254,137.51965636870543,16
385280,229.75231661928322,26
385303,202.97241060038732,23
385350,426.6597762059465,47
385418,622.2537057296387,68
385458,361.0963495183086,40
385484,228.00997134221555,26
385504,174.04030821641228,20
385526,193.81526319163825,22
385538,100.51950161129263,12
385571,294.6502251027022,33
385594,203.1968854257571,23
385618,212.43802468469704,24
385671,482.1308085573999,53
385713,379.43562104197275,42
385739,230.58669958237797,26
385765,230.67836708319126,26
385795,268.47229011085705,30
385811,137.5252826149281,16
385824,109.63690783023873,13
385838,118.81856231980439,14
385872,305.36418718775485,34
385885,109.35256775802894,13
385906,184.3051474851625,21
385949,389.0036203683106,43
385987,342.91635994739113,38
386012,221.86967318446455,25
386034,193.25854770864225,22
386088,491.5949852391405,54
386119,277.8064507232274,31
386138,164.92987094507774,19
386149,91.22495432245213,11
386163,118.67302102304352,14
386185,193.6645545200423,22
386196,90.96317499634816,11
386230,305.38716519641383,34
386267,333.0193714547391,37
386326,535.7400033021486,59
386354,247.4527274524431,28
386398,397.74112326535214,44
386423,221.33229163497361,25
386456,295.7014482351655,33
386490,305.6189180429196,34
386517,239.4953533763016,27
386548,276.3977621696811,31
386586,341.5826578550247,38
386597,91.5100549904852,11
386624,239.4153458457963,27
386636,100.14402723102513,12
386670,304.3800708325716,34
386701,277.3274981588919,31
386731,267.4311959887312,30
386776,407.9624697498642,45
386815,352.1808920869853,39
386833,156.66959965093722,18
386872,351.98717695500557,39
386896,211.32912678619027,24
386926,268.1224148320513,30
386972,415.98597378642245,46
387001,256.09992598533586,29
387030,256.9145818427133,29
387043,109.61833276865364,13
387067,212.33880638789125,24
387101,305.54991579193825,34
387131,267.9371968791947,30
387148,146.9512793073705,17
387180,286.12642675328544,32
387204,212.5276659959492,24
387239,315.3317443459108,35
387267,249.317976077649,28
387281,119.56491479802419,14
387300,165.2983125578204,19
387335,313.50708749506623,35
387364,258.5496894736734,29
387391,239.90711283003432,27
387416,221.48272722807533,25
387443,240.1468859798329,27
387456,109.64449037164053,13
387485,257.0834392410378,29
387503,156.5598562691326,18
387517,119.00551121711722,14
387543,230.85123330247077,26
387577,304.325540198531,34
387591,118.93596625999544,14
387606,128.63687517055163,15
387632,230.75245519521079,26
387657,221.37958236241542,25
387695,342.89436212192567,38
387721,230.3136546178857,26
387745,212.50711720869336,24
387757,100.77051355477028,12
387776,165.99981725954373,19
387789,109.52609021871638,13
387818,259.24528832873796,29
387849,275.804352569956,31
387878,259.0469284041422,29
387891,109.78412487871294,13
387914,203.28439506770454,23
387940,230.08200993570844,26
387967,240.1831168549428,27
387985,155.96329974359213,18
388021,323.69232950064236,36
388037,137.78272781702944,16
388059,193.7002410303826,22
388095,324.0716731149812,36
388117,192.36131194893682,22
388134,147.17564375895938,17
388152,156.66397841006946,18
388179,240.27309701073557,27
388193,118.93779973593449,14
388234,369.68965067004274,41
388260,229.9255473835569,26
388278,155.97312227830935,18
388295,146.7742164125396,17
388345,453.9799411450659,50
388389,398.28859558680534,44
388419,268.4207537703924,30
388456,333.4355856444721,37
388467,91.56469661959517,11
388491,212.4815820659827,24
388540,444.39591210086456,49
388568,249.46618540498503,28
388584,137.65000517553167,16
388616,284.79933971370383,32
388636,174.9106319118164,20
388663,240.3695592717974,27
388700,333.1209844484837,37
388730,267.94102833445106,30
388763,295.08150848512474,33
388811,435.3788329462376,48
388838,240.13258267516642,27
388859,184.16246930143922,21
388880,184.33430468603612,21
388904,212.31291495532517,24
388927,203.19782290944343,23
388946,165.75959047311926,19
388972,231.01918738738397,26
388997,221.49964429165274,25
389009,100.74260425066998,12
389058,445.2664275179454,49
389079,184.52893304274423,21
389147,622.362234726821,68
389163,137.60304492968882,16
389183,175.03611133644594,20
389214,277.1392584925861,31
389228,119.04334815435645,14
389245,147.29023371478482,17
389275,268.1696099673361,30
389296,183.8439960871231,21
389321,221.1068713516151,25
389340,166.1321886346015,19
389358,156.28976100178147,18
389391,294.3040349809275,33
389424,296.060805194989,33
389437,110.10299918101563,13
389458,184.59877413766182,21
389482,212.2279383758916,24
389496,119.29994965376066,14
389508,100.75300069985846,12
389531,202.89194332291166,23
389546,128.23427706350378,15
389559,110.17560823595682,13
389581,193.45624870243472,22
389603,193.8075654074034,22
389637,305.16395974362007,34
389660,203.00036935962197,23
389679,165.79557631142458,19
389716,332.58838110757915,37
389743,240.30429471230772,27
389756,109.9299918296379,13
389769,109.8181598534947,13
389818,445.32399315308305,49
389834,137.8223087943156,16
389846,100.37319292456102,12
389868,193.58807867146407,22
389884,137.54595213076675,16
389918,305.0212825713438,34
389941,201.55681841173603,23
389956,128.36931013294543,15
389995,350.61976086239804,39
390015,175.1041453147071,20
390045,268.03167868747187,30
390062,146.89598351017605,17
390075,109.79023492611877,13
390093,156.86272220721827,18
390108,128.23772652021313,15
390123,128.55704054019233,15
390148,221.27323244374,25
390164,137.9460333435247,16
390194,268.4844329179687,30
390217,202.23125372368864,23
390233,137.43332998270972,16
390258,221.86211078476285,25
390286,248.7481741647593,28
390306,175.351880664667,20
390340,305.7193997739378,34
390361,184.34397315775817,21
390381,174.6460522769562,20
390414,295.35569691006214,33
390425,91.52669349457989,11
390441,137.8830198123747,16
390463,192.36219257733038,22
390477,119.28750976723998,14
390498,184.61091149898456,21
390514,137.8753361357124,16
390537,202.852332595251,23
390558,184.42556143842646,21
390573,128.16984960988327,15
390599,230.5773140544772,26
390641,379.6905657045855,42
390663,193.4724771685288,22
390694,277.60687371038915,31
390717,203.02494174275336,23
390733,137.71008648363025,16
390761,249.48906956241487,28
390777,137.47497604946224,16
390797,175.06873664042345,20
390825,249.44317047178515,28
390854,258.7157358724712,29
390868,119.46035596507393,14
390891,203.0849030854123,23
390907,137.62248900145272,16
390928,184.71332959577794,21
390944,137.7471412694072,16
390973,258.6154331609049,29
390995,193.56299185892098,22
391020,219.2250831285032,25
391044,211.83219741761633,24
391068,212.52947489122047,24
391100,285.357823989109,32
391127,240.3097233217025,27
391158,277.3027705845957,31
391174,137.96106034645481,16
391188,119.272481379808,14
391222,305.67485520028094,34
391247,221.89735720787044,25
391268,184.01492578409798,21
391291,202.79200095333147,23
391315,212.38226085281215,24
391328,110.06934378268905,13
391348,175.02188413070488,20
391360,100.54012835922741,12
391377,147.00848907633787,17
391402,221.56366280893593,25
391421,166.00638017449845,19
391440,165.42635233477748,19
391457,146.90349082569338,17
391479,193.75297920114662,22
391500,184.06448174535265,21
391520,174.99479864071142,20
391548,247.64192039820304,28
391566,156.36023716058514,18
391586,174.78435686250972,20
391614,249.26226824520919,28
391639,219.12688756744092,25
391655,138.0090188868852,16
391673,156.40904316945472,18
391684,91.50539105237962,11
391697,109.57595183723406,13
391716,166.06763540631525,19
391732,137.54229579558685,16
391755,202.78726849685478,23
391777,193.80375800184177,22
391787,81.76032896835827,10
391801,119.00023534839788,14
391831,268.17175399504026,30
391842,91.19231143029357,11
391858,137.9633387885689,16
391882,212.46568037301188,24
391907,219.32847248236547,25
391918,91.53168572557072,11
391940,193.9918594048197,22
391957,147.13561290788056,17
391976,165.86693132651277,19
391992,137.9780050625497,16
392011,166.03069989532833,19
392029,156.7368631133872,18
392042,110.09243802248317,13
392059,147.39273962994855,17
392070,91.55087941394257,11
392087,147.37444780837768,17
392101,118.76856662874923,14
392126,221.36560997603144,25
392146,174.92183063144645,20
392162,137.90490251463896,16
392215,481.2658632203037,53
392242,240.4344678463006,27
392257,128.50638925540903,15
392270,109.77566860316296,13
392286,137.34735723538756,16
392300,119.36395872456572,14
392314,119.27879097638294,14
392329,128.54740895063597,15
392349,174.8420453832803,20
392379,268.11278076777916,30
392400,184.24000444001956,21
392424,212.67568736260029,24
392448,212.71706143143192,24
392461,110.19169413948455,13
392484,202.3416082330174,23
392510,231.15168827487008,26
392526,137.66347948431476,16
392543,146.79196846801702,17
392566,203.49034390336328,23
392593,240.26393697724424,27
392604,91.44444271462227,11
392615,91.15478472290029,11
392628,109.72760116593058,13
392639,91.3379055672797,11
392668,259.16998064368244,29
392690,193.72369242917955,22
392733,389.0967680665688,43
392767,304.7994535245887,34
392779,100.5995954434984,12
392798,165.3760761097185,19
392853,500.6420813818669,55
392880,239.1957830624613,27
392900,174.04031438373136,20
392913,109.82181630880983,13
392926,109.95442701189981,13
392946,175.29000212191104,20
392964,156.7223012463011,18
392991,240.09161808219937,27
393012,184.53256736575588,21
393027,128.65259798828683,15
393047,175.2612032016209,20
393059,100.50232691190834,12
393072,110.02054933228565,13
393088,137.6590864753572,16
393102,119.29272612849415,14
393129,240.39207649566637,27
393158,257.78113014195606,29
393170,100.78537419037606,12
393183,109.8571191157238,13
393209,229.80933000418767,26
393229,175.03876648520588,20
393260,277.17475651180075,31
393292,286.99389291627085,32
393310,156.15816997211127,18
393332,193.7970100103287,22
393355,203.28784118272316,23
393372,147.00880159743411,17
393385,110.14863164135974,13
393412,240.25116838828288,27
393425,109.72559259222417,13
393438,109.87287770515118,13
393452,119.54821114240282,14
393464,100.84626196896596,12
393487,202.67504704164676,23
393501,119.06300438699822,14
393551,453.064921534697,50
393585,305.5584902549657,34
393611,229.32836450177433,26
393626,128.48739476396563,15
393646,175.21173581275923,20
393670,210.02995233086003,24
393684,119.32898291307656,14
393705,184.42013163111886,21
393719,118.87185233431883,14
393741,193.82784058354576,22
393761,174.57399145633482,20
393777,137.49056506360083,16
393806,259.20101422965155,29
393828,193.90173124641768,22
393848,175.32289947972035,20
393863,128.1435203275578,15
393903,361.29710017444086,40
393938,314.62406330618296,35
393958,174.73273139648893,20
393975,146.76872203974864,17
393997,193.6221356203492,22
394017,174.5898099094789,20
394040,202.7913348168517,23
394071,277.7076360845164,31
394085,119.15641535568697,14
394100,128.5788406032011,15
394113,109.88829465966234,13
394133,175.63632940761144,20
394145,100.92676962481676,12
394178,293.4402318401562,33
394203,221.24341982465373,25
394218,128.54920268842042,15
394236,156.65735910272141,18
394256,175.04001911897254,20
394278,193.60253032848303,22
394296,156.78346353953592,18
394312,137.69829517401087,16
394332,174.92628872752243,20
394344,100.76729136108008,12
394365,184.23006650067663,21
394388,203.22012430879096,23
394404,137.7632675478579,16
394427,202.5764831503918,23
394456,259.1700805897839,29
394470,119.22767006460703,14
394483,110.08571473890672,13
394502,166.0816969117835,19
394529,237.57787083225014,27
394541,100.38892516140852,12
394553,100.68089986116907,12
394567,119.33463614684217,14
394582,128.47182608854638,15
394608,231.10489426907452,26
394629,184.3673849136461,21
394644,128.66194243774632,15
394658,119.2595827505457,14
394672,119.26935064615682,14
394695,202.73786601326435,23
394716,184.23575795000272,21
394748,286.85121012110363,32
394760,100.84196630465794,12
394782,192.44072772362827,22
394795,109.70173891970613,13
394815,175.3078101451981,20
394832,146.59584588024916,17
394856,212.36646026824585,24
394881,221.59365986133594,25
394906,221.78278548611203,25
394922,137.65649365309432,16
394938,137.822049458199,16
394962,212.44292231176536,24
394978,137.71650251249145,16
394997,165.88071976256117,19
395024,240.46247346561444,27
395066,380.24383263465955,42
395090,210.35872006819005,24
395115,221.62778414544317,25
395136,184.1198082782638,21
395157,184.402992792895,21
395169,100.50172053866541,12
395195,230.50835969401163,26
395207,100.55860801407468,12
395240,296.3724939278513,33
395278,342.80856490654185,38
395316,342.5821711788213,38
395327,91.35516074643061,11
395351,210.9846444144236,24
395374,202.43317344496145,23
395400,230.960910980025,26
395422,193.802006449229,22
395435,109.88544991847591,13
395447,100.93835498444474,12
395474,239.18351957659513,27
395496,193.83509813533772,22
395522,230.18698809257612,26
395533,91.54866943004913,11
395561,249.80503938665524,28
395584,202.85185141500526,23
395599,128.5740579883446,15
395626,240.9277062001597,27
395642,137.82906324698064,16
395671,258.6421641514147,29
395692,184.21073872412725,21
395728,321.721148672837,36
395751,200.88967468836847,23
395786,314.53477602959225,35
395797,91.49981577705096,11
395822,221.06949978542454,25
395845,203.07279073015724,23
395868,202.81897471631646,23
395908,361.2763139644748,40
395921,110.12583499913677,13
395940,165.9743623538616,19
395960,174.90816463651095,20
395993,295.48803752841127,33
396010,147.11259904161182,17
396032,193.6380056031032,22
396046,119.3070077766876,14
396072,230.49801473400572,26
396086,119.41054850383212,14
396099,110.02679577642203,13
396130,276.9508206291872,31
396165,312.4299179835921,35
396181,137.4825794963173,16
396204,203.24992430603402,23
396235,277.120546000412,31
396258,202.91343793158282,23
396276,156.5590014219842,18
396299,203.10472760892932,23
396334,313.055195068626,35
396350,137.88331469849044,16
396365,128.64591033734848,15
396395,267.81071166642766,30
396410,128.0751109203819,15
396432,193.43411785369116,22
396457,221.3956455252967,25
396475,156.5757736689838,18
396502,240.4988025430191,27
396520,156.31152837597986,18
396544,212.62367006881252,24
396577,296.3380682224293,33
396595,156.80562177837476,18
396612,147.47146160555414,17
396624,100.49988169379692,12
396646,193.76892980843922,22
396668,193.85377540799303,22
396680,100.29327305992739,12
396691,91.43579486703426,11
396705,119.31782804655494,14
396741,323.42899455942205,36
396755,119.48993331302202,14
396791,324.36340959703193,36
396811,175.05587748209817,20
396833,193.59099088317376,22
396862,258.669770173401,29
396880,156.46148525118804,18
396891,91.17921031968524,11
396910,166.10217399323835,19
396934,211.89876889384425,24
396961,240.04815260022795,27
396990,258.8958951334304,29
397021,275.2488441573053,31
397062,369.47680011773673,41
397089,240.27658993378634,27
397111,193.79758767046596,22
397129,156.89718635853404,18
397166,333.29516646524706,37
397192,230.96891245490258,26
397218,230.76481633686598,26
397242,212.71043849723526,24
397253,91.3443797702495,11
397297,398.7719865002212,44
397310,109.91964223640785,13
397330,175.11482882766305,20
397348,155.70660601708323,18
397369,184.05312637293753,21
397387,156.58332701522392,18
397400,110.0392920157421,13
397421,183.70486349028025,21
397439,156.83750928110322,18
397461,193.8381563023358,22
397481,175.04101303043717,20
397495,119.11932735212473,14
397514,165.9048898681449,19
397528,119.46611787611774,14
397559,277.62275321933646,31
397589,268.27420410659585,30
397604,128.50397831683716,15
397625,183.55036701006875,21
397644,165.111625118967,19
397655,91.23794656269828,11
397686,276.59624451895104,31
397699,109.84730517983989,13
397711,100.9531632907864,12
397727,137.4952225538376,16
397751,211.77403355270016,24
397802,461.6476235292719,51
397829,240.1224241484695,27
397845,137.75228589144106,16
397857,100.75470250575133,12
397875,156.6348752382345,18
397898,203.03420823546554,23
397915,147.1513855267662,17
397933,156.7876518011121,18
397953,174.77594789595565,20
397974,183.72484948002779,21
397994,174.4173222453598,20
398017,203.19898101684592,23
398026,72.81603298902905,9
398045,165.49623277631022,19
398057,100.7541338616533,12
398074,146.53615395527208,17
398091,146.64297967049922,17
398120,258.36142043364765,29
398140,174.90154301943036,20
398165,222.13305207764827,25
398182,147.24595204992062,17
398198,137.18817683979557,16
398215,146.9776703015625,17
398249,303.37298009459573,34
398265,138.02260234007105,16
398290,221.55678921774947,25
398303,110.13097424153163,13
398336,292.98616378513805,33
398349,109.83077057955101,13
398361,100.90538425354531,12
398376,128.05446978903427,15
398392,137.76090054541083,16
398404,100.65617097175962,12
398448,398.4385125101913,44
398466,156.7451272338175,18
398494,249.05516314325106,28
398508,119.11885563874989,14
398532,212.4836805622901,24
398556,211.69291425296996,24
398567,91.51649423691278,11
398597,267.92752654720823,30
398612,128.35543306561004,15
398635,202.7300825122162,23
398646,91.48488563491604,11
398662,138.02584155168748,16
398688,230.13973877067713,26
398708,175.27995259384673,20
398738,267.72818296672114,30
398754,136.90543456306173,16
398766,100.44157237853342,12
398797,275.30554348035537,31
398818,184.17702415972983,21
398845,239.90768040886485,27
398892,425.2542044944102,47
398914,193.4517266365734,22
398925,91.37506954604544,11
398943,156.16730827299517,18
398964,183.0646067560002,21
398987,202.26880473649067,23
399006,165.24448421886444,19
399030,212.1586477456569,24
399046,137.32695461173603,16
399064,155.74252027290814,18
399092,249.4378655432863,28
399106,119.17189764919283,14
399140,304.93111830035724,34
399160,175.143257304681,20
399196,323.2164480160901,36
399207,91.45398396333508,11
399240,296.40318855949783,33
399265,220.99988813952808,25
399291,230.62633661244112,26
399302,91.52080473258592,11
399315,110.27597023837235,13
399326,91.26262502941607,11
399352,231.04534927270632,26
399363,91.60537982546637,11
399399,322.91180074058906,36
399418,165.7949821607013,19
399450,283.68227006379993,32
399473,202.93876127569283,23
399502,259.03526366179,29
399525,201.21379784832945,23
399560,315.05335622054514,35
399581,184.07355096171682,21
399643,566.4904299736633,62
399657,119.4828785293686,14
399690,295.7084551118211,33
399704,119.2043171271193,14
399732,246.10231057813596,28
399768,324.2011471708704,36
399802,305.3746087064321,34
399840,342.39479070350325,38
399862,193.81636354090304,22
399928,603.390214297645,66
399945,147.1847992029469,17
399959,119.00425965998639,14
400000,370.6670356406555,41
400014,119.28121636013836,14
400038,212.14335572933766,24
400072,305.7550960972274,34
400107,313.1628266594838,35
400129,193.90395421684863,22
400163,303.789876994454,34
400176,109.82627531944723,13
400193,147.1453417592449,17
400212,165.51937844982436,19
400227,128.44442848789205,15
400248,184.5559067280558,21
400259,91.53671744416803,11
400289,267.83203078739183,30
400305,137.6595101146835,16
400328,200.12280058559884,23
400344,137.6844005626174,16
400379,314.17954044330435,35
400401,193.42998341590936,22
400440,351.7658478463715,39
400457,146.60358764477138,17
400504,426.2255700451851,47
400517,109.83154057170121,13
400542,222.0352861145706,25
400563,185.02404464384074,21
400579,137.55822111040607,16
400620,370.7319846811415,41
400646,230.9211578847081,26
400661,128.24948392367068,15
400680,165.45141147948547,19
400710,268.2082009371862,30
400743,296.14306500805355,33
400757,119.31895497839753,14
400795,342.7024151730648,38
400814,165.82502582173848,19
400848,304.6973133031233,34
400868,175.5896323596531,20
400891,203.10422978400075,23
400909,156.23063126601645,18
400934,222.21563190342047,25
400962,249.62748042143602,28
400983,184.80022331285113,21
400998,128.66962856649235,15
401026,248.2992899290196,28
401056,266.66105240171646,30
401090,303.695373857233,34
401106,137.4736753578575,16
401147,370.8813124006549,41
401160,109.9299149777042,13
401183,202.67195264953793,23
401199,137.84942679118197,16
401217,156.46920218980807,18
401237,174.6173384714745,20
401253,137.9469005367852,16
401266,109.80957071090548,13
401316,454.70121301947563,50
401336,175.21871002744123,20
401356,175.47079133875198,20
401375,165.3908688133105,19
401388,110.0133260641089,13
401406,156.568321553689,18
401443,332.5947813056116,37
401488,407.76093008389955,45
401509,183.25072369421872,21
401538,258.3897130613009,29
401555,146.96256671456226,17
401566,91.51909573724055,11
401582,137.52420558997423,16
401603,183.9449313468483,21
401629,229.59698686126825,26
401659,266.05412550847797,30
401688,256.4952809524764,29
401717,257.8071378696948,29
401748,276.5238389689174,31
401758,81.90616649930556,10
401772,118.72979367336039,14
401793,182.22188455111905,21
401808,128.1972289797949,15
401831,202.9269985206398,23
401869,342.40290418263396,38
401890,183.56202048850227,21
401917,239.10779179312848,27
401945,248.4486014604354,28
401962,146.93240542284803,17
401991,256.78631447326234,29
402012,183.9589484729105,21
402040,249.24231006102298,28
402065,220.4001319293512,25
402094,258.6932920897402,29
402124,267.0661213700207,30
402164,359.63015260688775,40
402190,231.40699051833758,26
402207,146.9150308106383,17
402243,323.08758886321925,36
402276,295.229514679889,33
402298,192.80111453282706,22
402327,257.65492926730667,29
402342,128.5101502484039,15
402368,229.54807121962176,26
402423,500.1054507877112,55
402455,286.1564323405265,32
402470,128.57803972810325,15
402505,314.87593168334627,35
402533,247.6521909652823,28
402544,90.77735434880299,11
402555,91.54400009958134,11
402570,128.54395477886604,15
402596,229.98574124653118,26
402621,221.39625873219205,25
402634,109.94885397169651,13
402659,221.74016284008755,25
402671,100.57635326380326,12
402686,128.4862532460585,15
402714,249.07819704620564,28
402725,91.15551688825572,11
402751,230.62287030458162,26
402763,100.61445464176133,12
402787,211.03897015527534,24
402811,211.695992379463,24
402836,221.01363403551028,25
402872,324.31749943928537,36
402904,285.872667308209,32
402924,174.4433430634417,20
402951,239.7881272240179,27
402978,240.3697531950645,27
403002,211.50435707013426,24
403026,212.45060386444294,24
403050,211.18547779248857,24
403075,220.29563513093484,25
403086,91.46011925780519,11
403115,258.31333033022173,29
403138,201.1991154809842,23
403166,247.60551279564274,28
403190,211.668474041354,24
403230,361.3747751210893,40
403266,324.08345209884885,36
403299,295.34189075713266,33
403341,379.10391160254056,42
403365,212.1261333448857,24
403402,333.5699735215586,37
403417,128.8624680521074,15
403447,267.73456480162156,30
403462,128.16414546654082,15
403500,341.9022693446348,38
403529,258.566721325577,29
403551,192.7623811943318,22
403596,406.2597417345735,45
403610,119.49165943774732,14
403635,218.7665124935053,25
403657,193.4368147254807,22
403688,275.2164111808727,31
403725,332.4110371826449,37
403751,230.33045152856212,26
403779,249.17176500761636,28
403800,184.20717103882345,21
403896,882.2759613182551,96
403916,175.1038357618895,20
403940,211.9689131840019,24
403962,191.6544721425572,22
403995,294.05139147975234,33
404027,286.7847553659736,32
404076,444.66638722905435,49
404101,220.02090097050458,25
404137,323.9069815930519,36
404162,220.67126976038932,25
404205,388.93115470658216,43
404220,128.42363854089817,15
404243,201.01342504073276,23
404268,220.48588939153063,25
404309,370.3264891159987,41
404374,594.1383585994785,65
404399,220.98950547383313,25
404436,332.60801344256885,37
404464,249.29146368651936,28
404496,285.8195537629915,32
404528,286.3775044685558,32
404545,146.9372174438069,17
404570,221.23575739517156,25
404594,211.81088151586394,24
404635,369.9928696548694,41
404662,239.42917937377723,27
404675,109.50635491211948,13
404719,397.7656481557621,44
404752,295.2285767440281,33
404770,156.20650285120612,18
404813,387.74365092366287,43
404837,210.90883718025918,24
404864,239.31393456934012,27
404881,147.03846119688038,17
404899,156.23779317885797,18
404912,109.41433281041411,13
404933,184.19621550922835,21
404959,230.17437200931118,26
404984,221.74892603618775,25
405019,313.4029136938299,35
405037,156.33584974437875,18
405066,258.9509706089712,29
405083,147.1309123365518,17
405107,209.56229363156746,24
405138,277.0721788581108,31
405157,165.74796448480296,19
405180,201.63916713658463,23
405216,322.3950358049528,36
405268,471.5480320809504,52
405332,585.3751919702281,64
405349,146.9273456289,17
405415,603.7719154291838,66
405441,229.94343183461322,26
405477,323.2135458400105,36
405501,210.8759711495974,24
405520,165.36126955826725,19
405544,211.57470138013846,24
405570,229.5502219050565,26
405593,202.557514398293,23
405619,230.60793068037754,26
405656,332.47202060454197,37
405679,202.5351592559197,23
405690,91.41973619299834,11
405713,203.35716031489935,23
405741,247.62190189781762,28
405768,240.75026659449847,27
405829,556.0160237524386,61
405861,284.9787903857617,32
405896,314.9219740023469,35
405931,315.1649055967667,35
405961,268.4084589984707,30
405998,333.6304453771543,37
406024,229.0937590094402,26
406061,332.4788076598911,37
406116,500.4190550490877,55
406130,119.20834064648483,14
406151,184.1930472333793,21
406177,230.61307845715746,26
406195,156.79422864999236,18
406219,211.87131849952286,24
406232,109.87797406045064,13
406246,119.15239228957931,14
406297,464.17848393646494,51
406328,277.2459074231622,31
406371,389.352100583536,43
406398,240.04916023965362,27
406415,147.16612392947098,17
406437,193.58667084204063,22
406461,210.6040510889962,24
406494,296.30046335166236,33
406507,110.13102001339249,13
406545,342.15815438940774,38
406570,221.10209324228407,25
406596,230.67046785798203,26
406616,173.58479612418844,20
406643,240.47738915287323,27
406704,556.154505205125,61
406730,230.55159058576209,26
406765,313.892837655814,35
406791,227.94939830184506,26
406833,377.8801334239865,42
406879,417.23239933874083,46
406895,137.81978983546776,16
406916,184.10579126140283,21
406942,229.61355892748838,26
406988,416.9147432724163,46
407020,287.1228304262916,32
407033,110.0974533574896,13
407053,173.60635177315567,20
407080,238.96779302354173,27
407105,221.3849300342604,25
407132,239.4225187880876,27
407164,285.0380440455673,32
407215,463.87205449295436,51
407236,182.0297719254951,21
407264,247.2504106111098,28
407286,194.1889175468847,22
407313,238.55756234022422,27
407327,118.99164386289067,14
407351,210.0553873082884,24
407363,100.76392228918051,12
407413,454.3305236040654,50
407455,380.03472362051815,42
407475,174.84856906463855,20
407508,296.25499532600656,33
407560,471.36525936902507,52
407582,193.39684918766224,22
407606,210.19249104467653,24
407646,361.39626254744167,40
407678,285.0032828633395,32
407708,265.3642406108122,30
407738,268.11718861663013,30
407755,147.00446956483304,17
407786,275.37144448183705,31
407815,256.14097742543674,29
407830,128.4939927363732,15
407855,219.7046448820355,25
407889,303.98098983405174,34
407919,267.70551762785885,30
407958,352.0574192215265,39
407974,138.11331983924705,16
408026,470.9084335285697,52
408052,230.80122104358173,26
408078,229.42908818698766,26
408106,248.92716209511596,28
408131,221.49631336368958,25
408158,238.45963383222266,27
408180,192.53105298016152,22
408215,314.3469863440006,35
408241,230.6906428684581,26
408265,211.43081628015645,24
408293,249.02783652962503,28
408312,165.60664385137358,19
408329,146.37649841288126,17
408344,128.19606282894006,15
408384,361.83548341019997,40
408412,248.76753570744086,28
408435,202.92652508903424,23
408489,491.4089644820573,54
408533,398.2708296040393,44
408589,511.0462696444722,56
408618,258.2527740247504,29
408637,165.06559440888475,19
408656,165.22847846103522,19
408683,239.70003236149793,27
408723,360.55890558295533,40
408746,202.17737344579334,23
408773,240.02634545732252,27
408813,360.75479887266334,40
408836,203.06025538958008,23
408859,202.47817820689653,23
408901,378.8795747440853,42
408930,259.62182845124937,29
408978,435.1315694635954,48
409004,230.53037828948692,26
409048,398.63449661983935,44
409060,100.77608596125194,12
409133,667.6102261914942,73
409165,285.9625989088807,32
409194,258.1252172379398,29
409222,248.7887436436312,28
409238,137.73273458028743,16
409265,239.8582302877362,27
409286,184.27216412053005,21
409308,191.80896794111527,22
409339,277.0316437881485,31
409368,258.00916421519736,29
409396,249.65587103700426,28
409421,220.7015654022084,25
409450,257.93600438148513,29
409487,333.2732491554243,37
409563,696.4227591148289,76
409587,211.70603600953805,24
409644,520.1931750061527,57
409670,230.81376041428265,26
409696,230.81673704218332,26
409726,267.83861809336133,30
409753,237.8590623233852,27
409771,156.42038071041648,18
409801,268.00221664142464,30
409815,119.12507576538117,14
409855,360.19031364482646,40
409882,237.37260768370595,27
409910,249.53653330951278,28
409940,267.96082029353926,30
409967,240.16664550219812,27
409997,267.2191450026737,30
410036,350.69329727531937,39
410069,294.8420956868126,33
410109,360.47171047865214,40
410122,109.83479293869509,13
410192,639.9754920561414,70
410213,183.13751848294638,21
410257,397.39740833181696,44
410271,118.94894935790444,14
410307,324.07887162883463,36
410336,258.9134643083608,29
410364,249.1918626697179,28
410391,239.92772050370775,27
410413,193.65904613919528,22
410443,267.7496035328048,30
410461,155.98667699845848,18
410498,333.2500614520845,37
410521,201.90756748738434,23
410540,165.39850081030107,19
410579,352.1437758790329,39
410612,295.7827357051261,33
410640,249.54075160702172,28
410675,315.0543494753553,35
410691,137.69188592920693,16
410717,227.19437970631796,26
410759,380.4202597023815,42
410806,426.0656982405904,47
410835,257.65152641634114,29
410859,211.1447527858961,24
410879,174.1925267384046,20
410917,341.6516374940486,38
410953,324.33123990382825,36
410975,193.5097997746033,22
411008,296.29467761702944,33
411033,221.7618146858687,25
411062,257.97145456476073,29
411103,370.6316697492959,41
411152,444.98870798794303,49
411209,520.1832946374193,57
411253,397.7122204222942,44
411287,305.4071817272354,34
411316,259.10754742584226,29
411346,266.8535940336133,30
411362,137.90837195285138,16
411398,321.98261732697733,36
411431,295.62106172688846,33
411475,398.34299966433787,44
411496,184.71107720749976,21
411524,249.75398005937498,28
411567,385.6642474066581,43
411588,184.11442701855867,21
411621,296.40576911575243,33
411651,268.2932062892433,30
411677,230.4073618634447,26
411709,286.3657096624891,32
411750,369.9210494814951,41
411762,100.8439783903445,12
411790,249.07496978233775,28
411826,324.1375813030432,36
411847,183.54015171522613,21
411861,118.99322477959518,14
411889,249.8212784049402,28
411912,202.51199860484752,23
411984,658.8266159977582,72
412027,389.0124472589442,43
412067,361.13805035329136,40
412094,240.1390819796382,27
412118,212.33665049787675,24
412136,156.2461416599999,18
412164,246.21222291765562,28
412212,435.5075075322934,48
412239,240.3730245082533,27
412256,147.17667288388165,17
412292,323.62352798379106,36
412308,137.9678880370081,16
412337,258.6972800038137,29
412365,248.97979314308512,28
412397,285.74261520434055,32
412423,230.8937050790491,26
412461,342.9244093971349,38
412490,258.6641121239125,29
412511,182.29199201786753,21
412543,286.0817299587873,32
412574,277.0038457233236,31
412603,258.9163844178567,29
412617,118.74920606777266,14
412659,379.6516963011115,42
412732,668.4455631904117,73
412761,257.8360949246162,29
412790,256.2295175837937,29
412824,305.1691129246244,34
412869,407.7794027155418,45
412905,324.4731567354705,36
412932,237.9357568125955,27
412980,434.0300550926494,48
413013,295.81776772092417,33
413040,239.81014312564216,27
413058,156.1198161368275,18
413086,247.43272449264404,28
413117,277.13634386164915,31
413155,342.06085541194165,38
413168,109.82303512600949,13
413208,361.6590982804573,40
413237,258.1033032192278,29
413253,137.47081885871742,16
413287,304.8954396956658,34
413308,184.27340503183976,21
413334,228.79894224660717,26
413356,192.6911715296473,22
413399,389.31582183618787,43
413423,212.2204753319646,24
413451,249.18290610212625,28
413476,221.0422225475918,25
413504,249.7046365356275,28
413547,389.30361875161185,43
413577,268.18298851423464,30
413612,314.56607676274774,35
413648,323.3004143919463,36
413679,277.83567526321355,31
413704,221.8535945039152,25
413722,156.1584318196675,18
413744,192.34105489083012,22
413756,100.68092835489131,12
413777,183.0139234688781,21
413798,184.45259814066893,21
413821,202.399366286362,23
413846,219.24074112055376,25
413857,91.19371534768385,11
413879,193.43524515714208,22
413916,332.1486454240777,37
413930,119.0323728428533,14
413953,201.14524152877377,23
413966,110.13748673958933,13
413986,173.78873820636042,20
414009,201.63990406339565,23
414038,258.99195772710146,29
414059,183.99453385549555,21
414092,296.3857491962356,33
414115,200.4719357946971,23
414139,212.27771802626614,24
414160,184.07992139113617,21
414197,332.38423050277765,37
414209,100.53232926150105,12
414244,314.11591059701226,35
414267,202.33067230478758,23
414290,202.9073644299566,23
414316,228.72245209859076,26
414354,341.9232334987538,38
414384,266.9509162334932,30
414403,165.36580098138043,19
414425,192.99132981444947,22
414444,165.24380548925032,19
414472,249.6636704122854,28
414516,397.32220418863267,44
414539,202.42010201324726,23
414560,184.32470206959024,21
414587,238.47494064591302,27
414614,239.8265729646619,27
414638,212.1151526236878,24
414660,193.57651832051252,22
414671,91.4592747508782,11
414689,155.89733884704657,18
414726,333.3719078198957,37
414750,211.96969272930932,24
414780,267.63458719336256,30
414793,110.00551026271788,13
414807,119.24792411718619,14
414830,203.07603107159142,23
414844,119.24924917955107,14
414871,237.97291783219254,27
414883,100.74259452545255,12
414909,227.9776512588434,26
414946,333.1578839736574,37
414966,175.20878514622208,20
414978,100.55746767101236,12
415002,212.53609141941996,24
415018,137.4824729271097,16
415052,304.80921619028504,34
415072,172.9834752410223,20
415094,193.0565800025488,22
415127,294.69054642716577,33
415156,258.2130130105385,29
415199,387.7001799913827,43
415213,119.55380982865073,14
415235,193.45901319303243,22
415259,212.08112380414283,24
415281,191.48125076931828,22
415324,388.18069353168534,43
415338,118.96542558963381,14
415356,156.28833967485008,18
415375,164.91769056011023,19
415389,119.4730148842933,14
415415,230.56330237519975,26
415439,210.55896910070925,24
415454,128.3067725525025,15
415466,100.55479615563108,12
415479,110.123810777346,13
415496,146.944185989725,17
415508,100.28246326448485,12
415523,128.5800724390395,15
415548,221.25815260211107,25
415562,119.18286205039543,14
415594,286.34563139908096,32
415607,109.5672335069648,13
415643,322.34637979342784,36
415664,182.86374612814913,21
415685,182.47539984884725,21
415713,248.47099095781178,28
415751,341.61421602529464,38
415781,266.63927645217933,30
415827,416.824253819709,46
415842,128.6206247832181,15
415871,257.78246553527873,29
415890,165.81787840151935,19
415906,138.02237530056914,16
415939,293.7585187276312,33
415960,181.12355060335324,21
415980,174.86661547143487,20
416015,314.8431363885198,35
416040,221.05579714705578,25
416060,175.1249085798577,20
416076,137.65259031957166,16
416104,249.40602683757422,28
416132,248.64683838243525,28
416158,229.73141391467848,26
416181,202.70720559070986,23
416195,119.297800023597,14
416210,128.34923418883548,15
416228,156.44855137794968,18
416250,193.424113539345,22
416269,165.78205600461172,19
416280,91.31951256475121,11
416302,192.437823782883,22
416329,237.5696026350302,27
416364,313.9518998376119,35
416394,267.68158967381265,30
416417,203.23989993423768,23
416432,128.23605754951643,15
416447,128.47287506816724,15
416467,174.62659530883028,20
416488,184.34686802487028,21
416511,201.05005022420514,23
416529,156.37093296569628,18
416542,110.03511026253237,13
416574,287.1321874248615,32
416588,119.54382734476032,14
416616,248.70255971678097,28
416631,128.67016193802783,15
416666,314.1480812705761,35
416715,444.8318786638542,49
416740,222.05102647358297,25
416759,165.29856007940634,19
416771,100.8199000103703,12
416786,128.06861505209204,15
416809,202.14352129773076,23
416855,417.30135418725706,46
416882,239.60586911460885,27
416903,184.07314599798315,21
416925,192.70647812983927,22
416948,202.40873041011068,23
416965,147.2048518393211,17
416986,182.681651118677,21
417024,339.1563844023751,38
417037,109.56101168391788,13
417073,323.85870137296007,36
417097,212.40738753084247,24
417113,137.97106362769102,16
417147,305.47056743102394,34
417166,165.63475378677725,19
417183,147.40570677643333,17
417209,229.94085210794697,26
417224,128.67142312814585,15
417252,249.26299834294142,28
417283,276.79741169087634,31
417308,220.76728549830983,25
417325,147.22782886600652,17
417368,388.9187704082715,43
417399,276.14619162915324,31
417428,257.3270806087983,29
417454,230.76713202689527,26
417495,370.0745638424938,41
417521,229.5855432736409,26
417535,119.00215474345582,14
417572,331.3446761832151,37
417584,100.44116138571032,12
417607,201.55278242297246,23
417618,91.27224990753237,11
417654,323.69563730562845,36
417687,295.88513235854464,33
417737,454.82905016877106,50
417769,285.5134282771884,32
417786,146.53628438074938,17
417800,119.47974665621764,14
417831,277.1467803753209,31
417860,257.43473426048587,29
417886,230.1918477584591,26
417914,248.17964129046422,28
417956,377.53162858403147,42
417966,82.0764457136865,10
417991,219.88735249822142,25
418032,369.52025775387006,41
418058,230.57714881791014,26
418088,267.71357620173256,30
418119,275.82638619170467,31
418135,137.66943747688063,16
418174,351.45511919987126,39
418202,247.96896326732556,28
418227,221.34315088356584,25
418245,156.25065955638388,18
418273,249.0579836032806,28
418291,156.14796102779988,18
418305,119.0931147141468,14
418327,193.47892326809742,22
418351,210.75977061487274,24
418379,248.64751236337912,28
418407,249.26872567221906,28
418456,444.62800239465236,49
418480,209.94182294006035,24
418507,238.09958117251398,27
418533,230.05141165515607,26
418560,238.4753266711104,27
418580,174.90088363324665,20
418613,296.0222431235214,33
418662,443.15329625391394,49
418676,119.05204864832442,14
418700,209.27568209631795,24
418717,146.97195513758106,17
418730,109.88005365928034,13
418788,528.4408997897867,58
418817,257.95818957653944,29
418859,379.03135497366594,42
418881,192.88584468340673,22
418913,286.61793376073615,32
418938,221.1208083845405,25
418965,238.85944297337687,27
418988,200.628640199639,23
419010,191.54323048439377,22
419033,202.43559451053474,23
419043,81.92313051566882,10
419092,445.27246855273694,49
419116,209.80640687776992,24
419146,267.63256022550684,30
419177,277.0518987372865,31
419201,209.18614950584268,24
419224,201.11459641347207,23
419240,136.21976304670383,16
419269,258.0246318867141,29
419302,295.54967534859253,33
419327,220.16863608910546,25
419354,239.68930087114296,27
419383,258.40372585851503,29
419396,109.70736116009132,13
419413,145.85294478694803,17
419429,137.7456153085864,16
419444,128.27490893265377,15
419474,267.43937830958953,30
419495,183.250226777812,21
419509,119.4417506425518,14
419542,295.5113604274139,33
419557,128.75695388935142,15
419589,284.77237208253257,32
419639,453.8052115125737,50
419650,91.3795645956389,11
419664,118.89795847633383,14
419693,258.40941175297115,29
419718,219.1370560941711,25
419743,218.3877932462283,25
419779,323.24260585676643,36
419811,285.3331650699136,32
419832,183.05085862284855,21
419846,119.16533111530585,14
419874,245.54670335511554,28
419885,91.35169814916883,11
419912,238.3871681358588,27
419925,109.60160565025451,13
419948,201.73347186374625,23
419991,387.5189447022774,43
420018,237.9397369812142,27
420056,341.6107588185392,38
420090,305.2677500375055,34
420142,472.90724095724147,52
420185,388.71294104634904,43
420196,90.84907192608412,11
420211,128.18752045420118,15
420233,193.4876151232888,22
420244,91.24156123205519,11
420259,128.18833291690632,15
420282,201.26368555573492,23
420297,128.42287587572778,15
420331,305.45495761014064,34
420356,220.39441592788688,25
420389,294.84522833297893,33
420434,406.6740680525326,45
420446,100.77282484162022,12
420470,209.97855352179133,24
420485,128.4472872503435,15
420500,128.31817326863828,15
420535,314.4066139365221,35
420567,285.7280211974466,32
420609,378.86611228819254,42
420624,128.2109942509213,15
420640,137.42667687769315,16
420665,221.060766805336,25
420687,191.41908634428762,22
420709,193.48739666065194,22
420736,239.9775757598584,27
420758,191.23379800676062,22
420774,137.361072983417,16
420810,322.83061712503866,36
420861,462.166925566207,51
420896,314.0503089472447,35
420946,454.519373281339,50
420970,211.13211974586744,24
421005,314.16373229840576,35
421028,200.8026944605337,23
421055,238.99305656632,27
421079,211.7786059846103,24
421105,229.01802910946319,26
421149,397.37555237053084,44
421181,286.3511036287603,32
421196,128.3494020674299,15
421221,220.5285771843036,25
421234,109.90670550653655,13
421250,137.70068905900288,16
421279,257.35563517915995,29
421303,211.74607611895453,24
421353,453.2016568131527,50
421376,202.3224163032175,23
421392,138.0237890795845,16
421417,220.46994625728888,25
421434,146.7093520175455,17
421450,137.38879233967404,16
421481,276.70818463196633,31
421508,240.2327252278849,27
421526,156.14311084424259,18
421548,192.29250404316662,22
421559,91.3523471315431,11
421576,145.55901867701974,17
421603,239.5499152211,27
421641,341.6213804365616,38
421670,256.78370456921596,29
421684,119.55426830509244,14
421717,296.2813228736867,33
421746,257.9096608299475,29
421775,257.32395497790196,29
421801,229.76746051016647,26
421830,257.86878523959524,29
421856,228.92802318989627,26
421879,200.5253758877726,23
421948,630.5293996889667,69
421970,191.1718473802192,22
421989,165.13364082380673,19
422014,219.62106377991466,25
422039,221.0742400288339,25
422070,276.9613475342958,31
422085,128.44781271099941,15
422127,378.6991257353935,42
422190,574.5928014955493,63
422246,509.7443445970011,56
422270,210.37604600287222,24
422283,109.7701768833402,13
422330,425.83902015108214,47
422357,239.84260141368034,27
422382,219.1298067356021,25
422433,460.8259025941345,51
422444,91.0294842328465,11
422465,182.94482027029977,21
422497,285.59242871352546,32
422521,211.2745945171379,24
422569,435.857411043451,48
422620,463.40570283739885,51
422632,100.80053353463924,12
422659,239.79736048433193,27
422676,147.10878077258462,17
422706,266.5500756861885,30
422754,435.3674630979363,48
422779,220.92907413222602,25
422791,100.40031564293346,12
422803,100.3711743229673,12
422828,220.5875889764934,25
422877,444.36008067833126,49
422892,128.62180081287997,15
422916,212.35784743278285,24
422941,219.7321111800695,25
422990,444.9968914564363,49
423026,324.2738611574058,36
423053,238.1520899524158,27
423091,341.71497920706804,38
423133,379.63605726221357,42
423145,100.43199748008061,12
423170,218.3890290739728,25
423200,265.25137868136386,30
423228,248.35135468067156,28
423260,286.7146471685593,32
423276,137.65449120637066,16
423320,398.16246168384725,44
423332,100.29834189584861,12
423360,248.30971822880636,28
423372,100.40205522670172,12
423405,294.6629905268011,33
423427,193.60280016830708,22
423473,416.5036749683187,46
423502,258.77904049877225,29
423531,258.2981334628769,29
423561,265.8260489936306,30
423591,266.5047848483176,30
423623,286.52218452512153,32
423639,137.4840949040409,16
423663,211.9981018009827,24
423683,173.38326335180574,20
423696,109.78770950314752,13
423717,184.08734761521154,21
423747,267.3065587322088,30
423811,584.4201926000162,64
423852,370.53766374178696,41
423887,311.85076165998527,35
423912,219.93576078670458,25
423939,238.66003377716612,27
423965,229.78824417142613,26
423988,201.897113156363,23
424035,425.3626118511583,47
424074,351.589767846312,39
424098,210.08443730767155,24
424126,248.15971767063795,28
424153,237.7224574529016,27
424186,295.8604973489078,33
424232,416.0604306166117,46
424268,322.8765383570515,36
424280,100.34537997632866,12
424314,304.71576592796976,34
424340,229.93297291798694,26
424379,351.5086027794065,39
424396,147.30993081233214,17
424454,528.0216406531912,58
424495,369.6161183161307,41
424515,174.67980009322142,20
424543,247.05287766888284,28
424585,379.502993788002,42
424608,200.50839362607448,23
424633,221.12107759422216,25
424646,109.66089806958722,13
424674,248.02811713034887,28
424686,100.48627152557707,12
424698,100.52834878114203,12
424714,137.85671447474886,16
424738,211.6186669748518,24
424767,258.1950105413325,29
424820,482.1961241033182,53
424847,239.67199047010305,27
424871,211.84941466842005,24
424926,499.7093093529679,55
424937,90.99887997054353,11
424981,397.87566449765916,44
425019,342.4616842032794,38
425053,304.030369756601,34
425070,146.36635638120208,17
425103,294.6091318201167,33
425115,100.3824489893473,12
425141,227.67031456525828,26
425179,342.2320725620931,38
425255,696.1468159029506,76
425278,200.5191339097227,23
425304,230.94047384653683,26
425342,341.80163571841456,38
425373,277.29355688369066,31
425405,284.05467960605773,32
425434,258.5820452492402,29
425461,239.6895519493783,27
425518,519.2752461725499,57
425534,137.48625566643514,16
425569,313.6855679155176,35
425611,377.8469744932703,42
425637,230.27652948269053,26
425666,257.93242168778636,29
425706,359.1113907119473,40
425757,461.3750449935467,51
425789,286.0679618090808,32
425812,201.986339579749,23
425836,211.5562219167168,24
425865,258.3624377548376,29
425884,165.03429067918347,19
425902,156.60469512365148,18
425917,126.9400916915978,15
425949,286.4367594684628,32
425966,146.81985344415057,17
425980,118.78923365499419,14
426017,333.14382245846264,37
426037,172.49452699653258,20
426063,230.60198270594427,26
426096,295.71223916881655,33
426125,258.56617803491304,29
426139,118.96866185539055,14
426172,295.03925129122297,33
426213,369.1931342763804,41
426261,434.04617129404215,48
426292,275.42296347453157,31
426321,256.3128143576831,29
426351,265.32679353712916,30
426377,229.74481212720693,26
426410,294.5338253331284,33
426434,211.84020968411855,24
426476,379.57219369594696,42
426488,100.38083815381896,12
426522,303.9449146897323,34
426575,479.85598074135163,53
426603,247.38233249422112,28
426627,210.52573665863156,24
426640,110.18985345959828,13
426665,219.87517567394013,25
426682,146.8906533688941,17
426694,100.18892525209469,12
426719,220.57839697664588,25
426749,266.6240922378001,30
426805,508.294967472452,56
426853,435.4128714295425,48
426865,100.24591147732971,12
426891,230.25981122025192,26
426929,341.9486049831037,38
426966,332.9008706184907,37
427007,369.4452669389379,41
427040,295.3400422398495,33
427061,183.89985825862775,21
427096,313.87250232905984,35
427145,442.97490662776937,49
427181,323.2415289917044,36
427239,528.312944542641,58
427263,211.352589342845,24
427273,82.06564218271265,10
427311,341.59062724526854,38
427341,268.22965315563755,30
427363,192.28096340137253,22
427407,397.0689410021878,44
427431,211.56637890944572,24
427447,137.95005599662153,16
427470,201.89627245397696,23
427493,202.61611875370264,23
427508,128.32053452605885,15
427531,201.25513122603374,23
427554,201.7460257002735,23
427565,91.18712874081757,11
427591,229.15558934391115,26
427612,182.24314982253577,21
427651,349.55823801796936,39
427677,229.71748914598794,26
427717,360.6916409433956,40
427747,266.5122815320838,30
427797,453.06873704538737,50
427832,313.3199360413423,35
427859,239.45660298307715,27
427915,509.5386350682329,56
427956,370.41798826954374,41
427996,361.07890871004986,40
428077,740.8774741980113,81
428100,200.2726985253277,23
428134,304.53989511641015,34
428174,359.8188301670308,40
428197,200.48845763671144,23
428247,453.59624123641623,50
428278,275.8126243655962,31
428321,389.0934253739207,43
428353,286.60238158390905,32
428380,240.0130466491391,27
428407,239.22280115662,27
428418,91.26214109977259,11
428457,349.88960210927496,39
428499,377.2707378886069,42
428525,228.65878246390267,26
428556,277.6762675149047,31
428586,268.05254395919434,30
428630,396.0568817426951,44
428655,221.36654000713497,25
428679,211.01111888066924,24
428696,146.6791949319533,17
428707,91.3938972550971,11
428744,332.34329564533897,37
428781,332.0029698840598,37
428804,201.91121493980808,23
428843,351.1243707714722,39
428873,267.1498757112334,30
428917,395.4633295683665,44
428956,352.4723758778679,39
429006,453.8892049187254,50
429025,165.38965472959794,19
429038,109.68397298526672,13
429077,350.66027179980097,39
429101,212.7326985461179,24
429151,451.60256674046417,50
429172,183.82770679306472,21
429198,230.4992959967503,26
429211,109.48053845542287,13
429240,258.9410189709398,29
429276,323.60293014675165,36
429305,258.5280036355489,29
429333,249.19380482085174,28
429358,221.09489163895964,25
429385,239.3795091424447,27
429461,693.8942634982583,76
429486,221.41446651376924,25
429511,220.59991456080982,25
429532,184.21198898758948,21
429544,100.49576594509406,12
429556,100.62053090968071,12
429569,110.04109762300396,13
429601,286.8060434141536,32
429638,332.51898932401866,37
429668,267.5197041211407,30
429692,210.66647267212818,24
429717,218.17042761367017,25
429739,191.5679282110593,22
429797,528.996384547038,58
429830,294.31507272974744,33
429855,219.14255377583427,25
429897,380.34195391417967,42
429935,341.52577451532176,38
429977,379.4004206243321,42
430007,267.3743770251039,30
430031,211.7524952030726,24
430046,128.45825742831195,15
430076,267.8212639608854,30
430098,190.8617873944489,22
430122,212.10936330037043,24
430146,212.47179311855547,24
430161,128.5919874254771,15
430187,231.11825536979094,26
430202,127.79753086825109,15
430243,367.0896534125648,41
430273,267.97987266533863,30
430312,351.42833321689676,39
430330,156.33481314752456,18
430355,221.1791364035942,25
430375,173.87261140940575,20
430401,230.72941421974792,26
430420,164.04801312815033,19
430456,323.5725667583871,36
430502,416.2148291558651,46
430537,313.97447967161867,35
430577,358.7269667296231,40
430604,238.71995442013295,27
430624,173.7080516337485,20
430656,285.8122969268716,32
430689,295.6063987128884,33
430710,184.4144331728694,21
430733,202.04036495053342,23
430750,144.72736750609954,17
430770,175.2011292195527,20
430786,137.8209291884526,16
430827,370.06406215212456,41
430863,323.5004672744944,36
430888,220.79440461561046,25
430918,268.5581594022655,30
430945,239.79071252194822,27
430982,332.6615665353827,37
431011,258.62468479617854,29
431043,284.1975365121425,32
431070,239.3943157525856,27
431099,258.1347188133777,29
431149,454.0673985639133,50
431178,258.62670477228073,29
431224,415.05311406984805,46
431262,342.04573393338296,38
431286,212.17584366714024,24
431323,332.8504653950415,37
431367,397.4680977231239,44
431395,247.1908068880057,28
431437,379.4254769814381,42
431457,174.92811965755007,20
431504,425.880991951673,47
431546,379.2140540336304,42
431569,202.70771910200565,23
431624,499.3674875076006,55
431663,349.3971264866025,39
431694,277.14006138964174,31
431719,221.79739610886722,25
431758,348.26098782360145,39
431783,221.5153379726168,25
431812,258.0794500329636,29
431837,218.70100396599685,25
431857,174.83331163283668,20
431892,313.60302528438893,35
431929,332.5913887297041,37
431969,359.61640143040717,40
432007,341.6613748428206,38
432024,147.27760920225722,17
432081,518.0596620409942,57
432104,202.7084097459725,23
432139,313.4094609741639,35
432166,238.45952557352604,27
432191,219.38718244164895,25
432232,368.52155211269434,41
432281,444.1798596944335,49
432303,193.47673651463893,22
432355,472.34741099250397,52
432406,462.6468746994053,51
432434,249.02209445779832,28
432453,165.85916149415038,19
432472,164.51832718034598,19
432494,192.3122068239141,22
432527,294.753763662041,33
432560,296.7697827128975,33
432607,425.7960960303423,47
432651,396.8146190020178,44
432694,388.0981421939907,43
432717,201.8149045160318,23
432735,156.65203139498567,18
432766,277.3785995403446,31
432798,286.4816023589351,32
432818,172.29464017307322,20
432837,165.811610072658,19
432869,286.14402120539614,32
432924,499.89244771351156,55
432960,324.00591892882454,36
433019,537.5907464471323,59
433066,425.9584219349993,47
433098,286.52040226185966,32
433125,238.74658953297032,27
433163,342.39399430697836,38
433193,267.65412230960663,30
433219,228.46121539673794,26
433243,212.48463341860122,24
433289,416.36099588102456,46
433321,287.10872483929364,32
433336,128.59382952005487,15
433349,109.52905429457117,13
433383,305.20254221269647,34
433411,249.59765412454618,28
433439,249.34724457463142,28
433491,472.4435686232414,52
433522,276.97746188155384,31
433534,100.70002561847039,12
433562,249.17021086426382,28
433572,81.89219621293032,10
433613,368.7742996941212,41
433640,239.79584230277032,27
433667,239.78257113867025,27
433705,341.8524944298655,38
433759,491.4071871812886,54
433773,118.73927104685714,14
433796,202.98016165376166,23
433840,397.14024388070766,44
433869,257.92662009045216,29
433910,369.701469767268,41
433962,472.5206089036632,52
433997,314.40342598932904,35
434022,221.2892151674231,25
434050,249.0792506436621,28
434100,454.13194544644676,50
434126,229.44444337094836,26
434146,174.73728999929105,20
434175,254.38723467382465,29
434200,220.3826719209674,25
434216,137.87725528979786,16
434261,405.9652338075988,45
434301,361.44522796402214,40
434326,220.31253553244343,25
434338,100.55662423218917,12
434382,396.3895460395596,44
434438,506.63470758426644,56
434483,405.95334683653226,45
434512,258.5622977646963,29
434541,258.71012492288946,29
434566,221.26839685872392,25
434594,248.75833817446238,28
434650,509.2951717052681,56
434684,302.0712116596075,34
434735,461.9433746772016,51
434773,342.3283007391644,38
434798,221.5277317238734,25
434836,339.50811702762246,38
434862,229.28245126186314,26
434906,396.95401168864777,44
434935,258.2784827340167,29
434962,239.2852680353448,27
434990,248.93025808168622,28
435016,229.5380915135093,26
435057,368.6981647944262,41
435098,370.3892734988609,41
435151,481.8657911450118,53
435173,193.43756090326173,22
435276,944.6671147581014,103
435330,489.9358279083267,54
435379,445.0268552147588,49
435416,332.1115624489742,37
435438,194.0800415407205,22
435464,230.8005104326169,26
435506,379.40732731340586,42
435542,322.72097609744304,36
435596,489.58449597845544,54
435638,377.62387513630307,42
435665,239.5505270771389,27
435729,583.0887458192374,64
435766,332.8817208877074,37
435793,237.6704003356794,27
435836,389.3160675752182,43
435874,342.5697509036634,38
435900,228.61958821512323,26
435913,109.66629630813301,13
435925,100.63292895196446,12
435964,350.55064290422206,39
436018,490.56009277460436,54
436061,388.10655385957926,43
436145,769.1980391236368,84
436187,379.77064427108843,42
436222,313.54909415634626,35
436236,119.1152132902385,14
436268,285.97785007858533,32
436313,404.2758403103397,45
436325,100.46192734760564,12
436350,220.24643646694906,25
436366,137.7097974489755,16
436387,182.37324706829216,21
436414,237.67803549908518,27
436442,248.3867302578249,28
436469,239.63580914996427,27
436499,267.7331491666618,30
436524,220.72182287165762,25
436549,221.9605015622619,25
436571,191.26732740918013,22
436597,230.69412209558433,26
436625,248.89348903072104,28
436655,267.32139046126974,30
436672,146.9487205806198,17
436708,321.9107650688521,36
436720,100.13916027216588,12
436742,189.97210334689663,22
436790,434.62154344068733,48
436809,165.50660485439607,19
436838,258.39397836144246,29
436868,267.7744232557135,30
436896,246.4540942962395,28
436934,339.9288002775531,38
436959,221.54828743270755,25
436977,156.0483326790698,18
437005,248.63073295772563,28
437035,268.42248739749954,30
437079,398.27683751813595,44
437103,209.95162416725225,24
437116,109.73327971943986,13
437149,295.9435618343771,33
437177,248.04604926054242,28
437207,268.23316919686016,30
437233,231.2202681122685,26
437266,294.1290989253736,33
437306,360.93228267104644,40
437324,154.5000160878203,18
437350,230.35897386572395,26
437361,91.21567187441316,11
437381,175.0234865607301,20
437406,219.83908464830716,25
437432,229.67765810861331,26
437459,240.00193086305498,27
437476,146.8822629659563,17
437487,91.52569031151153,11
437513,230.53530934013813,26
437537,211.78998329658967,24
437568,277.7557596400645,31
437611,389.049136380874,43
437664,481.85421829250595,53
437696,286.1674035972067,32
437725,257.94214197908997,29
437761,323.07528919476965,36
437796,313.90389153562063,35
437819,199.91867183913033,23
437847,247.92765209048787,28
437879,286.48447762030935,32
437892,110.08393269249089,13
437922,267.856425397706,30
437946,208.93111855787893,24
437972,230.3398616745785,26
438000,248.15585946226096,28
438023,202.65840597867202,23
438047,210.7812047848953,24
438066,164.69115810700654,19
438090,211.58863233933923,24
438123,295.8846167882712,33
438144,184.88307279434986,21
438197,479.8236279907324,53
438211,118.95709192938118,14
438248,332.86499184752046,37
438264,137.50681159675477,16
438295,274.98570544926287,31
438314,165.99174150098474,19
438344,268.061221468198,30
438378,304.61512521268475,34
438407,257.6684435321401,29
438431,210.24807644464894,24
438447,137.61517167027984,16
438487,359.8740887562638,40
438513,230.81188119120418,26
438548,314.255481157695,35
438578,267.4665156829022,30
438618,355.876591731936,40
438647,256.95817565517564,29
438665,156.08216315304506,18
438693,249.07170622239272,28
438714,184.37949034345095,21
438738,211.66085903037919,24
438765,237.5086871983953,27
438791,230.8771828779326,26
438821,266.4716514659938,30
438858,332.9104003267221,37
438870,100.74561041137245,12
438884,118.99767566969957,14
438911,239.4172389624778,27
438944,295.5774109097237,33
438985,370.1377798151241,41
439008,202.6874553296114,23
439023,128.48851456632778,15
439054,276.2644505264338,31
439065,91.4715866295448,11
439079,119.09217499373844,14
439092,109.77379245958436,13
439138,416.44106391448037,46
439158,174.9370641413441,20
439189,277.0300548489549,31
439225,321.1410327601309,36
439248,202.92542365986114,23
439277,256.5820368037329,29
439332,500.3224796828536,55
439358,230.55672051756292,26
439388,266.5297351026896,30
439414,230.90825825470597,26
439445,276.6504809876313,31
439471,228.90751760878968,26
439518,424.4941250623026,47
439539,184.13343844533273,21
439562,201.9727993199608,23
439587,221.9017181643509,25
439608,184.3364941750082,21
439633,221.33657507919844,25
439666,294.42724507787824,33
439692,230.05263311550047,26
439719,237.49890403132474,27
439732,110.14838773805762,13
439757,219.55302379105314,25
439805,434.76231723679706,48
439826,184.43273988010188,21
439847,184.13458534877617,21
439876,258.108452913824,29
439898,193.5539068199034,22
439922,209.9880043348421,24
439961,351.8183802233198,39
439992,275.8881980646027,31
440020,247.18009053197233,28
440049,259.04180144720135,29
440071,193.39607519843761,22
440105,304.62863974530967,34
440130,218.72155693918,25
440173,389.0923042751692,43
440223,451.85313131472054,50
440254,275.8358992273695,31
440295,370.1579888146106,41
440314,163.39545463819573,19
440332,156.25534392636024,18
440364,286.7549825396735,32
440430,603.1058172707,66
440459,256.43685376918376,29
440503,398.17767329867877,44
440535,286.29752177466844,32
440567,285.86254564944426,32
440628,556.1261060917493,61
440664,321.8353858304964,36
440708,394.68696574121424,44
440764,510.03651401056123,56
440811,425.7420990805568,47
440863,472.98744522888836,52
440891,247.71167105335346,28
440949,528.4696800122779,58
440990,370.19982116142967,41
441020,267.2618023984013,30
441092,658.0131213511812,72
441148,509.52173088404004,56
441178,265.57822031414725,30
441194,137.7223680764119,16
441218,210.3923460264334,24
441240,192.38930519600135,22
441287,424.2359785757166,47
441319,285.85445451049486,32
441346,239.83249218279138,27
441406,546.4768521535523,60
441452,415.61773556035024,46
441482,267.57402840750893,30
441501,165.86372233535516,19
441519,154.30628119162017,18
441568,442.72057751036,49
441591,199.39986596155717,23
441642,462.8216422271774,51
441680,342.0013649456691,38
441708,248.4623806216913,28
441734,227.4241379204381,26
441760,228.9857382574584,26
441786,229.51135026472946,26
441824,341.2325724728436,38
441852,248.49555722579973,28
441898,416.679205376526,46
441910,100.48760481897014,12
441942,286.752103881297,32
441996,490.7220123622974,54
442040,397.6635352495533,44
442067,238.01202865616978,27
442095,248.2198358736492,28
442145,453.1009679845568,50
442172,238.61872937056685,27
442261,817.3671642766298,89
442300,350.4004138588237,39
442328,247.2759559694792,28
442374,415.9625843995576,46
442403,256.6492246542011,29
442457,489.36476414301626,54
442484,239.95560382574718,27
442506,192.25187596648993,22
442570,584.0412409770253,64
442601,275.91147948413237,31
442628,239.63757386070046,27
442659,276.614467848113,31
442711,471.9103581445979,52
442747,322.5570550692896,36
442803,509.8327028613997,56
442835,287.07853577557336,32
442880,407.58689543065066,45
442901,184.0821231993054,21
442944,388.9477373540061,43
442992,434.46198680954024,48
443027,314.35559803151546,35
443063,323.78343975452464,36
443108,406.2488897975082,45
443144,323.06052278706954,36
443173,256.4531902818516,29
443208,314.0495977532479,35
443262,490.83230605494487,54
443326,583.3844310968901,64
443379,480.43409304455275,53
443400,184.28569955299642,21
443432,285.71396310576586,32
443493,555.0747070519812,61
443507,119.54328905712705,14
443534,237.68135113161196,27
443578,398.8055580134705,44
443611,295.55519556297804,33
443644,294.7460749269034,33
443674,266.11729309541556,30
443701,236.47477393110083,27
443738,329.7981075988419,37
443811,666.908522533969,73
443844,296.2376982448501,33
443869,221.73144860095306,25
443913,395.771891368535,44
443942,258.80178294547426,29
443981,351.2346460804468,39
444021,359.28248958922217,40
444057,323.6970300256781,36
444081,212.2965216125263,24
444127,416.5369000730746,46
444177,453.4666585082363,50
444208,276.3159817324542,31
444236,248.8356942042182,28
444263,239.55123138958564,27
444288,218.7198109057334,25
444336,433.6869924016631,48
444375,350.94654544800153,39
444396,184.50510545292158,21
444410,119.00152430902897,14
444448,341.0722981472554,38
444484,323.20726635419146,36
444527,389.64614363750775,43
444572,407.60037056137236,45
444623,463.4563587793519,51
444641,155.81283218909417,18
444681,358.0616573441836,40
444718,332.4905023886989,37
444736,156.6174620255018,18
444770,304.80372684724466,34
444794,211.11615743645967,24
444813,165.5897494903449,19
444842,257.3351214929516,29
444878,322.4478508130121,36
444903,221.47895505564094,25
444936,296.23474785702365,33
444958,193.86613050838696,22
444997,351.2643582676756,39
445037,360.0714151608394,40
445080,388.8280567716736,43
445112,286.6827558720367,32
445156,397.54354976063195,44
445182,230.91363884455924,26
445227,406.7020111113079,45
445255,249.2258528870649,28
445279,211.72301639138593,24
445307,249.025619183339,28
445333,230.18438828624716,26
445348,128.68018149401686,15
445382,304.26332894511205,34
445414,284.67918812213424,32
445441,239.89400646209643,27
445486,407.0752101582781,45
445521,314.0654369238578,35
445547,230.52443822713295,26
445574,239.0131128452949,27
445634,547.2712768823907,60
445673,350.462345323218,39
445714,370.11995657399905,41
445758,396.77885026950065,44
445793,311.99310364807644,35
445818,221.5068122492925,25
445855,330.7264953416421,37
445907,471.88746663182224,52
445930,203.0312287679414,23
445962,286.85678810883456,32
445984,191.56973983758428,22
446019,313.5142641286799,35
446054,313.72756589344885,35
446079,221.32234280422625,25
446114,314.36199959527517,35
446143,258.6411266543717,29
446172,258.49519267253237,29
446194,192.69296506270982,22
446225,276.67501102356255,31
446256,276.1129327221881,31
446293,333.15066356163123,37
446318,220.8966801621957,25
446354,321.5502985035756,36
446368,119.01069600562333,14
446388,174.91638333532887,20
446404,137.8884881664087,16
446421,146.23701471432855,17
446461,360.49943172464435,40
446513,472.06777971026276,52
446540,239.58309483683732,27
446583,388.34990237203135,43
446609,230.30754555367986,26
446658,444.39732610389746,49
446690,284.9528991442587,32
446708,156.71796182744123,18
446743,313.56722568561435,35
446761,156.3367090827409,18
446789,249.34629919768628,28
446815,230.53612316310964,26
446866,463.2563899215354,51
446894,249.6808195206213,28
446913,165.29450452532717,19
446940,238.57661247664004,27
446978,339.6630447081756,38
447003,221.70712005616855,25
447021,156.86493108747067,18
447065,397.83179288114854,44
447093,248.2389613555282,28
447127,305.2518441553852,34
447152,221.1129288785929,25
447172,175.18109171169309,20
447198,230.52441063497642,26
447250,472.12193619054534,52
447278,245.97721879253115,28
447312,305.22531201420475,34
447338,230.21043526176678,26
447380,379.03091523159367,42
447407,236.83926382702393,27
447423,137.832530712445,16
447459,322.7959899219242,36
447493,304.3899738731486,34
447522,256.5826275337973,29
447553,275.5213594099111,31
447569,137.33799915472508,16
447608,349.9421408210927,39
447626,156.10584541692117,18
447644,156.2188853675563,18
447684,361.27749502825924,40
447728,397.9635737350334,44
447757,258.61133601214095,29
447786,258.7880826647311,29
447814,248.82891567647053,28
447849,314.55876984582125,35
447891,379.63254059995734,42
447924,295.78544525273196,33
447948,211.62839518025618,24
447984,323.12673955433405,36
448004,174.87810442036348,20
448036,285.1702505349553,32
448067,276.2476643133395,31
448113,416.3949684106042,46
448140,238.12340149035123,27
448163,203.3579770433456,23
448197,303.1949293268625,34
448215,156.29308341689983,18
448237,193.12349127274774,22
448273,323.42908600246466,36
448301,248.52674696424594,28
448325,211.11793217274123,24
448346,183.95550583093834,21
448361,128.76972590175404,15
448384,202.3889694019434,23
448414,267.0189344786186,30
448449,314.32873194834025,35
448473,211.39840321694166,24
448497,211.97465608152208,24
448524,239.16790383667637,27
448595,648.3486039864911,71
448626,276.72291308154047,31
448647,184.34214362248042,21
448674,239.68015924526526,27
448718,397.28995464135596,44
448758,360.322926215506,40
448808,452.13356779782356,50
448836,249.4978981683622,28
448879,388.94129410176686,43
448923,396.50608183813586,44
448950,238.86955786675145,27
448995,406.00092968090826,45
449022,239.94848725117532,27
449060,342.25921225591554,38
449088,248.3120065857588,28
449140,470.7631896314206,52
449215,682.7272586736692,75
449268,481.6884047820305,53
449312,397.32081792488594,44
449343,277.2227831695922,31
449364,184.24497611912577,21
449394,265.18012765154623,30
449428,303.1239518350441,34
449448,175.1701035679476,20
449495,422.87119892077766,47
449538,386.54864259614885,43
449574,322.54589860943395,36
449599,221.2404225181034,25
449644,406.36955906114594,45
449691,425.13552581609457,47
449749,525.4535828425943,58
449788,349.58643779997215,39
449836,434.52970911306744,48
449865,258.16597292530867,29
449908,388.89699668564475,43
449941,295.9595482858115,33
449971,266.28106383290896,30
450012,369.8288946427158,41
450055,387.7402331400357,43
450069,119.05962517724825,14
450117,434.8673024742594,48
450168,461.9192211011829,51
450212,397.5055226083891,44
450267,499.66701033800575,55
450300,295.7713548768067,33
450317,147.05449674510032,17
450346,256.8166201233014,29
450371,222.04554846315187,25
450413,377.90766304900177,42
450444,277.1818712788799,31
450465,184.29580230912467,21
450506,368.25880766500563,41
450532,226.70538105015578,26
450554,192.26679625468708,22
450582,249.132683125288,28
450638,509.4632842212852,56
450695,517.834319230527,57
450719,212.02148961639355,24
450790,645.7791659517,71
450815,220.50037112153095,25
450882,609.7123041320122,67
450909,239.75174232115486,27
450944,312.1640217761657,35
450976,287.156036731903,32
451001,220.96576653815606,25
451032,277.6499326389187,31
451068,323.73668638289126,36
451121,480.82707672050685,53
451151,265.9147078821007,30
451200,444.94384197587334,49
451220,174.61113094785895,20
451250,265.5942501181994,30
451277,236.00168993142375,27
451298,184.68098791789762,21
451333,312.3407853403867,35
451407,676.466892657145,74
451435,249.4866399997039,28
451503,619.4792840182429,68
451530,240.0634289691737,27
451556,228.40834528939993,26
451632,694.5726670301699,76
451728,881.7356767269744,96
451750,194.00799355281598,22
451765,128.2551221065108,15
451789,211.46797108757744,24
451843,488.35914314785475,54
451883,359.39284722964675,40
451908,221.33780537659217,25
451949,370.3695484919999,41
451964,127.96407632809176,15
452002,340.0696512335017,38
452020,155.57420179510552,18
452079,537.571690779764,59
452126,424.04678217599815,47
452155,258.5223483175236,29
452175,174.77140729842318,20
452216,370.36772496691566,41
452246,267.1985318315214,30
452299,481.70622263635556,53
452343,397.87748265734393,44
452374,276.1409610003501,31
452415,368.50655210948025,41
452457,378.7602892193299,42
452529,655.8774948341375,72
452582,480.34878373091465,53
452624,377.35729955485374,42
452656,286.06271408185273,32
452679,202.0335673668752,23
452715,323.87404202970737,36
452757,378.21929964475225,42
452783,230.52385087052832,26
452818,312.4292940209635,35
452882,584.2992670299085,64
452930,434.15313769272007,48
452967,330.0650925219518,37
453017,453.64043900441015,50
453061,398.6183251330422,44
453095,304.73079270329555,34
453134,351.54192403657646,39
453172,339.0727922297081,38
453206,305.47387371589286,34
453252,416.22331174698684,46
453296,395.99161095879543,44
453342,416.98963708198846,46
453395,481.4126832347614,53
453425,268.1188247067692,30
453486,556.3792300958423,61
453507,183.91316836143938,21
453576,630.2884714341523,69
453616,358.9890525590967,40
453651,313.74040252184363,35
453701,454.6127502503245,50
453743,379.8787384641822,42
453765,193.4285878560828,22
453829,583.028266721386,64
453879,453.2772395941806,50
453909,267.5180708733998,30
453940,277.5305435258326,31
453978,340.0752784527064,38
454004,229.3090124921508,26
454042,342.4222942427854,38
454073,276.9598619592376,31
454096,202.6565824580285,23
454148,471.39104459602197,52
454205,518.3194966964576,57
454246,370.1385468710463,41
454271,221.10365117130672,25
454316,405.7372996414952,45
454379,576.3293810890758,63
454417,342.0273371023313,38
454443,230.25610894832838,26
454480,332.4746035533483,37
454509,257.88282334382507,29
454565,507.71267303198687,56
454671,975.4875361877358,106
454689,156.1386813944661,18
454711,193.03406490638721,22
454797,789.3256639373078,86
454833,323.542456203,36
454870,332.7472597766631,37
454885,128.34821268576619,15
454913,248.2355748617354,28
454939,230.4903569862971,26
454959,174.6557730520099,20
454986,239.3996389116786,27
455021,314.5829151947454,35
455066,406.46020291323896,45
455113,425.31561120029477,47
455139,229.79033782405844,26
455165,229.8343260580633,26
455213,434.1362714712579,48
455238,221.2978378453161,25
455255,147.17775442442914,17
455288,292.78617297559174,33
455325,331.0290395234908,37
455353,248.47002026920887,28
455366,109.96082824254243,13
455387,181.0366216547137,21
455413,228.61408269081628,26
455432,162.7039242938296,19
455465,295.94388103883756,33
455487,193.1656962451051,22
455513,230.0032570048355,26
455530,147.48212539471976,17
455576,415.8375158625493,46
455621,405.9927427003502,45
455652,274.21146835184976,31
455673,182.60356359578853,21
455699,230.96089213367682,26
455745,413.3567122450014,46
455764,162.58971543752563,19
455799,311.6338933556801,35
455833,304.2367104483367,34
455878,406.9630116875738,45
455924,416.8537143181885,46
455938,119.5341995339011,14
455974,322.6025034137074,36
456001,237.59929481044057,27
456074,666.6998040884499,73
456115,369.8438122952816,41
456141,228.30767143442222,26
456193,469.4542440012658,52
456209,138.02517717210017,16
456234,221.45127373992835,25
456273,351.01748148671777,39
456298,219.4601331568477,25
456312,119.3805329250847,14
456332,174.28893903842896,20
456385,481.98891337054596,53
456423,342.2409629882656,38
456474,463.28296179493515,51
456503,258.1784644387167,29
456556,482.303871368187,53
456584,249.43794616388715,28
456629,407.48501416659684,45
456650,183.1169744716673,21
456673,202.6810777804712,23
456690,147.49212869513406,17
456734,398.0736840499685,44
456766,286.63305422422144,32
456795,257.4662240154595,29
456827,286.65328182281274,32
456860,295.7050625788222,33
456905,406.79882485572676,45
456928,201.90187565093615,23
456950,193.51653873780322,22
456976,229.3384372137523,26
456998,189.338100868252,22
457018,175.08813874406644,20
457045,239.19006029455653,27
457093,434.6720227102045,48
457118,219.25754201090402,25
457145,238.66812076188708,27
457170,218.58936475516194,25
457212,377.93417119678753,42
457255,388.7170384612629,43
457278,200.2688444134758,23
457296,154.1373844919065,18
457338,380.1745051954059,42
457387,444.3307591113237,49
457429,377.0826675299604,42
457462,294.13619647102195,33
457475,109.6142721301239,13
457506,275.2066089908003,31
457525,165.99890119629345,19
457538,110.15607412855638,13
457579,369.7817374275208,41
457629,453.29640660460353,50
457697,618.1683812349231,68
457728,274.4297745232665,31
457755,238.96243165174482,27
457776,183.00875794424553,21
457797,183.29364010040732,21
457812,128.7624314063859,15
457851,350.6927686011708,39
457873,192.01195264966003,22
457902,256.74811275701285,29
457924,193.23438212798266,22
457936,100.57642622167975,12
457970,304.8298785642356,34
458000,267.22198815750767,30
458024,210.7987620505438,24
458059,314.2744357043273,35
458104,405.8033041214169,45
458159,500.34409271061577,55
458184,219.71382953898362,25
458214,266.5600933322116,30
458259,406.81962601803,45
458306,423.8009937714745,47
458321,128.70914696484857,15
458347,229.6470852777171,26
458367,175.18901173253747,20
458381,119.44179419131778,14
458410,257.02245876589535,29
458435,220.285623648513,25
458466,277.0047380359431,31
458480,119.25317310703444,14
458503,202.10504848707234,23
458518,128.48232639079075,15
458549,276.2269355883712,31
458574,220.5074144139972,25
458591,146.64774070799183,17
458627,323.5785568612758,36
458661,303.9747694441352,34
458693,285.0595000832121,32
458741,435.1879886550687,48
458759,155.9497440799685,18
458807,435.2537485913373,48
458833,230.39047282991078,26
458869,322.9168735501246,36
458900,276.85772250452214,31
458938,342.6344080089859,38
458961,202.64406280730057,23
458985,210.74845431907056,24
459022,332.40776421357486,37
459061,351.55611606895275,39
459081,175.10040529826043,20
459108,240.12339788709758,27
459143,313.59982917065605,35
459201,526.4026472107787,58
459227,229.867056722874,26
459255,247.4794718493357,28
459276,184.05103900148993,21
459306,268.3368259522034,30
459339,295.7978188981962,33
459366,237.55157342664998,27
459410,398.66218852344696,44
459458,434.8734191141894,48
459497,350.9138496809112,39
459523,230.841023110283,26
459571,433.8255426373728,48
459592,182.9679387290342,21
459620,247.00769879419914,28
459638,156.1488706608531,18
459662,211.40718582080524,24
459679,147.4711724150742,17
459711,286.12547892509014,32
459751,359.3654711792515,40
459801,454.35670506235226,50
459828,238.58284229521237,27
459883,500.7396239616764,55
459915,286.5753781185771,32
459933,156.18366623957397,18
460036,947.3004377106874,103
460056,174.71549041388008,20
460105,444.3249120733982,49
460140,312.5415772902545,35
460180,359.83338513807917,40
460194,119.08134561949953,14
460231,332.9087624731493,37
460265,300.9554845694589,34
460297,285.0070022103358,32
460321,211.9288773772176,24
460357,323.692954527048,36
460386,257.61206015615744,29
460403,145.95982315603115,17
460444,369.72999551123706,41
460494,453.5347550099847,50
460520,230.94066893499388,26
460536,137.5758842170003,16
460550,119.18265199387254,14
460580,267.1620855450547,30
460648,619.9429248872318,68
460660,100.53237983733064,12
460711,463.60587805535016,51
460730,165.66487133898482,19
460760,267.9737310888293,30
460781,183.79515928360686,21
460832,462.5693936341083,51
460879,424.09178914205194,47
460929,454.010473861088,50
460966,331.867244409999,37
460999,293.7931728299693,33
461044,406.7347746691782,45
461065,183.762883956445,21
461079,119.05284130994711,14
461106,236.67744833800592,27
461153,426.71672986161883,47
461207,490.63194376891875,54
461231,211.73875485584273,24
461292,554.3027035180836,61
461318,230.51050295971908,26
461345,238.3612911692778,27
461426,740.2669214165503,81
461464,340.19606226070425,38
461496,286.12373691709865,32
461537,369.4914108257479,41
461602,593.8589289805329,65
461653,461.92122890034443,51
461697,395.20513653081525,44
461723,229.83003559488304,26
461764,369.95411803318837,41
461800,320.4933898912326,36
461867,612.7610371626084,67
461898,276.92981907978657,31
461920,191.44048248250965,22
461946,230.26666858563897,26
461965,165.61988371252605,19
462001,323.8095088885378,36
462027,229.98825714991952,26
462087,546.3861174075099,60
462136,443.3529315414139,49
462184,433.8122985364163,48
462202,156.47202238401945,18
462268,603.1838662469333,66
462299,275.8689297156681,31
462325,229.88144851146762,26
462354,258.0639851389094,29
462386,285.88919570373156,32
462447,556.3500332552462,61
462489,379.1971878658881,42
462518,257.90316798616334,29
462541,203.21038059857244,23
462573,286.41028683734135,32
462645,658.0285281315402,72
462675,265.398546045133,30
462698,201.11699789201265,23
462724,230.45369146978865,26
462741,147.07287813411875,17
462766,221.52667889974865,25
462801,314.24118631212883,35
462852,461.17177553518,51
462894,379.4210575169896,42
462907,110.15078722968995,13
462924,146.60254277929553,17
462973,444.0783279259284,49
463029,506.4587301229198,56
463074,407.1295299240677,45
463101,239.24109425084006,27
463144,389.31585139557467,43
463187,388.29502574925294,43
463212,219.52938951963776,25
463303,833.1863185144886,91
463318,128.39206483098275,15
463345,239.67066447658678,27
463365,175.31841435531263,20
463433,621.1758985180421,68
463506,668.8423700490303,73
463531,220.63319591894657,25
463546,128.17900204900837,15
463595,443.91774171834777,49
463625,267.91005734078084,30
463675,453.4666239321135,50
463696,183.19370502680508,21
463742,415.88437431015694,46
463779,330.47998779171354,37
463920,1300.4239665755965,141
463953,294.7139433898331,33
463973,175.34960656121137,20
464048,685.8236162173873,75
464092,396.13491466556445,44
464131,351.70533836915547,39
464199,621.4224028708201,68
464234,313.22571264637054,35
464262,248.0201379615168,28
464292,268.396888908811,30
464309,146.94068184790163,17
464338,255.3119726155598,29
464393,499.112472598568,55
464410,147.196627004534,17
464464,490.96115124506525,54
464529,593.4273078705728,65
464570,370.7959492491384,41
464594,211.37838342928515,24
464618,211.694639430191,24
464644,229.3850549623425,26
464671,239.64974281578642,27
464722,462.68389029460155,51
464753,274.7472977575438,31
464785,285.9631598248384,32
464812,239.57234354796404,27
464856,396.20738826865045,44
464883,239.45361556587602,27
464925,378.3761612942076,42
465009,769.4826765859505,84
465033,209.16216882638204,24
465049,137.72507562845877,16
465115,603.5076871167588,66
465152,333.3980499633632,37
465175,202.44181237994655,23
465191,137.5513932857305,16
465240,444.692886115467,49
465267,237.01765295075336,27
465296,258.66914181035673,29
465348,472.69352253367015,52
465373,220.73996944907628,25
465398,220.97653164782236,25
465433,312.1180817860989,35
465490,518.3634699924546,57
465514,209.31097340405975,24
465552,342.1264906956096,38
465594,378.92802229091643,42
465610,137.81897698623007,16
465640,266.52432397944267,30
465681,367.8503716291033,41
465749,621.6166970626348,68
465765,137.63072373717156,16
465799,302.5489209584144,34
465850,461.24465569061556,51
465871,182.94222379376495,21
465910,352.1490249217738,39
465943,294.87956301725256,33
465958,128.43594129698442,15
465989,276.8961495972041,31
466024,313.9940808085023,35
466080,510.1726120087819,56
466095,128.85559513537004,15
466173,714.863789672091,78
466211,342.4440539871528,38
466248,333.6550951891851,37
466320,658.4791480826345,72
466344,210.29520185485634,24
466433,816.2250952917186,89
466513,733.8774859201948,80
466588,687.1678061760786,75
466614,229.17529729752872,26
466722,993.755295237253,108
466753,277.3641742230274,31
466812,536.8317335086142,59
466844,284.9899014520073,32
466890,414.45411505197393,46
466966,695.6541618125732,76
466987,182.99323152515407,21
467107,1106.2332812457007,120
467146,351.2635524759839,39
467217,648.5618367709143,71
467246,257.92512440007,29
467297,464.1786844459743,51
467336,349.55368131479827,39
467396,547.0413486990766,60
467436,360.33774659699776,40
467477,369.0963170469054,41
467541,584.9165074967602,64
467572,276.5951532803024,31
467603,275.6113424550679,31
467631,248.76736787881936,28
467659,247.39781510357378,28
467693,303.8595321999626,34
467718,220.0224678661372,25
467742,211.17153445756338,24
467794,472.11344393155343,52
467821,237.18158535867394,27
467916,872.6440609282163,95
467997,743.164840868118,81
468022,221.05670773097268,25
468118,880.5650185264521,96
468174,510.36927564737357,56
468204,266.50665615065674,30
468253,444.09174473531317,49
468298,407.62555788967114,45
468331,295.02743294628533,33
468421,826.3470015850131,90
468435,119.00383224914228,14
468464,257.3893147093384,29
468506,377.4650555165152,42
468546,360.7225043717107,40
468589,388.10614659323545,43
468621,286.6314883240185,32
468643,193.85033085717794,22
468686,388.2506686441466,43
468701,128.04109905454672,15
468740,351.12158134642937,39
468771,276.5679605744224,31
468812,370.2734485093085,41
468828,138.1820116864856,16
468975,1355.9077832438284,147
469012,333.26616765951314,37
469071,537.2164625949007,59
469094,202.13884129486937,23
469108,119.12081267515586,14
469134,229.6677259295467,26
469176,378.34435437408035,42
469210,304.0804144144189,34
469244,304.30694435434117,34
469263,165.19168990065714,19
469317,490.0620499944274,54
469370,481.7619284180586,53
469408,341.8550852067446,38
469442,304.8946397023447,34
469574,1218.4085403905217,132
469623,444.17114208934765,49
469645,193.58065800141446,22
469669,212.00961333484653,24
469705,322.67161136680824,36
469732,236.45452117967002,27
469767,312.77418581998785,35
469797,266.8626910277155,30
469842,406.7509276199472,45
469898,508.426310730526,56
469985,798.7952711471268,87
470062,704.1901937085247,77
470102,360.4170882841539,40
470154,469.7353520820084,52
470186,286.38205411297116,32
470206,172.93929530136387,20
470230,210.9816159913847,24
470252,191.8307360711246,22
470272,174.52299135114436,20
470340,619.5508997572302,68
470371,276.2190368704671,31
470400,258.8169775254323,29
470429,257.0859150049782,29
470463,305.49987367755807,34
470487,211.30680910809738,24
470526,349.88790926937014,39
470589,575.0522653316824,63
470603,119.44304921941266,14
470649,416.46283966687884,46
470681,285.78700011007504,32
470725,397.70890721656315,44
470756,277.03295402392445,31
470800,397.22140795266716,44
470862,565.9576196275414,62
470924,565.5807079565179,62
470982,528.8825003043888,58
471023,369.66786435888264,41
471050,237.1627356337348,27
471083,294.69481790133915,33
471130,427.157316201912,47
471161,277.6470949382801,31
471203,380.3389152331509,42
471229,230.31504509991476,26
471245,137.86444564098443,16
471274,257.8414485773618,29
471322,435.40044269763365,48
471373,461.9978124368627,51
471419,417.1148401625209,46
471437,155.90273516439896,18
471482,405.7959457077647,45
471542,546.640453833367,60
471574,285.41592908701085,32
471617,388.7753820519978,43
471653,323.31700475624365,36
471688,314.25436124772534,35
471721,295.88252862721197,33
471762,371.36208490928396,41
471797,314.89450879891245,35
471828,277.1592019205372,31
471876,435.6550492735522,48
471902,228.33447756323974,26
471946,396.4644024967646,44
471972,229.16055209040246,26
472021,441.56177658753114,49
472050,256.0818064154595,29
472103,481.3948682856393,53
472145,380.0998466442287,42
472176,276.19547324379005,31
472200,211.3879679115458,24
472234,304.7787874936719,34
472259,219.45860702723087,25
472302,389.62029398343293,43
472345,388.2947178799392,43
472396,462.8482982455232,51
472445,444.0841454089135,49
472476,276.5131046883252,31
472499,202.8821575311949,23
472518,165.62538193268978,19
472545,237.67473923987734,27
472582,333.0784478524875,37
472609,239.11694583212153,27
472648,351.1027961306517,39
472664,137.87575804182546,16
472711,426.1490727512054,47
472740,255.53695578691838,29
472780,358.78628624195215,40
472796,137.58159974536497,16
472824,248.84993553245184,28
472853,255.94829811796757,29
472914,555.7661988628679,61
472940,230.81018848069408,26
472959,165.5172980502113,19
473014,500.9151604193972,55
473053,351.5857518161643,39
473099,417.5691095546919,46
473178,722.70479822276,79
473208,265.99298659922175,30
473236,246.9788381465879,28
473262,230.21609227691653,26
473306,398.23560347036056,44
473347,370.4099727873311,41
473382,314.5706706194155,35
473445,574.0685507461721,63
473542,891.6177759230272,97
473596,491.3622347104991,54
473621,220.43981006812456,25
473679,528.5530050843529,58
473719,361.38178381080934,40
473808,817.1496898329567,89
473842,304.6404755358142,34
473888,416.86458758180515,46
473960,659.6110129861144,72
473977,147.01069986007212,17
473993,137.40627283043622,16
474031,342.09351688985686,38
474105,674.7801828454676,74
474169,584.1802029268895,64
474200,277.1369630379715,31
474229,256.76852866599825,29
474265,323.43572690389067,36
474290,220.33938818413833,25
474395,966.5113311129014,105
474437,380.3083022444158,42
474472,314.22656044455016,35
474499,239.40210947575696,27
474531,285.7379957770393,32
474633,937.1817224658174,102
474668,314.03382964544915,35
474733,593.3296032852002,65
474778,407.6438686106919,45
474794,137.73006407932118,16
474836,378.7026508213198,42
474897,557.6890736977548,61
474930,293.8326696765682,33
474994,583.6357880577008,64
475080,785.9847486085552,86
475108,249.19827527449021,28
475143,313.3134656924678,35
475158,128.3913578073903,15
475174,137.88055641356507,16
475213,349.61802913630214,39
475242,256.81669576801755,29
475279,331.63399240713454,37
475296,147.27356737992656,17
475357,556.29569615599,61
475369,100.70185305010703,12
475403,304.5963812907452,34
475432,258.25166471732206,29
475447,128.53303818849452,15
475480,295.15280363043934,33
475512,286.6256246890877,32
475580,620.1886947705018,68
475622,378.10176571104563,42
475637,128.56116480512927,15
475654,146.94561424005556,17
475684,265.466868987536,30
475719,312.05909384459346,35
475751,285.7076467163378,32
475773,189.69409211035133,22
475805,284.73278061330234,32
475831,230.2559914187643,26
475852,183.59780074188714,21
475884,282.97174222642457,32
475918,303.48564782596065,34
475945,238.1956160509738,27
476020,687.8620638993514,75
476048,248.81151479554634,28
476083,313.457950509466,35
476105,191.86172662017253,22
476145,359.07637648641304,40
476160,128.2103207535532,15
476184,211.04592017805354,24
476221,330.66949465006695,37
476267,416.23164098276436,46
476295,248.52919307710903,28
476312,147.33317605253177,17
476331,166.11153846168105,19
476387,510.0361673940565,56
476400,109.76728624359815,13
476426,228.74161182769467,26
476442,137.9205985473362,16
476545,947.7147774621102,103
476575,268.5856546070213,30
476592,143.97817561558554,17
476621,257.73345747461246,29
476687,601.7728762116341,66
476754,613.0375572359451,67
476767,109.68785375743514,13
476795,249.04396561622053,28
476824,256.9311470311617,29
476860,323.0998597652359,36
476875,128.2332766763316,15
476917,379.856910432868,42
476930,109.78316303453788,13
476960,266.0021306930955,30
477025,593.8599598141346,65
477060,314.08941800655566,35
477089,257.80994220713865,29
477126,331.122547267849,37
477225,908.8944054413906,99
477383,1459.2822017418762,158
477425,378.83482986582476,42
477462,333.8519552073724,37
477489,239.51856010058032,27
477569,734.7274691242233,80
477623,488.51890117882044,54
477650,239.92530720529734,27
477664,119.38092780288756,14
477702,342.74100315861637,38
477733,276.8560044558874,31
477768,313.1976803656559,35
477793,220.36424537886452,25
477808,128.35647529480514,15
477843,314.3560444376831,35
477906,573.776953611012,63
477931,221.53877683489927,25
477946,128.41118822368577,15
477975,256.845197118315,29
478032,517.7853523135467,57
478068,322.97288596240196,36
478093,221.54653730662665,25
478142,444.6500037811522,49
478227,779.3632506645373,85
478292,595.0854767919877,65
478355,575.303903275273,63
478416,551.6204743441582,61
478483,613.7063515030721,67
478525,376.95906800744694,42
478565,360.4557548168461,40
478612,425.239393728714,47
478648,324.1509934921631,36
478728,732.8180006185418,80
478763,313.76900014641734,35
478842,723.9498696734468,79
478919,702.8995122455337,77
478933,119.11859109306606,14
478968,312.3106392891313,35
479000,286.5306220608844,32
479093,852.6953403673485,93
479121,245.94468186833367,28
479162,370.6258347558007,41
479201,351.63476461702385,39
479249,435.4760430475472,48
479270,184.52591371769833,21
479325,501.4849678253378,55
479339,119.25141533410823,14
479415,695.2022308068787,76
479484,630.0019605851279,69
479549,594.4616472717988,65
479609,545.3692542614555,60
479654,405.8525802449038,45
479679,221.93662151479327,25
479706,238.23503086581235,27
479737,277.0604826089037,31
479767,266.08948907762857,30
479911,1328.112688933863,144
479948,333.59636703152523,37
479984,322.30021667733246,36
480042,526.8132635957668,58
480093,464.0374024777378,51
480169,695.3379836668,76
480214,407.4059565549304,45
480237,202.20621473894602,23
480264,239.4868327012798,27
480301,333.8078414786834,37
480333,287.3283285887165,32
480388,497.4730861192342,55
480529,1301.844014435264,141
480592,573.5333965312311,63
480665,668.1128301037404,73
480679,119.37737047798998,14
480758,724.2435530231273,79
480799,368.22161968095753,41
480834,312.77571313978797,35
480850,137.82559685550615,16
480890,360.38114001620556,40
480923,295.1267794397035,33
480989,600.570492682368,66
481016,240.61590105728814,27
481095,724.2256612733693,79
481149,490.7952582828272,54
481245,880.5601007289538,96
481300,499.0556918972266,55
481323,203.44562530974912,23
481378,499.43321515212574,55
481431,482.1541007126048,53
481464,296.4531744560793,33
481489,221.95643834405573,25
481528,350.0985928224643,39
481546,156.68597403435302,18
481589,387.9636095375131,43
481682,853.3982460768668,93
481703,184.5079878307735,21
481742,348.522687599142,39
481786,397.5536742372439,44
481844,529.3647306768067,58
481875,276.55624187459097,31
481901,231.09507524661365,26
481916,128.71784571008433,15
481932,137.7958718949508,16
481961,258.01383342391443,29
482000,350.5228434134425,39
482037,331.69715065302785,37
482070,294.5781164461739,33
482093,202.14639923772523,23
482108,128.62048767151367,15
482127,165.8882573100016,19
482154,239.59157842136892,27
482189,312.59141721183835,35
482210,184.408413853498,21
482247,330.8921953388978,37
482313,602.7411171518247,66
482371,529.1995328440834,58
482411,361.2386466710831,40
482429,156.77499369318033,18
482454,220.29628345282376,25
482478,210.36433027061742,24
482500,193.61700607912888,22
482550,452.3621983619471,50
482597,425.7448403126464,47
482627,268.5931984227848,30
482651,212.55024016906748,24
482678,240.37033887384183,27
482706,249.43267260987048,28
482743,331.9552217459069,37
482771,249.46204394753525,28
482793,193.95791570242883,22
482821,248.96426106046343,28
482840,166.00526769292154,19
482874,304.7816503057303,34
482917,389.215489379433,43
482957,359.7984461504257,40
482990,293.0432634320792,33
483025,313.74219872399,35
483052,240.4934395321284,27
483086,304.57787884828167,34
483118,285.2164654217029,32
483165,426.9918015223801,47
483191,230.59774811850153,26
483243,471.6369101920527,52
483273,268.31666928401063,30
483293,175.6455299381139,20
483335,379.4565386817114,42
483368,294.71262081009235,33
483397,259.0102686376501,29
483482,780.1025877822909,85
483511,256.4963316851689,29
483542,277.0909320321742,31
483592,453.70447670669614,50
483619,239.64966466169588,27
483653,303.5780453199587,34
483705,469.6688425557813,52
483741,323.55992848438365,36
483801,546.6687608640085,60
483827,229.03030574274035,26
483865,342.5745780817087,38
483917,472.99602511628603,52
483962,407.30030190587837,45
483987,220.14298227201346,25
484060,663.7535905326353,73
484112,473.40311819971964,52
484128,137.78212222891213,16
484160,284.5275572820146,32
484196,324.57899420138295,36
484235,351.5714764649055,39
484269,305.04482454830963,34
484305,324.36711606704137,36
484357,472.240296702112,52
484414,518.134204141909,57
484429,128.4912054054641,15
484479,453.32102458709215,50
484529,452.2306438484756,50
484569,361.6123217722538,40
484595,230.42928998251267,26
484612,147.40484696409473,17
484680,620.6991403125324,68
484719,351.3185601690793,39
484753,306.01942033423376,34
484787,304.94613682399057,34
484812,221.28111244344885,25
484881,629.9864026115242,69
484915,305.0955379008995,34
484955,360.5261195408871,40
484983,247.99770333091234,28
485024,369.4205021686723,41
485054,268.01094021303334,30
485082,250.0279314393835,28
485135,482.55471583730633,53
485162,239.4195098084138,27
485210,435.6349958938262,48
485248,341.7268512973131,38
485277,256.05743878737593,29
485297,174.86694798278782,20
485319,193.45043842024884,22
485357,343.2517564229546,38
485392,312.879441058544,35
485415,203.16008861337053,23
485461,416.0680239374456,46
485502,369.68597009328244,41
485563,557.0965605198747,61
485634,647.196729292966,71
485670,323.31854668959994,36
485683,110.13107072325997,13
485731,433.6658834381403,48
485761,265.1400149226721,30
485783,190.47638259863388,22
485836,482.3765681127983,53
485856,173.02265399256845,20
485904,436.3203747813095,48
485945,371.17484228293836,41
485974,254.6302393054227,29
486026,471.5148785246996,52
486138,1027.0699105086846,112
486185,424.64723942167524,47
486271,787.6245066985942,86
486308,331.5506517053719,37
486354,414.5602983955199,46
486388,304.0336097283972,34
486419,274.8766177482507,31
486497,712.701983047151,78
486534,332.69175022541816,37
486552,156.4034028016553,18
486567,128.709142342285,15
486595,248.3604805789967,28
486645,454.4922477921594,50
486669,208.50480621844667,24
486713,397.1623633085403,44
486745,287.0107138480579,32
486759,119.31520543724415,14
486790,275.349382315189,31
486830,360.3075740023126,40
486853,201.03316295285396,23
486868,128.50580699843297,15
486934,603.9500788612465,66
486952,156.90668839323004,18
486978,229.39286082438693,26
487008,267.0598842720533,30
487036,246.81997390249722,28
487069,294.87718446082124,33
487105,321.5610851839553,36
487163,524.8575614628527,58
487209,417.2548550019386,46
487269,547.7483761145561,60
487293,211.6728117523139,24
487384,831.4057316723595,91
487413,255.31106493943034,29
487428,128.77004263972043,15
487456,247.90737140939376,28
487477,183.7988362866544,21
487491,119.06055473654366,14
487506,128.19381772245174,15
487534,247.2567126142321,28
487570,323.4464753783749,36
487602,285.8229994184738,32
487616,119.56277355554981,14
487629,109.74495373481561,13
487668,350.9148726599745,39
487710,380.504830496392,42
487753,388.1322489501837,43
487774,182.96645209300777,21
487801,239.30039212738762,27
487828,239.3343580938487,27
487849,180.96759406546477,21
487889,361.30759743210734,40
487966,704.7439549701769,77
487992,228.0857588180063,26
488008,138.14393763515454,16
488039,276.8534736535775,31
488067,248.26265948953784,28
488094,238.47411836422506,27
488116,192.60199021168953,22
488135,165.67206699232574,19
488149,119.58484421210991,14
488166,146.87220660865103,17
488178,100.23672756740909,12
488193,128.61452234216844,15
488208,128.59160477218927,15
488249,369.71904639649784,41
488282,294.89274232014435,33
488310,248.93242520151728,28
488325,128.62128044317302,15
488360,314.3072039493077,35
488389,256.9118567321258,29
488418,258.52221169193876,29
488434,137.66818481285262,16
488454,175.0176494966842,20
488500,416.11202030254555,46
488529,258.23186932914786,29
488541,100.63369575395285,12
488556,128.47602196712643,15
488586,266.8511010161389,30
488626,360.76232428152076,40
488639,109.91025248533106,13
488672,296.8464867313685,33
488683,91.30484701888719,11
488701,153.14651655926815,18
488751,452.2884195406909,50
488776,220.73357423571804,25
488799,201.92324334096702,23
488813,119.40224088224973,14
488851,341.7790264792838,38
488890,351.7639070788848,39
488903,110.13327241440317,13
488919,137.95381248590363,16
488943,210.52008601136885,24
488960,147.08753358472762,17
488988,248.19246169581717,28
489070,751.5115065372046,82
489092,190.2695160848237,22
489119,238.7346278046821,27
489150,276.53357529516666,31
489168,154.6761075477116,18
489194,228.61344451321858,26
489241,426.0625652422513,47
489254,109.61762358262712,13
489299,408.3376426284176,45
489352,480.7865165221861,53
489389,333.07052609079545,37
489419,267.1138654887605,30
489433,119.5380107765627,14
489460,237.74265791954772,27
489488,248.1505186520299,28
489504,137.9675045572738,16
489542,343.4337224979638,38
489562,175.03026399274106,20
489593,276.53168199435015,31
489621,246.37235577013257,28
489669,436.25985412203204,48
489699,267.42228633096397,30
489729,267.8212418800759,30
489764,313.6314182293278,35
489827,575.0345951108349,63
489870,388.3864447935471,43
489899,256.6994398684194,29
489928,254.77115526593624,29
489967,350.96658365767775,39
489984,146.9107131276281,17
490006,192.50243348025444,22
490030,210.60956105393038,24
490049,163.59828145943558,19
490085,322.28798487670525,36
490098,109.68900132139122,13
490112,119.10701961043719,14
490138,228.06396329079226,26
490165,238.52233015285032,27
490181,137.8096993795717,16
490217,323.3256537661904,36
490232,128.42548028437622,15
490288,508.8126800135851,56
490316,247.4362331862954,28
490344,248.09432694911249,28
490365,182.28927622508328,21
490381,138.139347379051,16
490404,201.5510544183278,23
490437,295.7005929744247,33
490457,173.82466424792148,20
490481,209.9915178538417,24
490522,369.5825965023062,41
490574,472.0539124215997,52
490602,248.14908722802588,28
490641,351.3853860072367,39
490672,276.3477836936226,31
490745,668.1598508103707,73
490761,137.89244869122905,16
490780,162.61827004324792,19
490802,192.52141247418498,22
490849,426.7001524245486,47
490871,191.09149735525253,22
490933,565.5705828074447,62
490950,147.09382919854855,17
490980,267.02658178875555,30
491021,370.4009523224344,41
491065,398.29755050032355,44
491080,128.2808110322326,15
491129,444.1288931105574,49
491156,238.05517562310507,27
491212,508.954971164566,56
491258,416.97471525463254,46
491275,147.34169416585922,17
491320,407.82109235534506,45
491337,147.45960827985778,17
491383,416.3975924567468,46
491409,227.5945543181058,26
491478,632.2160317248394,69
491537,534.9157981348748,59
491583,416.9367198260453,46
491596,109.69405796287772,13
491646,453.3992284815475,50
491678,284.77304940440456,32
491696,156.8684827868573,18
491717,181.29906854704655,21
491734,147.1949291895511,17
491776,379.7895464934801,42
491813,332.7998200393588,37
491848,314.70586141286054,35
491869,180.7693492555278,21
491895,230.02919629921632,26
491918,202.197623520005,23
491966,434.9869205395494,48
492007,369.1951784587757,41
492038,275.97689296005746,31
492065,238.18746713740487,27
492127,565.7693163684919,62
492143,137.85421585467807,16
492182,351.294906344065,39
492219,332.5568310493656,37
492235,137.4860998092572,16
492259,210.68879470075902,24
492300,370.36118979439635,41
492349,444.58551352502934,49
492394,406.9724457866319,45
492446,473.4592128985025,52
492495,444.01079144491433,49
492515,175.29014223898588,20
492575,545.9561307888767,60
492624,443.3692719008388,49
492669,407.47327922583327,45
492721,470.83551418990464,52
492753,284.2552789024475,32
492796,387.95518365091414,43
492827,277.126847842194,31
492854,239.1092573136445,27
492887,293.15660645932127,33
492945,528.5566370728999,58
492969,211.20560729983373,24
493008,351.56830821168353,39
493039,274.9579509844841,31
493056,147.37433442977155,17
493087,275.0465987346784,31
493116,259.2012071032853,29
493146,267.02307084045844,30
493170,208.80567228181562,24
493186,137.96828700035445,16
493239,481.71751340103026,53
493261,192.01926361645354,22
493292,276.72551362624404,31
493358,602.3076887797234,66
493378,174.50841700803832,20
493427,444.3108784174213,49
493453,230.48956164842167,26
493491,342.75879742215653,38
493515,211.21403931185324,24
493555,361.2224389034338,40
493575,175.11001399530218,20
493608,297.02442784522015,33
493634,226.88489282398544,26
493651,147.26887841101237,17
493673,193.3667632293476,22
493711,341.36277464615983,38
493730,166.3203333351397,19
493761,276.9299364875618,31
493795,304.7316529893958,34
493828,293.9806454205252,33
493865,333.09368943613026,37
493904,353.37943486631514,39
493942,341.49675116257464,38
493989,424.2274109042233,47
494012,202.66226163110883,23
494075,573.9789867052091,63
494092,147.5088628087701,17
494135,387.478643654581,43
494167,287.94530488769635,32
494220,479.5786494546751,53
494253,294.60752988143224,33
494286,295.3805967081067,33
494317,275.77189093703095,31
494352,315.6103864134043,35
494370,156.66987095631995,18
494419,444.5812010916479,49
494451,286.17501233496125,32
494470,164.92829221816976,19
494497,238.7792477697146,27
494526,256.7598904843457,29
494560,304.7807961657214,34
494612,472.545893919279,52
494651,351.14849056255247,39
494665,119.50164758812718,14
494703,341.20003072880024,38
494740,334.56444158824354,37
494766,231.58099287274922,26
494801,313.8538043509383,35
494842,369.73760935107066,41
494866,212.36945736273907,24
494901,312.79341181509994,35
494928,241.1049286847039,27
494973,405.81242915847133,45
495012,349.7529866936552,39
495050,341.2998023048621,38
495087,332.20954708290236,37
495107,175.4819319087941,20
495139,284.0551789389858,32
495155,137.08653087985994,16
495196,370.1824535908966,41
495215,166.19353109217343,19
495234,163.45430885447277,19
495252,156.39032508597413,18
495278,230.0874165640405,26
495311,293.08890448133957,33
495346,313.02791941527204,35
495359,109.92307470432519,13
495379,174.97240907742443,20
495397,156.7243349220913,18
495442,405.28096772673706,45
495468,229.72759716716288,26
495511,387.6436686165781,43
495572,556.965929311237,61
495625,481.608773830598,53
495653,247.78351856273335,28
495696,388.7733336810041,43
495722,230.7996721315702,26
495751,258.1725686728805,29
495774,202.55632782012506,23
495808,305.2755478943383,34
495834,229.0912639862636,26
495873,350.77466143243623,39
495909,323.9169911762007,36
495973,584.4142340698613,64
495997,212.0453369234312,24
496034,333.5384150356494,37
496057,201.5508469063773,23
496084,239.27255571253167,27
496110,230.81448040766858,26
496143,295.93476982597724,33
496180,332.6408735580402,37
496198,156.65049923795453,18
496222,211.90197170660633,24
496250,248.41854491344523,28
496300,452.39926290969083,50
496335,314.7991967907042,35
496375,359.0501406367309,40
496400,219.7489549417852,25
496421,184.4255237902615,21
496444,202.53123786744723,23
496474,267.80770024858595,30
496499,221.89174087319157,25
496521,192.61429758767795,22
496546,220.69569414374882,25
496585,350.7707762097076,39
496601,137.58301883795772,16
496628,240.04129062058962,27
496670,378.97925575231955,42
496692,193.87121406763453,22
496719,239.58642978334677,27
496754,314.68474103125124,35
496777,200.3718094442515,23
496805,249.28559794828462,28
496837,286.7094070891637,32
496853,137.1586320011274,16
496910,519.8806540549706,57
496951,370.02017729296387,41
496976,221.2694613883182,25
497011,314.3437355461418,35
497039,248.8231794324954,28
497077,342.1058384776249,38
497120,388.90226857824655,43
497141,183.94047172971995,21
497169,249.29045557034553,28
497196,240.04993522663915,27
497222,230.15581286904214,26
497246,211.54554553951536,24
497265,164.86578555021984,19
497286,184.17660991100496,21
497310,211.55919421681315,24
497334,211.8690949817283,24
497353,165.14159154473947,19
497399,415.36747056949383,46
497452,482.31874321186115,53
497491,350.8130981200057,39
497515,211.1100432638064,24
497549,305.0137007818169,34
497585,323.99861704386234,36
497610,220.10256046742347,25
497638,248.6886950263245,28
497660,192.96560138593932,22
497693,294.51874916259607,33
497720,239.47116778142916,27
497766,415.5987463602211,46
497799,294.96724269369486,33
497833,303.2995656619215,34
497874,370.2687046309166,41
497921,426.4848182464737,47
497954,295.5617511493772,33
498015,556.2894724706489,61
498058,388.7025241041843,43
498089,275.96070982771334,31
498113,211.26333516329842,24
498129,137.7316331168305,16
498173,397.67158842268174,44
498194,184.5012219026096,21
498218,211.78360850321607,24
498233,128.73755201191113,15
498261,249.03997183166405,28
498286,221.57910949667504,25
498322,323.4868660374673,36
498354,286.205041277984,32
498379,221.7962702036653,25
498432,480.93950459122146,53
498485,480.9038661540245,53
498506,183.87019813073582,21
498524,156.59131908265326,18
498556,286.3467430197155,32
498598,378.0117139897394,42
498651,482.4281753243865,53
498693,378.6232526278774,42
498722,258.2552985609706,29
498770,434.9499853673686,48
498795,221.2206734344937,25
498820,221.40400526520727,25
498852,286.7955061411732,32
498888,322.725913471523,36
498914,229.16097127639105,26
498941,239.60731456388564,27
498977,322.9612272076035,36
499022,405.3739673611483,45
499050,247.87290602402535,28
499091,370.2186053855544,41
499136,405.1607817802575,45
499167,277.0076105278756,31
499195,248.96290337977982,28
499219,211.47896605969564,24
499244,221.36929554138695,25
499265,184.49507823155,21
499316,461.22658550580155,51
499351,314.83590398765386,35
499374,202.50693934799017,23
499399,220.58459999439492,25
499459,546.2418605229806,60
499505,416.62462259792676,46
499550,406.15924740421667,45
499573,202.82335331568964,23
499615,378.3177242643057,42
499642,238.9736294241435,27
499669,240.23585509246988,27
499694,220.24131436591657,25
499727,295.9980070984452,33
499772,406.906393140131,45
499788,138.09904758811712,16
499836,433.92225928826934,48
499858,193.12550090531042,22
499897,351.2109129701981,39
499920,202.57093989288208,23
499971,462.29367339423294,51
500001,267.3574450231329,30
500044,388.0520370074527,43
500079,314.663699781721,35
500139,547.0042914435069,60
500166,239.79847451911016,27
500186,174.1642532287408,20
500245,537.1728894888131,59
500276,275.6249556102692,31
500331,499.25280532846426,55
500378,425.44789264761596,47
500409,276.97065166404866,31
500445,321.94527114643756,36
500500,501.3474268522592,55
500538,339.063081479422,38
500573,314.67949734349844,35
500620,425.48896041121174,47
500645,220.87966839866993,25
500671,230.03037671657148,26
500707,322.75684592606063,36
500769,565.6061808428003,62
500820,463.32824862465196,51
500870,454.2134232125248,50
500903,295.0127079944129,33
500968,592.9934769197248,65
500998,267.99895770590086,30
501032,304.63693180566077,34
501098,602.4506018049843,66
501147,442.91433859105433,49
501183,323.7645923834107,36
501221,340.8504162898305,38
501253,287.2328480085008,32
501293,360.8864278831613,40
501331,341.91997539965985,38
501367,323.6561508128471,36
501406,349.44393102886113,39
501461,500.080322876858,55
501493,286.38888713521453,32
501525,286.21363273651184,32
501542,146.98007925963583,17
501598,508.18109294881185,56
501645,425.4740759691617,47
501697,472.40541200316835,52
501729,286.2733783287251,32
501776,425.2810162038822,47
501821,407.44926311229256,45
501864,387.61102017389766,43
501921,518.848865096655,57
501958,332.9702767767188,37
501978,174.95738245958108,20
502029,461.9338574574559,51
502060,276.8468325782792,31
502100,361.488594224879,40
502153,480.702909290332,53
502195,378.91632474124606,42
502257,565.2307719040665,62
502293,323.1659057717475,36
502322,257.8441231057176,29
502356,305.37643897862836,34
502404,434.5759278440955,48
502469,595.0548120543579,65
502521,471.19967414653723,52
502559,341.11337226562955,38
502595,323.802139924142,36
502633,342.52048162535147,38
502691,528.55249768641,58
502741,453.2572373864137,50
502803,565.8678976622261,62
502872,630.2231871124196,69
502928,509.3399152967959,56
502954,229.8739307196953,26
502983,259.4909419025788,29
503014,276.888791727838,31
503037,203.12865483231488,23
503056,165.0660545937413,19
503119,573.1571723492398,63
503161,379.9165499601408,42
503202,369.1561512133966,41
503230,250.20598767589092,28
503276,416.44165346707655,46
503303,239.93645919985087,27
503353,451.84219765912684,50
503381,249.71035497783984,28
503423,379.0302833199325,42
503461,342.657900016398,38
503489,248.3133926757065,28
503533,398.97537845303145,44
503572,350.20682778904,39
503588,137.79197930158713,16
503617,259.29879820768497,29
503664,425.21210347791816,47
503698,304.7818670451039,34
503731,295.51020974362723,33
503770,350.4692434099433,39
503812,379.23018165847395,42
503850,342.2983418724895,38
503874,211.8106328955634,24
503910,324.89633778647766,36
503940,268.05400217669734,30
503980,360.8742839138107,40
504045,592.4957072105825,65
504081,323.8596575449743,36
504097,137.7514757732081,16
504147,453.054954254589,50
504192,407.36096303262747,45
504241,445.3758351965215,49
504290,443.82439438469015,49
504348,528.8532779777742,58
504382,303.9273262922094,34
504429,427.0865578934408,47
504456,237.8648575403138,27
504499,388.92871979225424,43
504559,547.9504543534448,60
504584,220.93291598181864,25
504610,231.26651639562758,26
504652,379.83141793585105,42
504728,697.1227489701107,76
504769,367.8665640906318,41
504829,546.4556555428645,60
504856,239.65880252468125,27
504927,649.8792084295582,71
504942,128.66922531199717,15
504972,268.23967470152746,30
505015,388.426447552195,43
505062,425.8167714585536,47
505106,398.1689650832835,44
505146,360.9278302820075,40
505209,574.4139920973303,63
505293,770.545375003053,84
505410,1075.7717607294676,117
505442,285.99052281630486,32
505477,312.68963413173475,35
505529,473.0886878408212,52
505579,453.20778674605083,50
505610,276.9876299309483,31
505627,146.65337921956086,17
505687,545.1515490293631,60
505739,472.59413955793195,52
505793,490.40010505831054,54
505841,435.0045994973164,48
505924,759.1498050020685,83
506022,899.6715794404801,98
506057,313.9122372750155,35
506091,304.94495796442715,34
506155,585.0799024701598,64
506184,258.5943670037614,29
506252,623.1027299265239,68
506279,237.83466064184574,27
506323,397.62343216657155,44
506396,668.5869387478026,73
506438,380.23850356534376,42
506465,237.28401940128924,27
506490,221.69740739618834,25
506551,557.4040694559067,61
506638,800.1801066900939,87
506693,501.030127256521,55
506766,667.7674213395761,73
506792,230.22807795590228,26
506815,203.00141463219745,23
506874,535.3675491488182,59
506905,276.07761296496903,31
506945,362.02646080136935,40
507024,725.3962751092753,79
507057,292.583606326135,33
507141,770.1024725641446,84
507186,407.4181060168481,45
507237,463.52481510980715,51
507322,777.1480421631469,85
507351,259.039242646971,29
507381,267.323591165241,30
507435,490.22853950877317,54
507485,452.4217427880652,50
507536,464.0246320796705,51
507579,388.46893079352134,43
507623,399.0301921040894,44
507649,230.4402173444668,26
507851,1868.4825531813692,202
507879,248.89477029026193,28
507950,646.6239374506847,71
508070,1105.3379314374426,120
508126,507.83451946552543,56
508151,221.1985782996941,25
508189,343.1810944816539,38
508236,426.25029820012804,47
508271,313.4709062300113,35
508319,433.07756962520926,48
508361,378.8033887488547,42
508419,528.8624554766939,58
508447,249.2347664001101,28
508529,752.8372701007694,82
508557,247.00887454483427,28
508622,593.9574307909168,65
508644,193.2452642468953,22
508691,427.03064550240543,47
508731,360.39569070986914,40
508755,212.4421107082546,24
508816,552.6456627407796,61
508883,612.030195954528,67
508909,230.44366281113048,26
508931,192.66892616152322,22
508986,501.3749092620994,55
509027,371.29185496493335,41
509042,128.63046540279925,15
509078,324.2840746839366,36
509125,424.05037328949373,47
509176,463.8488826034552,51
509215,352.4400849736673,39
509245,267.83906940957905,30
509279,305.68122007610674,34
509297,156.5591031964191,18
509338,369.9549761482098,41
509383,407.23501692057374,45
509415,286.96928916736874,32
509456,370.6181486205635,41
509499,389.41989346969564,43
509555,510.36936367541665,56
509598,389.3857207078637,43
509632,304.3359936118166,34
509687,500.0948586128506,55
509731,397.43370762133793,44
509757,231.42919358949067,26
509809,471.5523966522744,52
509865,509.1905666433978,56
509921,510.6521074664407,56
509982,556.1661152906325,61
510085,946.4337498783852,103
510127,378.32503393948593,42
510198,649.0679409554185,71
510261,575.5121757269974,63
510320,537.1077582201237,59
510361,370.3168693541668,41
510398,332.82474718616214,37
510431,293.2848700656018,33
510448,147.08410881420207,17
510497,445.6708311769067,49
510537,360.9142829003363,40
510589,472.1386872957425,52
510644,499.7524631908316,55
510692,435.48891975256106,48
510739,426.09547710708875,47
510788,443.5475074342273,49
510845,519.6576554606603,57
510870,220.65123077001468,25
510904,302.57374956999837,34
510947,388.85201912493704,43
510974,238.38610984330438,27
511022,434.8883925023056,48
511043,184.67285549132328,21
511074,276.8547910568355,31
511124,454.3476079795145,50
511171,425.25535277870415,47
511190,164.87931790819712,19
511218,248.39426192751242,28
511273,498.8789965205034,55
511314,368.25547074896065,41
511380,603.2184814822987,66
511413,296.35041999627924,33
511468,500.26967058543937,55
511542,678.2101318780054,74
511574,287.1383836985455,32
511624,453.7394485137512,50
511656,287.02828691208714,32
511706,453.3706856144016,50
511722,137.47177604386044,16
511760,342.48184738362636,38
511817,517.7374321496565,57
511842,220.66664881260184,25
511872,267.934777344408,30
511900,249.5888948224649,28
511953,481.2165364552753,53
512035,752.4416182782022,82
512060,220.90012674913734,25
512096,322.1746208009025,36
512135,350.7647683152174,39
512195,548.4138264870552,60
512257,564.6132571733764,62
512311,492.96252298458705,54
512345,304.82529501538545,34
512387,380.0859631995582,42
512439,474.96699658905175,52
512466,239.96508076602157,27
512534,624.4176890411065,68
512572,342.1309361799281,38
512647,687.9914039961783,75
512691,398.84668234436094,44
512721,267.50727971878433,30
512751,267.87943010771335,30
512776,221.31871533744032,25
512804,248.26523613683918,28
512861,521.4035848502704,57
512884,202.17251848108447,23
512920,322.31848856848023,36
512949,258.1134761907946,29
512975,230.2835289253428,26
513009,305.21907291555004,34
513038,258.9546525174752,29
513071,295.9901229278303,33
513101,268.72909474360847,30
513148,425.4459077727343,47
513181,295.77690497557364,33
513224,388.636846261163,43
513270,415.6620350191844,46
513315,408.08501314060686,45
513359,398.591613184539,44
513390,277.51390829138234,31
513421,278.6110578976575,31
513461,360.27377531633,40
513496,314.2285379331652,35
513528,286.2426507386919,32
513600,658.031175156316,72
513624,210.58887171742816,24
513664,361.3403094558352,40
513698,303.1761340747223,34
513767,629.9792426676491,69
513791,210.2273661093716,24
513830,352.10248762926926,39
513886,508.1157922083511,56
513921,314.29043582754065,35
513963,379.2610723835078,42
514073,1014.4587887246458,110
514121,437.0894218856771,48
514164,387.1449107374025,43
514206,380.1248804758694,42
514265,539.0797519935142,59
514289,211.37540164112988,24
514421,1217.1915075333798,132
514510,817.1958924001092,89
514534,211.65260530699544,24
514579,408.1620035843371,45
514631,474.12361501057705,52
514703,658.3617880164688,72
514765,566.2935341793358,62
514830,594.2394343041303,65
514857,240.03032697749444,27
514888,277.15667949918554,31
514912,211.03526150891747,24
514980,621.6562889150151,68
515062,751.3273224881804,82
515132,640.9895570580502,70
515213,744.3187019639147,81
515262,443.43607652387567,49
515317,500.2183820433318,55
515361,399.38872955689675,44
515395,305.08588990879565,34
515426,277.0724062880303,31
515486,547.7704060455981,60
515546,548.6277374775838,60
515608,565.858681942022,62
515701,853.4942951543605,93
515764,572.4459316728836,63
515802,342.59990531667853,38
515849,426.4721010181614,47
515893,398.53903937375986,44
515926,295.0592814152322,33
515970,398.61518740085137,44
516055,780.1774286261431,85
516124,630.6556097106071,69
516160,324.34555339579026,36
516218,529.5426224546443,58
516276,528.842714474492,58
516332,510.6746283576685,56
516356,211.95383972648935,24
516415,537.9663795996685,59
516442,239.35385416712495,27
516514,659.7868344560057,72
516557,389.47859191810437,43
516605,435.7089567482076,48
516642,333.7563718981607,37
516689,426.1638714684498,47
516741,473.9452849368422,52
516770,259.0026808712828,29
516817,426.8120241210881,47
516860,389.4564900665121,43
516902,380.5762544263313,42
516928,231.0662544280433,26
516967,352.1419034098724,39
516999,286.43912810281836,32
517047,435.86672727551013,48
517096,445.69906938458075,49
517167,650.2355275365194,71
517209,380.3963125770999,42
517241,286.8441754468717,32
517267,230.9101489431369,26
517294,239.98599328571325,27
517323,258.7435676132927,29
517352,258.9624331386174,29
517383,277.5979457397803,31
517410,239.5675288674372,27
517466,510.87684761397423,56
517494,249.33542354876892,28
517531,333.32422281001413,37
517555,211.3516036889256,24
517604,445.5396259521847,49
517632,249.96721774086913,28
517669,333.7767814142331,37
517709,361.5972412089937,40
517747,343.2432643384135,38
517788,371.1104545138656,41
517820,286.6679775289016,32
517860,361.7576663500933,40
517895,314.6053987468094,35
517940,408.47003114636743,45
517976,324.0294201641045,36
518020,398.4790357218835,44
518059,352.1548245409771,39
518106,426.81448039719265,47
518135,258.7825207513697,29
518186,464.57652957878327,51
518239,482.7685825957541,53
518280,370.25934605202895,41
518338,528.9062296403612,58
518370,286.4972840639597,32
518421,463.9076096403114,51
518462,371.0295695153189,41
518520,528.9079600250341,58
518573,483.2402881269044,53
518613,361.72849206919466,40
518641,249.38265657278814,28
518692,464.4805652845298,51
518728,324.2608070280558,36
518767,352.64868822560896,39
518819,473.8074942235806,52
518858,352.43842977399385,39
518885,239.995825470394,27
518971,789.2188266750245,86
519028,520.3668845519043,57
519058,267.678192027796,30
519105,427.42780014841,47
519161,510.6717973873587,56
519187,230.0412439484919,26
519240,482.9152341151041,53
519283,389.97211068904136,43
519340,520.1752230672361,57
519376,324.6359499264292,36
519410,305.9506825169038,34
519467,520.3067708729857,57
519506,352.145029159995,39
519557,464.0571771480319,51
519598,370.8461154528509,41
519655,519.3870747140394,57
519755,921.0141560219228,100
519822,613.5294603399159,67
519847,221.23571478537954,25
519877,268.0949455406572,30
519929,474.27710189502017,52
520024,873.4496218319175,95
520081,520.1269063102644,57
520129,436.5084100035105,48
520176,425.9716546304114,47
520254,714.275369667979,78
520317,576.0543427073571,63
520428,1024.6255639850417,111
520548,1108.1706254822373,120
520618,641.1251315228778,70
520666,434.0245563433634,48
520717,463.1067560046083,51
520759,376.67280147814347,42
520824,594.8823591544364,65
520890,599.3138371044026,66
520963,670.0874315564859,73
521001,341.210338548309,38
521088,800.5741841961391,87
521175,799.8772075325226,87
521237,567.4108173770142,62
521295,530.0464716229368,58
521324,258.8344071545663,29
521383,537.719848145371,59
521419,324.4449954966039,36
521457,342.96943047834066,38
521530,669.6390651938291,73
521604,679.7498556565612,74
521691,799.9944090760516,87
521779,809.0946784627093,88
521828,444.68379642528305,49
521908,735.2053685470149,80
521978,641.1855728770919,70
522050,657.1205301546655,72
522105,501.15591055078204,55
522166,558.3620998902858,61
522232,603.0289210032107,66
522295,573.6732692966951,63
522364,630.507231815544,69
522415,463.84515758989977,51
522450,315.1312404943686,35
522486,323.7428928467267,36
522538,473.66117989126286,52
522566,248.97552952922288,28
522654,807.9595374495115,88
522718,585.0067057917922,64
522772,491.7114010856772,54
522827,501.9535308150211,55
522884,520.1695511670247,57
522966,752.6397526528827,82
523004,340.7665302928085,38
523076,659.3639220719102,72
523119,388.8200077174065,43
523207,808.4131533247066,88
523276,631.797489969338,69
523332,511.23865220480764,56
523389,519.3522941909822,57
523434,407.89654762932025,45
523467,296.09740335795715,33
523565,901.8479462565472,98
523628,575.1306220715376,63
523659,275.93195058799165,31
523721,566.4887374842497,62
523778,518.9331599539776,57
523853,687.2317762765016,75
523919,604.0729642833727,66
523992,668.7799514082387,73
524047,501.6254434088588,55
524143,884.3363625338528,96
524180,330.1726900729431,37
524232,471.40440407594957,52
524262,266.0279165530398,30
524301,350.31946734384024,39
524352,462.7306074079781,51
524402,453.798340851896,50
524431,258.50514585857957,29
524521,827.0571412230146,90
524583,564.094212363875,62
524618,313.2729228665482,35
524669,463.4335393659468,51
524712,387.21152944011004,43
524773,555.8159997218486,61
524825,471.98234358145135,52
524875,455.26162444956503,50
524944,630.9899155967539,69
524993,444.84325402799453,49
525061,619.8437537203027,68
525118,519.1239582305432,57
525180,564.6532692578819,62
525246,602.0234065100403,66
525332,788.9444630715057,86
525407,686.6524062703305,75
525462,499.6225646121719,55
525516,491.716989387583,54
525571,500.5208786892745,55
525610,350.954521390454,39
525659,445.87942993164376,49
525705,416.2562431607531,46
525754,443.46907893420996,49
525806,473.80427711327843,52
525854,435.40793800082116,48
525901,426.2214934875997,47
525952,464.48302637109674,51
526009,519.8912482636769,57
526097,808.8345815191528,88
526181,770.9208352949133,84
526219,340.03164647015797,38
526274,501.3324747162293,55
526327,482.7869588183001,53
526361,304.56451784086295,34
526405,397.89695950136075,44
526447,379.5802191311524,42
526473,231.0482714853229,26
526515,378.4928232768362,42
526557,380.22928686475336,42
526620,574.3810718432128,63
526656,323.88033286409427,36
526702,417.54324356045146,46
526741,351.66404034769766,39
526772,276.90203462589346,31
526809,333.7500025952868,37
526859,454.13015179872235,50
526891,286.5379270260203,32
526929,342.07401570501173,38
526971,380.3396242326564,42
527013,380.06854877691114,42
527044,277.7561422056959,31
527087,389.2514457626261,43
527121,305.3776708727842,34
527165,398.14435500069567,44
527210,407.79962870571603,45
527252,379.1704752064531,42
527284,286.6314921080829,32
527320,324.3278166098406,36
527352,286.75602154464906,32
527389,333.2284155518002,37
527419,267.49533056640195,30
527452,296.248528759085,33
527490,342.3706879810627,38
527529,350.8823597890261,39
527567,343.02573297912056,38
527621,489.9344135428432,54
527671,454.00432771062697,50
527707,324.23221730781603,36
527767,548.5833944679891,60
527808,370.0644399780065,41
527848,360.83829615540515,40
527890,379.1586136485371,42
527922,287.0745603417474,32
527963,370.7081948926876,41
528002,352.4538037813438,39
528041,351.824187055074,39
528085,398.5746650394493,44
528123,341.99237453592906,38
528174,463.7011101935306,51
528212,342.4793875484247,38
528241,258.30967516646496,29
528276,314.71013529098923,35
528309,295.4658626617119,33
528339,267.82445173634494,30
528361,193.9259304574478,22
528395,304.9354215910485,34
528431,324.0235136508892,36
528480,445.63055432295766,49
528530,453.6005415327197,50
528573,388.30319625686286,43
528610,333.41756564938134,37
528654,397.37267774154697,44
528715,555.7011872953899,61
528789,678.7422435145058,74
528838,441.58960194743344,49
528894,511.4370014040063,56
528945,464.50387142887587,51
528993,436.58169317520856,48
529020,239.97195947644616,27
529063,388.18516796609475,43
529105,379.7810018731787,42
529151,417.26959167155405,46
529189,342.6339996160254,38
529219,268.12810090877247,30
529262,388.2237101403587,43
529302,359.1891354094123,40
529380,716.4646272016827,78
529412,287.0036979119389,32
529499,799.4700857755153,87
529537,342.3949945978445,38
529588,462.38629470149067,51
529642,490.83894123598355,54
529702,547.2136629594893,60
529748,416.9672864791614,46
529811,573.9255369320429,63
529888,706.4212578850057,77
529923,315.68977305745534,35
529957,304.46724017519625,34
529987,265.56117998825187,30
530046,538.765531684031,59
530085,351.50975746617877,39
530153,621.3936251591314,68
530191,342.48392967421813,38
530223,286.71347367348415,32
530283,547.4517642750114,60
530319,323.54344930235163,36
530348,258.4210929692396,29
530388,360.25815252454504,40
530428,360.5800059554211,40
530490,566.720803020708,62
530536,417.20080859532595,46
530563,239.9010992602819,27
530589,231.2265943155224,26
530627,342.7487562420227,38
530674,424.2108445734266,47
530735,557.1783458132535,61
530765,267.5391045516446,30
530837,660.1885836329521,72
530879,379.697488057971,42
530908,258.91398925132086,29
530949,370.7517686154922,41
530975,231.52607324316622,26
531024,445.02450479768,49
531049,221.2397736955004,25
531071,193.84441186214016,22
531102,277.7301766522004,31
531126,212.15364653397253,24
531150,212.10081158431322,24
531185,314.8840584346278,35
531241,510.05575327590486,56
531295,492.1277690995236,54
531330,312.69766365731414,35
531360,267.854613190323,30
531403,388.7055622698911,43
531449,417.32378767939775,46
531471,194.04219100102273,22
531511,361.76449022832304,40
531560,445.5072923132485,49
531623,574.22786384601,63
531661,340.4371876864982,38
531690,259.0144905084717,29
531724,305.4246855289792,34
531778,491.71314498106995,54
531805,239.49264009092923,27
531833,248.56464050620508,28
531860,239.61652781287665,27
531912,472.9426741086453,52
531958,412.7441261626959,46
532009,463.6167377897486,51
532037,248.52538501665285,28
532077,361.89974742705056,40
532115,342.95719089846074,38
532161,417.50952417707174,46
532220,539.1133672405487,59
532273,482.87162840475656,53
532314,370.1980907299093,41
532343,256.27006601076573,29
532382,349.39785249276275,39
532408,230.9321370367709,26
532455,425.44688232907833,47
532502,426.5339938225945,47
532555,481.8141939690515,53
532593,342.45822831517006,38
532630,331.5752995465031,37
532680,452.9518930044029,50
532712,286.5450215268459,32
532747,315.02939478059966,35
532795,436.1302285403349,48
532817,193.86962386395237,22
532840,202.25212746129463,23
532887,426.83419328717235,47
532931,397.5953439323022,44
532993,566.7965574798233,62
533025,286.9878261181454,32
533076,462.8373092667875,51
533125,444.2726230800149,49
533163,342.90722941516964,38
533226,573.68201468945,63
533308,753.154042135906,82
533357,445.132584226134,49
533399,380.20977223245796,42
533449,455.28317365866855,50
533486,334.33968681507577,37
533513,239.81577677409635,27
533552,351.83886086047613,39
533597,408.21536932810324,45
533650,482.2784208742416,53
533698,436.22786535382653,48
533733,314.0372549447569,35
533768,315.02262377371545,35
533795,240.0793171397827,27
533828,296.17396172515714,33
533876,436.28122559347025,48
533928,474.1769399400662,52
533992,584.7559528447881,64
534031,351.7814523865912,39
534073,378.3407783547777,42
534099,229.2323342381802,26
534127,248.729020219103,28
534159,286.0746031119611,32
534213,491.2740145753527,54
534245,287.2021934921805,32
534287,378.2054654811458,42
534321,305.37822485536395,34
534352,277.59545442608703,31
534380,246.63768457889955,28
534417,333.6374422228184,37
534444,240.23026915860365,27
534484,356.9698417953933,40
534530,416.9959507880992,46
534553,202.30588417195224,23
534628,687.3356148192967,75
534697,631.1513179965689,69
534729,286.3914233708357,32
534784,501.4448050028929,55
534823,352.30254465786567,39
534850,239.94477975718638,27
534906,510.89867967719675,56
534935,258.24297475814416,29
534974,352.38351820923674,39
535024,454.01549533346963,50
535059,312.00468456054585,35
535110,464.09897054172643,51
535154,399.6860202013655,44
535201,427.2763354950548,47
535228,239.89242126364422,27
535254,230.30402408280315,26
535286,287.56476669886797,32
535334,434.82741494351865,48
535390,511.7973541017515,56
535455,593.7010742383209,65
535546,838.3752163101659,91
535568,193.7336783147772,22
535622,489.80297895420256,54
535655,295.5419002846668,33
535711,510.9805915694809,56
535752,370.9741024469061,41
535777,220.95807006126174,25
535809,285.78541170886433,32
535897,808.531460318536,88
535956,540.1823105148809,59
535988,287.0357336143115,32
536068,733.5588329996237,80
536136,622.668421051791,68
536199,575.9205887658517,63
536249,454.2229319979867,50
536298,444.657611496896,49
536326,249.32287143840574,28
536360,304.0603447846424,34
536405,406.89419556356006,45
536463,529.0643310060159,58
536519,509.7059200213879,56
536580,558.2188032760621,61
536647,614.0980259344057,67
536691,396.67425043941194,44
536718,239.77257371972334,27
536744,230.2574167218029,26
536780,324.635885279554,36
536839,538.587520819138,59
536894,502.1655281963893,55
536968,678.4893311742334,74
537015,427.0168495398795,47
537040,220.65296544698717,25
537088,435.6039242218311,48
537130,380.7612746414759,42
537189,539.407982847783,59
537217,249.7686124820219,28
537256,352.3484944791951,39
537302,417.4214592092241,46
537376,679.2608687141253,74
537422,418.27627747426146,46
537447,221.32684248212556,25
537504,520.7076908585697,57
537533,258.692093269027,29
537560,240.2809788163032,27
537602,379.7768216265016,42
537640,342.702131078461,38
537673,296.5301320319997,33
537696,202.10638013486977,23
537729,296.2566202100102,33
537763,305.78054202086685,34
537819,510.55924524968054,56
537857,343.0656316383309,38
537889,286.81826674701216,32
537930,371.5695357701083,41
537963,296.33814732069186,33
538012,445.5321703424659,49
538061,445.97804563045236,49
538090,257.10993634249166,29
538116,230.87027551956376,26
538142,230.05115441155988,26
538165,202.85812206381317,23
538219,492.6890264602431,54
538285,602.9738439263753,66
538317,286.8005545977502,32
538381,585.6797607091656,64
538417,324.54784088875857,36
538453,324.64136862760193,36
538490,333.64894732590545,37
538555,596.2909212410196,65
538582,240.37132944323614,27
538620,343.25218694691176,38
538677,519.3058555348808,57
538728,463.87413655042,51
538784,509.4030660670724,56
538812,249.4374968162086,28
538869,520.851366001262,57
538937,620.3405561196831,68
538961,211.9751446228558,24
539018,521.0859677827203,57
539069,462.57190445198717,51
539096,239.9189698445165,27
539174,716.5631479466387,78
539248,679.4206733083564,74
539272,212.4445268275184,24
539329,520.6756207285026,57
539395,605.1081451079931,66
539477,754.0726900010138,82
539526,444.34445597411326,49
539550,212.09063708360517,24
539609,538.3274871808288,59
539675,604.5366846384815,66
539722,426.9470658222555,47
539776,490.27595775088747,54
539841,595.1818465483276,65
539869,249.02758353326203,28
539924,500.412039709731,55
539972,434.8157090617337,48
539998,230.33420484713713,26
540057,539.3989748331371,59
540082,221.55092508473342,25
540153,651.130247104183,71
540209,511.12233156055294,56
540240,277.61989107714805,31
540295,500.5690011052338,55
540351,511.40565170701746,56
540444,856.8436207584427,93
540491,425.9633176064153,47
540576,781.8396401342825,85
540656,735.4934211427923,80
540684,249.94306076850305,28
540789,969.1462626971535,105
540927,1277.9877342833406,138
540988,557.568217225366,61
541029,368.9363417010072,41
541105,697.3036005490798,76
541136,277.86205110163195,31
541201,596.176890979378,65
541226,221.58635849359086,25
541362,1258.7722575178618,136
541404,378.7714439674236,42
541479,689.0879923133049,75
541521,380.56836737507496,42
541548,239.56645211029647,27
541620,660.7392366821588,72
541678,529.5252904666426,58
541790,1034.1406531850234,112
541901,1024.7817300552263,111
542001,919.4625781134638,100
542066,593.9721117018931,65
542123,519.1299434070378,57
542186,576.2139791731493,63
542345,1473.7968744978277,159
542380,315.13666958836956,35
542518,1277.1388111905453,138
542764,2288.078858652714,246
543063,2783.82530309533,299
543099,324.4648725046663,36
543132,295.83131154939156,33
543224,847.7282754994874,92
543462,2213.717107117969,238
543527,593.8376134539208,65
543709,1688.9713786406483,182
543848,1286.8581553018705,139
543887,352.21392917415125,39
543924,333.3645872567361,37
544051,1173.3675741164225,127
544143,847.7931177902831,92
544178,314.6133737416548,35
544340,1501.357933612091,162
544435,875.3305309114114,95
544720,2652.2353474087868,285
544809,817.77393906758,89
544903,865.2552077465134,94
544957,491.0519570732099,54
545165,1930.9007289987824,208
545202,332.89953746366285,37
545246,398.86625647215675,44
545301,501.3260773711958,55
545378,705.7513348267862,77
545411,296.1037480781613,33
545467,509.93741903534055,56
545553,791.4961951557723,86
545581,248.8439456851975,28
545649,620.1885260083957,68
545751,939.6353278347859,102
545830,724.6851443791944,79
545898,622.6123814909075,68
546325,3978.4953944554095,427
546597,2530.6068882300956,272
546721,1146.6496960660334,124
547721,9357.639734085265,1000
547789,621.9933856573828,68
548789,9358.2239094333,1000
548946,1456.0910049138863,157
549026,734.9524108724977,80
549262,2193.1220254743916,236
549303,369.23987967293135,41
549477,1614.9538039679585,174
549570,856.9571472767201,93
549638,622.3308677872869,68
549677,352.0893772396508,39
549793,1072.095155623902,116
549830,332.78120025836796,37
549884,492.4295945832566,54
550012,1184.2002651046837,128
550054,379.77473404368845,42
550136,753.7992728396962,82
550233,893.9010847992517,97
550272,351.8277755954566,39
550335,576.3079972486012,63
550419,771.6766623639136,84
550525,978.0675742840742,106
550582,520.6751629158008,57
550648,603.7728124772331,66
550737,819.6332201052886,89
550803,603.4206891543328,66
550846,389.1261702073786,43
550895,444.70135765124496,49
550970,689.1799136276773,75
551011,370.2110430976513,41
551081,641.9233355593767,70
551121,361.3909315806236,40
551200,726.5183440395188,79
551306,978.6714153664154,106
551348,380.1596828271779,42
551467,1100.9591209359014,119
551540,669.7082495954298,73
551581,370.9207444873979,41
551668,800.387888867483,87
551719,464.438368714553,51
551765,417.04925080491574,46
551841,697.3112839314405,76
551891,454.8504610821165,50
552013,1129.0031480270652,122
552183,1578.3305628342882,170
552229,417.31956088749405,46
552270,370.3068023404251,41
552349,726.5504609892108,79
552436,800.7400241648025,87
552576,1297.516290239005,140
552673,895.5892374695115,97
552735,567.1450378733796,62
552785,455.10646436673505,50
552823,341.58928641444083,38
552881,529.7232345576613,58
552959,716.772028366556,78
553959,9357.325397945242,1000
554959,9358.024523154125,1000
555084,1156.1743090790937,125
555138,492.2269214541824,54
555213,688.0284236954465,75
555294,744.8741999840512,81
555380,791.5301149560423,86
555476,884.7302058811113,96
555529,483.0823952708083,53
555627,903.8804696165041,98
555674,426.3464141084876,47
555721,425.89398294033253,47
555753,285.6481762002573,32
555812,539.361003599033,59
555895,764.0480686933624,83
555985,829.3224826774883,90
556034,446.14632140875295,49
556160,1164.882198381903,126
556196,323.7729952499081,36
556241,408.4216290989829,45
556330,820.1350031922565,89
556365,314.27418990667667,35
556430,595.0401762020475,65
556496,604.7033164147841,66
556540,398.48935457334085,44
556605,594.4460621137396,65
556656,464.22769662629696,51
556712,511.34507416524036,56
556788,698.838492290196,76
556823,314.43376836055467,35
556917,866.199302163464,94
556971,492.8036444503346,54
557015,398.77403197268495,44
557094,726.4610285173694,79
557117,202.38004087948235,23
557156,352.1167048923606,39
557193,333.1060541438182,37
557236,388.20037338904,43
557287,464.64941609892537,51
557329,379.6089938128632,42
557383,492.5649191077583,54
557436,482.44442933993537,53
557490,492.45562904574336,54
557523,296.0001391153655,33
557565,380.3466635105805,42
557616,463.76399154398973,51
557651,315.1806026714295,35
557694,389.4543205071961,43
557741,427.64350715350866,47
557779,343.0771013588776,38
557830,464.7990639212986,51
557882,473.9867433871895,52
557931,445.7730528625449,49
557972,371.15339251172685,41
558007,314.99801944482954,35
558060,482.91351366621006,53
558110,454.772391113253,50
558145,315.0530599496555,35
558179,304.8143402263456,34
558231,474.3343324528405,52
558285,491.98990365418285,54
558343,529.1774737794332,58
558414,648.5850192390379,71
558459,408.6951744083563,45
558505,418.20976787424496,46
558552,427.36126536970556,47
558590,342.94689544411847,38
558642,473.55451880575697,52
558667,221.51927515574567,25
558709,379.8857818423774,42
558752,389.7508497074263,43
558790,343.4475147675819,38
558838,436.65489309993495,48
558869,277.7150534716574,31
558928,538.7590895517376,59
558964,324.20745548409843,36
559010,417.6586983655082,46
559046,323.5300552922662,36
559088,379.6500067530584,42
559145,520.1736091119478,57
559183,343.16094974004017,38
559229,417.96156760757054,46
559264,314.73292689239327,35
559309,408.1279690875567,45
559353,398.89865454928565,44
559378,221.3691766085457,25
559421,389.80438794454983,43
559449,249.253411771204,28
559490,371.0510003171763,41
559535,407.19609925782026,45
559597,566.3221040261641,62
559639,380.5119916958307,42
559679,362.0449246493783,40
559724,408.23529049877243,45
559756,286.68652529709016,32
559793,333.8704845510324,37
559830,333.4275929420959,37
559861,277.5871216144956,31
559896,313.5865117949769,35
559942,417.1849692984964,46
559982,361.294750520919,40
560027,408.0871960695639,45
560069,380.1495169660717,42
560099,267.98888077787285,30
560138,352.3349609370042,39
560183,408.4363562248329,45
560224,371.1877836440291,41
560270,417.69084279768566,46
560314,398.2015421716899,44
560355,370.50106085850683,41
560398,389.0725256510771,43
560437,352.421637314147,39
560481,398.06136138177516,44
560522,371.5303640602107,41
560559,333.5377996108682,37
560600,370.3824133850411,41
560640,361.22645945748764,40
560678,343.0307122012406,38
560720,380.49525470627435,42
560753,295.35927558713934,33
560796,389.3169974129748,43
560829,295.4520070071563,33
560862,295.1304806300845,33
560897,314.7147263950487,35
560935,343.1427907662768,38
560980,408.4831761865946,45
561017,333.2091229026052,37
561056,352.1170659746761,39
561103,426.9179043942601,47
561142,350.9677771592672,39
561180,342.5017535060727,38
561224,398.95690812678566,44
561272,436.7689538195615,48
561314,380.0165506552795,42
561369,501.8274744562543,55
561425,511.40508192629494,56
561462,334.0161712604307,37
561504,378.60851209310664,42
561559,502.15382284113423,55
561617,529.7358485112824,58
561675,529.5943693287372,58
561720,408.27970228579363,45
561776,511.4312254842264,56
561816,361.7771970286025,40
561873,519.4647522362126,57
561926,483.5469969864669,53
561974,436.4849846233177,48
562020,417.1629433841298,46
562077,519.4127344927105,57
562108,277.4158351683935,31
562162,492.52635887725995,54
562221,539.6642436046242,59
562248,239.70904856974562,27
562278,267.8512454275157,30
562319,370.4876891232917,41
562375,511.00967401624075,56
562413,342.9393156219983,38
562452,351.9142374374076,39
562501,445.93330683447766,49
562553,473.34331820722747,52
562592,352.48885486458266,39
562632,361.590336580719,40
562673,370.7005458949318,41
562726,483.15801722681914,53
562752,230.53346806514065,26
562785,296.40475680552436,33
562840,501.93017625027153,55
562876,324.48367663800695,36
562939,576.0307405637255,63
562981,380.6516024542903,42
563018,330.86669166028173,37
563077,539.034153656469,59
563114,333.80137320435773,37
563166,473.87217665206623,52
563222,511.4661449494833,56
563265,389.59947597568174,43
563321,510.63284888989,56
563373,472.66681983168314,52
563446,670.3148166809864,73
563522,696.2409701191248,76
563549,240.11300681493654,27
563607,529.9436195189669,58
563638,277.1076376231156,31
563680,379.63791682919754,42
563733,482.87749925794105,53
563804,651.6668014906197,71
563844,361.054279638902,40
563898,492.3665742394801,54
563945,426.72260661013405,47
563990,408.66039335737554,45
564054,585.966865062728,64
564097,387.1359594737771,43
564174,706.0055373317613,77
564253,726.12916359825,79
564309,510.8565876751938,56
564346,333.4495628818196,37
564398,473.09080689360536,52
564440,379.55514861335797,42
564505,595.0317978881733,65
564548,388.99239861540275,43
564611,576.0577221986792,63
564679,623.7186329435505,68
564715,323.87416687748606,36
564781,604.4790457421246,66
564813,286.5229283415207,32
564870,520.2664618300486,57
564933,576.9993045660899,63
564964,276.7891539496889,31
565006,380.0935010514761,42
565074,623.3721112933335,68
565133,539.474322571557,59
565198,595.4771263300185,65
565248,454.7592296885009,50
565288,361.5282160756271,40
565336,436.17425972914714,48
565368,286.7678004002182,32
565399,277.923153647268,31
565440,371.145299899493,41
565498,528.6635592277371,58
565537,352.0939899736655,39
565589,474.52872134899945,52
565632,389.638432527096,43
565685,481.5551139903837,53
565717,286.492381821283,32
565779,567.123312697339,62
565833,492.1747674661335,54
565862,258.9937209627912,29
565929,613.5049470114473,67
566042,1042.7472639759305,113
566089,426.4127301738652,47
566124,314.26505221488094,35
566182,528.0359147671442,58
566238,511.438966058991,56
566272,305.5772543801499,34
566333,558.6678925082498,61
566398,593.4908561534927,65
566468,640.8628372040439,70
566543,688.2450293505352,75
566583,361.6908531284578,40
566637,491.64869025614973,54
566679,380.7043766639691,42
566738,538.7163994303409,59
566763,221.57321493522196,25
566816,483.2849554058169,53
566856,361.14474928890456,40
566925,633.114806083904,69
566982,520.7313361385955,57
567031,445.45933355867743,49
567076,408.5928412254916,45
567148,660.0415311906274,72
567181,296.65765409117796,33
567228,426.45360237037215,47
567279,464.50738664293937,51
567324,407.56245237096226,45
567358,305.01684922186666,34
567388,268.12942633642893,30
567433,408.1141177462988,45
567548,1061.1352646726584,115
567588,361.4152766425535,40
567669,743.2432901609362,81
567790,1118.9456784203558,121
567820,268.41942397021415,30
567855,314.80333397677714,35
567910,501.6622233892374,55
567989,726.0450409620768,79
568169,1666.113700575952,180
568234,594.6915904406421,65
568267,295.9770349576465,33
568303,324.642135083116,36
568350,427.3393596054984,47
568382,287.008724257561,32
568410,249.2091313406548,28
568447,333.14972867711197,37
568485,342.6748321868594,38
568522,333.1810061232488,37
568564,379.825862111909,42
568605,370.26859712409555,41
568701,883.874390979528,96
568733,286.05599842568887,32
568808,687.5787654267434,75
568875,612.8200445509482,67
569020,1340.920666740581,145
569050,267.7820225752738,30
569094,398.56714592062576,44
569164,641.491375160931,70
569225,556.2923145703456,61
569261,323.76246960523133,36
569294,295.7166040111596,33
569320,230.47661952292765,26
569352,286.1266220539797,32
569383,276.76009275027957,31
569424,371.0755686486127,41
569470,418.4014539597228,46
569514,399.29519816609127,44
569563,446.4401048486743,49
569600,333.462089064517,37
569636,324.66824579391135,36
569705,630.1713534086633,69
569733,249.67612723015586,28
569757,211.7844508941092,24
569803,417.76821731596414,46
569866,577.384569099853,63
569894,249.6105083209687,28
569951,520.4739622776751,57
570021,642.3164409048608,70
570074,483.5016114253604,53
570134,549.5220880892572,60
570181,427.5907631066813,47
570241,549.4700041884878,60
570281,361.33957256639906,40
570316,315.0888222102192,35
570349,295.9077621862702,33
570409,549.4682807275032,60
570478,633.5073159799889,69
570534,509.91964427616125,56
570563,258.7032997724111,29
570598,315.4887868800833,35
570632,305.2306498056995,34
570689,520.5018268862178,57
570715,230.69916829743232,26
570780,595.7329319551571,65
570835,502.36226782183536,55
570857,191.81955507730896,22
570885,249.22415076076365,28
570919,306.05886971268825,34
570976,521.3522262068415,57
571022,417.71403476514456,46
571053,277.58253778659076,31
571099,417.9275428922752,46
571126,239.41420632098465,27
571178,474.3428392799468,52
571203,221.12673927032452,25
571269,604.8050970864515,66
571331,567.7447444766145,62
571376,408.3058213601297,45
571416,361.3651345863501,40
571456,361.57388982319065,40
571493,333.88836903967814,37
571568,688.9605398283967,75
571621,483.0752669563667,53
571646,220.77472516066769,25
571695,445.44444914400555,49
571725,268.4728123192801,30
571763,342.80475435057434,38
571812,445.85648813519214,49
571849,333.61558809513434,37
571956,987.3586595129669,107
571978,193.27737988792217,22
572053,687.9430414498875,75
572103,454.75532524835614,50
572188,782.0412081361957,85
572214,230.5953236511508,26
572245,277.56249787125745,31
572275,268.2411182603735,30
572302,240.06195623748584,27
572332,268.1515622934679,30
572366,306.03361864988807,34
572400,305.581917942987,34
572433,296.0303603498774,33
572472,351.6728053692307,39
572497,220.76436068028417,25
572587,828.8226486031783,90
572635,436.9974500195446,48
572682,426.86425602279274,47
572716,305.4839944162221,34
572777,558.4425117592855,61
572805,249.65359068149615,28
572850,408.5903040209132,45
572878,249.60112509639777,28
572913,314.54809404877614,35
572947,305.6205450334333,34
572981,305.6669685102057,34
573027,417.5405807939754,46
573052,220.71805050737666,25
573086,305.66460497450606,34
573117,277.2065604848955,31
573183,605.1269793790752,66
573214,277.3432016410245,31
573302,809.8408014449843,88
573382,734.2019956298774,80
573405,202.62534557181877,23
573449,398.60103178397253,44
573492,389.5993781269612,43
573544,473.7826413994229,52
573626,755.0244103327213,82
573730,959.6249674972005,104
573758,249.3291058560293,28
573803,408.42287717381856,45
573851,436.3235278956388,48
573882,278.02641008813265,31
573909,239.51745849121883,27
573941,286.64055414129456,32
574065,1148.1382750101825,124
574099,305.6519660675838,34
574200,932.4765926862956,101
574238,342.95674998699764,38
574276,343.0708347173345,38
574384,996.8306972945268,108
574483,913.7681012313343,99
574526,390.21431187691667,43
574584,529.5952089263268,58
574654,642.1175797609548,70
574721,612.5305504613528,67
574825,959.2231197936616,104
574860,315.0582630437518,35
574889,258.76483048444106,29
575001,1035.4674247626592,112
575078,707.4137126715285,77
575203,1156.9043135753634,125
575237,305.78247506672454,34
575341,960.5512472133413,104
575381,361.9554595866751,40
575413,286.54942508195546,32
575444,277.8396368775651,31
575489,407.2782207323409,45
575908,3905.899716335944,419
576227,2968.360532632263,319
576261,305.4763275134168,34
576292,277.44006843182257,31
576347,501.46467241130506,55
576415,622.7148541787061,68
576502,801.0443135705736,87
576546,398.3598709809314,44
576790,2269.571005855703,244
577021,2147.5439197051137,231
577089,623.5196122533749,68
577354,2465.838045879311,265
577604,2326.075773441186,250
577740,1258.0316391264064,136
578740,9359.800081628651,1000
578957,2016.227545699374,217
579658,6548.850427443054,701
579705,427.4725592527428,47
579802,895.5880954291729,97
579856,491.9439020895611,54
579891,314.4772294927165,35
579941,454.03181589888715,50
580021,736.8684146751863,80
580131,1011.8390005676918,110
580159,249.21432604688698,28
580194,314.8041366457259,35
580289,874.5716424608244,95
580374,783.0068150888734,85
580456,755.4536579733211,82
580522,604.3360157117218,66
580610,808.492155692704,88
580695,783.1340887153725,85
580723,249.26322330090824,28
580815,848.5378247796338,92
580890,689.3180055016755,75
580955,595.9258933869613,65
580985,267.84799961463006,30
581031,418.1031026171192,46
581123,848.328407192685,92
581155,286.1999809120337,32
581212,520.6639914049356,57
581241,258.8294733101581,29
581300,540.071337100374,59
581366,603.5119986610499,66
581422,512.0707995769427,56
581466,399.32030265752195,44
581494,249.2255488303751,28
581559,596.0505963594096,65
581608,445.43894398097865,49
581645,333.98975313650635,37
581684,352.10754371506135,39
581722,343.0109042780067,38
581770,436.1744428573505,48
581807,333.35489702946325,37
581846,352.97580874533907,39
581894,437.1875024455517,48
581948,493.0027521482873,54
581988,362.00524401714,40
582022,304.6215241360824,34
582051,258.65965651669546,29
582080,257.96049174584186,29
582150,643.2199474590317,70
582193,390.2289546771635,43
582237,399.8180466108117,44
582270,296.23688696380924,33
582330,547.8049978715309,60
582358,249.3611630494514,28
582418,549.3440244214967,60
582475,521.1307639977589,57
582532,521.4365229003294,57
582635,950.0938582095863,103
582670,315.73613098248546,35
582764,864.8496186011963,94
582835,650.7372155243683,71
582885,456.2255602903103,50
582918,296.86196657466166,33
582967,445.6684186848959,49
583006,353.06913119856955,39
583048,379.07560800753424,42
583183,1248.5680368948795,135
583212,258.7261403963358,29
583251,352.2329721204215,39
583296,409.4064493990333,45
583349,484.31053722020994,53
583433,773.0160024529022,84
583479,418.381849483866,46
583506,239.31749808361965,27
583548,381.09525627698844,42
583632,770.3952546773603,84
583698,605.0964346003216,66
583730,286.5879321210615,32
583804,677.6174496682098,74
583833,258.5748324073268,29
583879,417.5525705695516,46
583922,389.83215548540585,43
583973,464.4239068190165,51
584006,296.9441747048214,33
584039,296.48636343204714,33
584083,399.5248148556001,44
584115,287.0890320206692,32
584158,388.47808425936614,43
584199,371.7530754252087,41
584224,220.89264657166888,25
584262,343.23967273590546,38
584297,315.5831145913798,35
584326,258.73082629694414,29
584374,436.5328021153476,48
584404,267.7265109075706,30
584447,390.16981013531057,43
584490,390.12672254272246,43
584529,352.64792669954716,39
584565,325.17679825455195,36
584646,743.1400649088309,81
584674,249.33609328024377,28
584718,399.5337300549974,44
584769,464.6510628640201,51
584808,351.0430406494641,39
584833,221.7563093852129,25
584865,287.15023811313233,32
584902,333.87988893469554,37
584963,557.3754662054348,61
584994,277.99159544654486,31
585030,324.59196702165065,36
585050,175.1533330308271,20
585087,333.9407581920182,37
585128,370.508926732556,41
585169,371.4503969236647,41
585209,361.9296982168053,40
585260,464.2752166692458,51
585328,622.191187651502,68
585356,248.4031345176146,28
585388,287.2050853165884,32
585415,240.73510896454235,27
585468,482.3108112220624,53
585517,446.0231369824551,49
585561,400.034571321856,44
585596,315.2436647427943,35
585640,399.55878692476415,44
585694,490.3426432797903,54
585715,184.0658432639312,21
585740,221.21799407913957,25
585772,286.41409272564385,32
585797,220.93091086039837,25
585822,220.41870846205808,25
585858,324.2534447641362,36
585894,325.06931220152126,36
585915,182.25005817452816,21
585946,276.6753440489674,31
585963,147.2244111658981,17
586010,427.6232231879494,47
586052,380.12523957641037,42
586084,287.58205694309186,32
586120,324.0612231443871,36
586156,324.5839559637309,36
586192,323.89371780403826,36
586227,314.21009134587393,35
586257,267.4424059136803,30
586275,156.68046211697362,18
586307,286.5260470704066,32
586339,287.4188107178177,32
586373,304.62450254778344,34
586436,575.7646172174817,63
586476,361.1796883946942,40
586506,267.1172505848957,30
586529,202.10982265769007,23
586547,155.68533565429138,18
586567,173.65934946702313,20
586605,343.3467122584398,38
586630,221.2354646515067,25
586663,296.158210622957,33
586688,219.95195302483592,25
586721,294.47676002487714,33
586746,220.02650154754195,25
586788,380.0248390434228,42
586808,173.79487516859524,20
586827,164.65353740728614,19
586859,285.8821471592321,32
586909,455.03872045464936,50
586929,174.88532696869765,20
586968,351.9200281169967,39
586991,200.90274951500615,23
587028,333.97499695203487,37
587049,182.73635553940818,21
587085,324.60087229939336,36
587117,287.2112311452232,32
587150,292.9459586745262,33
587191,369.48122787735855,41
587218,240.16958987796926,27
587255,334.16550359544766,37
587287,285.43079803782535,32
587315,249.72071638674228,28
587359,398.8144874450752,44
587389,267.1964836283485,30
587416,239.38524009528433,27
587442,230.429308679665,26
587479,333.2820186566685,37
587512,296.4901220135714,33
587540,249.3743331041142,28
587574,305.83160628647784,34
587607,296.0264163018338,33
587649,380.1622511552303,42
587683,305.31816223848654,34
587736,482.3253687669781,53
587765,259.1686953844924,29
587798,296.14917146839537,33
587838,362.38043070552766,40
587884,418.05460518401213,46
587922,343.2372944209877,38
587950,249.25033366982765,28
587981,278.2385430608471,31
588035,492.355471918059,54
588077,380.9509693282275,42
588119,380.1668146113875,42
588156,333.48440436466024,37
588181,221.55607928916046,25
588250,631.8574029612662,69
588279,258.1158028856871,29
588342,575.716806818282,63
588358,136.8228612824708,16
588387,258.8787723152092,29
588427,361.5295260195119,40
588464,331.16423237124036,37
588498,306.4206087277101,34
588557,538.5215420457334,59
588614,519.873865606238,57
588682,621.5230466641125,68
588730,436.055849962917,48
588764,304.73808852168986,34
588821,519.1211285867591,57
588854,296.10462529453497,33
588896,379.6628219802489,42
588937,369.908143983923,41
588976,351.664831052176,39
589030,492.20501836650794,54
589070,362.02981387528354,40
589108,343.69115471265656,38
589147,352.9465306085006,39
589179,287.4471843865153,32
589203,209.61614507057607,24
589268,593.5476428039882,65
589308,361.8385244264339,40
589333,221.2026353214714,25
589383,454.58406806170956,50
589406,202.8482809280349,23
589453,425.5900917138136,47
589509,510.6360990820257,56
589555,417.4667822907989,46
589608,482.1068538878015,53
589647,351.676755144443,39
589685,343.38204663603875,38
589716,277.66914582862836,31
589747,277.28219073526293,31
589779,286.4529790955058,32
589815,325.12772706194215,36
589861,414.96964229321003,46
589907,417.0717894745441,46
589967,547.7461838578653,60
590010,389.211473616495,43
590062,472.54067867564015,52
590089,240.14477483878926,27
590121,287.24530299810226,32
590154,296.19280740366895,33
590200,417.3693782606281,46
590238,342.91745072413653,38
590267,258.63603983015133,29
590294,240.22285202525978,27
590324,267.9468354801084,30
590354,268.4653435557632,30
590391,334.0669727693116,37
590426,314.48212159903875,35
590477,463.922718618843,51
590530,482.88306546362116,53
590562,286.87220743965185,32
590602,359.8296031068061,40
590635,295.49560411371215,33
590658,201.9990915108948,23
590700,379.7998369149467,42
590744,398.6041263303727,44
590796,473.8831575580375,52
590825,258.7578388589423,29
590854,259.59011314305945,29
590886,287.7544345882078,32
590905,164.36760420067992,19
590939,305.8252571126036,34
590976,333.94624309428104,37
591020,398.9354290036578,44
591068,435.8951255210478,48
591107,352.55182940022206,39
591144,333.05547994052745,37
591179,315.75209726220584,35
591218,352.30835849326076,39
591265,427.08061636330814,47
591295,268.6523575697295,30
591326,277.93405130977203,31
591361,314.95845421864317,35
591383,193.6130009895205,22
591413,266.7842414386376,30
591439,230.14717861774997,26
591458,165.75474418134095,19
591484,231.2118126762689,26
591521,333.85463679795487,37
591551,268.3339944975392,30
591581,266.4302229678259,30
591611,268.96773138677855,30
591653,378.37677035074944,42
591695,379.8270484210524,42
591728,295.62841785423655,33
591747,165.38480018663623,19
591780,296.03944956885437,33
591813,296.46278948033165,33
591871,528.7660651487212,58
591897,230.0216073276323,26
591930,296.24778167079126,33
591966,324.1157733947917,36
591979,109.61996176321291,13
592011,286.84002349475446,32
592052,371.244033467637,41
592076,210.9369242145949,24
592114,343.118413113946,38
592146,285.1606690671244,32
592184,342.7682650449527,38
592218,305.3169353589333,34
592246,249.71140232938126,28
592308,564.6934826803977,62
592366,529.3404907730003,58
592400,306.08462818794897,34
592430,267.7310130516721,30
592465,315.18952667411946,35
592502,333.10024404088693,37
592528,230.01450283464087,26
592559,276.46694770956776,31
592611,470.939440788042,52
592668,519.1694983333983,57
592686,156.5262527800236,18
592707,183.6536520933262,21
592740,296.1998347920007,33
592790,454.93145437071576,50
592847,519.9969817167686,57
592892,408.4022007240672,45
592955,576.1321405474382,63
592996,369.9326097685097,41
593036,361.26844826724454,40
593074,342.67466916905846,38
593112,343.16721215788857,38
593163,463.4575026512272,51
593223,547.4424761641112,60
593261,342.08470515385966,38
593298,332.61095234405536,37
593325,240.1328342550475,27
593368,389.9187983996693,43
593427,537.8269943212048,59
593471,398.673974708381,44
593510,352.2551053981371,39
593541,277.4654582966678,31
593604,575.1662239246319,63
593636,286.8614034441414,32
593667,275.5809450553346,31
593706,352.9738652159573,39
593748,380.06275996335125,42
593789,368.99315974233326,41
593826,332.8978594738742,37
593857,276.9097956358802,31
593896,350.8178587305978,39
593954,527.4429408021459,58
593973,165.70172397605072,19
594012,350.48815684951916,39
594092,730.9682506821463,80
594111,165.45737358793124,19
594154,387.2246128612556,43
594183,258.56722604018967,29
594213,268.27179716540866,30
594235,193.56388306747365,22
594260,220.52202013493672,25
594286,229.346419294102,26
594321,314.5466994518386,35
594348,237.1155273522984,27
594396,435.58827272123114,48
594432,323.9571359214973,36
594463,277.62193124540244,31
594516,482.4637485501879,53
594550,304.5848799690739,34
594575,221.10587275345097,25
594621,415.2522181188662,46
594668,426.0431546150382,47
594700,285.95936525260527,32
594727,239.77384386445507,27
594767,361.6848700653778,40
594824,519.1761001189668,57
594868,396.82750549488463,44
594891,203.35848425392885,23
594940,442.16072292097925,49
594979,351.1656821856887,39
594994,128.55146425904394,15
595031,333.6396583664101,37
595067,324.4102367958836,36
595109,379.6719636038603,42
595156,427.01644902478995,47
595180,211.91170732672543,24
595214,304.99621458174346,34
595249,313.9618902546166,35
595281,286.0342888396307,32
595305,212.1664449481586,24
595340,314.72882840185326,35
595373,296.1164773166427,33
595405,285.9761276134137,32
595427,191.31563755360852,22
595455,248.73455748391174,28
595490,314.1694836234871,35
595517,238.9618635190382,27
595564,426.1500069718987,47
595604,361.0732580796545,40
595654,453.7847090404459,50
595679,221.66622575373873,25
595715,323.6902395684585,36
595750,314.0565560222909,35
595784,305.33762140596764,34
595814,267.46818032233733,30
595849,314.312765635241,35
595921,658.7019728769487,72
595964,389.8561371632287,43
595997,295.5932604987834,33
596031,305.0191666845015,34
596074,389.20112230983995,43
596096,192.23768502374338,22
596129,293.1475661383275,33
596148,165.82082089411472,19
596201,481.5064466775308,53
596228,240.0621717078177,27
596243,128.47577400318173,15
596287,396.05416129495944,44
596311,211.53042627906265,24
596338,238.88715949419344,27
596356,156.24444984742283,18
596382,230.24873086030917,26
596405,200.7641678889881,23
596440,313.87295369905587,35
596463,202.08531936957488,23
596494,274.4024138382782,31
596523,258.84604210370003,29
596556,294.57061014370385,33
596572,137.88693139616515,16
596617,407.65799747982203,45
596639,191.38300099508746,22
596679,361.3679143739661,40
596715,323.76029639922825,36
596748,295.4494887972289,33
596776,249.55581486223312,28
596803,239.84219188142512,27
596830,239.76792351766517,27
596868,342.89310906989647,38
596904,323.2802595870016,36
596939,313.0188908662249,35
596973,305.45587290040066,34
597007,305.3966261634522,34
597036,257.4639048911187,29
597063,238.90933993057243,27
597088,221.56661636796343,25
597118,268.2721385046879,30
597147,258.6260096252169,29
597220,668.3942153375082,73
597256,323.8874361220197,36
597286,267.587226940759,30
597307,182.1847037735085,21
597340,296.1315279010442,33
597371,277.5702307508276,31
597389,156.48203250555235,18
597422,295.6852944700776,33
597446,212.10158899788087,24
597482,323.7767204840781,36
597518,322.00029341806544,36
597550,286.54118748047097,32
597578,248.81351152510382,28
597594,137.03974433422792,16
597626,286.145890112639,32
597672,414.1788486310953,46
597703,277.2167463599545,31
597731,248.25945669308484,28
597757,230.72916716166063,26
597787,265.21924889044504,30
597816,257.17298312728985,29
597867,464.4132552775017,51
597906,352.03642004421897,39
597932,230.55512986188356,26
597974,379.2943294736202,42
598016,379.52827314652063,42
598044,245.8280561097719,28
598078,302.30362668657483,34
598112,304.5425525094793,34
598142,267.2662951802904,30
598167,219.63305560373868,25
598201,304.91958736807857,34
598234,295.9496940284219,33
598269,314.39666769210703,35
598285,137.89867971515585,16
598316,277.24512586991733,31
598358,379.37173933007784,42
598392,304.72074918497503,34
598425,295.22459178446354,33
598458,295.90368649407725,33
598488,267.7942685766456,30
598537,443.19422849536926,49
598591,491.8566056339883,54
598621,267.929994542567,30
598662,370.5336223751459,41
598692,267.9621383001882,30
598733,370.93517716691133,41
598762,258.87293188322,29
598794,286.1266656464529,32
598853,537.8552977820646,59
598910,518.4449331404344,57
598945,315.4979650182627,35
598989,398.97496910808,44
599019,267.74155380070556,30
599064,407.6484693915794,45
599105,371.0141407764047,41
599135,266.3624253280014,30
599175,361.0133334920134,40
599219,399.281903705641,44
599242,200.8386261952412,23
599287,408.7753359085168,45
599308,183.93237969301717,21
599355,426.29817908027564,47
599391,323.1073267458254,36
599418,240.23165102473018,27
599453,314.8174779101184,35
599501,435.10431222742824,48
599531,267.67203199790987,30
599554,202.6355707021525,23
599586,286.7611734612022,32
599614,249.97422560299452,28
599647,296.1390649150673,33
599716,630.6552868333029,69
599737,180.71333510870005,21
599787,455.02805317749466,50
599815,248.78728346718543,28
599852,333.0907956351521,37
599884,285.8767130652546,32
599933,445.6616717831981,49
599963,267.65551049102453,30
599998,314.60027061170246,35
600020,191.61863716269235,22
600050,265.320614161849,30
600076,230.64153600361166,26
600101,221.69885088778034,25
600128,239.20762953677803,27
600162,305.441768295046,34
600193,276.9585491641586,31
600251,528.0135328824707,58
600279,249.47394150692264,28
600324,406.68669203994676,45
600350,228.8488808752408,26
600381,277.210262522948,31
600414,295.35260931297944,33
600448,304.3039098596707,34
600476,249.0876812054598,28
600515,351.60327423175204,39
600553,342.64927362947014,38
600604,463.1697229360878,51
600634,268.03935518864915,30
600666,286.9027756247965,32
600709,389.58693609653767,43
600740,276.89310201482283,31
600776,323.8827948154066,36
600805,258.91153842690636,29
600837,286.9628829466716,32
600859,192.97650060630508,22
600927,622.018339611982,68
600957,267.8332212489402,30
600985,249.07528466723195,28
601002,147.29349646070008,17
601035,296.3757722622761,33
601084,445.2538567984625,49
601124,361.19703449440874,40
601152,248.98902244516256,28
601182,267.84945817065596,30
601211,258.39918318470785,29
601257,417.43272390081216,46
601290,295.93696224448126,33
601335,407.6905439788534,45
601398,576.163803494762,63
601423,221.34867835127872,25
601458,313.10503044234986,35
601473,128.1618782283687,15
601496,201.39834625628382,23
601540,397.8632761301909,44
601578,341.8153113931216,38
601635,520.324166784735,57
601670,314.3069927200188,35
601713,389.3350704247764,43
601751,341.854205347228,38
601775,212.17559922990432,24
601801,230.86745955477653,26
601838,332.3330678166456,37
601869,276.73140299886944,31
601887,153.9267582324546,18
601921,305.2873895129333,34
601960,351.79690435950994,39
601994,304.9838699040944,34
602022,249.27256566728337,28
602046,212.06473938040676,24
602075,258.1288416897051,29
602111,323.6443152220789,36
602142,276.1455970302451,31
602170,249.07929748163755,28
602216,416.623401712595,46
602251,314.1704525951673,35
602287,323.6015607563858,36
602352,593.2977202967544,65
602376,211.83786230749595,24
602396,172.61752465202903,20
602424,248.8494340824295,28
602457,293.31744019300476,33
602496,349.71045859617556,39
602514,156.41853058745917,18
602549,314.31477087523,35
602573,211.54011981871116,24
602611,340.1952187081196,38
602646,313.84248906755215,35
602671,221.382295498932,25
602708,330.71777548063494,37
602734,229.05461070775087,26
602761,239.9320442886337,27
602792,274.98919135426377,31
602821,256.1651830546115,29
602847,229.57481596442753,26
602881,304.4142744723652,34
602929,434.8469885755582,48
602948,165.7469518927499,19
602980,286.2575851729135,32
603046,601.9544270768531,66
603084,342.2957327943305,38
603106,192.82544058710582,22
603135,258.3161524915047,29
603161,230.27763926534024,26
603198,332.5180880183577,37
603233,314.0526671716566,35
603274,369.8213616257454,41
603299,220.59450689044786,25
603325,229.8237878377666,26
603386,554.9448676313627,61
603410,210.1265017381515,24
603456,416.2768158345908,46
603494,341.72206495138465,38
603533,351.3865358491984,39
603565,284.6857701548915,32
603593,249.08588658705884,28
603633,360.6803249450758,40
603664,276.74547766420096,31
603697,296.06635774812156,33
603725,247.08297379539673,28
603741,137.6064876512525,16
603781,361.38102353048305,40
603815,304.992517271301,34
603850,314.58398437263594,35
603872,192.10533626614605,22
603908,323.6053236234623,36
603950,379.1576853190595,42
603978,247.0976843245784,28
604021,388.5334931410831,43
604047,229.61881613204113,26
604100,480.95988808597065,53
604122,193.23733191623214,22
604177,499.1305619842629,55
604239,566.8368997922561,62
604276,331.3966451298069,37
604318,379.2688798749938,42
604355,333.61256050834584,37
604388,295.7283583570414,33
604433,408.4551605112569,45
604460,239.44944742701685,27
604486,230.1862978266034,26
604524,341.041439169017,38
604557,296.0197212227008,33
604586,259.05516458991747,29
604626,360.93779652108987,40
604676,454.9668921637846,50
604729,483.1114344872442,53
604759,267.656922747202,30
604792,295.3379369358521,33
604829,332.47796973873994,37
604855,229.13030083895524,26
604882,236.52460164090363,27
604912,268.39184280295945,30
604978,601.8399874928728,66
605015,332.90863327959966,37
605069,490.82384514658315,54
605135,604.145060346506,66
605172,333.1757497273243,37
605215,389.89514459336226,43
605242,239.9644372736103,27
605303,557.02916976548,61
605334,276.36715611058946,31
605361,240.50775827284335,27
605398,333.4180531523406,37
605436,341.85438395131183,38
605464,248.75749902598747,28
605487,201.0744175084165,23
605529,378.4036809758826,42
605597,622.4389119125507,68
605697,919.5634683223948,100
605736,352.275157318246,39
605774,342.6493967537377,38
605807,295.5600575981474,33
605837,267.83724689213653,30
605862,221.4461051238247,25
605901,352.4907258102027,39
605933,286.0794446813168,32
605971,342.95978517622615,38
606017,417.63968705761874,46
606070,483.15304771709975,53
606100,268.0573634086407,30
606136,324.50575231769955,36
606165,258.6179292886217,29
606214,445.78805994430394,49
606240,231.04398186611172,26
606287,426.2229269028577,47
606325,342.3142018953318,38
606362,333.8664195237214,37
606403,371.0888074363199,41
606434,278.3553792419058,31
606480,414.4131710313218,46
606513,296.13487416859766,33
606543,268.859718635739,30
606571,250.30542926261901,28
606603,286.444902307327,32
606633,268.032530465277,30
606682,444.9307348878964,49
606729,426.2929688527486,47
606814,779.6992627518429,85
606846,287.10765049368734,32
606891,407.88299953092417,45
606913,191.50392217649932,22
606953,361.14146854149584,40
606996,389.4471133035027,43
607035,352.2225046594152,39
607082,425.90649386747725,47
607156,677.8040641716753,74
607243,799.3542582305611,87
607296,483.5295592169149,53
607361,594.3142951993158,65
607393,286.8616138227314,32
607436,389.5770818740573,43
607463,240.1979169439889,27
607499,323.94802995947686,36
607536,333.36305982615454,37
607595,536.2380172516149,59
607649,490.5603327212743,54
607700,465.1452806360496,51
607753,483.01900494612863,53
607794,370.9952825889606,41
607849,500.71360700191195,55
607878,259.06786838822495,29
607907,258.35012001760947,29
607942,314.70235052945037,35
607976,304.47032484845954,34
608012,324.85057585548327,36
608041,258.7744335723707,29
608083,378.8189498602092,42
608176,855.6532851870809,93
608205,259.02378374878214,29
608235,268.19123120793796,30
608273,342.590159027971,38
608311,342.1259898721024,38
608368,520.0301777947204,57
608402,305.1474439833355,34
608440,341.60045261957015,38
608474,305.1321843585333,34
608513,351.9707727294004,39
608568,500.13545157167124,55
608603,314.64177515636175,35
608636,295.7095493159454,33
608673,333.1192314259226,37
608707,305.40724625993914,34
608745,342.367410651468,38
608822,705.0851516242287,77
608843,184.07157186827172,21
608878,314.60965522021985,35
608915,332.75418687768797,37
608949,304.32042314063847,34
608988,352.0285883574688,39
609023,314.27711633326976,35
609056,295.9639722389653,33
609082,231.15158778854237,26
609116,303.65692698730095,34
609150,306.11617188955734,34
609182,287.0402471438362,32
609224,380.2208412300573,42
609259,313.75971450261574,35
609313,491.35350069768685,54
609382,627.7710979583901,69
609423,371.0596278614813,41
609468,407.9695806791496,45
609515,427.23811416957784,47
609576,556.7339591682886,61
609640,585.838849420273,64
609666,230.98562064975866,26
609706,361.1183023904705,40
609752,418.13557594815813,46
609787,314.1049051382972,35
609820,296.0086356068456,33
609852,287.40220927189574,32
609909,519.2981940791452,57
609969,547.1583140638419,60
610004,313.809968938239,35
610041,333.1669006688072,37
610080,351.7421209417006,39
610099,165.29595806529778,19
610133,304.27634290906104,34
610160,238.67344277831918,27
610236,695.4725493709894,76
610276,361.197542109721,40
610311,315.01884408845467,35
610344,295.73768646313465,33
610378,306.3085205669087,34
610476,901.8714363776542,98
610534,530.221442288919,58
610573,352.8568648311828,39
610654,743.4282427793836,81
610680,230.44943714632666,26
610725,408.4090673241463,45
610772,427.36689996303534,47
610800,249.66663676603338,28
610827,240.94569601520095,27
610882,499.8472906384574,55
610929,427.27861187323816,47
610968,352.95645856161156,39
611017,445.5456354260666,49
611049,285.2041253452003,32
611118,631.3194581690173,69
611147,258.37708345704743,29
611206,538.9284408371226,59
611248,380.6689577192185,42
611296,435.8176937102113,48
611331,314.7574982025594,35
611365,304.2245168613578,34
611398,295.4598998412144,33
611434,324.6961287361215,36
611492,530.0774665692604,58
611554,565.7795100500232,62
611589,314.5821873010927,35
611623,305.6644853282585,34
611654,276.3379639514175,31
611716,566.8847608879411,62
611740,211.7620761632635,24
611782,380.716320080987,42
611816,305.47935775914044,34
611870,489.9150460110488,54
611896,230.682320204202,26
611944,436.21582343863764,48
612014,641.4414894610658,70
612075,557.8919388707591,61
612126,463.20841737162954,51
612166,361.04097962584984,40
612199,296.71171871234134,33
612229,267.6379683087874,30
612265,323.4830715068193,36
612318,483.0167969753315,53
612370,473.5262730956069,52
612396,230.83891500443406,26
612446,454.0826603127438,50
612509,575.6284245742581,63
612547,342.35814830571724,38
612578,278.2656606287939,31
612614,324.37117638290385,36
612648,305.96922140090015,34
612677,258.50391817339045,29
612707,267.1536468942184,30
612744,332.8608166530235,37
612785,370.3729856891449,41
612903,1086.0025644093691,118
612935,286.71375259035307,32
612969,304.8077208873663,34
613004,314.92037024331637,35
613090,788.7889318260117,86
613122,285.5979626276671,32
613151,258.3556738626596,29
613181,265.8465903941068,30
613255,678.4990477257811,74
613297,379.45520515424914,42
613346,444.9594468344323,49
613396,454.5533136513714,50
613443,425.8787169688918,47
613460,146.92492535328893,17
613512,472.3171720345924,52
613537,220.45887134761546,25
613570,295.8038812302878,33
613608,342.98307679947726,38
613651,388.4148785105827,43
613696,407.60310679678025,45
613730,306.18050935642754,34
613831,928.5707251519513,101
613858,240.44692914608183,27
613908,455.0023379827403,50
613939,277.18420309174894,31
613980,371.09286300347577,41
614012,286.5107706214752,32
614046,305.8428592559103,34
614089,389.25355010742584,43
614128,351.2863170957556,39
614191,574.5271836682199,63
614238,427.0515411148819,47
614273,314.09195709637225,35
614316,389.27056391879256,43
614348,286.80788373534097,32
614406,529.7095860268994,58
614454,435.7611024158677,48
614484,267.44176952665185,30
614544,546.0010985549778,60
614592,436.4655598352336,48
614674,752.2533945169727,82
614753,722.8445037795558,79
614831,714.4929198621887,78
614872,369.98826345631977,41
614926,490.8772273194434,54
614965,351.79814473206494,39
615049,767.8956243518186,84
615091,379.94472757513796,42
615124,295.27581585931335,33
615153,257.7240708511196,29
615189,323.0164774838232,36
615302,1038.4009682198425,113
615336,305.3472489238637,34
615390,490.8825328433368,54
615420,267.2977085336419,30
615449,257.7915478578588,29
615488,351.44955508920003,39
615513,218.9932074984595,25
615543,267.558244101393,30
615558,128.12339059569848,15
615590,286.0244097085808,32
615623,296.3354071081539,33
615648,220.56648856150176,25
615680,285.91970061208144,32
615725,407.8825670446282,45
615757,285.23677900462025,32
615792,314.28223146160167,35
615830,340.2998562549111,38
615849,165.54846749347897,19
615913,584.5651398862896,64
615943,268.61881353936684,30
615985,380.55572868695356,42
616066,742.049727988284,81
616098,286.5084969061106,32
616168,641.4519634148357,70
616211,388.7946418463606,43
616250,351.7696290639329,39
616307,518.1923197559967,57
616356,442.01715725034853,49
616414,528.5932929075994,58
616448,305.1045641951762,34
616485,332.6484056043987,37
616514,258.6340829674378,29
616543,258.14778767805154,29
616593,455.05153968218343,50
616643,453.4310784488021,50
616683,360.0347419930971,40
616711,248.98518228186538,28
616740,258.51460090054354,29
616785,407.2653628598228,45
616832,426.546647309832,47
616877,406.8598353469322,45
616905,249.45303321627853,28
616949,397.9534191307262,44
617010,556.2723770985499,61
617036,230.17366800177032,26
617084,434.13372599904665,48
617120,323.49472780515515,36
617168,434.6958694857218,48
617218,452.92078569007504,50
617279,557.2560564976263,61
617310,277.1616070259478,31
617362,473.4133089390962,52
617412,454.18266016839675,50
617458,416.223929882623,46
617489,277.48927498324343,31
617548,537.9819304788798,59
617601,481.2993905004784,53
617643,379.83186556380787,42
617673,267.82454372447467,30
617713,360.1608961042708,40
617749,323.2248097373756,36
617776,238.02145120440153,27
617838,566.2445726595718,62
617878,360.39441332864203,40
617926,436.64730446252867,48
617982,508.98117858372916,56
618031,444.5561469497783,49
618076,408.0223694473234,45
618141,592.8244948133981,65
618165,210.98887554620993,24
618221,510.0179655194388,56
618249,248.98707580819388,28
618283,303.78947261190996,34
618318,313.945578827512,35
618358,360.37637584760546,40
618451,855.117276024276,93
618506,500.6861758238979,55
618545,351.7346923379009,39
618580,313.86969406012827,35
618638,527.874211505681,58
618661,201.76985956704235,23
618723,565.0342651914368,62
618752,258.6179583906379,29
618786,305.256660942375,34
618828,380.82027681024965,42
618874,416.9450777160005,46
618916,379.9733662117962,42
618960,398.2575091936282,44
618993,293.43813995763753,33
619019,230.70143421733604,26
619051,286.43344059200507,32
619099,435.8773297859595,48
619136,333.2201837046749,37
619164,248.71961334379446,28
619206,378.4652128530116,42
619242,322.4544734883159,36
619294,472.30089840983237,52
619352,526.7584101606876,58
619379,238.04197747525427,27
619434,500.2955451010459,55
619491,519.7285735413933,57
619526,314.5996326911727,35
619555,259.01208015662576,29
619595,359.4128791442787,40
619614,165.55362972285002,19
619735,1114.3290127604364,121
619774,350.6586638345554,39
619825,463.6808637090616,51
619856,276.4249526211084,31
619890,304.5872247454799,34
619917,239.32723096532055,27
619954,332.3395820072045,37
620009,500.39820319540377,55
620049,361.03628724623684,40
620088,350.5084819967729,39
620131,388.1843610470963,43
620168,333.04611160025206,37
620205,332.6959534259269,37
620252,426.1331109950047,47
620298,413.98601739893127,46
620329,275.43781662995536,31
620394,593.0487239713044,65
620443,444.4494179184367,49
620474,276.79055229671644,31
620521,425.85193846731755,47
620541,174.8620352157732,20
620576,314.1672438822444,35
620635,538.2874090884599,59
620717,751.6343071985921,82
620748,277.94950567281575,31
620785,333.43087458872685,37
620830,407.15791899450926,45
620866,324.9194458592439,36
620915,445.3603742719256,49
620957,379.1218590854182,42
620989,286.8511434745527,32
621030,371.35670339482436,41
621054,211.95277732775523,24
621093,352.1283418455786,39
621127,304.7814300043781,34
621160,294.82158617391,33
621185,221.74350012873822,25
621227,380.7350124089953,42
621274,427.0891373245783,47
621315,370.75993164178556,41
621351,323.5768657830581,36
621379,249.8416810216526,28
621412,295.24918387723386,33
621463,463.63033644071453,51
621506,388.56106055301075,43
621552,415.4871688443731,46
621605,482.19440263702944,53
621646,370.7442812106158,41
621711,594.4130776311764,65
621789,715.17950476697,78
621829,360.4164971163752,40
621866,332.32765683900993,37
621889,202.93839585511705,23
621927,342.9770787671478,38
621970,389.2736568514223,43
622009,352.7245797497291,39
622049,360.7879315593494,40
622082,295.4292957535123,33
622116,305.2594785005908,34
622167,463.3667020506502,51
622204,331.19099730631007,37
622236,286.05710732792454,32
622336,918.1393739979577,100
622381,406.30877605507254,45
622435,492.05900134727517,54
622483,435.4543510239618,48
622526,389.19355985141397,43
622556,267.55646378914616,30
622589,294.8081789360708,33
622628,350.1504673457735,39
622685,520.0982840284237,57
622737,472.9190360574269,52
622765,249.1081218010479,28
622796,277.7491336634734,31
622844,435.7954105872083,48
622879,314.4964766934972,35
622964,781.2080682493074,85
623005,371.51710248954976,41
623059,492.7564121874013,54
623088,259.29822936159,29
623130,379.23606354827535,42
623187,519.4558319076704,57
623214,239.47684706757607,27
623241,239.88614761863175,27
623278,333.18226902324295,37
623319,371.1764367801306,41
623362,389.63608227099235,43
623392,267.46425602448426,30
623437,408.147519864923,45
623500,575.1640278185922,63
623567,608.6716791659333,67
623603,324.4577839945914,36
623659,509.50158103818734,56
623699,360.35162731712387,40
623740,370.18150379664826,41
623799,539.3712624170545,59
623834,315.02681044682976,35
623861,239.49563485004344,27
623932,651.5798474140868,71
623963,276.97316424773345,31
624012,446.14122957149897,49
624054,380.6958543210818,42
624105,463.3962178638617,51
624161,511.2262352884896,56
624192,277.82361478157026,31
624234,379.73521043843596,42
624263,259.79953856707965,29
624298,313.6843906024617,35
624326,248.90278159882865,28
624377,463.72832527893036,51
624421,398.63549577185364,44
624460,351.99975933778853,39
624480,174.95516096639676,20
624525,407.5622093093146,45
624594,632.1279680689191,69
624645,463.83194827016325,51
624672,240.50168360941475,27
624711,352.2938067922978,39
624749,341.97320786240937,38
624779,268.2905859319114,30
624813,304.74314508476783,34
624844,276.8554092856292,31
624873,257.691786016301,29
624936,577.616505904118,63
624978,380.9680032096189,42
625068,828.4073049819792,90
625120,474.1888668726103,52
625185,595.5942000996484,65
625217,285.9242777417472,32
625263,417.91581486109385,46
625288,220.61892611499283,25
625338,453.3931518892386,50
625374,324.47158958931664,36
625402,248.64281249621808,28
625434,285.86256807926543,32
625469,313.4912954505209,35
625499,268.6818641632419,30
625548,444.4092169544598,49
625614,602.1525616977199,66
625667,481.90725356515725,53
625704,334.0734131162804,37
625777,669.9918394880074,73
625809,286.20414306540493,32
625847,342.6308875134383,38
625898,465.337182086178,51
625938,360.80700928513613,40
625973,315.1550921234247,35
626015,379.54883119195546,42
626110,875.4593980782021,95
626190,734.0554080520268,80
626244,492.35414341440736,54
626298,491.9374956401508,54
626352,492.4716949228578,54
626388,324.6548394581364,36
626439,465.12430952508043,51
626495,510.1972626193249,56
626548,482.99601972061186,53
626575,240.55468501845587,27
626611,324.59420588286207,36
626652,371.1009503409313,41
626670,155.976579041708,18
626727,520.537228081735,57
626774,427.2135743565528,47
626806,286.31977725111494,32
626842,323.250516860495,36
626875,295.46474434377456,33
626912,334.1148720114572,37
626942,268.2910590131103,30
626979,332.8291444781271,37
627029,454.5049934958856,50
627063,304.9853579197276,34
627103,362.54516017519904,40
627142,351.90935573338083,39
627166,210.99034011296374,24
627206,360.6695020081967,40
627262,510.2573898470796,56
627291,258.29629816333414,29
627322,276.67532834793195,31
627358,324.21180876879816,36
627406,437.07558701316435,48
627457,464.79279445338716,51
627517,548.5461009057026,60
627571,492.3801064995739,54
627659,808.4546947841737,88
627707,435.98140230034676,48
627768,556.5912756137798,61
627822,492.09431835192913,54
627848,230.20026687398948,26
627893,407.35577231211397,45
627943,454.88124376907973,50
627981,342.0830462795491,38
628013,286.99137230169293,32
628046,296.656635665901,33
628094,436.08876238898273,48
628156,567.7746692440419,62
628192,323.35060140250533,36
628239,426.02965915514187,47
628275,323.1006851075541,36
628304,258.8755137544387,29
628356,474.0516909856962,52
628398,379.5949415574584,42
628425,239.34952560819036,27
628457,285.511006849518,32
628494,332.0043724422104,37
628530,323.5585872181314,36
628577,425.88543742933626,47
628612,314.3952120643211,35
628654,379.23718893877026,42
628709,502.5147607092746,55
628749,360.3363569981685,40
628794,408.46843871557354,45
628820,229.85648974756148,26
628873,480.82204620979934,53
628903,267.62234150390987,30
628966,575.733902785355,63
629012,417.0148421375641,46
629041,259.36012044137584,29
629082,370.6272249785365,41
629118,323.735923890915,36
629166,436.36679923720834,48
629221,499.7567203115016,55
629271,453.1264928581238,50
629326,500.82116159359896,55
629393,610.4523587432199,67
629421,249.5546769569512,28
629447,230.7274527791103,26
629504,519.3475945416236,57
629556,472.87002073724847,52
629592,324.0441603883479,36
629623,276.74632990969116,31
629687,585.1517434715762,64
629728,370.5782765449004,41
629762,305.5920430297823,34
629787,220.79663780872738,25
629838,463.77421284142486,51
629868,267.4851381966134,30
629900,286.75949480613576,32
629926,228.95988936662968,26
629963,333.22861623753266,37
630000,331.7444632296875,37
630037,333.17528471947094,37
630092,500.44365511450536,55
630114,192.29675042591018,22
630140,230.05992079679814,26
630200,548.1519568700743,60
630270,641.0978371609116,70
630330,545.3552413696657,60
630359,259.0617949834255,29
630386,239.1274489120634,27
630411,220.84449578608857,25
630454,388.50172617108785,43
630492,342.081828301004,38
630515,202.48628863035245,23
630569,491.74013888082754,54
630598,257.4947568249498,29
630614,137.74603041188152,16
630641,238.89057273746766,27
630681,360.0608491641499,40
630707,230.5136787859437,26
630753,416.96655622515783,46
630793,361.66901388790313,40
630821,249.41705973239988,28
630863,379.96683022343245,42
630893,268.5926962161193,30
630944,463.78042367847246,51
630992,436.27330341776656,48
631028,324.27242629216096,36
631074,416.94257700145437,46
631102,249.0021482702576,28
631127,221.23068222736083,25
631173,417.757773971349,46
631238,593.1788339710703,65
631269,277.469655141504,31
631295,229.45048332202165,26
631346,464.0566172745142,51
631400,492.1540583593728,54
631432,285.51911439226313,32
631475,388.6916927116445,43
631538,575.085476495292,63
631584,416.67007076981866,46
631617,294.45638237377113,33
631664,425.89825120622487,47
631699,314.6053426306239,35
631728,259.10962063807824,29
631779,464.22368369814586,51
631834,501.4238983276141,55
631881,426.016723288843,47
631908,240.1150617106597,27
631964,509.0298372079442,56
632002,343.2399106955284,38
632047,407.98951089453107,45
632109,566.3674989250812,62
632141,286.4049657107125,32
632173,286.9699227131939,32
632218,406.45784135429403,45
632246,249.9214311516972,28
632278,286.82246659356747,32
632315,332.1940119480428,37
632351,322.70430940066166,36
632396,406.5197461194914,45
632448,473.71455502885715,52
632493,407.12126414334654,45
632560,614.32713451717,67
632607,425.40817893304666,47
632649,378.90658781625655,42
632684,315.09714947537964,35
632713,259.38749193545243,29
632753,359.6612273394587,40
632782,258.54584826150995,29
632823,371.0319028745784,41
632841,156.2647031442299,18
632885,399.19051334273456,44
632919,304.0967942669947,34
632992,668.9629040052265,73
633069,706.8575978778453,77
633114,406.8150761920758,45
633150,324.96024335723223,36
633197,425.91888191918935,47
633257,546.2533189501837,60
633299,381.13258769141135,42
633339,360.9027397201383,40
633393,492.34911036689886,54
633457,583.1617251929198,64
633493,323.21246044232595,36
633535,380.7432945258079,42
633597,565.1742752001445,62
633655,528.1275939835036,58
633689,304.8526342186761,34
633739,453.9058770937827,50
633788,445.3192602090889,49
633834,416.7537826121651,46
633866,285.9728996281667,32
633889,203.58002706841512,23
633928,352.5272248892233,39
633976,435.4250457690291,48
634009,296.0401318615804,33
634091,752.9111292295753,82
634146,499.94690585744564,55
634236,825.5015753710483,90
634282,417.299036903709,46
634327,408.0240739913897,45
634358,276.59351003552865,31
634403,408.76243731244017,45
634440,334.2953806143182,37
634478,342.626447692579,38
634515,332.82376130558333,37
634559,398.5436879478802,44
634600,371.16196803350977,41
634641,371.55502252480403,41
634684,388.2687540712128,43
634720,324.3843287041957,36
634758,341.10774588365103,38
634810,473.6636654765852,52
634846,324.5124494308707,36
634922,697.1732564245444,76
634998,696.1907130601654,76
635030,286.64946703475624,32
635070,361.3316931198921,40
635099,259.279717140066,29
635140,371.0223601655926,41
635183,389.31823997839757,43
635234,462.56270399361455,51
635268,306.08052355621174,34
635316,436.5146830286548,48
635376,547.538207543074,60
635397,181.81466810935657,21
635453,510.449974062883,56
635497,398.1511485328758,44
635530,296.2636137180624,33
635587,518.6331161771309,57
635659,659.356235250857,72
635728,631.7916402257559,69
635780,473.02692477960113,52
635818,343.5551310140249,38
635877,538.8276206358842,59
635891,119.26552056209724,14
635919,249.8288414042342,28
635957,343.31134008803537,38
635995,341.7832344380138,38
636034,351.7509123076522,39
636069,314.3418682109811,35
636144,688.0690026158347,75
636172,249.75122366482992,28
636215,388.255408070872,43
636251,323.9269074693052,36
636279,249.7330430620739,28
636327,435.8284767498503,48
636380,481.752769028705,53
636426,416.7661898072746,46
636477,462.89124153523494,51
636519,379.46801438126596,42
636555,323.78105029881385,36
636608,483.05199814162575,53
636679,648.9861715852095,71
636708,258.4251798693979,29
636749,368.8265829760619,41
636789,359.29063620024704,40
636820,278.371086258728,31
636847,239.3129048018739,27
636880,295.84838914260956,33
636910,267.21880319131674,30
636989,723.7991887127271,79
637045,511.38362863225734,56
637089,398.7308248706853,44
637132,389.27071779218824,43
637155,201.97726959413362,23
637194,350.79703200228545,39
637234,362.01973340063876,40
637280,417.50440669473954,46
637312,287.02273272195794,32
637356,398.60568371634236,44
637390,305.98909721103536,34
637424,305.32447257963355,34
637450,230.4947616834128,26
637488,342.53585320418824,38
637548,546.5989755492421,60
637617,630.4952332390025,69
637652,315.79692999195726,35
637687,315.22025538072967,35
637731,399.4403941022267,44
637769,343.6189320155761,38
637830,556.6803938874344,61
637868,342.06804178562885,38
637900,286.0146809891172,32
637962,566.817976720776,62
638001,351.2174884448088,39
638037,324.2682752042176,36
638080,388.9190007774162,43
638147,612.9589489711485,67
638178,277.1422667490353,31
638231,481.51605866121344,53
638295,584.4665174480722,64
638364,630.8788351294851,69
638394,267.5293645206846,30
638440,417.0861725763403,46
638489,444.01053960774135,49
638597,995.9254952000719,108
638631,305.7234426077724,34
638692,557.5873099846648,61
638730,341.57881157393166,38
638801,650.8055881897028,71
638845,399.3152172266562,44
638875,268.39418124679264,30
638915,360.92005902215084,40
638948,296.4070000372144,33
639035,800.3688001823597,87
639069,304.9931460037974,34
639097,248.94357129142873,28
639149,473.57229250441725,52
639184,315.4542246354394,35
639212,248.69038742910809,28
639258,417.03196516556284,46
639284,230.5486912674162,26
639332,436.6933970756495,48
639361,258.36914461830384,29
639409,436.5438688666539,48
639437,248.78341582843134,28
639502,594.0569393194716,65
639535,294.97105406996207,33
639568,296.5358454845894,33
639599,276.95697881458614,31
639629,267.71568663418543,30
639682,481.3761898832757,53
639744,567.545101790916,62
639791,426.6783768656486,47
639822,277.7231410387201,31
639877,501.16555948088217,55
639922,408.2893666080251,45
639984,567.6187903434235,62
640018,304.2166718935361,34
640055,333.13518229620286,37
640090,314.56628081295275,35
640137,425.8775211729868,47
640178,370.1457945359111,41
640210,286.2851024811266,32
640257,426.74680433960856,47
640279,193.5767782064619,22
640323,397.55891668582007,44
640395,658.5631369586999,72
640443,435.58106870859376,48
640488,407.0752970950571,45
640527,352.68411220264863,39
640606,725.5504075597898,79
640648,379.0210705936507,42
640706,528.9908788752613,58
640758,473.8133287160887,52
640796,340.4197660531012,38
640829,294.37874909105716,33
640873,397.7713414640872,44
640910,333.1421915257285,37
640944,304.6409679487622,34
640984,360.4429260868286,40
641011,239.66620060357758,27
641065,492.71433669876495,54
641131,603.9309784160773,66
641166,315.04518123759493,35
641236,641.4048758762546,70
641282,417.32244124946106,46
641349,612.1644411163559,67
641378,258.2846750010936,29
641412,305.266977418234,34
641453,369.03628038790936,41
641498,409.2872779900868,45
641532,305.3594979955539,34
641580,435.6813772723102,48
641626,418.0063676880415,46
641671,407.92773247621847,45
641711,360.1302978951148,40
641745,305.64058164437176,34
641797,472.25757094652175,52
641848,463.2198577721744,51
641898,455.5263932672829,50
641930,286.8378982763245,32
642066,1254.8939059926888,136
642101,314.77670629818766,35
642125,210.88293595698647,24
642174,444.0791615016953,49
642205,276.4159812096872,31
642255,455.43508040682235,50
642278,202.22933391998995,23
642334,510.2826998963423,56
642372,341.9479954886228,38
642442,640.6085275073591,70
642511,632.319172478776,69
642548,332.75715022475646,37
642585,332.38145909227643,37
642627,380.84381496445474,42
642678,464.02136362478007,51
642707,258.38127164384076,29
642753,418.1749264212616,46
642786,296.43920698700856,33
642832,417.65928247214896,46
642873,369.81186685417174,41
642907,304.6992633575742,34
642943,324.47773099425257,36
642970,239.38305632890015,27
643009,351.6739738122819,39
643059,453.0910182195365,50
643106,426.88394767220984,47
643139,296.91540532825815,33
643173,306.1749906127667,34
643211,342.985915801158,38
643245,305.3110435885509,34
643297,472.26149202552045,52
643327,268.58279651869157,30
643353,230.72987119329554,26
643380,239.69525278757172,27
643448,623.3923718889625,68
643487,352.68246829555426,39
643511,209.36154356620406,24
643543,285.99922713287725,32
643593,455.06159092998377,50
643673,733.5483014048646,80
643703,267.4917778204351,30
643756,483.8515596884014,53
643793,333.14470767966407,37
643824,274.91345926419814,31
643866,379.0168137351026,42
643921,500.4068602828913,55
643957,323.29456480658746,36
644010,483.38428471728264,53
644064,493.05188364366796,54
644108,398.52951871069155,44
644147,352.73278627499786,39
644180,296.30147493758875,33
644207,240.9641761197316,27
644242,314.93491589168025,35
644310,622.2683874067591,68
644358,436.8529490960997,48
644393,314.77029406824386,35
644447,491.15820356890896,54
644477,268.3208065614666,30
644533,511.4819132177261,56
644566,296.84837878174784,33
644618,474.6592176595302,52
644660,380.7269258822437,42
644703,388.56688953861664,43
644764,558.2944050559637,61
644846,753.5160638717225,82
644873,239.91546042026584,27
644913,361.03954165972164,40
644951,341.460834470711,38
644992,371.73069163707896,41
645023,277.3570576810062,31
645074,465.4931556906111,51
645117,388.7364650070109,43
645160,389.6875276863609,43
645206,417.39250825367236,46
645281,687.9133911137797,75
645328,427.69366812591335,47
645373,407.96803526030664,45
645422,444.54483208186423,49
645467,407.600818038281,45
645543,696.9809907432152,76
645581,342.02113269822513,38
645625,398.41917129176124,44
645678,483.5931576950356,53
645720,380.40761401846066,42
645749,259.38005792551576,29
645802,481.91553360760724,53
645843,371.305159324635,41
645873,268.13228626184116,30
645897,211.11583160121762,24
645969,659.1740420270461,72
646018,445.12111933856943,49
646056,342.37342258977327,38
646116,548.6319849140118,60
646224,994.8146167927749,108
646273,444.8091451481111,49
646326,482.03769834653497,53
646363,333.8642772032481,37
646400,332.70730493447815,37
646439,351.6394554874991,39
646506,612.2446772193497,67
646533,239.93466890431264,27
646579,416.8203590859071,46
646620,371.505624069144,41
646704,771.4494651978249,84
646748,399.99047696292234,44
646801,483.29223840446633,53
646868,613.1654178867358,67
646914,418.4965401774339,46
646983,632.521328324557,69
647041,530.4805603812393,58
647092,463.9053750217842,51
647154,566.437031278773,62
647222,623.3071470634566,68
647261,351.95882510415964,39
647302,369.4457415060752,41
647352,454.3316168754534,50
647396,398.0197766429195,44
647450,490.6798379439308,54
647496,416.53879677521763,46
647529,295.0675739790763,33
647583,493.2175177876962,54
647618,315.454104815859,35
647668,454.8312922730741,50
647716,436.52968414467983,48
647761,407.5752017801342,45
647785,211.4945799082771,24
647832,427.8006369871802,47
647856,212.21890318490225,24
647900,399.4494502282813,44
647947,427.3735034669921,47
648001,493.77079450046665,54
648066,595.6185158129122,65
648162,882.8949490900405,96
648199,333.76382135898984,37
648235,323.5634906147924,36
648322,798.0281902151878,87
648349,239.7823246421847,27
648389,362.23652788435817,40
648444,500.89587417165916,55
648485,369.9993309269299,41
648544,540.0162199071019,59
648620,697.4284637051898,76
648731,1024.3768146109,111
648788,521.0125128189702,57
648832,397.8169978771756,44
648863,277.2307773638451,31
648906,390.5653803370769,43
648940,304.31748181372274,34
648986,418.87688058278223,46
649022,325.08457141830723,36
649056,304.9630679477128,34
649110,491.3420890067856,54
649166,510.82979745041314,56
649199,295.8965599610192,33
649248,444.51702107788486,49
649287,352.78261550400424,39
649329,380.23258417475313,42
649372,389.5278932737469,43
649415,389.4700446888063,43
649439,211.88155635844245,24
649499,547.0523120829595,60
649548,446.0886538103369,49
649621,668.1847010002333,73
649678,519.0420897184039,57
649730,472.464267103076,52
649766,323.8335486377833,36
649810,398.07378755084335,44
649868,528.7474847732718,58
649904,323.78793177598243,36
649947,390.03103642205576,43
649977,267.46160755841015,30
650006,256.7034617647761,29
650052,417.73551109515915,46
650109,519.0117921387933,57
650160,462.84101455711726,51
650227,613.2883574924069,67
650270,389.52648135458435,43
650313,389.6895128609473,43
650361,436.9988883712319,48
650410,444.5735240113555,49
650450,358.89996484659207,40
650497,426.09134199952507,47
650537,361.60043966242847,40
650570,296.94312747571354,33
650608,342.1344932981116,38
650632,209.55022362637965,24
650669,332.1948525988875,37
650710,371.33854644046124,41
650781,650.4330858645027,71
650815,305.9662451978092,34
650860,408.3162604652825,45
650917,519.538766173029,57
650943,230.56981123471118,26
651025,753.1925412806274,82
651057,285.81881674527733,32
651097,360.8436800049372,40
651139,380.56557629436395,42
651176,334.3717550408975,37
651225,445.8349413765052,49
651262,334.0319288419214,37
651289,238.82771246319297,27
651339,454.46525207433655,50
651378,350.3001883510093,39
651446,621.310379575051,68
651478,287.4754173928822,32
651524,418.13415208042,46
651610,789.5677246439649,86
651649,353.1023457838982,39
651688,352.8348662203789,39
651744,511.3659747898566,56
651784,361.371139187063,40
651825,370.8631407897051,41
651877,474.1076020644115,52
651921,399.5029520970455,44
651960,351.09444046190623,39
652001,371.8671661737198,41
652035,306.0784008534479,34
652072,332.0407313561881,37
652121,446.0110706762332,49
652149,247.4120141911642,28
652217,622.1151155433789,68
652250,295.2122303040575,33
652300,455.19520861656156,50
652319,164.76374986787755,19
652357,342.88649155689814,38
652400,388.9174711298197,43
652464,584.6142731415622,64
652514,453.9226334854766,50
652554,361.81607381814547,40
652602,437.27515297988396,48
652638,323.9535101260854,36
652668,268.2928802094819,30
652703,312.89826896368317,35
652733,267.24133949542653,30
652786,482.45622173117835,53
652825,350.9983146816213,39
652880,498.9424148026301,55
652919,352.67336845865435,39
652968,445.599953764954,49
653060,843.0707097596674,92
653112,473.85899838132343,52
653169,519.8250304204266,57
653204,314.02829364593737,35
653224,174.90973839911737,20
653276,473.5811258510353,52
653307,278.24040727000835,31
653329,193.23778834508812,22
653347,154.00481850548434,18
653423,698.2132091666625,76
653435,100.34545187749518,12
653478,390.0647871433603,43
653541,575.3115069219057,63
653563,191.77347875043435,22
653598,314.2976304480417,35
653630,287.23850113225535,32
653665,315.2399804033233,35
653752,797.5157923189596,87
653796,398.94758292627245,44
653879,762.3524724295605,83
653924,407.906835610428,45
653959,313.40224092504405,35
653985,231.06408861553894,26
654021,323.94999039773495,36
654055,304.5247863211223,34
654104,444.2880020945139,49
654160,510.22066641392644,56
654200,360.6165660399894,40
654241,371.0239599010813,41
654280,350.51951694157884,39
654331,464.5351179998674,51
654349,156.4981244887643,18
654392,388.94686157189784,43
654411,165.05524371761683,19
654496,779.7284131086319,85
654531,312.9793277298418,35
654586,500.6433563700446,55
654659,667.8525945046026,73
654702,388.3265664905123,43
654727,220.0602174272705,25
654773,417.9458930829896,46
654795,191.7215604525889,22
654838,389.17210759487745,43
654865,240.24047801566365,27
654904,351.96818947645596,39
654921,146.00703932874887,17
654979,530.1686006728904,58
655050,649.8370876058992,71
655087,332.55067112580565,37
655135,436.4970020785285,48
655167,287.4107238589127,32
655189,192.95240206129668,22
655233,399.3620364908692,44
655270,334.608340695498,37
655311,370.63121735496424,41
655354,388.90343644166546,43
655403,445.4502187916394,49
655447,399.01232374918567,44
655483,323.40022538230915,36
655549,604.420228233356,66
655608,539.2344079486354,59
655690,752.6228914627919,82
655742,473.0519973816978,52
655790,435.30631479845084,48
655834,399.02896565900835,44
655874,361.9907914621578,40
655911,333.9624394095322,37
655941,268.29445585985565,30
655995,492.2870934199325,54
656103,996.7501956739192,108
656137,304.06523252630325,34
656179,380.0263417105253,42
656205,230.35592999538017,26
656224,165.8170923682805,19
656278,491.79633076030797,54
656327,445.61711290349376,49
656349,193.34688168053063,22
656380,277.21254265790463,31
656411,276.6779296589027,31
656447,323.56992237224205,36
656492,408.4696665053177,45
656529,331.8290132641304,37
656637,995.7116369603825,108
656669,286.8531842329366,32
656692,202.9307213412628,23
656744,473.2528262146973,52
656783,352.4310826145349,39
656807,211.68902016916158,24
656850,389.90939152881265,43
656881,276.12904513072755,31
656927,417.9856889703916,46
656972,407.87797621384436,45
657031,539.5443555206997,59
657064,296.5959106523969,33
657100,323.93709783960577,36
657175,686.3709857748952,75
657198,202.26874856615166,23
657234,325.0378972035013,36
657264,266.2442752181225,30
657303,352.0397175362381,39
657346,389.5212878767438,43
657430,771.7113404430718,84
657486,511.14010704666515,56
657524,342.6579046115876,38
657552,249.8213127206232,28
657617,595.7487914286345,65
657668,463.72498626352814,51
657760,846.9688168116049,92
657800,361.58288121222915,40
657821,183.51190638052674,21
657867,418.4935647394078,46
657913,416.2390655809731,46
657962,446.3494542856429,49
658001,352.0141770068042,39
658056,499.5459308014293,55
658088,286.0250414539211,32
658134,416.2861884856555,46
658155,183.40433538761226,21
658209,490.3011668299528,54
658262,483.7176780484475,53
658310,436.325230931744,48
658338,249.27098112233583,28
658382,399.5222694858062,44
658431,446.7468042767672,49
658468,333.25303744590144,37
658537,630.3749849599392,69
658629,844.9140813180554,92
658685,511.5123034330679,56
658732,427.06948528269686,47
658754,191.36635488354136,22
658786,286.589184986034,32
658840,489.6846497634269,54
658878,342.0362715168885,38
658934,510.25563426181895,56
658966,287.1475478915816,32
659014,437.28430165780594,48
659057,389.25740280087905,43
659092,314.3993983803118,35
659187,875.2479573721282,95
659221,304.58294955590924,34
659254,295.748090286728,33
659304,455.4787826193708,50
659368,585.6400238294193,64
659423,502.1959278509861,55
659476,484.0918931191551,53
659516,361.82735263231086,40
659621,966.7127766535009,105
659686,595.0881964639517,65
659738,473.7439414058377,52
659775,333.58872220451116,37
659810,313.27946291444596,35
659850,362.1384503747628,40
659871,183.07263273885036,21
659911,361.7452713554374,40
659951,362.0599548149174,40
660000,445.94061948721577,49
660047,427.3993137651897,47
660097,455.31439715027415,50
660161,585.2994857965392,64
660202,371.58299124103627,41
660247,407.59655759501663,45
660269,192.33180777216364,22
660283,119.22349575634863,14
660328,408.1780483924819,45
660381,482.4301522981147,53
660415,305.04963873562525,34
660439,211.8055758207806,24
660483,396.4886662833714,44
660524,370.442882956786,41
660582,529.9590548703031,58
660630,436.5316521030683,48
660649,163.35822405593612,19
660701,473.5663760571892,52
660747,415.8774873246677,46
660805,527.1656996896431,58
660881,695.7998877220972,76
660903,192.41407591744016,22
660942,351.982573230977,39
660980,343.07924444974094,38
661015,314.2932556657772,35
661077,567.638297956056,62
661117,360.78323206863985,40
661147,266.6260535033265,30
661179,285.92992334539923,32
661246,611.4958500402882,67
661295,445.30648635450024,49
661363,621.6722097237575,68
661387,211.88608431791408,24
661426,350.9652929828065,39
661464,343.5326315256943,38
661498,304.56821289714304,34
661530,286.64278276510646,32
661590,546.4415292415639,60
661604,119.04312198365452,14
661642,340.4797952283555,38
661703,557.2555439070743,61
661732,258.667286963419,29
661820,806.6644619639059,88
661854,304.3449404443086,34
661900,416.1608382262965,46
661960,546.5766877329826,60
661996,324.4953279831618,36
662030,306.1933769320982,34
662081,462.7817972065254,51
662151,640.8213917852573,70
662185,305.2391255160214,34
662220,314.8516892999118,35
662242,193.42913207869287,22
662273,277.3412372334895,31
662313,361.65634623156325,40
662351,341.13637018867644,38
662379,248.20504307074182,28
662424,405.5280799760967,45
662480,508.69713240624094,56
662556,694.8910883179226,76
662594,343.46065726649266,38
662621,238.4315726980373,27
662652,277.00513958426313,31
662733,742.7711103405933,81
662778,406.62804089668083,45
662800,192.59953660129867,22
662850,453.4967456513098,50
662882,286.08891804238186,32
662921,352.70713672485056,39
662989,621.7315197180227,68
663040,463.6383707190502,51
663083,388.2577172982633,43
663124,368.91209886799425,41
663163,352.67854648693003,39
663195,286.64826212826966,32
663231,322.6007683536035,36
663278,426.984958221637,47
663320,380.064655903437,42
663343,199.49926972041933,23
663387,398.64714399633135,44
663430,389.0054155138702,43
663481,462.45885529803047,51
663512,277.77706410345667,31
663545,296.7274327138974,33
663589,398.5981406567868,44
663629,360.86312439722604,40
663667,342.9776094248163,38
663699,285.76277166601074,32
663734,314.4123061519528,35
663775,369.4872351554799,41
663833,528.4234173313006,58
663862,258.81045034234296,29
663895,293.79752524095954,33
663933,340.625289936097,38
663948,127.61562384988046,15
663981,296.275958469283,33
664018,332.827087733976,37
664040,193.0963698910227,22
664070,267.6344137075478,30
664098,249.07263842613136,28
664139,370.48430871373716,41
664170,277.1445492087565,31
664237,612.6133510616479,67
664279,380.51739715685125,42
664337,527.9459335022274,58
664387,454.4693353045799,50
664424,333.4313908416756,37
664456,286.6989872176325,32
664497,370.5098900543556,41
664530,295.90723462431816,33
664561,277.33801356900693,31
664609,434.74759382405017,48
664657,435.9972660958114,48
664696,353.1156883018711,39
664773,705.224797248794,77
664816,387.943485035857,43
664856,361.729687273046,40
664878,192.72762702343547,22
664920,379.78689683602505,42
664967,426.68059737322216,47
665018,464.1642694164429,51
665067,444.737977109525,49
665089,193.7792141718541,22
665129,362.01121099762184,40
665149,174.87217021841568,20
665193,398.8520623607438,44
665221,247.51372544404504,28
665263,379.7600783881126,42
665301,342.09936126713137,38
665333,285.8340754161766,32
665371,342.5753314872366,38
665389,154.8656478275407,18
665422,296.4780958591012,33
665454,286.93290065403437,32
665481,239.4919239591961,27
665528,425.6693792347508,47
665562,306.0709219155928,34
665579,146.8814396807853,17
665614,312.7546743448524,35
665652,342.33467143396825,38
665693,370.33512450143314,41
665727,305.9094248980504,34
665762,314.5782801717683,35
665796,305.3616981807073,34
665845,445.4631685240909,49
665861,137.05708386839925,16
665891,267.652764791782,30
665918,239.6864427318909,27
665938,174.7680844562811,20
665995,519.6087486118314,57
666028,295.9664357978498,33
666067,350.7116271119275,39
666094,240.34426088668417,27
666110,137.65489277067877,16
666164,489.1284620500929,54
666180,137.86795945654825,16
666223,389.6061818269895,43
666271,435.0914531886133,48
666307,322.7879381485507,36
666325,156.39906582498955,18
666347,192.26273541483096,22
666395,435.14692377235696,48
666425,266.0778893577585,30
666445,175.04810767376938,20
666477,286.5703994102534,32
666532,501.01422835134053,55
666566,304.41283854113783,34
666608,379.85504050373186,42
666639,276.466725167806,31
666660,182.38074254253544,21
666704,399.06229285313367,44
666717,109.99304730529111,13
666758,370.72350405705566,41
666800,379.7863775584405,42
666833,295.6926875872849,33
666893,544.8603719866704,60
666911,156.1655048492012,18
666943,286.8092112928713,32
666962,164.97077820181346,19
666991,257.839992574016,29
667032,370.2766672838071,41
667051,165.11018076804126,19
667067,137.1431841840963,16
667111,398.31050516037357,44
667126,128.27681868306288,15
667146,174.19852606073496,20
667172,229.99362274740636,26
667202,265.26729339009705,30
667234,285.88537245292656,32
667274,360.65910951387355,40
667356,751.7552386094986,82
667383,238.72285382730252,27
667437,491.7512900883667,54
667503,603.0301232785048,66
667544,370.48632732591074,41
667588,398.1670251101157,44
667624,323.4694104406398,36
667640,138.0288938358639,16
667688,435.75114213879755,48
667725,333.596127089539,37
667766,370.35968476364195,41
667803,333.10007432065163,37
667852,443.63136568348096,49
667906,491.53235153471087,54
667952,417.13694546264037,46
667973,183.64867891977374,21
668035,566.21571242625,62
668071,323.50791679593164,36
668111,359.40862519649505,40
668143,286.6405689988907,32
668188,407.4678286883146,45
668227,352.03006137890173,39
668261,305.6435257870615,34
668282,182.21740155692547,21
668331,444.9094615109264,49
668385,491.87169777608506,54
668432,427.17995940725734,47
668474,380.13874824604875,42
668517,389.14718180355356,43
668581,584.1680391982051,64
668597,137.33746076034103,16
668665,620.8495390180217,68
668687,193.1477656444756,22
668711,211.36481509921654,24
668754,389.70479242622577,43
668774,175.04269970573074,20
668812,342.51536218841386,38
668844,287.04172970190535,32
668904,547.7024660656596,60
668928,211.68173023827356,24
668943,128.15154645693815,15
668989,417.5168320926031,46
669019,267.3787926209632,30
669067,435.8762468335449,48
669115,435.5818437466393,48
669179,585.3721284386468,64
669224,408.3840338770503,45
669290,603.592495610508,66
669330,362.07096770023753,40
669362,287.47189086345173,32
669400,342.9325961631671,38
669431,277.66779042373497,31
669501,641.1206618582041,70
669524,202.71536485304782,23
669572,435.8646443272933,48
669604,285.569673267552,32
669650,417.62136931926426,46
669688,343.2359544989521,38
669733,407.36025526674865,45
669762,258.33004664985964,29
669811,443.2190296101492,49
669875,583.671941360439,64
669943,623.0904146218147,68
669961,156.47704849104431,18
670034,669.3635783528194,73
670117,761.7292393700768,83
670152,313.81651802195967,35
670191,351.4073429321281,39
670256,594.4222408830792,65
670286,268.289786128466,30
670336,453.66161405119806,50
670398,564.394482817855,62
670436,341.8468724971485,38
670468,286.22953889028895,32
670529,556.9842313887702,61
670548,164.27499636864195,19
670621,667.9011124405989,73
670665,399.60126827579364,44
670733,621.4869649617483,68
670798,593.6770395395096,65
670838,360.33235464661215,40
670854,138.18840883915928,16
670895,370.472965564691,41
670938,389.5085933510822,43
670982,398.60643833378566,44
671026,397.3600665959802,44
671062,323.65973796735403,36
671102,360.664368181672,40
671162,548.8933623252598,60
671202,360.8030159569306,40
671233,275.82573872853936,31
671258,219.66940920170762,25
671343,778.002706274512,85
671361,156.5290714860289,18
671398,331.49569236565975,37
671454,509.1506195804816,56
671491,332.2557839626862,37
671554,573.7554604580164,63
671571,146.94562568526155,17
671623,471.97858002360476,52
671665,381.30219486294726,42
671686,181.28163974268907,21
671752,604.080740014494,66
671810,528.7225649866451,58
671863,483.00635907510474,53
671905,381.0238008288441,42
671951,418.94525205186113,46
671992,371.38533754134454,41
672011,164.70081583760293,19
672053,381.6043652587058,42
672101,435.3003461578373,48
672163,566.005895970163,62
672206,390.5849556907717,43
672237,277.0061015178834,31
672280,389.24422262542885,43
672360,735.301802979692,80
672425,595.8242174168969,65
672449,211.79472558539842,24
672508,538.0899729846512,59
672542,305.88873448006063,34
672589,427.7518383730649,47
672642,483.8632746503827,53
672705,574.7023209989297,63
672761,509.5150957319035,56
672815,492.79380435477145,54
672850,315.103251438188,35
672952,939.5825471406317,102
672987,315.2158155517956,35
673044,520.6115384087354,57
673087,388.6959325405091,43
673135,437.4794303873486,48
673159,212.1688022208566,24
673230,651.3447020241316,71
673257,238.16607830884757,27
673302,409.1047641846562,45
673331,258.2864304772374,29
673383,474.59214390385716,52
673426,390.44033282014567,43
673461,315.5691793070009,35
673496,314.5788647309801,35
673546,455.6888660732158,50
673623,705.723718264591,77
673661,344.09548507964706,38
673712,465.24378053762615,51
673753,370.1418352187778,41
673808,503.01952200092717,55
673830,191.43421665304314,22
673871,371.36513321322235,41
673922,458.6761036186772,51
673979,521.1924564398063,57
673998,164.86324916966316,19
674076,716.3025884474818,78
674124,437.1761586474663,48
674174,454.3369538273301,50
674242,623.5798429338859,68
674292,455.95599688362296,50
674332,360.8089793036508,40
674412,732.166399861605,80
674458,417.88822166422847,46
674504,417.20856350452004,46
674555,462.7454717832772,51
674598,390.37018970249386,43
674638,361.568536669238,40
674682,399.136319177789,44
674732,455.69831464873766,50
674760,248.83842754439007,28
674801,372.0091205736071,41
674853,474.8472285077465,52
674902,446.0161573032748,49
674950,436.8205002802306,48
675001,465.48909615903705,51
675055,493.43848292797634,54
675103,437.1175093054533,48
675141,343.8401836943241,38
675162,184.39037798455666,21
675217,502.70987977336733,55
675281,583.4786211763761,64
675347,602.7333062212155,66
675396,446.44705367438337,49
675482,790.4612883045662,86
675536,492.2275669682589,54
675585,445.8171465197939,49
675684,911.9385063908614,99
675711,238.6461708414298,27
675761,455.94961933923395,50
675812,464.4656551516763,51
675833,183.21340843750997,21
675905,658.8306244222953,72
675940,314.88138697791175,35
675990,456.04435075051606,50
676024,305.2817027614392,34
676059,315.71099667703226,35
676109,453.4876987808474,50
676151,380.8299096848522,42
676189,342.4958203162464,38
676240,465.08118161760973,51
676326,792.8256014068983,86
676430,959.639898303254,104
676486,511.59881735564386,56
676548,566.2291286867834,62
676594,416.5379639652237,46
676636,380.9629339302051,42
676698,567.7919409672405,62
676730,285.32532855925945,32
676789,537.1872664104096,59
676861,660.4304338058733,72
676916,500.7625117402698,55
676952,322.1393350572388,36
676989,332.21688722167033,37
677028,352.89811742462587,39
677074,417.58314649519275,46
677105,276.33135304196793,31
677155,455.38060774401174,50
677180,221.3224988011271,25
677240,548.3182003050216,60
677309,632.5513614117986,69
677374,595.5215304007075,65
677407,296.10594272095443,33
677444,333.3457333115044,37
677489,408.29520791112935,45
677546,521.4994343543084,57
677611,593.1930950521609,65
677697,792.6746095223792,86
677756,540.3673420179682,59
677867,1024.3043458865486,111
677912,407.98789438408795,45
677940,248.79139959729972,28
677990,454.6647162466075,50
678021,276.986707181803,31
678072,465.14604265524474,51
678114,380.42916465459257,42
678194,733.4412134140663,80
678272,717.0810310883447,78
678319,425.36657522966175,47
678369,455.3086906252013,50
678386,147.25813805349392,17
678423,333.7796344015274,37
678502,726.0725167227495,79
678542,361.2343930571124,40
678579,333.1338814681489,37
678631,474.36217715476744,52
678678,427.92100714795714,47
678727,444.46097356007306,49
678764,333.3512726722202,37
678815,465.12071321093305,51
678884,632.5631031697061,69
678947,575.7883816959287,63
678982,313.8748241993193,35
679032,455.2796261535191,50
679090,530.5856071696734,58
679126,322.9472974467162,36
679175,445.64112255451846,49
679212,332.58126318680365,37
679236,211.36324135571795,24
679267,276.4883317674873,31
679302,315.4328455271833,35
679362,546.9923020730259,60
679464,934.5031766978658,102
679533,632.5158397094933,69
679580,426.39976023013514,47
679633,483.39164323750134,53
679678,408.36561370755373,45
679708,268.2063347183174,30
679753,408.1668009798502,45
679789,322.6163049902966,36
679861,657.7290092522849,72
679908,426.2755477502862,47
679947,352.92090747301313,39
680004,521.5381174412586,57
680070,603.0139728330536,66
680206,1259.7107928930518,136
680234,248.2302526548045,28
680323,819.3073610270422,89
680372,445.9925839210823,49
680409,332.7908915135182,37
680442,296.24447092850994,33
680460,156.53526940299156,18
680516,510.97445333948883,56
680587,649.7893300635562,71
680621,304.635084408723,34
680684,576.7022025586291,63
680768,773.0238689230848,84
680817,446.0638387547227,49
680855,343.31893098510415,38
680889,305.93361796046753,34
680926,332.64681663236024,37
680953,239.761032337917,27
681011,529.3913664674436,58
681065,493.21417646140446,54
681142,707.6251521956278,77
681221,726.2073424063448,79
681297,698.2534245518046,76
681349,472.56967029777644,52
681395,416.8790646523961,46
681440,406.66105044810666,45
681479,352.4362386205619,39
681528,446.1521232374199,49
681582,490.10218756850946,54
681628,418.43649307749735,46
681676,435.58888046248745,48
681698,193.06778859293786,22
681751,483.5248855749323,53
681811,549.5535275050006,60
681892,742.989177803934,81
681947,502.1246582668353,55
681985,342.75272235990934,38
682030,407.5537811254727,45
682062,287.4594455754671,32
682089,239.72396267458143,27
682165,698.3080631266156,76
682213,436.49521033351255,48
682261,435.4510825320604,48
682294,295.2429323613663,33
682331,333.8690309439986,37
682373,380.74820147030715,42
682440,614.8013921453185,67
682494,493.1729209819907,54
682597,951.4187550930093,103
682671,680.2360029633012,74
682692,184.26891710319342,21
682747,502.386147043071,55
682792,408.5215082741027,45
682864,659.4925967725381,72
682906,379.60252032732245,42
682933,240.25329494401203,27
682993,547.2405378229106,60
683049,511.64583654659253,56
683089,359.349788977038,40
683164,689.2533412061122,75
683189,221.4538486992738,25
683235,417.4368100852715,46
683255,174.6084785536508,20
683332,708.0118897029591,77
683353,182.92213155527227,21
683414,559.0764318044704,61
683456,379.5960331668183,42
683479,202.40667097948779,23
683495,137.44082363647843,16
683547,473.5120862026855,52
683583,324.18339867146136,36
683635,473.6033375571239,52
683701,603.261489643409,66
683738,332.68299556509174,37
683782,396.5984673991025,44
683842,549.6118028624956,60
683870,249.25678375443817,28
683910,361.65839510226596,40
684012,941.1995907168005,102
684093,746.1815154953882,81
684136,390.05197368098806,43
684187,465.62336277099627,51
684242,502.66961216428876,55
684301,539.4452054501028,59
684366,595.9826778606855,65
684424,530.6665799390806,58
684475,464.9025713803909,51
684539,586.3736829251368,64
684557,156.50690015000393,18
684584,239.50810649370385,27
684647,577.0169705003918,63
684698,463.9528825749525,51
684735,331.8440260573317,37
684777,379.7679325013098,42
684857,735.9956896023191,80
684873,137.73615232106735,16
684949,698.3573936031679,76
684972,201.1124817262767,23
685019,427.7619237297503,47
685059,361.1622111693904,40
685087,246.51380182377474,28
685144,520.6135018092817,57
685233,819.8123943535288,89
685270,332.02334966412513,37
685316,417.2150703591471,46
685362,417.9995698906865,46
685412,456.12727460062536,50
685477,594.4217374576189,65
685537,549.2314179265682,60
685609,661.8281959541815,72
685665,509.36702626940115,56
685724,540.4128821022575,59
685759,314.2085473351163,35
685791,285.57618782969314,32
685889,901.8920375454392,98
685945,509.8054317469923,56
685986,371.5961398162876,41
686041,502.52271254446936,55
686108,614.9813009875746,67
686197,817.7411146228169,89
686254,520.952593866748,57
686316,566.789360042744,62
686460,1329.7174630767029,144
686498,340.39669859630277,38
686536,343.52412212230695,38
686580,399.8609573403314,44
686616,323.97919415907205,36
686668,474.28912300538326,52
686718,454.66620607362023,50
686759,371.4049179939356,41
686812,480.29227696275376,53
686859,428.0682484521542,47
686934,689.8806729778066,75
686982,437.58666540969955,48
687018,324.73779279273873,36
687093,689.8604706360047,75
687137,399.3287944560532,44
687183,417.99797359738153,46
687232,445.6504471849061,49
687285,483.93614864929236,53
687341,511.81040368864717,56
687414,670.9580712294861,73
687466,473.3582840038633,52
687514,436.80980915887216,48
687558,396.3934949243704,44
687614,510.8781543465005,56
687660,418.37478707924816,46
687711,465.58242435089437,51
687755,399.65883917114445,44
687793,343.30075565935454,38
687859,604.9490086034667,66
687908,446.4098444633541,49
687937,259.16500317283834,29
687977,362.75594999422907,40
688023,417.8925142451979,46
688064,371.6969400098569,41
688147,762.4433260891125,83
688225,717.8032844114331,78
688263,340.88095144435255,38
688329,602.3259390841554,66
688366,332.575166235751,37
688402,324.07356516263104,36
688458,511.9724342616435,56
688537,727.5601296077765,79
688605,621.1931634634977,68
688647,379.88044422928215,42
688695,436.99657946733237,48
688733,343.20779091060535,38
688773,361.4481412263871,40
688804,275.96400366927037,31
688849,408.64880011289597,45
688924,687.247897548602,75
688963,352.5823375951365,39
689004,370.3357191559721,41
689077,671.3664485635368,73
689121,399.281185632108,44
689181,546.9325313813983,60
689208,239.35114105316842,27
689256,436.64606915907837,48
689289,295.9190719098612,33
689346,521.0916029918396,57
689385,352.5091803795172,39
689421,324.1811107276283,36
689472,462.13042822054115,51
689601,1192.8697555249241,129
689681,733.4035522285503,80
689739,530.9424656804896,58
689872,1232.6461627940798,133
689999,1174.981809189193,127
690049,454.7417988802546,50
690104,502.3501522687473,55
690170,603.857558552629,66
690220,455.70039804328314,50
690271,465.31186056377305,51
690383,1030.501561697665,112
690473,829.9436031663744,90
690526,482.7331814613236,53
690615,820.744848783026,89
690654,351.62071783545156,39
690710,511.7653093358227,56
690732,193.10444001926174,22
690823,836.33731119486,91
690889,605.9327160815071,66
691051,1497.932774568839,162
691153,942.6970347863978,102
691203,455.7578564041958,50
691274,651.9286838801005,71
691345,650.2979404933437,71
691382,329.3917452376984,37
691481,914.5495249654196,99
691594,1045.8408715583869,113
691644,453.9495569857679,50
691725,745.9648349193046,81
691817,848.9639093820317,92
691853,322.85384977867926,36
691907,493.04100568885247,54
691971,585.7771961609798,64
692008,332.6560711799643,37
692053,407.4891749270898,45
692194,1304.0249278742317,141
692246,474.85595166214006,52
692327,746.1381747378176,81
692380,483.151189374471,53
692455,688.8493137645504,75
692511,511.2299258109589,56
692551,361.8326233528158,40
692647,884.8694250026845,96
692747,920.2460971753472,100
692825,717.0023879227456,78
692869,398.0805377793845,44
692942,671.3602319871983,73
692994,473.73369901849975,52
693042,436.622799457302,48
693092,454.72348646150493,50
693169,708.428934628315,77
693282,1045.7242941468971,113
693329,426.10533762879646,47
693372,388.6107099696987,43
693408,323.82692066939427,36
693461,483.1025558779481,53
693504,389.1662123551124,43
693550,417.5929431120734,46
693600,456.0235131341104,50
693637,333.37558486499796,37
693705,624.0807485075429,68
693752,424.7241523524107,47
693833,746.1437480502193,81
693909,698.1206972764146,76
693956,426.12211363269927,47
694007,464.9860446008315,51
694043,324.25666728974704,36
694127,771.6101034096488,84
694176,446.66408739512804,49
694206,266.6509251459263,30
694307,933.379748273708,101
694343,324.6538241114136,36
694420,708.532215165703,77
694461,370.1553211770031,41
694502,370.6641230717159,41
694548,417.7061797280149,46
694582,305.42941328568213,34
694635,481.7520727332144,53
694687,474.2420607628208,52
694724,333.9597034379587,37
694769,407.84742941258537,45
694863,864.6642000435993,94
694941,717.8478101196552,78
694986,408.3398967719314,45
695060,679.7883829225425,74
695097,333.92672642742536,37
695139,380.7272954148038,42
695182,388.9468230472852,43
695229,426.17733647882164,47
695293,585.1560526219903,64
695332,352.23194748109364,39
695438,974.3909261889627,106
695465,240.02802164229033,27
695530,594.6538030145292,65
695617,801.6903215223077,87
695676,539.8511246460059,59
695738,567.0311435852694,62
695776,343.49038345958957,38
695828,473.8012378265333,52
695868,361.5813771359694,40
695921,480.9074910219773,53
695953,286.475516362453,32
696011,530.379280315067,58
696075,586.7012267987001,64
696156,745.7696680521326,81
696242,792.5965986740118,86
696271,257.2882476192045,29
696326,501.3855010106861,55
696373,427.7497946644301,47
696413,361.8470433479081,40
696451,343.28135482987557,38
696519,624.5084141158658,68
696625,978.2677180099778,106
696709,773.0962709126494,84
696777,624.5956531064463,68
696817,361.4963259891861,40
696864,427.92813330112267,47
696905,370.4223917768296,41
696970,596.1183555349918,65
697009,352.3305223047954,39
697058,446.46069368093765,49
697113,502.48692655047165,55
697159,417.59346392301245,46
697196,333.2444602435723,37
697253,519.0525531176689,57
697342,819.5284476499858,89
697376,305.6401533836738,34
697413,333.80481919621116,37
697451,343.5592207872408,38
697506,502.1807885341103,55
697561,500.69352663365277,55
697614,483.44827393047194,53
697665,465.1034074391761,51
697749,772.375055076237,84
697786,333.0679702144516,37
697824,341.9816783328072,38
697886,567.1134544789093,62
697950,586.4579231915361,64
698044,866.7572380164123,94
698107,575.7125661972395,63
698162,502.73899150523005,55
698217,502.6652888316679,55
698268,464.9952225435578,51
698311,390.5112465285755,43
698380,633.8824547150183,69
698427,427.3807949533431,47
698462,313.904357182579,35
698521,539.4315734323783,59
698548,240.69778979161234,27
698621,669.4978517738169,73
698687,604.7664036438277,66
698722,313.4134094255429,35
698763,371.9521629193996,41
698811,437.25877347474744,48
698852,370.8041384563387,41
698880,249.30032248676932,28
698945,594.17851848953,65
698998,483.7738334973859,53
699068,641.5105911559116,70
699123,502.10717769746185,55
699155,286.984208068697,32
699250,873.8219741923077,95
699307,518.9104213423344,57
699338,277.0428377549524,31
699387,446.4202105550693,49
699435,437.30883566636845,48
699467,285.41108316606403,32
699514,426.0845902777009,47
699558,399.31626462304865,44
699603,408.84353324599493,45
699625,193.22379780355587,22
699672,427.09264573448803,47
699720,436.20169040908434,48
699753,296.2562107198462,33
699785,286.9198791600692,32
699817,286.25724618860875,32
699864,427.26507202757233,47
699909,408.9836893534886,45
699939,268.80554834952414,30
699993,493.49982624719195,54
700052,538.5109393851335,59
700072,174.37889151825038,20
700100,249.08777606526175,28
700138,343.83331505040667,38
700183,408.98400375999745,45
700227,399.90445094004014,44
700302,688.4258838516031,75
700348,418.3797461854951,46
700382,305.41469422107116,34
700440,530.0390847510165,58
700482,380.74322867993413,42
700515,296.67334138058374,33
700596,744.6134200678179,81
700631,315.314000302822,35
700663,286.6694749977888,32
700712,446.02140958789806,49
700754,380.7510713133156,42
700795,371.1256772114362,41
700837,381.02565273112685,42
700882,408.76588630643914,45
700919,333.0368784172918,37
700944,220.74140528323653,25
700977,296.45586637255246,33
701018,369.5158393185787,41
701034,137.18754489841163,16
701061,239.25557206305382,27
701092,277.6244296026065,31
701146,490.507833920579,54
701183,333.7562572457977,37
701226,389.5398943053705,43
701273,427.16896818896515,47
701310,333.9521611591382,37
701376,602.8155132018616,66
701419,390.270440602521,43
701453,303.9498532544483,34
701505,474.2191044092028,52
701562,518.8672135091772,57
701611,445.8636481369524,49
701680,631.3620668573576,69
701719,352.5901183839581,39
701766,427.2018169238761,47
701816,455.2157078291828,50
701860,399.02224548752264,44
701895,314.9545074502058,35
701935,362.3770969167922,40
701957,192.01394813990342,22
701991,305.8414729624785,34
702026,315.4599315607184,35
702067,368.9434524824755,41
702093,229.79374722992773,26
702137,399.8738194926361,44
702168,276.3134115158916,31
702206,342.14769831683395,38
702229,202.6546206627315,23
702262,295.0271175325583,33
702307,408.76476327943476,45
702357,454.85359993706,50
702426,631.7801267670924,69
702466,361.2711511770453,40
702497,277.31842019229515,31
702547,453.6678668782744,50
702659,1032.044456878775,112
702669,81.51833414183601,10
702724,501.5468011679796,55
702765,370.8283434951656,41
702823,528.7094081030198,58
702867,398.7870835125234,44
702905,343.6759188206235,38
702942,334.14519222057663,37
702974,287.2773201577591,32
702987,109.58686356927167,13
703033,417.6406882846569,46
703120,799.2314637618775,87
703172,473.89795038388417,52
703210,343.1953902873391,38
703237,240.02186002077013,27
703300,576.006915510341,63
703335,314.7919897364969,35
703394,539.3922149769584,59
703430,324.7299377159679,36
703466,324.4708605565988,36
703513,427.1674286988183,47
703544,278.0930025769199,31
703575,277.2177393718351,31
703628,482.88306098697376,53
703657,259.57704455185285,29
703677,174.80260017819654,20
703704,239.88537366222647,27
703748,399.0739930503886,44
703787,352.8839623424259,39
703829,379.4843731992301,42
703861,287.10194336469306,32
703917,510.5379976338297,56
703930,108.95187634250053,13
703968,343.3155673368255,38
704003,315.41643795859653,35
704040,333.8569383186221,37
704075,314.8386566969161,35
704115,361.9798822574715,40
704153,343.44311090830126,38
704190,334.14388049093003,37
704223,296.3626574424536,33
704271,436.33682895079306,48
704300,259.6102199118203,29
704329,258.33881922899445,29
704381,472.52615057622245,52
704409,249.32713483795564,28
704429,174.466627846676,20
704462,295.789043121947,33
704511,445.5541129910231,49
704578,613.9381369013485,67
704605,240.06670852306476,27
704643,343.18212142984646,38
704687,398.6645966240431,44
704744,521.012060512499,57
704775,277.7954812941256,31
704811,324.77131473993234,36
704854,388.9794707094801,43
704899,408.2125145602556,45
704929,267.7931235158907,30
704953,209.5069592100269,24
704990,333.592476439588,37
705045,501.6694681058959,55
705099,492.3727406149533,54
705130,276.8908371872294,31
705162,286.7973196664402,32
705203,370.99372979741685,41
705242,352.4794974905455,39
705291,445.60270823194867,49
705331,361.77247048561185,40
705369,343.648659017038,38
705405,324.96058540156895,36
705435,267.89498107839165,30
705475,362.2275474800949,40
705494,163.8681590080617,19
705525,277.34250456328226,31
705564,353.0433696189754,39
705610,417.37433704296086,46
705651,370.8915928159239,41
705691,362.0542983426731,40
705725,305.4033021908467,34
705776,464.7114428919371,51
705817,371.22710579032554,41
705860,390.20574129004376,43
705885,221.0986635002629,25
705908,202.76552165669574,23
705948,361.6616481300962,40
705990,380.42380109330475,42
706017,239.80119641715214,27
706055,343.1881277316828,38
706068,108.60081666253419,13
706106,343.46618233298716,38
706142,324.9705513931636,36
706179,334.28885012548557,37
706233,492.5599868543723,54
706269,324.7062314856269,36
706308,352.49781208100507,39
706341,296.82389452293285,33
706355,118.01386587866597,14
706394,352.88848405166067,39
706461,613.4687087311568,67
706500,352.01282041089394,39
706529,258.78249217304153,29
706549,174.80826933310266,20
706565,137.33577917654662,16
706607,381.04488036637593,42
706640,297.0148621615155,33
706678,342.8094974477722,38
706704,230.0201530732268,26
706754,456.11792207386105,50
706801,427.4657990820135,47
706843,380.6558589245451,42
706882,352.4795266136037,39
706924,380.74117124594636,42
706965,371.6988986303455,41
706999,305.8169683823536,34
707058,537.4768093538971,59
707091,296.5012621750782,33
707133,379.67682996113103,42
707210,706.820939717554,77
707262,473.82874085351773,52
707290,249.86766258068087,28
707323,296.78310732817204,33
707348,221.6225354183894,25
707382,305.7456460134328,34
707416,306.1176206919102,34
707472,511.51635537460675,56
707513,371.4372271982615,41
707557,399.4005116724591,44
707587,268.4536877305225,30
707618,277.6138944669765,31
707675,521.4135567683946,57
707715,362.57322687167584,40
707768,483.7278764231754,53
707791,201.98561029785836,23
707829,343.6417512837467,38
707869,361.0512494877372,40
707902,296.28297693556317,33
707934,287.399220119495,32
707962,249.60267866493368,28
707983,183.63479273691541,21
708012,258.2495266462463,29
708041,258.82179250502105,29
708088,426.39740421979104,47
708135,427.71022215711304,47
708165,268.11866134441317,30
708199,305.52720580570286,34
708265,604.6390895647223,66
708291,229.57598325669326,26
708336,408.59909190846975,45
708378,380.9406575936422,42
708410,286.7974473179684,32
708441,277.0646545997243,31
708479,342.1676313611454,38
708509,268.5255675836062,30
708558,445.32006736971294,49
708603,408.17024559701247,45
708639,323.75255548365175,36
708678,352.7727797269095,39
708717,352.4166094607973,39
708770,483.3110269475853,53
708837,614.038090338678,67
708894,519.7457579801718,57
708926,287.4276149660353,32
708968,381.20286891952946,42
709005,333.48795580205797,37
709046,371.2570611764762,41
709089,389.49844932151245,43
709121,286.57183625218397,32
709154,296.4752774327546,33
709214,549.0206782613989,60
709257,389.9228000551775,43
709313,511.58005841361756,56
709371,529.1126034524048,58
709411,362.3197187830733,40
709466,498.26699566209896,55
709520,491.4587293514936,54
709576,511.3127964255559,56
709627,463.79824453262995,51
709669,381.1082471745335,42
709699,268.02304174532026,30
709737,343.77057020596084,38
709765,249.76665693274373,28
709822,521.2557791451121,57
709858,324.10848874962926,36
709888,268.36898119568616,30
709934,417.5779026119508,46
709959,220.70386383353178,25
709978,164.98505626685855,19
710027,445.16403854489164,49
710064,332.5731282075737,37
710112,437.11363604389373,48
710153,370.95417065604676,41
710211,527.9195683926263,58
710243,287.18864045669756,32
710296,482.9217172283942,53
710377,743.1099215627902,81
710439,567.0006841300743,62
710506,614.3327591984005,67
710561,501.7995701086691,55
710582,183.97161147122904,21
710626,399.46128698932836,44
710695,632.9307213549664,69
710746,464.1711856383424,51
710768,193.03363086324075,22
710812,399.81482789632406,44
710845,296.2566680712538,33
710906,558.244064199639,61
710941,315.0326517857454,35
710985,399.7161417328301,44
711019,305.64636664221825,34
711081,567.009566042886,62
711107,231.2226067853044,26
711133,230.57643352927767,26
711180,425.9239482682052,47
711275,873.840012445493,95
711314,352.5389511783348,39
711369,501.7703107498601,55
711397,249.32032886409377,28
711505,995.2762185993224,108
711557,472.71609343823224,52
711600,389.6423316716806,43
711643,390.1646449580207,43
711664,184.14298022762796,21
711770,977.5682169528457,106
711849,725.1794394443186,79
711883,304.5713530857084,34
711930,426.60473035139955,47
711970,361.48967279621786,40
711995,221.40404168609234,25
712030,315.3007374485004,35
712080,454.8921410322945,50
712133,483.16123180393134,53
712190,519.9083206845334,57
712221,277.0965113683958,31
712254,296.392367400272,33
712283,259.3636244223733,29
712316,295.5536944613804,33
712360,399.56201861780295,44
712383,201.62008630426558,23
712429,415.54358753423384,46
712502,668.0994148127912,73
712538,324.45646627593317,36
712567,258.9321404909326,29
712605,343.89155344052176,38
712649,399.00224420546004,44
712690,371.19111893698266,41
712731,371.48661816957195,41
712765,305.98411676147447,34
712794,258.94038146683937,29
712836,381.0196842711794,42
712883,427.6266426572452,47
712932,445.76653361459614,49
712966,305.8460102459985,34
713001,315.3603358719388,35
713037,324.54107105415665,36
713085,435.97006631989996,48
713158,669.3620440118085,73
713239,743.5992682930284,81
713276,334.1847594417916,37
713340,586.1721707741085,64
713405,595.2742327504986,65
713439,306.2228204690802,34
713468,258.7537852299227,29
713540,661.1353767871457,72
713585,408.8735435221642,45
713633,437.38409252129566,48
713678,409.1828679213171,45
713743,595.5962927063274,65
713787,398.99250019531496,44
713839,473.9593667431775,52
713887,436.7436400528479,48
713935,436.7803309179971,48
714015,735.0085246951045,80
714052,334.46515358654995,37
714088,324.98098551058155,36
714138,455.24665987563975,50
714184,418.4850146191711,46
714211,240.0512364110416,27
714233,193.58088741966964,22
714274,370.7656521566113,41
714308,306.33665840962635,34
714368,548.2274093781756,60
714400,286.93291252556986,32
714436,324.7371041999038,36
714488,474.1822060536729,52
714540,473.6200280147173,52
714565,220.47609829683918,25
714675,1013.750902317924,110
714729,493.1905523206096,54
714781,474.702508050028,52
714811,268.3053775829186,30
714848,334.27030726160615,37
714901,481.90903608798646,53
714934,296.6592771193031,33
714977,389.6563337198567,43
715019,381.2940805880178,42
715062,389.6225036162964,43
715088,231.0059431508171,26
715116,249.99583737521908,28
715151,315.9450738776444,35
715216,594.6075038703158,65
715261,408.304020273661,45
715312,465.0075526268429,51
715345,296.53625796376133,33
715384,352.5827843375819,39
715424,361.8438462544792,40
715477,483.899321012526,53
715520,390.1218780466917,43
715561,371.8730881647891,41
715596,314.54349708339294,35
715645,445.28150089215444,49
715706,556.5670164848799,61
715719,108.37645699120884,13
715750,278.0753014545961,31
715794,399.34380173555024,44
715825,277.6409558801598,31
715857,287.5505088160076,32
715932,687.9129003333245,75
715972,362.82550496004814,40
716024,472.6226776445098,52
716046,193.32332774488577,22
716128,752.3596836510824,82
716162,305.72233383621204,34
716195,296.76652961173664,33
716250,501.3393079243146,55
716297,427.5168839505773,47
716356,538.7412918539017,59
716388,286.24954623164734,32
716421,296.4711349597439,33
716452,277.91218552386636,31
716486,306.12022455265407,34
716529,390.1046508997608,43
716555,231.16190367584778,26
716627,659.5878673028781,72
716663,324.79439762206175,36
716711,437.10772460016756,48
716725,118.23630801888717,14
716771,418.73561776629975,46
716810,352.8289556155348,39
716842,286.656396032795,32
716881,352.9100708940728,39
716936,501.5269618070309,55
716973,334.2061563427252,37
717016,389.9060674735303,43
717062,417.10179974996146,46
717106,399.08938694361996,44
717145,352.43494548665615,39
717186,371.39678740280283,41
717213,239.59157933285195,27
717244,277.0770112567898,31
717282,343.66929951970786,38
717322,361.9818581698027,40
717366,399.7244382731197,44
717425,538.6910436137514,59
717474,446.5792505324923,49
717519,408.81073332786053,45
717548,258.92582182780427,29
717604,510.7625716862881,56
717653,446.10132415122575,49
717719,602.5326213251187,66
717754,315.0858542308549,35
717811,520.1934436107779,57
717848,333.5661523495348,37
717860,97.11143876808343,12
717895,313.3276883053273,35
717974,724.1567893172593,79
718009,315.57350036745964,35
718045,324.64437208216606,36
718101,512.338685528734,56
718143,381.2837744118406,42
718177,306.4573987589754,34
718221,399.09144542017555,44
718254,296.9311025741996,33
718288,306.01052180093006,34
718316,249.3914084853572,28
718399,763.4444245686248,83
718429,268.84981999117855,30
718480,464.02679701338127,51
718553,670.9598529066022,73
718586,296.9217315100813,33
718611,220.95016839360164,25
718641,268.0219928373804,30
718674,295.6791691396582,33
718726,473.08129579673476,52
718771,408.2055627721824,45
718810,352.5819422669417,39
718846,325.11166765789875,36
718885,352.8136521035909,39
718922,334.5211321232939,37
718959,333.3925698303768,37
718991,286.4294111716951,32
719026,315.6912619868987,35
719066,361.7165094276207,40
719101,314.6970334119228,35
719158,520.4280109963422,57
719196,343.39997185639413,38
719230,304.57601632025023,34
719262,287.1608578350991,32
719294,285.7475729885981,32
719340,417.72687464164414,46
719379,352.94262750720026,39
719416,333.91862605199253,37
719476,546.5560166889265,60
719519,390.38975761063875,43
719592,667.8770810153695,73
719632,361.97176032921215,40
719693,557.828897421102,61
719746,483.1767559459085,53
719793,426.0273862151359,47
719841,435.829775618581,48
719873,287.31993720834026,32
719912,351.82048310614823,39
719950,343.1906063941377,38
719999,446.07562865048493,49
720033,306.1761072057252,34
720076,387.5340305297792,43
720103,241.046131894142,27
720162,537.9621771956674,59
720213,464.6230763799332,51
720252,350.6346866784149,39
720290,343.298400688592,38
720336,417.32150885193136,46
720378,381.01076741274574,42
720410,287.04613630085913,32
720453,388.66595581634454,43
720518,593.3196134769223,65
720564,418.28921595579936,46
720595,276.93307182065496,31
720628,296.8278318035097,33
720664,324.0795391545422,36
720684,173.8278703944355,20
720722,342.70044945467095,38
720757,315.6883912669604,35
720802,407.1588327477721,45
720853,462.6015903342593,51
720893,362.29420849739637,40
720924,277.3010914462591,31
720958,305.5911597806904,34
721002,398.2910207162128,44
721047,408.80923858789015,45
721089,379.34822534685617,42
721133,397.3139159716333,44
721168,315.4834837686047,35
721226,528.5461675061551,58
721270,399.7407019955739,44
721289,164.68272272015295,19
721335,417.5113473095445,46
721365,267.80950977289797,30
721396,277.30633644980674,31
721448,472.37836952444616,52
721484,323.243469566712,36
721527,389.04652036166004,43
721569,380.4211744467869,42
721598,258.62303181895504,29
721637,352.03876358887294,39
721677,361.72807250481316,40
721717,361.50526928668927,40
721757,361.7790092939998,40
721789,285.9822084204535,32
721874,781.2019874416325,85
721915,371.01218116123664,41
721973,530.3164157171248,58
722029,509.9043968908575,56
722072,389.9663363285382,43
722110,343.1512971654317,38
722140,268.0746182208216,30
722199,537.765592874053,59
722246,427.2290306561565,47
722276,267.779522255519,30
722312,324.3424228416016,36
722346,306.1467973477476,34
722384,343.7815392002583,38
722421,333.2397328795166,37
722456,315.0674370837099,35
722493,333.22614952250797,37
722517,212.0958393957285,24
722592,687.8012012446044,75
722640,433.75307120721453,48
722676,324.2490790722119,36
722714,342.4507063305737,38
722764,454.9966372326684,50
722796,285.6737543641152,32
722838,380.4468945549677,42
722898,546.4805269416007,60
722949,464.3973350707518,51
722992,390.39833410298286,43
723044,473.6420668891284,52
723075,276.30311840351584,31
723106,276.22088718875455,31
723158,474.09320253144153,52
723193,313.9085021198659,35
723244,464.88768760462443,51
723285,370.36155755937364,41
723320,315.702085006969,35
723355,315.3456662823866,35
723393,343.5808091103873,38
723426,296.59160230895503,33
723459,296.129112344839,33
723488,258.7068068317267,29
723536,436.54743530008574,48
723564,249.91880236502433,28
723631,613.123643781141,67
723672,371.6668365390791,41
723729,520.4761707846236,57
723767,342.53834851479854,38
723814,427.0679381424157,47
723852,342.98895453102585,38
723880,248.76336418628614,28
723893,109.99898446158255,13
723958,595.1254894563859,65
724008,454.48505689035574,50
724061,482.6431557279798,53
724105,397.73054176838036,44
724134,259.48663224216057,29
724178,398.6059347309907,44
724209,278.0564211266559,31
724240,277.6913862912716,31
724283,390.0438318100553,43
724328,406.71117115161246,45
724377,445.12548557710124,49
724409,287.2388623534387,32
724439,268.81057339549767,30
724472,296.450840238372,33
724505,296.2678357380678,33
724537,287.28343137807974,32
724584,425.7350115872917,47
724619,314.9635310987271,35
724670,463.269696465428,51
724708,343.1993182256284,38
724747,352.1398081476034,39
724795,435.10123175918363,48
724837,380.12581174192417,42
724856,165.26015059322216,19
724904,436.0398749590044,48
724957,480.9831961975663,53
724986,258.7772438649226,29
725029,389.56974703336545,43
725057,249.53337305758447,28
725097,361.64366184909574,40
725131,305.25305644197243,34
725159,249.7257761231403,28
725196,333.1078352342142,37
725233,333.00345707218855,37
725264,277.46301155878365,31
725289,220.6059320342404,25
725317,249.79055843777098,28
725349,286.2806695726929,32
725390,370.5977503935499,41
725422,287.04751234018426,32
725459,333.6163847397237,37
725523,585.4305857451608,64
725543,174.43672516893733,20
725573,268.96364019646836,30
725602,257.7091530286755,29
725630,248.929096133385,28
725676,416.3697253715206,46
725701,220.4049451710031,25
725741,361.2542640771699,40
725808,612.31364956818,67
725845,331.7543047815025,37
725886,368.22540578170447,41
725902,137.2777210409274,16
725941,351.3559284821849,39
725972,277.80855901441726,31
725993,183.80252586175723,21
726015,191.54079552588334,22
726055,361.46090805877265,40
726115,547.298829558155,60
726151,324.1719523402936,36
726188,333.2772419181681,37
726221,296.0177753730306,33
726257,324.64391756032177,36
726287,267.43303968321715,30
726326,352.42940908423435,39
726363,333.2420766393006,37
726395,286.68378981145116,32
726437,380.501011249492,42
726475,342.35832998603286,38
726547,658.3759892049147,72
726580,295.7436975017805,33
726609,259.1046007620995,29
726639,268.06309319449724,30
726677,343.1743258003589,38
726716,351.48000421901014,39
726745,259.100198719525,29
726801,510.7399769884708,56
726830,258.92640243282915,29
726861,276.8446193959892,31
726896,315.1836324209913,35
726914,156.12767526784646,18
726945,275.4554150976761,31
726969,210.0791061918054,24
726982,109.84228361650553,13
727010,249.57966693177661,28
727040,268.53260445149135,30
727062,193.2179238769639,22
727111,446.32611586606515,49
727141,267.23867159704713,30
727168,240.78188957296422,27
727189,184.0092129939608,21
727217,249.27851110620983,28
727261,399.0987190137714,44
727298,332.20415116898806,37
727351,482.4216438224862,53
727384,295.66449453323474,33
727416,287.1853270731479,32
727442,231.1615702295422,26
727483,370.749649423078,41
727506,202.94386774849292,23
727551,408.59706430906846,45
727570,164.48213875599777,19
727606,324.2080258274326,36
727649,389.71985873871,43
727695,417.11150078384327,46
727720,220.20320310630393,25
727752,287.2620479160202,32
727853,930.0825056851228,101
727879,230.29690294222812,26
727918,352.18429529859986,39
727949,277.4810406307794,31
727999,455.16972214454137,50
728034,314.8390870582787,35
728066,286.79691357549535,32
728102,324.5839232983434,36
728140,341.9079313097136,38
728165,220.5660472234838,25
728188,202.52691846518698,23
728233,407.72717262482695,45
728265,287.71234724592273,32
728322,520.2819854932286,57
728345,202.8114561696174,23
728393,436.66082344264123,48
728441,434.84522732501523,48
728473,285.00832247761895,32
728491,155.60732379581614,18
728524,292.04962175091686,33
728554,267.34915405861545,30
728595,371.3736056115132,41
728639,398.2971369891485,44
728676,333.74168996262995,37
728690,118.85318701145252,14
728723,297.2177129458904,33
728791,623.3266810716384,68
728832,370.60149953655093,41
728872,361.89641753965816,40
728894,191.4939762803879,22
728929,315.2714800923242,35
728957,249.18409039239285,28
728978,183.87340935290612,21
729024,417.03024584246765,46
729066,380.4522241824507,42
729105,351.8239736531483,39
729142,333.24069663162373,37
729173,278.4598530750837,31
729203,269.0361442005541,30
729249,415.95594750579613,46
729287,343.24340868128326,38
729327,361.6839872659494,40
729363,320.9514018418035,36
729395,287.4146557664512,32
729438,389.0776285073554,43
729473,315.5180114074101,35
729502,258.5383047603875,29
729539,334.328218975287,37
729604,594.3092084014041,65
729641,333.2745509417437,37
729682,370.97744253379193,41
729766,770.4393752272141,84
729810,397.4292081858418,44
729828,155.49210839949214,18
729863,315.36646101860293,35
729888,219.0083720897634,25
729910,192.85497083906057,22
729952,380.3352581194264,42
730006,491.837751464478,54
730038,286.9494858777163,32
730067,259.1505958118415,29
730098,278.4463454190114,31
730147,445.8039798021333,49
730182,315.8038152713677,35
730216,302.73815401615127,34
730234,153.21942965278024,18
730276,379.69327424615653,42
730324,435.81264922775756,48
730349,219.87613674049177,25
730368,163.98772887771634,19
730395,240.48104882372414,27
730420,220.90185270829733,25
730456,324.059782710039,36
730496,360.6629890342592,40
730525,259.3498155499594,29
730559,305.7681916723348,34
730589,267.82081495728085,30
730619,268.0823796921332,30
730656,333.9847355305563,37
730689,296.5219584822343,33
730753,583.4447500444005,64
730778,221.39841005615122,25
730819,371.45826270201275,41
730850,276.8979159004622,31
730864,118.27582282676262,14
730883,165.15952382317576,19
730901,156.17513524033745,18
730978,705.5674720657761,77
731011,296.1260480926813,33
731053,380.736548759394,42
731088,313.8793861422367,35
731130,380.0769449023007,42
731165,315.19297076783533,35
731207,379.69556069789365,42
731245,340.5172538750581,38
731267,192.05912304210818,22
731307,361.6766701856325,40
731348,371.0814402669447,41
731388,361.2401135733451,40
731421,296.0837734891229,33
731452,277.2862766263627,31
731471,164.75062552227,19
731517,416.4473612007781,46
731547,266.8092678647496,30
731584,333.78281135186745,37
731615,278.090844770557,31
731657,380.3152198708947,42
731685,248.65710924170915,28
731715,268.79750722066393,30
731756,369.2724163428062,41
731799,389.2658553181196,43
731826,240.6518409491763,27
731854,248.3818579294146,28
731875,181.51898468924915,21
731928,482.51460181150725,53
731957,259.5347523790894,29
732001,398.3695361898899,44
732038,333.5943604803486,37
732069,278.03293177201203,31
732087,154.947609617161,18
732104,145.70471206924225,17
732142,342.7724267692056,38
732171,259.12152914194456,29
732203,287.38486037223095,32
732237,306.068728165894,34
732267,267.6270570984207,30
732301,304.84363122733004,34
732319,153.7522079697257,18
732343,212.1358944173824,24
732375,287.33859506640493,32
732415,361.57036016456493,40
732479,583.2147133977629,64
732523,399.04365912526663,44
732572,444.39788067849446,49
732605,296.35314264128993,33
732647,378.74984964147956,42
732676,258.6963249444684,29
732694,156.48957556849348,18
732747,482.173070147915,53
732768,183.44182245748635,21
732805,333.7107705872453,37
732831,231.1834213515387,26
732860,259.10982409840176,29
732901,370.4987625133879,41
732938,333.52077216851245,37
732978,362.01096489702144,40
732995,146.53130201399804,17
733028,296.06093163903006,33
733068,361.4348848098694,40
733105,333.5959855494362,37
733148,389.66600828939687,43
733184,323.557016754698,36
733219,314.9574401597864,35
733253,306.28031387722365,34
733287,306.35159280916866,34
733322,315.3595838338944,35
733353,277.8624530997782,31
733385,286.5795448543683,32
733440,500.874680922742,55
733471,277.85746545920614,31
733511,362.1552882283077,40
733550,352.7998801204526,39
733586,324.02618201763306,36
733655,631.4307287573553,69
733683,249.0384866735023,28
733719,323.91100225855104,36
733754,315.06309608403865,35
733779,221.09411563299653,25
733822,389.22790545836494,43
733862,361.0018671950644,40
733911,445.7992775702289,49
733943,287.4572845285977,32
733975,286.48671376759876,32
734007,287.55177258690327,32
734042,315.1281855209284,35
734101,538.5049692617987,59
734127,229.93685036718267,26
734174,426.5866239174406,47
734212,343.31056128125033,38
734243,277.6545415753061,31
734272,258.55824123944154,29
734320,435.49836261736397,48
734333,109.12799017822037,13
734378,405.5222154297069,45
734398,173.71985474767624,20
734442,398.86456231054075,44
734505,576.1598657071518,63
734542,333.90628955351957,37
734576,305.0754596082654,34
734609,296.25184973426127,33
734638,257.801683157786,29
734674,324.1389641319249,36
734701,239.86043271644246,27
734720,164.95305745674494,19
734744,211.8682266167062,24
734772,246.57962230357904,28
734810,342.8112007599243,38
734845,314.24480243627454,35
734874,258.8083663533608,29
734901,238.20597098994574,27
734910,72.8159528090113,9
734935,220.66033001483814,25
734963,249.6834155816908,28
735014,463.7450856034222,51
735045,277.69965225267225,31
735080,314.62281667362697,35
735114,305.74425956192766,34
735140,230.53927354884084,26
735166,231.1818082439649,26
735193,239.23158297650113,27
735239,416.9923876241775,46
735277,342.51489379268634,38
735315,343.40647348292964,38
735329,117.8179681325084,14
735346,146.4720462765595,17
735376,268.8453971653514,30
735414,343.3704277291625,38
735447,296.28267435776604,33
735489,380.81930844201605,42
735530,370.48950996622875,41
735557,240.84090200262114,27
735586,258.49512443217304,29
735615,258.7989541592083,29
735656,370.8604755947012,41
735685,259.42526422187296,29
735709,211.74475155765163,24
735746,334.2580097510752,37
735774,249.18449376414506,28
735807,296.49416011599294,33
735822,127.52968567892536,15
735841,163.30191743306318,19
735869,250.00290745455808,28
735894,218.8153307800589,25
735934,361.36862849849393,40
736000,604.6397297064096,66
736019,165.39592512418437,19
736057,341.93240506557464,38
736070,109.21104709702867,13
736128,528.2413652313463,58
736172,398.7466863201788,44
736199,240.09297881283186,27
736232,295.8822983308293,33
736264,286.52894295031604,32
736306,380.7756273781828,42
736340,305.06191919487037,34
736373,295.9156774168403,33
736403,267.86684593613535,30
736446,389.5599335911204,43
736486,361.3771742814758,40
736561,687.7528375490349,75
736612,463.38352818930946,51
736650,342.0332079245517,38
736659,72.70670153964758,9
736698,352.99873561361915,39
736733,314.5032285111389,35
736752,164.3528195252546,19
736780,247.5164704112849,28
736815,314.60370956229195,35
736878,575.377415923272,63
736926,435.19108331558834,48
736967,370.8310885150676,41
737004,333.7583950827564,37
737048,398.3262301823307,44
737064,137.34889098034935,16
737092,250.04683911061466,28
737135,389.53981670589815,43
737164,258.4602312322427,29
737198,305.52841526691134,34
737228,267.61091705402833,30
737272,399.41285528208084,44
737311,351.81454943322876,39
737347,323.18320084861426,36
737386,351.9775751818953,39
737404,155.29603758674975,18
737430,231.34387493084034,26
737449,165.28109521303222,19
737490,371.19008950845506,41
737554,584.8719551302061,64
737577,202.60000513848945,23
737598,183.3689179558487,21
737624,229.9491507977134,26
737653,258.50014636012054,29
737670,146.067916293748,17
737701,277.90002072146234,31
737719,156.5476631090638,18
737747,249.41486875878238,28
737777,268.3729933365412,30
737793,136.92022215090654,16
737810,146.76393187410855,17
737848,342.5747853283823,38
737882,304.1862064524916,34
737899,146.25006530573685,17
737943,398.85554692340406,44
737991,433.04722404023005,48
738022,277.3306512412123,31
738065,389.08111783942985,43
738108,388.311912941644,43
738148,361.45423272657575,40
738183,314.14494316527754,35
738233,454.8203300623415,50
738253,172.98565015564276,20
738295,379.452338697271,42
738376,743.4866533021427,81
738392,137.90914988808066,16
738423,277.87140010942414,31
738476,483.3112842531645,53
738504,249.57452629549522,28
738520,136.89985956752577,16
738553,296.13312928956117,33
738580,240.53840194031102,27
738613,295.8521703628044,33
738654,370.4771397496092,41
738697,389.10264677900886,43
738715,153.1289294076624,18
738746,277.88526098913604,31
738787,370.4545815334603,41
738802,128.6078956046608,15
738832,265.70109879853624,30
738876,397.0980651172013,44
738904,250.05928137637937,28
738933,258.1382353909223,29
738968,310.9472866466398,35
739024,510.71311788982246,56
739057,295.6926543343914,33
739096,352.82851584430557,39
739136,361.65417768621205,40
739171,315.04452209656483,35
739206,315.5914152242634,35
739240,305.3704176609603,34
739265,220.20239153087175,25
739293,249.74060470968638,28
739324,277.84745112974116,31
739363,352.53753840448695,39
739410,427.12386907814977,47
739446,324.4261369327458,36
739461,127.8210142545982,15
739511,455.0004457516576,50
739548,333.10998952398137,37
739569,183.25250204035484,21
739622,482.75217644248954,53
739665,387.4305656076983,43
739711,417.45452329135605,46
739731,174.7051756575249,20
739775,398.93824660481624,44
739793,156.24468467220322,18
739822,258.5071550696141,29
739852,268.0218886693069,30
739885,296.4899383911724,33
739910,221.51931578069625,25
739941,277.7237349379938,31
739982,370.71169262856614,41
740020,342.2448196880296,38
740052,286.9603564016017,32
740077,221.20631470350938,25
740116,352.44066952854234,39
740151,313.5372949467092,35
740183,287.7024435314768,32
740238,502.03777172184397,55
740282,398.97199316094816,44
740328,417.61820264529456,46
740357,258.4604686205491,29
740388,276.49162493975325,31
740419,277.95707650917586,31
740459,359.23893743463395,40
740497,343.428112035804,38
740530,295.8173308999636,33
740588,527.9661604842437,58
740618,268.30179994556835,30
740641,200.46523729836503,23
740659,153.47946431551657,18
740707,436.6816042090558,48
740745,342.8258958727028,38
740781,322.5634439076827,36
740822,371.6661755635265,41
740854,287.76065309036136,32
740894,362.54720110636345,40
740945,464.8244496804036,51
740979,305.79806782709255,34
741020,370.53557635779646,41
741046,228.92982158674232,26
741063,147.4027294562257,17
741110,425.9619665346012,47
741156,417.7778694179097,46
741187,277.5594709215594,31
741216,257.92561119756084,29
741234,155.35166919513227,18
741269,315.64416106451847,35
741279,81.42494726977148,10
741321,380.83302120847884,42
741352,278.30860697265996,31
741384,287.2550855868466,32
741427,390.2393383375518,43
741464,333.53419314808286,37
741497,296.3250659391251,33
741577,733.2905281522726,80
741646,632.4357374778277,69
741680,305.911815740498,34
741697,146.5095184312264,17
741722,221.90392511650657,25
741756,306.48753648508944,34
741783,239.58682374894298,27
741816,296.5835834716372,33
741847,277.88406471641827,31
741882,315.08221753912767,35
741914,287.42890869898207,32
741967,482.6984561232813,53
742000,297.12837084877987,33
742037,332.2900308224325,37
742075,342.49703549148484,38
742096,183.27941874362418,21
742132,324.6101925563589,36
742152,172.86494583841366,20
742180,249.60641621476773,28
742234,492.13245502506913,54
742271,334.0051744456006,37
742359,808.365628362826,88
742387,250.34885453888242,28
742424,332.81536765285273,37
742463,351.21535663966944,39
742504,371.2277871958554,41
742535,277.96958418802024,31
742569,305.3921530159532,34
742600,278.38655652001455,31
742634,306.31522485629944,34
742660,227.98487490820347,26
742694,304.76334640950824,34
742726,286.929039269325,32
742759,295.82536270434576,33
742803,398.45640254948336,44
742820,146.40426416748625,17
742849,258.59929312112683,29
742884,314.7782586812302,35
742914,268.3569732664907,30
742949,315.69572471876455,35
742991,379.6428579255015,42
743020,259.2040797670011,29
743048,249.7898575152125,28
743086,343.60107035991354,38
743128,380.21122472718474,42
743148,172.67102371939822,20
743186,343.76042087124654,38
743230,398.9399419600364,44
743257,239.9999671709991,27
743281,209.308643232213,24
743320,352.436635478565,39
743372,472.6594342836924,52
743412,362.3839241701637,40
743465,483.0780949754873,53
743499,306.09933244313345,34
743536,334.0150408318094,37
743563,238.2086006902133,27
743593,267.4949662678355,30
743637,398.07324496596505,44
743686,445.75026389430604,49
743726,362.1409678978875,40
743784,529.8539239321987,58
743844,548.5047486973034,60
743876,287.78969055715135,32
743909,296.3707202990671,33
743949,361.9666365533141,40
743993,399.4996206721882,44
744021,248.78819615805503,28
744058,333.8911267632914,37
744124,603.4058565504401,66
744180,511.45048459871145,56
744222,380.550472752243,42
744263,371.5104306506172,41
744289,230.54014108154337,26
744320,277.91372748079436,31
744353,296.4335033107941,33
744429,698.544025534844,76
744464,315.1745413363462,35
744522,530.8969478649158,58
744586,585.0988941777529,64
744658,660.07045174308,72
744689,274.5665396676086,31
744731,381.20616111380275,42
744783,473.17446640313307,52
744837,492.729407085349,54
744869,287.187081706278,32
744914,408.83145057670777,45
744944,268.3419997269445,30
744966,192.64455473725113,22
745008,380.44874103632975,42
745059,463.95742331357656,51
745085,231.06534326609412,26
745106,184.38562989805257,21
745122,137.18163515663835,16
745186,586.2212810807041,64
745225,353.2099034236294,39
745255,268.726248276753,30
745273,155.82199522081774,18
745305,287.45690120733093,32
745353,434.95829345296727,48
745393,358.28128135684653,40
745432,352.5374673832778,39
745461,259.7079691500738,29
745497,324.6317949208212,36
745532,315.48565818638923,35
745576,399.32688085876583,44
745623,427.55775704139944,47
745656,296.33194554330777,33
745691,315.4081041519001,35
745720,258.6668587267822,29
745764,399.35612727927077,44
745794,268.2081454743488,30
745818,212.01465598305046,24
745853,315.767983097244,35
745872,164.91536525660044,19
745919,426.78707832329314,47
745944,220.9696072121223,25
745990,417.4688329253155,46
746022,283.09009304911336,32
746057,315.482043051147,35
746092,315.042364382611,35
746123,277.525322088547,31
746163,361.0364885810572,40
746190,239.83936927644038,27
746221,278.515829328855,31
746265,399.45271329205445,44
746318,483.83531588135355,53
746336,154.5020895526808,18
746379,389.13280564589553,43
746418,352.41259770733825,39
746460,380.5399693278345,42
746491,277.97900517303265,31
746530,352.8992604665816,39
746565,314.647028867816,35
746606,371.42513506631576,41
746646,362.28124747604727,40
746681,315.46550989710306,35
746717,324.0854355629175,36
746750,296.9900406951967,33
746791,370.7776868763891,41
746828,333.1900327752357,37
746859,276.54551254509704,31
746884,220.552104808208,25
746914,268.41068442484976,30
746956,380.0954274949812,42
746992,325.19461682864363,36
747029,334.11005569790535,37
747072,390.38503012237777,43
747104,286.01764821433426,32
747142,343.9682997363857,38
747202,546.6883285616692,60
747252,454.9853858855116,50
747313,558.3090595467977,61
747328,127.85586431790324,15
747365,334.01817524384137,37
747404,352.60300098101646,39
747440,324.63644454397564,36
747473,296.56737927650175,33
747537,586.3363719668446,64
747576,351.65170006019616,39
747600,210.57911663472797,24
747634,305.80787345032667,34
747660,230.5378195661686,26
747726,604.5097787137767,66
747766,361.95186675519426,40
747817,463.7250552577315,51
747856,351.98443496841907,39
747891,314.05581782443807,35
747940,444.90434894973316,49
748008,623.0024802752062,68
748051,389.11637038522275,43
748079,248.39295386282504,28
748117,343.05199007441604,38
748167,454.5774017407809,50
748211,398.81199256244383,44
748246,315.0896674398599,35
748285,351.675417296064,39
748320,312.7466622589862,35
748363,389.43646140214713,43
748394,277.37023512956694,31
748441,426.13490619955746,47
748482,370.3848937593674,41
748513,277.6943961233732,31
748544,277.8526578911858,31
748582,343.55645779686137,38
748604,192.26533913208232,22
748646,379.94877537048586,42
748738,846.8437004448558,92
748779,370.8716604956816,41
748822,389.9129483678796,43
748854,287.07484524914065,32
748897,389.7347073421219,43
748940,389.75425596326465,43
748968,249.33617437773918,28
748997,257.7803740599102,29
749030,293.8464668255451,33
749065,315.84503289949276,35
749096,274.6017752221851,31
749128,286.582825051474,32
749159,277.60104795432466,31
749197,343.5040358961686,38
749243,417.10744293494014,46
749284,371.45639903309495,41
749310,229.46836421400468,26
749341,277.7761800075731,31
749387,418.24819846580937,46
749438,465.1861428093138,51
749482,399.25479534951376,44
749510,249.79576360175687,28
749556,418.0031905746536,46
749595,353.03703906352524,39
749634,352.39374591422956,39
749667,296.8071137332428,33
749711,400.20399826342526,44
749754,389.8438905251271,43
749787,296.3180245667744,33
749818,277.9315248189153,31
749858,360.6251643392425,40
749898,362.2634822589026,40
749927,259.6808825098908,29
749982,502.1209444832016,55
750012,268.0154495193228,30
750042,268.4218507402307,30
750076,306.03410277617115,34
750098,192.98122107038347,22
750134,324.72566975887395,36
750187,483.5309528753463,53
750221,305.9962858584585,34
750296,688.8468661397706,75
750334,342.9761177410521,38
750385,464.0600484416238,51
750423,343.6018682296863,38
750467,399.66276423810433,44
750520,482.81896255265036,53
750561,370.7545704871045,41
750594,295.9972817489829,33
750632,343.38510954343354,38
750671,352.4862199528587,39
750716,408.8130321284646,45
750767,464.99527895004655,51
750799,287.43159410072246,32
750842,389.1085613316278,43
750882,362.12516921001827,40
750917,315.2567635008962,35
750956,352.61616298698647,39
750988,287.78628575716874,32
751025,334.0503518828352,37
751089,586.3577820736614,64
751118,259.1740377012403,29
751148,267.83474895400593,30
751181,296.9617325717951,33
751228,427.56030770306415,47
751272,400.1374859574043,44
751357,781.4206851474823,85
751387,267.60548017485314,30
751402,127.45037571659473,15
751453,465.2587354368866,51
751483,268.02523982564395,30
751540,520.6417243342233,57
751621,744.5608915671793,81
751693,661.5224444190463,72
751758,595.628984597913,65
751807,446.41064062211194,49
751852,408.8628473103323,45
751940,808.4859407282219,88
752000,547.6853599486105,60
752046,417.0755219859745,46
752084,342.8825287019457,38
752138,493.37741700116294,54
752176,344.11196411242514,38
752236,548.7358421177917,60
752254,156.30243278300765,18
752282,249.5777992073466,28
752318,323.8473249400695,36
752333,125.98346573821894,15
752395,567.2971771849462,62
752436,371.4931881581578,41
752563,1173.6888923024571,127
752611,436.9169884826585,48
752624,109.1668400637497,13
752673,446.25243619209255,49
752727,492.98098717770876,54
752757,268.49556400009016,30
752795,343.2826061314907,38
752869,680.1613441159714,74
752923,492.2514651984079,54
752964,371.75834602073417,41
753019,502.3512959394515,55
753053,306.303303770478,34
753102,444.46908235731183,49
753138,325.23146562249104,36
753170,287.2800765840938,32
753242,660.4810546263312,72
753316,680.334883889572,74
753369,483.09674319680136,53
753406,334.21879549042535,37
753434,249.87110695118318,28
753463,258.9795085184483,29
753519,511.209130427107,56
753555,322.8476379525736,36
753602,428.0091966617818,47
753684,752.6959489951984,82
753726,381.0120470646157,42
753772,417.0924463937634,46
753816,399.72492976906784,44
753862,418.3809037384199,46
753889,240.4803051029517,27
753924,314.64976715048675,35
753981,519.9993699938285,57
754014,296.37590332440703,33
754044,266.9738299024234,30
754079,315.16846798873775,35
754119,362.3861110686872,40
754164,408.8119274737975,45
754196,287.69191192992383,32
754250,492.07912192516864,54
754284,306.3380777390878,34
754340,510.67472261791653,56
754387,427.4553676906814,47
754422,315.2516748051552,35
754452,268.81521178632795,30
754481,259.1574119764813,29
754529,435.3643975184775,48
754589,547.8682216174477,60
754630,371.92601777860745,41
754662,285.83224628728703,32
754697,314.98555543885806,35
754732,314.95521845285396,35
754760,249.3461858235008,28
754793,296.2025216369293,33
754841,435.30765208784004,48
754884,390.768736884762,43
754915,277.2147542050148,31
754940,221.567489419496,25
754972,286.9850896016728,32
755004,287.3700948642585,32
755035,277.7652509310536,31
755074,352.91963506876505,39
755093,164.78529133402623,19
755179,790.0528395887029,86
755240,558.0561913514011,61
755273,296.45046968081607,33
755310,333.86256813382226,37
755339,259.7052159834492,29
755371,284.92003817273974,32
755391,174.79042582390193,20
755455,585.0080127583975,64
755500,406.98053058019104,45
755538,343.4757839934047,38
755570,287.24254901772264,32
755611,371.75583062938904,41
755646,315.33721666620727,35
755673,240.59869849885416,27
755710,334.200808131477,37
755757,426.91997291898167,47
755797,361.6093680748625,40
755824,240.3579524467652,27
755859,315.5350595334616,35
755909,455.3352766361315,50
755942,297.2502916157689,33
755973,275.948184182732,31
756014,371.032707251703,41
756043,258.63781961160527,29
756081,343.2258925305606,38
756130,445.9452489763442,49
756162,287.57151774651896,32
756189,240.15185824794872,27
756218,258.65988676121725,29
756252,306.2159812630728,34
756288,324.44566271125865,36
756322,305.7762619660675,34
756354,286.9210909505799,32
756398,398.24453258516263,44
756435,334.525944165165,37
756464,259.1292297921341,29
756500,325.2242071019122,36
756527,239.21638880811545,27
756555,249.64747690000206,28
756591,325.25293214065124,36
756626,315.534947054027,35
756654,248.89350059905036,28
756687,295.88966387648065,33
756718,277.62967893255694,31
756755,333.849537675934,37
756785,268.7428553358381,30
756820,314.3659975318959,35
756857,334.53103259581906,37
756896,352.6318484495082,39
756945,445.1231297943847,49
756991,417.6578048076172,46
757023,285.3019424609412,32
757077,491.52966166831857,54
757129,473.6582759160837,52
757176,427.3061824801056,47
757218,380.04343561125404,42
757259,371.6725105374169,41
757269,81.60562812977844,10
757311,380.2717458303715,42
757358,426.61819834221427,47
757423,594.8660265778137,65
757445,192.85500765509957,22
757489,399.0223058739317,44
757519,266.7354685870289,30
757572,481.90145578261667,53
757619,426.6843660656009,47
757647,249.05538543299082,28
757685,343.428802870873,38
757705,174.7483385189994,20
757744,353.1338718039855,39
757787,389.5916788786885,43
757807,174.25051162044204,20
757841,306.212148972225,34
757880,352.70573686682536,39
757920,361.76779330732484,40
757948,249.19708396412307,28
757989,371.0053268172558,41
758027,343.25305774383224,38
758054,240.8345019638887,27
758088,305.96521563666806,34
758126,342.9360186158819,38
758156,268.6561213211491,30
758200,398.30931464329524,44
758228,249.73051131258742,28
758265,333.72049173025005,37
758293,248.77644490659173,28
758324,278.5369818243338,31
758354,267.1647935173147,30
758390,323.176412468604,36
758428,343.5994849556094,38
758451,202.15365384901216,23
758477,230.54128410411596,26
758519,379.5430710129358,42
758570,463.06467864681207,51
758603,296.45603358744563,33
758645,380.2382031005221,42
758661,137.99155957156677,16
758705,399.6764805683032,44
758748,389.69287574873096,43
758802,492.53773190320317,54
758829,240.70926507014386,27
758870,370.5779222645277,41
758915,408.3342235140219,45
758935,174.70382123092418,20
758989,491.6296419883218,54
759007,156.04900522262176,18
759053,416.8101953899321,46
759067,118.52521120207798,14
759099,286.8723818302622,32
759133,305.77382914230486,34
759179,418.19591714760764,46
759217,343.1836956529605,38
759265,435.6228908119202,48
759298,296.58664407602686,33
759335,334.05994900856643,37
759366,277.7438417768845,31
759397,277.7759288449904,31
759432,315.37309724495265,35
759467,315.1672156316135,35
759511,398.5434102110004,44
759552,371.20768212291074,41
759586,305.8077363399745,34
759625,351.8811172156051,39
759665,361.80709472591735,40
759695,267.55782700434986,30
759726,277.3925111327365,31
759763,333.87401237729955,37
759825,566.1054117113499,62
759868,390.7897765765707,43
759903,315.5454158877479,35
759944,371.5481581142597,41
760097,1415.8868020195976,153
760129,287.43307343323477,32
760159,268.5011591580767,30
760186,240.3824690373588,27
760228,380.4695367426251,42
760282,491.95961575628746,54
760327,408.66088690404325,45
760383,510.63317532952624,56
760414,278.19063466868846,31
760459,408.8422826218356,45
760499,362.235528632457,40
760539,361.2827430301819,40
760579,362.21023096474715,40
760619,362.03738667576147,40
760651,287.3774213378425,32
760698,427.5004327945469,47
760743,408.69335378210525,45
760814,649.114550153862,71
760858,399.4209090270466,44
760896,342.09388527989404,38
760937,371.78923710838103,41
760969,287.07485549966157,32
761006,333.167199485384,37
761041,315.0768779440671,35
761074,296.7879826131301,33
761111,333.75078846632624,37
761141,268.484226958646,30
761163,193.10321057824166,22
761206,389.29160094859543,43
761243,333.9159572563873,37
761276,296.62566418704563,33
761314,343.9631269878343,38
761366,474.3970800040999,52
761443,706.0693569946965,77
761532,818.9083827112825,89
761600,623.3738028614591,68
761630,267.98553534817955,30
761684,493.10344592497745,54
761728,400.0657653957518,44
761761,297.30383359284104,33
761788,239.46271892538337,27
761824,324.43525453353897,36
761862,342.68547409943716,38
761892,268.9240718806774,30
761939,427.84201005271797,47
761991,473.65249807597314,52
762027,325.1974038000157,36
762074,427.12871381568584,47
762149,688.1973164915305,75
762196,427.66570944992407,47
762247,464.3976776789634,51
762293,418.5387581801903,46
762322,259.15321517200937,29
762360,343.45678523312597,38
762408,436.79324589467655,48
762480,659.9737684503438,72
762534,490.23701058320927,54
762577,390.5325647258262,43
762634,519.0895085886524,57
762671,333.552329992116,37
762712,372.02476891605056,41
762762,455.4885045915591,50
762793,277.90097454072423,31
762823,268.27250504276157,30
762853,268.59874933273466,30
762894,369.4615290009525,41
762942,435.51580690085245,48
762992,454.61162994049715,50
763025,296.83069485896095,33
763062,334.15485432914085,37
763145,761.7667194980709,83
763189,399.28871738208267,44
763242,482.19938445046,53
763266,209.72742652855456,24
763304,343.59307296279894,38
763356,474.0775590896573,52
763385,259.20393611120176,29
763419,306.03662181820596,34
763455,324.3443217900414,36
763486,278.1982594520055,31
763531,408.39478766588655,45
763544,109.50300953087464,13
763581,334.25743795193176,37
763626,405.81433259575545,45
763667,371.5790965716005,41
763699,287.0944684101954,32
763777,716.2372811896431,78
763805,250.07543504492583,28
763876,651.3144339341648,71
763918,380.1879360640782,42
763965,427.7453560131618,47
763998,296.3891794204791,33
764035,334.1532606073122,37
764080,408.75688750553303,45
764118,342.87252150992146,38
764179,557.5136196078441,61
764209,267.7213137182713,30
764226,145.3198325655037,17
764281,502.1755415457299,55
764330,446.34782119289,49
764371,371.70241981196835,41
764403,286.50320246873815,32
764458,501.5592787946877,55
764472,119.07064088736327,14
764521,444.9059709904718,49
764574,482.5773193193026,53
764619,409.0170835317995,45
764648,258.67663365719545,29
764678,268.18330272033705,30
764730,474.1007270799585,52
764764,305.509864470702,34
764800,324.4492770341426,36
764836,323.4236816903888,36
764896,549.0736680512779,60
764926,268.7761764938734,30
765046,1109.6093703244844,120
765107,557.8993028238878,61
765145,343.3633243304462,38
765209,586.1525157863504,64
765289,734.9545373602808,80
765336,427.02324313399697,47
765374,343.65306289319193,38
765421,428.34489363756995,47
765455,306.02074354381284,34
765498,390.41313050624734,43
765549,465.40131130260795,51
765605,510.86054130181265,56
765645,362.46241574237564,40
765675,268.9729880920665,30
765700,221.16906317188443,25
765732,286.8635650003337,32
765782,455.9985211869308,50
765830,436.83006573817454,48
765879,446.60674744229897,49
765909,268.36908701899387,30
765962,484.38556891820735,53
766093,1210.628357796996,131
766153,549.0983222420887,60
766201,437.5696363623652,48
766234,295.26689021408873,33
766256,192.83509851957191,22
766295,353.06636838857594,39
766327,286.63461029850475,32
766360,296.33456481146027,33
766392,287.18712424314595,32
766449,521.4342979236436,57
766502,483.80492545852957,53
766538,323.850842969672,36
766557,164.64751216710658,19
766633,699.3444403108534,76
766671,343.7125450043955,38
766709,343.5226179722553,38
766742,297.1862568437328,33
766784,380.71506517688624,42
766811,240.12661531781103,27
766856,408.83788962199077,45
766903,428.36003923947186,47
766932,258.85389257796015,29
766981,446.5833697034297,49
767027,416.41799113961474,46
767057,268.8189945205644,30
767103,418.3576285055638,46
767147,399.619922101928,44
767184,334.0408587342344,37
767223,352.4990960103197,39
767259,323.9318302503848,36
767307,434.03418057056984,48
767369,567.9156830843234,62
767410,372.14491141289847,41
767441,277.9050655441134,31
767485,399.07004247636064,44
767521,324.9531251256106,36
767551,268.27443963161863,30
767579,249.5358955437861,28
767620,371.408806812653,41
767683,577.2847751929265,63
767721,343.81090225512077,38
767835,1050.872154391084,114
767865,268.83379122535683,30
767929,586.4225396024597,64
767975,417.75300980875056,46
768003,249.76133071345308,28
768049,416.50332415237125,46
768096,427.63897229094505,47
768151,501.40823290741776,55
768243,846.1440167823513,92
768276,297.06969767677475,33
768313,333.11468012963354,37
768381,622.915890880014,68
768421,362.249639827774,40
768484,577.2439882783851,63
768544,548.9434767456341,60
768564,174.02602539027785,20
768613,446.3946810995003,49
768647,306.30768371631314,34
768798,1397.9782959296554,151
768840,380.04825704815323,42
768856,137.32979939675351,16
768931,689.937494086499,75
768970,353.1940921593669,39
769008,343.8425107259311,38
769101,857.8237382949255,93
769169,622.5305282371133,68
769196,238.89285886137014,27
769231,315.3364316542033,35
769266,315.40725103183416,35
769332,604.9217001684761,66
769357,220.5219838215722,25
769412,501.47725448025517,55
769462,455.88631729176683,50
769510,437.07693043576256,48
769588,716.8564853723344,78
769665,708.5585958000082,77
769712,427.8107171184273,47
769768,511.03345730809804,56
769830,566.9834392229424,62
769889,538.8791120502369,59
769910,183.10210037286043,21
769980,642.4846297572128,70
770031,465.1856803797402,51
770071,361.4662329324368,40
770105,306.03363825628406,34
770312,1925.2871617770213,207
770367,502.6542707789484,55
770486,1102.0273534676885,119
770565,726.2139296082662,79
770620,502.60866403470607,55
770654,305.6409841268117,34
770761,988.6319683048954,107
770805,399.6813087924093,44
770851,418.13442504539705,46
770937,789.9843521039189,86
771007,641.0864250154009,70
771044,333.72890055712014,37
771106,566.0775263399843,62
771142,323.94208966194674,36
771193,464.9700450742583,51
771250,521.3512365932626,57
771305,502.2071788514507,55
771379,679.2109102236248,74
771409,267.8995990319276,30
771545,1256.6957136641167,136
771614,633.9796211508403,69
771656,381.2616311050941,42
771711,502.2866353399048,55
771755,399.72718232165306,44
771788,296.4018721248057,33
771856,623.9209482136683,68
771921,595.9620360751887,65
771951,268.27587716228544,30
772082,1213.5732991537686,131
772123,370.97083041144936,41
772211,811.2305298800392,88
772253,380.08351318603485,42
772308,501.82833681031536,55
772370,566.1984739408981,62
772472,940.2992743580459,102
772517,408.92535887488236,45
772555,343.73843413916575,38
772604,445.26675296761977,49
772655,465.123607075913,51
772689,305.9310578651308,34
772734,409.11755465002716,45
772782,436.88276750409614,48
772836,493.6109607067105,54
772981,1344.0756850979144,145
773044,576.8932211238074,63
773123,725.218152269564,79
773176,484.34921427892084,53
773222,418.29906685021217,46
773260,343.150130034212,38
773395,1247.9075122540928,135
773439,398.01262922772725,44
773481,379.48606575921804,42
773503,190.08804541296155,22
773559,512.3560876536319,56
773602,389.84849801593316,43
773652,456.1191994982984,50
773689,333.6809018404887,37
773754,595.8844867605848,65
773884,1201.0320469024498,130
773926,381.10067654714345,42
773997,649.6407563917594,71
774065,624.0733614614188,68
774102,333.67789990829795,37
774164,567.2232595181807,62
774206,380.1695021219151,42
774247,371.53545052412346,41
774304,520.8573951759095,57
774359,502.85033134980074,55
774437,718.0072310208242,78
774554,1081.7155783518608,117
774616,568.3727566968748,62
774679,575.1520502742004,63
774715,324.26984684297423,36
774781,605.7380670147254,66
774842,557.847586730702,61
774918,697.2839204102796,76
774962,399.8113644961441,44
775007,408.9826653314836,45
775056,446.761586349333,49
775171,1061.2324448941317,115
775239,624.8097236620786,68
775285,418.05640640174096,46
775325,360.88013002166855,40
775359,306.2074019463433,34
775409,455.7961730238183,50
775448,352.9387220580745,39
775499,465.33847056655594,51
775547,436.8303346649912,48
775600,483.84424434676,53
775650,455.65958652211305,50
775696,417.9968838195061,46
775731,315.18393849912235,35
775771,362.37048288312786,40
775813,380.77203211687913,42
775854,371.6453074549123,41
775908,492.02727930037435,54
775950,381.15209750170237,42
776008,530.2391769547264,58
776057,446.2404988467228,49
776116,540.1719225876166,59
776157,370.5444200738721,41
776212,501.52324568956635,55
776264,474.60150466491103,52
776290,228.20596411017635,26
776337,427.4901905972855,47
776380,388.1217921224367,43
776428,435.947740139225,48
776476,437.1448304531776,48
776532,511.74324243225755,56
776576,399.6892333876572,44
776637,557.1837568887369,61
776684,427.915802874481,47
776733,446.77632102698107,49
776790,521.2742172052442,57
776927,1270.0554654528978,137
776975,437.1112951489131,48
776987,99.81821571762553,12
777036,445.2129633532218,49
777084,436.84826856004645,48
777119,315.1195911228982,35
777186,615.2398331229325,67
777225,351.42500209178905,39
777278,484.16789956272606,53
777337,540.0767204324375,59
777389,474.85737734358406,52
777426,333.6384253962234,37
777506,736.2402589352182,80
777553,427.59053173074415,47
777623,640.855911896864,70
777668,408.7410203123872,45
777704,323.98201741638104,36
777743,352.8518035568663,39
777795,472.0010948042534,52
777843,436.84617595319514,48
777910,614.4430815949183,67
777961,463.9866198062067,51
778049,810.2691023671865,88
778099,454.96774902332197,50
778134,314.1904576655163,35
778184,455.47619173603255,50
778242,530.9082327218226,58
778327,783.6061072776297,85
778364,333.60698727232045,37
778408,398.9333151003754,44
778447,350.9005532633826,39
778501,492.21811204488876,54
778614,1042.3194802321343,113
778660,418.5490679984077,46
778699,352.84021944700595,39
778737,343.7034005308652,38
778787,456.0833704133935,50
778823,324.2358188746768,36
778908,782.8363898066767,85
778989,745.2601647056604,81
779082,858.2399219437663,93
779144,567.894376233731,62
779156,98.74605034508568,12
779221,596.0767632288631,65
779298,708.5615943725971,77
779312,119.09296407707504,14
779417,966.9848128967592,105
779463,418.4276402954558,46
779532,633.5792790635107,69
779682,1389.1807102573644,150
779742,549.7653196299331,60
779846,958.1313555433289,104
779953,986.224148453569,107
780046,856.5555125110465,93
780096,456.07636945783975,50
780306,1948.7949237784728,210
780364,531.06353798841,58
780416,474.71588942072054,52
780449,295.5398507384632,33
780576,1174.947463296004,127
780619,390.14612331950184,43
780682,574.6881603677527,63
780725,390.19697435556543,43
780760,315.1082425241657,35
780779,163.7146330539348,19
780830,464.65706729469906,51
780901,651.7291831529528,71
780953,474.33605449695165,52
780980,239.65163963025896,27
781014,304.79044193005564,34
781066,474.6008959609757,52
781102,324.8264471064689,36
781171,631.9034155405316,69
781207,324.74482690660204,36
781298,836.4178875553341,91
781345,427.371568488482,47
781376,277.70724864485095,31
781432,512.0210302612204,56
781476,399.95614628748046,44
781521,409.01933694805393,45
781626,968.1531468830605,105
781716,826.7855314018873,90
781758,379.9073634407908,42
781795,334.38678560682183,37
781855,549.6256255656549,60
781896,371.1939425813357,41
781941,408.7724315002968,45
781991,456.056663739715,50
782099,995.2885642993368,108
782153,493.10101676389496,54
782218,596.1561043147329,65
782295,708.8387071777867,77
782378,764.3083855719051,83
782422,397.46909568600347,44
782465,388.783747851724,43
782528,577.7342303430337,63
782696,1560.0852753417012,168
782737,371.4318789529742,41
782789,474.0778847452017,52
782919,1203.6133107152132,130
782978,540.258154057829,59
783053,689.7618387512208,75
783094,370.2135298465209,41
783145,465.37350938950146,51
783268,1137.2192369333916,123
783332,587.2164230300625,64
783478,1350.8676359156286,146
783520,381.3833057912326,42
783573,484.10235307244875,53
783617,399.30904376824407,44
783685,624.5430876660447,68
783726,371.04027842114124,41
783778,474.4639531596064,52
783826,436.7619405913535,48
783926,923.1126039781695,100
783971,408.95746568668204,45
784100,1190.266497348054,129
784162,566.8109869512234,62
784217,502.3647077398392,55
784257,361.836100611664,40
784290,296.0771922760817,33
784338,437.18048858921026,48
784421,764.3312627867818,83
784458,333.78719935434117,37
784527,633.9546561910672,69
784604,705.6375706206824,77
784711,988.0942747085875,107
784763,474.54870869341244,52
784873,1014.4574287393098,110
784915,381.3003249930304,42
784960,408.9776007647671,45
784998,343.5894156377541,38
785033,315.13860212481296,35
785110,707.4408932081708,77
785196,789.723178328183,86
785267,652.3979678452373,71
785463,1817.6536019149871,196
785571,998.4594426210924,108
785658,799.7142586963961,87
785763,970.9180745584243,105
785799,323.6862528968065,36
785842,390.6592489355404,43
785899,521.6379137153218,57
785949,455.3685741625061,50
786031,752.3448880661434,82
786114,761.7169679755052,83
786145,275.02823131504465,31
786212,614.7691879184068,67
786285,670.7075701914627,73
786333,437.3229551075786,48
786384,465.36568820347526,51
786407,202.49311521874614,23
786485,716.2630328223363,78
786556,652.1353884367405,71
786609,484.1881306560905,53
786666,521.3758928924484,57
786722,511.30096646091556,56
786770,434.98835123309135,48
786813,390.4505151343395,43
786868,502.4142580930007,55
786918,455.76020859766527,50
786975,521.385102000818,57
787019,398.9728585941681,44
787068,446.40779280172455,49
787113,409.25104624768363,45
787168,502.32784601190855,55
787220,474.54961207360395,52
787277,521.4083499979889,57
787329,473.29439734666846,52
787368,352.1504668836719,39
787414,418.4575801441968,46
787459,409.236516787331,45
787503,399.369907183533,44
787543,362.15187404705176,40
787578,315.10148325886166,35
787616,343.5173632097626,38
787659,390.36002141272206,43
787713,492.364038167905,54
787785,660.56572621805,72
787831,418.64434764957133,46
787911,736.6879085560528,80
788014,951.978436557609,103
788060,418.2921783314709,46
788114,492.8166639393342,54
788190,699.4618928624045,76
788256,605.6831457619982,66
788309,483.1399232178864,53
788394,783.5070536301242,85
788444,456.1125474616705,50
788486,380.9708210530609,42
788538,474.2552487540678,52
788597,539.5344779778089,59
788647,455.17311730065944,50
788738,839.0625006375767,91
788787,446.53472404789255,49
788846,538.8082104933967,59
788888,379.84033426191826,42
788919,277.8143527414613,31
788962,389.59467648371185,43
789038,699.1558447835722,76
789078,361.1170501190302,40
789150,661.8983368905878,72
789198,437.4470867114009,48
789232,305.57204081236085,34
789321,817.3541629879379,89
789363,379.67620341703366,42
789439,698.8194603703482,76
789534,877.2454045997921,95
789581,427.36264264192897,47
789637,511.17137128530766,56
789674,334.2610714720632,37
789711,333.6780360983803,37
789754,390.0810179741941,43
789788,304.68385031933616,34
789833,408.5746114178909,45
789880,427.50729638370154,47
789928,436.9701787625766,48
789966,343.6812538593866,38
790050,773.779172082037,84
790087,333.47864943344024,37
790192,971.2161023721645,105
790278,792.9531958783605,86
790330,473.56836501623604,52
790385,500.58024300584725,55
790417,286.95156738476095,32
790457,360.82595605401673,40
790520,577.7781442124125,63
790567,427.64821137222776,47
790605,342.3396514801227,38
790656,464.91448790377,51
790681,220.94882408583604,25
790741,549.4652468650977,60
790753,98.94602520456516,12
790785,287.1669079407206,32
790817,287.6581503648492,32
790854,333.59615422724517,37
790901,427.14643524203143,47
790934,296.45929876284714,33
790994,548.9384865967287,60
791025,276.75501819934004,31
791066,370.8907616069211,41
791106,361.58525057042914,40
791139,296.27012302902904,33
791179,361.8688679271745,40
791213,305.53952071252644,34
791253,362.01309931974964,40
791360,989.3952704839935,107
791423,577.5461632091553,63
791467,399.4011575882508,44
791505,341.81587102405837,38
791564,540.3361574693275,59
791654,830.4442229782601,90
791706,474.1963043726023,52
791786,736.543222486453,80
791832,416.55589623913096,46
791860,250.0975639478668,28
791909,445.4457046443082,49
791957,437.34995590408903,48
792006,445.9386437553334,49
792043,334.0549481391329,37
792089,418.2172674382355,46
792147,530.8679296503049,58
792176,258.77804272982127,29
792222,418.0729094036042,46
792271,446.564924812903,49
792312,371.4596028221083,41
792361,445.68430293947426,49
792438,708.131845523662,77
792493,502.62429721189267,55
792532,352.81999693141455,39
792561,258.41293002818264,29
792598,334.40973689377984,37
792631,295.9923453335684,33
792664,295.7279364166305,33
792706,381.1034651009741,42
792738,286.91304783850734,32
792766,249.30172177076872,28
792795,259.0326387215198,29
792836,371.2802933335044,41
792865,259.07294026117324,29
792909,399.2404127764154,44
792945,324.5457032255987,36
793026,746.1213979803821,81
793059,296.4270406822879,33
793095,324.8658036382344,36
793158,577.1856183836577,63
793203,408.30112844273475,45
793238,315.4440055595563,35
793279,371.39031806454904,41
793331,473.19562574870605,52
793369,343.620704070067,38
793443,680.1839077115472,74
793481,343.13507854374336,38
793511,267.3241677444619,30
793547,324.1016805671336,36
793575,249.3662002052847,28
793648,671.3537044178339,73
793678,267.5233497507505,30
793714,324.3271313337445,36
793742,249.64768836076314,28
793771,258.7827324273013,29
793851,736.9212842395483,80
793885,304.89921397323326,34
793917,286.9362312836353,32
793958,370.98138229501996,41
793998,361.52885930405256,40
794045,427.41453944626295,47
794131,792.9846141491782,86
794191,549.5941758692859,60
794287,886.5975254329481,96
794346,539.1738303499037,59
794385,352.7898140092588,39
794442,520.3382576904116,57
794512,641.1355378839322,70
794609,895.4354705128466,97
794645,324.0152099459928,36
794669,212.0706384583721,24
794699,267.30251996362875,30
794744,408.780120390951,45
794787,389.2635288008799,43
794822,314.5106703780143,35
794853,277.5150628517888,31
794886,296.27571604262397,33
794933,427.8108690498917,47
794963,268.0125044121421,30
795000,334.43323090825595,37
795030,268.22564344097,30
795061,278.18850826162645,31
795093,286.5592821170995,32
795149,512.1333855076381,56
795198,446.3527107461316,49
795251,483.0377379485637,53
795286,315.48063798699485,35
795326,361.36131145403823,40
795369,389.3665592557983,43
795402,295.80427677648277,33
795427,220.88856469233508,25
795466,351.9348873717104,39
795519,483.7341997191483,53
795564,408.88037109484617,45
795642,717.8770678242431,78
795673,277.0831449642921,31
795710,334.10905744524274,37
795743,296.08373353351607,33
795793,455.23821177642185,50
795820,239.74468047986113,27
795854,305.9425674539299,34
795901,427.26681383229084,47
795931,267.55244536020155,30
795962,277.480864515535,31
795992,268.02860127756384,30
796036,398.677560376507,44
796068,286.2936381175393,32
796095,239.362921449691,27
796131,324.1662906188518,36
796159,248.97501400736226,28
796206,427.092479732713,47
796232,230.34909731860535,26
796257,220.86603222787372,25
796304,427.80590612724126,47
796340,324.54019014241385,36
796372,286.77883976821005,32
796395,202.3772093269701,23
796471,699.5953739726267,76
796526,502.28626202565977,55
796554,248.7175189714149,28
796587,295.9756589199777,33
796619,286.1127847424323,32
796660,370.74361087914644,41
796690,267.92652051620763,30
796732,379.88698892976896,42
796761,258.60193127017897,29
796794,295.85965865417916,33
796846,473.9750282979643,52
796876,268.3348108496753,30
796905,259.1177523242581,29
796933,249.00936863863896,28
796973,362.0057859353232,40
797025,473.3713552282921,52
797060,315.0249360869861,35
797102,381.0529918074285,42
797130,249.38597806518973,28
797166,324.29547696618687,36
797207,371.0252524653883,41
797229,192.45697501608217,22
797275,418.4479341862392,46
797330,502.38835000157746,55
797383,484.45595556600387,53
797413,268.18199683512427,30
797437,211.56044404486354,24
797505,623.9383989183126,68
797543,343.619044907104,38
797578,314.59688297271714,35
797643,596.1544440489661,65
797674,277.1576498274224,31
797726,474.8910772160052,52
797758,286.9078907087921,32
797797,352.4838639918398,39
797846,445.8193294366143,49
797881,315.26043455099926,35
797914,295.6619429223986,33
797946,286.7467769903887,32
797982,323.49527527189736,36
798027,408.726155789469,45
798075,436.6503011730208,48
798129,492.24306254836404,54
798165,324.58125780536693,36
798203,342.9255938885874,38
798244,371.66693063899635,41
798302,530.9571439966293,58
798380,717.5584934039056,78
798422,380.64404702040883,42
798466,399.22542578188273,44
798509,389.7447408669985,43
798556,426.7183709784089,47
798618,567.474184237069,62
798671,482.68624588195917,53
798703,286.60843058520345,32
798743,361.6623880907619,40
798774,277.49573860505336,31
798828,491.88971621719423,54
798873,408.8229346599623,45
798914,370.8901779571375,41
798984,643.2340302626728,70
799025,371.1741564192815,41
799083,529.8610865199187,58
799122,353.49940563187295,39
799163,370.78514074259004,41
799189,230.344727930104,26
799254,596.0440930707449,65
799286,286.118099518952,32
799310,211.55466820218186,24
799350,361.3200870927562,40
799383,295.84549721732003,33
799410,240.18256350680983,27
799442,285.84462835107996,32
799502,547.8607822964207,60
799529,239.87554907654362,27
799572,390.3319949690511,43
799645,669.793307821917,73
799670,220.83099205704167,25
799695,220.87683713498117,25
799726,277.3939193966224,31
799756,268.9356850559957,30
799797,370.39670924514564,41
799830,296.35159055899715,33
799873,389.62642293218806,43
799905,286.2476687069335,32
799946,370.1760306293142,41
799983,333.6544516292635,37
800030,426.2602361414985,47
800062,286.73742563934127,32
800090,249.62546854748976,28
800117,239.26843976029605,27
800147,268.0575966807399,30
800188,371.23236088757494,41
800212,211.99274788865426,24
800283,651.6833615557867,71
800371,811.4720229831927,88
800396,221.07638136228442,25
800434,342.7040384520575,38
800479,408.30769199457956,45
800519,361.40610685146027,40
800561,379.1789212519218,42
800586,221.02025176192862,25
800624,342.4714460476538,38
800651,239.26246855709184,27
800702,465.13548624931406,51
800740,342.97826307526304,38
800770,268.2208713176671,30
800809,351.9333337730095,39
800854,407.84194175490734,45
800880,230.5089187209541,26
800904,211.64573767677598,24
800937,296.04520934351285,33
800974,333.2102855592203,37
801030,511.63824234084433,56
801067,333.56273273298547,37
801099,286.6519763962456,32
801155,511.8118909791374,56
801207,474.29862245315513,52
801257,455.63058217742315,50
801305,437.1812103576713,48
801347,380.2056520471657,42
801378,277.069809610241,31
801451,670.9804915703157,73
801499,435.9910732705054,48
801536,333.0009759202811,37
801578,380.4232000450772,42
801607,258.15312650415734,29
801651,398.96635088606865,44
801689,342.3654928724407,38
801721,286.56038416506385,32
801781,549.4781389128829,60
801821,361.7565400796047,40
801902,745.9726392677977,81
801953,465.24788390419894,51
801994,371.2445876183975,41
802029,314.43114001926006,35
802059,267.8324178824758,30
802085,230.2910762278145,26
802124,352.12187382200375,39
802193,632.8161306589789,69
802224,276.91977566918865,31
802258,305.24153629911694,34
802293,314.27792239562746,35
802333,361.42838252583977,40
802398,595.1607202025968,65
802433,314.2441077807722,35
802471,343.44857599870534,38
802498,239.67311248780635,27
802530,286.5944723331639,32
802584,492.1001692354487,54
802636,473.9012051933761,52
802676,360.86030117688796,40
802713,333.6948897658253,37
802764,463.41817106504124,51
802796,286.2494518100897,32
802841,407.27137176461434,45
802889,437.56268749089224,48
802919,267.90033747724897,30
802964,409.0680680775458,45
803017,484.3363654711329,53
803052,315.74687093106826,35
803085,295.52570617823733,33
803151,604.8750220549169,66
803224,669.5198256674086,73
803286,568.0191725503106,62
803328,380.9782684694597,42
803367,351.5800970577636,39
803395,249.00381648108632,28
803435,362.1712238942175,40
803477,380.3972945696785,42
803513,324.4140070219318,36
803560,426.7840985798467,47
803615,502.0992556773776,55
803670,502.0257083126199,55
803701,277.70223299576395,31
803757,511.2643663024954,56
803861,961.5403764928353,104
803892,277.78948479445154,31
803947,500.58723539886506,55
803997,455.4854836730596,50
804066,633.5890149578744,69
804093,239.5587134743385,27
804155,567.8466766522273,62
804190,314.0050514368306,35
804233,389.29178970537305,43
804292,539.5184042045765,59
804339,427.7442342792017,47
804383,399.32961404890636,44
804420,334.73291306469383,37
804451,277.44984428184495,31
804525,680.2803103468017,74
804564,351.716425073718,39
804640,698.5356431617104,76
804679,351.69615109016155,39
804712,296.16604374389834,33
804761,444.57874106474566,49
804793,286.8207744437117,32
804855,568.0673650557338,62
804896,371.33149836974434,41
804955,540.1043443705672,59
804996,371.6692065133064,41
805057,557.5005918832866,61
805099,380.73849333765594,42
805146,427.93868794490345,47
805185,352.5026625233641,39
805224,351.5521114929527,39
805299,689.3287018907729,75
805389,829.5828045033145,90
805424,315.23214626702935,35
805500,699.2540172456908,76
805568,623.3214553915009,68
805613,408.27601630890825,45
805655,379.89463650765595,42
805695,361.48270669708705,40
805728,296.13171065417845,33
805786,529.2647409985641,58
805829,389.34196099030385,43
805898,632.9938038148624,69
805938,361.9351832420069,40
805991,483.4067049232203,53
806042,465.24920900431715,51
806105,575.2418312108998,63
806161,512.1277029010762,56
806203,379.29954360508657,42
806261,530.4251732084331,58
806308,427.27661233157806,47
806346,342.99830569877986,38
806401,502.8338726252858,55
806443,380.53847157654013,42
806485,380.6979401582013,42
806545,549.0182687795248,60
806602,520.5643507079219,57
806638,324.547993472003,36
806686,437.0730418219967,48
806735,446.47221623061574,49
806773,342.70223971342364,38
806814,370.9705169471012,41
806843,258.30224330315286,29
806899,510.51423829826774,56
806962,577.3209597362873,63
806992,268.5256807942221,30
807031,352.5255850045798,39
807079,436.8454563378009,48
807110,277.2421167885529,31
807165,502.1233763411193,55
807202,334.5119493243126,37
807239,333.6125979151149,37
807288,445.3299933010637,49
807345,521.0097460085726,57
807382,333.4616048780563,37
807430,436.5402528970611,48
807475,407.81034017386264,45
807517,380.7800349763747,42
807599,754.5436294991364,82
807661,567.4003358576356,62
807712,464.8838619307031,51
807764,474.1217186126234,52
807797,295.88383596917265,33
807861,586.7106828533317,64
807910,446.48034718737404,49
807971,557.8410127254388,61
808005,305.64357013831517,34
808046,371.73190117652155,41
808106,549.6313971870533,60
808173,615.158065432173,67
808208,315.0040186711281,35
808252,399.41148023455617,44
808291,351.3394031978555,39
808327,324.5864051281242,36
808366,352.77978171518066,39
808413,426.909460374597,47
808459,418.5388785493983,46
808501,380.24849671047826,42
808566,594.5948542684868,65
808604,343.1600837644966,38
808650,417.5051575465003,46
808682,286.8414024347559,32
808722,362.567803697325,40
808794,661.3369930157135,72
808822,248.90543773649557,28
808865,389.29294257711103,43
808906,371.9742306731536,41
808945,351.81478290484756,39
808985,361.251560397964,40
809014,258.8114601730794,29
809065,465.1259157591126,51
809101,323.85776420108647,36
809155,493.001907137557,54
809216,558.1826828937094,61
809267,465.175919482774,51
809296,259.04072132492564,29
809348,474.4759201736353,52
809388,361.8283534326579,40
809414,230.25736921390802,26
809445,277.5634387176509,31
809495,455.72724307201565,50
809563,624.240914279193,68
809614,464.32393695671857,51
809646,286.70220303736977,32
809701,502.02559293752984,55
809746,408.4275408742818,45
809788,380.4322774608194,42
809829,370.44981355783443,41
809865,323.64180961831977,36
809952,801.8859280217264,87
810008,511.85659428584654,56
810053,408.99463920682047,45
810084,277.6464648241927,31
810111,240.29751670499252,27
810153,380.3639790686046,42
810186,295.5851634106832,33
810217,277.5319274013842,31
810249,286.65567580078044,32
810291,380.5989668635285,42
810365,680.3212640629808,74
810397,286.646653137222,32
810427,268.04605969181733,30
810457,268.32502969482704,30
810495,342.8121958875833,38
810531,324.27176049789944,36
810567,324.5744252915755,36
810646,725.2617813640985,79
810692,417.8933690897808,46
810727,314.6322924760742,35
810757,268.12251411773696,30
810803,417.5320635157051,46
810833,267.77670218324283,30
810911,716.9559105576946,78
810952,371.4898796921075,41
810980,249.70781662510245,28
811014,305.00124031442573,34
811049,315.25723621518813,35
811087,342.67880826680357,38
811120,295.28315220926424,33
811158,342.65146359755687,38
811208,456.06299848448066,50
811240,286.13076111618926,32
811268,249.23399755929788,28
811300,286.5902880516808,32
811339,351.8171946846402,39
811391,473.09928138175275,52
811429,342.8458316014349,38
811529,923.634371989786,100
811582,484.05668575845647,53
811613,277.14625127513034,31
811655,380.5709480513317,42
811713,530.6094281074154,58
811753,361.9282273078325,40
811789,323.85001482617076,36
811834,407.5227259999484,45
811887,483.3228544944233,53
811953,605.6468723136011,66
811998,408.71369675004735,45
812048,455.30523073701244,50
812087,352.71854366737745,39
812104,146.05384251434424,17
812146,380.6750851203885,42
812182,324.28935963895555,36
812220,343.1855926220836,38
812272,474.969721508961,52
812339,615.0754598539311,67
812392,483.7155423923928,53
812429,334.2348809080478,37
812475,418.17307234132215,46
812508,295.6662002461096,33
812541,295.5234041310124,33
812611,642.0993217634448,70
812656,409.06866721361644,45
812720,586.0692745322497,64
812766,417.3522264340738,46
812811,408.76056258222087,45
812861,455.5185421531923,50
812917,511.49165332836805,56
812991,679.6313543335973,74
813055,586.4862338006833,64
813112,519.5853269186157,57
813145,296.26915902012945,33
813186,371.3097179701346,41
813254,624.4039355591877,68
813288,305.5942914519999,34
813324,323.87897823839506,36
813384,548.1628489755652,60
813435,465.3506665098846,51
813481,417.40867582962966,46
813511,268.4178728845754,30
813594,763.3415815731611,83
813639,408.82786820158174,45
813678,352.3838267163587,39
813732,492.7722766365508,54
813764,286.5658456105486,32
813816,474.1483852999519,52
813850,305.12364239747694,34
813896,418.02735716483426,46
813942,417.5509935948499,46
813970,249.43928759901902,28
814042,661.4714572786714,72
814144,942.3413207723352,102
814202,530.4825685722288,58
814260,530.8425125267214,58
814311,465.46662005129787,51
814348,333.93118577813914,37
814399,464.75458586532176,51
814463,586.3124923525788,64
814508,408.6955333071847,45
814547,352.45118579131423,39
814585,343.5766938444836,38
814673,810.8698165330028,88
814712,351.95397110971413,39
814750,342.2719950668777,38
814780,267.45398150562704,30
814829,446.50727366400054,49
814862,296.2651143622334,33
814927,595.6820515598027,65
814976,446.81331813081044,49
815033,521.0478035281018,57
815084,464.8735688157294,51
815134,455.32241038095395,50
815214,737.0583295159533,80
815270,511.61450001247107,56
815303,295.3006343809196,33
815355,473.34353787990295,52
815431,699.3171001153529,76
815461,267.819264339895,30
815516,502.4627942032075,55
815560,399.11185987218386,44
815592,286.5303707464184,32
815627,315.5712759807243,35
815654,240.0395633679119,27
815704,455.6008161796188,50
815765,558.6823631671786,61
815820,502.1423224269407,55
815842,193.15551015227408,22
815860,155.62364590679545,18
815922,568.3392494631914,62
815991,632.5427109246791,69
816031,361.70928068648266,40
816076,407.0534963599231,45
816129,484.13785157536955,53
816167,343.07435281830783,38
816231,586.7811543751831,64
816268,333.37752788656974,37
816304,323.4464915683806,36
816351,427.6604535828243,47
816397,418.2223733056254,46
816447,455.4015805809488,50
816490,389.9959143281427,43
816551,558.566468370517,61
816612,558.2050403206454,61
816648,323.57627543518373,36
816721,670.9084746464664,73
816752,276.919676418613,31
816794,380.6543391780984,42
816826,286.60812313904955,32
816873,427.059834690062,47
816913,361.86844143720236,40
816953,361.9008399645601,40
817008,502.66543773288697,55
817040,286.9470236715619,32
817106,605.0762811396327,66
817148,381.1701411596272,42
817191,389.70637629038777,43
817238,427.57571606212497,47
817310,660.8837139212798,72
817365,502.50253723018176,55
817402,333.93241870857537,37
817450,436.1461382228326,48
817512,567.5323415695508,62
817567,502.90224679760905,55
817608,370.3360088845877,41
817646,343.3117611667376,38
817688,380.5981120651566,42
817724,323.0003411059147,36
817807,763.2111945325742,83
817855,436.5033690757771,48
817949,866.7611406047369,94
818009,547.450898764299,60
818083,680.076517748762,74
818132,446.07072201061277,49
818194,567.4484128855444,62
818228,304.19124054313113,34
818275,427.0075979901698,47
818384,1006.8738602868716,109
818435,465.04472854604484,51
818470,314.5332789770969,35
818513,390.21787314751595,43
818576,577.4550278684133,63
818629,483.2840290795941,53
818720,839.9976776778054,91
818807,800.5800978396016,87
818859,473.6787850039722,52
818905,418.5698551104912,46
818950,408.0190450717099,45
819014,586.5140565873144,64
819051,334.54252012761384,37
819094,389.5589671019487,43
819141,427.68437887990274,47
819181,360.58920165618594,40
819225,398.95774102792456,44
819263,343.39573395464225,38
819312,445.164927975113,49
819377,596.2192235917495,65
819417,361.6682971760895,40
819458,370.40498802761874,41
819530,659.9458348906015,72
819582,472.1763548896955,52
819630,436.49997060717885,48
819672,380.2294689995795,42
819769,894.3645209473203,97
819838,632.8953046809222,69
819885,427.3601553952307,47
819944,539.5437001969584,59
819998,491.6357312168361,54
820025,240.25535431073462,27
820070,407.4069577279304,45
820116,417.0494502208782,46
820157,369.77233844577097,41
820195,342.6093354266998,38
820246,465.1502422456494,51
820303,520.0347230212227,57
820328,220.99892419678127,25
820379,464.4372905295684,51
820421,380.5025199764753,42
820458,332.94278709579515,37
820506,437.00068277513907,48
820561,500.4073863981334,55
820640,725.9937700116348,79
820694,492.8313317892778,54
820777,764.6548623605803,83
820827,454.46144751771203,50
820871,398.5850947192301,44
820935,586.5534283813757,64
820993,529.3328380251079,58
821050,520.5026613554259,57
821102,474.7865816460983,52
821162,549.1939364205259,60
821265,951.6792394104768,103
821312,427.2191068986583,47
821379,613.8322216197786,67
821445,604.3485148461044,66
821504,539.9418092615,59
821570,604.1702057467081,66
821604,304.64371725521244,34
821645,371.33820531183886,41
821677,286.77441049206703,32
821716,352.3294219558675,39
821742,230.9886430227599,26
821811,633.3871124300932,69
821857,417.5195882485951,46
821912,501.56630478608923,55
822001,818.5826322553528,89
822051,455.0061723962216,50
822089,342.2091322463333,38
822153,586.3817040105585,64
822226,670.5606124899901,73
822308,753.7315495226289,82
822347,351.7444590351865,39
822430,763.9202329982538,83
822481,463.11038671922245,51
822561,735.5454443316829,80
822657,884.0146890636908,96
822700,389.48618983773366,43
822734,304.3766857741444,34
822791,520.7837683270096,57
822838,426.4483590410796,47
822942,960.9802076276657,104
822989,427.07617074731075,47
823067,718.0808485794765,78
823127,548.1899558084266,60
823202,689.1042272429213,75
823249,427.0813670837514,47
823310,558.9838473689133,61
823362,474.52389763935344,52
823473,1025.9041479551884,111
823519,417.94720227850036,46
823558,351.39210922057225,39
823599,370.3444672969138,41
823638,352.77506927197095,39
823684,418.574420625297,46
823797,1045.7656955940574,113
823895,905.0984106661823,98
823943,435.30890267261213,48
823986,388.7706112711822,43
824005,164.71022691493874,19
824062,518.8029890402679,57
824132,642.8523584569257,70
824230,900.7044832030888,98
824272,379.2987950394792,42
824369,892.9395822446068,97
824383,118.63697380093465,14
824426,390.118250474011,43
824512,792.7546341634795,86
824556,398.18656134164087,44
824606,455.47292601563476,50
824639,295.3469115059265,33
824743,960.523128003734,104
824777,304.7624673434756,34
824843,605.0542605319158,66
824943,923.2972952535151,100
824988,408.54804768270077,45
825029,370.0402005144529,41
825093,586.8190125961576,64
825138,407.8033962841668,45
825180,380.44692200827626,42
825224,398.2088208430006,44
825311,801.4177402806931,87
825365,492.5061636468599,54
825546,1682.0039095504005,181
825642,885.7018879394022,96
825712,643.0152392253477,70
825762,456.04040608530545,50
825824,567.9535288119796,62
825898,680.4423687214347,74
825990,848.9172418759168,92
826041,464.7897912086264,51
826100,539.1290462956771,59
826136,323.83212394212796,36
826218,755.3769572978673,82
826287,632.0542716971837,69
826332,406.9647845643116,45
826381,446.263077791309,49
826460,727.0163574353655,79
826504,398.80803125963837,44
826575,651.6640149994184,71
826629,492.3465145842051,54
826685,510.9148358256905,56
826766,744.3845965946947,81
826795,258.4987690204748,29
826853,529.7373876010065,58
826924,652.3635051211602,71
826983,538.8438249970404,59
827040,521.1603110916604,57
827090,455.6344754683655,50
827130,360.3559456504025,40
827187,520.0482966892835,57
827250,576.9357714595884,63
827317,615.1317536916931,67
827359,379.8522496515285,42
827403,399.1607513769352,44
827468,595.8579841784801,65
827498,267.65649366125245,30
827559,558.2598365252423,61
827604,408.98483774808557,45
827661,521.0101126675969,57
827790,1195.2703272189954,129
827852,567.549389308157,62
827902,454.60910322502974,50
827950,436.2033542793127,48
827993,389.25259912964924,43
828028,314.0418636094827,35
828109,745.237053510229,81
828182,670.2012130039578,73
828217,314.9721620474671,35
828410,1792.893374102769,193
828462,474.37671629010316,52
828633,1586.4981696346379,171
828693,546.7751374976042,60
828770,705.4000202805064,77
828817,426.577932601899,47
828890,668.5967963336731,73
829006,1070.4262409224552,116
829046,361.1075727189223,40
829106,549.6960963242226,60
829128,191.40878358331543,22
829204,695.8740557798006,76
829266,568.1625206633979,62
829318,473.8901760641043,52
829367,446.58591183563124,49
829433,604.302279803305,66
829484,464.2659935283912,51
829583,914.1222793063652,99
829701,1092.6020989857425,118
829798,895.2987829593435,97
829866,623.6999926495415,68
829964,904.1466413699345,98
830011,426.6564482775755,47
830058,426.5116378892382,47
830123,594.4057271276082,65
830189,604.4992110894649,66
830263,679.0747858347671,74
830312,445.8270391715314,49
830359,426.7419256685128,47
830418,539.1867423783933,59
830542,1147.5501718296398,124
830613,651.0115133552135,71
830701,806.9839978946106,88
830742,370.46744748451454,41
830812,640.5952870241573,70
830856,398.4087625307428,44
830928,660.7668860916509,72
830970,379.5751921073271,42
831020,454.84912350854756,50
831080,548.0240816821155,60
831112,287.2107884443041,32
831146,305.0777082602722,34
831192,417.3357662363361,46
831263,652.7107172542442,71
831308,408.37887429039773,45
831347,352.410412167867,39
831401,491.66177605135147,54
831452,463.6640768305997,51
831536,771.4275882980826,84
831582,417.72900405612967,46
831626,398.5710905176781,44
831670,398.616240309988,44
831728,530.0801093420828,58
831762,304.4795515868095,34
831847,782.9361148741292,85
831910,575.0030717493413,63
832056,1352.7051479768627,146
832145,819.1976788886135,89
832197,474.11516528677663,52
832348,1399.5645208797603,151
832401,481.71224598026726,53
832474,668.4476695553813,73
832566,848.2948190903938,92
832702,1260.2957749224904,136
832756,491.6789817504856,54
832812,511.1394505137919,56
832892,736.3164985217434,80
832939,426.9308464624037,47
833011,661.0248799377556,72
833084,670.1949873515596,73
833175,839.1046159022933,91
833218,389.12806370294993,43
833252,305.32122350637354,34
833387,1249.8141741937952,135
833524,1268.6547828930143,137
833689,1528.9467469912402,165
833747,528.655890264563,58
833943,1819.5482834612385,196
834048,967.6162117229238,105
834102,492.9787864071568,54
834231,1192.7626027106144,129
834584,3285.978867738437,353
834678,865.1739463685504,94
835162,4512.296140260706,484
835217,501.4020223363326,55
835272,502.40039482186586,55
835665,3658.3383367258903,393
835730,595.9374012705623,65
835814,773.0472801584752,84
835888,678.8828524306115,74
835974,790.0601346570908,86
836070,885.1701977731157,96
836146,698.0652090706303,76
836209,576.3283820567957,63
836276,612.5590278896551,67
836354,715.6070309045843,78
836456,940.6850618092221,102
836520,585.7643708825143,64
836623,948.4566023945755,103
836719,884.3824093268615,96
836744,221.31023501824006,25
836812,622.2805663384155,68
836865,483.23535836990004,53
836931,602.9200440929052,66
837037,977.8617200906122,106
837119,753.9968970382903,82
837189,642.2671171920944,70
837251,566.9229269669362,62
837387,1257.8245451160094,136
837532,1342.0467548387348,145
837591,539.0570985158347,59
837656,594.6970334128957,65
837839,1697.0246098658695,183
837935,882.3382394825558,96
837980,408.0616826533749,45
837989,71.91957030174149,9
838123,1240.0765519394774,134
838176,482.20273633981634,53
838224,435.86727598804697,48
838282,529.81189840243,58
838369,800.9695828451979,87
838433,585.2434206830485,64
838533,922.2479624779147,100
838635,940.6595777293603,102
838752,1080.2264703471972,117
838831,725.7848628963058,79
838895,585.4598531362548,64
838986,835.2940731194494,91
839137,1399.1892754445332,151
839228,836.6759420250963,91
839315,800.518778731131,87
839390,688.6170845421923,75
839490,922.2983371330671,100
839561,650.5055142395888,71
839627,604.4859271489358,66
839714,799.7781624879337,87
839850,1257.0466007028422,136
839897,426.16868586431707,47
839984,800.6321514897396,87
840135,1398.7919979334235,151
840276,1305.2222804689352,141
840342,603.3084198915307,66
840555,1975.3583636329176,213
840705,1386.5129192790964,150
840765,545.8207997123551,60
840820,501.03697864836073,55
840906,791.8923411067562,86
840986,735.1877788932743,80
841134,1370.773109177796,148
841232,901.9719991792456,98
841357,1155.8606680050311,125
841627,2507.9703742907486,270
841688,555.8374718686352,61
841789,930.138073990343,101
841859,639.5685612831408,70
842036,1637.187826477891,177
842139,949.8014696187948,103
842369,2134.6723237786296,230
842455,790.0820793991164,86
842568,1043.533114569708,113
842641,668.5792063154564,73
842884,2252.6061720165544,243
842955,651.4505820424052,71
843038,761.3973388434681,83
843138,920.1631389969255,100
843291,1414.1881580599377,153
843400,1006.4503848133371,109
843465,593.8511095504879,65
843579,1052.6355837636129,114
843677,903.0835383962406,98
843824,1359.9949536930797,147
843878,492.54921015803956,54
843915,333.3291645626688,37
843972,519.9676685309723,57
844012,361.2440260087401,40
844070,529.8743917269338,58
844129,538.7483750479018,59
844195,604.201310859951,66
844239,398.92423103886574,44
844297,528.7729386844097,58
844346,446.0048498896075,49
844469,1135.78344236875,123
844502,295.4994278823549,33
844572,641.45063339997,70
844667,873.1032044422362,95
844777,1015.1832783198754,110
844831,491.34224891664724,54
844900,633.3201494465142,69
844961,557.8091661650535,61
845036,687.0315825191138,75
845160,1144.8416055879122,124
845225,594.6981314691868,65
845285,548.6593362862804,60
845362,706.137984924388,77
845372,81.0055998788601,10
845411,350.70256573193944,39
845485,678.8185155479887,74
845553,619.0953551222427,68
845615,567.1324707661965,62
845664,445.7667904521407,49
845732,621.0483054585313,68
845773,370.26757851784123,41
845845,659.9431493920616,72
845911,602.9149679219121,66
845961,454.8213859401014,50
846015,492.8266247591555,54
846066,464.5010507829593,51
846119,483.51770523794147,53
846165,417.7516169777606,46
846210,408.04079801848394,45
846264,492.5641680922616,54
846311,427.1805617620614,47
846354,389.2173281787855,43
846405,464.40479044745007,51
846452,426.7064015312051,47
846491,352.53222272028285,39
846528,333.63737625701066,37
846577,445.30824022137864,49
846627,455.0065004411074,50
846659,285.724720040224,32
846710,464.2210600480273,51
846753,388.4359694979761,43
846797,398.1792338054906,44
846846,446.02451737285645,49
846889,388.87993819918955,43
846939,455.2024940741019,50
846986,427.20279455204576,47
847033,427.17573837823323,47
847077,398.92848124918794,44
847124,426.94131895238314,47
847177,483.29327279140165,53
847217,361.80499179254986,40
847265,436.300255937709,48
847312,426.9604167631945,47
847362,455.2904695558145,50
847411,445.5853849304651,49
847502,836.0603338444737,91
847551,445.7520305224482,49
847609,528.6481874618875,58
847648,351.31735691210037,39
847689,371.11481829427436,41
847725,324.3604623791446,36
847777,473.4769110211595,52
847811,304.97622013690886,34
847855,398.8539792706829,44
847897,379.61342074492273,42
847938,370.92378875584075,41
847978,361.46096423519083,40
848009,277.46157648809793,31
848060,464.5519306621826,51
848102,380.0840395659149,42
848146,398.86284559731513,44
848194,435.6261291863564,48
848240,417.62105851703745,46
848282,379.5290044428575,42
848329,427.1626451792502,47
848372,389.32800003544367,43
848413,371.19937045053854,41
848455,380.053491373521,42
848492,333.1479163480181,37
848505,108.5435451223435,13
848547,380.34247025606174,42
848596,444.98902649862555,49
848630,304.8731816730332,34
848672,380.51677578351274,42
848718,416.9501515425134,46
848756,342.64748048487155,38
848764,62.83621018983321,8
848802,342.3476986494966,38
848845,389.2878852709496,43
848882,333.8443923261189,37
848919,334.2007829587804,37
848954,314.11041978332776,35
849157,1878.837377623261,203
849200,389.84008527211563,43
849208,62.642945148069465,8
849252,399.3113532866794,44
849292,361.40569464816105,40
849334,380.0370243294429,42
849365,276.9521026864565,31
849414,445.3250050893473,49
849450,323.3471849253448,36
849496,417.3184883185445,46
849546,455.1858605557406,50
849573,239.69110523973177,27
849635,566.9814708934529,62
849683,436.0692644412883,48
849728,408.45887317214965,45
849774,417.2206293652533,46
849813,352.3502454589364,39
849858,407.6999871440794,45
849866,62.743868495378386,8
849911,407.5525393913825,45
849955,398.76751066874664,44
850000,407.12314743374463,45
850067,612.0506912271766,67
850128,557.616715300611,61
850205,705.35988225978,77
850223,153.7359584500178,18
850264,369.41690691289404,41
850317,483.4918109690853,53
850362,408.6676601365001,45
850419,520.9674919038644,57
850473,492.45995905039166,54
850503,267.59338421727597,30
850555,474.03191608171,52
850610,501.86010335613656,55
850665,501.62333156316265,55
850708,387.7940908055972,43
850764,511.3004429316466,56
850819,501.4075617317543,55
850861,380.419709612362,42
851048,1732.6332912134546,187
851082,305.21554823640895,34
851131,445.8277783037798,49
851169,343.3747947920782,38
851215,417.3202470471448,46
851264,445.55375351561844,49
851318,492.3211826405601,54
851358,361.2723867639364,40
851399,370.6609303936671,41
851439,361.10644076338883,40
851490,464.6949356577302,51
851531,371.34402959221916,41
851572,370.7663952686118,41
851601,258.5196175984283,29
851660,537.7444948201962,59
851698,342.3302377818888,38
851746,435.4568024518991,48
851793,426.6152718882777,47
851844,464.7563084458732,51
851887,389.1216380656743,43
851955,623.3023407588297,68
852003,436.37722936693024,48
852071,623.1823641722917,68
852129,529.7675874729406,58
852163,305.1188573585616,34
852204,371.0618389575848,41
852244,361.5684135381085,40
852283,351.88034665785375,39
852366,761.5671561108265,83
852414,435.31766857769895,48
852456,380.0329061223358,42
852491,313.5422814404297,35
852545,492.1128180660081,54
852593,436.43976389091637,48
852635,379.89358347870257,42
852689,492.7007634380932,54
852734,408.31115875326554,45
852792,529.5984902552633,58
852837,408.606581921895,45
852885,436.77748767225586,48
852957,657.3219610385243,72
853001,398.8447684121442,44
853047,417.5068689380805,46
853093,417.6910418807905,46
853139,417.06967871365634,46
853184,407.3386892395377,45
853230,417.4932683944423,46
853264,304.7081457394647,34
853330,602.0349256564514,66
853377,426.9975745764244,47
853415,342.9344631001831,38
853461,415.9744867039477,46
853469,62.842333461793444,8
853517,436.51197870686144,48
853567,454.6949974599111,50
853604,333.29048756638485,37
853638,305.15780552469846,34
853681,389.07242359208965,43
853700,162.9502718095935,19
853749,444.4625027427042,49
853806,520.3096382503354,57
853856,455.1338357646435,50
853895,351.26092993277695,39
853908,109.06663048967518,13
853943,314.32364601528116,35
853975,285.99168629169367,32
854023,436.5315784294887,48
854057,305.327068081359,34
854097,360.8083730053221,40
854143,417.6698789509137,46
854193,454.8596514397613,50
854256,574.8453245541324,63
854298,380.77595730257457,42
854353,501.09590948632166,55
854394,370.62629023485596,41
854485,835.9364441425763,91
854525,361.62865921091736,40
854572,426.98933588561704,47
854610,342.60175986527906,38
854644,305.971998101488,34
854695,465.18289947943407,51
854823,1179.7020623170265,128
854864,370.99002673115245,41
854916,473.7649954913002,52
854955,352.2803108046411,39
855057,939.737690018697,102
855089,286.3585819426261,32
855126,333.76190375467166,37
855170,398.4454849141185,44
855213,389.28289213205005,43
855261,435.74435469750995,48
855303,380.14342327379353,42
855343,361.598938527118,40
855384,370.9668312596394,41
855429,407.79446619575305,45
855475,417.97729176739614,46
855519,398.1258903649034,44
855562,388.9934832305762,43
855614,474.1141006156832,52
855662,436.0902360511038,48
855700,343.03283333622704,38
855738,342.9772749686338,38
855793,500.89492551916965,55
855832,351.0602414746268,39
855862,268.65475096791675,30
855908,417.70420488605606,46
855959,463.77692295034035,51
856013,489.82521352143624,54
856067,492.7797051168766,54
856130,575.8852592397906,63
856171,370.8696367482421,41
856244,668.6227509062343,73
856296,473.3110302068666,52
856357,558.5071258936233,61
856469,1030.7083009598566,112
856501,286.88756950359897,32
856630,1191.6378120331049,129
856694,585.9155216346801,64
856756,566.0493414037323,62
856824,622.2511377406934,68
856872,436.1932320817845,48
856917,407.470233632722,45
856971,491.7825404566648,54
857035,583.681802383291,64
857112,706.108521144013,77
857157,408.30998541753564,45
857220,576.669805511136,63
857267,427.06149729147245,47
857340,668.8998934070639,73
857408,622.4508103332788,68
857477,631.142500196794,69
857526,444.8955310391102,49
857597,650.8907446421827,71
857655,530.1710191884771,58
857732,705.4320708705534,77
857795,576.3386801104509,63
857856,557.8146299431362,61
857901,408.00920237040464,45
858068,1546.6034051838492,167
858186,1089.216758994866,118
858230,399.24991574200163,44
858288,529.1323556431299,58
858338,454.82234731707274,50
858374,323.32358205652974,36
858435,558.242794792193,61
858492,520.6524740735313,57
858579,800.4656688920516,87
858643,586.7050148106639,64
858696,482.43501469791437,53
858733,332.7041310242187,37
858798,594.080662925105,65
858848,454.914521184747,50
858945,893.589389672456,97
859013,623.3037409370422,68
859048,313.667731638009,35
859107,539.3224211622465,59
859158,462.74409868902944,51
859170,99.26411174575023,12
859218,436.3751275766611,48
859283,594.6981704739852,65
859337,492.82227405688184,54
859371,304.6997009668348,34
859413,380.20446250981513,42
859490,707.1673939065205,77
859556,605.1978645978705,66
859610,492.4322743457096,54
859661,464.3043022479242,51
859724,576.0816717156437,63
859792,623.3150466276493,68
859842,453.88377792707905,50
859879,332.5559424207385,37
859932,482.7080359840002,53
859985,481.89026712847783,53
860053,623.6903902714697,68
860127,677.8779880880458,74
860225,901.7035722795114,98
860424,1843.276041963293,199
860498,679.6584944530647,74
860511,108.83123251142008,13
860655,1332.0000905293277,144
860708,482.6637578609704,53
860804,883.9332659375743,96
860889,778.6811495919384,85
860943,491.8560875512635,54
860981,342.9124760830303,38
861162,1677.8320933826237,181
861224,566.7521254927949,62
861265,370.373176473218,41
861326,558.1153710799928,61
861393,613.5625029645826,67
861486,856.5176035689267,93
861554,623.2739816456508,68
861598,398.2093649990193,44
861668,642.083712204983,70
861712,398.6393457358752,44
861774,567.0836119750645,62
861883,1005.2598523462685,109
862169,2657.241932717063,286
862221,473.87584488963284,52
862392,1584.5624767938602,171
862569,1639.1905245502533,177
862623,491.45218007789833,54
862750,1174.8706110865562,127
862982,2153.283004446696,232
863039,518.0669234874027,57
863188,1378.8120164199456,149
863407,2031.3103234774624,219
863499,847.813512879886,92
863539,359.35292872076695,40
863653,1050.55905115113,114
863711,528.6104542735903,58
863852,1302.8205386568247,141
863949,893.2819931699331,97
864052,950.6111967023924,103
864130,715.9699251101026,78
864195,595.1124202747322,65
864235,361.33633067590245,40
864324,819.1889719637855,89
864378,492.32665109382907,54
864441,575.4064070725723,63
864495,490.9309010257041,54
864550,501.65826051911483,55
864641,838.0929193958046,91
864799,1462.606466139055,158
864875,696.6464124807795,76
865180,2833.2619520334824,305
865261,744.9482102913031,81
865400,1283.5831796066238,139
865463,576.238584318008,63
865587,1144.8195065933996,124
865629,379.74934992051254,42
865816,1734.0448576465785,187
865904,809.3171007987333,88
866112,1929.5685808187977,208
866219,985.8588085312323,107
866288,631.9414383936727,69
866547,2403.794865037737,259
866631,773.5844524883302,84
866805,1613.011252644447,174
866899,866.0512419182159,94
867364,4328.552352384233,465
867539,1622.349556651839,175
867758,2030.9731432834942,219
867789,277.3978879573549,31
867923,1238.7457806647903,134
868002,725.7220696900281,79
868082,736.2406610349931,80
868134,474.00404200452397,52
868234,922.0929357465574,100
868319,782.5600277474002,85
868400,744.7153575045245,81
868713,2908.306987335136,313
868724,91.06875075681577,11
868878,1424.6390664330572,154
869140,2436.6842438565186,262
869426,2658.3536686561592,286
869510,771.4524992311036,84
869714,1891.7309974419836,204
869805,837.5529021129017,91
870012,1921.8742251825488,207
870067,502.81380759561614,55
870213,1352.653807231717,146
870270,518.4538672713478,57
870602,3085.0129676121123,332
870906,2826.7150336058803,304
870977,650.0162254506425,71
871057,735.3124384321255,80
871096,350.18146996654724,39
871217,1116.9304850010085,121
871397,1668.249559369515,180
871843,4150.304121779967,446
871854,90.22075138720886,11
871887,295.3884960322236,33
871976,817.7959162943754,89
872220,2263.827275276312,244
872320,921.6427228290667,100
872419,911.3560965363179,99
872810,3641.1335285816563,391
872932,1124.7920222343862,122
873065,1229.4174372980792,133
873187,1125.3949537104606,122
873285,903.922272127296,98
873494,1940.4363695697855,209
873910,3870.2344015959734,416
874495,5450.580762576106,585
874574,725.4972572820737,79
874636,565.9647385244256,62
874841,1901.916017953304,205
874970,1193.173001450014,129
875011,370.04811713111985,41
875211,1855.7008121966744,200
875310,912.2144838526532,99
875389,725.0972768322653,79
875672,2629.5442428694428,283
875698,229.61642524293688,26
875810,1033.626527801834,112
875880,642.2093837783937,70
875961,744.0656792974271,81
876122,1491.4799798403403,161
876243,1115.5560561477837,121
876567,3011.701867850022,324
876740,1601.279489310381,173
877007,2479.062123773334,267
877068,557.4200003298105,61
877323,2366.036547079698,255
877445,1125.8759585086789,122
877622,1638.1595451817846,177
877683,558.3289643669893,61
877807,1143.9082118776166,124
877890,762.4623993919993,83
877945,501.4976499173233,55
877998,482.51724582222926,53
878077,725.3071257721803,79
878089,98.59939057358757,12
878231,1314.301898941132,142
878305,679.0285396490779,74
878400,872.5799240149345,95
878462,567.1683247011404,62
878594,1219.1306414274463,132
878735,1304.5577501364537,141
878893,1464.4757356571133,158
879124,2144.2033089259935,231
879219,875.9692488046986,95
879344,1154.8670032531948,125
879436,847.6894310062152,92
879693,2388.1157154688067,257
879890,1827.5722387143464,197
880060,1574.2268820178922,170
880334,2546.1620289284433,274
880476,1312.898415966649,142
880541,592.7732672700447,65
880838,2761.758420560488,297
880945,986.5848133207048,107
881188,2256.5775701587204,243
881529,3173.04139409035,341
881646,1080.4862304859794,117
881952,2847.5182329135714,306
882393,4104.973815681707,441
882483,828.876578416401,90
882594,1023.9477034311043,111
882697,951.2944129216862,103
882773,696.1432891863554,76
883034,2425.374740933461,261
883208,1609.2778255844685,174
883237,258.54047226023516,29
883467,2137.682254747159,230
884201,6844.9787893262655,734
884552,3267.0891005792564,351
885196,6005.227119288008,644
885783,5474.357317263061,587
886770,9214.06179184527,987
887746,9101.24945000585,976
888746,9337.881101598343,1000
888862,1071.7618594247645,116
888934,660.3788278580504,72
888983,445.7603434708372,49
889123,1293.025404699975,140
889177,491.5021318779236,54
889258,743.2193028157076,81
889303,408.15546007918067,45
889356,482.6390097649792,53
889548,1779.3993485116364,192
889605,520.0738978551866,57
889675,641.7433544281664,70
889735,547.7479461658618,60
889869,1238.7684994164613,134
889926,520.5782872147906,57
889991,595.6415224769504,65
890024,295.72502613871745,33
890093,631.436124811933,69
890164,650.402552507459,71
890203,351.7619146015323,39
890292,818.7670313717929,89
890370,715.6597077499629,78
890574,1890.2308926869887,204
890662,809.625337779971,88
890767,967.4254390295521,105
890924,1452.7083836998486,157
891099,1620.9082431245113,175
891198,910.6197983884675,99
891256,529.3910313454828,58
891334,717.2142535449175,78
891456,1125.9660364851825,122
891503,426.7530977693363,47
891581,717.1153316076243,78
891650,632.5783990810559,69
891794,1331.3822790933004,144
891914,1107.3187604283462,120
892154,2227.4432155966515,240
892325,1582.5531252570604,171
892518,1787.1269785230215,193
892601,759.9319049198856,83
892690,817.4817181952864,89
892707,146.6201106209503,17
892797,827.7207386966545,90
892886,819.2914495907622,89
893145,2403.305733077423,259
893325,1668.2590993924796,180
893355,267.66609490301266,30
893545,1761.7679023835121,190
893641,883.0499285473288,96
893779,1275.2383976034782,138
893792,109.19363319549309,13
893877,779.1046003317001,85
894039,1498.4609093143629,162
894085,416.96555917631406,46
894243,1461.7288014295034,158
894397,1425.2742001043885,154
894524,1172.6242726297053,127
894619,873.1091211537143,95
894724,968.7858221576868,105
894848,1145.6320315373953,124
894944,883.515309303347,96
895164,2039.7448916949018,220
895284,1108.00042717533,120
895519,2182.544119348501,235
895660,1302.6276779316686,141
895778,1088.5255391794835,118
895827,444.62325974823267,49
895959,1215.5546627957374,132
896294,3114.939955601008,335
896433,1286.4291894465282,139
896647,1984.7675333583502,214
896726,724.4428931841659,79
897014,2677.002727571261,288
897068,491.40616819998075,54
897209,1305.2533541815892,141
897779,5309.435003928781,570
898116,3134.6503881809736,337
898376,2415.6856377748486,260
898523,1357.2709127821265,147
898748,2089.577591611436,225
898810,565.4626494983662,62
899377,5279.196939041565,567
899482,968.5950426691146,105
899769,2662.772029326866,287
900080,2891.1158399688948,311
900192,1033.3943296103794,112
900689,4627.1753458107305,497
901025,3125.01698440994,336
901132,987.5309968742077,107
901394,2435.213351634755,262
901927,4970.684860454902,533
902917,9239.069410062186,990
902959,379.6918453516935,42
902970,90.70983355001778,11
903426,4252.775234823007,456
904426,9358.63783503144,1000
905426,9347.197775493756,1000
906426,9358.89074319706,1000
907426,9357.215994911836,1000
907618,1783.134874656951,192
907805,1736.8424603532746,187
908090,2650.589204588616,285
908288,1838.324409823587,198
908437,1379.766481253028,149
908583,1350.5934464821069,146
908787,1894.8108395784773,204
908946,1474.8488654732273,159
909250,2830.6567607953566,304
909425,1623.0817818728553,175
909654,2127.540147062991,229
909786,1221.835931246749,132
909941,1436.3426664111182,155
910096,1434.7454936884724,155
910263,1548.9922165237588,167
910442,1658.9474946167882,179
910514,660.3608107374841,72
910698,1708.354841835462,184
910826,1183.409038339851,128
911026,1858.5993065748703,200
911165,1283.9508680911665,139
911173,62.67179283833238,8
911224,464.4496507766583,51
911314,829.2439982290825,90
911634,2980.4653025927732,320
911749,1062.222406206176,115
912024,2556.593025339834,275
912366,3183.5052770229854,342
912728,3370.948994392018,362
913173,4143.154714163733,445
913794,5792.147170515779,621
914321,4916.14305241146,527
914891,5317.9239484048085,570
915062,1586.6540889799771,171
915144,752.8446181302329,82
915446,2810.0356573960435,302
915789,3194.385924089885,343
916199,3822.8650893255976,410
916778,5404.920195687381,579
916878,922.7632854807939,100
917191,2916.078344021416,313
918191,9359.753293724913,1000
919191,9359.526695837663,1000
919657,4346.344279856682,466
920026,3438.4927222183437,369
920230,1894.1094319009594,204
920640,3817.200802738469,410
921549,8489.204004494546,909
921643,866.5306648994357,94
921809,1538.7993108530172,166
922625,7622.083399722727,816
922962,3139.630731286151,337
923197,2180.3860153056967,235
923357,1483.716132659876,160
924258,8416.704749288556,901
924758,4664.334346958398,500
925099,3171.9652050762056,341
925256,1456.0659011663324,157
925717,4299.662604337625,461
925928,1960.9244470064907,211
926928,9359.762975706895,1000
927412,4509.148395964334,484
928412,9358.676526267556,1000
929412,9359.0355488099,1000
930412,9358.646489620112,1000
931412,9358.943676455134,1000
931976,5264.645883835838,564
932477,4672.868697807186,501
932665,1745.5048958895463,188
932852,1735.8010713703763,187
933664,7579.780534435576,812
934029,3397.4260901465345,365
934190,1492.2524940725077,161
934452,2437.1418523045895,262
934597,1342.7622735384655,145
934878,2613.998899876671,281
934949,650.1296326769592,71
935109,1480.3494185393217,160
935389,2602.7938621243156,280
935644,2369.4017756852536,255
935911,2483.493479082871,267
936108,1828.1198043662164,197
936313,1903.9957263829172,205
936937,5822.6515796234335,624
937379,4121.406033719379,442
937808,3998.3163520942876,429
937953,1341.6358370598148,145
938212,2408.401284110959,259
938562,3257.134137550352,350
938820,2399.01081405119,258
939122,2809.6013386842046,302
939274,1407.9657122027386,152
939533,2407.207859928686,259
940533,9352.043680481236,1000
940788,2371.0217155469754,255
940967,1660.112192149932,179
941447,4474.907503506879,480
941476,257.1737028188731,29
941489,109.26559738087931,13
942279,7374.218364207795,790
943279,9355.46223757054,1000
944279,9354.730835744807,1000
945279,9356.683680031929,1000
946279,9355.411785503638,1000
947279,9358.031434533643,1000
947817,5017.114297375025,538
948817,9356.269223474734,1000
949817,9349.374314148296,1000
950410,5533.428162953643,593
951410,9356.289390061302,1000
952410,9358.707806580542,1000
952420,81.88291991855117,10
953420,9358.38181850925,1000
954420,9358.32120491343,1000
955420,9354.072846608653,1000
956420,9357.364902887932,1000
957420,9354.27373050528,1000
958420,9353.935791137705,1000
959420,9359.08457908695,1000
960420,9359.018831995167,1000
961420,9359.663319004912,1000
962420,9359.128077070305,1000
962434,118.20784158008954,14
963434,9359.054222163291,1000
963444,81.26731807601683,10
964444,9359.339813517667,1000
965444,9358.275446736763,1000
966444,9358.941001335168,1000
967444,9358.74373258899,1000
967456,99.88512555462478,12
968456,9359.870727820751,1000
969456,9359.07447254026,1000
970456,9359.698621701371,1000
970481,221.17002814320352,25
970576,874.3004584083038,95
970697,1116.5489786108049,121
971697,9357.40971188299,1000
972697,9357.888315495193,1000
972902,1903.5470928344637,205
973155,2350.9671438650453,253
974155,9355.956756330246,1000
975155,9359.38258210853,1000
976155,9353.934145369338,1000
977155,9353.932512754645,1000
977181,230.2051751125812,26
977484,2818.758157588348,303
977568,770.0848083552659,84
977698,1201.380299321559,130
977952,2359.0487210456877,254
978104,1409.193988212095,152
978178,676.7164538785804,74
978454,2565.668150054496,276
978528,678.3505267471924,74
978941,3847.3431408120064,413
978963,193.31305644198167,22
979129,1538.6472828455499,166
979371,2248.932361560499,242
980371,9352.470682009527,1000
980752,3546.0492079554456,381
981752,9359.017192921088,1000
982752,9359.608217885041,1000
983752,9359.166506150566,1000
984752,9358.483914468281,1000
985752,9354.945134509968,1000
986752,9358.578219918234,1000
986769,146.31045036704523,17
987050,2615.081487368924,281
987099,445.748071200815,49
987309,1949.0106340878178,210
987463,1426.3059325208853,154
988124,6162.6681107765935,661
988279,1435.0565526890011,155
988955,6301.674904298901,676
989038,763.9158762613722,83
989359,2985.5696393250573,321
989736,3511.5725301671177,377
990736,9359.353133762723,1000
990814,715.3926435076149,78
990914,922.7507781733325,100
990992,717.789019086007,78
991067,687.1509468865938,75
991744,6318.642280541633,677
992057,2912.6494696587083,313
992359,2808.4986524207,302
993359,9357.57852884082,1000
994359,9359.634203480582,1000
995359,9358.144820508063,1000
996359,9359.686074289973,1000
996622,2445.5680315962713,263
997622,9359.800221987152,1000
997719,894.2726895592583,97
998719,9359.708895144253,1000
