global_step,return,length
8,7.0,8
21,12.0,13
36,14.0,15
40,3.0,4
43,2.0,3
49,5.0,6
62,12.0,13
69,6.0,7
74,4.0,5
86,11.0,12
90,3.0,4
98,7.0,8
113,14.0,15
116,2.0,3
129,12.0,13
140,10.0,11
144,3.0,4
150,5.0,6
159,8.0,9
163,3.0,4
168,4.0,5
172,3.0,4
179,6.0,7
183,3.0,4
190,6.0,7
199,8.0,9
217,17.0,18
221,3.0,4
229,7.0,8
235,5.0,6
245,9.0,10
260,14.0,15
274,13.0,14
289,14.0,15
296,6.0,7
307,10.0,11
311,3.0,4
315,3.0,4
323,7.0,8
329,5.0,6
339,9.0,10
354,14.0,15
360,5.0,6
367,6.0,7
372,4.0,5
386,13.0,14
391,4.0,5
398,6.0,7
414,15.0,16
421,6.0,7
428,6.0,7
444,15.0,16
454,9.0,10
463,8.0,9
468,4.0,5
476,7.0,8
480,3.0,4
485,4.0,5
495,9.0,10
502,6.0,7
515,12.0,13
522,6.0,7
527,4.0,5
540,12.0,13
548,7.0,8
556,7.0,8
562,5.0,6
567,4.0,5
574,6.0,7
583,8.0,9
588,4.0,5
615,26.0,27
629,13.0,14
637,7.0,8
641,3.0,4
647,5.0,6
654,6.0,7
660,5.0,6
668,7.0,8
672,3.0,4
677,4.0,5
683,5.0,6
698,14.0,15
707,8.0,9
712,4.0,5
724,11.0,12
744,19.0,20
750,5.0,6
754,3.0,4
764,9.0,10
769,4.0,5
779,9.0,10
786,6.0,7
794,7.0,8
799,4.0,5
811,11.0,12
815,3.0,4
829,13.0,14
836,6.0,7
856,19.0,20
862,5.0,6
874,11.0,12
883,8.0,9
896,12.0,13
921,24.0,25
926,4.0,5
931,4.0,5
943,11.0,12
960,16.0,17
979,18.0,19
983,3.0,4
986,2.0,3
992,5.0,6
999,6.0,7
1009,9.0,10
1021,11.0,12
1028,6.0,7
1037,8.0,9
1047,9.0,10
1052,4.0,5
1061,8.0,9
1078,16.0,17
1082,3.0,4
1096,13.0,14
1101,4.0,5
1108,6.0,7
1114,5.0,6
1123,8.0,9
1133,9.0,10
1138,4.0,5
1151,12.0,13
1163,11.0,12
1170,6.0,7
1180,9.0,10
1192,11.0,12
1208,15.0,16
1216,7.0,8
1228,11.0,12
1232,3.0,4
1252,19.0,20
1258,5.0,6
1266,7.0,8
1270,3.0,4
1276,5.0,6
1284,7.0,8
1304,19.0,20
1312,7.0,8
1320,7.0,8
1328,7.0,8
1342,13.0,14
1349,6.0,7
1358,8.0,9
1378,19.0,20
1388,9.0,10
1392,3.0,4
1399,6.0,7
1403,3.0,4
1425,21.0,22
1429,3.0,4
1438,8.0,9
1446,7.0,8
1451,4.0,5
1462,10.0,11
1472,9.0,10
1481,8.0,9
1487,5.0,6
1491,3.0,4
1496,4.0,5
1503,6.0,7
1508,4.0,5
1514,5.0,6
1520,5.0,6
1524,3.0,4
1541,16.0,17
1549,7.0,8
1557,7.0,8
1568,10.0,11
1604,35.0,36
1610,5.0,6
1622,11.0,12
1639,16.0,17
1643,3.0,4
1649,5.0,6
1653,3.0,4
1662,8.0,9
1667,4.0,5
1676,8.0,9
1680,3.0,4
1686,5.0,6
1689,2.0,3
1696,6.0,7
1702,5.0,6
1717,14.0,15
1723,5.0,6
1729,5.0,6
1743,13.0,14
1747,3.0,4
1752,4.0,5
1757,4.0,5
1767,9.0,10
1772,4.0,5
1776,3.0,4
1808,31.0,32
1816,7.0,8
1821,4.0,5
1828,6.0,7
1834,5.0,6
1838,3.0,4
1841,2.0,3
1850,8.0,9
1860,9.0,10
1880,19.0,20
1884,3.0,4
1890,5.0,6
1898,7.0,8
1902,3.0,4
1907,4.0,5
1915,7.0,8
1921,5.0,6
1937,15.0,16
1947,9.0,10
1956,8.0,9
1960,3.0,4
1968,7.0,8
1974,5.0,6
1984,9.0,10
1988,3.0,4
2021,32.0,33
2026,4.0,5
2037,10.0,11
2043,5.0,6
2084,40.0,41
2121,36.0,37
2167,45.0,46
2219,51.0,52
2261,41.0,42
2310,48.0,49
2380,69.0,70
2411,30.0,31
2443,31.0,32
2516,72.0,73
2572,55.0,56
2630,57.0,58
2667,36.0,37
2723,55.0,56
2769,45.0,46
2819,49.0,50
2872,52.0,53
2916,43.0,44
2946,29.0,30
2998,51.0,52
3037,38.0,39
3086,48.0,49
3128,41.0,42
3159,30.0,31
3209,49.0,50
3248,38.0,39
3312,63.0,64
3371,58.0,59
3417,45.0,46
3459,41.0,42
3511,51.0,52
3579,67.0,68
3646,66.0,67
3693,46.0,47
3756,62.0,63
3799,42.0,43
3841,41.0,42
3898,56.0,57
3957,58.0,59
3989,31.0,32
4034,44.0,45
4090,55.0,56
4214,123.0,124
4401,186.0,187
4625,223.0,224
4773,147.0,148
5001,227.0,228
5245,243.0,244
5586,340.0,341
5827,240.0,241
6112,284.0,285
6304,191.0,192
6479,174.0,175
6666,186.0,187
6842,175.0,176
7093,250.0,251
7278,184.0,185
7526,247.0,248
7770,243.0,244
7940,169.0,170
8154,213.0,214
8537,382.0,383
8781,243.0,244
9158,376.0,377
9553,394.0,395
9794,240.0,241
10206,411.0,412
10274,67.0,68
10320,45.0,46
10364,43.0,44
10408,43.0,44
10450,41.0,42
10493,42.0,43
10537,43.0,44
10583,45.0,46
10627,43.0,44
10670,42.0,43
10712,41.0,42
10757,44.0,45
10798,40.0,41
10842,43.0,44
10884,41.0,42
10928,43.0,44
10972,43.0,44
11018,45.0,46
11060,41.0,42
11103,42.0,43
11144,40.0,41
11186,41.0,42
11229,42.0,43
11269,39.0,40
11309,39.0,40
11350,40.0,41
11393,42.0,43
11437,43.0,44
11479,41.0,42
11523,43.0,44
11565,41.0,42
11607,41.0,42
11648,40.0,41
11689,40.0,41
11731,41.0,42
11772,40.0,41
11812,39.0,40
11851,38.0,39
11894,42.0,43
11937,42.0,43
11977,39.0,40
12018,40.0,41
12058,39.0,40
12098,39.0,40
12137,38.0,39
12176,38.0,39
12215,38.0,39
12255,39.0,40
12293,37.0,38
12346,52.0,53
12398,51.0,52
12451,52.0,53
12508,56.0,57
12562,53.0,54
12612,49.0,50
12667,54.0,55
12719,51.0,52
12773,53.0,54
12825,51.0,52
12884,58.0,59
12940,55.0,56
12990,49.0,50
13041,50.0,51
13094,52.0,53
13148,53.0,54
13199,50.0,51
13250,50.0,51
13306,55.0,56
13356,49.0,50
13408,51.0,52
13462,53.0,54
13515,52.0,53
13571,55.0,56
13622,50.0,51
13674,51.0,52
13725,50.0,51
13775,49.0,50
13828,52.0,53
13876,47.0,48
13926,49.0,50
13978,51.0,52
14027,48.0,49
14077,49.0,50
14131,53.0,54
14184,52.0,53
14236,51.0,52
14287,50.0,51
14335,47.0,48
14409,73.0,74
14498,88.0,89
14576,77.0,78
14659,82.0,83
14733,73.0,74
14812,78.0,79
14888,75.0,76
14973,84.0,85
15041,67.0,68
15119,77.0,78
15186,66.0,67
15259,72.0,73
15337,77.0,78
15420,82.0,83
15502,81.0,82
15579,76.0,77
15658,78.0,79
15726,67.0,68
15795,68.0,69
15863,67.0,68
15935,71.0,72
16009,73.0,74
16080,70.0,71
16159,78.0,79
16229,69.0,70
16300,70.0,71
16376,75.0,76
16448,71.0,72
16519,70.0,71
16593,73.0,74
16671,77.0,78
16745,73.0,74
16816,70.0,71
16893,76.0,77
16967,73.0,74
17042,74.0,75
17122,79.0,80
17192,69.0,70
17268,75.0,76
17344,75.0,76
17409,64.0,65
17480,70.0,71
17542,61.0,62
17621,78.0,79
17686,64.0,65
17759,72.0,73
17832,72.0,73
17897,64.0,65
17971,73.0,74
18041,69.0,70
18123,81.0,82
18197,73.0,74
18262,64.0,65
18328,65.0,66
18407,78.0,79
18681,273.0,274
19165,483.0,484
19801,635.0,636
20275,473.0,474
21260,984.0,985
21959,698.0,699
22959,1000.0,1000
23959,1000.0,1000
24017,57.0,58
24353,335.0,336
25322,968.0,969
26322,1000.0,1000
27322,1000.0,1000
28147,824.0,825
28502,354.0,355
29502,1000.0,1000
30502,1000.0,1000
30876,373.0,374
31020,143.0,144
31126,105.0,106
31277,150.0,151
31375,97.0,98
31563,187.0,188
31699,135.0,136
31794,94.0,95
31973,178.0,179
32096,122.0,123
32201,104.0,105
32325,123.0,124
32436,110.0,111
32567,130.0,131
32687,119.0,120
33687,1000.0,1000
34687,1000.0,1000
35687,1000.0,1000
36687,1000.0,1000
37687,1000.0,1000
38687,1000.0,1000
39687,1000.0,1000
40687,1000.0,1000
41687,1000.0,1000
42687,1000.0,1000
42835,147.0,148
43835,1000.0,1000
44835,1000.0,1000
45124,288.0,289
45216,91.0,92
45311,94.0,95
45406,94.0,95
45499,92.0,93
45598,98.0,99
45690,91.0,92
45775,84.0,85
45861,85.0,86
45956,94.0,95
46044,87.0,88
46130,85.0,86
46223,92.0,93
46316,92.0,93
46402,85.0,86
46496,93.0,94
46593,96.0,97
46682,88.0,89
46776,93.0,94
46865,88.0,89
46959,93.0,94
47046,86.0,87
48046,1000.0,1000
49046,1000.0,1000
49583,536.0,537
49655,71.0,72
49736,80.0,81
49814,77.0,78
49891,76.0,77
49970,78.0,79
50057,86.0,87
50137,79.0,80
50207,69.0,70
50288,80.0,81
50373,84.0,85
50445,71.0,72
50519,73.0,74
50597,77.0,78
50682,84.0,85
50753,70.0,71
50830,76.0,77
50913,82.0,83
50988,74.0,75
51065,76.0,77
51142,76.0,77
51224,81.0,82
52224,1000.0,1000
53224,1000.0,1000
53471,246.0,247
53529,57.0,58
53636,106.0,107
53733,96.0,97
53772,38.0,39
53819,46.0,47
53908,88.0,89
54001,92.0,93
54259,257.0,258
54310,50.0,51
54335,24.0,25
54352,16.0,17
54417,64.0,65
54544,126.0,127
54600,55.0,56
54653,52.0,53
54737,83.0,84
54833,95.0,96
54886,52.0,53
54940,53.0,54
54993,52.0,53
55038,44.0,45
55081,42.0,43
55166,84.0,85
55223,56.0,57
55271,47.0,48
56271,1000.0,1000
57271,1000.0,1000
58271,1000.0,1000
59271,1000.0,1000
59455,183.0,184
59617,161.0,162
59701,83.0,84
59871,169.0,170
60028,156.0,157
60126,97.0,98
60393,266.0,267
60477,83.0,84
60592,114.0,115
60634,41.0,42
60647,12.0,13
60718,70.0,71
60793,74.0,75
60829,35.0,36
60980,150.0,151
61062,81.0,82
61139,76.0,77
61278,138.0,139
61325,46.0,47
61378,52.0,53
62378,1000.0,1000
63378,1000.0,1000
64378,1000.0,1000
65378,1000.0,1000
66378,1000.0,1000
67378,1000.0,1000
68378,1000.0,1000
69378,1000.0,1000
70378,1000.0,1000
71378,1000.0,1000
72378,1000.0,1000
73378,1000.0,1000
73744,365.0,366
73759,14.0,15
73784,24.0,25
73799,14.0,15
73815,15.0,16
73829,13.0,14
73851,21.0,22
73868,16.0,17
73890,21.0,22
73902,11.0,12
73918,15.0,16
73941,22.0,23
73956,14.0,15
73982,25.0,26
74007,24.0,25
74037,29.0,30
74077,39.0,40
74093,15.0,16
74101,7.0,8
74109,7.0,8
74125,15.0,16
74133,7.0,8
74156,22.0,23
74165,8.0,9
74183,17.0,18
74211,27.0,28
74227,15.0,16
74251,23.0,24
74266,14.0,15
74287,20.0,21
74306,18.0,19
74314,7.0,8
74327,12.0,13
74344,16.0,17
74360,15.0,16
74374,13.0,14
74410,35.0,36
74426,15.0,16
74441,14.0,15
74455,13.0,14
74468,12.0,13
74495,26.0,27
74510,14.0,15
74518,7.0,8
74534,15.0,16
74549,14.0,15
74577,27.0,28
74600,22.0,23
74615,14.0,15
74628,12.0,13
74643,14.0,15
74658,14.0,15
74701,42.0,43
74719,17.0,18
74733,13.0,14
74759,25.0,26
74778,18.0,19
74793,14.0,15
74820,26.0,27
74847,26.0,27
74884,36.0,37
74900,15.0,16
74915,14.0,15
74935,19.0,20
74962,26.0,27
74977,14.0,15
74992,14.0,15
75006,13.0,14
75014,7.0,8
75030,15.0,16
75052,21.0,22
75072,19.0,20
75087,14.0,15
75102,14.0,15
75115,12.0,13
75131,15.0,16
75164,32.0,33
75188,23.0,24
75197,8.0,9
75212,14.0,15
75227,14.0,15
75241,13.0,14
75264,22.0,23
75287,22.0,23
75312,24.0,25
75321,8.0,9
75341,19.0,20
75366,24.0,25
75381,14.0,15
75401,19.0,20
75422,20.0,21
75438,15.0,16
75467,28.0,29
75482,14.0,15
75490,7.0,8
75504,13.0,14
75520,15.0,16
75534,13.0,14
75548,13.0,14
75563,14.0,15
75590,26.0,27
75599,8.0,9
75613,13.0,14
75636,22.0,23
75648,11.0,12
75675,26.0,27
75697,21.0,22
75723,25.0,26
75737,13.0,14
75753,15.0,16
75773,19.0,20
76095,321.0,322
76445,349.0,350
77445,1000.0,1000
77685,239.0,240
78685,1000.0,1000
79685,1000.0,1000
80685,1000.0,1000
81685,1000.0,1000
82685,1000.0,1000
83685,1000.0,1000
84685,1000.0,1000
85685,1000.0,1000
86685,1000.0,1000
87685,1000.0,1000
88258,572.0,573
88334,75.0,76
88373,38.0,39
88414,40.0,41
88429,14.0,15
88547,117.0,118
88561,13.0,14
88575,13.0,14
88627,51.0,52
88670,42.0,43
88708,37.0,38
88724,15.0,16
88732,7.0,8
88781,48.0,49
88837,55.0,56
88852,14.0,15
88928,75.0,76
88962,33.0,34
88978,15.0,16
89017,38.0,39
89034,16.0,17
89050,15.0,16
89091,40.0,41
89135,43.0,44
89168,32.0,33
89194,25.0,26
89215,20.0,21
89228,12.0,13
89276,47.0,48
89320,43.0,44
89334,13.0,14
89387,52.0,53
89429,41.0,42
89470,40.0,41
89505,34.0,35
89561,55.0,56
89602,40.0,41
89649,46.0,47
89690,40.0,41
89711,20.0,21
89819,107.0,108
89933,113.0,114
89967,33.0,34
89981,13.0,14
89989,7.0,8
90033,43.0,44
90071,37.0,38
90100,28.0,29
90114,13.0,14
91114,1000.0,1000
92114,1000.0,1000
93114,1000.0,1000
94114,1000.0,1000
95114,1000.0,1000
96114,1000.0,1000
97114,1000.0,1000
98114,1000.0,1000
99114,1000.0,1000
100114,1000.0,1000
101114,1000.0,1000
102114,1000.0,1000
103114,1000.0,1000
104114,1000.0,1000
105114,1000.0,1000
106114,1000.0,1000
107114,1000.0,1000
108114,1000.0,1000
109114,1000.0,1000
110114,1000.0,1000
111114,1000.0,1000
112114,1000.0,1000
113114,1000.0,1000
114114,1000.0,1000
115114,1000.0,1000
116114,1000.0,1000
117114,1000.0,1000
118114,1000.0,1000
118117,2.0,3
118120,2.0,3
119120,1000.0,1000
120120,1000.0,1000
121120,1000.0,1000
122120,1000.0,1000
123120,1000.0,1000
124120,1000.0,1000
125120,1000.0,1000
126120,1000.0,1000
127120,1000.0,1000
128120,1000.0,1000
129120,1000.0,1000
130120,1000.0,1000
131120,1000.0,1000
132120,1000.0,1000
133120,1000.0,1000
134120,1000.0,1000
135120,1000.0,1000
136120,1000.0,1000
137120,1000.0,1000
138120,1000.0,1000
139120,1000.0,1000
140120,1000.0,1000
141120,1000.0,1000
142120,1000.0,1000
143120,1000.0,1000
143874,753.0,754
143965,90.0,91
143973,7.0,8
143993,19.0,20
144019,25.0,26
144047,27.0,28
144289,241.0,242
144329,39.0,40
144337,7.0,8
144364,26.0,27
144395,30.0,31
144404,8.0,9
145205,800.0,801
145231,25.0,26
146231,1000.0,1000
147231,1000.0,1000
148231,1000.0,1000
149231,1000.0,1000
150231,1000.0,1000
151231,1000.0,1000
152231,1000.0,1000
153231,1000.0,1000
154231,1000.0,1000
155231,1000.0,1000
155895,663.0,664
156895,1000.0,1000
157895,1000.0,1000
158895,1000.0,1000
159895,1000.0,1000
160895,1000.0,1000
161895,1000.0,1000
162895,1000.0,1000
163895,1000.0,1000
164895,1000.0,1000
165895,1000.0,1000
166895,1000.0,1000
167895,1000.0,1000
168895,1000.0,1000
169895,1000.0,1000
170895,1000.0,1000
171895,1000.0,1000
172895,1000.0,1000
173895,1000.0,1000
174632,736.0,737
175196,563.0,564
176196,1000.0,1000
177196,1000.0,1000
178196,1000.0,1000
179196,1000.0,1000
180196,1000.0,1000
181196,1000.0,1000
182196,1000.0,1000
182774,577.0,578
183774,1000.0,1000
184774,1000.0,1000
185774,1000.0,1000
186774,1000.0,1000
187774,1000.0,1000
188774,1000.0,1000
189774,1000.0,1000
190774,1000.0,1000
191774,1000.0,1000
192774,1000.0,1000
193774,1000.0,1000
194774,1000.0,1000
195774,1000.0,1000
196774,1000.0,1000
197774,1000.0,1000
198774,1000.0,1000
199774,1000.0,1000
200774,1000.0,1000
201774,1000.0,1000
202774,1000.0,1000
203774,1000.0,1000
204774,1000.0,1000
205774,1000.0,1000
206774,1000.0,1000
207774,1000.0,1000
208774,1000.0,1000
209774,1000.0,1000
210774,1000.0,1000
211774,1000.0,1000
212774,1000.0,1000
213774,1000.0,1000
214774,1000.0,1000
215774,1000.0,1000
216774,1000.0,1000
217774,1000.0,1000
218774,1000.0,1000
219774,1000.0,1000
220774,1000.0,1000
221774,1000.0,1000
222774,1000.0,1000
223774,1000.0,1000
224774,1000.0,1000
225774,1000.0,1000
226774,1000.0,1000
227774,1000.0,1000
228774,1000.0,1000
229774,1000.0,1000
230774,1000.0,1000
231774,1000.0,1000
232774,1000.0,1000
233774,1000.0,1000
234774,1000.0,1000
235774,1000.0,1000
236774,1000.0,1000
237774,1000.0,1000
238774,1000.0,1000
239774,1000.0,1000
240774,1000.0,1000
241774,1000.0,1000
242774,1000.0,1000
243774,1000.0,1000
244774,1000.0,1000
245774,1000.0,1000
246774,1000.0,1000
247774,1000.0,1000
248774,1000.0,1000
249774,1000.0,1000
250774,1000.0,1000
251774,1000.0,1000
252774,1000.0,1000
253774,1000.0,1000
254774,1000.0,1000
255774,1000.0,1000
256774,1000.0,1000
257774,1000.0,1000
258774,1000.0,1000
259774,1000.0,1000
260774,1000.0,1000
261774,1000.0,1000
262774,1000.0,1000
263774,1000.0,1000
264774,1000.0,1000
265774,1000.0,1000
266774,1000.0,1000
267774,1000.0,1000
268774,1000.0,1000
269774,1000.0,1000
270774,1000.0,1000
271774,1000.0,1000
272774,1000.0,1000
273774,1000.0,1000
274774,1000.0,1000
275774,1000.0,1000
276774,1000.0,1000
277774,1000.0,1000
278774,1000.0,1000
279774,1000.0,1000
280774,1000.0,1000
281774,1000.0,1000
282774,1000.0,1000
283774,1000.0,1000
284774,1000.0,1000
285774,1000.0,1000
286774,1000.0,1000
287774,1000.0,1000
288774,1000.0,1000
289774,1000.0,1000
290774,1000.0,1000
291774,1000.0,1000
292774,1000.0,1000
293774,1000.0,1000
294774,1000.0,1000
295774,1000.0,1000
296774,1000.0,1000
297774,1000.0,1000
298774,1000.0,1000
299774,1000.0,1000
300774,1000.0,1000
301774,1000.0,1000
302774,1000.0,1000
303774,1000.0,1000
304774,1000.0,1000
305774,1000.0,1000
306774,1000.0,1000
307774,1000.0,1000
308774,1000.0,1000
309774,1000.0,1000
310774,1000.0,1000
311774,1000.0,1000
312774,1000.0,1000
313774,1000.0,1000
314774,1000.0,1000
315774,1000.0,1000
316774,1000.0,1000
317774,1000.0,1000
318774,1000.0,1000
319774,1000.0,1000
320774,1000.0,1000
321774,1000.0,1000
322774,1000.0,1000
323774,1000.0,1000
324774,1000.0,1000
325774,1000.0,1000
326774,1000.0,1000
327774,1000.0,1000
328774,1000.0,1000
329774,1000.0,1000
330774,1000.0,1000
331774,1000.0,1000
332774,1000.0,1000
333774,1000.0,1000
334774,1000.0,1000
335774,1000.0,1000
336774,1000.0,1000
337774,1000.0,1000
338774,1000.0,1000
339774,1000.0,1000
340774,1000.0,1000
341774,1000.0,1000
342774,1000.0,1000
343774,1000.0,1000
344774,1000.0,1000
345774,1000.0,1000
346774,1000.0,1000
347774,1000.0,1000
348774,1000.0,1000
349774,1000.0,1000
350774,1000.0,1000
351774,1000.0,1000
352774,1000.0,1000
353774,1000.0,1000
354774,1000.0,1000
355774,1000.0,1000
356774,1000.0,1000
357774,1000.0,1000
358774,1000.0,1000
359774,1000.0,1000
360774,1000.0,1000
361774,1000.0,1000
362774,1000.0,1000
363774,1000.0,1000
364774,1000.0,1000
365774,1000.0,1000
366774,1000.0,1000
367774,1000.0,1000
368774,1000.0,1000
369774,1000.0,1000
370774,1000.0,1000
371774,1000.0,1000
372774,1000.0,1000
373774,1000.0,1000
374774,1000.0,1000
375774,1000.0,1000
376774,1000.0,1000
377774,1000.0,1000
378774,1000.0,1000
379774,1000.0,1000
380774,1000.0,1000
381774,1000.0,1000
382774,1000.0,1000
383774,1000.0,1000
384774,1000.0,1000
385774,1000.0,1000
386774,1000.0,1000
387774,1000.0,1000
388774,1000.0,1000
389774,1000.0,1000
390774,1000.0,1000
391774,1000.0,1000
392774,1000.0,1000
393774,1000.0,1000
394774,1000.0,1000
395774,1000.0,1000
396774,1000.0,1000
397774,1000.0,1000
398774,1000.0,1000
399774,1000.0,1000
400774,1000.0,1000
401774,1000.0,1000
402774,1000.0,1000
403774,1000.0,1000
404774,1000.0,1000
405774,1000.0,1000
406774,1000.0,1000
407774,1000.0,1000
408774,1000.0,1000
409774,1000.0,1000
410774,1000.0,1000
411774,1000.0,1000
412774,1000.0,1000
413774,1000.0,1000
414774,1000.0,1000
415774,1000.0,1000
416774,1000.0,1000
417774,1000.0,1000
418774,1000.0,1000
419774,1000.0,1000
420774,1000.0,1000
421774,1000.0,1000
422774,1000.0,1000
423774,1000.0,1000
424774,1000.0,1000
425774,1000.0,1000
426774,1000.0,1000
427774,1000.0,1000
428774,1000.0,1000
429774,1000.0,1000
430774,1000.0,1000
431774,1000.0,1000
432774,1000.0,1000
433774,1000.0,1000
434774,1000.0,1000
435774,1000.0,1000
436774,1000.0,1000
437774,1000.0,1000
437783,8.0,9
438783,1000.0,1000
439783,1000.0,1000
440783,1000.0,1000
441783,1000.0,1000
442783,1000.0,1000
443783,1000.0,1000
444783,1000.0,1000
445783,1000.0,1000
446783,1000.0,1000
447783,1000.0,1000
448783,1000.0,1000
449783,1000.0,1000
450783,1000.0,1000
451783,1000.0,1000
452783,1000.0,1000
453783,1000.0,1000
454783,1000.0,1000
455783,1000.0,1000
456783,1000.0,1000
457783,1000.0,1000
458783,1000.0,1000
459783,1000.0,1000
460783,1000.0,1000
461783,1000.0,1000
462783,1000.0,1000
463783,1000.0,1000
464783,1000.0,1000
465783,1000.0,1000
465786,2.0,3
465789,2.0,3
466789,1000.0,1000
466792,2.0,3
467792,1000.0,1000
468792,1000.0,1000
469792,1000.0,1000
470792,1000.0,1000
471792,1000.0,1000
471804,11.0,12
471816,11.0,12
471827,10.0,11
471839,11.0,12
471851,11.0,12
471863,11.0,12
471874,10.0,11
471877,2.0,3
471889,11.0,12
471893,3.0,4
472893,1000.0,1000
472904,10.0,11
473904,1000.0,1000
474904,1000.0,1000
475904,1000.0,1000
476904,1000.0,1000
477904,1000.0,1000
478904,1000.0,1000
479904,1000.0,1000
480904,1000.0,1000
481904,1000.0,1000
482904,1000.0,1000
483904,1000.0,1000
484904,1000.0,1000
485904,1000.0,1000
486904,1000.0,1000
487904,1000.0,1000
488904,1000.0,1000
489904,1000.0,1000
490904,1000.0,1000
491904,1000.0,1000
492904,1000.0,1000
493904,1000.0,1000
494904,1000.0,1000
495904,1000.0,1000
496904,1000.0,1000
497904,1000.0,1000
498904,1000.0,1000
499904,1000.0,1000
500904,1000.0,1000
501904,1000.0,1000
502904,1000.0,1000
503904,1000.0,1000
504904,1000.0,1000
505904,1000.0,1000
506904,1000.0,1000
507904,1000.0,1000
508904,1000.0,1000
509904,1000.0,1000
510904,1000.0,1000
511904,1000.0,1000
512904,1000.0,1000
513904,1000.0,1000
514904,1000.0,1000
515904,1000.0,1000
516904,1000.0,1000
517904,1000.0,1000
518904,1000.0,1000
519904,1000.0,1000
520904,1000.0,1000
521904,1000.0,1000
522904,1000.0,1000
523904,1000.0,1000
524904,1000.0,1000
525904,1000.0,1000
526355,450.0,451
526374,18.0,19
526413,38.0,39
526431,17.0,18
526475,43.0,44
526495,19.0,20
526523,27.0,28
526533,9.0,10
526552,18.0,19
526586,33.0,34
526609,22.0,23
526668,58.0,59
526687,18.0,19
526717,29.0,30
526736,18.0,19
526755,18.0,19
526774,18.0,19
526793,18.0,19
526812,18.0,19
526841,28.0,29
526859,17.0,18
526879,19.0,20
526897,17.0,18
526915,17.0,18
526925,9.0,10
526944,18.0,19
526963,18.0,19
526983,19.0,20
527003,19.0,20
527022,18.0,19
527041,18.0,19
527060,18.0,19
527079,18.0,19
527099,19.0,20
527133,33.0,34
527152,18.0,19
527196,43.0,44
527206,9.0,10
527240,33.0,34
527282,41.0,42
527316,33.0,34
527345,28.0,29
527364,18.0,19
527383,18.0,19
527423,39.0,40
527443,19.0,20
527463,19.0,20
527482,18.0,19
527492,9.0,10
527510,17.0,18
527529,18.0,19
527548,18.0,19
527577,28.0,29
527596,18.0,19
527616,19.0,20
527656,39.0,40
527675,18.0,19
527694,18.0,19
527713,18.0,19
527732,18.0,19
527751,18.0,19
527770,18.0,19
527779,8.0,9
527798,18.0,19
527817,18.0,19
527836,18.0,19
527855,18.0,19
527874,18.0,19
527893,18.0,19
527933,39.0,40
527952,18.0,19
527962,9.0,10
527972,9.0,10
527981,8.0,9
528011,29.0,30
528031,19.0,20
528050,18.0,19
528069,18.0,19
528079,9.0,10
528098,18.0,19
528118,19.0,20
528138,19.0,20
528157,18.0,19
528188,30.0,31
528198,9.0,10
528227,28.0,29
528246,18.0,19
528265,18.0,19
528285,19.0,20
528319,33.0,34
528338,18.0,19
528372,33.0,34
528381,8.0,9
528400,18.0,19
528472,71.0,72
528491,18.0,19
528515,23.0,24
528540,24.0,25
528560,19.0,20
528570,9.0,10
528590,19.0,20
528610,19.0,20
528629,18.0,19
528658,28.0,29
528683,24.0,25
528703,19.0,20
528767,63.0,64
528777,9.0,10
528802,24.0,25
528812,9.0,10
528843,30.0,31
528862,18.0,19
528882,19.0,20
528901,18.0,19
528911,9.0,10
528930,18.0,19
528940,9.0,10
528969,28.0,29
528989,19.0,20
529008,18.0,19
529027,18.0,19
529037,9.0,10
529088,50.0,51
529107,18.0,19
529136,28.0,29
529157,20.0,21
529177,19.0,20
529196,18.0,19
529221,24.0,25
529241,19.0,20
529261,19.0,20
529280,18.0,19
529309,28.0,29
529329,19.0,20
529350,20.0,21
529381,30.0,31
529391,9.0,10
529410,18.0,19
529429,18.0,19
529439,9.0,10
529468,28.0,29
529483,14.0,15
529502,18.0,19
529512,9.0,10
529532,19.0,20
529616,83.0,84
529666,49.0,50
529686,19.0,20
529706,19.0,20
529725,18.0,19
529735,9.0,10
529745,9.0,10
529764,18.0,19
529788,23.0,24
529807,18.0,19
529828,20.0,21
529886,57.0,58
529906,19.0,20
529925,18.0,19
529935,9.0,10
529965,29.0,30
529984,18.0,19
530003,18.0,19
530053,49.0,50
530063,9.0,10
530082,18.0,19
530101,18.0,19
530111,9.0,10
530130,18.0,19
530150,19.0,20
530169,18.0,19
530230,60.0,61
530240,9.0,10
530259,18.0,19
530269,9.0,10
530289,19.0,20
530318,28.0,29
530337,18.0,19
530366,28.0,29
530385,18.0,19
530404,18.0,19
530414,9.0,10
530424,9.0,10
531424,1000.0,1000
532424,1000.0,1000
533424,1000.0,1000
534424,1000.0,1000
535424,1000.0,1000
536424,1000.0,1000
537424,1000.0,1000
538424,1000.0,1000
539424,1000.0,1000
540424,1000.0,1000
541424,1000.0,1000
542424,1000.0,1000
543424,1000.0,1000
544424,1000.0,1000
545424,1000.0,1000
546424,1000.0,1000
547424,1000.0,1000
548424,1000.0,1000
549424,1000.0,1000
550424,1000.0,1000
551424,1000.0,1000
552424,1000.0,1000
553424,1000.0,1000
554424,1000.0,1000
555424,1000.0,1000
556424,1000.0,1000
557424,1000.0,1000
558424,1000.0,1000
559424,1000.0,1000
560424,1000.0,1000
561424,1000.0,1000
562424,1000.0,1000
563424,1000.0,1000
564424,1000.0,1000
565424,1000.0,1000
566424,1000.0,1000
567424,1000.0,1000
568424,1000.0,1000
569424,1000.0,1000
570424,1000.0,1000
571424,1000.0,1000
572424,1000.0,1000
573424,1000.0,1000
574424,1000.0,1000
575424,1000.0,1000
576424,1000.0,1000
577424,1000.0,1000
577702,277.0,278
577711,8.0,9
577715,3.0,4
577734,18.0,19
577754,19.0,20
577758,3.0,4
577777,18.0,19
577780,2.0,3
577799,18.0,19
577808,8.0,9
577817,8.0,9
577836,18.0,19
577845,8.0,9
577864,18.0,19
577874,9.0,10
577883,8.0,9
577892,8.0,9
577901,8.0,9
577910,8.0,9
577913,2.0,3
577933,19.0,20
577952,18.0,19
577961,8.0,9
577975,13.0,14
577984,8.0,9
577993,8.0,9
578017,23.0,24
578026,8.0,9
578035,8.0,9
578039,3.0,4
578048,8.0,9
578068,19.0,20
578071,2.0,3
578081,9.0,10
578101,19.0,20
578120,18.0,19
578129,8.0,9
578139,9.0,10
578158,18.0,19
578168,9.0,10
578202,33.0,34
578211,8.0,9
578220,8.0,9
578240,19.0,20
578259,18.0,19
578278,18.0,19
578287,8.0,9
578296,8.0,9
578305,8.0,9
578314,8.0,9
578334,19.0,20
578338,3.0,4
578347,8.0,9
578367,19.0,20
578386,18.0,19
578395,8.0,9
578405,9.0,10
578414,8.0,9
578424,9.0,10
578427,2.0,3
578446,18.0,19
578470,23.0,24
578479,8.0,9
578488,8.0,9
578507,18.0,19
578511,3.0,4
578520,8.0,9
578529,8.0,9
578538,8.0,9
578558,19.0,20
578567,8.0,9
578571,3.0,4
578575,3.0,4
578584,8.0,9
578593,8.0,9
578602,8.0,9
578611,8.0,9
578620,8.0,9
578629,8.0,9
578638,8.0,9
578647,8.0,9
578656,8.0,9
578676,19.0,20
578685,8.0,9
578704,18.0,19
578707,2.0,3
578716,8.0,9
578720,3.0,4
578723,2.0,3
578732,8.0,9
578741,8.0,9
578751,9.0,10
578760,8.0,9
578769,8.0,9
578789,19.0,20
578798,8.0,9
578818,19.0,20
578838,19.0,20
578847,8.0,9
578856,8.0,9
578876,19.0,20
578896,19.0,20
578915,18.0,19
578924,8.0,9
578933,8.0,9
578936,2.0,3
578956,19.0,20
578975,18.0,19
578984,8.0,9
579003,18.0,19
579012,8.0,9
579021,8.0,9
579040,18.0,19
579060,19.0,20
579069,8.0,9
579088,18.0,19
579098,9.0,10
579117,18.0,19
579137,19.0,20
579146,8.0,9
579149,2.0,3
579173,23.0,24
579182,8.0,9
579191,8.0,9
579211,19.0,20
579230,18.0,19
579239,8.0,9
579243,3.0,4
579262,18.0,19
579281,18.0,19
579290,8.0,9
579299,8.0,9
579308,8.0,9
579327,18.0,19
579330,2.0,3
579339,8.0,9
579348,8.0,9
579352,3.0,4
579356,3.0,4
579365,8.0,9
579374,8.0,9
579393,18.0,19
579412,18.0,19
579431,18.0,19
579434,2.0,3
579454,19.0,20
579474,19.0,20
579493,18.0,19
579497,3.0,4
579506,8.0,9
579515,8.0,9
579524,8.0,9
579533,8.0,9
579542,8.0,9
579562,19.0,20
579582,19.0,20
579596,13.0,14
579605,8.0,9
579608,2.0,3
579617,8.0,9
579637,19.0,20
579657,19.0,20
579666,8.0,9
579675,8.0,9
579679,3.0,4
579683,3.0,4
579687,3.0,4
579696,8.0,9
579699,2.0,3
579708,8.0,9
579717,8.0,9
579720,2.0,3
579729,8.0,9
579748,18.0,19
579757,8.0,9
579766,8.0,9
579769,2.0,3
579788,18.0,19
579791,2.0,3
579811,19.0,20
579820,8.0,9
579829,8.0,9
579849,19.0,20
579858,8.0,9
579878,19.0,20
579881,2.0,3
579890,8.0,9
579893,2.0,3
579902,8.0,9
579911,8.0,9
579931,19.0,20
579945,13.0,14
579955,9.0,10
579964,8.0,9
579984,19.0,20
579993,8.0,9
580003,9.0,10
580023,19.0,20
580032,8.0,9
580041,8.0,9
580044,2.0,3
580053,8.0,9
580062,8.0,9
580071,8.0,9
580074,2.0,3
580083,8.0,9
580093,9.0,10
580113,19.0,20
580123,9.0,10
580126,2.0,3
580135,8.0,9
580144,8.0,9
580154,9.0,10
580157,2.0,3
580177,19.0,20
580187,9.0,10
580196,8.0,9
580205,8.0,9
580209,3.0,4
580213,3.0,4
580222,8.0,9
580225,2.0,3
580234,8.0,9
580237,2.0,3
580240,2.0,3
580249,8.0,9
580259,9.0,10
580262,2.0,3
580272,9.0,10
580281,8.0,9
580284,2.0,3
580287,2.0,3
580296,8.0,9
580305,8.0,9
580314,8.0,9
580333,18.0,19
580342,8.0,9
580351,8.0,9
580360,8.0,9
580369,8.0,9
580378,8.0,9
580381,2.0,3
580390,8.0,9
580400,9.0,10
580409,8.0,9
580418,8.0,9
580422,3.0,4
580426,3.0,4
580436,9.0,10
580439,2.0,3
580448,8.0,9
580457,8.0,9
580467,9.0,10
580471,3.0,4
580475,3.0,4
580479,3.0,4
580488,8.0,9
580498,9.0,10
580507,8.0,9
580527,19.0,20
580536,8.0,9
580546,9.0,10
580556,9.0,10
580560,3.0,4
580564,3.0,4
580568,3.0,4
580571,2.0,3
580580,8.0,9
580590,9.0,10
580610,19.0,20
580619,8.0,9
580622,2.0,3
580625,2.0,3
580635,9.0,10
580639,3.0,4
580648,8.0,9
580657,8.0,9
580666,8.0,9
580675,8.0,9
580684,8.0,9
580688,3.0,4
580698,9.0,10
580713,14.0,15
580722,8.0,9
580732,9.0,10
580735,2.0,3
580744,8.0,9
580754,9.0,10
580757,2.0,3
580766,8.0,9
580775,8.0,9
580785,9.0,10
580788,2.0,3
580797,8.0,9
580806,8.0,9
580826,19.0,20
580835,8.0,9
580838,2.0,3
580858,19.0,20
580867,8.0,9
580887,19.0,20
580897,9.0,10
580906,8.0,9
580926,19.0,20
580935,8.0,9
580939,3.0,4
580943,3.0,4
580946,2.0,3
580955,8.0,9
580964,8.0,9
580973,8.0,9
580983,9.0,10
580992,8.0,9
581001,8.0,9
581011,9.0,10
581020,8.0,9
581029,8.0,9
581033,3.0,4
581042,8.0,9
581062,19.0,20
581071,8.0,9
581080,8.0,9
581089,8.0,9
581099,9.0,10
581102,2.0,3
581106,3.0,4
581115,8.0,9
581119,3.0,4
581128,8.0,9
581137,8.0,9
581146,8.0,9
581150,3.0,4
581159,8.0,9
581162,2.0,3
581171,8.0,9
581191,19.0,20
581195,3.0,4
581199,3.0,4
581208,8.0,9
581217,8.0,9
581226,8.0,9
581246,19.0,20
581249,2.0,3
581259,9.0,10
581279,19.0,20
581288,8.0,9
581297,8.0,9
581307,9.0,10
581317,9.0,10
581326,8.0,9
581330,3.0,4
581339,8.0,9
581348,8.0,9
581351,2.0,3
581360,8.0,9
581364,3.0,4
581373,8.0,9
581382,8.0,9
581392,9.0,10
581396,3.0,4
581405,8.0,9
581409,3.0,4
581419,9.0,10
581439,19.0,20
581448,8.0,9
581458,9.0,10
581468,9.0,10
581471,2.0,3
581474,2.0,3
581483,8.0,9
581492,8.0,9
581501,8.0,9
581510,8.0,9
581513,2.0,3
581522,8.0,9
581531,8.0,9
581540,8.0,9
581549,8.0,9
581558,8.0,9
581568,9.0,10
581578,9.0,10
581588,9.0,10
581591,2.0,3
581594,2.0,3
581613,18.0,19
581622,8.0,9
581631,8.0,9
581641,9.0,10
581661,19.0,20
581671,9.0,10
581681,9.0,10
581712,30.0,31
581767,54.0,55
581777,9.0,10
581798,20.0,21
581822,23.0,24
581853,30.0,31
581863,9.0,10
581873,9.0,10
581883,9.0,10
581925,41.0,42
581935,9.0,10
581955,19.0,20
581980,24.0,25
581990,9.0,10
582010,19.0,20
582020,9.0,10
582040,19.0,20
582050,9.0,10
582070,19.0,20
582090,19.0,20
582100,9.0,10
582110,9.0,10
582130,19.0,20
582151,20.0,21
582161,9.0,10
582181,19.0,20
582202,20.0,21
582257,54.0,55
582278,20.0,21
582298,19.0,20
582308,9.0,10
582329,20.0,21
582339,9.0,10
582371,31.0,32
582408,36.0,37
582428,19.0,20
582459,30.0,31
582502,42.0,43
582549,46.0,47
582559,9.0,10
582569,9.0,10
582590,20.0,21
582600,9.0,10
582621,20.0,21
582631,9.0,10
582652,20.0,21
582662,9.0,10
582672,9.0,10
582682,9.0,10
582692,9.0,10
582702,9.0,10
582750,47.0,48
582838,87.0,88
582859,20.0,21
582896,36.0,37
582917,20.0,21
582927,9.0,10
582937,9.0,10
582967,29.0,30
582987,19.0,20
583013,25.0,26
583045,31.0,32
583055,9.0,10
583070,14.0,15
583080,9.0,10
583090,9.0,10
583177,86.0,87
583187,9.0,10
583197,9.0,10
583207,9.0,10
583217,9.0,10
583238,20.0,21
583253,14.0,15
583273,19.0,20
583304,30.0,31
583314,9.0,10
583351,36.0,37
583361,9.0,10
583371,9.0,10
583381,9.0,10
583391,9.0,10
583401,9.0,10
583411,9.0,10
583432,20.0,21
583452,19.0,20
583473,20.0,21
583483,9.0,10
583493,9.0,10
583514,20.0,21
583524,9.0,10
583534,9.0,10
583555,20.0,21
583576,20.0,21
583596,19.0,20
583606,9.0,10
583616,9.0,10
583626,9.0,10
583657,30.0,31
583667,9.0,10
583687,19.0,20
583706,18.0,19
583726,19.0,20
583736,9.0,10
583750,13.0,14
583769,18.0,19
583788,18.0,19
583808,19.0,20
583817,8.0,9
583827,9.0,10
583846,18.0,19
583860,13.0,14
583874,13.0,14
583883,8.0,9
583902,18.0,19
583916,13.0,14
583926,9.0,10
583945,18.0,19
583964,18.0,19
583984,19.0,20
583994,9.0,10
584009,14.0,15
584028,18.0,19
584043,14.0,15
584052,8.0,9
584071,18.0,19
584080,8.0,9
584100,19.0,20
584114,13.0,14
584123,8.0,9
584138,14.0,15
584158,19.0,20
584177,18.0,19
584187,9.0,10
584196,8.0,9
584205,8.0,9
584225,19.0,20
584244,18.0,19
584263,18.0,19
584272,8.0,9
584286,13.0,14
584296,9.0,10
584315,18.0,19
584329,13.0,14
584348,18.0,19
584358,9.0,10
584377,18.0,19
584387,9.0,10
584407,19.0,20
584426,18.0,19
584446,19.0,20
584456,9.0,10
584466,9.0,10
584475,8.0,9
584485,9.0,10
584504,18.0,19
584524,19.0,20
584543,18.0,19
584562,18.0,19
584572,9.0,10
584582,9.0,10
584596,13.0,14
584606,9.0,10
584625,18.0,19
584644,18.0,19
584653,8.0,9
584668,14.0,15
584677,8.0,9
584686,8.0,9
584695,8.0,9
584709,13.0,14
584719,9.0,10
584739,19.0,20
584758,18.0,19
584767,8.0,9
584786,18.0,19
584806,19.0,20
584825,18.0,19
584845,19.0,20
584855,9.0,10
584865,9.0,10
584879,13.0,14
584898,18.0,19
584907,8.0,9
584927,19.0,20
584936,8.0,9
584951,14.0,15
584970,18.0,19
584989,18.0,19
585009,19.0,20
585019,9.0,10
585033,13.0,14
585042,8.0,9
585061,18.0,19
585080,18.0,19
585089,8.0,9
585103,13.0,14
585112,8.0,9
585132,19.0,20
585146,13.0,14
585165,18.0,19
585174,8.0,9
585183,8.0,9
585202,18.0,19
585217,14.0,15
585232,14.0,15
585246,13.0,14
585255,8.0,9
585274,18.0,19
585284,9.0,10
585304,19.0,20
585323,18.0,19
585342,18.0,19
585361,18.0,19
585370,8.0,9
585390,19.0,20
585400,9.0,10
585410,9.0,10
585420,9.0,10
585439,18.0,19
585449,9.0,10
585469,19.0,20
585488,18.0,19
585497,8.0,9
585516,18.0,19
585525,8.0,9
585535,9.0,10
585554,18.0,19
585563,8.0,9
585573,9.0,10
585582,8.0,9
585592,9.0,10
585612,19.0,20
585621,8.0,9
585641,19.0,20
585651,9.0,10
585661,9.0,10
585671,9.0,10
585686,14.0,15
585706,19.0,20
585725,18.0,19
585735,9.0,10
585755,19.0,20
585775,19.0,20
585795,19.0,20
585826,30.0,31
585869,42.0,43
585879,9.0,10
585921,41.0,42
585947,25.0,26
585968,20.0,21
585978,9.0,10
585988,9.0,10
586009,20.0,21
586052,42.0,43
586094,41.0,42
586142,47.0,48
586162,19.0,20
586183,20.0,21
586226,42.0,43
586236,9.0,10
586257,20.0,21
586293,35.0,36
586313,19.0,20
586323,9.0,10
586338,14.0,15
586413,74.0,75
586444,30.0,31
586454,9.0,10
586480,25.0,26
586506,25.0,26
586516,9.0,10
586536,19.0,20
586568,31.0,32
586600,31.0,32
586620,19.0,20
586630,9.0,10
586651,20.0,21
586671,19.0,20
586692,20.0,21
586702,9.0,10
586723,20.0,21
586743,19.0,20
586768,24.0,25
586789,20.0,21
586810,20.0,21
586831,20.0,21
586852,20.0,21
586873,20.0,21
586888,14.0,15
586925,36.0,37
586957,31.0,32
586978,20.0,21
586988,9.0,10
587009,20.0,21
587030,20.0,21
587051,20.0,21
587082,30.0,31
587113,30.0,31
587134,20.0,21
587155,20.0,21
587176,20.0,21
587207,30.0,31
587239,31.0,32
587249,9.0,10
587259,9.0,10
587280,20.0,21
587305,24.0,25
587315,9.0,10
587340,24.0,25
587350,9.0,10
587371,20.0,21
587392,20.0,21
587423,30.0,31
587444,20.0,21
587475,30.0,31
587496,20.0,21
587539,42.0,43
587571,31.0,32
587592,20.0,21
587623,30.0,31
587633,9.0,10
587654,20.0,21
587664,9.0,10
587674,9.0,10
587736,61.0,62
587746,9.0,10
588746,1000.0,1000
589746,1000.0,1000
590746,1000.0,1000
591746,1000.0,1000
592746,1000.0,1000
593746,1000.0,1000
594746,1000.0,1000
595746,1000.0,1000
596746,1000.0,1000
597746,1000.0,1000
598746,1000.0,1000
599746,1000.0,1000
600746,1000.0,1000
601746,1000.0,1000
602746,1000.0,1000
603746,1000.0,1000
604746,1000.0,1000
605746,1000.0,1000
606746,1000.0,1000
607746,1000.0,1000
608746,1000.0,1000
609746,1000.0,1000
610746,1000.0,1000
611746,1000.0,1000
612746,1000.0,1000
612756,9.0,10
613756,1000.0,1000
613777,20.0,21
614777,1000.0,1000
615777,1000.0,1000
616701,923.0,924
616705,3.0,4
616715,9.0,10
616725,9.0,10
616729,3.0,4
616739,9.0,10
616749,9.0,10
616753,3.0,4
616756,2.0,3
616766,9.0,10
616769,2.0,3
616772,2.0,3
616782,9.0,10
616792,9.0,10
616802,9.0,10
616806,3.0,4
616809,2.0,3
616830,20.0,21
616833,2.0,3
616843,9.0,10
616853,9.0,10
616856,2.0,3
616866,9.0,10
616870,3.0,4
616874,3.0,4
616877,2.0,3
616880,2.0,3
616884,3.0,4
616894,9.0,10
616904,9.0,10
616914,9.0,10
616917,2.0,3
616927,9.0,10
616937,9.0,10
616947,9.0,10
616957,9.0,10
616967,9.0,10
616971,3.0,4
616981,9.0,10
616985,3.0,4
616995,9.0,10
616998,2.0,3
617001,2.0,3
617011,9.0,10
617021,9.0,10
617031,9.0,10
617035,3.0,4
617039,3.0,4
617043,3.0,4
617053,9.0,10
617063,9.0,10
617073,9.0,10
617076,2.0,3
617086,9.0,10
617089,2.0,3
617099,9.0,10
617103,3.0,4
617113,9.0,10
617123,9.0,10
617133,9.0,10
617136,2.0,3
617146,9.0,10
617156,9.0,10
617159,2.0,3
617169,9.0,10
617172,2.0,3
617182,9.0,10
617185,2.0,3
617195,9.0,10
617205,9.0,10
617209,3.0,4
617213,3.0,4
617223,9.0,10
617226,2.0,3
617236,9.0,10
617240,3.0,4
617250,9.0,10
617253,2.0,3
617263,9.0,10
617273,9.0,10
617277,3.0,4
617287,9.0,10
617290,2.0,3
617293,2.0,3
617303,9.0,10
617306,2.0,3
617316,9.0,10
617326,9.0,10
617330,3.0,4
617333,2.0,3
617343,9.0,10
617353,9.0,10
617363,9.0,10
617373,9.0,10
617383,9.0,10
617387,3.0,4
617397,9.0,10
617407,9.0,10
617417,9.0,10
617421,3.0,4
617425,3.0,4
617428,2.0,3
617438,9.0,10
617448,9.0,10
617458,9.0,10
617462,3.0,4
617472,9.0,10
617475,2.0,3
617485,9.0,10
617489,3.0,4
617493,3.0,4
617503,9.0,10
617513,9.0,10
617516,2.0,3
617526,9.0,10
617529,2.0,3
617539,9.0,10
617549,9.0,10
617559,9.0,10
617569,9.0,10
617579,9.0,10
617589,9.0,10
617592,2.0,3
617595,2.0,3
617599,3.0,4
617609,9.0,10
617619,9.0,10
617629,9.0,10
617639,9.0,10
617643,3.0,4
617647,3.0,4
617650,2.0,3
617660,9.0,10
617670,9.0,10
617680,9.0,10
617690,9.0,10
617694,3.0,4
617697,2.0,3
617701,3.0,4
617711,9.0,10
617721,9.0,10
617731,9.0,10
617741,9.0,10
617751,9.0,10
617761,9.0,10
617771,9.0,10
617775,3.0,4
617785,9.0,10
617795,9.0,10
617799,3.0,4
617803,3.0,4
617813,9.0,10
617816,2.0,3
617820,3.0,4
617830,9.0,10
617840,9.0,10
617850,9.0,10
617854,3.0,4
617858,3.0,4
617868,9.0,10
617878,9.0,10
617888,9.0,10
617891,2.0,3
617895,3.0,4
617899,3.0,4
617909,9.0,10
617913,3.0,4
617916,2.0,3
617919,2.0,3
617922,2.0,3
617932,9.0,10
617942,9.0,10
617952,9.0,10
617955,2.0,3
617965,9.0,10
617975,9.0,10
617985,9.0,10
617995,9.0,10
618005,9.0,10
618009,3.0,4
618019,9.0,10
618029,9.0,10
618039,9.0,10
618049,9.0,10
618052,2.0,3
618062,9.0,10
618066,3.0,4
618069,2.0,3
618079,9.0,10
618083,3.0,4
618093,9.0,10
618097,3.0,4
618107,9.0,10
618117,9.0,10
618120,2.0,3
618124,3.0,4
618127,2.0,3
618137,9.0,10
618147,9.0,10
618151,3.0,4
618161,9.0,10
618165,3.0,4
618168,2.0,3
618178,9.0,10
618188,9.0,10
618191,2.0,3
618194,2.0,3
618204,9.0,10
618208,3.0,4
618218,9.0,10
618228,9.0,10
618238,9.0,10
618242,3.0,4
618245,2.0,3
618255,9.0,10
618258,2.0,3
618261,2.0,3
618271,9.0,10
618281,9.0,10
618284,2.0,3
618294,9.0,10
618297,2.0,3
618307,9.0,10
618311,3.0,4
618314,2.0,3
618324,9.0,10
618328,3.0,4
618338,9.0,10
618348,9.0,10
618358,9.0,10
618361,2.0,3
618371,9.0,10
618381,9.0,10
618391,9.0,10
618401,9.0,10
618404,2.0,3
618407,2.0,3
618410,2.0,3
618420,9.0,10
618430,9.0,10
618434,3.0,4
618444,9.0,10
618454,9.0,10
618464,9.0,10
618474,9.0,10
618484,9.0,10
619484,1000.0,1000
619495,10.0,11
620495,1000.0,1000
621495,1000.0,1000
622495,1000.0,1000
623495,1000.0,1000
624495,1000.0,1000
625495,1000.0,1000
625506,10.0,11
625510,3.0,4
625521,10.0,11
626521,1000.0,1000
626525,3.0,4
627525,1000.0,1000
627528,2.0,3
627532,3.0,4
627543,10.0,11
627554,10.0,11
627557,2.0,3
627560,2.0,3
627563,2.0,3
627567,3.0,4
627578,10.0,11
627581,2.0,3
627592,10.0,11
627603,10.0,11
627614,10.0,11
627617,2.0,3
627628,10.0,11
627639,10.0,11
627650,10.0,11
627661,10.0,11
627672,10.0,11
627676,3.0,4
628676,1000.0,1000
628680,3.0,4
628691,10.0,11
628702,10.0,11
629702,1000.0,1000
629705,2.0,3
629709,3.0,4
629712,2.0,3
629716,3.0,4
629720,3.0,4
629731,10.0,11
629734,2.0,3
629737,2.0,3
629741,3.0,4
629744,2.0,3
629748,3.0,4
629751,2.0,3
629755,3.0,4
629759,3.0,4
629762,2.0,3
629765,2.0,3
629769,3.0,4
629779,9.0,10
629782,2.0,3
629793,10.0,11
629796,2.0,3
629799,2.0,3
629803,3.0,4
629807,3.0,4
629810,2.0,3
629813,2.0,3
629816,2.0,3
629819,2.0,3
629822,2.0,3
629825,2.0,3
629835,9.0,10
629839,3.0,4
629842,2.0,3
629852,9.0,10
629855,2.0,3
629865,9.0,10
629868,2.0,3
629871,2.0,3
629874,2.0,3
629877,2.0,3
629880,2.0,3
629884,3.0,4
629887,2.0,3
629897,9.0,10
629908,10.0,11
629911,2.0,3
629922,10.0,11
629925,2.0,3
629935,9.0,10
629939,3.0,4
629942,2.0,3
629945,2.0,3
629948,2.0,3
629958,9.0,10
629961,2.0,3
629964,2.0,3
629968,3.0,4
629971,2.0,3
629974,2.0,3
629977,2.0,3
629980,2.0,3
629983,2.0,3
629986,2.0,3
629989,2.0,3
629992,2.0,3
629995,2.0,3
629998,2.0,3
630001,2.0,3
630011,9.0,10
630014,2.0,3
630017,2.0,3
630021,3.0,4
630024,2.0,3
630027,2.0,3
630037,9.0,10
630040,2.0,3
630043,2.0,3
630047,3.0,4
630050,2.0,3
630060,9.0,10
630063,2.0,3
630067,3.0,4
630071,3.0,4
630074,2.0,3
630077,2.0,3
630088,10.0,11
630091,2.0,3
630094,2.0,3
630097,2.0,3
630101,3.0,4
630105,3.0,4
630108,2.0,3
630112,3.0,4
630115,2.0,3
630118,2.0,3
630121,2.0,3
630132,10.0,11
630135,2.0,3
630138,2.0,3
630142,3.0,4
630145,2.0,3
630148,2.0,3
630159,10.0,11
630169,9.0,10
630173,3.0,4
630176,2.0,3
630179,2.0,3
630183,3.0,4
630194,10.0,11
630197,2.0,3
630200,2.0,3
630203,2.0,3
630206,2.0,3
630209,2.0,3
630212,2.0,3
630215,2.0,3
630218,2.0,3
630221,2.0,3
630224,2.0,3
630228,3.0,4
630231,2.0,3
630234,2.0,3
630237,2.0,3
630240,2.0,3
630243,2.0,3
630246,2.0,3
630257,10.0,11
630260,2.0,3
630263,2.0,3
630266,2.0,3
630269,2.0,3
630272,2.0,3
630283,10.0,11
630286,2.0,3
630290,3.0,4
630293,2.0,3
630297,3.0,4
630301,3.0,4
630304,2.0,3
630307,2.0,3
630311,3.0,4
630314,2.0,3
630318,3.0,4
630328,9.0,10
630331,2.0,3
630334,2.0,3
630338,3.0,4
630342,3.0,4
630345,2.0,3
630348,2.0,3
630351,2.0,3
630355,3.0,4
630358,2.0,3
630362,3.0,4
630365,2.0,3
630368,2.0,3
630371,2.0,3
630374,2.0,3
630384,9.0,10
630387,2.0,3
630398,10.0,11
630409,10.0,11
630419,9.0,10
630429,9.0,10
630432,2.0,3
630435,2.0,3
630439,3.0,4
630442,2.0,3
630445,2.0,3
630448,2.0,3
630458,9.0,10
630462,3.0,4
630472,9.0,10
630475,2.0,3
630479,3.0,4
630482,2.0,3
630485,2.0,3
630488,2.0,3
630499,10.0,11
630502,2.0,3
630505,2.0,3
630508,2.0,3
630511,2.0,3
630514,2.0,3
630517,2.0,3
630528,10.0,11
630532,3.0,4
630535,2.0,3
630538,2.0,3
630541,2.0,3
630545,3.0,4
630548,2.0,3
630551,2.0,3
630554,2.0,3
630557,2.0,3
630560,2.0,3
630563,2.0,3
630574,10.0,11
630577,2.0,3
630580,2.0,3
630584,3.0,4
630587,2.0,3
630591,3.0,4
630594,2.0,3
630597,2.0,3
630600,2.0,3
630603,2.0,3
630606,2.0,3
630616,9.0,10
630619,2.0,3
630622,2.0,3
630625,2.0,3
630628,2.0,3
630632,3.0,4
630635,2.0,3
630639,3.0,4
630642,2.0,3
630645,2.0,3
630649,3.0,4
630652,2.0,3
630656,3.0,4
630659,2.0,3
630662,2.0,3
630665,2.0,3
630668,2.0,3
630679,10.0,11
630682,2.0,3
630686,3.0,4
630697,10.0,11
630700,2.0,3
630703,2.0,3
630706,2.0,3
630709,2.0,3
630712,2.0,3
630715,2.0,3
630718,2.0,3
630721,2.0,3
630725,3.0,4
630728,2.0,3
630731,2.0,3
630735,3.0,4
630739,3.0,4
630742,2.0,3
630746,3.0,4
630749,2.0,3
630753,3.0,4
630764,10.0,11
630774,9.0,10
630777,2.0,3
630780,2.0,3
630783,2.0,3
630786,2.0,3
630789,2.0,3
630793,3.0,4
630796,2.0,3
630799,2.0,3
630802,2.0,3
630805,2.0,3
630808,2.0,3
630811,2.0,3
630815,3.0,4
630818,2.0,3
630821,2.0,3
630824,2.0,3
630827,2.0,3
630830,2.0,3
630833,2.0,3
630836,2.0,3
630839,2.0,3
630842,2.0,3
630845,2.0,3
630848,2.0,3
630851,2.0,3
630854,2.0,3
630857,2.0,3
630860,2.0,3
630863,2.0,3
630866,2.0,3
630869,2.0,3
630872,2.0,3
630875,2.0,3
630878,2.0,3
630881,2.0,3
630884,2.0,3
630887,2.0,3
630890,2.0,3
630893,2.0,3
630896,2.0,3
630899,2.0,3
630902,2.0,3
630906,3.0,4
630910,3.0,4
630913,2.0,3
630916,2.0,3
630919,2.0,3
630922,2.0,3
630925,2.0,3
630928,2.0,3
630931,2.0,3
630934,2.0,3
630937,2.0,3
630940,2.0,3
630943,2.0,3
630946,2.0,3
630949,2.0,3
630952,2.0,3
630955,2.0,3
630958,2.0,3
630961,2.0,3
630964,2.0,3
630967,2.0,3
630970,2.0,3
630973,2.0,3
630976,2.0,3
630979,2.0,3
630982,2.0,3
630985,2.0,3
630988,2.0,3
630991,2.0,3
630994,2.0,3
630998,3.0,4
631001,2.0,3
631004,2.0,3
631007,2.0,3
631010,2.0,3
631013,2.0,3
631016,2.0,3
631019,2.0,3
631022,2.0,3
631025,2.0,3
631028,2.0,3
631031,2.0,3
631034,2.0,3
631037,2.0,3
631040,2.0,3
631043,2.0,3
631046,2.0,3
631049,2.0,3
631052,2.0,3
631056,3.0,4
631059,2.0,3
631062,2.0,3
631065,2.0,3
631068,2.0,3
631071,2.0,3
631074,2.0,3
631077,2.0,3
631080,2.0,3
631083,2.0,3
631086,2.0,3
631089,2.0,3
631092,2.0,3
631095,2.0,3
631098,2.0,3
631101,2.0,3
631104,2.0,3
631107,2.0,3
631110,2.0,3
631114,3.0,4
631117,2.0,3
631120,2.0,3
631123,2.0,3
631126,2.0,3
631129,2.0,3
631132,2.0,3
631135,2.0,3
631138,2.0,3
631141,2.0,3
631144,2.0,3
631147,2.0,3
631157,9.0,10
631160,2.0,3
631163,2.0,3
631166,2.0,3
631169,2.0,3
631172,2.0,3
631175,2.0,3
631178,2.0,3
631182,3.0,4
631185,2.0,3
631188,2.0,3
631191,2.0,3
631194,2.0,3
631197,2.0,3
631200,2.0,3
631203,2.0,3
631206,2.0,3
631210,3.0,4
631213,2.0,3
631216,2.0,3
631219,2.0,3
631222,2.0,3
631225,2.0,3
631228,2.0,3
631231,2.0,3
631234,2.0,3
631237,2.0,3
631240,2.0,3
631243,2.0,3
631253,9.0,10
631257,3.0,4
631260,2.0,3
631263,2.0,3
631266,2.0,3
631269,2.0,3
631272,2.0,3
631275,2.0,3
631278,2.0,3
631281,2.0,3
631284,2.0,3
631287,2.0,3
631290,2.0,3
631293,2.0,3
631296,2.0,3
631299,2.0,3
631302,2.0,3
631305,2.0,3
631308,2.0,3
631311,2.0,3
631314,2.0,3
631317,2.0,3
631320,2.0,3
631323,2.0,3
631326,2.0,3
631329,2.0,3
631332,2.0,3
631335,2.0,3
631338,2.0,3
631341,2.0,3
631344,2.0,3
631347,2.0,3
631350,2.0,3
631353,2.0,3
631356,2.0,3
631359,2.0,3
631362,2.0,3
631365,2.0,3
631368,2.0,3
631371,2.0,3
631374,2.0,3
631377,2.0,3
631380,2.0,3
631383,2.0,3
631386,2.0,3
631396,9.0,10
631399,2.0,3
631402,2.0,3
631405,2.0,3
631408,2.0,3
631411,2.0,3
631414,2.0,3
631417,2.0,3
631420,2.0,3
631424,3.0,4
631427,2.0,3
631430,2.0,3
631433,2.0,3
631436,2.0,3
631439,2.0,3
631442,2.0,3
631445,2.0,3
631448,2.0,3
631451,2.0,3
631454,2.0,3
631457,2.0,3
631460,2.0,3
631463,2.0,3
631466,2.0,3
631469,2.0,3
631472,2.0,3
631475,2.0,3
631478,2.0,3
631481,2.0,3
631484,2.0,3
631487,2.0,3
631490,2.0,3
631493,2.0,3
631496,2.0,3
631499,2.0,3
631502,2.0,3
631505,2.0,3
631508,2.0,3
631511,2.0,3
631514,2.0,3
631517,2.0,3
631520,2.0,3
631523,2.0,3
631526,2.0,3
631529,2.0,3
631532,2.0,3
631535,2.0,3
631538,2.0,3
631541,2.0,3
631544,2.0,3
631547,2.0,3
631550,2.0,3
631553,2.0,3
631556,2.0,3
631559,2.0,3
631562,2.0,3
631565,2.0,3
631568,2.0,3
631571,2.0,3
631574,2.0,3
631577,2.0,3
631580,2.0,3
631583,2.0,3
631587,3.0,4
631590,2.0,3
631593,2.0,3
631596,2.0,3
631599,2.0,3
631602,2.0,3
631605,2.0,3
631608,2.0,3
631611,2.0,3
631614,2.0,3
631617,2.0,3
631620,2.0,3
631623,2.0,3
631626,2.0,3
631629,2.0,3
631632,2.0,3
631635,2.0,3
631638,2.0,3
631641,2.0,3
631644,2.0,3
631647,2.0,3
631651,3.0,4
631654,2.0,3
631657,2.0,3
631660,2.0,3
631663,2.0,3
631666,2.0,3
631670,3.0,4
631673,2.0,3
631676,2.0,3
631679,2.0,3
631682,2.0,3
631685,2.0,3
631688,2.0,3
631691,2.0,3
631694,2.0,3
631697,2.0,3
631700,2.0,3
631703,2.0,3
631706,2.0,3
631709,2.0,3
631712,2.0,3
631715,2.0,3
631718,2.0,3
631721,2.0,3
631724,2.0,3
631727,2.0,3
631730,2.0,3
631733,2.0,3
631736,2.0,3
631739,2.0,3
631742,2.0,3
631745,2.0,3
631748,2.0,3
631751,2.0,3
631754,2.0,3
631757,2.0,3
631760,2.0,3
631763,2.0,3
631766,2.0,3
631769,2.0,3
631772,2.0,3
631775,2.0,3
631778,2.0,3
631781,2.0,3
631784,2.0,3
631787,2.0,3
631790,2.0,3
631793,2.0,3
631796,2.0,3
631799,2.0,3
631802,2.0,3
631805,2.0,3
631808,2.0,3
631811,2.0,3
631814,2.0,3
631817,2.0,3
631820,2.0,3
631823,2.0,3
631826,2.0,3
631829,2.0,3
631832,2.0,3
631835,2.0,3
631838,2.0,3
631841,2.0,3
631844,2.0,3
631847,2.0,3
631850,2.0,3
631853,2.0,3
631856,2.0,3
631859,2.0,3
631862,2.0,3
631865,2.0,3
631868,2.0,3
631871,2.0,3
631874,2.0,3
631877,2.0,3
631880,2.0,3
631883,2.0,3
631887,3.0,4
631890,2.0,3
631893,2.0,3
631896,2.0,3
631899,2.0,3
631902,2.0,3
631906,3.0,4
631909,2.0,3
631912,2.0,3
631915,2.0,3
631918,2.0,3
631921,2.0,3
631924,2.0,3
631928,3.0,4
631931,2.0,3
631934,2.0,3
631937,2.0,3
631940,2.0,3
631943,2.0,3
631946,2.0,3
631950,3.0,4
631953,2.0,3
631956,2.0,3
631959,2.0,3
631962,2.0,3
631965,2.0,3
631969,3.0,4
631973,3.0,4
631976,2.0,3
631979,2.0,3
631982,2.0,3
631985,2.0,3
631988,2.0,3
631991,2.0,3
631994,2.0,3
631997,2.0,3
632000,2.0,3
632003,2.0,3
632006,2.0,3
632009,2.0,3
632012,2.0,3
632015,2.0,3
632018,2.0,3
632021,2.0,3
632024,2.0,3
632027,2.0,3
632030,2.0,3
632033,2.0,3
632036,2.0,3
632039,2.0,3
632042,2.0,3
632045,2.0,3
632048,2.0,3
632052,3.0,4
632055,2.0,3
632058,2.0,3
632061,2.0,3
632065,3.0,4
632068,2.0,3
632071,2.0,3
632074,2.0,3
632077,2.0,3
632080,2.0,3
632083,2.0,3
632086,2.0,3
632096,9.0,10
632099,2.0,3
632102,2.0,3
632105,2.0,3
632108,2.0,3
632111,2.0,3
632114,2.0,3
632117,2.0,3
632120,2.0,3
632123,2.0,3
632126,2.0,3
632129,2.0,3
632132,2.0,3
632135,2.0,3
632138,2.0,3
632141,2.0,3
632145,3.0,4
632148,2.0,3
632151,2.0,3
632154,2.0,3
632157,2.0,3
632160,2.0,3
632163,2.0,3
632166,2.0,3
632169,2.0,3
632172,2.0,3
632175,2.0,3
632178,2.0,3
632181,2.0,3
632184,2.0,3
632187,2.0,3
632190,2.0,3
632193,2.0,3
632196,2.0,3
632199,2.0,3
632202,2.0,3
632205,2.0,3
632208,2.0,3
632211,2.0,3
632215,3.0,4
632218,2.0,3
632221,2.0,3
632224,2.0,3
632227,2.0,3
632230,2.0,3
632233,2.0,3
632236,2.0,3
632239,2.0,3
632242,2.0,3
632245,2.0,3
632248,2.0,3
632251,2.0,3
632254,2.0,3
632257,2.0,3
632260,2.0,3
632263,2.0,3
632266,2.0,3
632269,2.0,3
632272,2.0,3
632275,2.0,3
632278,2.0,3
632281,2.0,3
632284,2.0,3
632287,2.0,3
632290,2.0,3
632293,2.0,3
632296,2.0,3
632299,2.0,3
632302,2.0,3
632305,2.0,3
632308,2.0,3
632311,2.0,3
632314,2.0,3
632317,2.0,3
632320,2.0,3
632323,2.0,3
632326,2.0,3
632329,2.0,3
632333,3.0,4
632336,2.0,3
632339,2.0,3
632342,2.0,3
632345,2.0,3
632348,2.0,3
632351,2.0,3
632354,2.0,3
632357,2.0,3
632360,2.0,3
632363,2.0,3
632366,2.0,3
632369,2.0,3
632372,2.0,3
632375,2.0,3
632378,2.0,3
632381,2.0,3
632384,2.0,3
632387,2.0,3
632390,2.0,3
632393,2.0,3
632396,2.0,3
632399,2.0,3
632402,2.0,3
632405,2.0,3
632408,2.0,3
632411,2.0,3
632414,2.0,3
632417,2.0,3
632420,2.0,3
632423,2.0,3
632426,2.0,3
632429,2.0,3
632432,2.0,3
632435,2.0,3
632438,2.0,3
632441,2.0,3
632444,2.0,3
632447,2.0,3
632450,2.0,3
632453,2.0,3
632456,2.0,3
632459,2.0,3
632462,2.0,3
632465,2.0,3
632468,2.0,3
632471,2.0,3
632474,2.0,3
632477,2.0,3
632480,2.0,3
632483,2.0,3
632486,2.0,3
632490,3.0,4
632493,2.0,3
632496,2.0,3
632499,2.0,3
632502,2.0,3
632505,2.0,3
632508,2.0,3
632511,2.0,3
632514,2.0,3
632517,2.0,3
632520,2.0,3
632523,2.0,3
632526,2.0,3
632529,2.0,3
632532,2.0,3
632535,2.0,3
632538,2.0,3
632541,2.0,3
632544,2.0,3
632547,2.0,3
632550,2.0,3
632553,2.0,3
632556,2.0,3
632559,2.0,3
632562,2.0,3
632565,2.0,3
632568,2.0,3
632571,2.0,3
632574,2.0,3
632577,2.0,3
632580,2.0,3
632583,2.0,3
632586,2.0,3
632589,2.0,3
632592,2.0,3
632595,2.0,3
632598,2.0,3
632602,3.0,4
632605,2.0,3
632608,2.0,3
632611,2.0,3
632614,2.0,3
632617,2.0,3
632620,2.0,3
632623,2.0,3
632626,2.0,3
632629,2.0,3
632632,2.0,3
632635,2.0,3
632638,2.0,3
632641,2.0,3
632645,3.0,4
632648,2.0,3
632651,2.0,3
632654,2.0,3
632658,3.0,4
632661,2.0,3
632664,2.0,3
632667,2.0,3
632670,2.0,3
632673,2.0,3
632677,3.0,4
632680,2.0,3
632683,2.0,3
632686,2.0,3
632689,2.0,3
632692,2.0,3
632695,2.0,3
632698,2.0,3
632701,2.0,3
632704,2.0,3
632707,2.0,3
632710,2.0,3
632713,2.0,3
632716,2.0,3
632719,2.0,3
632722,2.0,3
632725,2.0,3
632728,2.0,3
632731,2.0,3
632734,2.0,3
632737,2.0,3
632740,2.0,3
632743,2.0,3
632746,2.0,3
632749,2.0,3
632752,2.0,3
632755,2.0,3
632758,2.0,3
632761,2.0,3
632764,2.0,3
632767,2.0,3
632770,2.0,3
632774,3.0,4
632777,2.0,3
632780,2.0,3
632783,2.0,3
632786,2.0,3
632789,2.0,3
632792,2.0,3
632795,2.0,3
632798,2.0,3
632801,2.0,3
632804,2.0,3
632807,2.0,3
632810,2.0,3
632813,2.0,3
632816,2.0,3
632819,2.0,3
632823,3.0,4
632826,2.0,3
632829,2.0,3
632832,2.0,3
632835,2.0,3
632838,2.0,3
632841,2.0,3
632844,2.0,3
632847,2.0,3
632851,3.0,4
632854,2.0,3
632857,2.0,3
632860,2.0,3
632864,3.0,4
632867,2.0,3
632871,3.0,4
632874,2.0,3
632877,2.0,3
632880,2.0,3
632883,2.0,3
632886,2.0,3
632889,2.0,3
632892,2.0,3
632896,3.0,4
632900,3.0,4
632903,2.0,3
632906,2.0,3
632909,2.0,3
632913,3.0,4
632917,3.0,4
632920,2.0,3
632923,2.0,3
632926,2.0,3
632929,2.0,3
632932,2.0,3
632935,2.0,3
632939,3.0,4
632943,3.0,4
632947,3.0,4
632950,2.0,3
632953,2.0,3
632956,2.0,3
632959,2.0,3
632962,2.0,3
632965,2.0,3
632969,3.0,4
632972,2.0,3
632975,2.0,3
632978,2.0,3
632981,2.0,3
632985,3.0,4
632988,2.0,3
632991,2.0,3
632994,2.0,3
632997,2.0,3
633000,2.0,3
633003,2.0,3
633006,2.0,3
633009,2.0,3
633012,2.0,3
633015,2.0,3
633018,2.0,3
633021,2.0,3
633024,2.0,3
633027,2.0,3
633030,2.0,3
633033,2.0,3
633036,2.0,3
633039,2.0,3
633042,2.0,3
633046,3.0,4
633049,2.0,3
633052,2.0,3
633055,2.0,3
633058,2.0,3
633061,2.0,3
633064,2.0,3
633067,2.0,3
633071,3.0,4
633074,2.0,3
633077,2.0,3
633080,2.0,3
633084,3.0,4
633087,2.0,3
633090,2.0,3
633094,3.0,4
633098,3.0,4
633101,2.0,3
633104,2.0,3
633107,2.0,3
633111,3.0,4
633114,2.0,3
633117,2.0,3
633120,2.0,3
633124,3.0,4
633128,3.0,4
633131,2.0,3
633134,2.0,3
633137,2.0,3
633140,2.0,3
633143,2.0,3
633146,2.0,3
633149,2.0,3
633152,2.0,3
633155,2.0,3
633158,2.0,3
633161,2.0,3
633164,2.0,3
633167,2.0,3
633170,2.0,3
633173,2.0,3
633176,2.0,3
633179,2.0,3
633182,2.0,3
633185,2.0,3
633188,2.0,3
633191,2.0,3
633194,2.0,3
633197,2.0,3
633200,2.0,3
633204,3.0,4
633207,2.0,3
633210,2.0,3
633213,2.0,3
633216,2.0,3
633219,2.0,3
633222,2.0,3
633225,2.0,3
633228,2.0,3
633231,2.0,3
633234,2.0,3
633237,2.0,3
633240,2.0,3
633243,2.0,3
633246,2.0,3
633249,2.0,3
633252,2.0,3
633255,2.0,3
633258,2.0,3
633261,2.0,3
633264,2.0,3
633267,2.0,3
633270,2.0,3
633273,2.0,3
633276,2.0,3
633279,2.0,3
633282,2.0,3
633285,2.0,3
633288,2.0,3
633291,2.0,3
633294,2.0,3
633297,2.0,3
633300,2.0,3
633303,2.0,3
633306,2.0,3
633309,2.0,3
633312,2.0,3
633315,2.0,3
633318,2.0,3
633321,2.0,3
633324,2.0,3
633327,2.0,3
633337,9.0,10
633340,2.0,3
633343,2.0,3
633346,2.0,3
633349,2.0,3
633352,2.0,3
633355,2.0,3
633358,2.0,3
633361,2.0,3
633364,2.0,3
633367,2.0,3
633370,2.0,3
633373,2.0,3
633376,2.0,3
633379,2.0,3
633382,2.0,3
633385,2.0,3
633388,2.0,3
633391,2.0,3
633394,2.0,3
633397,2.0,3
633400,2.0,3
633404,3.0,4
633407,2.0,3
633410,2.0,3
633413,2.0,3
633416,2.0,3
633419,2.0,3
633422,2.0,3
633425,2.0,3
633429,3.0,4
633433,3.0,4
633443,9.0,10
633446,2.0,3
633449,2.0,3
633452,2.0,3
633456,3.0,4
633459,2.0,3
633462,2.0,3
633466,3.0,4
633469,2.0,3
633472,2.0,3
633475,2.0,3
633478,2.0,3
633481,2.0,3
633484,2.0,3
633487,2.0,3
633490,2.0,3
633493,2.0,3
633496,2.0,3
633499,2.0,3
633502,2.0,3
633505,2.0,3
633509,3.0,4
633512,2.0,3
633515,2.0,3
633518,2.0,3
633521,2.0,3
633524,2.0,3
633528,3.0,4
633531,2.0,3
633534,2.0,3
633537,2.0,3
633541,3.0,4
633544,2.0,3
633547,2.0,3
633551,3.0,4
633561,9.0,10
633564,2.0,3
633567,2.0,3
633570,2.0,3
633573,2.0,3
633576,2.0,3
633579,2.0,3
633582,2.0,3
633585,2.0,3
633589,3.0,4
633592,2.0,3
633595,2.0,3
633599,3.0,4
633602,2.0,3
633605,2.0,3
633608,2.0,3
633611,2.0,3
633614,2.0,3
633617,2.0,3
633620,2.0,3
633623,2.0,3
633626,2.0,3
633629,2.0,3
633632,2.0,3
633635,2.0,3
633638,2.0,3
633642,3.0,4
633645,2.0,3
633649,3.0,4
633652,2.0,3
633655,2.0,3
633658,2.0,3
633661,2.0,3
633664,2.0,3
633667,2.0,3
633671,3.0,4
633674,2.0,3
633678,3.0,4
633681,2.0,3
633685,3.0,4
633688,2.0,3
633691,2.0,3
633694,2.0,3
633697,2.0,3
633700,2.0,3
633703,2.0,3
633706,2.0,3
633710,3.0,4
633713,2.0,3
633716,2.0,3
633719,2.0,3
633722,2.0,3
633725,2.0,3
633728,2.0,3
633731,2.0,3
633734,2.0,3
633737,2.0,3
633741,3.0,4
633744,2.0,3
633747,2.0,3
633750,2.0,3
633753,2.0,3
633756,2.0,3
633759,2.0,3
633762,2.0,3
633766,3.0,4
633769,2.0,3
633772,2.0,3
633775,2.0,3
633778,2.0,3
633781,2.0,3
633784,2.0,3
633787,2.0,3
633790,2.0,3
633793,2.0,3
633796,2.0,3
633799,2.0,3
633802,2.0,3
633805,2.0,3
633808,2.0,3
633811,2.0,3
633814,2.0,3
633817,2.0,3
633820,2.0,3
633823,2.0,3
633826,2.0,3
633829,2.0,3
633832,2.0,3
633835,2.0,3
633838,2.0,3
633841,2.0,3
633844,2.0,3
633847,2.0,3
633850,2.0,3
633853,2.0,3
633856,2.0,3
633859,2.0,3
633862,2.0,3
633865,2.0,3
633868,2.0,3
633871,2.0,3
633874,2.0,3
633877,2.0,3
633881,3.0,4
633884,2.0,3
633887,2.0,3
633891,3.0,4
633894,2.0,3
633897,2.0,3
633900,2.0,3
633903,2.0,3
633906,2.0,3
633909,2.0,3
633912,2.0,3
633915,2.0,3
633918,2.0,3
633921,2.0,3
633924,2.0,3
633927,2.0,3
633930,2.0,3
633933,2.0,3
633936,2.0,3
633939,2.0,3
633942,2.0,3
633945,2.0,3
633948,2.0,3
633951,2.0,3
633954,2.0,3
633957,2.0,3
633960,2.0,3
633963,2.0,3
633966,2.0,3
633969,2.0,3
633972,2.0,3
633975,2.0,3
633978,2.0,3
633981,2.0,3
633984,2.0,3
633987,2.0,3
633990,2.0,3
633993,2.0,3
633997,3.0,4
634000,2.0,3
634003,2.0,3
634006,2.0,3
634009,2.0,3
634012,2.0,3
634016,3.0,4
634019,2.0,3
634022,2.0,3
634025,2.0,3
634028,2.0,3
634031,2.0,3
634034,2.0,3
634037,2.0,3
634040,2.0,3
634043,2.0,3
634046,2.0,3
634049,2.0,3
634052,2.0,3
634055,2.0,3
634059,3.0,4
634062,2.0,3
634065,2.0,3
634068,2.0,3
634071,2.0,3
634074,2.0,3
634077,2.0,3
634080,2.0,3
634083,2.0,3
634086,2.0,3
634089,2.0,3
634092,2.0,3
634095,2.0,3
634098,2.0,3
634101,2.0,3
634104,2.0,3
634107,2.0,3
634110,2.0,3
634120,9.0,10
634123,2.0,3
634126,2.0,3
634129,2.0,3
634132,2.0,3
634135,2.0,3
634138,2.0,3
634141,2.0,3
634144,2.0,3
634147,2.0,3
634150,2.0,3
634153,2.0,3
634156,2.0,3
634159,2.0,3
634162,2.0,3
634165,2.0,3
634169,3.0,4
634172,2.0,3
634175,2.0,3
634178,2.0,3
634181,2.0,3
634184,2.0,3
634187,2.0,3
634190,2.0,3
634193,2.0,3
634196,2.0,3
634200,3.0,4
634203,2.0,3
634206,2.0,3
634209,2.0,3
634212,2.0,3
634215,2.0,3
634218,2.0,3
634221,2.0,3
634224,2.0,3
634227,2.0,3
634230,2.0,3
634233,2.0,3
634236,2.0,3
634239,2.0,3
634242,2.0,3
634245,2.0,3
634248,2.0,3
634251,2.0,3
634254,2.0,3
634258,3.0,4
634261,2.0,3
634264,2.0,3
634267,2.0,3
634270,2.0,3
634273,2.0,3
634276,2.0,3
634279,2.0,3
634282,2.0,3
634285,2.0,3
634288,2.0,3
634291,2.0,3
634294,2.0,3
634297,2.0,3
634300,2.0,3
634303,2.0,3
634306,2.0,3
634309,2.0,3
634312,2.0,3
634315,2.0,3
634318,2.0,3
634321,2.0,3
634324,2.0,3
634327,2.0,3
634330,2.0,3
634333,2.0,3
634336,2.0,3
634339,2.0,3
634342,2.0,3
634345,2.0,3
634349,3.0,4
634352,2.0,3
634355,2.0,3
634358,2.0,3
634361,2.0,3
634364,2.0,3
634367,2.0,3
634370,2.0,3
634373,2.0,3
634377,3.0,4
634380,2.0,3
634383,2.0,3
634386,2.0,3
634389,2.0,3
634392,2.0,3
634395,2.0,3
634398,2.0,3
634401,2.0,3
634404,2.0,3
634407,2.0,3
634410,2.0,3
634413,2.0,3
634417,3.0,4
634420,2.0,3
634423,2.0,3
634426,2.0,3
634429,2.0,3
634432,2.0,3
634435,2.0,3
634438,2.0,3
634441,2.0,3
634444,2.0,3
634447,2.0,3
634451,3.0,4
634454,2.0,3
634457,2.0,3
634460,2.0,3
634463,2.0,3
634466,2.0,3
634469,2.0,3
634472,2.0,3
634476,3.0,4
634479,2.0,3
634482,2.0,3
634485,2.0,3
634488,2.0,3
634491,2.0,3
634494,2.0,3
634497,2.0,3
634500,2.0,3
634503,2.0,3
634506,2.0,3
634509,2.0,3
634512,2.0,3
634515,2.0,3
634518,2.0,3
634521,2.0,3
634524,2.0,3
634528,3.0,4
634531,2.0,3
634535,3.0,4
634538,2.0,3
634541,2.0,3
634544,2.0,3
634548,3.0,4
634551,2.0,3
634555,3.0,4
634559,3.0,4
634562,2.0,3
634565,2.0,3
634568,2.0,3
634571,2.0,3
634574,2.0,3
634577,2.0,3
634580,2.0,3
634583,2.0,3
634586,2.0,3
634589,2.0,3
634592,2.0,3
634595,2.0,3
634598,2.0,3
634601,2.0,3
634604,2.0,3
634607,2.0,3
634610,2.0,3
634613,2.0,3
634616,2.0,3
634619,2.0,3
634622,2.0,3
634625,2.0,3
634628,2.0,3
634631,2.0,3
634634,2.0,3
634637,2.0,3
634640,2.0,3
634644,3.0,4
634647,2.0,3
634650,2.0,3
634653,2.0,3
634656,2.0,3
634659,2.0,3
634662,2.0,3
634665,2.0,3
634668,2.0,3
634671,2.0,3
634674,2.0,3
634677,2.0,3
634680,2.0,3
634683,2.0,3
634686,2.0,3
634689,2.0,3
634692,2.0,3
634695,2.0,3
634698,2.0,3
634701,2.0,3
634704,2.0,3
634707,2.0,3
634711,3.0,4
634714,2.0,3
634717,2.0,3
634720,2.0,3
634730,9.0,10
634733,2.0,3
634736,2.0,3
634739,2.0,3
634742,2.0,3
634745,2.0,3
634748,2.0,3
634751,2.0,3
634754,2.0,3
634758,3.0,4
634761,2.0,3
634764,2.0,3
634767,2.0,3
634770,2.0,3
634773,2.0,3
634776,2.0,3
634779,2.0,3
634783,3.0,4
634786,2.0,3
634789,2.0,3
634792,2.0,3
634795,2.0,3
634798,2.0,3
634801,2.0,3
634804,2.0,3
634807,2.0,3
634810,2.0,3
634813,2.0,3
634816,2.0,3
634819,2.0,3
634822,2.0,3
634825,2.0,3
634828,2.0,3
634831,2.0,3
634834,2.0,3
634837,2.0,3
634840,2.0,3
634843,2.0,3
634846,2.0,3
634849,2.0,3
634852,2.0,3
634855,2.0,3
634858,2.0,3
634861,2.0,3
634864,2.0,3
634867,2.0,3
634870,2.0,3
634873,2.0,3
634877,3.0,4
634880,2.0,3
634883,2.0,3
634886,2.0,3
634889,2.0,3
634892,2.0,3
634895,2.0,3
634898,2.0,3
634901,2.0,3
634904,2.0,3
634907,2.0,3
634910,2.0,3
634913,2.0,3
634916,2.0,3
634919,2.0,3
634922,2.0,3
634925,2.0,3
634928,2.0,3
634931,2.0,3
634934,2.0,3
634937,2.0,3
634941,3.0,4
634944,2.0,3
634948,3.0,4
634951,2.0,3
634954,2.0,3
634957,2.0,3
634961,3.0,4
634964,2.0,3
634967,2.0,3
634970,2.0,3
634973,2.0,3
634976,2.0,3
634979,2.0,3
634983,3.0,4
634987,3.0,4
634990,2.0,3
634993,2.0,3
634996,2.0,3
635000,3.0,4
635003,2.0,3
635006,2.0,3
635009,2.0,3
635012,2.0,3
635015,2.0,3
635018,2.0,3
635021,2.0,3
635024,2.0,3
635027,2.0,3
635030,2.0,3
635033,2.0,3
635036,2.0,3
635039,2.0,3
635042,2.0,3
635045,2.0,3
635048,2.0,3
635051,2.0,3
635054,2.0,3
635057,2.0,3
635060,2.0,3
635063,2.0,3
635066,2.0,3
635069,2.0,3
635073,3.0,4
635076,2.0,3
635079,2.0,3
635082,2.0,3
635085,2.0,3
635088,2.0,3
635092,3.0,4
635095,2.0,3
635098,2.0,3
635102,3.0,4
635105,2.0,3
635108,2.0,3
635111,2.0,3
635114,2.0,3
635118,3.0,4
635121,2.0,3
635124,2.0,3
635127,2.0,3
635130,2.0,3
635133,2.0,3
635136,2.0,3
635139,2.0,3
635142,2.0,3
635146,3.0,4
635149,2.0,3
635152,2.0,3
635155,2.0,3
635158,2.0,3
635161,2.0,3
635164,2.0,3
635167,2.0,3
635170,2.0,3
635173,2.0,3
635176,2.0,3
635179,2.0,3
635182,2.0,3
635186,3.0,4
635190,3.0,4
635193,2.0,3
635196,2.0,3
635199,2.0,3
635202,2.0,3
635205,2.0,3
635208,2.0,3
635211,2.0,3
635214,2.0,3
635217,2.0,3
635220,2.0,3
635223,2.0,3
635226,2.0,3
635229,2.0,3
635232,2.0,3
635235,2.0,3
635245,9.0,10
635249,3.0,4
635252,2.0,3
635255,2.0,3
635258,2.0,3
635261,2.0,3
635264,2.0,3
635267,2.0,3
635270,2.0,3
635273,2.0,3
635276,2.0,3
635279,2.0,3
635282,2.0,3
635285,2.0,3
635288,2.0,3
635291,2.0,3
635294,2.0,3
635297,2.0,3
635300,2.0,3
635303,2.0,3
635306,2.0,3
635309,2.0,3
635312,2.0,3
635315,2.0,3
635318,2.0,3
635321,2.0,3
635324,2.0,3
635327,2.0,3
635330,2.0,3
635333,2.0,3
635337,3.0,4
635340,2.0,3
635343,2.0,3
635346,2.0,3
635349,2.0,3
635352,2.0,3
635355,2.0,3
635358,2.0,3
635361,2.0,3
635364,2.0,3
635367,2.0,3
635370,2.0,3
635373,2.0,3
635376,2.0,3
635379,2.0,3
635382,2.0,3
635385,2.0,3
635388,2.0,3
635391,2.0,3
635394,2.0,3
635397,2.0,3
635400,2.0,3
635403,2.0,3
635406,2.0,3
635409,2.0,3
635412,2.0,3
635415,2.0,3
635418,2.0,3
635421,2.0,3
635424,2.0,3
635427,2.0,3
635430,2.0,3
635433,2.0,3
635436,2.0,3
635439,2.0,3
635442,2.0,3
635445,2.0,3
635448,2.0,3
635451,2.0,3
635454,2.0,3
635457,2.0,3
635461,3.0,4
635471,9.0,10
635474,2.0,3
635477,2.0,3
635480,2.0,3
635483,2.0,3
635486,2.0,3
635489,2.0,3
635492,2.0,3
635495,2.0,3
635498,2.0,3
635501,2.0,3
635504,2.0,3
635507,2.0,3
635510,2.0,3
635514,3.0,4
635517,2.0,3
635520,2.0,3
635523,2.0,3
635526,2.0,3
635529,2.0,3
635532,2.0,3
635535,2.0,3
635539,3.0,4
635542,2.0,3
635545,2.0,3
635548,2.0,3
635551,2.0,3
635554,2.0,3
635558,3.0,4
635562,3.0,4
635565,2.0,3
635568,2.0,3
635571,2.0,3
635574,2.0,3
635577,2.0,3
635580,2.0,3
635583,2.0,3
635586,2.0,3
635589,2.0,3
635592,2.0,3
635595,2.0,3
635598,2.0,3
635601,2.0,3
635604,2.0,3
635607,2.0,3
635610,2.0,3
635613,2.0,3
635616,2.0,3
635619,2.0,3
635622,2.0,3
635625,2.0,3
635628,2.0,3
635631,2.0,3
635634,2.0,3
635637,2.0,3
635640,2.0,3
635643,2.0,3
635646,2.0,3
635649,2.0,3
635652,2.0,3
635655,2.0,3
635658,2.0,3
635662,3.0,4
635665,2.0,3
635668,2.0,3
635671,2.0,3
635674,2.0,3
635677,2.0,3
635680,2.0,3
635683,2.0,3
635686,2.0,3
635689,2.0,3
635692,2.0,3
635695,2.0,3
635699,3.0,4
635702,2.0,3
635705,2.0,3
635708,2.0,3
635711,2.0,3
635714,2.0,3
635717,2.0,3
635720,2.0,3
635723,2.0,3
635726,2.0,3
635729,2.0,3
635732,2.0,3
635735,2.0,3
635738,2.0,3
635741,2.0,3
635745,3.0,4
635748,2.0,3
635751,2.0,3
635755,3.0,4
635758,2.0,3
635761,2.0,3
635764,2.0,3
635767,2.0,3
635770,2.0,3
635773,2.0,3
635783,9.0,10
635786,2.0,3
635789,2.0,3
635792,2.0,3
635795,2.0,3
635798,2.0,3
635801,2.0,3
635804,2.0,3
635807,2.0,3
635811,3.0,4
635814,2.0,3
635817,2.0,3
635820,2.0,3
635823,2.0,3
635826,2.0,3
635829,2.0,3
635832,2.0,3
635835,2.0,3
635838,2.0,3
635841,2.0,3
635844,2.0,3
635847,2.0,3
635850,2.0,3
635853,2.0,3
635856,2.0,3
635859,2.0,3
635862,2.0,3
635865,2.0,3
635868,2.0,3
635871,2.0,3
635874,2.0,3
635877,2.0,3
635880,2.0,3
635883,2.0,3
635886,2.0,3
635889,2.0,3
635892,2.0,3
635895,2.0,3
635898,2.0,3
635901,2.0,3
635904,2.0,3
635907,2.0,3
635910,2.0,3
635913,2.0,3
635916,2.0,3
635920,3.0,4
635923,2.0,3
635926,2.0,3
635929,2.0,3
635939,9.0,10
635942,2.0,3
635945,2.0,3
635948,2.0,3
635951,2.0,3
635954,2.0,3
635957,2.0,3
635960,2.0,3
635963,2.0,3
635966,2.0,3
635969,2.0,3
635972,2.0,3
635975,2.0,3
635978,2.0,3
635981,2.0,3
635984,2.0,3
635987,2.0,3
635990,2.0,3
635993,2.0,3
635996,2.0,3
635999,2.0,3
636002,2.0,3
636005,2.0,3
636008,2.0,3
636011,2.0,3
636014,2.0,3
636017,2.0,3
636020,2.0,3
636023,2.0,3
636026,2.0,3
636029,2.0,3
636032,2.0,3
636035,2.0,3
636038,2.0,3
636041,2.0,3
636044,2.0,3
636047,2.0,3
636050,2.0,3
636053,2.0,3
636056,2.0,3
636059,2.0,3
636062,2.0,3
636066,3.0,4
636069,2.0,3
636073,3.0,4
636076,2.0,3
636079,2.0,3
636082,2.0,3
636085,2.0,3
636088,2.0,3
636091,2.0,3
636094,2.0,3
636097,2.0,3
636100,2.0,3
636103,2.0,3
636107,3.0,4
636110,2.0,3
636113,2.0,3
636116,2.0,3
636119,2.0,3
636122,2.0,3
636125,2.0,3
636129,3.0,4
636132,2.0,3
636135,2.0,3
636138,2.0,3
636141,2.0,3
636144,2.0,3
636147,2.0,3
636150,2.0,3
636153,2.0,3
636157,3.0,4
636160,2.0,3
636163,2.0,3
636166,2.0,3
636170,3.0,4
636173,2.0,3
636176,2.0,3
636179,2.0,3
636182,2.0,3
636185,2.0,3
636188,2.0,3
636191,2.0,3
636194,2.0,3
636197,2.0,3
636201,3.0,4
636204,2.0,3
636207,2.0,3
636210,2.0,3
636213,2.0,3
636217,3.0,4
636220,2.0,3
636223,2.0,3
636226,2.0,3
636229,2.0,3
636232,2.0,3
636235,2.0,3
636238,2.0,3
636241,2.0,3
636244,2.0,3
636247,2.0,3
636250,2.0,3
636254,3.0,4
636257,2.0,3
636261,3.0,4
636264,2.0,3
636267,2.0,3
636270,2.0,3
636273,2.0,3
636276,2.0,3
636279,2.0,3
636282,2.0,3
636285,2.0,3
636288,2.0,3
636291,2.0,3
636294,2.0,3
636297,2.0,3
636300,2.0,3
636303,2.0,3
636306,2.0,3
636309,2.0,3
636312,2.0,3
636315,2.0,3
636318,2.0,3
636322,3.0,4
636325,2.0,3
636328,2.0,3
636332,3.0,4
636335,2.0,3
636338,2.0,3
636341,2.0,3
636344,2.0,3
636347,2.0,3
636351,3.0,4
636354,2.0,3
636357,2.0,3
636361,3.0,4
636364,2.0,3
636367,2.0,3
636370,2.0,3
636373,2.0,3
636376,2.0,3
636379,2.0,3
636382,2.0,3
636385,2.0,3
636388,2.0,3
636392,3.0,4
636395,2.0,3
636398,2.0,3
636401,2.0,3
636404,2.0,3
636407,2.0,3
636410,2.0,3
636413,2.0,3
636416,2.0,3
636419,2.0,3
636422,2.0,3
636425,2.0,3
636428,2.0,3
636431,2.0,3
636434,2.0,3
636438,3.0,4
636442,3.0,4
636445,2.0,3
636448,2.0,3
636458,9.0,10
636461,2.0,3
636465,3.0,4
636468,2.0,3
636471,2.0,3
636475,3.0,4
636478,2.0,3
636488,9.0,10
636491,2.0,3
636494,2.0,3
636497,2.0,3
636500,2.0,3
636503,2.0,3
636506,2.0,3
636509,2.0,3
636512,2.0,3
636515,2.0,3
636518,2.0,3
636528,9.0,10
636531,2.0,3
636534,2.0,3
636538,3.0,4
636541,2.0,3
636544,2.0,3
636547,2.0,3
636550,2.0,3
636553,2.0,3
636556,2.0,3
636559,2.0,3
636563,3.0,4
636566,2.0,3
636569,2.0,3
636572,2.0,3
636575,2.0,3
636578,2.0,3
636581,2.0,3
636584,2.0,3
636587,2.0,3
636591,3.0,4
636594,2.0,3
636597,2.0,3
636600,2.0,3
636603,2.0,3
636607,3.0,4
636610,2.0,3
636613,2.0,3
636616,2.0,3
636619,2.0,3
636622,2.0,3
636625,2.0,3
636628,2.0,3
636631,2.0,3
636634,2.0,3
636637,2.0,3
636640,2.0,3
636643,2.0,3
636646,2.0,3
636649,2.0,3
636652,2.0,3
636655,2.0,3
636659,3.0,4
636662,2.0,3
636665,2.0,3
636668,2.0,3
636671,2.0,3
636674,2.0,3
636677,2.0,3
636680,2.0,3
636683,2.0,3
636686,2.0,3
636689,2.0,3
636692,2.0,3
636702,9.0,10
636705,2.0,3
636708,2.0,3
636711,2.0,3
636714,2.0,3
636717,2.0,3
636720,2.0,3
636724,3.0,4
636727,2.0,3
636730,2.0,3
636734,3.0,4
636737,2.0,3
636740,2.0,3
636743,2.0,3
636746,2.0,3
636749,2.0,3
636752,2.0,3
636755,2.0,3
636758,2.0,3
636761,2.0,3
636764,2.0,3
636767,2.0,3
636770,2.0,3
636773,2.0,3
636776,2.0,3
636779,2.0,3
636782,2.0,3
636785,2.0,3
636788,2.0,3
636791,2.0,3
636794,2.0,3
636797,2.0,3
636800,2.0,3
636803,2.0,3
636806,2.0,3
636809,2.0,3
636812,2.0,3
636815,2.0,3
636818,2.0,3
636821,2.0,3
636824,2.0,3
636827,2.0,3
636830,2.0,3
636840,9.0,10
636843,2.0,3
636847,3.0,4
636850,2.0,3
636853,2.0,3
636856,2.0,3
636859,2.0,3
636863,3.0,4
636866,2.0,3
636869,2.0,3
636872,2.0,3
636875,2.0,3
636878,2.0,3
636882,3.0,4
636885,2.0,3
636888,2.0,3
636891,2.0,3
636894,2.0,3
636897,2.0,3
636900,2.0,3
636903,2.0,3
636906,2.0,3
636909,2.0,3
636912,2.0,3
636915,2.0,3
636918,2.0,3
636921,2.0,3
636924,2.0,3
636927,2.0,3
636931,3.0,4
636934,2.0,3
636937,2.0,3
636948,10.0,11
636951,2.0,3
636962,10.0,11
636965,2.0,3
636976,10.0,11
636979,2.0,3
636982,2.0,3
636993,10.0,11
636996,2.0,3
636999,2.0,3
637010,10.0,11
637013,2.0,3
637016,2.0,3
637020,3.0,4
637023,2.0,3
637026,2.0,3
637029,2.0,3
637040,10.0,11
637043,2.0,3
637046,2.0,3
637049,2.0,3
637052,2.0,3
637055,2.0,3
637059,3.0,4
637062,2.0,3
637066,3.0,4
637070,3.0,4
637073,2.0,3
637076,2.0,3
637080,3.0,4
637083,2.0,3
637086,2.0,3
637089,2.0,3
637092,2.0,3
637103,10.0,11
637106,2.0,3
637110,3.0,4
637113,2.0,3
637117,3.0,4
637120,2.0,3
637123,2.0,3
637126,2.0,3
637130,3.0,4
637133,2.0,3
637136,2.0,3
637139,2.0,3
637142,2.0,3
637146,3.0,4
637149,2.0,3
637152,2.0,3
637155,2.0,3
637158,2.0,3
637161,2.0,3
637164,2.0,3
637167,2.0,3
637170,2.0,3
637173,2.0,3
637176,2.0,3
637179,2.0,3
637182,2.0,3
637193,10.0,11
637196,2.0,3
637199,2.0,3
637202,2.0,3
637205,2.0,3
637209,3.0,4
637212,2.0,3
637223,10.0,11
637226,2.0,3
637229,2.0,3
637232,2.0,3
637236,3.0,4
637239,2.0,3
637250,10.0,11
637253,2.0,3
637256,2.0,3
637259,2.0,3
637262,2.0,3
637265,2.0,3
637268,2.0,3
637271,2.0,3
637274,2.0,3
637278,3.0,4
637281,2.0,3
637284,2.0,3
637288,3.0,4
637291,2.0,3
637294,2.0,3
637297,2.0,3
637300,2.0,3
637303,2.0,3
637306,2.0,3
637309,2.0,3
637312,2.0,3
637315,2.0,3
637319,3.0,4
637322,2.0,3
637325,2.0,3
637328,2.0,3
637331,2.0,3
637334,2.0,3
637337,2.0,3
637340,2.0,3
637343,2.0,3
637346,2.0,3
637349,2.0,3
637352,2.0,3
637356,3.0,4
637360,3.0,4
637363,2.0,3
637367,3.0,4
637371,3.0,4
637382,10.0,11
637385,2.0,3
637388,2.0,3
637391,2.0,3
637394,2.0,3
637397,2.0,3
637400,2.0,3
637403,2.0,3
637406,2.0,3
637410,3.0,4
637414,3.0,4
637425,10.0,11
637429,3.0,4
637432,2.0,3
637435,2.0,3
637438,2.0,3
637449,10.0,11
637452,2.0,3
637455,2.0,3
637458,2.0,3
637461,2.0,3
637472,10.0,11
637483,10.0,11
637486,2.0,3
637489,2.0,3
637492,2.0,3
637496,3.0,4
637506,9.0,10
637510,3.0,4
637514,3.0,4
637517,2.0,3
637520,2.0,3
637523,2.0,3
637526,2.0,3
637537,10.0,11
637540,2.0,3
637543,2.0,3
637546,2.0,3
637557,10.0,11
637568,10.0,11
637572,3.0,4
637575,2.0,3
637578,2.0,3
637581,2.0,3
637584,2.0,3
637587,2.0,3
637590,2.0,3
637593,2.0,3
637596,2.0,3
637600,3.0,4
637611,10.0,11
637614,2.0,3
637617,2.0,3
637620,2.0,3
637623,2.0,3
637626,2.0,3
637629,2.0,3
637632,2.0,3
637635,2.0,3
637639,3.0,4
637642,2.0,3
637646,3.0,4
637649,2.0,3
637652,2.0,3
637655,2.0,3
637658,2.0,3
637662,3.0,4
637665,2.0,3
637668,2.0,3
637679,10.0,11
637682,2.0,3
637685,2.0,3
637696,10.0,11
637699,2.0,3
637703,3.0,4
637706,2.0,3
637709,2.0,3
637720,10.0,11
637723,2.0,3
637726,2.0,3
637729,2.0,3
637732,2.0,3
637735,2.0,3
637738,2.0,3
637749,10.0,11
637752,2.0,3
637755,2.0,3
637758,2.0,3
637761,2.0,3
637764,2.0,3
637768,3.0,4
637771,2.0,3
637775,3.0,4
637779,3.0,4
637782,2.0,3
637785,2.0,3
637788,2.0,3
637791,2.0,3
637794,2.0,3
637805,10.0,11
637809,3.0,4
637812,2.0,3
637823,10.0,11
637826,2.0,3
637830,3.0,4
637833,2.0,3
637836,2.0,3
637839,2.0,3
637842,2.0,3
637846,3.0,4
637849,2.0,3
637852,2.0,3
637856,3.0,4
637859,2.0,3
637870,10.0,11
637874,3.0,4
637878,3.0,4
637881,2.0,3
637884,2.0,3
637887,2.0,3
637891,3.0,4
637902,10.0,11
637905,2.0,3
637908,2.0,3
637911,2.0,3
637914,2.0,3
637918,3.0,4
637921,2.0,3
637924,2.0,3
637927,2.0,3
637938,10.0,11
637949,10.0,11
637952,2.0,3
637955,2.0,3
637958,2.0,3
637961,2.0,3
637972,10.0,11
637976,3.0,4
637979,2.0,3
637982,2.0,3
637985,2.0,3
637988,2.0,3
637991,2.0,3
637994,2.0,3
637997,2.0,3
638000,2.0,3
638004,3.0,4
638007,2.0,3
638011,3.0,4
638014,2.0,3
638017,2.0,3
638021,3.0,4
638024,2.0,3
638035,10.0,11
638039,3.0,4
638042,2.0,3
638045,2.0,3
638049,3.0,4
638052,2.0,3
638063,10.0,11
638066,2.0,3
638070,3.0,4
638073,2.0,3
638077,3.0,4
638080,2.0,3
638083,2.0,3
638086,2.0,3
638089,2.0,3
638092,2.0,3
638095,2.0,3
638098,2.0,3
638101,2.0,3
638104,2.0,3
638107,2.0,3
638110,2.0,3
638113,2.0,3
638116,2.0,3
638119,2.0,3
638130,10.0,11
638133,2.0,3
638136,2.0,3
638139,2.0,3
638142,2.0,3
638146,3.0,4
638149,2.0,3
638160,10.0,11
638163,2.0,3
638166,2.0,3
638169,2.0,3
638172,2.0,3
638175,2.0,3
638186,10.0,11
638197,10.0,11
638200,2.0,3
638203,2.0,3
638206,2.0,3
638210,3.0,4
638213,2.0,3
638216,2.0,3
638219,2.0,3
638223,3.0,4
638234,10.0,11
638238,3.0,4
638241,2.0,3
638244,2.0,3
638247,2.0,3
638258,10.0,11
638262,3.0,4
638265,2.0,3
638268,2.0,3
638271,2.0,3
638282,10.0,11
638285,2.0,3
638288,2.0,3
638291,2.0,3
638294,2.0,3
638297,2.0,3
638300,2.0,3
638303,2.0,3
638306,2.0,3
638317,10.0,11
638320,2.0,3
638323,2.0,3
638326,2.0,3
638329,2.0,3
638332,2.0,3
638336,3.0,4
638347,10.0,11
638350,2.0,3
638353,2.0,3
638356,2.0,3
638359,2.0,3
638363,3.0,4
638366,2.0,3
638369,2.0,3
638373,3.0,4
638376,2.0,3
638379,2.0,3
638382,2.0,3
638385,2.0,3
638388,2.0,3
638391,2.0,3
638394,2.0,3
638397,2.0,3
638400,2.0,3
638403,2.0,3
638407,3.0,4
638411,3.0,4
638414,2.0,3
638418,3.0,4
638421,2.0,3
638424,2.0,3
638427,2.0,3
638431,3.0,4
638442,10.0,11
638445,2.0,3
638456,10.0,11
638460,3.0,4
638463,2.0,3
638466,2.0,3
638469,2.0,3
638472,2.0,3
638475,2.0,3
638479,3.0,4
638482,2.0,3
638485,2.0,3
638488,2.0,3
638492,3.0,4
638495,2.0,3
638498,2.0,3
638501,2.0,3
638504,2.0,3
638507,2.0,3
638510,2.0,3
638513,2.0,3
638516,2.0,3
638519,2.0,3
638523,3.0,4
638526,2.0,3
638529,2.0,3
638532,2.0,3
638535,2.0,3
638538,2.0,3
638541,2.0,3
638552,10.0,11
638556,3.0,4
638559,2.0,3
638562,2.0,3
638566,3.0,4
638569,2.0,3
638580,10.0,11
638583,2.0,3
638594,10.0,11
638597,2.0,3
638600,2.0,3
638611,10.0,11
638614,2.0,3
638617,2.0,3
638620,2.0,3
638623,2.0,3
638626,2.0,3
638637,10.0,11
638640,2.0,3
638643,2.0,3
638646,2.0,3
638649,2.0,3
638652,2.0,3
638656,3.0,4
638659,2.0,3
638663,3.0,4
638666,2.0,3
638670,3.0,4
638673,2.0,3
638676,2.0,3
638686,9.0,10
638689,2.0,3
638692,2.0,3
638703,10.0,11
638706,2.0,3
638709,2.0,3
638712,2.0,3
638715,2.0,3
638718,2.0,3
638722,3.0,4
638725,2.0,3
638736,10.0,11
638739,2.0,3
638742,2.0,3
638745,2.0,3
638749,3.0,4
638753,3.0,4
638756,2.0,3
638759,2.0,3
638762,2.0,3
638765,2.0,3
638776,10.0,11
638779,2.0,3
638782,2.0,3
638785,2.0,3
638788,2.0,3
638799,10.0,11
638802,2.0,3
638805,2.0,3
638816,10.0,11
638819,2.0,3
638822,2.0,3
638825,2.0,3
638829,3.0,4
638832,2.0,3
638835,2.0,3
638838,2.0,3
638841,2.0,3
638844,2.0,3
638848,3.0,4
638851,2.0,3
638855,3.0,4
638866,10.0,11
638869,2.0,3
638872,2.0,3
638883,10.0,11
638886,2.0,3
638889,2.0,3
638900,10.0,11
638903,2.0,3
638906,2.0,3
638917,10.0,11
638920,2.0,3
638923,2.0,3
638926,2.0,3
638929,2.0,3
638932,2.0,3
638935,2.0,3
638938,2.0,3
638942,3.0,4
638945,2.0,3
638948,2.0,3
638951,2.0,3
638954,2.0,3
638958,3.0,4
638961,2.0,3
638964,2.0,3
638967,2.0,3
638971,3.0,4
638974,2.0,3
638977,2.0,3
638981,3.0,4
638985,3.0,4
638988,2.0,3
638992,3.0,4
639003,10.0,11
639007,3.0,4
639018,10.0,11
639021,2.0,3
639025,3.0,4
639028,2.0,3
639039,10.0,11
639043,3.0,4
639046,2.0,3
639050,3.0,4
639054,3.0,4
639058,3.0,4
639061,2.0,3
639072,10.0,11
639083,10.0,11
639094,10.0,11
639097,2.0,3
639108,10.0,11
639119,10.0,11
639122,2.0,3
639133,10.0,11
639136,2.0,3
639140,3.0,4
639143,2.0,3
639146,2.0,3
639150,3.0,4
639154,3.0,4
639157,2.0,3
639160,2.0,3
639171,10.0,11
639174,2.0,3
639178,3.0,4
639182,3.0,4
639186,3.0,4
639197,10.0,11
639208,10.0,11
639219,10.0,11
639223,3.0,4
639226,2.0,3
639229,2.0,3
639233,3.0,4
639244,10.0,11
639248,3.0,4
639252,3.0,4
639263,10.0,11
639274,10.0,11
639278,3.0,4
639281,2.0,3
639285,3.0,4
639289,3.0,4
639300,10.0,11
639303,2.0,3
639306,2.0,3
639317,10.0,11
639328,10.0,11
639331,2.0,3
639342,10.0,11
639353,10.0,11
639364,10.0,11
639367,2.0,3
639378,10.0,11
639382,3.0,4
639385,2.0,3
639396,10.0,11
639399,2.0,3
639410,10.0,11
639413,2.0,3
639417,3.0,4
639420,2.0,3
639431,10.0,11
639434,2.0,3
639438,3.0,4
639441,2.0,3
639445,3.0,4
639448,2.0,3
639452,3.0,4
639455,2.0,3
639459,3.0,4
639462,2.0,3
639465,2.0,3
639469,3.0,4
639480,10.0,11
639491,10.0,11
639495,3.0,4
639506,10.0,11
639517,10.0,11
639521,3.0,4
639525,3.0,4
639529,3.0,4
639532,2.0,3
639543,10.0,11
639546,2.0,3
639549,2.0,3
639552,2.0,3
639555,2.0,3
639559,3.0,4
639562,2.0,3
639565,2.0,3
639569,3.0,4
639572,2.0,3
639576,3.0,4
639580,3.0,4
639583,2.0,3
639587,3.0,4
639590,2.0,3
639593,2.0,3
639604,10.0,11
639608,3.0,4
639611,2.0,3
639615,3.0,4
639618,2.0,3
639622,3.0,4
639625,2.0,3
639628,2.0,3
639639,10.0,11
639642,2.0,3
639645,2.0,3
639648,2.0,3
639659,10.0,11
639662,2.0,3
639673,10.0,11
639684,10.0,11
639688,3.0,4
639699,10.0,11
639702,2.0,3
639705,2.0,3
639708,2.0,3
639711,2.0,3
639722,10.0,11
639725,2.0,3
639729,3.0,4
639740,10.0,11
639751,10.0,11
639755,3.0,4
639759,3.0,4
639770,10.0,11
639773,2.0,3
639777,3.0,4
639781,3.0,4
639784,2.0,3
639787,2.0,3
639791,3.0,4
639794,2.0,3
639805,10.0,11
639808,2.0,3
639812,3.0,4
639815,2.0,3
639818,2.0,3
639822,3.0,4
639826,3.0,4
639829,2.0,3
639832,2.0,3
639835,2.0,3
639839,3.0,4
639842,2.0,3
639845,2.0,3
639848,2.0,3
639851,2.0,3
639855,3.0,4
639858,2.0,3
639869,10.0,11
639872,2.0,3
639875,2.0,3
639886,10.0,11
639890,3.0,4
639901,10.0,11
639912,10.0,11
639916,3.0,4
639920,3.0,4
639923,2.0,3
639927,3.0,4
639931,3.0,4
639942,10.0,11
639945,2.0,3
639956,10.0,11
639967,10.0,11
639971,3.0,4
639982,10.0,11
639993,10.0,11
639996,2.0,3
640000,3.0,4
640004,3.0,4
640008,3.0,4
640011,2.0,3
640014,2.0,3
640025,10.0,11
640029,3.0,4
640040,10.0,11
640043,2.0,3
640047,3.0,4
640050,2.0,3
640061,10.0,11
640064,2.0,3
640075,10.0,11
640086,10.0,11
640090,3.0,4
640093,2.0,3
640096,2.0,3
640100,3.0,4
640103,2.0,3
640107,3.0,4
640110,2.0,3
640121,10.0,11
640132,10.0,11
640136,3.0,4
640140,3.0,4
640144,3.0,4
640155,10.0,11
640159,3.0,4
640170,10.0,11
640174,3.0,4
640178,3.0,4
640182,3.0,4
640193,10.0,11
640197,3.0,4
640208,10.0,11
640211,2.0,3
640215,3.0,4
640218,2.0,3
640221,2.0,3
640225,3.0,4
640229,3.0,4
640233,3.0,4
640244,10.0,11
640248,3.0,4
640252,3.0,4
640256,3.0,4
640260,3.0,4
640271,10.0,11
640275,3.0,4
640278,2.0,3
640289,10.0,11
640300,10.0,11
640304,3.0,4
640315,10.0,11
640319,3.0,4
640322,2.0,3
640326,3.0,4
640329,2.0,3
640332,2.0,3
640336,3.0,4
640340,3.0,4
640343,2.0,3
640347,3.0,4
640351,3.0,4
640354,2.0,3
640358,3.0,4
640361,2.0,3
640365,3.0,4
640376,10.0,11
640380,3.0,4
640391,10.0,11
640402,10.0,11
640406,3.0,4
640409,2.0,3
640413,3.0,4
640417,3.0,4
640421,3.0,4
640432,10.0,11
640443,10.0,11
640454,10.0,11
640465,10.0,11
640468,2.0,3
640471,2.0,3
640482,10.0,11
640493,10.0,11
640497,3.0,4
640501,3.0,4
640504,2.0,3
640515,10.0,11
640518,2.0,3
640521,2.0,3
640532,10.0,11
640543,10.0,11
640546,2.0,3
640549,2.0,3
640560,10.0,11
640571,10.0,11
640574,2.0,3
640577,2.0,3
640580,2.0,3
640584,3.0,4
640587,2.0,3
640591,3.0,4
640594,2.0,3
640597,2.0,3
640600,2.0,3
640603,2.0,3
640607,3.0,4
640611,3.0,4
640615,3.0,4
640619,3.0,4
640623,3.0,4
640634,10.0,11
640638,3.0,4
640642,3.0,4
640645,2.0,3
640649,3.0,4
640660,10.0,11
640663,2.0,3
640667,3.0,4
640671,3.0,4
640674,2.0,3
640677,2.0,3
640681,3.0,4
640684,2.0,3
640695,10.0,11
640698,2.0,3
640701,2.0,3
640704,2.0,3
640715,10.0,11
640718,2.0,3
640722,3.0,4
640733,10.0,11
640736,2.0,3
640739,2.0,3
640750,10.0,11
640754,3.0,4
640758,3.0,4
640762,3.0,4
640773,10.0,11
640777,3.0,4
640781,3.0,4
640784,2.0,3
640788,3.0,4
640799,10.0,11
640810,10.0,11
640821,10.0,11
640824,2.0,3
640835,10.0,11
640838,2.0,3
640849,10.0,11
640853,3.0,4
640857,3.0,4
640860,2.0,3
640863,2.0,3
640874,10.0,11
640877,2.0,3
640880,2.0,3
640883,2.0,3
640887,3.0,4
640898,10.0,11
640901,2.0,3
640905,3.0,4
640916,10.0,11
640919,2.0,3
640923,3.0,4
640934,10.0,11
640945,10.0,11
640956,10.0,11
640959,2.0,3
640963,3.0,4
640966,2.0,3
640977,10.0,11
640980,2.0,3
640991,10.0,11
641002,10.0,11
641006,3.0,4
641009,2.0,3
641012,2.0,3
641016,3.0,4
641020,3.0,4
641023,2.0,3
641026,2.0,3
641029,2.0,3
641032,2.0,3
641036,3.0,4
641040,3.0,4
641043,2.0,3
641047,3.0,4
641050,2.0,3
641054,3.0,4
641058,3.0,4
641061,2.0,3
641065,3.0,4
641069,3.0,4
641072,2.0,3
641075,2.0,3
641078,2.0,3
641081,2.0,3
641084,2.0,3
641087,2.0,3
641090,2.0,3
641094,3.0,4
641097,2.0,3
641100,2.0,3
641104,3.0,4
641115,10.0,11
641119,3.0,4
641130,10.0,11
641133,2.0,3
641137,3.0,4
641140,2.0,3
641144,3.0,4
641147,2.0,3
641150,2.0,3
641154,3.0,4
641157,2.0,3
641161,3.0,4
641164,2.0,3
641167,2.0,3
641170,2.0,3
641173,2.0,3
641177,3.0,4
641180,2.0,3
641183,2.0,3
641186,2.0,3
641189,2.0,3
641193,3.0,4
641196,2.0,3
641199,2.0,3
641202,2.0,3
641213,10.0,11
641224,10.0,11
641227,2.0,3
641230,2.0,3
641233,2.0,3
641236,2.0,3
641239,2.0,3
641242,2.0,3
641246,3.0,4
641250,3.0,4
641254,3.0,4
641258,3.0,4
641261,2.0,3
641265,3.0,4
641269,3.0,4
641272,2.0,3
641275,2.0,3
641279,3.0,4
641282,2.0,3
641285,2.0,3
641289,3.0,4
641300,10.0,11
641303,2.0,3
641306,2.0,3
641309,2.0,3
641312,2.0,3
641315,2.0,3
641318,2.0,3
641321,2.0,3
641324,2.0,3
641327,2.0,3
641330,2.0,3
641334,3.0,4
641338,3.0,4
641341,2.0,3
641345,3.0,4
641348,2.0,3
641352,3.0,4
641355,2.0,3
641358,2.0,3
641361,2.0,3
641364,2.0,3
641367,2.0,3
641370,2.0,3
641381,10.0,11
641392,10.0,11
641396,3.0,4
641407,10.0,11
641410,2.0,3
641413,2.0,3
641416,2.0,3
641419,2.0,3
641422,2.0,3
641425,2.0,3
641436,10.0,11
641440,3.0,4
641444,3.0,4
641447,2.0,3
641450,2.0,3
641454,3.0,4
641457,2.0,3
641460,2.0,3
641463,2.0,3
641466,2.0,3
641469,2.0,3
641472,2.0,3
641475,2.0,3
641478,2.0,3
641481,2.0,3
641484,2.0,3
641488,3.0,4
641491,2.0,3
641494,2.0,3
641498,3.0,4
641501,2.0,3
641504,2.0,3
641507,2.0,3
641511,3.0,4
641514,2.0,3
641517,2.0,3
641520,2.0,3
641523,2.0,3
641526,2.0,3
641530,3.0,4
641533,2.0,3
641536,2.0,3
641539,2.0,3
641542,2.0,3
641545,2.0,3
641548,2.0,3
641552,3.0,4
641555,2.0,3
641558,2.0,3
641561,2.0,3
641564,2.0,3
641567,2.0,3
641570,2.0,3
641573,2.0,3
641576,2.0,3
641580,3.0,4
641583,2.0,3
641586,2.0,3
641589,2.0,3
641592,2.0,3
641595,2.0,3
641598,2.0,3
641601,2.0,3
641605,3.0,4
641608,2.0,3
641611,2.0,3
641615,3.0,4
641618,2.0,3
641621,2.0,3
641624,2.0,3
641627,2.0,3
641631,3.0,4
641635,3.0,4
641638,2.0,3
641641,2.0,3
641644,2.0,3
641648,3.0,4
641651,2.0,3
641654,2.0,3
641657,2.0,3
641660,2.0,3
641664,3.0,4
641668,3.0,4
641671,2.0,3
641675,3.0,4
641678,2.0,3
641681,2.0,3
641685,3.0,4
641688,2.0,3
641691,2.0,3
641694,2.0,3
641697,2.0,3
641700,2.0,3
641703,2.0,3
641706,2.0,3
641717,10.0,11
641720,2.0,3
641723,2.0,3
641726,2.0,3
641729,2.0,3
641733,3.0,4
641736,2.0,3
641739,2.0,3
641743,3.0,4
641746,2.0,3
641749,2.0,3
641752,2.0,3
641755,2.0,3
641759,3.0,4
641762,2.0,3
641765,2.0,3
641769,3.0,4
641772,2.0,3
641775,2.0,3
641778,2.0,3
641781,2.0,3
641784,2.0,3
641787,2.0,3
641790,2.0,3
641793,2.0,3
641796,2.0,3
641799,2.0,3
641802,2.0,3
641805,2.0,3
641808,2.0,3
641811,2.0,3
641814,2.0,3
641817,2.0,3
641820,2.0,3
641823,2.0,3
641826,2.0,3
641829,2.0,3
641832,2.0,3
641836,3.0,4
641839,2.0,3
641842,2.0,3
641845,2.0,3
641848,2.0,3
641851,2.0,3
641854,2.0,3
641857,2.0,3
641860,2.0,3
641863,2.0,3
641867,3.0,4
641870,2.0,3
641873,2.0,3
641877,3.0,4
641880,2.0,3
641884,3.0,4
641887,2.0,3
641891,3.0,4
641894,2.0,3
641897,2.0,3
641900,2.0,3
641903,2.0,3
641906,2.0,3
641910,3.0,4
641913,2.0,3
641916,2.0,3
641919,2.0,3
641923,3.0,4
641926,2.0,3
641929,2.0,3
641932,2.0,3
641935,2.0,3
641939,3.0,4
641943,3.0,4
641946,2.0,3
641949,2.0,3
641952,2.0,3
641955,2.0,3
641958,2.0,3
641962,3.0,4
641965,2.0,3
641968,2.0,3
641972,3.0,4
641975,2.0,3
641978,2.0,3
641981,2.0,3
641985,3.0,4
641988,2.0,3
641991,2.0,3
641994,2.0,3
641997,2.0,3
642000,2.0,3
642003,2.0,3
642006,2.0,3
642009,2.0,3
642012,2.0,3
642015,2.0,3
642019,3.0,4
642022,2.0,3
642025,2.0,3
642028,2.0,3
642031,2.0,3
642034,2.0,3
642037,2.0,3
642040,2.0,3
642044,3.0,4
642048,3.0,4
642051,2.0,3
642054,2.0,3
642057,2.0,3
642060,2.0,3
642063,2.0,3
642067,3.0,4
642070,2.0,3
642074,3.0,4
642077,2.0,3
642080,2.0,3
642083,2.0,3
642087,3.0,4
642090,2.0,3
642093,2.0,3
642096,2.0,3
642099,2.0,3
642102,2.0,3
642105,2.0,3
642108,2.0,3
642111,2.0,3
642114,2.0,3
642118,3.0,4
642122,3.0,4
642125,2.0,3
642128,2.0,3
642131,2.0,3
642134,2.0,3
642137,2.0,3
642140,2.0,3
642143,2.0,3
642154,10.0,11
642157,2.0,3
642161,3.0,4
642164,2.0,3
642167,2.0,3
642170,2.0,3
642174,3.0,4
642178,3.0,4
642181,2.0,3
642185,3.0,4
642188,2.0,3
642191,2.0,3
642195,3.0,4
642206,10.0,11
642209,2.0,3
642212,2.0,3
642216,3.0,4
642219,2.0,3
642222,2.0,3
642225,2.0,3
642229,3.0,4
642232,2.0,3
642235,2.0,3
642238,2.0,3
642241,2.0,3
642244,2.0,3
642247,2.0,3
642251,3.0,4
642254,2.0,3
642257,2.0,3
642260,2.0,3
642263,2.0,3
642266,2.0,3
642270,3.0,4
642273,2.0,3
642276,2.0,3
642280,3.0,4
642283,2.0,3
642286,2.0,3
642289,2.0,3
642292,2.0,3
642295,2.0,3
642298,2.0,3
642302,3.0,4
642306,3.0,4
642310,3.0,4
642314,3.0,4
642317,2.0,3
642320,2.0,3
642324,3.0,4
642327,2.0,3
642330,2.0,3
642333,2.0,3
642336,2.0,3
642339,2.0,3
642342,2.0,3
642346,3.0,4
642349,2.0,3
642352,2.0,3
642355,2.0,3
642359,3.0,4
642362,2.0,3
642366,3.0,4
642370,3.0,4
642373,2.0,3
642376,2.0,3
642379,2.0,3
642383,3.0,4
642386,2.0,3
642389,2.0,3
642392,2.0,3
642395,2.0,3
642398,2.0,3
642402,3.0,4
642405,2.0,3
642408,2.0,3
642411,2.0,3
642414,2.0,3
642418,3.0,4
642421,2.0,3
642424,2.0,3
642427,2.0,3
642430,2.0,3
642433,2.0,3
642436,2.0,3
642440,3.0,4
642443,2.0,3
642446,2.0,3
642449,2.0,3
642452,2.0,3
642455,2.0,3
642458,2.0,3
642462,3.0,4
642465,2.0,3
642469,3.0,4
642472,2.0,3
642475,2.0,3
642478,2.0,3
642481,2.0,3
642484,2.0,3
642487,2.0,3
642491,3.0,4
642494,2.0,3
642497,2.0,3
642500,2.0,3
642503,2.0,3
642507,3.0,4
642510,2.0,3
642513,2.0,3
642516,2.0,3
642520,3.0,4
642523,2.0,3
642526,2.0,3
642529,2.0,3
642532,2.0,3
642535,2.0,3
642538,2.0,3
642542,3.0,4
642546,3.0,4
642549,2.0,3
642552,2.0,3
642555,2.0,3
642559,3.0,4
642562,2.0,3
642565,2.0,3
642568,2.0,3
642571,2.0,3
642574,2.0,3
642577,2.0,3
642580,2.0,3
642583,2.0,3
642587,3.0,4
642590,2.0,3
642593,2.0,3
642596,2.0,3
642599,2.0,3
642602,2.0,3
642605,2.0,3
642608,2.0,3
642612,3.0,4
642615,2.0,3
642618,2.0,3
642621,2.0,3
642624,2.0,3
642635,10.0,11
642638,2.0,3
642642,3.0,4
642646,3.0,4
642649,2.0,3
642653,3.0,4
642656,2.0,3
642659,2.0,3
642663,3.0,4
642666,2.0,3
642669,2.0,3
642680,10.0,11
642683,2.0,3
642687,3.0,4
642690,2.0,3
642693,2.0,3
642696,2.0,3
642699,2.0,3
642702,2.0,3
642705,2.0,3
642708,2.0,3
642711,2.0,3
642714,2.0,3
642717,2.0,3
642720,2.0,3
642724,3.0,4
642727,2.0,3
642730,2.0,3
642734,3.0,4
642738,3.0,4
642741,2.0,3
642744,2.0,3
642747,2.0,3
642750,2.0,3
642753,2.0,3
642757,3.0,4
642761,3.0,4
642764,2.0,3
642767,2.0,3
642770,2.0,3
642773,2.0,3
642776,2.0,3
642779,2.0,3
642782,2.0,3
642785,2.0,3
642788,2.0,3
642791,2.0,3
642794,2.0,3
642797,2.0,3
642800,2.0,3
642803,2.0,3
642806,2.0,3
642809,2.0,3
642812,2.0,3
642815,2.0,3
642818,2.0,3
642821,2.0,3
642824,2.0,3
642827,2.0,3
642830,2.0,3
642833,2.0,3
642836,2.0,3
642839,2.0,3
642842,2.0,3
642846,3.0,4
642849,2.0,3
642852,2.0,3
642855,2.0,3
642858,2.0,3
642862,3.0,4
642866,3.0,4
642869,2.0,3
642873,3.0,4
642884,10.0,11
642887,2.0,3
642890,2.0,3
642893,2.0,3
642896,2.0,3
642900,3.0,4
642904,3.0,4
642907,2.0,3
642910,2.0,3
642913,2.0,3
642916,2.0,3
642919,2.0,3
642922,2.0,3
642925,2.0,3
642928,2.0,3
642931,2.0,3
642934,2.0,3
642937,2.0,3
642940,2.0,3
642944,3.0,4
642947,2.0,3
642951,3.0,4
642955,3.0,4
642959,3.0,4
642962,2.0,3
642965,2.0,3
642968,2.0,3
642979,10.0,11
642982,2.0,3
642986,3.0,4
642989,2.0,3
642993,3.0,4
642996,2.0,3
643000,3.0,4
643003,2.0,3
643006,2.0,3
643010,3.0,4
643013,2.0,3
643016,2.0,3
643019,2.0,3
643022,2.0,3
643025,2.0,3
643028,2.0,3
643032,3.0,4
643035,2.0,3
643038,2.0,3
643041,2.0,3
643045,3.0,4
643048,2.0,3
643051,2.0,3
643054,2.0,3
643057,2.0,3
643061,3.0,4
643064,2.0,3
643067,2.0,3
643070,2.0,3
643074,3.0,4
643078,3.0,4
643082,3.0,4
643085,2.0,3
643089,3.0,4
643101,11.0,12
643113,11.0,12
643125,11.0,12
643137,11.0,12
643149,11.0,12
643161,11.0,12
643173,11.0,12
643185,11.0,12
643197,11.0,12
643209,11.0,12
643213,3.0,4
643216,2.0,3
643228,11.0,12
643232,3.0,4
643244,11.0,12
643247,2.0,3
643250,2.0,3
643254,3.0,4
643266,11.0,12
643278,11.0,12
643282,3.0,4
643294,11.0,12
643298,3.0,4
643302,3.0,4
643306,3.0,4
643309,2.0,3
643313,3.0,4
643325,11.0,12
643337,11.0,12
643341,3.0,4
643353,11.0,12
643357,3.0,4
643361,3.0,4
643373,11.0,12
643377,3.0,4
643389,11.0,12
643401,11.0,12
643404,2.0,3
643416,11.0,12
643428,11.0,12
643440,11.0,12
643444,3.0,4
643456,11.0,12
643468,11.0,12
643471,2.0,3
643483,11.0,12
643495,11.0,12
643499,3.0,4
643511,11.0,12
643523,11.0,12
643535,11.0,12
643539,3.0,4
643551,11.0,12
643563,11.0,12
643575,11.0,12
643579,3.0,4
643591,11.0,12
643595,3.0,4
643599,3.0,4
643611,11.0,12
643623,11.0,12
643627,3.0,4
643639,11.0,12
643643,3.0,4
643647,3.0,4
643659,11.0,12
643671,11.0,12
643675,3.0,4
643679,3.0,4
643691,11.0,12
643703,11.0,12
643707,3.0,4
643711,3.0,4
643723,11.0,12
643727,3.0,4
643730,2.0,3
643734,3.0,4
643746,11.0,12
643758,11.0,12
643761,2.0,3
643765,3.0,4
643777,11.0,12
643789,11.0,12
643792,2.0,3
643795,2.0,3
643799,3.0,4
643811,11.0,12
643823,11.0,12
643835,11.0,12
643839,3.0,4
643842,2.0,3
643846,3.0,4
643850,3.0,4
643862,11.0,12
643874,11.0,12
643877,2.0,3
643880,2.0,3
643883,2.0,3
643887,3.0,4
643890,2.0,3
643894,3.0,4
643906,11.0,12
643918,11.0,12
643922,3.0,4
643926,3.0,4
643930,3.0,4
643934,3.0,4
643946,11.0,12
643950,3.0,4
643954,3.0,4
643966,11.0,12
643978,11.0,12
643990,11.0,12
644002,11.0,12
644014,11.0,12
644018,3.0,4
644022,3.0,4
644034,11.0,12
644038,3.0,4
644050,11.0,12
644054,3.0,4
644058,3.0,4
644070,11.0,12
644074,3.0,4
644086,11.0,12
644099,12.0,13
644111,11.0,12
644115,3.0,4
644127,11.0,12
644130,2.0,3
644134,3.0,4
644138,3.0,4
644150,11.0,12
644154,3.0,4
644158,3.0,4
644170,11.0,12
644173,2.0,3
644185,11.0,12
644197,11.0,12
644209,11.0,12
644213,3.0,4
644217,3.0,4
644220,2.0,3
644232,11.0,12
644236,3.0,4
644248,11.0,12
644260,11.0,12
644272,11.0,12
644276,3.0,4
644280,3.0,4
644283,2.0,3
644295,11.0,12
644307,11.0,12
644319,11.0,12
644323,3.0,4
644335,11.0,12
644339,3.0,4
644343,3.0,4
644355,11.0,12
644367,11.0,12
644371,3.0,4
644374,2.0,3
644378,3.0,4
644390,11.0,12
644402,11.0,12
644405,2.0,3
644409,3.0,4
644412,2.0,3
644416,3.0,4
644420,3.0,4
644424,3.0,4
644436,11.0,12
644440,3.0,4
644452,11.0,12
644456,3.0,4
644468,11.0,12
644472,3.0,4
644484,11.0,12
644488,3.0,4
644500,11.0,12
644512,11.0,12
644524,11.0,12
644536,11.0,12
644540,3.0,4
644544,3.0,4
644547,2.0,3
644551,3.0,4
644563,11.0,12
644567,3.0,4
644570,2.0,3
644582,11.0,12
644586,3.0,4
644590,3.0,4
644593,2.0,3
644605,11.0,12
644609,3.0,4
644621,11.0,12
644625,3.0,4
644637,11.0,12
644641,3.0,4
644653,11.0,12
644665,11.0,12
644669,3.0,4
644673,3.0,4
644685,11.0,12
644697,11.0,12
644709,11.0,12
644721,11.0,12
644724,2.0,3
644736,11.0,12
644740,3.0,4
644752,11.0,12
644764,11.0,12
644776,11.0,12
644788,11.0,12
644800,11.0,12
644804,3.0,4
644808,3.0,4
644811,2.0,3
644823,11.0,12
644835,11.0,12
644847,11.0,12
644859,11.0,12
644863,3.0,4
644875,11.0,12
644878,2.0,3
644890,11.0,12
644894,3.0,4
644906,11.0,12
644918,11.0,12
644930,11.0,12
644934,3.0,4
644938,3.0,4
644950,11.0,12
644954,3.0,4
644958,3.0,4
644970,11.0,12
644974,3.0,4
644978,3.0,4
644982,3.0,4
644986,3.0,4
644990,3.0,4
645002,11.0,12
645014,11.0,12
645026,11.0,12
645030,3.0,4
645034,3.0,4
645038,3.0,4
645042,3.0,4
645054,11.0,12
645057,2.0,3
645061,3.0,4
645073,11.0,12
645085,11.0,12
645089,3.0,4
645093,3.0,4
645097,3.0,4
645109,11.0,12
645121,11.0,12
645125,3.0,4
645137,11.0,12
645149,11.0,12
645152,2.0,3
645155,2.0,3
645167,11.0,12
645171,3.0,4
645174,2.0,3
645187,12.0,13
645199,11.0,12
645203,3.0,4
645207,3.0,4
645220,12.0,13
645224,3.0,4
645236,11.0,12
645240,3.0,4
645244,3.0,4
645257,12.0,13
645269,11.0,12
645273,3.0,4
645285,11.0,12
645288,2.0,3
645292,3.0,4
645296,3.0,4
645308,11.0,12
645312,3.0,4
645316,3.0,4
645328,11.0,12
645340,11.0,12
645353,12.0,13
645366,12.0,13
645370,3.0,4
645382,11.0,12
645385,2.0,3
645398,12.0,13
645411,12.0,13
645415,3.0,4
645427,11.0,12
645439,11.0,12
645452,12.0,13
645464,11.0,12
645476,11.0,12
645488,11.0,12
645501,12.0,13
645505,3.0,4
645517,11.0,12
645521,3.0,4
645525,3.0,4
645538,12.0,13
645542,3.0,4
645554,11.0,12
645566,11.0,12
645570,3.0,4
645582,11.0,12
645586,3.0,4
645598,11.0,12
645602,3.0,4
645606,3.0,4
645619,12.0,13
645623,3.0,4
645636,12.0,13
645648,11.0,12
645660,11.0,12
645672,11.0,12
645676,3.0,4
645689,12.0,13
645701,11.0,12
645713,11.0,12
645717,3.0,4
645721,3.0,4
645734,12.0,13
645738,3.0,4
645750,11.0,12
645754,3.0,4
645767,12.0,13
645771,3.0,4
645775,3.0,4
645779,3.0,4
645782,2.0,3
645785,2.0,3
645789,3.0,4
645802,12.0,13
645815,12.0,13
645819,3.0,4
645823,3.0,4
645827,3.0,4
645831,3.0,4
645835,3.0,4
645839,3.0,4
645852,12.0,13
645856,3.0,4
645869,12.0,13
645882,12.0,13
645894,11.0,12
645898,3.0,4
645901,2.0,3
645913,11.0,12
645916,2.0,3
645920,3.0,4
645924,3.0,4
645936,11.0,12
645949,12.0,13
645961,11.0,12
645973,11.0,12
645977,3.0,4
645981,3.0,4
645994,12.0,13
645997,2.0,3
646009,11.0,12
646021,11.0,12
646033,11.0,12
646037,3.0,4
646050,12.0,13
646054,3.0,4
646058,3.0,4
646062,3.0,4
646075,12.0,13
646079,3.0,4
646082,2.0,3
646085,2.0,3
646097,11.0,12
646110,12.0,13
646114,3.0,4
646127,12.0,13
646140,12.0,13
646143,2.0,3
646156,12.0,13
646159,2.0,3
646162,2.0,3
646166,3.0,4
646170,3.0,4
646174,3.0,4
646187,12.0,13
646191,3.0,4
646204,12.0,13
646208,3.0,4
646212,3.0,4
646225,12.0,13
646238,12.0,13
646250,11.0,12
646262,11.0,12
646266,3.0,4
646279,12.0,13
646291,11.0,12
646303,11.0,12
646306,2.0,3
646318,11.0,12
646331,12.0,13
646335,3.0,4
646339,3.0,4
646343,3.0,4
646355,11.0,12
646367,11.0,12
646371,3.0,4
646384,12.0,13
646396,11.0,12
646399,2.0,3
646403,3.0,4
646416,12.0,13
646420,3.0,4
646424,3.0,4
646428,3.0,4
646432,3.0,4
646435,2.0,3
646438,2.0,3
646451,12.0,13
646463,11.0,12
646475,11.0,12
646479,3.0,4
646492,12.0,13
646496,3.0,4
646509,12.0,13
646513,3.0,4
646517,3.0,4
646521,3.0,4
646525,3.0,4
646537,11.0,12
646541,3.0,4
646553,11.0,12
646556,2.0,3
646568,11.0,12
646581,12.0,13
646585,3.0,4
646588,2.0,3
646591,2.0,3
646604,12.0,13
646616,11.0,12
646629,12.0,13
646633,3.0,4
646637,3.0,4
646641,3.0,4
646653,11.0,12
646657,3.0,4
646660,2.0,3
646664,3.0,4
646676,11.0,12
646689,12.0,13
646693,3.0,4
646706,12.0,13
646709,2.0,3
646712,2.0,3
646724,11.0,12
646736,11.0,12
646749,12.0,13
646762,12.0,13
646766,3.0,4
646779,12.0,13
646783,3.0,4
646796,12.0,13
646800,3.0,4
646804,3.0,4
646816,11.0,12
646828,11.0,12
646840,11.0,12
646853,12.0,13
646865,11.0,12
646869,3.0,4
646881,11.0,12
646894,12.0,13
646907,12.0,13
646920,12.0,13
646923,2.0,3
646936,12.0,13
646940,3.0,4
646953,12.0,13
646957,3.0,4
646961,3.0,4
646965,3.0,4
646968,2.0,3
646972,3.0,4
646976,3.0,4
646980,3.0,4
646992,11.0,12
646996,3.0,4
647008,11.0,12
647012,3.0,4
647016,3.0,4
647028,11.0,12
647041,12.0,13
647053,11.0,12
647066,12.0,13
647078,11.0,12
647090,11.0,12
647094,3.0,4
647097,2.0,3
647101,3.0,4
647104,2.0,3
647108,3.0,4
647121,12.0,13
647125,3.0,4
647137,11.0,12
647150,12.0,13
647154,3.0,4
647167,12.0,13
647171,3.0,4
647183,11.0,12
647196,12.0,13
647209,12.0,13
647213,3.0,4
647217,3.0,4
647221,3.0,4
647234,12.0,13
647247,12.0,13
647260,12.0,13
647263,2.0,3
647267,3.0,4
647271,3.0,4
647284,12.0,13
647297,12.0,13
647301,3.0,4
647304,2.0,3
647317,12.0,13
647330,12.0,13
647334,3.0,4
647347,12.0,13
647360,12.0,13
647373,12.0,13
647377,3.0,4
647381,3.0,4
647385,3.0,4
647388,2.0,3
647392,3.0,4
647396,3.0,4
647409,12.0,13
647413,3.0,4
647417,3.0,4
647430,12.0,13
647434,3.0,4
647447,12.0,13
647460,12.0,13
647464,3.0,4
647477,12.0,13
647490,12.0,13
647494,3.0,4
647506,11.0,12
647509,2.0,3
647512,2.0,3
647516,3.0,4
647529,12.0,13
647542,12.0,13
647546,3.0,4
647559,12.0,13
647563,3.0,4
647576,12.0,13
647579,2.0,3
647583,3.0,4
647596,12.0,13
647608,11.0,12
647621,12.0,13
647633,11.0,12
647637,3.0,4
647650,12.0,13
647663,12.0,13
647675,11.0,12
647678,2.0,3
647682,3.0,4
647686,3.0,4
647698,11.0,12
647711,12.0,13
647715,3.0,4
647728,12.0,13
647740,11.0,12
647744,3.0,4
647757,12.0,13
647770,12.0,13
647783,12.0,13
647787,3.0,4
647791,3.0,4
647795,3.0,4
647799,3.0,4
647812,12.0,13
647815,2.0,3
647828,12.0,13
647832,3.0,4
647835,2.0,3
647847,11.0,12
647851,3.0,4
647864,12.0,13
647867,2.0,3
647870,2.0,3
647874,3.0,4
647878,3.0,4
647882,3.0,4
647895,12.0,13
647908,12.0,13
647912,3.0,4
647916,3.0,4
647920,3.0,4
647933,12.0,13
647946,12.0,13
647950,3.0,4
647954,3.0,4
647958,3.0,4
647962,3.0,4
647966,3.0,4
647970,3.0,4
647983,12.0,13
647987,3.0,4
647991,3.0,4
647995,3.0,4
648007,11.0,12
648020,12.0,13
648033,12.0,13
648037,3.0,4
648041,3.0,4
648053,11.0,12
648057,3.0,4
648061,3.0,4
648074,12.0,13
648087,12.0,13
648100,12.0,13
648113,12.0,13
648117,3.0,4
648130,12.0,13
648134,3.0,4
648146,11.0,12
648159,12.0,13
648163,3.0,4
648167,3.0,4
648171,3.0,4
648175,3.0,4
648179,3.0,4
648192,12.0,13
648196,3.0,4
648209,12.0,13
648222,12.0,13
648226,3.0,4
648230,3.0,4
648243,12.0,13
648247,3.0,4
648259,11.0,12
648263,3.0,4
648276,12.0,13
648289,12.0,13
648293,3.0,4
648297,3.0,4
648310,12.0,13
648313,2.0,3
648326,12.0,13
648339,12.0,13
648352,12.0,13
648365,12.0,13
648369,3.0,4
648373,3.0,4
648386,12.0,13
648390,3.0,4
648403,12.0,13
648407,3.0,4
648420,12.0,13
648432,11.0,12
648444,11.0,12
648457,12.0,13
648470,12.0,13
648474,3.0,4
648478,3.0,4
648482,3.0,4
648495,12.0,13
648507,11.0,12
648510,2.0,3
648514,3.0,4
648517,2.0,3
648521,3.0,4
648525,3.0,4
648538,12.0,13
648542,3.0,4
648545,2.0,3
648549,3.0,4
648553,3.0,4
648557,3.0,4
648570,12.0,13
648574,3.0,4
648587,12.0,13
648600,12.0,13
648604,3.0,4
648608,3.0,4
648611,2.0,3
648624,12.0,13
648637,12.0,13
648640,2.0,3
648653,12.0,13
648657,3.0,4
648670,12.0,13
648674,3.0,4
648678,3.0,4
648690,11.0,12
648694,3.0,4
648698,3.0,4
648701,2.0,3
648714,12.0,13
648718,3.0,4
648722,3.0,4
648735,12.0,13
648748,12.0,13
648761,12.0,13
648774,12.0,13
648787,12.0,13
648791,3.0,4
648804,12.0,13
648808,3.0,4
648812,3.0,4
648816,3.0,4
648820,3.0,4
648824,3.0,4
648836,11.0,12
648840,3.0,4
648844,3.0,4
648847,2.0,3
648860,12.0,13
648864,3.0,4
648868,3.0,4
648872,3.0,4
648876,3.0,4
648889,12.0,13
648902,12.0,13
648905,2.0,3
648909,3.0,4
648913,3.0,4
648926,12.0,13
648930,3.0,4
648934,3.0,4
648947,12.0,13
648951,3.0,4
648964,12.0,13
648967,2.0,3
648980,12.0,13
648984,3.0,4
648988,3.0,4
648991,2.0,3
648995,3.0,4
649008,12.0,13
649012,3.0,4
649025,12.0,13
649038,12.0,13
649041,2.0,3
649045,3.0,4
649049,3.0,4
649053,3.0,4
649066,12.0,13
649079,12.0,13
649083,3.0,4
649087,3.0,4
649099,11.0,12
649103,3.0,4
649107,3.0,4
649111,3.0,4
649114,2.0,3
649127,12.0,13
649140,12.0,13
649143,2.0,3
649147,3.0,4
649160,12.0,13
649173,12.0,13
649186,12.0,13
649199,12.0,13
649212,12.0,13
649216,3.0,4
649220,3.0,4
649223,2.0,3
649226,2.0,3
649238,11.0,12
649242,3.0,4
649254,11.0,12
649258,3.0,4
649262,3.0,4
649274,11.0,12
649278,3.0,4
649282,3.0,4
649286,3.0,4
649290,3.0,4
649294,3.0,4
649298,3.0,4
649302,3.0,4
649314,11.0,12
649318,3.0,4
649321,2.0,3
649325,3.0,4
649328,2.0,3
649331,2.0,3
649334,2.0,3
649338,3.0,4
649350,11.0,12
649353,2.0,3
649356,2.0,3
649360,3.0,4
649363,2.0,3
649366,2.0,3
649379,12.0,13
649383,3.0,4
649395,11.0,12
649399,3.0,4
649403,3.0,4
649406,2.0,3
649409,2.0,3
649412,2.0,3
649416,3.0,4
649428,11.0,12
649431,2.0,3
649435,3.0,4
649439,3.0,4
649442,2.0,3
649454,11.0,12
649457,2.0,3
649469,11.0,12
649481,11.0,12
649485,3.0,4
649498,12.0,13
649501,2.0,3
649513,11.0,12
649517,3.0,4
649530,12.0,13
649534,3.0,4
649537,2.0,3
649540,2.0,3
649552,11.0,12
649555,2.0,3
649567,11.0,12
649579,11.0,12
649591,11.0,12
649603,11.0,12
649607,3.0,4
649611,3.0,4
649614,2.0,3
649618,3.0,4
649622,3.0,4
649625,2.0,3
649628,2.0,3
649640,11.0,12
649644,3.0,4
649656,11.0,12
649660,3.0,4
649664,3.0,4
649668,3.0,4
649672,3.0,4
649675,2.0,3
649679,3.0,4
649683,3.0,4
649686,2.0,3
649690,3.0,4
649694,3.0,4
649698,3.0,4
649710,11.0,12
649714,3.0,4
649718,3.0,4
649722,3.0,4
649725,2.0,3
649728,2.0,3
649731,2.0,3
649734,2.0,3
649747,12.0,13
649751,3.0,4
649754,2.0,3
649758,3.0,4
649762,3.0,4
649765,2.0,3
649769,3.0,4
649773,3.0,4
649777,3.0,4
649781,3.0,4
649785,3.0,4
649789,3.0,4
649792,2.0,3
649795,2.0,3
649798,2.0,3
649802,3.0,4
649814,11.0,12
649826,11.0,12
649838,11.0,12
649841,2.0,3
649845,3.0,4
649857,11.0,12
649861,3.0,4
649873,11.0,12
649876,2.0,3
649879,2.0,3
649883,3.0,4
649887,3.0,4
649890,2.0,3
649902,11.0,12
649905,2.0,3
649909,3.0,4
649913,3.0,4
649916,2.0,3
649928,11.0,12
649932,3.0,4
649936,3.0,4
649939,2.0,3
649943,3.0,4
649946,2.0,3
649950,3.0,4
649962,11.0,12
649966,3.0,4
649969,2.0,3
649972,2.0,3
649975,2.0,3
649987,11.0,12
649991,3.0,4
649995,3.0,4
649998,2.0,3
650001,2.0,3
650004,2.0,3
650008,3.0,4
650012,3.0,4
650024,11.0,12
650036,11.0,12
650039,2.0,3
650043,3.0,4
650055,11.0,12
650059,3.0,4
650063,3.0,4
650075,11.0,12
650079,3.0,4
650082,2.0,3
650094,11.0,12
650098,3.0,4
650101,2.0,3
650105,3.0,4
650109,3.0,4
650112,2.0,3
650116,3.0,4
650120,3.0,4
650123,2.0,3
650127,3.0,4
650131,3.0,4
650135,3.0,4
650138,2.0,3
650150,11.0,12
650162,11.0,12
650174,11.0,12
650187,12.0,13
650190,2.0,3
650193,2.0,3
650196,2.0,3
650199,2.0,3
650202,2.0,3
650206,3.0,4
650210,3.0,4
650222,11.0,12
650226,3.0,4
650229,2.0,3
650233,3.0,4
650246,12.0,13
650258,11.0,12
650262,3.0,4
650274,11.0,12
650278,3.0,4
650282,3.0,4
650294,11.0,12
650297,2.0,3
650301,3.0,4
650305,3.0,4
650309,3.0,4
650322,12.0,13
650326,3.0,4
650338,11.0,12
650342,3.0,4
650345,2.0,3
650357,11.0,12
650369,11.0,12
650373,3.0,4
650376,2.0,3
650388,11.0,12
650400,11.0,12
650413,12.0,13
650417,3.0,4
650429,11.0,12
650441,11.0,12
650453,11.0,12
650456,2.0,3
650459,2.0,3
650472,12.0,13
650475,2.0,3
650479,3.0,4
650483,3.0,4
650487,3.0,4
650490,2.0,3
650502,11.0,12
650514,11.0,12
650517,2.0,3
650520,2.0,3
650533,12.0,13
650536,2.0,3
650540,3.0,4
650553,12.0,13
650556,2.0,3
650568,11.0,12
650572,3.0,4
650575,2.0,3
650579,3.0,4
650591,11.0,12
650595,3.0,4
650599,3.0,4
650612,12.0,13
650616,3.0,4
650619,2.0,3
650631,11.0,12
650643,11.0,12
650646,2.0,3
650658,11.0,12
650661,2.0,3
650665,3.0,4
650669,3.0,4
650673,3.0,4
650677,3.0,4
650680,2.0,3
650684,3.0,4
650687,2.0,3
650690,2.0,3
650693,2.0,3
650697,3.0,4
650701,3.0,4
650713,11.0,12
650716,2.0,3
650728,11.0,12
650732,3.0,4
650745,12.0,13
650748,2.0,3
650760,11.0,12
650772,11.0,12
650775,2.0,3
650779,3.0,4
650782,2.0,3
650794,11.0,12
650797,2.0,3
650810,12.0,13
650813,2.0,3
650816,2.0,3
650820,3.0,4
650832,11.0,12
650836,3.0,4
650839,2.0,3
650851,11.0,12
650863,11.0,12
650866,2.0,3
650879,12.0,13
650892,12.0,13
650896,3.0,4
650900,3.0,4
650904,3.0,4
650908,3.0,4
650911,2.0,3
650923,11.0,12
650927,3.0,4
650939,11.0,12
650951,11.0,12
650963,11.0,12
650967,3.0,4
650979,11.0,12
650982,2.0,3
650986,3.0,4
650989,2.0,3
650993,3.0,4
650996,2.0,3
651008,11.0,12
651012,3.0,4
651016,3.0,4
651019,2.0,3
651022,2.0,3
651026,3.0,4
651039,12.0,13
651043,3.0,4
651047,3.0,4
651050,2.0,3
651062,11.0,12
651074,11.0,12
651086,11.0,12
651090,3.0,4
651094,3.0,4
651098,3.0,4
651101,2.0,3
651113,11.0,12
651117,3.0,4
651129,11.0,12
651141,11.0,12
651144,2.0,3
651148,3.0,4
651152,3.0,4
651156,3.0,4
651169,12.0,13
651173,3.0,4
651177,3.0,4
651180,2.0,3
651183,2.0,3
651186,2.0,3
651189,2.0,3
651192,2.0,3
651195,2.0,3
651199,3.0,4
651203,3.0,4
651216,12.0,13
651220,3.0,4
651224,3.0,4
651228,3.0,4
651232,3.0,4
651236,3.0,4
651240,3.0,4
651244,3.0,4
651247,2.0,3
651260,12.0,13
651264,3.0,4
651277,12.0,13
651290,12.0,13
651294,3.0,4
651308,13.0,14
651321,12.0,13
651325,3.0,4
651329,3.0,4
651333,3.0,4
651347,13.0,14
651351,3.0,4
651365,13.0,14
651378,12.0,13
651391,12.0,13
651404,12.0,13
651417,12.0,13
651431,13.0,14
651444,12.0,13
651458,13.0,14
651462,3.0,4
651466,3.0,4
651479,12.0,13
651493,13.0,14
651497,3.0,4
651510,12.0,13
651523,12.0,13
651536,12.0,13
651540,3.0,4
651553,12.0,13
651567,13.0,14
651580,12.0,13
651593,12.0,13
651597,3.0,4
651610,12.0,13
651614,3.0,4
651627,12.0,13
651640,12.0,13
651653,12.0,13
651666,12.0,13
651679,12.0,13
651683,3.0,4
651687,3.0,4
651691,3.0,4
651704,12.0,13
651708,3.0,4
651712,3.0,4
651725,12.0,13
651738,12.0,13
651751,12.0,13
651764,12.0,13
651778,13.0,14
651782,3.0,4
651786,3.0,4
651799,12.0,13
651813,13.0,14
651817,3.0,4
651830,12.0,13
651843,12.0,13
651856,12.0,13
651870,13.0,14
651884,13.0,14
651898,13.0,14
651912,13.0,14
651926,13.0,14
651940,13.0,14
651943,2.0,3
651947,3.0,4
651960,12.0,13
651974,13.0,14
651987,12.0,13
652000,12.0,13
652004,3.0,4
652018,13.0,14
652031,12.0,13
652035,3.0,4
652048,12.0,13
652052,3.0,4
652065,12.0,13
652069,3.0,4
652082,12.0,13
652086,3.0,4
652090,3.0,4
652103,12.0,13
652117,13.0,14
652130,12.0,13
652143,12.0,13
652156,12.0,13
652170,13.0,14
652174,3.0,4
652178,3.0,4
652191,12.0,13
652195,3.0,4
652208,12.0,13
652212,3.0,4
652226,13.0,14
652239,12.0,13
652252,12.0,13
652266,13.0,14
652279,12.0,13
652292,12.0,13
652295,2.0,3
652299,3.0,4
652312,12.0,13
652326,13.0,14
652330,3.0,4
652344,13.0,14
652358,13.0,14
652362,3.0,4
652376,13.0,14
652380,3.0,4
652384,3.0,4
652397,12.0,13
652410,12.0,13
652423,12.0,13
652427,3.0,4
652431,3.0,4
652444,12.0,13
652457,12.0,13
652470,12.0,13
652484,13.0,14
652497,12.0,13
652510,12.0,13
652514,3.0,4
652528,13.0,14
652542,13.0,14
652555,12.0,13
652559,3.0,4
652563,3.0,4
652567,3.0,4
652571,3.0,4
652575,3.0,4
652579,3.0,4
652592,12.0,13
652595,2.0,3
652608,12.0,13
652621,12.0,13
652625,3.0,4
652639,13.0,14
652652,12.0,13
652665,12.0,13
652678,12.0,13
652691,12.0,13
652704,12.0,13
652708,3.0,4
652722,13.0,14
652735,12.0,13
652749,13.0,14
652762,12.0,13
652776,13.0,14
652789,12.0,13
652802,12.0,13
652816,13.0,14
652820,3.0,4
652833,12.0,13
652837,3.0,4
652850,12.0,13
652864,13.0,14
652878,13.0,14
652892,13.0,14
652906,13.0,14
652919,12.0,13
652923,3.0,4
652927,3.0,4
652940,12.0,13
652943,2.0,3
652957,13.0,14
652970,12.0,13
652983,12.0,13
652997,13.0,14
653010,12.0,13
653023,12.0,13
653036,12.0,13
653040,3.0,4
653044,3.0,4
653058,13.0,14
653071,12.0,13
653075,3.0,4
653089,13.0,14
653103,13.0,14
653107,3.0,4
653111,3.0,4
653125,13.0,14
653129,3.0,4
653142,12.0,13
653155,12.0,13
653159,3.0,4
653173,13.0,14
653177,3.0,4
653181,3.0,4
653185,3.0,4
653198,12.0,13
653211,12.0,13
653215,3.0,4
653228,12.0,13
653241,12.0,13
653254,12.0,13
653267,12.0,13
653271,3.0,4
653285,13.0,14
653289,3.0,4
653293,3.0,4
653306,12.0,13
653320,13.0,14
653334,13.0,14
653348,13.0,14
653352,3.0,4
653366,13.0,14
653370,3.0,4
653383,12.0,13
653397,13.0,14
653411,13.0,14
653424,12.0,13
653437,12.0,13
653451,13.0,14
653465,13.0,14
653479,13.0,14
653492,12.0,13
653506,13.0,14
653520,13.0,14
653524,3.0,4
653528,3.0,4
653532,3.0,4
653536,3.0,4
653550,13.0,14
653564,13.0,14
653568,3.0,4
653572,3.0,4
653576,3.0,4
653590,13.0,14
653603,12.0,13
653607,3.0,4
653611,3.0,4
653625,13.0,14
653639,13.0,14
653643,3.0,4
653647,3.0,4
653661,13.0,14
653675,13.0,14
653679,3.0,4
653692,12.0,13
653696,3.0,4
653700,3.0,4
653714,13.0,14
653728,13.0,14
653742,13.0,14
653756,13.0,14
653760,3.0,4
653773,12.0,13
653787,13.0,14
653791,3.0,4
653805,13.0,14
653819,13.0,14
653823,3.0,4
653837,13.0,14
653851,13.0,14
653865,13.0,14
653879,13.0,14
653893,13.0,14
653897,3.0,4
653901,3.0,4
653905,3.0,4
653919,13.0,14
653923,3.0,4
653937,13.0,14
653941,3.0,4
653955,13.0,14
653969,13.0,14
653982,12.0,13
653985,2.0,3
653989,3.0,4
654003,13.0,14
654017,13.0,14
654021,3.0,4
654025,3.0,4
654029,3.0,4
654043,13.0,14
654057,13.0,14
654071,13.0,14
654075,3.0,4
654089,13.0,14
654102,12.0,13
654106,3.0,4
654120,13.0,14
654134,13.0,14
654147,12.0,13
654161,13.0,14
654175,13.0,14
654179,3.0,4
654183,3.0,4
654197,13.0,14
654211,13.0,14
654225,13.0,14
654238,12.0,13
654242,3.0,4
654256,13.0,14
654270,13.0,14
654284,13.0,14
654287,2.0,3
654301,13.0,14
654305,3.0,4
654319,13.0,14
654333,13.0,14
654347,13.0,14
654360,12.0,13
654374,13.0,14
654378,3.0,4
654392,13.0,14
654405,12.0,13
654419,13.0,14
654433,13.0,14
654447,13.0,14
654451,3.0,4
654465,13.0,14
654469,3.0,4
654473,3.0,4
654487,13.0,14
654501,13.0,14
654515,13.0,14
654529,13.0,14
654543,13.0,14
654556,12.0,13
654560,3.0,4
654564,3.0,4
654578,13.0,14
654582,3.0,4
654586,3.0,4
654590,3.0,4
654594,3.0,4
654607,12.0,13
654611,3.0,4
654624,12.0,13
654638,13.0,14
654652,13.0,14
654666,13.0,14
654680,13.0,14
654684,3.0,4
654698,13.0,14
654702,3.0,4
654715,12.0,13
654729,13.0,14
654743,13.0,14
654747,3.0,4
654761,13.0,14
654765,3.0,4
654779,13.0,14
654792,12.0,13
654806,13.0,14
654820,13.0,14
654834,13.0,14
654848,13.0,14
654862,13.0,14
654866,3.0,4
654870,3.0,4
654874,3.0,4
654888,13.0,14
654901,12.0,13
654905,3.0,4
654919,13.0,14
654922,2.0,3
654936,13.0,14
654949,12.0,13
654963,13.0,14
654967,3.0,4
654981,13.0,14
654985,3.0,4
654999,13.0,14
655003,3.0,4
655007,3.0,4
655011,3.0,4
655015,3.0,4
655019,3.0,4
655033,13.0,14
655046,12.0,13
655060,13.0,14
655064,3.0,4
655078,13.0,14
655092,13.0,14
655106,13.0,14
655120,13.0,14
655134,13.0,14
655148,13.0,14
655152,3.0,4
655166,13.0,14
655180,13.0,14
655184,3.0,4
655188,3.0,4
655192,3.0,4
655206,13.0,14
655219,12.0,13
655233,13.0,14
655246,12.0,13
655250,3.0,4
655254,3.0,4
655258,3.0,4
655272,13.0,14
655286,13.0,14
655290,3.0,4
655304,13.0,14
655318,13.0,14
655332,13.0,14
655346,13.0,14
655350,3.0,4
655354,3.0,4
655358,3.0,4
655373,14.0,15
655387,13.0,14
655401,13.0,14
655416,14.0,15
655431,14.0,15
655446,14.0,15
655462,15.0,16
655477,14.0,15
655492,14.0,15
655496,3.0,4
655511,14.0,15
655526,14.0,15
655541,14.0,15
655545,3.0,4
655560,14.0,15
655575,14.0,15
655590,14.0,15
655605,14.0,15
655619,13.0,14
655634,14.0,15
655648,13.0,14
655663,14.0,15
655678,14.0,15
655693,14.0,15
655708,14.0,15
655723,14.0,15
655737,13.0,14
655741,3.0,4
655755,13.0,14
655770,14.0,15
655785,14.0,15
655800,14.0,15
655815,14.0,15
655829,13.0,14
655843,13.0,14
655857,13.0,14
655871,13.0,14
655886,14.0,15
655901,14.0,15
655916,14.0,15
655930,13.0,14
655945,14.0,15
655960,14.0,15
655975,14.0,15
655989,13.0,14
656004,14.0,15
656008,3.0,4
656023,14.0,15
656037,13.0,14
656051,13.0,14
656055,3.0,4
656069,13.0,14
656084,14.0,15
656098,13.0,14
656113,14.0,15
656128,14.0,15
656143,14.0,15
656147,3.0,4
656161,13.0,14
656165,3.0,4
656180,14.0,15
656194,13.0,14
656209,14.0,15
656224,14.0,15
656238,13.0,14
656253,14.0,15
656268,14.0,15
656283,14.0,15
656298,14.0,15
656313,14.0,15
656328,14.0,15
656343,14.0,15
656357,13.0,14
656372,14.0,15
656387,14.0,15
656401,13.0,14
656415,13.0,14
656430,14.0,15
656444,13.0,14
656459,14.0,15
656474,14.0,15
656489,14.0,15
656503,13.0,14
656517,13.0,14
656532,14.0,15
656547,14.0,15
656561,13.0,14
656576,14.0,15
656591,14.0,15
656595,3.0,4
656610,14.0,15
656625,14.0,15
656640,14.0,15
656655,14.0,15
656670,14.0,15
656685,14.0,15
656699,13.0,14
656714,14.0,15
656729,14.0,15
656745,15.0,16
656759,13.0,14
656773,13.0,14
656787,13.0,14
656802,14.0,15
656817,14.0,15
656831,13.0,14
656846,14.0,15
656861,14.0,15
656876,14.0,15
656890,13.0,14
656905,14.0,15
656920,14.0,15
656935,14.0,15
656950,14.0,15
656965,14.0,15
656980,14.0,15
656995,14.0,15
657009,13.0,14
657024,14.0,15
657039,14.0,15
657054,14.0,15
657069,14.0,15
657084,14.0,15
657098,13.0,14
657113,14.0,15
657128,14.0,15
657142,13.0,14
657157,14.0,15
657172,14.0,15
657176,3.0,4
657191,14.0,15
657205,13.0,14
657220,14.0,15
657234,13.0,14
657249,14.0,15
657264,14.0,15
657279,14.0,15
657294,14.0,15
657309,14.0,15
657324,14.0,15
657338,13.0,14
657342,3.0,4
657357,14.0,15
657371,13.0,14
657386,14.0,15
657401,14.0,15
657415,13.0,14
657429,13.0,14
657444,14.0,15
657459,14.0,15
657474,14.0,15
657488,13.0,14
657502,13.0,14
657517,14.0,15
657532,14.0,15
657547,14.0,15
657561,13.0,14
657576,14.0,15
657580,3.0,4
657595,14.0,15
657609,13.0,14
657623,13.0,14
657638,14.0,15
657652,13.0,14
657666,13.0,14
657680,13.0,14
657694,13.0,14
657708,13.0,14
657712,3.0,4
657727,14.0,15
657741,13.0,14
657755,13.0,14
657769,13.0,14
657784,14.0,15
657798,13.0,14
657812,13.0,14
657826,13.0,14
657840,13.0,14
657854,13.0,14
657858,3.0,4
657873,14.0,15
657887,13.0,14
657902,14.0,15
657916,13.0,14
657930,13.0,14
657944,13.0,14
657959,14.0,15
657963,3.0,4
657977,13.0,14
657992,14.0,15
658006,13.0,14
658020,13.0,14
658035,14.0,15
658049,13.0,14
658063,13.0,14
658077,13.0,14
658092,14.0,15
658107,14.0,15
658121,13.0,14
658135,13.0,14
658150,14.0,15
658164,13.0,14
658168,3.0,4
658182,13.0,14
658197,14.0,15
658212,14.0,15
658226,13.0,14
658240,13.0,14
658255,14.0,15
658269,13.0,14
658283,13.0,14
658298,14.0,15
658313,14.0,15
658327,13.0,14
658342,14.0,15
658357,14.0,15
658372,14.0,15
658387,14.0,15
658401,13.0,14
658415,13.0,14
658430,14.0,15
658445,14.0,15
658460,14.0,15
658475,14.0,15
658489,13.0,14
658493,3.0,4
658507,13.0,14
658522,14.0,15
658536,13.0,14
658550,13.0,14
658564,13.0,14
658578,13.0,14
658592,13.0,14
658596,3.0,4
658610,13.0,14
658624,13.0,14
658628,3.0,4
658632,3.0,4
658636,3.0,4
658651,14.0,15
658666,14.0,15
658670,3.0,4
658685,14.0,15
658700,14.0,15
658715,14.0,15
658719,3.0,4
658733,13.0,14
658748,14.0,15
658762,13.0,14
658776,13.0,14
658790,13.0,14
658794,3.0,4
658809,14.0,15
658823,13.0,14
658837,13.0,14
658851,13.0,14
658865,13.0,14
658879,13.0,14
658894,14.0,15
658909,14.0,15
658924,14.0,15
658939,14.0,15
658943,3.0,4
658957,13.0,14
658971,13.0,14
658986,14.0,15
659001,14.0,15
659015,13.0,14
659029,13.0,14
659043,13.0,14
659057,13.0,14
659071,13.0,14
659085,13.0,14
659099,13.0,14
659113,13.0,14
659127,13.0,14
659142,14.0,15
659157,14.0,15
659171,13.0,14
659186,14.0,15
659200,13.0,14
659214,13.0,14
659228,13.0,14
659243,14.0,15
659257,13.0,14
659271,13.0,14
659286,14.0,15
659300,13.0,14
659315,14.0,15
659330,14.0,15
659345,14.0,15
659360,14.0,15
659374,13.0,14
659389,14.0,15
659403,13.0,14
659417,13.0,14
659432,14.0,15
659447,14.0,15
659451,3.0,4
659465,13.0,14
659469,3.0,4
659482,12.0,13
659495,12.0,13
659508,12.0,13
659512,3.0,4
659526,13.0,14
659539,12.0,13
659553,13.0,14
659567,13.0,14
659581,13.0,14
659594,12.0,13
659607,12.0,13
659620,12.0,13
659634,13.0,14
659648,13.0,14
659662,13.0,14
659675,12.0,13
659688,12.0,13
659701,12.0,13
659715,13.0,14
659729,13.0,14
659742,12.0,13
659756,13.0,14
659769,12.0,13
659782,12.0,13
659795,12.0,13
659809,13.0,14
659822,12.0,13
659836,13.0,14
659850,13.0,14
659863,12.0,13
659867,3.0,4
659881,13.0,14
659895,13.0,14
659908,12.0,13
659921,12.0,13
659925,3.0,4
659938,12.0,13
659951,12.0,13
659964,12.0,13
659978,13.0,14
659982,3.0,4
659996,13.0,14
660010,13.0,14
660024,13.0,14
660038,13.0,14
660042,3.0,4
660056,13.0,14
660070,13.0,14
660074,3.0,4
660078,3.0,4
660092,13.0,14
660106,13.0,14
660119,12.0,13
660132,12.0,13
660145,12.0,13
660158,12.0,13
660171,12.0,13
660184,12.0,13
660198,13.0,14
660211,12.0,13
660215,3.0,4
660229,13.0,14
660243,13.0,14
660257,13.0,14
660270,12.0,13
660283,12.0,13
660297,13.0,14
660311,13.0,14
660325,13.0,14
660338,12.0,13
660352,13.0,14
660365,12.0,13
660379,13.0,14
660392,12.0,13
660396,3.0,4
660410,13.0,14
660424,13.0,14
660438,13.0,14
660452,13.0,14
660465,12.0,13
660469,3.0,4
660473,3.0,4
660487,13.0,14
660500,12.0,13
660514,13.0,14
660518,3.0,4
660532,13.0,14
660546,13.0,14
660560,13.0,14
660573,12.0,13
660587,13.0,14
660601,13.0,14
660615,13.0,14
660619,3.0,4
660633,13.0,14
660637,3.0,4
660651,13.0,14
660655,3.0,4
660669,13.0,14
660683,13.0,14
660697,13.0,14
660710,12.0,13
660724,13.0,14
660728,3.0,4
660742,13.0,14
660756,13.0,14
660770,13.0,14
660784,13.0,14
660797,12.0,13
660810,12.0,13
660824,13.0,14
660838,13.0,14
660842,3.0,4
660856,13.0,14
660870,13.0,14
660884,13.0,14
660898,13.0,14
660912,13.0,14
660926,13.0,14
660939,12.0,13
660953,13.0,14
660967,13.0,14
660971,3.0,4
660984,12.0,13
660998,13.0,14
661002,3.0,4
661015,12.0,13
661019,3.0,4
661032,12.0,13
661045,12.0,13
661059,13.0,14
661072,12.0,13
661085,12.0,13
661098,12.0,13
661102,3.0,4
661116,13.0,14
661129,12.0,13
661142,12.0,13
661155,12.0,13
661168,12.0,13
661181,12.0,13
661195,13.0,14
661209,13.0,14
661223,13.0,14
661237,13.0,14
661250,12.0,13
661254,3.0,4
661267,12.0,13
661281,13.0,14
661295,13.0,14
661308,12.0,13
661322,13.0,14
661336,13.0,14
661349,12.0,13
661353,3.0,4
661367,13.0,14
661380,12.0,13
661394,13.0,14
661407,12.0,13
661420,12.0,13
661434,13.0,14
661438,3.0,4
661452,13.0,14
661465,12.0,13
661469,3.0,4
661483,13.0,14
661497,13.0,14
661511,13.0,14
661525,13.0,14
661539,13.0,14
661553,13.0,14
661568,14.0,15
661583,14.0,15
661598,14.0,15
661613,14.0,15
661627,13.0,14
661641,13.0,14
661655,13.0,14
661669,13.0,14
661683,13.0,14
661697,13.0,14
661712,14.0,15
661727,14.0,15
661741,13.0,14
661755,13.0,14
661771,15.0,16
661785,13.0,14
661799,13.0,14
661814,14.0,15
661829,14.0,15
662829,1000.0,1000
663829,1000.0,1000
663833,3.0,4
663845,11.0,12
663849,3.0,4
663861,11.0,12
663873,11.0,12
663886,12.0,13
663898,11.0,12
663910,11.0,12
663922,11.0,12
663935,12.0,13
663947,11.0,12
663959,11.0,12
663971,11.0,12
663975,3.0,4
663987,11.0,12
663999,11.0,12
664012,12.0,13
664025,12.0,13
664037,11.0,12
664040,2.0,3
664044,3.0,4
664056,11.0,12
664068,11.0,12
664080,11.0,12
664093,12.0,13
665093,1000.0,1000
665106,12.0,13
665118,11.0,12
665122,3.0,4
665135,12.0,13
665147,11.0,12
665160,12.0,13
665173,12.0,13
665185,11.0,12
665198,12.0,13
665202,3.0,4
665215,12.0,13
666215,1000.0,1000
666229,13.0,14
666243,13.0,14
667243,1000.0,1000
667256,12.0,13
667269,12.0,13
668269,1000.0,1000
668283,13.0,14
668297,13.0,14
668310,12.0,13
668323,12.0,13
668337,13.0,14
668350,12.0,13
668363,12.0,13
668376,12.0,13
669376,1000.0,1000
669389,12.0,13
669403,13.0,14
669416,12.0,13
669429,12.0,13
669442,12.0,13
669455,12.0,13
669469,13.0,14
669483,13.0,14
670483,1000.0,1000
671483,1000.0,1000
672483,1000.0,1000
673483,1000.0,1000
674483,1000.0,1000
675483,1000.0,1000
676483,1000.0,1000
677483,1000.0,1000
678483,1000.0,1000
679483,1000.0,1000
680483,1000.0,1000
681483,1000.0,1000
682483,1000.0,1000
683483,1000.0,1000
684483,1000.0,1000
685483,1000.0,1000
686483,1000.0,1000
687483,1000.0,1000
688483,1000.0,1000
689483,1000.0,1000
690483,1000.0,1000
690496,12.0,13
690500,3.0,4
690512,11.0,12
691512,1000.0,1000
692512,1000.0,1000
692516,3.0,4
693516,1000.0,1000
694516,1000.0,1000
694528,11.0,12
694532,3.0,4
694544,11.0,12
694556,11.0,12
694568,11.0,12
694572,3.0,4
694584,11.0,12
694588,3.0,4
694592,3.0,4
694604,11.0,12
694608,3.0,4
694612,3.0,4
694624,11.0,12
694628,3.0,4
694640,11.0,12
694652,11.0,12
694664,11.0,12
694676,11.0,12
694680,3.0,4
694692,11.0,12
694696,3.0,4
694708,11.0,12
694720,11.0,12
694732,11.0,12
694736,3.0,4
694740,3.0,4
694752,11.0,12
694764,11.0,12
694776,11.0,12
694788,11.0,12
694800,11.0,12
694812,11.0,12
694824,11.0,12
694828,3.0,4
694832,3.0,4
694836,3.0,4
694848,11.0,12
694860,11.0,12
694864,3.0,4
694868,3.0,4
694880,11.0,12
694892,11.0,12
694896,3.0,4
694908,11.0,12
694912,3.0,4
694924,11.0,12
695924,1000.0,1000
695928,3.0,4
695940,11.0,12
695952,11.0,12
695964,11.0,12
695976,11.0,12
695988,11.0,12
696000,11.0,12
696004,3.0,4
696008,3.0,4
696021,12.0,13
696025,3.0,4
696037,11.0,12
696049,11.0,12
696052,2.0,3
696056,3.0,4
696068,11.0,12
696080,11.0,12
696092,11.0,12
696104,11.0,12
696108,3.0,4
696111,2.0,3
696115,3.0,4
696127,11.0,12
696131,3.0,4
696143,11.0,12
696147,3.0,4
696159,11.0,12
696172,12.0,13
696176,3.0,4
696179,2.0,3
696183,3.0,4
696186,2.0,3
696198,11.0,12
696210,11.0,12
697210,1000.0,1000
698210,1000.0,1000
698214,3.0,4
699214,1000.0,1000
700214,1000.0,1000
700225,10.0,11
701225,1000.0,1000
702225,1000.0,1000
703225,1000.0,1000
704225,1000.0,1000
705225,1000.0,1000
706225,1000.0,1000
707225,1000.0,1000
707237,11.0,12
708237,1000.0,1000
708241,3.0,4
709241,1000.0,1000
709252,10.0,11
709256,3.0,4
709267,10.0,11
709271,3.0,4
709275,3.0,4
709279,3.0,4
709291,11.0,12
709295,3.0,4
710295,1000.0,1000
710306,10.0,11
711306,1000.0,1000
711310,3.0,4
711314,3.0,4
711326,11.0,12
711337,10.0,11
711341,3.0,4
711345,3.0,4
711349,3.0,4
711353,3.0,4
711364,10.0,11
711368,3.0,4
711379,10.0,11
711383,3.0,4
711394,10.0,11
711398,3.0,4
711402,3.0,4
711405,2.0,3
711409,3.0,4
711413,3.0,4
711416,2.0,3
711420,3.0,4
711424,3.0,4
711428,3.0,4
711431,2.0,3
711435,3.0,4
711439,3.0,4
711443,3.0,4
711447,3.0,4
711451,3.0,4
711455,3.0,4
711459,3.0,4
711463,3.0,4
711474,10.0,11
711478,3.0,4
711481,2.0,3
711485,3.0,4
711489,3.0,4
711492,2.0,3
711496,3.0,4
711500,3.0,4
711504,3.0,4
711508,3.0,4
711512,3.0,4
711516,3.0,4
711520,3.0,4
711523,2.0,3
711527,3.0,4
711531,3.0,4
711535,3.0,4
711546,10.0,11
711558,11.0,12
711569,10.0,11
711580,10.0,11
711584,3.0,4
711587,2.0,3
711591,3.0,4
711595,3.0,4
711598,2.0,3
711602,3.0,4
711606,3.0,4
711610,3.0,4
711614,3.0,4
711618,3.0,4
711622,3.0,4
711626,3.0,4
711629,2.0,3
711633,3.0,4
711637,3.0,4
711648,10.0,11
711652,3.0,4
711656,3.0,4
711660,3.0,4
711671,10.0,11
711675,3.0,4
711687,11.0,12
711690,2.0,3
711693,2.0,3
711704,10.0,11
711708,3.0,4
711711,2.0,3
711715,3.0,4
711719,3.0,4
711723,3.0,4
711727,3.0,4
711730,2.0,3
711733,2.0,3
711736,2.0,3
711747,10.0,11
711751,3.0,4
711754,2.0,3
711757,2.0,3
711761,3.0,4
711765,3.0,4
711768,2.0,3
711772,3.0,4
711783,10.0,11
711794,10.0,11
711797,2.0,3
711801,3.0,4
711812,10.0,11
711816,3.0,4
711827,10.0,11
711831,3.0,4
711834,2.0,3
711845,10.0,11
711848,2.0,3
711852,3.0,4
711856,3.0,4
711860,3.0,4
711864,3.0,4
711868,3.0,4
711872,3.0,4
711875,2.0,3
711879,3.0,4
711882,2.0,3
711886,3.0,4
711897,10.0,11
711901,3.0,4
711912,10.0,11
711923,10.0,11
711927,3.0,4
711931,3.0,4
711935,3.0,4
711938,2.0,3
711941,2.0,3
711945,3.0,4
711949,3.0,4
711953,3.0,4
711964,10.0,11
711968,3.0,4
711972,3.0,4
711976,3.0,4
711980,3.0,4
711984,3.0,4
711987,2.0,3
711991,3.0,4
711994,2.0,3
711997,2.0,3
712008,10.0,11
712011,2.0,3
712022,10.0,11
712025,2.0,3
712029,3.0,4
712032,2.0,3
712043,10.0,11
712047,3.0,4
712051,3.0,4
712055,3.0,4
712059,3.0,4
712063,3.0,4
712067,3.0,4
712071,3.0,4
712074,2.0,3
712085,10.0,11
712089,3.0,4
712093,3.0,4
712096,2.0,3
712100,3.0,4
712104,3.0,4
712107,2.0,3
712110,2.0,3
712114,3.0,4
712118,3.0,4
712122,3.0,4
712133,10.0,11
712137,3.0,4
712140,2.0,3
712143,2.0,3
712147,3.0,4
712151,3.0,4
712155,3.0,4
712159,3.0,4
712163,3.0,4
712175,11.0,12
712186,10.0,11
712190,3.0,4
712194,3.0,4
712198,3.0,4
712201,2.0,3
712205,3.0,4
712209,3.0,4
712213,3.0,4
712217,3.0,4
712220,2.0,3
712224,3.0,4
712227,2.0,3
712230,2.0,3
712234,3.0,4
712237,2.0,3
712241,3.0,4
712244,2.0,3
712255,10.0,11
712258,2.0,3
712269,10.0,11
712272,2.0,3
712276,3.0,4
712280,3.0,4
712291,10.0,11
712295,3.0,4
712299,3.0,4
712310,10.0,11
712313,2.0,3
712324,10.0,11
712328,3.0,4
712332,3.0,4
712343,10.0,11
712347,3.0,4
712359,11.0,12
712363,3.0,4
712366,2.0,3
712370,3.0,4
712374,3.0,4
712385,10.0,11
712389,3.0,4
712393,3.0,4
712396,2.0,3
712407,10.0,11
712411,3.0,4
712423,11.0,12
712427,3.0,4
712430,2.0,3
712433,2.0,3
712437,3.0,4
712448,10.0,11
712452,3.0,4
712456,3.0,4
712467,10.0,11
712478,10.0,11
712489,10.0,11
712492,2.0,3
712503,10.0,11
712506,2.0,3
712510,3.0,4
712514,3.0,4
712525,10.0,11
712529,3.0,4
712532,2.0,3
712536,3.0,4
712539,2.0,3
712542,2.0,3
712546,3.0,4
712550,3.0,4
712554,3.0,4
712558,3.0,4
712562,3.0,4
712566,3.0,4
712570,3.0,4
712573,2.0,3
712584,10.0,11
712587,2.0,3
712598,10.0,11
712601,2.0,3
712605,3.0,4
712609,3.0,4
712620,10.0,11
712624,3.0,4
712627,2.0,3
712631,3.0,4
712642,10.0,11
712645,2.0,3
712648,2.0,3
712651,2.0,3
712663,11.0,12
712675,11.0,12
712679,3.0,4
712683,3.0,4
712686,2.0,3
712690,3.0,4
712694,3.0,4
712698,3.0,4
712701,2.0,3
712704,2.0,3
712707,2.0,3
712710,2.0,3
712714,3.0,4
712717,2.0,3
712720,2.0,3
712723,2.0,3
712726,2.0,3
712729,2.0,3
712733,3.0,4
712736,2.0,3
712739,2.0,3
712742,2.0,3
712745,2.0,3
712748,2.0,3
712751,2.0,3
712754,2.0,3
712757,2.0,3
712760,2.0,3
712763,2.0,3
712766,2.0,3
712769,2.0,3
712772,2.0,3
712775,2.0,3
712778,2.0,3
712781,2.0,3
712784,2.0,3
712788,3.0,4
712791,2.0,3
712794,2.0,3
712797,2.0,3
712800,2.0,3
712803,2.0,3
712807,3.0,4
712810,2.0,3
712813,2.0,3
712817,3.0,4
712820,2.0,3
712824,3.0,4
712827,2.0,3
712830,2.0,3
712833,2.0,3
712836,2.0,3
712839,2.0,3
712842,2.0,3
712845,2.0,3
712849,3.0,4
712852,2.0,3
712856,3.0,4
712859,2.0,3
712862,2.0,3
712865,2.0,3
712868,2.0,3
712872,3.0,4
712876,3.0,4
712880,3.0,4
712883,2.0,3
712887,3.0,4
712890,2.0,3
712893,2.0,3
712896,2.0,3
712899,2.0,3
712902,2.0,3
712906,3.0,4
712909,2.0,3
712912,2.0,3
712916,3.0,4
712919,2.0,3
712922,2.0,3
712925,2.0,3
712928,2.0,3
712931,2.0,3
712934,2.0,3
712937,2.0,3
712940,2.0,3
712943,2.0,3
712946,2.0,3
712949,2.0,3
712952,2.0,3
712955,2.0,3
712958,2.0,3
712961,2.0,3
712964,2.0,3
712967,2.0,3
712971,3.0,4
712974,2.0,3
712977,2.0,3
712980,2.0,3
712983,2.0,3
712986,2.0,3
712989,2.0,3
712993,3.0,4
712996,2.0,3
712999,2.0,3
713002,2.0,3
713005,2.0,3
713008,2.0,3
713011,2.0,3
713014,2.0,3
713018,3.0,4
713021,2.0,3
713025,3.0,4
713028,2.0,3
713031,2.0,3
713034,2.0,3
713037,2.0,3
713040,2.0,3
713043,2.0,3
713047,3.0,4
713051,3.0,4
713054,2.0,3
713057,2.0,3
713060,2.0,3
713063,2.0,3
713066,2.0,3
713069,2.0,3
713072,2.0,3
713075,2.0,3
713078,2.0,3
713081,2.0,3
713084,2.0,3
713087,2.0,3
713090,2.0,3
713093,2.0,3
713096,2.0,3
713099,2.0,3
713102,2.0,3
713105,2.0,3
713108,2.0,3
713111,2.0,3
713114,2.0,3
713117,2.0,3
713120,2.0,3
713124,3.0,4
713127,2.0,3
713130,2.0,3
713133,2.0,3
713136,2.0,3
713139,2.0,3
713142,2.0,3
713145,2.0,3
713148,2.0,3
713151,2.0,3
713154,2.0,3
713157,2.0,3
713160,2.0,3
713163,2.0,3
713166,2.0,3
713169,2.0,3
713172,2.0,3
713175,2.0,3
713178,2.0,3
713181,2.0,3
713184,2.0,3
713188,3.0,4
713191,2.0,3
713194,2.0,3
713197,2.0,3
713200,2.0,3
713204,3.0,4
713207,2.0,3
713210,2.0,3
713213,2.0,3
713216,2.0,3
713219,2.0,3
713222,2.0,3
713225,2.0,3
713228,2.0,3
713231,2.0,3
713234,2.0,3
713237,2.0,3
713241,3.0,4
713244,2.0,3
713247,2.0,3
713250,2.0,3
713253,2.0,3
713256,2.0,3
713259,2.0,3
713262,2.0,3
713266,3.0,4
713269,2.0,3
713272,2.0,3
713275,2.0,3
713278,2.0,3
713282,3.0,4
713285,2.0,3
713289,3.0,4
713292,2.0,3
713295,2.0,3
713298,2.0,3
713302,3.0,4
713306,3.0,4
713309,2.0,3
713312,2.0,3
713315,2.0,3
713318,2.0,3
713321,2.0,3
713324,2.0,3
713327,2.0,3
713330,2.0,3
713334,3.0,4
713337,2.0,3
713340,2.0,3
713343,2.0,3
713346,2.0,3
713349,2.0,3
713352,2.0,3
713355,2.0,3
713358,2.0,3
713361,2.0,3
713364,2.0,3
713367,2.0,3
713370,2.0,3
713374,3.0,4
713378,3.0,4
713381,2.0,3
713384,2.0,3
713387,2.0,3
713390,2.0,3
713393,2.0,3
713396,2.0,3
713399,2.0,3
713402,2.0,3
713405,2.0,3
713408,2.0,3
713411,2.0,3
713414,2.0,3
713417,2.0,3
713420,2.0,3
713423,2.0,3
713426,2.0,3
713429,2.0,3
713432,2.0,3
713435,2.0,3
713438,2.0,3
713441,2.0,3
713444,2.0,3
713447,2.0,3
713450,2.0,3
713453,2.0,3
713457,3.0,4
713460,2.0,3
713463,2.0,3
713466,2.0,3
713469,2.0,3
713472,2.0,3
713475,2.0,3
713478,2.0,3
713481,2.0,3
713484,2.0,3
713487,2.0,3
713490,2.0,3
713493,2.0,3
713496,2.0,3
713499,2.0,3
713502,2.0,3
713505,2.0,3
713508,2.0,3
713511,2.0,3
713514,2.0,3
713517,2.0,3
713520,2.0,3
713523,2.0,3
713526,2.0,3
713529,2.0,3
713532,2.0,3
713536,3.0,4
713539,2.0,3
713542,2.0,3
713545,2.0,3
713548,2.0,3
713551,2.0,3
713555,3.0,4
713558,2.0,3
713561,2.0,3
713564,2.0,3
713567,2.0,3
713570,2.0,3
713573,2.0,3
713576,2.0,3
713580,3.0,4
713583,2.0,3
713586,2.0,3
713589,2.0,3
713592,2.0,3
713595,2.0,3
713598,2.0,3
713601,2.0,3
713604,2.0,3
713607,2.0,3
713610,2.0,3
713613,2.0,3
713616,2.0,3
713620,3.0,4
713623,2.0,3
713626,2.0,3
713629,2.0,3
713632,2.0,3
713635,2.0,3
713638,2.0,3
713642,3.0,4
713645,2.0,3
713649,3.0,4
713652,2.0,3
713655,2.0,3
713658,2.0,3
713661,2.0,3
713664,2.0,3
713668,3.0,4
713671,2.0,3
713675,3.0,4
713678,2.0,3
713681,2.0,3
713684,2.0,3
713687,2.0,3
713690,2.0,3
713693,2.0,3
713696,2.0,3
713699,2.0,3
713703,3.0,4
713706,2.0,3
713709,2.0,3
713712,2.0,3
713715,2.0,3
713718,2.0,3
713721,2.0,3
713724,2.0,3
713728,3.0,4
713731,2.0,3
713734,2.0,3
713737,2.0,3
713740,2.0,3
713743,2.0,3
713746,2.0,3
713749,2.0,3
713753,3.0,4
713756,2.0,3
713759,2.0,3
713762,2.0,3
713765,2.0,3
713768,2.0,3
713771,2.0,3
713774,2.0,3
713777,2.0,3
713780,2.0,3
713783,2.0,3
713786,2.0,3
713789,2.0,3
713792,2.0,3
713795,2.0,3
713798,2.0,3
713801,2.0,3
713805,3.0,4
713808,2.0,3
713811,2.0,3
713814,2.0,3
713817,2.0,3
713820,2.0,3
713823,2.0,3
713826,2.0,3
713829,2.0,3
713832,2.0,3
713835,2.0,3
713838,2.0,3
713842,3.0,4
713845,2.0,3
713848,2.0,3
713851,2.0,3
713854,2.0,3
713858,3.0,4
713861,2.0,3
713864,2.0,3
713867,2.0,3
713870,2.0,3
713874,3.0,4
713877,2.0,3
713880,2.0,3
713883,2.0,3
713886,2.0,3
713889,2.0,3
713892,2.0,3
713895,2.0,3
713898,2.0,3
713901,2.0,3
713904,2.0,3
713907,2.0,3
713910,2.0,3
713913,2.0,3
713916,2.0,3
713919,2.0,3
713922,2.0,3
713925,2.0,3
713928,2.0,3
713931,2.0,3
713934,2.0,3
713937,2.0,3
713940,2.0,3
713943,2.0,3
713946,2.0,3
713949,2.0,3
713952,2.0,3
713955,2.0,3
713958,2.0,3
713961,2.0,3
713964,2.0,3
713967,2.0,3
713971,3.0,4
713974,2.0,3
713978,3.0,4
713981,2.0,3
713985,3.0,4
713989,3.0,4
713992,2.0,3
713995,2.0,3
713998,2.0,3
714001,2.0,3
714004,2.0,3
714007,2.0,3
714010,2.0,3
714013,2.0,3
714016,2.0,3
714019,2.0,3
714023,3.0,4
714026,2.0,3
714030,3.0,4
714033,2.0,3
714036,2.0,3
714039,2.0,3
714042,2.0,3
714046,3.0,4
714049,2.0,3
714052,2.0,3
714055,2.0,3
714058,2.0,3
714062,3.0,4
714066,3.0,4
714069,2.0,3
714072,2.0,3
714075,2.0,3
714078,2.0,3
714081,2.0,3
714084,2.0,3
714087,2.0,3
714090,2.0,3
714093,2.0,3
714096,2.0,3
714099,2.0,3
714102,2.0,3
714105,2.0,3
714108,2.0,3
714111,2.0,3
714114,2.0,3
714117,2.0,3
714120,2.0,3
714123,2.0,3
714126,2.0,3
714129,2.0,3
714133,3.0,4
714136,2.0,3
714139,2.0,3
714142,2.0,3
714145,2.0,3
714148,2.0,3
714152,3.0,4
714155,2.0,3
714158,2.0,3
714161,2.0,3
714164,2.0,3
714168,3.0,4
714171,2.0,3
714174,2.0,3
714177,2.0,3
714180,2.0,3
714183,2.0,3
714186,2.0,3
714190,3.0,4
714193,2.0,3
714196,2.0,3
714200,3.0,4
714203,2.0,3
714206,2.0,3
714209,2.0,3
714212,2.0,3
714215,2.0,3
714218,2.0,3
714221,2.0,3
714224,2.0,3
714227,2.0,3
714230,2.0,3
714233,2.0,3
714236,2.0,3
714239,2.0,3
714242,2.0,3
714245,2.0,3
714248,2.0,3
714251,2.0,3
714254,2.0,3
714258,3.0,4
714261,2.0,3
714264,2.0,3
714267,2.0,3
714270,2.0,3
714273,2.0,3
714276,2.0,3
714279,2.0,3
714282,2.0,3
714285,2.0,3
714288,2.0,3
714291,2.0,3
714294,2.0,3
714297,2.0,3
714300,2.0,3
714303,2.0,3
714306,2.0,3
714309,2.0,3
714312,2.0,3
714315,2.0,3
714319,3.0,4
714323,3.0,4
714326,2.0,3
714329,2.0,3
714332,2.0,3
714335,2.0,3
714338,2.0,3
714341,2.0,3
714344,2.0,3
714347,2.0,3
714350,2.0,3
714353,2.0,3
714356,2.0,3
714359,2.0,3
714362,2.0,3
714365,2.0,3
714368,2.0,3
714371,2.0,3
714374,2.0,3
714377,2.0,3
714380,2.0,3
714383,2.0,3
714386,2.0,3
714389,2.0,3
714392,2.0,3
714395,2.0,3
714398,2.0,3
714401,2.0,3
714405,3.0,4
714408,2.0,3
714411,2.0,3
714414,2.0,3
714417,2.0,3
714420,2.0,3
714423,2.0,3
714426,2.0,3
714429,2.0,3
714432,2.0,3
714436,3.0,4
714440,3.0,4
714443,2.0,3
714446,2.0,3
714449,2.0,3
714452,2.0,3
714455,2.0,3
714458,2.0,3
714461,2.0,3
714464,2.0,3
714467,2.0,3
714470,2.0,3
714473,2.0,3
714476,2.0,3
714479,2.0,3
714482,2.0,3
714485,2.0,3
714489,3.0,4
714492,2.0,3
714495,2.0,3
714498,2.0,3
714501,2.0,3
714504,2.0,3
714507,2.0,3
714510,2.0,3
714513,2.0,3
714516,2.0,3
714519,2.0,3
714522,2.0,3
714525,2.0,3
714528,2.0,3
714531,2.0,3
714534,2.0,3
714537,2.0,3
714540,2.0,3
714543,2.0,3
714546,2.0,3
714550,3.0,4
714553,2.0,3
714557,3.0,4
714560,2.0,3
714563,2.0,3
714566,2.0,3
714569,2.0,3
714572,2.0,3
714575,2.0,3
714578,2.0,3
714581,2.0,3
714584,2.0,3
714587,2.0,3
714591,3.0,4
714594,2.0,3
714597,2.0,3
714600,2.0,3
714603,2.0,3
714606,2.0,3
714609,2.0,3
714612,2.0,3
714615,2.0,3
714618,2.0,3
714621,2.0,3
714625,3.0,4
714628,2.0,3
714631,2.0,3
714635,3.0,4
714638,2.0,3
714642,3.0,4
714645,2.0,3
714648,2.0,3
714651,2.0,3
714654,2.0,3
714657,2.0,3
714660,2.0,3
714663,2.0,3
714666,2.0,3
714669,2.0,3
714672,2.0,3
714675,2.0,3
714678,2.0,3
714681,2.0,3
714684,2.0,3
714687,2.0,3
714690,2.0,3
714693,2.0,3
714696,2.0,3
714699,2.0,3
714703,3.0,4
714706,2.0,3
714710,3.0,4
714713,2.0,3
714716,2.0,3
714719,2.0,3
714723,3.0,4
714727,3.0,4
714730,2.0,3
714733,2.0,3
714736,2.0,3
714739,2.0,3
714743,3.0,4
714746,2.0,3
714750,3.0,4
714753,2.0,3
714756,2.0,3
714759,2.0,3
714762,2.0,3
714765,2.0,3
714768,2.0,3
714771,2.0,3
714774,2.0,3
714777,2.0,3
714781,3.0,4
714784,2.0,3
714787,2.0,3
714790,2.0,3
714793,2.0,3
714797,3.0,4
714800,2.0,3
714803,2.0,3
714806,2.0,3
714809,2.0,3
714812,2.0,3
714815,2.0,3
714818,2.0,3
714821,2.0,3
714824,2.0,3
714827,2.0,3
714830,2.0,3
714833,2.0,3
714836,2.0,3
714839,2.0,3
714842,2.0,3
714846,3.0,4
714849,2.0,3
714852,2.0,3
714855,2.0,3
714858,2.0,3
714862,3.0,4
714865,2.0,3
714868,2.0,3
714871,2.0,3
714874,2.0,3
714878,3.0,4
714881,2.0,3
714884,2.0,3
714887,2.0,3
714890,2.0,3
714893,2.0,3
714897,3.0,4
714900,2.0,3
714903,2.0,3
714907,3.0,4
714910,2.0,3
714913,2.0,3
714916,2.0,3
714920,3.0,4
714924,3.0,4
714927,2.0,3
714931,3.0,4
714935,3.0,4
714939,3.0,4
714942,2.0,3
714945,2.0,3
714948,2.0,3
714952,3.0,4
714955,2.0,3
714958,2.0,3
714962,3.0,4
714965,2.0,3
714968,2.0,3
714971,2.0,3
714974,2.0,3
714978,3.0,4
714981,2.0,3
714984,2.0,3
714987,2.0,3
714990,2.0,3
714993,2.0,3
714996,2.0,3
714999,2.0,3
715002,2.0,3
715005,2.0,3
715008,2.0,3
715011,2.0,3
715014,2.0,3
715017,2.0,3
715021,3.0,4
715024,2.0,3
715028,3.0,4
715031,2.0,3
715034,2.0,3
715037,2.0,3
715041,3.0,4
715044,2.0,3
715047,2.0,3
715050,2.0,3
715053,2.0,3
715056,2.0,3
715060,3.0,4
715063,2.0,3
715066,2.0,3
715069,2.0,3
715072,2.0,3
715075,2.0,3
715078,2.0,3
715081,2.0,3
715085,3.0,4
715088,2.0,3
715091,2.0,3
715094,2.0,3
715097,2.0,3
715100,2.0,3
715103,2.0,3
715106,2.0,3
715109,2.0,3
715112,2.0,3
715115,2.0,3
715118,2.0,3
715122,3.0,4
715125,2.0,3
715128,2.0,3
715131,2.0,3
715134,2.0,3
715137,2.0,3
715140,2.0,3
715143,2.0,3
715147,3.0,4
715150,2.0,3
715154,3.0,4
715157,2.0,3
715160,2.0,3
715164,3.0,4
715168,3.0,4
715171,2.0,3
715174,2.0,3
715177,2.0,3
715180,2.0,3
715183,2.0,3
715186,2.0,3
715190,3.0,4
715193,2.0,3
715197,3.0,4
715201,3.0,4
715204,2.0,3
715207,2.0,3
715210,2.0,3
715213,2.0,3
715216,2.0,3
715219,2.0,3
715222,2.0,3
715225,2.0,3
715228,2.0,3
715231,2.0,3
715234,2.0,3
715237,2.0,3
715240,2.0,3
715243,2.0,3
715247,3.0,4
715250,2.0,3
715253,2.0,3
715257,3.0,4
715260,2.0,3
715263,2.0,3
715266,2.0,3
715269,2.0,3
715272,2.0,3
715276,3.0,4
715280,3.0,4
715283,2.0,3
715286,2.0,3
715290,3.0,4
715293,2.0,3
715296,2.0,3
715299,2.0,3
715303,3.0,4
715306,2.0,3
715309,2.0,3
715312,2.0,3
715316,3.0,4
715319,2.0,3
715322,2.0,3
715325,2.0,3
715328,2.0,3
715331,2.0,3
715335,3.0,4
715338,2.0,3
715341,2.0,3
715344,2.0,3
715347,2.0,3
715350,2.0,3
715353,2.0,3
715356,2.0,3
715359,2.0,3
715362,2.0,3
715365,2.0,3
715368,2.0,3
715371,2.0,3
715375,3.0,4
715378,2.0,3
715382,3.0,4
715386,3.0,4
715389,2.0,3
715393,3.0,4
715397,3.0,4
715401,3.0,4
715404,2.0,3
715408,3.0,4
715411,2.0,3
715414,2.0,3
715417,2.0,3
715420,2.0,3
715424,3.0,4
715428,3.0,4
715431,2.0,3
715434,2.0,3
715437,2.0,3
715441,3.0,4
715444,2.0,3
715447,2.0,3
715450,2.0,3
715454,3.0,4
715457,2.0,3
715460,2.0,3
715463,2.0,3
715466,2.0,3
715470,3.0,4
715473,2.0,3
715476,2.0,3
715480,3.0,4
715484,3.0,4
715487,2.0,3
715490,2.0,3
715494,3.0,4
715497,2.0,3
715500,2.0,3
715503,2.0,3
715507,3.0,4
715510,2.0,3
715514,3.0,4
715518,3.0,4
715521,2.0,3
715524,2.0,3
715528,3.0,4
715531,2.0,3
715534,2.0,3
715537,2.0,3
715540,2.0,3
715543,2.0,3
715546,2.0,3
715550,3.0,4
715554,3.0,4
715557,2.0,3
715560,2.0,3
715563,2.0,3
715566,2.0,3
715569,2.0,3
715572,2.0,3
715576,3.0,4
715579,2.0,3
715583,3.0,4
715586,2.0,3
715590,3.0,4
715593,2.0,3
715596,2.0,3
715599,2.0,3
715602,2.0,3
715605,2.0,3
715608,2.0,3
715611,2.0,3
715614,2.0,3
715617,2.0,3
715620,2.0,3
715623,2.0,3
715626,2.0,3
715629,2.0,3
715632,2.0,3
715635,2.0,3
715639,3.0,4
715642,2.0,3
715645,2.0,3
715648,2.0,3
715651,2.0,3
715655,3.0,4
715659,3.0,4
715662,2.0,3
715665,2.0,3
715669,3.0,4
715672,2.0,3
715675,2.0,3
715678,2.0,3
715681,2.0,3
715685,3.0,4
715688,2.0,3
715691,2.0,3
715694,2.0,3
715697,2.0,3
715701,3.0,4
715705,3.0,4
715708,2.0,3
715712,3.0,4
715715,2.0,3
715718,2.0,3
715722,3.0,4
715725,2.0,3
715729,3.0,4
715732,2.0,3
715735,2.0,3
715738,2.0,3
715741,2.0,3
715745,3.0,4
715748,2.0,3
715752,3.0,4
715755,2.0,3
715759,3.0,4
715763,3.0,4
715766,2.0,3
715770,3.0,4
715773,2.0,3
715776,2.0,3
715779,2.0,3
715782,2.0,3
715785,2.0,3
715788,2.0,3
715791,2.0,3
715795,3.0,4
715798,2.0,3
715801,2.0,3
715804,2.0,3
715807,2.0,3
715810,2.0,3
715813,2.0,3
715816,2.0,3
715819,2.0,3
715823,3.0,4
715826,2.0,3
715830,3.0,4
715833,2.0,3
715836,2.0,3
715839,2.0,3
715843,3.0,4
715846,2.0,3
715849,2.0,3
715853,3.0,4
715856,2.0,3
715859,2.0,3
715862,2.0,3
715865,2.0,3
715868,2.0,3
715871,2.0,3
715875,3.0,4
715878,2.0,3
715881,2.0,3
715884,2.0,3
715887,2.0,3
715890,2.0,3
715893,2.0,3
715896,2.0,3
715899,2.0,3
715902,2.0,3
715905,2.0,3
715908,2.0,3
715911,2.0,3
715915,3.0,4
715918,2.0,3
715921,2.0,3
715924,2.0,3
715927,2.0,3
715930,2.0,3
715933,2.0,3
715937,3.0,4
715940,2.0,3
715943,2.0,3
715946,2.0,3
715949,2.0,3
715952,2.0,3
715955,2.0,3
715958,2.0,3
715961,2.0,3
715965,3.0,4
715968,2.0,3
715971,2.0,3
715974,2.0,3
715977,2.0,3
715980,2.0,3
715983,2.0,3
715986,2.0,3
715989,2.0,3
715992,2.0,3
715995,2.0,3
715998,2.0,3
716001,2.0,3
716004,2.0,3
716007,2.0,3
716010,2.0,3
716013,2.0,3
716016,2.0,3
716020,3.0,4
716023,2.0,3
716026,2.0,3
716029,2.0,3
716032,2.0,3
716035,2.0,3
716038,2.0,3
716041,2.0,3
716044,2.0,3
716047,2.0,3
716050,2.0,3
716053,2.0,3
716057,3.0,4
716060,2.0,3
716064,3.0,4
716067,2.0,3
716070,2.0,3
716074,3.0,4
716077,2.0,3
716080,2.0,3
716084,3.0,4
716087,2.0,3
716091,3.0,4
716095,3.0,4
716098,2.0,3
716101,2.0,3
716105,3.0,4
716108,2.0,3
716111,2.0,3
716114,2.0,3
716118,3.0,4
716122,3.0,4
716125,2.0,3
716128,2.0,3
716131,2.0,3
716134,2.0,3
716137,2.0,3
716140,2.0,3
716144,3.0,4
716147,2.0,3
716150,2.0,3
716153,2.0,3
716156,2.0,3
716160,3.0,4
716163,2.0,3
716166,2.0,3
716169,2.0,3
716173,3.0,4
716176,2.0,3
716179,2.0,3
716182,2.0,3
716186,3.0,4
716190,3.0,4
716193,2.0,3
716197,3.0,4
716200,2.0,3
716203,2.0,3
716206,2.0,3
716209,2.0,3
716212,2.0,3
716216,3.0,4
716219,2.0,3
716222,2.0,3
716225,2.0,3
716228,2.0,3
716231,2.0,3
716235,3.0,4
716239,3.0,4
716243,3.0,4
716247,3.0,4
716250,2.0,3
716253,2.0,3
716256,2.0,3
716259,2.0,3
716262,2.0,3
716265,2.0,3
716268,2.0,3
716271,2.0,3
716274,2.0,3
716277,2.0,3
716280,2.0,3
716284,3.0,4
716288,3.0,4
716291,2.0,3
716295,3.0,4
716298,2.0,3
716301,2.0,3
716304,2.0,3
716308,3.0,4
716311,2.0,3
716314,2.0,3
716318,3.0,4
716321,2.0,3
716324,2.0,3
716327,2.0,3
716331,3.0,4
716334,2.0,3
716337,2.0,3
716340,2.0,3
716344,3.0,4
716347,2.0,3
716351,3.0,4
716354,2.0,3
716358,3.0,4
716361,2.0,3
716364,2.0,3
716367,2.0,3
716371,3.0,4
716374,2.0,3
716378,3.0,4
716382,3.0,4
716385,2.0,3
716388,2.0,3
716391,2.0,3
716394,2.0,3
716397,2.0,3
716400,2.0,3
716404,3.0,4
716408,3.0,4
716412,3.0,4
716415,2.0,3
716419,3.0,4
716423,3.0,4
716426,2.0,3
716430,3.0,4
716433,2.0,3
716437,3.0,4
716440,2.0,3
716444,3.0,4
716448,3.0,4
716451,2.0,3
716454,2.0,3
716457,2.0,3
716461,3.0,4
716464,2.0,3
716467,2.0,3
716470,2.0,3
716473,2.0,3
716477,3.0,4
716480,2.0,3
716483,2.0,3
716486,2.0,3
716490,3.0,4
716493,2.0,3
716496,2.0,3
716500,3.0,4
716504,3.0,4
716507,2.0,3
716511,3.0,4
716514,2.0,3
716517,2.0,3
716520,2.0,3
716523,2.0,3
716527,3.0,4
716530,2.0,3
716533,2.0,3
716536,2.0,3
716539,2.0,3
716542,2.0,3
716545,2.0,3
716548,2.0,3
716551,2.0,3
716554,2.0,3
716558,3.0,4
716561,2.0,3
716564,2.0,3
716567,2.0,3
716570,2.0,3
716573,2.0,3
716576,2.0,3
716579,2.0,3
716582,2.0,3
716586,3.0,4
716590,3.0,4
716593,2.0,3
716596,2.0,3
716599,2.0,3
716602,2.0,3
716606,3.0,4
716610,3.0,4
716614,3.0,4
716617,2.0,3
716621,3.0,4
716624,2.0,3
716628,3.0,4
716632,3.0,4
716636,3.0,4
716639,2.0,3
716642,2.0,3
716645,2.0,3
716649,3.0,4
716652,2.0,3
716655,2.0,3
716658,2.0,3
716662,3.0,4
716666,3.0,4
716670,3.0,4
716674,3.0,4
716678,3.0,4
716681,2.0,3
716685,3.0,4
716688,2.0,3
716691,2.0,3
716695,3.0,4
716699,3.0,4
716703,3.0,4
716706,2.0,3
716709,2.0,3
716712,2.0,3
716716,3.0,4
716719,2.0,3
716723,3.0,4
716726,2.0,3
716730,3.0,4
716734,3.0,4
716738,3.0,4
716741,2.0,3
716745,3.0,4
716749,3.0,4
716752,2.0,3
716755,2.0,3
716759,3.0,4
716762,2.0,3
716765,2.0,3
716769,3.0,4
716773,3.0,4
716777,3.0,4
716780,2.0,3
716783,2.0,3
716786,2.0,3
716789,2.0,3
716792,2.0,3
716795,2.0,3
716798,2.0,3
716801,2.0,3
716805,3.0,4
716808,2.0,3
716811,2.0,3
716814,2.0,3
716818,3.0,4
716821,2.0,3
716825,3.0,4
716829,3.0,4
716832,2.0,3
716835,2.0,3
716839,3.0,4
716842,2.0,3
716846,3.0,4
716849,2.0,3
716853,3.0,4
716856,2.0,3
716860,3.0,4
716863,2.0,3
716867,3.0,4
716870,2.0,3
716873,2.0,3
716876,2.0,3
716879,2.0,3
716883,3.0,4
716887,3.0,4
716891,3.0,4
716895,3.0,4
716899,3.0,4
716903,3.0,4
716907,3.0,4
716910,2.0,3
716913,2.0,3
716916,2.0,3
716919,2.0,3
716923,3.0,4
716927,3.0,4
716930,2.0,3
716934,3.0,4
716937,2.0,3
716941,3.0,4
716945,3.0,4
716948,2.0,3
716952,3.0,4
716956,3.0,4
716960,3.0,4
716963,2.0,3
716967,3.0,4
716970,2.0,3
716974,3.0,4
716978,3.0,4
716981,2.0,3
716985,3.0,4
716989,3.0,4
716993,3.0,4
716996,2.0,3
717000,3.0,4
717003,2.0,3
717007,3.0,4
717011,3.0,4
717015,3.0,4
717019,3.0,4
717022,2.0,3
717026,3.0,4
717030,3.0,4
717034,3.0,4
717037,2.0,3
717041,3.0,4
717045,3.0,4
717048,2.0,3
717052,3.0,4
717055,2.0,3
717058,2.0,3
717062,3.0,4
717066,3.0,4
717069,2.0,3
717072,2.0,3
717076,3.0,4
717079,2.0,3
717082,2.0,3
717085,2.0,3
717088,2.0,3
717091,2.0,3
717094,2.0,3
717097,2.0,3
717101,3.0,4
717105,3.0,4
717108,2.0,3
717112,3.0,4
717115,2.0,3
717119,3.0,4
717122,2.0,3
717125,2.0,3
717128,2.0,3
717131,2.0,3
717135,3.0,4
717139,3.0,4
717143,3.0,4
717147,3.0,4
717151,3.0,4
717154,2.0,3
717158,3.0,4
717162,3.0,4
717166,3.0,4
717169,2.0,3
717173,3.0,4
717176,2.0,3
717180,3.0,4
717184,3.0,4
717188,3.0,4
717191,2.0,3
717195,3.0,4
717199,3.0,4
717203,3.0,4
717206,2.0,3
717209,2.0,3
717212,2.0,3
717216,3.0,4
717220,3.0,4
717223,2.0,3
717226,2.0,3
717230,3.0,4
717234,3.0,4
717238,3.0,4
717242,3.0,4
717246,3.0,4
717250,3.0,4
717253,2.0,3
717257,3.0,4
717260,2.0,3
717264,3.0,4
717268,3.0,4
717272,3.0,4
717275,2.0,3
717279,3.0,4
717282,2.0,3
717286,3.0,4
717289,2.0,3
717292,2.0,3
717295,2.0,3
717298,2.0,3
717302,3.0,4
717306,3.0,4
717309,2.0,3
717313,3.0,4
717316,2.0,3
717319,2.0,3
717323,3.0,4
717326,2.0,3
717329,2.0,3
717333,3.0,4
717337,3.0,4
717340,2.0,3
717343,2.0,3
717347,3.0,4
717350,2.0,3
717354,3.0,4
717357,2.0,3
717361,3.0,4
717365,3.0,4
717369,3.0,4
717372,2.0,3
717376,3.0,4
717379,2.0,3
717382,2.0,3
717385,2.0,3
717388,2.0,3
717392,3.0,4
717396,3.0,4
717400,3.0,4
717404,3.0,4
717407,2.0,3
717410,2.0,3
717413,2.0,3
717416,2.0,3
717420,3.0,4
717423,2.0,3
717427,3.0,4
717431,3.0,4
717435,3.0,4
717438,2.0,3
717442,3.0,4
717445,2.0,3
717449,3.0,4
717453,3.0,4
717456,2.0,3
717460,3.0,4
717464,3.0,4
717468,3.0,4
717471,2.0,3
717474,2.0,3
717477,2.0,3
717489,11.0,12
717492,2.0,3
717496,3.0,4
717500,3.0,4
717512,11.0,12
717515,2.0,3
717519,3.0,4
717523,3.0,4
717526,2.0,3
717530,3.0,4
717534,3.0,4
717538,3.0,4
717541,2.0,3
717545,3.0,4
717549,3.0,4
717552,2.0,3
717556,3.0,4
717560,3.0,4
717564,3.0,4
717567,2.0,3
717570,2.0,3
717574,3.0,4
717577,2.0,3
717580,2.0,3
717583,2.0,3
717587,3.0,4
717591,3.0,4
717594,2.0,3
717597,2.0,3
717601,3.0,4
717604,2.0,3
717608,3.0,4
717611,2.0,3
717615,3.0,4
717619,3.0,4
717622,2.0,3
717626,3.0,4
717629,2.0,3
717632,2.0,3
717636,3.0,4
717640,3.0,4
717643,2.0,3
717647,3.0,4
717651,3.0,4
717654,2.0,3
717658,3.0,4
717662,3.0,4
717665,2.0,3
717668,2.0,3
717672,3.0,4
717675,2.0,3
717679,3.0,4
717682,2.0,3
717685,2.0,3
717688,2.0,3
717692,3.0,4
717696,3.0,4
717699,2.0,3
717703,3.0,4
717706,2.0,3
717710,3.0,4
717714,3.0,4
717718,3.0,4
717721,2.0,3
717724,2.0,3
717727,2.0,3
717731,3.0,4
717735,3.0,4
717738,2.0,3
717742,3.0,4
717745,2.0,3
717749,3.0,4
717753,3.0,4
717757,3.0,4
717761,3.0,4
717765,3.0,4
717768,2.0,3
717772,3.0,4
717776,3.0,4
717779,2.0,3
717782,2.0,3
717785,2.0,3
717789,3.0,4
717793,3.0,4
717797,3.0,4
717800,2.0,3
717803,2.0,3
717807,3.0,4
717810,2.0,3
717813,2.0,3
717817,3.0,4
717821,3.0,4
717824,2.0,3
717827,2.0,3
717830,2.0,3
717833,2.0,3
717836,2.0,3
717839,2.0,3
717843,3.0,4
717847,3.0,4
717851,3.0,4
717854,2.0,3
717858,3.0,4
717862,3.0,4
717866,3.0,4
717870,3.0,4
717873,2.0,3
717877,3.0,4
717881,3.0,4
717885,3.0,4
717888,2.0,3
717891,2.0,3
717895,3.0,4
717899,3.0,4
717902,2.0,3
717906,3.0,4
717909,2.0,3
717912,2.0,3
717916,3.0,4
717920,3.0,4
717923,2.0,3
717927,3.0,4
717931,3.0,4
717935,3.0,4
717939,3.0,4
717943,3.0,4
717946,2.0,3
717950,3.0,4
717954,3.0,4
717957,2.0,3
717961,3.0,4
717964,2.0,3
717968,3.0,4
717971,2.0,3
717974,2.0,3
717986,11.0,12
717990,3.0,4
717994,3.0,4
717998,3.0,4
718001,2.0,3
718004,2.0,3
718008,3.0,4
718011,2.0,3
718015,3.0,4
718018,2.0,3
718022,3.0,4
718026,3.0,4
718030,3.0,4
718033,2.0,3
718037,3.0,4
718041,3.0,4
718045,3.0,4
718048,2.0,3
718051,2.0,3
718054,2.0,3
718058,3.0,4
718061,2.0,3
718065,3.0,4
718069,3.0,4
718073,3.0,4
718076,2.0,3
718079,2.0,3
718082,2.0,3
718086,3.0,4
718090,3.0,4
718094,3.0,4
718098,3.0,4
718101,2.0,3
718104,2.0,3
718108,3.0,4
718112,3.0,4
718116,3.0,4
718119,2.0,3
718123,3.0,4
718126,2.0,3
718130,3.0,4
718134,3.0,4
718138,3.0,4
718141,2.0,3
718145,3.0,4
718149,3.0,4
718153,3.0,4
718156,2.0,3
718160,3.0,4
718163,2.0,3
718167,3.0,4
718170,2.0,3
718174,3.0,4
718177,2.0,3
718180,2.0,3
718184,3.0,4
718187,2.0,3
718191,3.0,4
718195,3.0,4
718198,2.0,3
718202,3.0,4
718205,2.0,3
718209,3.0,4
718213,3.0,4
718217,3.0,4
718220,2.0,3
718223,2.0,3
718226,2.0,3
718230,3.0,4
718233,2.0,3
718237,3.0,4
718241,3.0,4
718244,2.0,3
718248,3.0,4
718251,2.0,3
718254,2.0,3
718258,3.0,4
718261,2.0,3
718264,2.0,3
718267,2.0,3
718271,3.0,4
718275,3.0,4
718278,2.0,3
718282,3.0,4
718286,3.0,4
718290,3.0,4
718294,3.0,4
718298,3.0,4
718302,3.0,4
718306,3.0,4
718310,3.0,4
718314,3.0,4
718318,3.0,4
718321,2.0,3
718324,2.0,3
718328,3.0,4
718331,2.0,3
718335,3.0,4
718338,2.0,3
718342,3.0,4
718345,2.0,3
718348,2.0,3
718352,3.0,4
718356,3.0,4
718360,3.0,4
718364,3.0,4
718368,3.0,4
718371,2.0,3
718375,3.0,4
718378,2.0,3
718382,3.0,4
718386,3.0,4
718390,3.0,4
718393,2.0,3
718396,2.0,3
718399,2.0,3
718403,3.0,4
718406,2.0,3
718409,2.0,3
718413,3.0,4
718417,3.0,4
718421,3.0,4
718425,3.0,4
718429,3.0,4
718432,2.0,3
718436,3.0,4
718440,3.0,4
718444,3.0,4
718448,3.0,4
718452,3.0,4
718455,2.0,3
718459,3.0,4
718463,3.0,4
718466,2.0,3
718470,3.0,4
718474,3.0,4
718477,2.0,3
718480,2.0,3
718484,3.0,4
718488,3.0,4
718491,2.0,3
718494,2.0,3
718498,3.0,4
718501,2.0,3
718504,2.0,3
718507,2.0,3
718510,2.0,3
718514,3.0,4
718517,2.0,3
718521,3.0,4
718524,2.0,3
718528,3.0,4
718531,2.0,3
718534,2.0,3
718537,2.0,3
718541,3.0,4
718545,3.0,4
718549,3.0,4
718552,2.0,3
718555,2.0,3
718558,2.0,3
718562,3.0,4
718566,3.0,4
718570,3.0,4
718573,2.0,3
718577,3.0,4
718580,2.0,3
718584,3.0,4
718587,2.0,3
718590,2.0,3
718593,2.0,3
718597,3.0,4
718600,2.0,3
718603,2.0,3
718607,3.0,4
718611,3.0,4
718615,3.0,4
718618,2.0,3
718622,3.0,4
718626,3.0,4
718630,3.0,4
718634,3.0,4
718637,2.0,3
718641,3.0,4
718644,2.0,3
718648,3.0,4
718652,3.0,4
718655,2.0,3
718658,2.0,3
718662,3.0,4
718666,3.0,4
718669,2.0,3
718672,2.0,3
718676,3.0,4
718679,2.0,3
718682,2.0,3
718686,3.0,4
718690,3.0,4
718693,2.0,3
718697,3.0,4
718700,2.0,3
718704,3.0,4
718708,3.0,4
718711,2.0,3
718714,2.0,3
718718,3.0,4
718722,3.0,4
718726,3.0,4
718730,3.0,4
718734,3.0,4
718737,2.0,3
718741,3.0,4
718745,3.0,4
718749,3.0,4
718752,2.0,3
718756,3.0,4
718760,3.0,4
718764,3.0,4
718767,2.0,3
718771,3.0,4
718775,3.0,4
718778,2.0,3
718782,3.0,4
718785,2.0,3
718788,2.0,3
718792,3.0,4
718796,3.0,4
718800,3.0,4
718804,3.0,4
718816,11.0,12
718820,3.0,4
718824,3.0,4
718827,2.0,3
718831,3.0,4
718835,3.0,4
718839,3.0,4
718843,3.0,4
718846,2.0,3
718849,2.0,3
718853,3.0,4
718857,3.0,4
718861,3.0,4
718873,11.0,12
718885,11.0,12
718889,3.0,4
718893,3.0,4
718905,11.0,12
718909,3.0,4
718913,3.0,4
718917,3.0,4
718921,3.0,4
718933,11.0,12
718937,3.0,4
718941,3.0,4
718945,3.0,4
718949,3.0,4
718953,3.0,4
718965,11.0,12
718977,11.0,12
718981,3.0,4
718985,3.0,4
718997,11.0,12
719001,3.0,4
719005,3.0,4
719009,3.0,4
719013,3.0,4
719017,3.0,4
719029,11.0,12
719033,3.0,4
719036,2.0,3
719048,11.0,12
719052,3.0,4
719056,3.0,4
719068,11.0,12
719072,3.0,4
719084,11.0,12
719088,3.0,4
719092,3.0,4
719096,3.0,4
719100,3.0,4
719104,3.0,4
719108,3.0,4
719112,3.0,4
719116,3.0,4
719120,3.0,4
719132,11.0,12
719136,3.0,4
719148,11.0,12
719152,3.0,4
719164,11.0,12
719168,3.0,4
719172,3.0,4
719184,11.0,12
719196,11.0,12
719200,3.0,4
719212,11.0,12
719216,3.0,4
719228,11.0,12
719232,3.0,4
719236,3.0,4
719240,3.0,4
719244,3.0,4
719248,3.0,4
719260,11.0,12
719264,3.0,4
719268,3.0,4
719272,3.0,4
719276,3.0,4
719280,3.0,4
719284,3.0,4
719288,3.0,4
719292,3.0,4
719296,3.0,4
719300,3.0,4
719304,3.0,4
719316,11.0,12
719320,3.0,4
719332,11.0,12
719336,3.0,4
719340,3.0,4
719344,3.0,4
719347,2.0,3
719359,11.0,12
719362,2.0,3
719366,3.0,4
719378,11.0,12
719382,3.0,4
719386,3.0,4
719390,3.0,4
719394,3.0,4
719406,11.0,12
719410,3.0,4
719414,3.0,4
719426,11.0,12
719430,3.0,4
719442,11.0,12
719446,3.0,4
719458,11.0,12
719462,3.0,4
719466,3.0,4
719470,3.0,4
719474,3.0,4
719478,3.0,4
719482,3.0,4
719486,3.0,4
719490,3.0,4
719502,11.0,12
719506,3.0,4
719510,3.0,4
719514,3.0,4
719518,3.0,4
719522,3.0,4
719526,3.0,4
719530,3.0,4
719534,3.0,4
719546,11.0,12
719550,3.0,4
719554,3.0,4
719558,3.0,4
719570,11.0,12
719574,3.0,4
719578,3.0,4
719582,3.0,4
719586,3.0,4
719590,3.0,4
719594,3.0,4
719598,3.0,4
719601,2.0,3
719605,3.0,4
719609,3.0,4
719613,3.0,4
719617,3.0,4
719621,3.0,4
719625,3.0,4
719629,3.0,4
719633,3.0,4
719637,3.0,4
719641,3.0,4
719653,11.0,12
719657,3.0,4
719669,11.0,12
719673,3.0,4
719685,11.0,12
719689,3.0,4
719701,11.0,12
719705,3.0,4
719709,3.0,4
719713,3.0,4
719716,2.0,3
719720,3.0,4
719732,11.0,12
719744,11.0,12
719748,3.0,4
719760,11.0,12
719764,3.0,4
719768,3.0,4
719772,3.0,4
719784,11.0,12
719796,11.0,12
719800,3.0,4
719804,3.0,4
719808,3.0,4
719820,11.0,12
719824,3.0,4
719836,11.0,12
719840,3.0,4
719844,3.0,4
719856,11.0,12
719868,11.0,12
719872,3.0,4
719876,3.0,4
719888,11.0,12
719900,11.0,12
719912,11.0,12
719916,3.0,4
719920,3.0,4
719932,11.0,12
719936,3.0,4
719940,3.0,4
719944,3.0,4
719948,3.0,4
719952,3.0,4
719956,3.0,4
719968,11.0,12
719972,3.0,4
719984,11.0,12
719996,11.0,12
720008,11.0,12
720012,3.0,4
720016,3.0,4
720020,3.0,4
720024,3.0,4
720028,3.0,4
720032,3.0,4
720044,11.0,12
720048,3.0,4
720060,11.0,12
720072,11.0,12
720076,3.0,4
720080,3.0,4
720092,11.0,12
720096,3.0,4
720100,3.0,4
720112,11.0,12
720116,3.0,4
720128,11.0,12
720132,3.0,4
720136,3.0,4
720140,3.0,4
720152,11.0,12
720156,3.0,4
720160,3.0,4
720172,11.0,12
720184,11.0,12
720188,3.0,4
720192,3.0,4
720204,11.0,12
720216,11.0,12
720228,11.0,12
720240,11.0,12
720244,3.0,4
720248,3.0,4
720260,11.0,12
720272,11.0,12
720276,3.0,4
720280,3.0,4
720292,11.0,12
720304,11.0,12
720308,3.0,4
720312,3.0,4
720316,3.0,4
720320,3.0,4
720324,3.0,4
720336,11.0,12
720340,3.0,4
720344,3.0,4
720348,3.0,4
720352,3.0,4
720364,11.0,12
720368,3.0,4
720380,11.0,12
720392,11.0,12
720396,3.0,4
720400,3.0,4
720403,2.0,3
720415,11.0,12
720419,3.0,4
720423,3.0,4
720427,3.0,4
720431,3.0,4
720435,3.0,4
720439,3.0,4
720443,3.0,4
720455,11.0,12
720459,3.0,4
720463,3.0,4
720475,11.0,12
720487,11.0,12
720499,11.0,12
720503,3.0,4
720515,11.0,12
720518,2.0,3
720530,11.0,12
720534,3.0,4
720546,11.0,12
720550,3.0,4
720554,3.0,4
720557,2.0,3
720561,3.0,4
720565,3.0,4
720569,3.0,4
720581,11.0,12
720585,3.0,4
720589,3.0,4
720593,3.0,4
720605,11.0,12
720617,11.0,12
720621,3.0,4
720633,11.0,12
720637,3.0,4
720641,3.0,4
720645,3.0,4
720649,3.0,4
720653,3.0,4
720665,11.0,12
720669,3.0,4
720673,3.0,4
720677,3.0,4
720689,11.0,12
720693,3.0,4
720697,3.0,4
720701,3.0,4
720705,3.0,4
720709,3.0,4
720713,3.0,4
720725,11.0,12
720737,11.0,12
720741,3.0,4
720745,3.0,4
720757,11.0,12
720769,11.0,12
720773,3.0,4
720785,11.0,12
720797,11.0,12
720801,3.0,4
720805,3.0,4
720809,3.0,4
720813,3.0,4
720817,3.0,4
720821,3.0,4
720825,3.0,4
720829,3.0,4
720841,11.0,12
720845,3.0,4
720849,3.0,4
720853,3.0,4
720857,3.0,4
720869,11.0,12
720873,3.0,4
720885,11.0,12
720889,3.0,4
720893,3.0,4
720897,3.0,4
720901,3.0,4
720905,3.0,4
720908,2.0,3
720912,3.0,4
720924,11.0,12
720928,3.0,4
720931,2.0,3
720934,2.0,3
720938,3.0,4
720941,2.0,3
720944,2.0,3
720947,2.0,3
720951,3.0,4
720955,3.0,4
720958,2.0,3
720962,3.0,4
720965,2.0,3
720968,2.0,3
720972,3.0,4
720975,2.0,3
720979,3.0,4
720983,3.0,4
720987,3.0,4
720991,3.0,4
720995,3.0,4
720998,2.0,3
721002,3.0,4
721006,3.0,4
721009,2.0,3
721012,2.0,3
721016,3.0,4
721019,2.0,3
721022,2.0,3
721025,2.0,3
721028,2.0,3
721040,11.0,12
721043,2.0,3
721046,2.0,3
721050,3.0,4
721054,3.0,4
721058,3.0,4
721061,2.0,3
721073,11.0,12
721076,2.0,3
721080,3.0,4
721083,2.0,3
721087,3.0,4
721091,3.0,4
721095,3.0,4
721099,3.0,4
721102,2.0,3
721106,3.0,4
721110,3.0,4
721114,3.0,4
721118,3.0,4
721121,2.0,3
721125,3.0,4
721129,3.0,4
721132,2.0,3
721136,3.0,4
721140,3.0,4
721144,3.0,4
721148,3.0,4
721152,3.0,4
721164,11.0,12
721167,2.0,3
721170,2.0,3
721173,2.0,3
721177,3.0,4
721180,2.0,3
721184,3.0,4
721187,2.0,3
721191,3.0,4
721195,3.0,4
721199,3.0,4
721202,2.0,3
721206,3.0,4
721210,3.0,4
721213,2.0,3
721217,3.0,4
721221,3.0,4
721224,2.0,3
721228,3.0,4
721232,3.0,4
721235,2.0,3
721239,3.0,4
721242,2.0,3
721246,3.0,4
721250,3.0,4
721254,3.0,4
721258,3.0,4
721262,3.0,4
721266,3.0,4
721270,3.0,4
721273,2.0,3
721277,3.0,4
721281,3.0,4
721285,3.0,4
721288,2.0,3
721292,3.0,4
721296,3.0,4
721299,2.0,3
721303,3.0,4
721307,3.0,4
721311,3.0,4
721315,3.0,4
721319,3.0,4
721323,3.0,4
721327,3.0,4
721330,2.0,3
721334,3.0,4
721338,3.0,4
721350,11.0,12
721354,3.0,4
721358,3.0,4
721362,3.0,4
721365,2.0,3
721369,3.0,4
721372,2.0,3
721376,3.0,4
721379,2.0,3
721382,2.0,3
721386,3.0,4
721390,3.0,4
721393,2.0,3
721396,2.0,3
721399,2.0,3
721411,11.0,12
721414,2.0,3
721417,2.0,3
721421,3.0,4
721425,3.0,4
721428,2.0,3
721431,2.0,3
721434,2.0,3
721437,2.0,3
721441,3.0,4
721444,2.0,3
721456,11.0,12
721460,3.0,4
721464,3.0,4
721467,2.0,3
721470,2.0,3
721473,2.0,3
721477,3.0,4
721480,2.0,3
721484,3.0,4
721488,3.0,4
721492,3.0,4
721496,3.0,4
721500,3.0,4
721503,2.0,3
721507,3.0,4
721511,3.0,4
721514,2.0,3
721526,11.0,12
721530,3.0,4
721533,2.0,3
721537,3.0,4
721540,2.0,3
721544,3.0,4
721547,2.0,3
721551,3.0,4
721555,3.0,4
721558,2.0,3
721561,2.0,3
721564,2.0,3
721568,3.0,4
721571,2.0,3
721575,3.0,4
721578,2.0,3
721582,3.0,4
721585,2.0,3
721589,3.0,4
721592,2.0,3
721595,2.0,3
721599,3.0,4
721603,3.0,4
721615,11.0,12
721618,2.0,3
721622,3.0,4
721626,3.0,4
721629,2.0,3
721633,3.0,4
721637,3.0,4
721640,2.0,3
721644,3.0,4
721648,3.0,4
721652,3.0,4
721656,3.0,4
721668,11.0,12
721672,3.0,4
721675,2.0,3
721679,3.0,4
721682,2.0,3
721685,2.0,3
721688,2.0,3
721691,2.0,3
721695,3.0,4
721699,3.0,4
721703,3.0,4
721707,3.0,4
721711,3.0,4
721715,3.0,4
721727,11.0,12
721731,3.0,4
721734,2.0,3
721738,3.0,4
721741,2.0,3
721745,3.0,4
721749,3.0,4
721753,3.0,4
721757,3.0,4
721761,3.0,4
721765,3.0,4
721769,3.0,4
721772,2.0,3
721775,2.0,3
721779,3.0,4
721782,2.0,3
721786,3.0,4
721789,2.0,3
721792,2.0,3
721804,11.0,12
721807,2.0,3
721811,3.0,4
721815,3.0,4
721819,3.0,4
721831,11.0,12
721835,3.0,4
721839,3.0,4
721843,3.0,4
721847,3.0,4
721851,3.0,4
721855,3.0,4
721859,3.0,4
721863,3.0,4
721867,3.0,4
721871,3.0,4
721875,3.0,4
721878,2.0,3
721882,3.0,4
721886,3.0,4
721889,2.0,3
721892,2.0,3
721896,3.0,4
721900,3.0,4
721903,2.0,3
721907,3.0,4
721911,3.0,4
721915,3.0,4
721919,3.0,4
721922,2.0,3
721926,3.0,4
721930,3.0,4
721934,3.0,4
721937,2.0,3
721941,3.0,4
721945,3.0,4
721949,3.0,4
721953,3.0,4
721956,2.0,3
721960,3.0,4
721963,2.0,3
721966,2.0,3
721970,3.0,4
721974,3.0,4
721978,3.0,4
721990,11.0,12
722002,11.0,12
722014,11.0,12
722017,2.0,3
722021,3.0,4
722033,11.0,12
722036,2.0,3
722039,2.0,3
722042,2.0,3
722045,2.0,3
722049,3.0,4
722053,3.0,4
722057,3.0,4
722060,2.0,3
722064,3.0,4
722068,3.0,4
722080,11.0,12
722083,2.0,3
722087,3.0,4
722090,2.0,3
722094,3.0,4
722097,2.0,3
722101,3.0,4
722104,2.0,3
722108,3.0,4
722120,11.0,12
722124,3.0,4
722128,3.0,4
722132,3.0,4
722144,11.0,12
722148,3.0,4
722152,3.0,4
722156,3.0,4
722168,11.0,12
722171,2.0,3
722174,2.0,3
722177,2.0,3
722181,3.0,4
722185,3.0,4
722188,2.0,3
722191,2.0,3
722194,2.0,3
722198,3.0,4
722202,3.0,4
722205,2.0,3
722208,2.0,3
722212,3.0,4
722216,3.0,4
722219,2.0,3
722222,2.0,3
722225,2.0,3
722229,3.0,4
722233,3.0,4
722237,3.0,4
722240,2.0,3
722244,3.0,4
722248,3.0,4
722252,3.0,4
722255,2.0,3
722259,3.0,4
722263,3.0,4
722266,2.0,3
722270,3.0,4
722282,11.0,12
722285,2.0,3
722288,2.0,3
722300,11.0,12
722303,2.0,3
722315,11.0,12
722318,2.0,3
722322,3.0,4
722325,2.0,3
722329,3.0,4
722332,2.0,3
722335,2.0,3
722338,2.0,3
722342,3.0,4
722346,3.0,4
722350,3.0,4
722353,2.0,3
722357,3.0,4
722369,11.0,12
722372,2.0,3
722376,3.0,4
722379,2.0,3
722382,2.0,3
722386,3.0,4
722390,3.0,4
722393,2.0,3
722397,3.0,4
722401,3.0,4
722405,3.0,4
722408,2.0,3
722412,3.0,4
722416,3.0,4
722420,3.0,4
722423,2.0,3
722427,3.0,4
722430,2.0,3
722434,3.0,4
722437,2.0,3
722441,3.0,4
722445,3.0,4
722448,2.0,3
722452,3.0,4
722455,2.0,3
722459,3.0,4
722462,2.0,3
722466,3.0,4
722470,3.0,4
722474,3.0,4
722486,11.0,12
722489,2.0,3
722501,11.0,12
722505,3.0,4
722509,3.0,4
722513,3.0,4
722517,3.0,4
722521,3.0,4
722524,2.0,3
722527,2.0,3
722530,2.0,3
722533,2.0,3
722537,3.0,4
722541,3.0,4
722544,2.0,3
722548,3.0,4
722551,2.0,3
722555,3.0,4
722559,3.0,4
722562,2.0,3
722565,2.0,3
722569,3.0,4
722573,3.0,4
722577,3.0,4
722589,11.0,12
722592,2.0,3
722596,3.0,4
722599,2.0,3
722602,2.0,3
722606,3.0,4
722610,3.0,4
722613,2.0,3
722617,3.0,4
722621,3.0,4
722625,3.0,4
722628,2.0,3
722631,2.0,3
722635,3.0,4
722639,3.0,4
722642,2.0,3
722645,2.0,3
722649,3.0,4
722652,2.0,3
722656,3.0,4
722668,11.0,12
722672,3.0,4
722676,3.0,4
722679,2.0,3
722682,2.0,3
722685,2.0,3
722689,3.0,4
722693,3.0,4
722697,3.0,4
722701,3.0,4
722705,3.0,4
722708,2.0,3
722712,3.0,4
722715,2.0,3
722719,3.0,4
722722,2.0,3
722734,11.0,12
722737,2.0,3
722741,3.0,4
722745,3.0,4
722748,2.0,3
722752,3.0,4
722756,3.0,4
722759,2.0,3
722763,3.0,4
722767,3.0,4
722771,3.0,4
722775,3.0,4
722779,3.0,4
722782,2.0,3
722785,2.0,3
722788,2.0,3
722791,2.0,3
722795,3.0,4
722799,3.0,4
722803,3.0,4
722806,2.0,3
722809,2.0,3
722812,2.0,3
722816,3.0,4
722820,3.0,4
722824,3.0,4
722827,2.0,3
722831,3.0,4
722835,3.0,4
722838,2.0,3
722841,2.0,3
722845,3.0,4
722848,2.0,3
722852,3.0,4
722855,2.0,3
722859,3.0,4
722863,3.0,4
722867,3.0,4
722871,3.0,4
722874,2.0,3
722877,2.0,3
722880,2.0,3
722884,3.0,4
722896,11.0,12
722899,2.0,3
722902,2.0,3
722905,2.0,3
722909,3.0,4
722913,3.0,4
722916,2.0,3
722920,3.0,4
722923,2.0,3
722927,3.0,4
722930,2.0,3
722942,11.0,12
722946,3.0,4
722950,3.0,4
722954,3.0,4
722967,12.0,13
722971,3.0,4
722975,3.0,4
722979,3.0,4
722983,3.0,4
722986,2.0,3
722998,11.0,12
723002,3.0,4
723006,3.0,4
723010,3.0,4
723014,3.0,4
723017,2.0,3
723021,3.0,4
723024,2.0,3
723028,3.0,4
723032,3.0,4
723044,11.0,12
723048,3.0,4
723051,2.0,3
723055,3.0,4
723059,3.0,4
723062,2.0,3
723075,12.0,13
723079,3.0,4
723083,3.0,4
723087,3.0,4
723091,3.0,4
723095,3.0,4
723099,3.0,4
723102,2.0,3
723115,12.0,13
723119,3.0,4
723122,2.0,3
723126,3.0,4
723130,3.0,4
723134,3.0,4
723137,2.0,3
723141,3.0,4
723145,3.0,4
723148,2.0,3
723152,3.0,4
723156,3.0,4
723160,3.0,4
723172,11.0,12
723176,3.0,4
723180,3.0,4
723184,3.0,4
723187,2.0,3
723191,3.0,4
723195,3.0,4
723199,3.0,4
723203,3.0,4
723207,3.0,4
723220,12.0,13
723223,2.0,3
723227,3.0,4
723230,2.0,3
723233,2.0,3
723237,3.0,4
723241,3.0,4
723245,3.0,4
723248,2.0,3
723260,11.0,12
723264,3.0,4
723268,3.0,4
723272,3.0,4
723276,3.0,4
723289,12.0,13
723293,3.0,4
723297,3.0,4
723300,2.0,3
723313,12.0,13
723317,3.0,4
723321,3.0,4
723325,3.0,4
723328,2.0,3
723340,11.0,12
723343,2.0,3
723346,2.0,3
723349,2.0,3
723353,3.0,4
723365,11.0,12
723368,2.0,3
723372,3.0,4
723384,11.0,12
723396,11.0,12
723400,3.0,4
723404,3.0,4
723408,3.0,4
723420,11.0,12
723424,3.0,4
723427,2.0,3
723430,2.0,3
723434,3.0,4
723437,2.0,3
723449,11.0,12
723453,3.0,4
723465,11.0,12
723477,11.0,12
723481,3.0,4
723485,3.0,4
723489,3.0,4
723492,2.0,3
723496,3.0,4
723499,2.0,3
723502,2.0,3
723506,3.0,4
723518,11.0,12
723521,2.0,3
723525,3.0,4
723529,3.0,4
723541,11.0,12
723553,11.0,12
723557,3.0,4
723561,3.0,4
723573,11.0,12
723576,2.0,3
723588,11.0,12
723592,3.0,4
723595,2.0,3
723599,3.0,4
723603,3.0,4
723607,3.0,4
723619,11.0,12
723623,3.0,4
723627,3.0,4
723631,3.0,4
723643,11.0,12
723647,3.0,4
723659,11.0,12
723662,2.0,3
723665,2.0,3
723669,3.0,4
723672,2.0,3
723685,12.0,13
723689,3.0,4
723692,2.0,3
723695,2.0,3
723698,2.0,3
723702,3.0,4
723706,3.0,4
723710,3.0,4
723722,11.0,12
723735,12.0,13
723747,11.0,12
723751,3.0,4
723755,3.0,4
723758,2.0,3
723762,3.0,4
723775,12.0,13
723787,11.0,12
723791,3.0,4
723795,3.0,4
723798,2.0,3
723802,3.0,4
723806,3.0,4
723809,2.0,3
723821,11.0,12
723824,2.0,3
723828,3.0,4
723832,3.0,4
723835,2.0,3
723839,3.0,4
723842,2.0,3
723846,3.0,4
723850,3.0,4
723854,3.0,4
723866,11.0,12
723870,3.0,4
723873,2.0,3
723877,3.0,4
723881,3.0,4
723885,3.0,4
723888,2.0,3
723900,11.0,12
723904,3.0,4
723908,3.0,4
723912,3.0,4
723924,11.0,12
723928,3.0,4
723932,3.0,4
723936,3.0,4
723940,3.0,4
723943,2.0,3
723947,3.0,4
723959,11.0,12
723971,11.0,12
723983,11.0,12
723987,3.0,4
723991,3.0,4
723995,3.0,4
723999,3.0,4
724012,12.0,13
724016,3.0,4
724020,3.0,4
724023,2.0,3
724027,3.0,4
724031,3.0,4
724035,3.0,4
724047,11.0,12
724051,3.0,4
724055,3.0,4
724058,2.0,3
724062,3.0,4
724065,2.0,3
724078,12.0,13
724081,2.0,3
724085,3.0,4
724088,2.0,3
724092,3.0,4
724104,11.0,12
724108,3.0,4
724120,11.0,12
724124,3.0,4
724127,2.0,3
724131,3.0,4
724135,3.0,4
724139,3.0,4
724142,2.0,3
724154,11.0,12
724166,11.0,12
724179,12.0,13
724183,3.0,4
724187,3.0,4
724199,11.0,12
724203,3.0,4
724207,3.0,4
724210,2.0,3
724214,3.0,4
724218,3.0,4
724222,3.0,4
724226,3.0,4
724230,3.0,4
724234,3.0,4
724238,3.0,4
724242,3.0,4
724246,3.0,4
724250,3.0,4
724253,2.0,3
724256,2.0,3
724260,3.0,4
724264,3.0,4
724276,11.0,12
724280,3.0,4
724284,3.0,4
724296,11.0,12
724300,3.0,4
724304,3.0,4
724308,3.0,4
724312,3.0,4
724316,3.0,4
724320,3.0,4
724323,2.0,3
724336,12.0,13
724348,11.0,12
724361,12.0,13
724365,3.0,4
724369,3.0,4
724373,3.0,4
724377,3.0,4
724381,3.0,4
724384,2.0,3
724388,3.0,4
724400,11.0,12
724403,2.0,3
724406,2.0,3
724409,2.0,3
724421,11.0,12
724425,3.0,4
724429,3.0,4
724441,11.0,12
724445,3.0,4
724449,3.0,4
724453,3.0,4
724465,11.0,12
724469,3.0,4
724473,3.0,4
724477,3.0,4
724481,3.0,4
724484,2.0,3
724488,3.0,4
724500,11.0,12
724504,3.0,4
724508,3.0,4
724512,3.0,4
724516,3.0,4
724520,3.0,4
724524,3.0,4
724528,3.0,4
724532,3.0,4
724535,2.0,3
724538,2.0,3
724550,11.0,12
724553,2.0,3
724565,11.0,12
724568,2.0,3
724572,3.0,4
724576,3.0,4
724579,2.0,3
724591,11.0,12
724595,3.0,4
724599,3.0,4
724603,3.0,4
724607,3.0,4
724619,11.0,12
724631,11.0,12
724635,3.0,4
724639,3.0,4
724643,3.0,4
724647,3.0,4
724660,12.0,13
724664,3.0,4
724676,11.0,12
724680,3.0,4
724684,3.0,4
724687,2.0,3
724691,3.0,4
724695,3.0,4
724707,11.0,12
724710,2.0,3
724722,11.0,12
724725,2.0,3
724729,3.0,4
724733,3.0,4
724737,3.0,4
724741,3.0,4
724744,2.0,3
724748,3.0,4
724752,3.0,4
724756,3.0,4
724760,3.0,4
724764,3.0,4
724768,3.0,4
724772,3.0,4
724776,3.0,4
724780,3.0,4
724783,2.0,3
724786,2.0,3
724790,3.0,4
724802,11.0,12
724806,3.0,4
724818,11.0,12
724822,3.0,4
724826,3.0,4
724830,3.0,4
724834,3.0,4
724837,2.0,3
724849,11.0,12
724853,3.0,4
724865,11.0,12
724869,3.0,4
724873,3.0,4
724877,3.0,4
724881,3.0,4
724885,3.0,4
724889,3.0,4
724892,2.0,3
724896,3.0,4
724900,3.0,4
724904,3.0,4
724907,2.0,3
724911,3.0,4
724923,11.0,12
724927,3.0,4
724930,2.0,3
724933,2.0,3
724936,2.0,3
724940,3.0,4
724952,11.0,12
724956,3.0,4
724959,2.0,3
724963,3.0,4
724975,11.0,12
724979,3.0,4
724983,3.0,4
724986,2.0,3
724989,2.0,3
724993,3.0,4
724997,3.0,4
725000,2.0,3
725004,3.0,4
725008,3.0,4
725012,3.0,4
725024,11.0,12
725028,3.0,4
725032,3.0,4
725036,3.0,4
725040,3.0,4
725043,2.0,3
725047,3.0,4
725051,3.0,4
725055,3.0,4
725058,2.0,3
725062,3.0,4
725074,11.0,12
725077,2.0,3
725081,3.0,4
725085,3.0,4
725089,3.0,4
725101,11.0,12
725105,3.0,4
725109,3.0,4
725113,3.0,4
725125,11.0,12
725129,3.0,4
725133,3.0,4
725137,3.0,4
725140,2.0,3
725144,3.0,4
725148,3.0,4
725152,3.0,4
725156,3.0,4
725160,3.0,4
725172,11.0,12
725176,3.0,4
725180,3.0,4
725184,3.0,4
725188,3.0,4
725191,2.0,3
725195,3.0,4
725199,3.0,4
725211,11.0,12
725223,11.0,12
725227,3.0,4
725231,3.0,4
725243,11.0,12
725246,2.0,3
725250,3.0,4
725253,2.0,3
725257,3.0,4
725261,3.0,4
725265,3.0,4
725269,3.0,4
725272,2.0,3
725276,3.0,4
725280,3.0,4
725284,3.0,4
725296,11.0,12
725299,2.0,3
725303,3.0,4
725315,11.0,12
725319,3.0,4
725323,3.0,4
725327,3.0,4
725331,3.0,4
725335,3.0,4
725339,3.0,4
725343,3.0,4
725347,3.0,4
725351,3.0,4
725355,3.0,4
725359,3.0,4
725363,3.0,4
725367,3.0,4
725371,3.0,4
725374,2.0,3
725378,3.0,4
725390,11.0,12
725393,2.0,3
725396,2.0,3
725399,2.0,3
725403,3.0,4
725407,3.0,4
725411,3.0,4
725415,3.0,4
725427,11.0,12
725439,11.0,12
725443,3.0,4
725447,3.0,4
725451,3.0,4
725464,12.0,13
725468,3.0,4
725472,3.0,4
725476,3.0,4
725480,3.0,4
725483,2.0,3
725487,3.0,4
725491,3.0,4
725494,2.0,3
725506,11.0,12
725510,3.0,4
725522,11.0,12
725526,3.0,4
725530,3.0,4
725534,3.0,4
725538,3.0,4
725542,3.0,4
725546,3.0,4
725550,3.0,4
725562,11.0,12
725566,3.0,4
725570,3.0,4
725574,3.0,4
725586,11.0,12
725590,3.0,4
725594,3.0,4
725598,3.0,4
725601,2.0,3
725605,3.0,4
725608,2.0,3
725620,11.0,12
725632,11.0,12
725644,11.0,12
725648,3.0,4
725652,3.0,4
725656,3.0,4
725660,3.0,4
725664,3.0,4
725668,3.0,4
725672,3.0,4
725676,3.0,4
725680,3.0,4
725684,3.0,4
725696,11.0,12
725700,3.0,4
725703,2.0,3
725715,11.0,12
725719,3.0,4
725723,3.0,4
725727,3.0,4
725731,3.0,4
725735,3.0,4
725739,3.0,4
725743,3.0,4
725746,2.0,3
725750,3.0,4
725754,3.0,4
725757,2.0,3
725760,2.0,3
725763,2.0,3
725767,3.0,4
725771,3.0,4
725774,2.0,3
725778,3.0,4
725782,3.0,4
725794,11.0,12
725798,3.0,4
725802,3.0,4
725805,2.0,3
725817,11.0,12
725829,11.0,12
725833,3.0,4
725837,3.0,4
725840,2.0,3
725844,3.0,4
725848,3.0,4
725852,3.0,4
725855,2.0,3
725858,2.0,3
725862,3.0,4
725865,2.0,3
725869,3.0,4
725873,3.0,4
725876,2.0,3
725880,3.0,4
725884,3.0,4
725896,11.0,12
725900,3.0,4
725903,2.0,3
725907,3.0,4
725911,3.0,4
725914,2.0,3
725918,3.0,4
725922,3.0,4
725934,11.0,12
725937,2.0,3
725949,11.0,12
725953,3.0,4
725957,3.0,4
725961,3.0,4
725965,3.0,4
725969,3.0,4
725981,11.0,12
725985,3.0,4
725988,2.0,3
726000,11.0,12
726004,3.0,4
726008,3.0,4
726012,3.0,4
726024,11.0,12
726036,11.0,12
726040,3.0,4
726044,3.0,4
726048,3.0,4
726060,11.0,12
726072,11.0,12
726075,2.0,3
726079,3.0,4
726083,3.0,4
726087,3.0,4
726090,2.0,3
726094,3.0,4
726097,2.0,3
726101,3.0,4
726105,3.0,4
726109,3.0,4
726121,11.0,12
726125,3.0,4
726129,3.0,4
726132,2.0,3
726136,3.0,4
726140,3.0,4
726144,3.0,4
726157,12.0,13
726160,2.0,3
726163,2.0,3
726175,11.0,12
726179,3.0,4
726183,3.0,4
726187,3.0,4
726191,3.0,4
726195,3.0,4
726199,3.0,4
726203,3.0,4
726215,11.0,12
726219,3.0,4
726222,2.0,3
726226,3.0,4
726230,3.0,4
726234,3.0,4
726238,3.0,4
726241,2.0,3
726253,11.0,12
726257,3.0,4
726261,3.0,4
726264,2.0,3
726267,2.0,3
726271,3.0,4
726275,3.0,4
726279,3.0,4
726292,12.0,13
726296,3.0,4
726300,3.0,4
726304,3.0,4
726308,3.0,4
726321,12.0,13
726325,3.0,4
726328,2.0,3
726341,12.0,13
726353,11.0,12
726357,3.0,4
726361,3.0,4
726364,2.0,3
726368,3.0,4
726380,11.0,12
726393,12.0,13
726405,11.0,12
726417,11.0,12
726420,2.0,3
726424,3.0,4
726428,3.0,4
726431,2.0,3
726434,2.0,3
726438,3.0,4
726441,2.0,3
726445,3.0,4
726449,3.0,4
726462,12.0,13
726466,3.0,4
726469,2.0,3
726473,3.0,4
726477,3.0,4
726481,3.0,4
726493,11.0,12
726497,3.0,4
726500,2.0,3
726512,11.0,12
726515,2.0,3
726518,2.0,3
726521,2.0,3
726525,3.0,4
726528,2.0,3
726532,3.0,4
726545,12.0,13
726557,11.0,12
726560,2.0,3
726564,3.0,4
726568,3.0,4
726572,3.0,4
726576,3.0,4
726579,2.0,3
726582,2.0,3
726594,11.0,12
726598,3.0,4
726602,3.0,4
726606,3.0,4
726609,2.0,3
726613,3.0,4
726617,3.0,4
726621,3.0,4
726625,3.0,4
726629,3.0,4
726641,11.0,12
726645,3.0,4
726649,3.0,4
726652,2.0,3
726655,2.0,3
726667,11.0,12
726670,2.0,3
726674,3.0,4
726678,3.0,4
726691,12.0,13
726695,3.0,4
726699,3.0,4
726702,2.0,3
726706,3.0,4
726710,3.0,4
726714,3.0,4
726718,3.0,4
726730,11.0,12
726734,3.0,4
726746,11.0,12
726750,3.0,4
726754,3.0,4
726758,3.0,4
726762,3.0,4
726766,3.0,4
726770,3.0,4
726774,3.0,4
726786,11.0,12
726790,3.0,4
726794,3.0,4
726798,3.0,4
726802,3.0,4
726806,3.0,4
726818,11.0,12
726822,3.0,4
726826,3.0,4
726838,11.0,12
726842,3.0,4
726846,3.0,4
726858,11.0,12
726861,2.0,3
726865,3.0,4
726877,11.0,12
726881,3.0,4
726885,3.0,4
726889,3.0,4
726893,3.0,4
726897,3.0,4
726900,2.0,3
726904,3.0,4
726908,3.0,4
726912,3.0,4
726916,3.0,4
726920,3.0,4
726932,11.0,12
726936,3.0,4
726940,3.0,4
726944,3.0,4
726948,3.0,4
726951,2.0,3
726955,3.0,4
726959,3.0,4
726971,11.0,12
726975,3.0,4
726979,3.0,4
726983,3.0,4
726987,3.0,4
726990,2.0,3
726994,3.0,4
727006,11.0,12
727018,11.0,12
727030,11.0,12
727042,11.0,12
727046,3.0,4
727049,2.0,3
727053,3.0,4
727057,3.0,4
727060,2.0,3
727064,3.0,4
727068,3.0,4
727072,3.0,4
727076,3.0,4
727080,3.0,4
727084,3.0,4
727087,2.0,3
727091,3.0,4
727095,3.0,4
727099,3.0,4
727112,12.0,13
727116,3.0,4
727120,3.0,4
727123,2.0,3
727127,3.0,4
727131,3.0,4
727144,12.0,13
727148,3.0,4
727152,3.0,4
727165,12.0,13
727169,3.0,4
727173,3.0,4
727177,3.0,4
727181,3.0,4
727185,3.0,4
727189,3.0,4
727193,3.0,4
727197,3.0,4
727201,3.0,4
727204,2.0,3
727208,3.0,4
727212,3.0,4
727225,12.0,13
727238,12.0,13
727242,3.0,4
727246,3.0,4
727249,2.0,3
727252,2.0,3
727265,12.0,13
727268,2.0,3
727272,3.0,4
727275,2.0,3
727288,12.0,13
727292,3.0,4
727295,2.0,3
727299,3.0,4
727302,2.0,3
727305,2.0,3
727308,2.0,3
727321,12.0,13
727325,3.0,4
727329,3.0,4
727333,3.0,4
727337,3.0,4
727350,12.0,13
727354,3.0,4
727358,3.0,4
727362,3.0,4
727366,3.0,4
727370,3.0,4
727374,3.0,4
727378,3.0,4
727382,3.0,4
727386,3.0,4
727399,12.0,13
727402,2.0,3
727415,12.0,13
727419,3.0,4
727423,3.0,4
727436,12.0,13
727440,3.0,4
727453,12.0,13
727457,3.0,4
727470,12.0,13
727474,3.0,4
727487,12.0,13
727500,12.0,13
727504,3.0,4
727517,12.0,13
727521,3.0,4
727525,3.0,4
727529,3.0,4
727533,3.0,4
727537,3.0,4
727540,2.0,3
727544,3.0,4
727557,12.0,13
727570,12.0,13
727573,2.0,3
727577,3.0,4
727581,3.0,4
727585,3.0,4
727598,12.0,13
727602,3.0,4
727615,12.0,13
727619,3.0,4
727623,3.0,4
727636,12.0,13
727649,12.0,13
727652,2.0,3
727656,3.0,4
727660,3.0,4
727664,3.0,4
727668,3.0,4
727672,3.0,4
727675,2.0,3
727679,3.0,4
727683,3.0,4
727687,3.0,4
727691,3.0,4
727695,3.0,4
727699,3.0,4
727702,2.0,3
727706,3.0,4
727710,3.0,4
727714,3.0,4
727727,12.0,13
727731,3.0,4
727735,3.0,4
727739,3.0,4
727743,3.0,4
727747,3.0,4
727750,2.0,3
727753,2.0,3
727756,2.0,3
727759,2.0,3
727763,3.0,4
727776,12.0,13
727780,3.0,4
727784,3.0,4
727787,2.0,3
727790,2.0,3
727793,2.0,3
727797,3.0,4
727801,3.0,4
727804,2.0,3
727808,3.0,4
727821,12.0,13
727824,2.0,3
727828,3.0,4
727832,3.0,4
727836,3.0,4
727840,3.0,4
727844,3.0,4
727848,3.0,4
727852,3.0,4
727856,3.0,4
727860,3.0,4
727863,2.0,3
727867,3.0,4
727880,12.0,13
727884,3.0,4
727887,2.0,3
727891,3.0,4
727894,2.0,3
727898,3.0,4
727911,12.0,13
727915,3.0,4
727918,2.0,3
727922,3.0,4
727935,12.0,13
727939,3.0,4
727943,3.0,4
727947,3.0,4
727951,3.0,4
727955,3.0,4
727959,3.0,4
727963,3.0,4
727967,3.0,4
727971,3.0,4
727975,3.0,4
727979,3.0,4
727983,3.0,4
727987,3.0,4
727991,3.0,4
727995,3.0,4
728008,12.0,13
728012,3.0,4
728016,3.0,4
728029,12.0,13
728042,12.0,13
728046,3.0,4
728050,3.0,4
728063,12.0,13
728067,3.0,4
728071,3.0,4
728075,3.0,4
728079,3.0,4
728083,3.0,4
728087,3.0,4
728091,3.0,4
728095,3.0,4
728098,2.0,3
728102,3.0,4
728105,2.0,3
728109,3.0,4
728113,3.0,4
728117,3.0,4
728121,3.0,4
728134,12.0,13
728147,12.0,13
728160,12.0,13
728173,12.0,13
728176,2.0,3
728180,3.0,4
728193,12.0,13
728197,3.0,4
728201,3.0,4
728214,12.0,13
728218,3.0,4
728222,3.0,4
728225,2.0,3
728228,2.0,3
728241,12.0,13
728245,3.0,4
728249,3.0,4
728253,3.0,4
728256,2.0,3
728259,2.0,3
728263,3.0,4
728267,3.0,4
728280,12.0,13
728284,3.0,4
728288,3.0,4
728292,3.0,4
728296,3.0,4
728300,3.0,4
728313,12.0,13
728316,2.0,3
728320,3.0,4
728323,2.0,3
728336,12.0,13
728340,3.0,4
728344,3.0,4
728347,2.0,3
728351,3.0,4
728364,12.0,13
728377,12.0,13
728381,3.0,4
728384,2.0,3
728388,3.0,4
728392,3.0,4
728396,3.0,4
728409,12.0,13
728413,3.0,4
728417,3.0,4
728420,2.0,3
728433,12.0,13
728437,3.0,4
728441,3.0,4
728445,3.0,4
728449,3.0,4
728453,3.0,4
728466,12.0,13
728470,3.0,4
728474,3.0,4
728478,3.0,4
728482,3.0,4
728495,12.0,13
728499,3.0,4
728503,3.0,4
728507,3.0,4
728511,3.0,4
728515,3.0,4
728519,3.0,4
728523,3.0,4
728527,3.0,4
728530,2.0,3
728534,3.0,4
728538,3.0,4
728542,3.0,4
728546,3.0,4
728550,3.0,4
728554,3.0,4
728558,3.0,4
728571,12.0,13
728575,3.0,4
728579,3.0,4
728592,12.0,13
728605,12.0,13
728608,2.0,3
728612,3.0,4
728625,12.0,13
728629,3.0,4
728633,3.0,4
728636,2.0,3
728640,3.0,4
728653,12.0,13
728657,3.0,4
728661,3.0,4
728665,3.0,4
728669,3.0,4
728682,12.0,13
728685,2.0,3
728689,3.0,4
728702,12.0,13
728706,3.0,4
728710,3.0,4
728713,2.0,3
728717,3.0,4
728721,3.0,4
728724,2.0,3
728728,3.0,4
728732,3.0,4
728736,3.0,4
728740,3.0,4
728753,12.0,13
728766,12.0,13
728770,3.0,4
728774,3.0,4
728778,3.0,4
728791,12.0,13
728794,2.0,3
728798,3.0,4
728801,2.0,3
728805,3.0,4
728809,3.0,4
728813,3.0,4
728817,3.0,4
728820,2.0,3
728824,3.0,4
728828,3.0,4
728831,2.0,3
728835,3.0,4
728848,12.0,13
728852,3.0,4
728856,3.0,4
728859,2.0,3
728872,12.0,13
728885,12.0,13
728889,3.0,4
728893,3.0,4
728897,3.0,4
728901,3.0,4
728905,3.0,4
728909,3.0,4
728913,3.0,4
728926,12.0,13
728930,3.0,4
728934,3.0,4
728937,2.0,3
728941,3.0,4
728954,12.0,13
728958,3.0,4
728962,3.0,4
728966,3.0,4
728979,12.0,13
728992,12.0,13
728996,3.0,4
729000,3.0,4
729004,3.0,4
729008,3.0,4
729012,3.0,4
729025,12.0,13
729038,12.0,13
729042,3.0,4
729045,2.0,3
729049,3.0,4
729053,3.0,4
729057,3.0,4
729060,2.0,3
729064,3.0,4
729068,3.0,4
729071,2.0,3
729075,3.0,4
729079,3.0,4
729083,3.0,4
729086,2.0,3
729098,11.0,12
729110,11.0,12
729114,3.0,4
729118,3.0,4
729131,12.0,13
729144,12.0,13
729157,12.0,13
729160,2.0,3
729173,12.0,13
729177,3.0,4
729181,3.0,4
729185,3.0,4
729189,3.0,4
729192,2.0,3
729195,2.0,3
729198,2.0,3
729201,2.0,3
729205,3.0,4
729218,12.0,13
729222,3.0,4
729235,12.0,13
729248,12.0,13
729251,2.0,3
729255,3.0,4
729259,3.0,4
729272,12.0,13
729276,3.0,4
729280,3.0,4
729284,3.0,4
729288,3.0,4
729292,3.0,4
729305,12.0,13
729309,3.0,4
729312,2.0,3
729316,3.0,4
729320,3.0,4
729324,3.0,4
729328,3.0,4
729332,3.0,4
729336,3.0,4
729349,12.0,13
729353,3.0,4
729356,2.0,3
729360,3.0,4
729364,3.0,4
729367,2.0,3
729371,3.0,4
729375,3.0,4
729379,3.0,4
729392,12.0,13
729396,3.0,4
729409,12.0,13
729412,2.0,3
729416,3.0,4
729419,2.0,3
729423,3.0,4
729427,3.0,4
729431,3.0,4
729434,2.0,3
729437,2.0,3
729440,2.0,3
729444,3.0,4
729447,2.0,3
729460,12.0,13
729463,2.0,3
729476,12.0,13
729479,2.0,3
729483,3.0,4
729495,11.0,12
729499,3.0,4
729503,3.0,4
729507,3.0,4
729520,12.0,13
729524,3.0,4
729537,12.0,13
729541,3.0,4
729545,3.0,4
729558,12.0,13
729562,3.0,4
729575,12.0,13
729588,12.0,13
729592,3.0,4
729605,12.0,13
729618,12.0,13
729622,3.0,4
729635,12.0,13
729639,3.0,4
729643,3.0,4
729646,2.0,3
729649,2.0,3
729653,3.0,4
729666,12.0,13
729679,12.0,13
729683,3.0,4
729687,3.0,4
729691,3.0,4
729704,12.0,13
729707,2.0,3
729710,2.0,3
729714,3.0,4
729717,2.0,3
729721,3.0,4
729734,12.0,13
729737,2.0,3
729741,3.0,4
729754,12.0,13
729758,3.0,4
729762,3.0,4
729766,3.0,4
729770,3.0,4
729774,3.0,4
729777,2.0,3
729781,3.0,4
729785,3.0,4
729788,2.0,3
729792,3.0,4
729796,3.0,4
729800,3.0,4
729813,12.0,13
729817,3.0,4
729830,12.0,13
729833,2.0,3
729837,3.0,4
729850,12.0,13
729854,3.0,4
729858,3.0,4
729862,3.0,4
729866,3.0,4
729870,3.0,4
729874,3.0,4
729878,3.0,4
729882,3.0,4
729885,2.0,3
729889,3.0,4
729893,3.0,4
729896,2.0,3
729900,3.0,4
729913,12.0,13
729917,3.0,4
729921,3.0,4
729934,12.0,13
729938,3.0,4
729941,2.0,3
729944,2.0,3
729948,3.0,4
729960,11.0,12
729964,3.0,4
729977,12.0,13
729980,2.0,3
729984,3.0,4
729988,3.0,4
729992,3.0,4
729996,3.0,4
730009,12.0,13
730013,3.0,4
730017,3.0,4
730020,2.0,3
730024,3.0,4
730027,2.0,3
730030,2.0,3
730034,3.0,4
730047,12.0,13
730051,3.0,4
730055,3.0,4
730058,2.0,3
730062,3.0,4
730075,12.0,13
730078,2.0,3
730091,12.0,13
730095,3.0,4
730099,3.0,4
730103,3.0,4
730106,2.0,3
730110,3.0,4
730123,12.0,13
730127,3.0,4
730131,3.0,4
730135,3.0,4
730138,2.0,3
730142,3.0,4
730146,3.0,4
730150,3.0,4
730154,3.0,4
730157,2.0,3
730161,3.0,4
730165,3.0,4
730169,3.0,4
730173,3.0,4
730177,3.0,4
730181,3.0,4
730194,12.0,13
730198,3.0,4
730202,3.0,4
730206,3.0,4
730210,3.0,4
730214,3.0,4
730218,3.0,4
730222,3.0,4
730225,2.0,3
730229,3.0,4
730232,2.0,3
730235,2.0,3
730238,2.0,3
730242,3.0,4
730245,2.0,3
730249,3.0,4
730252,2.0,3
730256,3.0,4
730260,3.0,4
730264,3.0,4
730268,3.0,4
730271,2.0,3
730284,12.0,13
730287,2.0,3
730291,3.0,4
730304,12.0,13
730307,2.0,3
730311,3.0,4
730315,3.0,4
730328,12.0,13
730331,2.0,3
730335,3.0,4
730348,12.0,13
730351,2.0,3
730355,3.0,4
730358,2.0,3
730361,2.0,3
730365,3.0,4
730369,3.0,4
730373,3.0,4
730377,3.0,4
730381,3.0,4
730394,12.0,13
730397,2.0,3
730401,3.0,4
730404,2.0,3
730408,3.0,4
730412,3.0,4
730416,3.0,4
730420,3.0,4
730424,3.0,4
730427,2.0,3
730431,3.0,4
730435,3.0,4
730439,3.0,4
730443,3.0,4
730447,3.0,4
730451,3.0,4
730455,3.0,4
730458,2.0,3
730462,3.0,4
730466,3.0,4
730470,3.0,4
730473,2.0,3
730477,3.0,4
730481,3.0,4
730485,3.0,4
730489,3.0,4
730493,3.0,4
730497,3.0,4
730501,3.0,4
730505,3.0,4
730509,3.0,4
730512,2.0,3
730516,3.0,4
730520,3.0,4
730524,3.0,4
730528,3.0,4
730532,3.0,4
730545,12.0,13
730549,3.0,4
730552,2.0,3
730564,11.0,12
730568,3.0,4
730581,12.0,13
730585,3.0,4
730598,12.0,13
730601,2.0,3
730605,3.0,4
730608,2.0,3
730621,12.0,13
730625,3.0,4
730629,3.0,4
730642,12.0,13
730646,3.0,4
730650,3.0,4
730654,3.0,4
730657,2.0,3
730661,3.0,4
730664,2.0,3
730677,12.0,13
730681,3.0,4
730685,3.0,4
730698,12.0,13
730702,3.0,4
730705,2.0,3
730709,3.0,4
730713,3.0,4
730717,3.0,4
730721,3.0,4
730734,12.0,13
730738,3.0,4
730741,2.0,3
730745,3.0,4
730749,3.0,4
730753,3.0,4
730766,12.0,13
730770,3.0,4
730774,3.0,4
730778,3.0,4
730781,2.0,3
730794,12.0,13
730798,3.0,4
730801,2.0,3
730805,3.0,4
730808,2.0,3
730812,3.0,4
730816,3.0,4
730820,3.0,4
730833,12.0,13
730837,3.0,4
730840,2.0,3
730843,2.0,3
730856,12.0,13
730860,3.0,4
730873,12.0,13
730877,3.0,4
730881,3.0,4
730884,2.0,3
730888,3.0,4
730892,3.0,4
730896,3.0,4
730909,12.0,13
730913,3.0,4
730917,3.0,4
730921,3.0,4
730925,3.0,4
730929,3.0,4
730933,3.0,4
730936,2.0,3
730940,3.0,4
730953,12.0,13
730956,2.0,3
730960,3.0,4
730964,3.0,4
730968,3.0,4
730972,3.0,4
730975,2.0,3
730979,3.0,4
730983,3.0,4
730987,3.0,4
731000,12.0,13
731013,12.0,13
731026,12.0,13
731029,2.0,3
731033,3.0,4
731037,3.0,4
731041,3.0,4
731044,2.0,3
731057,12.0,13
731070,12.0,13
731074,3.0,4
731077,2.0,3
731081,3.0,4
731085,3.0,4
731088,2.0,3
731092,3.0,4
731096,3.0,4
731108,11.0,12
731111,2.0,3
731114,2.0,3
731118,3.0,4
731122,3.0,4
731135,12.0,13
731139,3.0,4
731152,12.0,13
731156,3.0,4
731160,3.0,4
731164,3.0,4
731168,3.0,4
731172,3.0,4
731176,3.0,4
731180,3.0,4
731184,3.0,4
731187,2.0,3
731191,3.0,4
731195,3.0,4
731198,2.0,3
731202,3.0,4
731206,3.0,4
731219,12.0,13
731223,3.0,4
731227,3.0,4
731231,3.0,4
731235,3.0,4
731239,3.0,4
731243,3.0,4
731256,12.0,13
731260,3.0,4
731264,3.0,4
731268,3.0,4
731272,3.0,4
731276,3.0,4
731280,3.0,4
731284,3.0,4
731297,12.0,13
731300,2.0,3
731304,3.0,4
731317,12.0,13
731320,2.0,3
731324,3.0,4
731328,3.0,4
731332,3.0,4
731336,3.0,4
731340,3.0,4
731353,12.0,13
731357,3.0,4
731361,3.0,4
731365,3.0,4
731368,2.0,3
731372,3.0,4
731376,3.0,4
731380,3.0,4
731384,3.0,4
731388,3.0,4
731392,3.0,4
731396,3.0,4
731400,3.0,4
731404,3.0,4
731417,12.0,13
731421,3.0,4
731434,12.0,13
731447,12.0,13
731451,3.0,4
731454,2.0,3
731458,3.0,4
731462,3.0,4
731466,3.0,4
731470,3.0,4
731483,12.0,13
731487,3.0,4
731491,3.0,4
731504,12.0,13
731517,12.0,13
731521,3.0,4
731524,2.0,3
731528,3.0,4
731532,3.0,4
731536,3.0,4
731540,3.0,4
731544,3.0,4
731557,12.0,13
731570,12.0,13
731574,3.0,4
731578,3.0,4
731582,3.0,4
731586,3.0,4
731599,12.0,13
731612,12.0,13
731615,2.0,3
731619,3.0,4
731623,3.0,4
731626,2.0,3
731639,12.0,13
731652,12.0,13
731656,3.0,4
731669,12.0,13
731672,2.0,3
731685,12.0,13
731689,3.0,4
731693,3.0,4
731696,2.0,3
731700,3.0,4
731704,3.0,4
731708,3.0,4
731712,3.0,4
731716,3.0,4
731720,3.0,4
731733,12.0,13
731737,3.0,4
731741,3.0,4
731745,3.0,4
731748,2.0,3
731752,3.0,4
731756,3.0,4
731759,2.0,3
731772,12.0,13
731776,3.0,4
731789,12.0,13
731793,3.0,4
731797,3.0,4
731801,3.0,4
731814,12.0,13
731818,3.0,4
731831,12.0,13
731844,12.0,13
731857,12.0,13
731861,3.0,4
731865,3.0,4
731869,3.0,4
731873,3.0,4
731877,3.0,4
731880,2.0,3
731884,3.0,4
731888,3.0,4
731892,3.0,4
731896,3.0,4
731900,3.0,4
731904,3.0,4
731917,12.0,13
731921,3.0,4
731925,3.0,4
731929,3.0,4
731933,3.0,4
731937,3.0,4
731941,3.0,4
731954,12.0,13
731957,2.0,3
731961,3.0,4
731965,3.0,4
731969,3.0,4
731972,2.0,3
731976,3.0,4
731979,2.0,3
731992,12.0,13
731996,3.0,4
732009,12.0,13
732013,3.0,4
732016,2.0,3
732020,3.0,4
732024,3.0,4
732037,12.0,13
732041,3.0,4
732045,3.0,4
732049,3.0,4
732062,12.0,13
732066,3.0,4
732070,3.0,4
732083,12.0,13
732087,3.0,4
732091,3.0,4
732095,3.0,4
732099,3.0,4
732103,3.0,4
732107,3.0,4
732111,3.0,4
732115,3.0,4
732118,2.0,3
732131,12.0,13
732144,12.0,13
732157,12.0,13
732161,3.0,4
732174,12.0,13
732177,2.0,3
732181,3.0,4
732185,3.0,4
732189,3.0,4
732192,2.0,3
732196,3.0,4
732209,12.0,13
732212,2.0,3
732216,3.0,4
732220,3.0,4
732233,12.0,13
732237,3.0,4
732241,3.0,4
732244,2.0,3
732247,2.0,3
732251,3.0,4
732254,2.0,3
732258,3.0,4
732262,3.0,4
732275,12.0,13
732288,12.0,13
732301,12.0,13
732305,3.0,4
732309,3.0,4
732313,3.0,4
732317,3.0,4
732321,3.0,4
732325,3.0,4
732329,3.0,4
732332,2.0,3
732336,3.0,4
732340,3.0,4
732344,3.0,4
732347,2.0,3
732351,3.0,4
732355,3.0,4
732359,3.0,4
732363,3.0,4
732367,3.0,4
732371,3.0,4
732375,3.0,4
732378,2.0,3
732382,3.0,4
732395,12.0,13
732408,12.0,13
732421,12.0,13
732434,12.0,13
732438,3.0,4
732442,3.0,4
732446,3.0,4
732450,3.0,4
732463,12.0,13
732476,12.0,13
732480,3.0,4
732484,3.0,4
732488,3.0,4
732491,2.0,3
732495,3.0,4
732508,12.0,13
732512,3.0,4
732516,3.0,4
732520,3.0,4
732524,3.0,4
732537,12.0,13
732541,3.0,4
732545,3.0,4
732549,3.0,4
732553,3.0,4
732566,12.0,13
732579,12.0,13
732583,3.0,4
732586,2.0,3
732590,3.0,4
732603,12.0,13
732607,3.0,4
732611,3.0,4
732615,3.0,4
732619,3.0,4
732623,3.0,4
732627,3.0,4
732631,3.0,4
732635,3.0,4
732648,12.0,13
732652,3.0,4
732665,12.0,13
732669,3.0,4
732673,3.0,4
732676,2.0,3
732689,12.0,13
732702,12.0,13
732706,3.0,4
732710,3.0,4
732713,2.0,3
732726,12.0,13
732739,12.0,13
732742,2.0,3
732755,12.0,13
732759,3.0,4
732763,3.0,4
732766,2.0,3
732769,2.0,3
732773,3.0,4
732777,3.0,4
732780,2.0,3
732784,3.0,4
732788,3.0,4
732792,3.0,4
732796,3.0,4
732809,12.0,13
732822,12.0,13
732826,3.0,4
732830,3.0,4
732834,3.0,4
732847,12.0,13
732851,3.0,4
732855,3.0,4
732859,3.0,4
732872,12.0,13
732876,3.0,4
732880,3.0,4
732884,3.0,4
732888,3.0,4
732892,3.0,4
732905,12.0,13
732908,2.0,3
732912,3.0,4
732916,3.0,4
732919,2.0,3
732923,3.0,4
732927,3.0,4
732931,3.0,4
732935,3.0,4
732939,3.0,4
732943,3.0,4
732946,2.0,3
732959,12.0,13
732963,3.0,4
732976,12.0,13
732980,3.0,4
732984,3.0,4
732988,3.0,4
732991,2.0,3
732995,3.0,4
732999,3.0,4
733003,3.0,4
733007,3.0,4
733020,12.0,13
733033,12.0,13
733036,2.0,3
733049,12.0,13
733053,3.0,4
733056,2.0,3
733069,12.0,13
733073,3.0,4
733077,3.0,4
733081,3.0,4
733085,3.0,4
733088,2.0,3
733092,3.0,4
733096,3.0,4
733099,2.0,3
733103,3.0,4
733116,12.0,13
733129,12.0,13
733133,3.0,4
733137,3.0,4
733141,3.0,4
733145,3.0,4
733149,3.0,4
733153,3.0,4
733157,3.0,4
733161,3.0,4
733174,12.0,13
733178,3.0,4
733191,12.0,13
733195,3.0,4
733199,3.0,4
733203,3.0,4
733216,12.0,13
733229,12.0,13
733233,3.0,4
733237,3.0,4
733241,3.0,4
733245,3.0,4
733249,3.0,4
733253,3.0,4
733266,12.0,13
733270,3.0,4
733273,2.0,3
733277,3.0,4
733290,12.0,13
733294,3.0,4
733298,3.0,4
733302,3.0,4
733306,3.0,4
733310,3.0,4
733314,3.0,4
733318,3.0,4
733322,3.0,4
733335,12.0,13
733339,3.0,4
733343,3.0,4
733347,3.0,4
733351,3.0,4
733355,3.0,4
733359,3.0,4
733363,3.0,4
733376,12.0,13
733380,3.0,4
733384,3.0,4
733397,12.0,13
733401,3.0,4
733405,3.0,4
733409,3.0,4
733413,3.0,4
733417,3.0,4
733421,3.0,4
733425,3.0,4
733429,3.0,4
733433,3.0,4
733436,2.0,3
733439,2.0,3
733443,3.0,4
733447,3.0,4
733451,3.0,4
733455,3.0,4
733459,3.0,4
733462,2.0,3
733466,3.0,4
733470,3.0,4
733474,3.0,4
733478,3.0,4
733482,3.0,4
733486,3.0,4
733490,3.0,4
733494,3.0,4
733498,3.0,4
733502,3.0,4
733515,12.0,13
733519,3.0,4
733532,12.0,13
733536,3.0,4
733540,3.0,4
733544,3.0,4
733548,3.0,4
733561,12.0,13
733565,3.0,4
733578,12.0,13
733581,2.0,3
733594,12.0,13
733598,3.0,4
733602,3.0,4
733606,3.0,4
733610,3.0,4
733614,3.0,4
733618,3.0,4
733622,3.0,4
733626,3.0,4
733630,3.0,4
733643,12.0,13
733647,3.0,4
733651,3.0,4
733655,3.0,4
733659,3.0,4
733663,3.0,4
733667,3.0,4
733671,3.0,4
733674,2.0,3
733678,3.0,4
733682,3.0,4
733686,3.0,4
733690,3.0,4
733694,3.0,4
733707,12.0,13
733711,3.0,4
733724,12.0,13
733728,3.0,4
733732,3.0,4
733736,3.0,4
733739,2.0,3
733743,3.0,4
733746,2.0,3
733750,3.0,4
733754,3.0,4
733758,3.0,4
733762,3.0,4
733766,3.0,4
733770,3.0,4
733774,3.0,4
733778,3.0,4
733782,3.0,4
733795,12.0,13
733799,3.0,4
733802,2.0,3
733806,3.0,4
733810,3.0,4
733814,3.0,4
733827,12.0,13
733831,3.0,4
733844,12.0,13
733848,3.0,4
733852,3.0,4
733856,3.0,4
733859,2.0,3
733863,3.0,4
733867,3.0,4
733871,3.0,4
733875,3.0,4
733879,3.0,4
733883,3.0,4
733887,3.0,4
733891,3.0,4
733904,12.0,13
733907,2.0,3
733911,3.0,4
733915,3.0,4
733919,3.0,4
733923,3.0,4
733927,3.0,4
733931,3.0,4
733935,3.0,4
733938,2.0,3
733951,12.0,13
733964,12.0,13
733977,12.0,13
733981,3.0,4
733985,3.0,4
733989,3.0,4
734002,12.0,13
734015,12.0,13
734019,3.0,4
734023,3.0,4
734036,12.0,13
734039,2.0,3
734043,3.0,4
734056,12.0,13
734060,3.0,4
734064,3.0,4
734068,3.0,4
734072,3.0,4
734085,12.0,13
734089,3.0,4
734093,3.0,4
734097,3.0,4
734101,3.0,4
734114,12.0,13
734117,2.0,3
734121,3.0,4
734125,3.0,4
734129,3.0,4
734133,3.0,4
734137,3.0,4
734141,3.0,4
734145,3.0,4
734149,3.0,4
734162,12.0,13
734166,3.0,4
734170,3.0,4
734183,12.0,13
734187,3.0,4
734191,3.0,4
734204,12.0,13
734208,3.0,4
734211,2.0,3
734215,3.0,4
734219,3.0,4
734232,12.0,13
734236,3.0,4
734240,3.0,4
734244,3.0,4
734248,3.0,4
734252,3.0,4
734256,3.0,4
734269,12.0,13
734272,2.0,3
734276,3.0,4
734280,3.0,4
734284,3.0,4
734288,3.0,4
734291,2.0,3
734295,3.0,4
734299,3.0,4
734303,3.0,4
734307,3.0,4
734311,3.0,4
734315,3.0,4
734319,3.0,4
734323,3.0,4
734327,3.0,4
734331,3.0,4
734335,3.0,4
734348,12.0,13
734361,12.0,13
734365,3.0,4
734378,12.0,13
734382,3.0,4
734386,3.0,4
734399,12.0,13
734403,3.0,4
734407,3.0,4
734420,12.0,13
734424,3.0,4
734428,3.0,4
734441,12.0,13
734445,3.0,4
734449,3.0,4
734453,3.0,4
734457,3.0,4
734460,2.0,3
734464,3.0,4
734477,12.0,13
734481,3.0,4
734485,3.0,4
734489,3.0,4
734493,3.0,4
734506,12.0,13
734510,3.0,4
734523,12.0,13
734527,3.0,4
734540,12.0,13
734553,12.0,13
734556,2.0,3
734560,3.0,4
734564,3.0,4
734577,12.0,13
734581,3.0,4
734585,3.0,4
734589,3.0,4
734593,3.0,4
734597,3.0,4
734601,3.0,4
734605,3.0,4
734609,3.0,4
734613,3.0,4
734626,12.0,13
734639,12.0,13
734642,2.0,3
734646,3.0,4
734650,3.0,4
734654,3.0,4
734667,12.0,13
734680,12.0,13
734684,3.0,4
734687,2.0,3
734691,3.0,4
734694,2.0,3
734698,3.0,4
734711,12.0,13
734715,3.0,4
734718,2.0,3
734722,3.0,4
734726,3.0,4
734729,2.0,3
734733,3.0,4
734737,3.0,4
734741,3.0,4
734745,3.0,4
734749,3.0,4
734762,12.0,13
734766,3.0,4
734770,3.0,4
734773,2.0,3
734786,12.0,13
734790,3.0,4
734793,2.0,3
734806,12.0,13
734819,12.0,13
734823,3.0,4
734836,12.0,13
734840,3.0,4
734844,3.0,4
734848,3.0,4
734852,3.0,4
734856,3.0,4
734869,12.0,13
734873,3.0,4
734877,3.0,4
734881,3.0,4
734884,2.0,3
734887,2.0,3
734891,3.0,4
734895,3.0,4
734898,2.0,3
734901,2.0,3
734905,3.0,4
734909,3.0,4
734913,3.0,4
734917,3.0,4
734930,12.0,13
734934,3.0,4
734938,3.0,4
734942,3.0,4
734945,2.0,3
734949,3.0,4
734962,12.0,13
734966,3.0,4
734979,12.0,13
734983,3.0,4
734987,3.0,4
734990,2.0,3
735003,12.0,13
735007,3.0,4
735011,3.0,4
735015,3.0,4
735019,3.0,4
735022,2.0,3
735026,3.0,4
735030,3.0,4
735034,3.0,4
735038,3.0,4
735051,12.0,13
735064,12.0,13
735077,12.0,13
735080,2.0,3
735083,2.0,3
735087,3.0,4
735090,2.0,3
735094,3.0,4
735107,12.0,13
735111,3.0,4
735115,3.0,4
735119,3.0,4
735122,2.0,3
735125,2.0,3
735129,3.0,4
735133,3.0,4
735136,2.0,3
735140,3.0,4
735153,12.0,13
735157,3.0,4
735160,2.0,3
735163,2.0,3
735167,3.0,4
735171,3.0,4
735175,3.0,4
735188,12.0,13
735192,3.0,4
735205,12.0,13
735209,3.0,4
735213,3.0,4
735217,3.0,4
735221,3.0,4
735225,3.0,4
735229,3.0,4
735242,12.0,13
735246,3.0,4
735250,3.0,4
735254,3.0,4
735258,3.0,4
735262,3.0,4
735266,3.0,4
735270,3.0,4
735274,3.0,4
735288,13.0,14
735292,3.0,4
735306,13.0,14
735310,3.0,4
735314,3.0,4
735318,3.0,4
735322,3.0,4
735326,3.0,4
735330,3.0,4
735333,2.0,3
735337,3.0,4
735341,3.0,4
735345,3.0,4
735349,3.0,4
735353,3.0,4
735367,13.0,14
735381,13.0,14
735385,3.0,4
735389,3.0,4
735393,3.0,4
735406,12.0,13
735410,3.0,4
735424,13.0,14
735428,3.0,4
735432,3.0,4
735436,3.0,4
735440,3.0,4
735453,12.0,13
735467,13.0,14
735471,3.0,4
735475,3.0,4
735479,3.0,4
735493,13.0,14
735497,3.0,4
735511,13.0,14
735515,3.0,4
735529,13.0,14
735542,12.0,13
735546,3.0,4
735550,3.0,4
735554,3.0,4
735558,3.0,4
735572,13.0,14
735576,3.0,4
735580,3.0,4
735584,3.0,4
735597,12.0,13
735610,12.0,13
735624,13.0,14
735628,3.0,4
735632,3.0,4
735636,3.0,4
735640,3.0,4
735644,3.0,4
735658,13.0,14
735662,3.0,4
735666,3.0,4
735680,13.0,14
735684,3.0,4
735688,3.0,4
735692,3.0,4
735706,13.0,14
735710,3.0,4
735724,13.0,14
735738,13.0,14
735742,3.0,4
735746,3.0,4
735760,13.0,14
735773,12.0,13
735777,3.0,4
735791,13.0,14
735795,3.0,4
735799,3.0,4
735803,3.0,4
735817,13.0,14
735821,3.0,4
735824,2.0,3
735828,3.0,4
735832,3.0,4
735846,13.0,14
735850,3.0,4
735854,3.0,4
735858,3.0,4
735872,13.0,14
735876,3.0,4
735880,3.0,4
735884,3.0,4
735897,12.0,13
735911,13.0,14
735915,3.0,4
735919,3.0,4
735923,3.0,4
735927,3.0,4
735931,3.0,4
735945,13.0,14
735949,3.0,4
735953,3.0,4
735966,12.0,13
735970,3.0,4
735974,3.0,4
735978,3.0,4
735982,3.0,4
735986,3.0,4
735999,12.0,13
736013,13.0,14
736026,12.0,13
736040,13.0,14
736044,3.0,4
736048,3.0,4
736052,3.0,4
736056,3.0,4
736060,3.0,4
736064,3.0,4
736077,12.0,13
736081,3.0,4
736095,13.0,14
736099,3.0,4
736103,3.0,4
736117,13.0,14
736131,13.0,14
736135,3.0,4
736139,3.0,4
736153,13.0,14
736167,13.0,14
736171,3.0,4
736175,3.0,4
736179,3.0,4
736183,3.0,4
736187,3.0,4
736191,3.0,4
736205,13.0,14
736209,3.0,4
736213,3.0,4
736217,3.0,4
736221,3.0,4
736225,3.0,4
736238,12.0,13
736242,3.0,4
736256,13.0,14
736270,13.0,14
736274,3.0,4
736287,12.0,13
736291,3.0,4
736295,3.0,4
736299,3.0,4
736303,3.0,4
736316,12.0,13
736320,3.0,4
736334,13.0,14
736338,3.0,4
736342,3.0,4
736346,3.0,4
736350,3.0,4
736364,13.0,14
736368,3.0,4
736372,3.0,4
736376,3.0,4
736380,3.0,4
736394,13.0,14
736407,12.0,13
736420,12.0,13
736424,3.0,4
736437,12.0,13
736441,3.0,4
736455,13.0,14
736459,3.0,4
736472,12.0,13
736476,3.0,4
736490,13.0,14
736504,13.0,14
736508,3.0,4
736512,3.0,4
736526,13.0,14
736530,3.0,4
736544,13.0,14
736548,3.0,4
736562,13.0,14
736566,3.0,4
736570,3.0,4
736573,2.0,3
736577,3.0,4
736581,3.0,4
736585,3.0,4
736589,3.0,4
736593,3.0,4
736597,3.0,4
736611,13.0,14
736625,13.0,14
736639,13.0,14
736643,3.0,4
736647,3.0,4
736661,13.0,14
736665,3.0,4
736669,3.0,4
736673,3.0,4
736677,3.0,4
736681,3.0,4
736685,3.0,4
736698,12.0,13
736702,3.0,4
736715,12.0,13
736729,13.0,14
736733,3.0,4
736737,3.0,4
736741,3.0,4
736755,13.0,14
736769,13.0,14
736783,13.0,14
736787,3.0,4
736791,3.0,4
736804,12.0,13
736818,13.0,14
736822,3.0,4
736836,13.0,14
736840,3.0,4
736844,3.0,4
736848,3.0,4
736862,13.0,14
736876,13.0,14
736880,3.0,4
736894,13.0,14
736898,3.0,4
736902,3.0,4
736906,3.0,4
736919,12.0,13
736932,12.0,13
736936,3.0,4
736950,13.0,14
736964,13.0,14
736968,3.0,4
736972,3.0,4
736985,12.0,13
736998,12.0,13
737002,3.0,4
737006,3.0,4
737010,3.0,4
737014,3.0,4
737028,13.0,14
737042,13.0,14
737055,12.0,13
737069,13.0,14
737073,3.0,4
737087,13.0,14
737091,3.0,4
737095,3.0,4
737099,3.0,4
737103,3.0,4
737107,3.0,4
737111,3.0,4
737115,3.0,4
737128,12.0,13
737132,3.0,4
737136,3.0,4
737149,12.0,13
737153,3.0,4
737157,3.0,4
737161,3.0,4
737165,3.0,4
737169,3.0,4
737173,3.0,4
737177,3.0,4
737181,3.0,4
737185,3.0,4
737189,3.0,4
737193,3.0,4
737197,3.0,4
737201,3.0,4
737204,2.0,3
737217,12.0,13
737221,3.0,4
737235,13.0,14
737239,3.0,4
737253,13.0,14
737257,3.0,4
737261,3.0,4
737275,13.0,14
737288,12.0,13
737292,3.0,4
737296,3.0,4
737300,3.0,4
737304,3.0,4
737308,3.0,4
737312,3.0,4
737316,3.0,4
737320,3.0,4
737324,3.0,4
737328,3.0,4
737341,12.0,13
737345,3.0,4
737358,12.0,13
737362,3.0,4
737366,3.0,4
737369,2.0,3
737373,3.0,4
737377,3.0,4
737390,12.0,13
737394,3.0,4
737407,12.0,13
737411,3.0,4
737415,3.0,4
737428,12.0,13
737431,2.0,3
737435,3.0,4
737439,3.0,4
737452,12.0,13
737456,3.0,4
737460,3.0,4
737473,12.0,13
737486,12.0,13
737499,12.0,13
737512,12.0,13
737516,3.0,4
737520,3.0,4
737524,3.0,4
737528,3.0,4
737532,3.0,4
737536,3.0,4
737549,12.0,13
737553,3.0,4
737557,3.0,4
737570,12.0,13
737583,12.0,13
737587,3.0,4
737591,3.0,4
737594,2.0,3
737598,3.0,4
737602,3.0,4
737606,3.0,4
737619,12.0,13
737623,3.0,4
737627,3.0,4
737631,3.0,4
737644,12.0,13
737648,3.0,4
737652,3.0,4
737665,12.0,13
737669,3.0,4
737673,3.0,4
737677,3.0,4
737681,3.0,4
737694,12.0,13
737698,3.0,4
737702,3.0,4
737706,3.0,4
737710,3.0,4
737714,3.0,4
737727,12.0,13
737731,3.0,4
737744,12.0,13
737757,12.0,13
737770,12.0,13
737783,12.0,13
737787,3.0,4
737791,3.0,4
737795,3.0,4
737799,3.0,4
737803,3.0,4
737807,3.0,4
737811,3.0,4
737815,3.0,4
737819,3.0,4
737832,12.0,13
737845,12.0,13
737849,3.0,4
737853,3.0,4
737866,12.0,13
737870,3.0,4
737883,12.0,13
737896,12.0,13
737900,3.0,4
737913,12.0,13
737917,3.0,4
737921,3.0,4
737925,3.0,4
737938,12.0,13
737951,12.0,13
737964,12.0,13
737977,12.0,13
737990,12.0,13
737994,3.0,4
738007,12.0,13
738020,12.0,13
738033,12.0,13
738037,3.0,4
738040,2.0,3
738044,3.0,4
738048,3.0,4
738061,12.0,13
738074,12.0,13
738078,3.0,4
738082,3.0,4
738086,3.0,4
738090,3.0,4
738094,3.0,4
738098,3.0,4
738102,3.0,4
738115,12.0,13
738128,12.0,13
738141,12.0,13
738154,12.0,13
738158,3.0,4
738162,3.0,4
738166,3.0,4
738170,3.0,4
738174,3.0,4
738178,3.0,4
738182,3.0,4
738186,3.0,4
738199,12.0,13
738203,3.0,4
738207,3.0,4
738211,3.0,4
738215,3.0,4
738219,3.0,4
738223,3.0,4
738236,12.0,13
738249,12.0,13
738253,3.0,4
738257,3.0,4
738261,3.0,4
738274,12.0,13
738287,12.0,13
738291,3.0,4
738295,3.0,4
738299,3.0,4
738303,3.0,4
738316,12.0,13
738320,3.0,4
738324,3.0,4
738328,3.0,4
738332,3.0,4
738336,3.0,4
738340,3.0,4
738353,12.0,13
738357,3.0,4
738361,3.0,4
738374,12.0,13
738387,12.0,13
738391,3.0,4
738395,3.0,4
738399,3.0,4
738402,2.0,3
738406,3.0,4
738410,3.0,4
738423,12.0,13
738427,3.0,4
738431,3.0,4
738435,3.0,4
738448,12.0,13
738452,3.0,4
738465,12.0,13
738478,12.0,13
738482,3.0,4
738486,3.0,4
738490,3.0,4
738494,3.0,4
738507,12.0,13
738511,3.0,4
738524,12.0,13
738537,12.0,13
738541,3.0,4
738545,3.0,4
738549,3.0,4
738562,12.0,13
738575,12.0,13
738588,12.0,13
738592,3.0,4
738595,2.0,3
738598,2.0,3
738602,3.0,4
738606,3.0,4
738619,12.0,13
738632,12.0,13
738645,12.0,13
738658,12.0,13
738662,3.0,4
738666,3.0,4
738670,3.0,4
738673,2.0,3
738686,12.0,13
738699,12.0,13
738703,3.0,4
738707,3.0,4
738720,12.0,13
738724,3.0,4
738737,12.0,13
738741,3.0,4
738745,3.0,4
738749,3.0,4
738753,3.0,4
738766,12.0,13
738770,3.0,4
738774,3.0,4
738778,3.0,4
738782,3.0,4
738786,3.0,4
738790,3.0,4
738803,12.0,13
738816,12.0,13
738820,3.0,4
738824,3.0,4
738837,12.0,13
738841,3.0,4
738845,3.0,4
738858,12.0,13
738871,12.0,13
738875,3.0,4
738879,3.0,4
738892,12.0,13
738905,12.0,13
738909,3.0,4
738913,3.0,4
738917,3.0,4
738921,3.0,4
738925,3.0,4
738929,3.0,4
738942,12.0,13
738946,3.0,4
738950,3.0,4
738954,3.0,4
738958,3.0,4
738962,3.0,4
738975,12.0,13
738988,12.0,13
738992,3.0,4
739005,12.0,13
739018,12.0,13
739022,3.0,4
739026,3.0,4
739030,3.0,4
739034,3.0,4
739038,3.0,4
739051,12.0,13
739055,3.0,4
739059,3.0,4
739072,12.0,13
739076,3.0,4
739080,3.0,4
739084,3.0,4
739088,3.0,4
739101,12.0,13
739105,3.0,4
739118,12.0,13
739131,12.0,13
739135,3.0,4
739139,3.0,4
739143,3.0,4
739147,3.0,4
739151,3.0,4
739155,3.0,4
739159,3.0,4
739163,3.0,4
739167,3.0,4
739171,3.0,4
739184,12.0,13
739188,3.0,4
739201,12.0,13
739205,3.0,4
739209,3.0,4
739222,12.0,13
739226,3.0,4
739230,3.0,4
739234,3.0,4
739238,3.0,4
739242,3.0,4
739246,3.0,4
739250,3.0,4
739263,12.0,13
739276,12.0,13
739289,12.0,13
739302,12.0,13
739315,12.0,13
739328,12.0,13
739341,12.0,13
739344,2.0,3
739348,3.0,4
739351,2.0,3
739355,3.0,4
739359,3.0,4
739363,3.0,4
739367,3.0,4
739371,3.0,4
739375,3.0,4
739379,3.0,4
739383,3.0,4
739387,3.0,4
739391,3.0,4
739395,3.0,4
739408,12.0,13
739412,3.0,4
739416,3.0,4
739420,3.0,4
739424,3.0,4
739427,2.0,3
739440,12.0,13
739444,3.0,4
739448,3.0,4
739452,3.0,4
739456,3.0,4
739460,3.0,4
739464,3.0,4
739468,3.0,4
739472,3.0,4
739476,3.0,4
739480,3.0,4
739484,3.0,4
739497,12.0,13
739510,12.0,13
739514,3.0,4
739518,3.0,4
739521,2.0,3
739525,3.0,4
739529,3.0,4
739533,3.0,4
739536,2.0,3
739540,3.0,4
739544,3.0,4
739548,3.0,4
739552,3.0,4
739565,12.0,13
739569,3.0,4
739573,3.0,4
739577,3.0,4
739590,12.0,13
739603,12.0,13
739616,12.0,13
739620,3.0,4
739633,12.0,13
739646,12.0,13
739650,3.0,4
739654,3.0,4
739667,12.0,13
739680,12.0,13
739693,12.0,13
739697,3.0,4
739701,3.0,4
739705,3.0,4
739709,3.0,4
739722,12.0,13
739726,3.0,4
739739,12.0,13
739743,3.0,4
739756,12.0,13
739760,3.0,4
739773,12.0,13
739777,3.0,4
739781,3.0,4
739785,3.0,4
739789,3.0,4
739793,3.0,4
739806,12.0,13
739810,3.0,4
739814,3.0,4
739818,3.0,4
739822,3.0,4
739826,3.0,4
739830,3.0,4
739843,12.0,13
739847,3.0,4
739851,3.0,4
739864,12.0,13
739868,3.0,4
739872,3.0,4
739876,3.0,4
739880,3.0,4
739884,3.0,4
739888,3.0,4
739892,3.0,4
739896,3.0,4
739900,3.0,4
739904,3.0,4
739908,3.0,4
739912,3.0,4
739925,12.0,13
739938,12.0,13
739942,3.0,4
739945,2.0,3
739949,3.0,4
739953,3.0,4
739957,3.0,4
739970,12.0,13
739973,2.0,3
739977,3.0,4
739981,3.0,4
739994,12.0,13
739998,3.0,4
740002,3.0,4
740015,12.0,13
740019,3.0,4
740032,12.0,13
740036,3.0,4
740049,12.0,13
740053,3.0,4
740057,3.0,4
740070,12.0,13
740083,12.0,13
740087,3.0,4
740091,3.0,4
740095,3.0,4
740099,3.0,4
740103,3.0,4
740107,3.0,4
740120,12.0,13
740124,3.0,4
740128,3.0,4
740132,3.0,4
740135,2.0,3
740139,3.0,4
740143,3.0,4
740146,2.0,3
740159,12.0,13
740163,3.0,4
740167,3.0,4
740170,2.0,3
740183,12.0,13
740187,3.0,4
740191,3.0,4
740204,12.0,13
740208,3.0,4
740212,3.0,4
740216,3.0,4
740220,3.0,4
740224,3.0,4
740228,3.0,4
740232,3.0,4
740236,3.0,4
740240,3.0,4
740244,3.0,4
740257,12.0,13
740261,3.0,4
740265,3.0,4
740278,12.0,13
740282,3.0,4
740286,3.0,4
740290,3.0,4
740303,12.0,13
740307,3.0,4
740311,3.0,4
740315,3.0,4
740319,3.0,4
740323,3.0,4
740336,12.0,13
740349,12.0,13
740353,3.0,4
740357,3.0,4
740361,3.0,4
740365,3.0,4
740369,3.0,4
740373,3.0,4
740377,3.0,4
740381,3.0,4
740385,3.0,4
740388,2.0,3
740392,3.0,4
740396,3.0,4
740400,3.0,4
740413,12.0,13
740417,3.0,4
740421,3.0,4
740425,3.0,4
740438,12.0,13
740442,3.0,4
740446,3.0,4
740450,3.0,4
740454,3.0,4
740458,3.0,4
740462,3.0,4
740466,3.0,4
740470,3.0,4
740474,3.0,4
740478,3.0,4
740482,3.0,4
740486,3.0,4
740489,2.0,3
740502,12.0,13
740506,3.0,4
740510,3.0,4
740514,3.0,4
740518,3.0,4
740522,3.0,4
740535,12.0,13
740548,12.0,13
740552,3.0,4
740556,3.0,4
740560,3.0,4
740564,3.0,4
740568,3.0,4
740572,3.0,4
740576,3.0,4
740580,3.0,4
740584,3.0,4
740588,3.0,4
740592,3.0,4
740605,12.0,13
740609,3.0,4
740613,3.0,4
740617,3.0,4
740630,12.0,13
740634,3.0,4
740638,3.0,4
740641,2.0,3
740645,3.0,4
740648,2.0,3
740652,3.0,4
740656,3.0,4
740659,2.0,3
740663,3.0,4
740667,3.0,4
740671,3.0,4
740675,3.0,4
740679,3.0,4
740683,3.0,4
740687,3.0,4
740691,3.0,4
740695,3.0,4
740699,3.0,4
740703,3.0,4
740706,2.0,3
740710,3.0,4
740723,12.0,13
740727,3.0,4
740731,3.0,4
740735,3.0,4
740739,3.0,4
740752,12.0,13
740756,3.0,4
740760,3.0,4
740773,12.0,13
740777,3.0,4
740790,12.0,13
740794,3.0,4
740798,3.0,4
740811,12.0,13
740815,3.0,4
740819,3.0,4
740823,3.0,4
740827,3.0,4
740830,2.0,3
740834,3.0,4
740837,2.0,3
740841,3.0,4
740844,2.0,3
740857,12.0,13
740861,3.0,4
740865,3.0,4
740869,3.0,4
740873,3.0,4
740886,12.0,13
740899,12.0,13
740903,3.0,4
740907,3.0,4
740911,3.0,4
740914,2.0,3
740918,3.0,4
740922,3.0,4
740925,2.0,3
740929,3.0,4
740933,3.0,4
740937,3.0,4
740941,3.0,4
740945,3.0,4
740949,3.0,4
740953,3.0,4
740957,3.0,4
740970,12.0,13
740974,3.0,4
740978,3.0,4
740982,3.0,4
740986,3.0,4
740990,3.0,4
741003,12.0,13
741007,3.0,4
741011,3.0,4
741015,3.0,4
741019,3.0,4
741023,3.0,4
741027,3.0,4
741040,12.0,13
741044,3.0,4
741057,12.0,13
741061,3.0,4
741065,3.0,4
741069,3.0,4
741073,3.0,4
741077,3.0,4
741081,3.0,4
741085,3.0,4
741089,3.0,4
741102,12.0,13
741106,3.0,4
741110,3.0,4
741114,3.0,4
741118,3.0,4
741122,3.0,4
741126,3.0,4
741130,3.0,4
741134,3.0,4
741138,3.0,4
741141,2.0,3
741145,3.0,4
741149,3.0,4
741153,3.0,4
741157,3.0,4
741161,3.0,4
741165,3.0,4
741169,3.0,4
741173,3.0,4
741177,3.0,4
741181,3.0,4
741185,3.0,4
741189,3.0,4
741202,12.0,13
741206,3.0,4
741210,3.0,4
741213,2.0,3
741216,2.0,3
741220,3.0,4
741224,3.0,4
741227,2.0,3
741231,3.0,4
741244,12.0,13
741257,12.0,13
741261,3.0,4
741265,3.0,4
741269,3.0,4
741273,3.0,4
741276,2.0,3
741280,3.0,4
741284,3.0,4
741288,3.0,4
741292,3.0,4
741296,3.0,4
741300,3.0,4
741304,3.0,4
741308,3.0,4
741321,12.0,13
741325,3.0,4
741329,3.0,4
741342,12.0,13
741355,12.0,13
741359,3.0,4
741363,3.0,4
741376,12.0,13
741380,3.0,4
741393,12.0,13
741406,12.0,13
741410,3.0,4
741414,3.0,4
741427,12.0,13
741431,3.0,4
741435,3.0,4
741439,3.0,4
741443,3.0,4
741447,3.0,4
741460,12.0,13
741464,3.0,4
741468,3.0,4
741472,3.0,4
741476,3.0,4
741480,3.0,4
741484,3.0,4
741488,3.0,4
741492,3.0,4
741505,12.0,13
741518,12.0,13
741522,3.0,4
741535,12.0,13
741548,12.0,13
741552,3.0,4
741556,3.0,4
741560,3.0,4
741573,12.0,13
741586,12.0,13
741590,3.0,4
741594,3.0,4
741607,12.0,13
741611,3.0,4
741615,3.0,4
741619,3.0,4
741632,12.0,13
741636,3.0,4
741640,3.0,4
741644,3.0,4
741648,3.0,4
741652,3.0,4
741665,12.0,13
741678,12.0,13
741682,3.0,4
741686,3.0,4
741699,12.0,13
741703,3.0,4
741716,12.0,13
741720,3.0,4
741724,3.0,4
741737,12.0,13
741741,3.0,4
741754,12.0,13
741758,3.0,4
741762,3.0,4
741766,3.0,4
741779,12.0,13
741783,3.0,4
741787,3.0,4
741800,12.0,13
741804,3.0,4
741817,12.0,13
741821,3.0,4
741825,3.0,4
741829,3.0,4
741833,3.0,4
741837,3.0,4
741841,3.0,4
741854,12.0,13
741867,12.0,13
741871,3.0,4
741884,12.0,13
741888,3.0,4
741901,12.0,13
741905,3.0,4
741909,3.0,4
741913,3.0,4
741917,3.0,4
741921,3.0,4
741925,3.0,4
741929,3.0,4
741933,3.0,4
741946,12.0,13
741950,3.0,4
741954,3.0,4
741958,3.0,4
741961,2.0,3
741965,3.0,4
741969,3.0,4
741982,12.0,13
741995,12.0,13
741999,3.0,4
742012,12.0,13
742025,12.0,13
742029,3.0,4
742033,3.0,4
742046,12.0,13
742050,3.0,4
742054,3.0,4
742067,12.0,13
742071,3.0,4
742075,3.0,4
742079,3.0,4
742092,12.0,13
742105,12.0,13
742109,3.0,4
742113,3.0,4
742126,12.0,13
742130,3.0,4
742134,3.0,4
742147,12.0,13
742151,3.0,4
742155,3.0,4
742168,12.0,13
742181,12.0,13
742194,12.0,13
742198,3.0,4
742202,3.0,4
742206,3.0,4
742210,3.0,4
742214,3.0,4
742218,3.0,4
742222,3.0,4
742226,3.0,4
742239,12.0,13
742252,12.0,13
742256,3.0,4
742269,12.0,13
742273,3.0,4
742277,3.0,4
742281,3.0,4
742285,3.0,4
742289,3.0,4
742302,12.0,13
742306,3.0,4
742310,3.0,4
742314,3.0,4
742327,12.0,13
742331,3.0,4
742335,3.0,4
742348,12.0,13
742352,3.0,4
742365,12.0,13
742369,3.0,4
742382,12.0,13
742386,3.0,4
742390,3.0,4
742403,12.0,13
742407,3.0,4
742411,3.0,4
742414,2.0,3
742427,12.0,13
742440,12.0,13
742453,12.0,13
742466,12.0,13
742479,12.0,13
742492,12.0,13
742505,12.0,13
742509,3.0,4
742522,12.0,13
742526,3.0,4
742530,3.0,4
742534,3.0,4
742538,3.0,4
742551,12.0,13
742555,3.0,4
742559,3.0,4
742563,3.0,4
742567,3.0,4
742571,3.0,4
742575,3.0,4
742579,3.0,4
742592,12.0,13
742596,3.0,4
742600,3.0,4
742613,12.0,13
742617,3.0,4
742621,3.0,4
742625,3.0,4
742629,3.0,4
742642,12.0,13
742645,2.0,3
742649,3.0,4
742653,3.0,4
742657,3.0,4
742661,3.0,4
742665,3.0,4
742669,3.0,4
742673,3.0,4
742686,12.0,13
742690,3.0,4
742703,12.0,13
742716,12.0,13
742720,3.0,4
742724,3.0,4
742737,12.0,13
742741,3.0,4
742745,3.0,4
742749,3.0,4
742753,3.0,4
742757,3.0,4
742761,3.0,4
742765,3.0,4
742778,12.0,13
742791,12.0,13
742795,3.0,4
742808,12.0,13
742812,3.0,4
742816,3.0,4
742820,3.0,4
742824,3.0,4
742828,3.0,4
742832,3.0,4
742845,12.0,13
742849,3.0,4
742853,3.0,4
742857,3.0,4
742861,3.0,4
742874,12.0,13
742887,12.0,13
742891,3.0,4
742895,3.0,4
742908,12.0,13
742912,3.0,4
742916,3.0,4
742929,12.0,13
742933,3.0,4
742937,3.0,4
742941,3.0,4
742954,12.0,13
742958,3.0,4
742962,3.0,4
742966,3.0,4
742979,12.0,13
742983,3.0,4
742987,3.0,4
743000,12.0,13
743013,12.0,13
743017,3.0,4
743021,3.0,4
743034,12.0,13
743038,3.0,4
743051,12.0,13
743055,3.0,4
743068,12.0,13
743072,3.0,4
743076,3.0,4
743089,12.0,13
743093,3.0,4
743097,3.0,4
743101,3.0,4
743105,3.0,4
743118,12.0,13
743122,3.0,4
743135,12.0,13
743148,12.0,13
743152,3.0,4
743165,12.0,13
743169,3.0,4
743173,3.0,4
743186,12.0,13
743199,12.0,13
743212,12.0,13
743216,3.0,4
743220,3.0,4
743224,3.0,4
743228,3.0,4
743241,12.0,13
743245,3.0,4
743258,12.0,13
743271,12.0,13
743275,3.0,4
743288,12.0,13
743301,12.0,13
743305,3.0,4
743318,12.0,13
743322,3.0,4
743326,3.0,4
743339,12.0,13
743352,12.0,13
743365,12.0,13
743369,3.0,4
743373,3.0,4
743386,12.0,13
743390,3.0,4
743403,12.0,13
743407,3.0,4
743411,3.0,4
743415,3.0,4
743419,3.0,4
743423,3.0,4
743427,3.0,4
743431,3.0,4
743435,3.0,4
743439,3.0,4
743452,12.0,13
743465,12.0,13
743469,3.0,4
743473,3.0,4
743486,12.0,13
743499,12.0,13
743503,3.0,4
743507,3.0,4
743520,12.0,13
743524,3.0,4
743528,3.0,4
743532,3.0,4
743536,3.0,4
743540,3.0,4
743544,3.0,4
743548,3.0,4
743561,12.0,13
743565,3.0,4
743578,12.0,13
743582,3.0,4
743586,3.0,4
743590,3.0,4
743603,12.0,13
743616,12.0,13
743629,12.0,13
743642,12.0,13
743646,3.0,4
743659,12.0,13
743672,12.0,13
743676,3.0,4
743689,12.0,13
743702,12.0,13
743715,12.0,13
743719,3.0,4
743732,12.0,13
743736,3.0,4
743749,12.0,13
743753,3.0,4
743757,3.0,4
743761,3.0,4
743765,3.0,4
743778,12.0,13
743782,3.0,4
743795,12.0,13
743799,3.0,4
743803,3.0,4
743807,3.0,4
743820,12.0,13
743833,12.0,13
743837,3.0,4
743850,12.0,13
743854,3.0,4
743867,12.0,13
743871,3.0,4
743875,3.0,4
743879,3.0,4
743883,3.0,4
743896,12.0,13
743900,3.0,4
743904,3.0,4
743908,3.0,4
743912,3.0,4
743916,3.0,4
743920,3.0,4
743924,3.0,4
743928,3.0,4
743941,12.0,13
743945,3.0,4
743949,3.0,4
743953,3.0,4
743966,12.0,13
743970,3.0,4
743974,3.0,4
743987,12.0,13
743991,3.0,4
743995,3.0,4
744008,12.0,13
744012,3.0,4
744025,12.0,13
744029,3.0,4
744033,3.0,4
744037,3.0,4
744041,3.0,4
744054,12.0,13
744058,3.0,4
744071,12.0,13
744075,3.0,4
744079,3.0,4
744083,3.0,4
744087,3.0,4
744100,12.0,13
744104,3.0,4
744108,3.0,4
744112,3.0,4
744116,3.0,4
744120,3.0,4
744133,12.0,13
744137,3.0,4
744141,3.0,4
744145,3.0,4
744158,12.0,13
744162,3.0,4
744166,3.0,4
744170,3.0,4
744174,3.0,4
744187,12.0,13
744191,3.0,4
744195,3.0,4
744199,3.0,4
744203,3.0,4
744207,3.0,4
744220,12.0,13
744224,3.0,4
744228,3.0,4
744232,3.0,4
744236,3.0,4
744249,12.0,13
744253,3.0,4
744257,3.0,4
744270,12.0,13
744274,3.0,4
744287,12.0,13
744300,12.0,13
744304,3.0,4
744308,3.0,4
744312,3.0,4
744325,12.0,13
744338,12.0,13
744342,3.0,4
744355,12.0,13
744359,3.0,4
744363,3.0,4
744367,3.0,4
744371,3.0,4
744375,3.0,4
744379,3.0,4
744383,3.0,4
744387,3.0,4
744391,3.0,4
744404,12.0,13
744408,3.0,4
744412,3.0,4
744416,3.0,4
744420,3.0,4
744433,12.0,13
744437,3.0,4
744441,3.0,4
744445,3.0,4
744449,3.0,4
744453,3.0,4
744457,3.0,4
744461,3.0,4
744474,12.0,13
744478,3.0,4
744482,3.0,4
744486,3.0,4
744490,3.0,4
744494,3.0,4
744498,3.0,4
744511,12.0,13
744515,3.0,4
744519,3.0,4
744532,12.0,13
744536,3.0,4
744549,12.0,13
744562,12.0,13
744566,3.0,4
744579,12.0,13
744583,3.0,4
744596,12.0,13
744609,12.0,13
744622,12.0,13
744626,3.0,4
744639,12.0,13
744643,3.0,4
744656,12.0,13
744660,3.0,4
744664,3.0,4
744668,3.0,4
744672,3.0,4
744676,3.0,4
744680,3.0,4
744684,3.0,4
744688,3.0,4
744692,3.0,4
744696,3.0,4
744700,3.0,4
744703,2.0,3
744707,3.0,4
744711,3.0,4
744724,12.0,13
744737,12.0,13
744741,3.0,4
744745,3.0,4
744749,3.0,4
744753,3.0,4
744757,3.0,4
744761,3.0,4
744765,3.0,4
744778,12.0,13
744791,12.0,13
744804,12.0,13
744808,3.0,4
744812,3.0,4
744816,3.0,4
744820,3.0,4
744824,3.0,4
744828,3.0,4
744841,12.0,13
744845,3.0,4
744849,3.0,4
744853,3.0,4
744866,12.0,13
744879,12.0,13
744892,12.0,13
744896,3.0,4
744900,3.0,4
744904,3.0,4
744908,3.0,4
744912,3.0,4
744916,3.0,4
744920,3.0,4
744924,3.0,4
744928,3.0,4
744941,12.0,13
744954,12.0,13
744958,3.0,4
744962,3.0,4
744975,12.0,13
744988,12.0,13
744992,3.0,4
744996,3.0,4
745009,12.0,13
745013,3.0,4
745017,3.0,4
745030,12.0,13
745034,3.0,4
745038,3.0,4
745042,3.0,4
745046,3.0,4
745059,12.0,13
745063,3.0,4
745067,3.0,4
745071,3.0,4
745075,3.0,4
745079,3.0,4
745083,3.0,4
745087,3.0,4
745091,3.0,4
745104,12.0,13
745108,3.0,4
745112,3.0,4
745116,3.0,4
745120,3.0,4
745124,3.0,4
745128,3.0,4
745132,3.0,4
745136,3.0,4
745140,3.0,4
745144,3.0,4
745148,3.0,4
745161,12.0,13
745165,3.0,4
745169,3.0,4
745173,3.0,4
745177,3.0,4
745190,12.0,13
745194,3.0,4
745198,3.0,4
745202,3.0,4
745206,3.0,4
745210,3.0,4
745223,12.0,13
745227,3.0,4
745231,3.0,4
745235,3.0,4
745239,3.0,4
745252,12.0,13
745265,12.0,13
745269,3.0,4
745282,12.0,13
745286,3.0,4
745290,3.0,4
745294,3.0,4
745298,3.0,4
745301,2.0,3
745305,3.0,4
745308,2.0,3
745312,3.0,4
745316,3.0,4
745329,12.0,13
745333,3.0,4
745346,12.0,13
745350,3.0,4
745354,3.0,4
745367,12.0,13
745371,3.0,4
745375,3.0,4
745379,3.0,4
745383,3.0,4
745387,3.0,4
745391,3.0,4
745404,12.0,13
745408,3.0,4
745421,12.0,13
745425,3.0,4
745429,3.0,4
745433,3.0,4
745437,3.0,4
745441,3.0,4
745445,3.0,4
745458,12.0,13
745462,3.0,4
745466,3.0,4
745470,3.0,4
745474,3.0,4
745478,3.0,4
745482,3.0,4
745495,12.0,13
745499,3.0,4
745503,3.0,4
745516,12.0,13
745529,12.0,13
745533,3.0,4
745537,3.0,4
745550,12.0,13
745554,3.0,4
745567,12.0,13
745580,12.0,13
745584,3.0,4
745597,12.0,13
745610,12.0,13
745623,12.0,13
745636,12.0,13
745640,3.0,4
745644,3.0,4
745648,3.0,4
745652,3.0,4
745656,3.0,4
745669,12.0,13
745682,12.0,13
745686,3.0,4
745690,3.0,4
745703,12.0,13
745707,3.0,4
745711,3.0,4
745715,3.0,4
745719,3.0,4
745723,3.0,4
745727,3.0,4
745740,12.0,13
745753,12.0,13
745766,12.0,13
745779,12.0,13
745783,3.0,4
745796,12.0,13
745809,12.0,13
745813,3.0,4
745826,12.0,13
745839,12.0,13
745852,12.0,13
745865,12.0,13
745869,3.0,4
745873,3.0,4
745886,12.0,13
745899,12.0,13
745912,12.0,13
745925,12.0,13
745929,3.0,4
745933,3.0,4
745946,12.0,13
745959,12.0,13
745963,3.0,4
745976,12.0,13
745989,12.0,13
746002,12.0,13
746006,3.0,4
746010,3.0,4
746014,3.0,4
746027,12.0,13
746031,3.0,4
746044,12.0,13
746048,3.0,4
746061,12.0,13
746065,3.0,4
746069,3.0,4
746082,12.0,13
746095,12.0,13
746099,3.0,4
746103,3.0,4
746107,3.0,4
746120,12.0,13
746133,12.0,13
746146,12.0,13
746150,3.0,4
746163,12.0,13
746176,12.0,13
746180,3.0,4
746184,3.0,4
746188,3.0,4
746192,3.0,4
746205,12.0,13
746209,3.0,4
746222,12.0,13
746235,12.0,13
746248,12.0,13
746252,3.0,4
746256,3.0,4
746260,3.0,4
746264,3.0,4
746277,12.0,13
746290,12.0,13
746294,3.0,4
746307,12.0,13
746311,3.0,4
746324,12.0,13
746328,3.0,4
746332,3.0,4
746345,12.0,13
746358,12.0,13
746371,12.0,13
746384,12.0,13
746388,3.0,4
746401,12.0,13
746405,3.0,4
746418,12.0,13
746431,12.0,13
746444,12.0,13
746448,3.0,4
746452,3.0,4
746456,3.0,4
746469,12.0,13
746482,12.0,13
746486,3.0,4
746499,12.0,13
746512,12.0,13
746525,12.0,13
746529,3.0,4
746533,3.0,4
746537,3.0,4
746541,3.0,4
746545,3.0,4
746549,3.0,4
746553,3.0,4
746566,12.0,13
746579,12.0,13
746583,3.0,4
746587,3.0,4
746600,12.0,13
746613,12.0,13
746626,12.0,13
746639,12.0,13
746643,3.0,4
746656,12.0,13
746669,12.0,13
746682,12.0,13
746695,12.0,13
746699,3.0,4
746703,3.0,4
746716,12.0,13
746720,3.0,4
746733,12.0,13
746737,3.0,4
746741,3.0,4
746745,3.0,4
746749,3.0,4
746753,3.0,4
746766,12.0,13
746779,12.0,13
746792,12.0,13
746796,3.0,4
746800,3.0,4
746804,3.0,4
746817,12.0,13
746830,12.0,13
746834,3.0,4
746847,12.0,13
746851,3.0,4
746864,12.0,13
746868,3.0,4
746881,12.0,13
746894,12.0,13
746898,3.0,4
746902,3.0,4
746906,3.0,4
746919,12.0,13
746923,3.0,4
746936,12.0,13
746949,12.0,13
746962,12.0,13
746966,3.0,4
746979,12.0,13
746983,3.0,4
746996,12.0,13
747000,3.0,4
747013,12.0,13
747026,12.0,13
747039,12.0,13
747043,3.0,4
747056,12.0,13
747069,12.0,13
747073,3.0,4
747077,3.0,4
747081,3.0,4
747085,3.0,4
747089,3.0,4
747102,12.0,13
747115,12.0,13
747119,3.0,4
747132,12.0,13
747136,3.0,4
747140,3.0,4
747144,3.0,4
747148,3.0,4
747152,3.0,4
747165,12.0,13
747178,12.0,13
747191,12.0,13
747195,3.0,4
747199,3.0,4
747203,3.0,4
747207,3.0,4
747211,3.0,4
747215,3.0,4
747219,3.0,4
747232,12.0,13
747236,3.0,4
747240,3.0,4
747244,3.0,4
747248,3.0,4
747252,3.0,4
747265,12.0,13
747278,12.0,13
747282,3.0,4
747286,3.0,4
747299,12.0,13
747312,12.0,13
747325,12.0,13
747338,12.0,13
747351,12.0,13
747355,3.0,4
747368,12.0,13
747381,12.0,13
747394,12.0,13
747398,3.0,4
747402,3.0,4
747406,3.0,4
747410,3.0,4
747414,3.0,4
747427,12.0,13
747431,3.0,4
747435,3.0,4
747439,3.0,4
747443,3.0,4
747456,12.0,13
747469,12.0,13
747482,12.0,13
747486,3.0,4
747499,12.0,13
747512,12.0,13
747525,12.0,13
747529,3.0,4
747542,12.0,13
747555,12.0,13
747568,12.0,13
747572,3.0,4
747576,3.0,4
747589,12.0,13
747602,12.0,13
747615,12.0,13
747628,12.0,13
747641,12.0,13
747645,3.0,4
747649,3.0,4
747653,3.0,4
747666,12.0,13
747670,3.0,4
747674,3.0,4
747687,12.0,13
747700,12.0,13
747704,3.0,4
747708,3.0,4
747721,12.0,13
747734,12.0,13
747747,12.0,13
747751,3.0,4
747755,3.0,4
747759,3.0,4
747763,3.0,4
747767,3.0,4
747771,3.0,4
747775,3.0,4
747788,12.0,13
747801,12.0,13
747805,3.0,4
747818,12.0,13
747831,12.0,13
747844,12.0,13
747857,12.0,13
747861,3.0,4
747865,3.0,4
747869,3.0,4
747882,12.0,13
747886,3.0,4
747890,3.0,4
747903,12.0,13
747916,12.0,13
747929,12.0,13
747942,12.0,13
747955,12.0,13
747959,3.0,4
747972,12.0,13
747985,12.0,13
747998,12.0,13
748011,12.0,13
748024,12.0,13
748037,12.0,13
748050,12.0,13
748054,3.0,4
748058,3.0,4
748062,3.0,4
748066,3.0,4
748079,12.0,13
748083,3.0,4
748096,12.0,13
748109,12.0,13
748113,3.0,4
748117,3.0,4
748130,12.0,13
748134,3.0,4
748147,12.0,13
748151,3.0,4
748155,3.0,4
748159,3.0,4
748163,3.0,4
748167,3.0,4
748180,12.0,13
748184,3.0,4
748188,3.0,4
748201,12.0,13
748214,12.0,13
748218,3.0,4
748222,3.0,4
748226,3.0,4
748239,12.0,13
748243,3.0,4
748256,12.0,13
748260,3.0,4
748264,3.0,4
748268,3.0,4
748272,3.0,4
748285,12.0,13
748289,3.0,4
748293,3.0,4
748306,12.0,13
748319,12.0,13
748332,12.0,13
748336,3.0,4
748349,12.0,13
748353,3.0,4
748366,12.0,13
748379,12.0,13
748383,3.0,4
748387,3.0,4
748400,12.0,13
748413,12.0,13
748426,12.0,13
748430,3.0,4
748434,3.0,4
748438,3.0,4
748451,12.0,13
748455,3.0,4
748468,12.0,13
748472,3.0,4
748476,3.0,4
748489,12.0,13
748502,12.0,13
748515,12.0,13
748528,12.0,13
748532,3.0,4
748536,3.0,4
748549,12.0,13
748562,12.0,13
748566,3.0,4
748570,3.0,4
748583,12.0,13
748596,12.0,13
748609,12.0,13
748613,3.0,4
748626,12.0,13
748630,3.0,4
748634,3.0,4
748638,3.0,4
748642,3.0,4
748646,3.0,4
748659,12.0,13
748672,12.0,13
748676,3.0,4
748680,3.0,4
748684,3.0,4
748697,12.0,13
748701,3.0,4
748714,12.0,13
748718,3.0,4
748722,3.0,4
748726,3.0,4
748739,12.0,13
748752,12.0,13
748756,3.0,4
748769,12.0,13
748782,12.0,13
748786,3.0,4
748799,12.0,13
748812,12.0,13
748825,12.0,13
748829,3.0,4
748842,12.0,13
748846,3.0,4
748850,3.0,4
748863,12.0,13
748867,3.0,4
748871,3.0,4
748884,12.0,13
748888,3.0,4
748892,3.0,4
748905,12.0,13
748909,3.0,4
748913,3.0,4
748917,3.0,4
748921,3.0,4
748934,12.0,13
748947,12.0,13
748951,3.0,4
748964,12.0,13
748977,12.0,13
748990,12.0,13
748994,3.0,4
748998,3.0,4
749011,12.0,13
749024,12.0,13
749037,12.0,13
749050,12.0,13
749054,3.0,4
749067,12.0,13
749080,12.0,13
749093,12.0,13
749106,12.0,13
749119,12.0,13
749123,3.0,4
749127,3.0,4
749131,3.0,4
749144,12.0,13
749148,3.0,4
749152,3.0,4
749165,12.0,13
749169,3.0,4
749182,12.0,13
749195,12.0,13
749199,3.0,4
749212,12.0,13
749225,12.0,13
749229,3.0,4
749233,3.0,4
749237,3.0,4
749250,12.0,13
749263,12.0,13
749267,3.0,4
749271,3.0,4
749275,3.0,4
749288,12.0,13
749292,3.0,4
749305,12.0,13
749309,3.0,4
749322,12.0,13
749335,12.0,13
749348,12.0,13
749352,3.0,4
749356,3.0,4
749360,3.0,4
749373,12.0,13
749386,12.0,13
749390,3.0,4
749394,3.0,4
749398,3.0,4
749402,3.0,4
749415,12.0,13
749419,3.0,4
749423,3.0,4
749436,12.0,13
749449,12.0,13
749462,12.0,13
749475,12.0,13
749479,3.0,4
749492,12.0,13
749505,12.0,13
749509,3.0,4
749522,12.0,13
749526,3.0,4
749530,3.0,4
749534,3.0,4
749538,3.0,4
749551,12.0,13
749564,12.0,13
749577,12.0,13
749581,3.0,4
749594,12.0,13
749607,12.0,13
749611,3.0,4
749624,12.0,13
749637,12.0,13
749651,13.0,14
749664,12.0,13
749677,12.0,13
749691,13.0,14
749704,12.0,13
749717,12.0,13
749731,13.0,14
749735,3.0,4
749748,12.0,13
749761,12.0,13
749775,13.0,14
749788,12.0,13
749801,12.0,13
749814,12.0,13
749828,13.0,14
749841,12.0,13
749845,3.0,4
749858,12.0,13
749862,3.0,4
749875,12.0,13
749888,12.0,13
749902,13.0,14
749906,3.0,4
749910,3.0,4
749923,12.0,13
749927,3.0,4
749940,12.0,13
749953,12.0,13
749966,12.0,13
749979,12.0,13
749992,12.0,13
750005,12.0,13
750019,13.0,14
750033,13.0,14
750047,13.0,14
750060,12.0,13
750073,12.0,13
750077,3.0,4
750081,3.0,4
750095,13.0,14
750099,3.0,4
750103,3.0,4
750116,12.0,13
750130,13.0,14
750143,12.0,13
750156,12.0,13
750170,13.0,14
750184,13.0,14
750197,12.0,13
750210,12.0,13
750214,3.0,4
750228,13.0,14
750241,12.0,13
750254,12.0,13
750267,12.0,13
750280,12.0,13
750293,12.0,13
750307,13.0,14
750311,3.0,4
750324,12.0,13
750337,12.0,13
750350,12.0,13
750363,12.0,13
750377,13.0,14
750391,13.0,14
750404,12.0,13
750408,3.0,4
750421,12.0,13
750434,12.0,13
750447,12.0,13
750461,13.0,14
750474,12.0,13
750478,3.0,4
750491,12.0,13
750505,13.0,14
750518,12.0,13
750531,12.0,13
750544,12.0,13
750548,3.0,4
750552,3.0,4
750565,12.0,13
750578,12.0,13
750592,13.0,14
750606,13.0,14
750610,3.0,4
750623,12.0,13
750636,12.0,13
750649,12.0,13
750662,12.0,13
750676,13.0,14
750690,13.0,14
750703,12.0,13
750707,3.0,4
750720,12.0,13
750733,12.0,13
750746,12.0,13
750750,3.0,4
750763,12.0,13
750776,12.0,13
750790,13.0,14
750803,12.0,13
750817,13.0,14
750830,12.0,13
750843,12.0,13
750856,12.0,13
750869,12.0,13
750873,3.0,4
750886,12.0,13
750900,13.0,14
750904,3.0,4
750917,12.0,13
750930,12.0,13
750934,3.0,4
750947,12.0,13
750960,12.0,13
750973,12.0,13
750986,12.0,13
750999,12.0,13
751013,13.0,14
751026,12.0,13
751039,12.0,13
751052,12.0,13
751065,12.0,13
751069,3.0,4
751082,12.0,13
751095,12.0,13
751108,12.0,13
751121,12.0,13
751134,12.0,13
751147,12.0,13
751160,12.0,13
751173,12.0,13
751186,12.0,13
751199,12.0,13
751203,3.0,4
751216,12.0,13
751229,12.0,13
751242,12.0,13
751256,13.0,14
751269,12.0,13
751283,13.0,14
751287,3.0,4
751300,12.0,13
751304,3.0,4
751308,3.0,4
751312,3.0,4
751316,3.0,4
751329,12.0,13
751342,12.0,13
751355,12.0,13
751368,12.0,13
751382,13.0,14
751396,13.0,14
751409,12.0,13
751423,13.0,14
751436,12.0,13
751449,12.0,13
751463,13.0,14
751476,12.0,13
751489,12.0,13
751502,12.0,13
751506,3.0,4
751510,3.0,4
751523,12.0,13
751536,12.0,13
751549,12.0,13
751563,13.0,14
751576,12.0,13
751590,13.0,14
751604,13.0,14
751617,12.0,13
751630,12.0,13
751643,12.0,13
751656,12.0,13
751669,12.0,13
751682,12.0,13
751695,12.0,13
751708,12.0,13
751721,12.0,13
751734,12.0,13
751738,3.0,4
751751,12.0,13
751764,12.0,13
751777,12.0,13
751790,12.0,13
751794,3.0,4
751807,12.0,13
751820,12.0,13
751833,12.0,13
751846,12.0,13
751859,12.0,13
751872,12.0,13
751885,12.0,13
751898,12.0,13
751911,12.0,13
751924,12.0,13
751937,12.0,13
751950,12.0,13
751954,3.0,4
751967,12.0,13
751980,12.0,13
751993,12.0,13
752006,12.0,13
752019,12.0,13
752032,12.0,13
752045,12.0,13
752058,12.0,13
752062,3.0,4
752075,12.0,13
752088,12.0,13
752092,3.0,4
752105,12.0,13
752118,12.0,13
752131,12.0,13
752144,12.0,13
752157,12.0,13
752170,12.0,13
752183,12.0,13
752187,3.0,4
752200,12.0,13
752204,3.0,4
752217,12.0,13
752221,3.0,4
752225,3.0,4
752238,12.0,13
752251,12.0,13
752264,12.0,13
752277,12.0,13
752290,12.0,13
752303,12.0,13
752316,12.0,13
752329,12.0,13
752342,12.0,13
752346,3.0,4
752350,3.0,4
752363,12.0,13
752376,12.0,13
752380,3.0,4
752393,12.0,13
752406,12.0,13
752419,12.0,13
752432,12.0,13
752445,12.0,13
752449,3.0,4
752462,12.0,13
752466,3.0,4
752470,3.0,4
752483,12.0,13
752496,12.0,13
752509,12.0,13
752522,12.0,13
752526,3.0,4
752530,3.0,4
752543,12.0,13
752556,12.0,13
752569,12.0,13
752573,3.0,4
752586,12.0,13
752599,12.0,13
752612,12.0,13
752625,12.0,13
752638,12.0,13
752651,12.0,13
752655,3.0,4
752668,12.0,13
752672,3.0,4
752685,12.0,13
752698,12.0,13
752711,12.0,13
752715,3.0,4
752728,12.0,13
752741,12.0,13
752754,12.0,13
752767,12.0,13
752780,12.0,13
752784,3.0,4
752797,12.0,13
752801,3.0,4
752814,12.0,13
752827,12.0,13
752840,12.0,13
752853,12.0,13
752866,12.0,13
752870,3.0,4
752883,12.0,13
752896,12.0,13
752900,3.0,4
752913,12.0,13
752926,12.0,13
752939,12.0,13
752952,12.0,13
752965,12.0,13
752969,3.0,4
752973,3.0,4
752986,12.0,13
752999,12.0,13
753003,3.0,4
753016,12.0,13
753029,12.0,13
753042,12.0,13
753055,12.0,13
753068,12.0,13
753081,12.0,13
753094,12.0,13
753098,3.0,4
753102,3.0,4
753115,12.0,13
753128,12.0,13
753141,12.0,13
753154,12.0,13
753167,12.0,13
753180,12.0,13
753193,12.0,13
753206,12.0,13
753219,12.0,13
753232,12.0,13
753245,12.0,13
753249,3.0,4
753253,3.0,4
753257,3.0,4
753261,3.0,4
753274,12.0,13
753278,3.0,4
753282,3.0,4
753295,12.0,13
753308,12.0,13
753321,12.0,13
753325,3.0,4
753338,12.0,13
753351,12.0,13
753364,12.0,13
753377,12.0,13
753390,12.0,13
753394,3.0,4
753407,12.0,13
753411,3.0,4
753424,12.0,13
753437,12.0,13
753450,12.0,13
753463,12.0,13
753476,12.0,13
753489,12.0,13
753493,3.0,4
753506,12.0,13
753519,12.0,13
753532,12.0,13
753545,12.0,13
753549,3.0,4
753562,12.0,13
753575,12.0,13
753588,12.0,13
753601,12.0,13
753614,12.0,13
753627,12.0,13
753640,12.0,13
753653,12.0,13
753666,12.0,13
753679,12.0,13
753692,12.0,13
753705,12.0,13
753718,12.0,13
753731,12.0,13
753744,12.0,13
753748,3.0,4
753752,3.0,4
753765,12.0,13
753778,12.0,13
753791,12.0,13
753804,12.0,13
753808,3.0,4
753821,12.0,13
753834,12.0,13
753838,3.0,4
753851,12.0,13
753864,12.0,13
753877,12.0,13
753881,3.0,4
753894,12.0,13
753898,3.0,4
753911,12.0,13
753924,12.0,13
753937,12.0,13
753950,12.0,13
753963,12.0,13
753976,12.0,13
753980,3.0,4
753993,12.0,13
754006,12.0,13
754019,12.0,13
754032,12.0,13
754045,12.0,13
754058,12.0,13
754071,12.0,13
754084,12.0,13
754088,3.0,4
754101,12.0,13
754114,12.0,13
754127,12.0,13
754140,12.0,13
754153,12.0,13
754166,12.0,13
754179,12.0,13
754192,12.0,13
754196,3.0,4
754209,12.0,13
754222,12.0,13
754235,12.0,13
754248,12.0,13
754261,12.0,13
754274,12.0,13
754287,12.0,13
754291,3.0,4
754295,3.0,4
754308,12.0,13
754312,3.0,4
754325,12.0,13
754338,12.0,13
754351,12.0,13
754364,12.0,13
754377,12.0,13
754390,12.0,13
754403,12.0,13
754416,12.0,13
754429,12.0,13
754442,12.0,13
754455,12.0,13
754459,3.0,4
754472,12.0,13
754485,12.0,13
754498,12.0,13
754511,12.0,13
754524,12.0,13
754537,12.0,13
754550,12.0,13
754563,12.0,13
754576,12.0,13
754589,12.0,13
754602,12.0,13
754615,12.0,13
754628,12.0,13
754641,12.0,13
754654,12.0,13
754667,12.0,13
754680,12.0,13
754693,12.0,13
754706,12.0,13
754710,3.0,4
754714,3.0,4
754718,3.0,4
754731,12.0,13
754744,12.0,13
754757,12.0,13
754761,3.0,4
754774,12.0,13
754787,12.0,13
754800,12.0,13
754804,3.0,4
754808,3.0,4
754821,12.0,13
754834,12.0,13
754847,12.0,13
754860,12.0,13
754864,3.0,4
754877,12.0,13
754881,3.0,4
754894,12.0,13
754898,3.0,4
754911,12.0,13
754924,12.0,13
754937,12.0,13
754950,12.0,13
754963,12.0,13
754976,12.0,13
754980,3.0,4
754993,12.0,13
755006,12.0,13
755019,12.0,13
755032,12.0,13
755045,12.0,13
755049,3.0,4
755062,12.0,13
755075,12.0,13
755088,12.0,13
755101,12.0,13
755114,12.0,13
755127,12.0,13
755131,3.0,4
755144,12.0,13
755157,12.0,13
755170,12.0,13
755183,12.0,13
755196,12.0,13
755209,12.0,13
755222,12.0,13
755235,12.0,13
755248,12.0,13
755261,12.0,13
755274,12.0,13
755278,3.0,4
755291,12.0,13
755304,12.0,13
755308,3.0,4
755321,12.0,13
755334,12.0,13
755347,12.0,13
755360,12.0,13
755364,3.0,4
755377,12.0,13
755381,3.0,4
755394,12.0,13
755407,12.0,13
755420,12.0,13
755433,12.0,13
755446,12.0,13
755459,12.0,13
755472,12.0,13
755485,12.0,13
755498,12.0,13
755511,12.0,13
755524,12.0,13
755537,12.0,13
755550,12.0,13
755563,12.0,13
755576,12.0,13
755589,12.0,13
755602,12.0,13
755615,12.0,13
755628,12.0,13
755641,12.0,13
755654,12.0,13
755658,3.0,4
755671,12.0,13
755684,12.0,13
755697,12.0,13
755710,12.0,13
755724,13.0,14
755738,13.0,14
755752,13.0,14
755766,13.0,14
755780,13.0,14
755794,13.0,14
755808,13.0,14
755822,13.0,14
755836,13.0,14
755850,13.0,14
755864,13.0,14
755878,13.0,14
755892,13.0,14
755906,13.0,14
755920,13.0,14
755934,13.0,14
755948,13.0,14
755962,13.0,14
755976,13.0,14
755990,13.0,14
756004,13.0,14
756018,13.0,14
756032,13.0,14
756046,13.0,14
756060,13.0,14
756074,13.0,14
756088,13.0,14
756102,13.0,14
756116,13.0,14
756130,13.0,14
756144,13.0,14
756158,13.0,14
756172,13.0,14
756186,13.0,14
756200,13.0,14
756214,13.0,14
756228,13.0,14
756242,13.0,14
756256,13.0,14
756270,13.0,14
756284,13.0,14
756298,13.0,14
756312,13.0,14
756326,13.0,14
756340,13.0,14
756354,13.0,14
756368,13.0,14
756382,13.0,14
756396,13.0,14
756410,13.0,14
756424,13.0,14
756438,13.0,14
756452,13.0,14
756456,3.0,4
756470,13.0,14
756484,13.0,14
756498,13.0,14
756512,13.0,14
756526,13.0,14
756540,13.0,14
756554,13.0,14
756568,13.0,14
756582,13.0,14
756596,13.0,14
756610,13.0,14
756624,13.0,14
756638,13.0,14
756652,13.0,14
756666,13.0,14
756680,13.0,14
756694,13.0,14
756708,13.0,14
756722,13.0,14
756736,13.0,14
756750,13.0,14
756764,13.0,14
756778,13.0,14
756792,13.0,14
756806,13.0,14
756820,13.0,14
756834,13.0,14
756848,13.0,14
756862,13.0,14
756876,13.0,14
756890,13.0,14
756904,13.0,14
756918,13.0,14
756932,13.0,14
756946,13.0,14
756960,13.0,14
756974,13.0,14
756988,13.0,14
757002,13.0,14
757016,13.0,14
757030,13.0,14
757044,13.0,14
757048,3.0,4
757062,13.0,14
757076,13.0,14
757090,13.0,14
757104,13.0,14
757118,13.0,14
757132,13.0,14
757146,13.0,14
757160,13.0,14
757174,13.0,14
757178,3.0,4
757192,13.0,14
757206,13.0,14
757220,13.0,14
757234,13.0,14
757248,13.0,14
757262,13.0,14
757276,13.0,14
757290,13.0,14
757304,13.0,14
757318,13.0,14
757332,13.0,14
757346,13.0,14
757360,13.0,14
757374,13.0,14
757388,13.0,14
757402,13.0,14
757416,13.0,14
757430,13.0,14
757444,13.0,14
757458,13.0,14
757472,13.0,14
757486,13.0,14
757500,13.0,14
757514,13.0,14
757528,13.0,14
757542,13.0,14
757556,13.0,14
757570,13.0,14
757584,13.0,14
757598,13.0,14
757612,13.0,14
757626,13.0,14
757640,13.0,14
757654,13.0,14
757668,13.0,14
757682,13.0,14
757696,13.0,14
757710,13.0,14
757724,13.0,14
757738,13.0,14
757752,13.0,14
757766,13.0,14
757780,13.0,14
757794,13.0,14
757808,13.0,14
757822,13.0,14
757836,13.0,14
757850,13.0,14
757864,13.0,14
757878,13.0,14
757892,13.0,14
757896,3.0,4
757910,13.0,14
757924,13.0,14
757938,13.0,14
757952,13.0,14
757966,13.0,14
757980,13.0,14
757994,13.0,14
758008,13.0,14
758022,13.0,14
758036,13.0,14
758050,13.0,14
758064,13.0,14
758078,13.0,14
758092,13.0,14
758106,13.0,14
758120,13.0,14
758134,13.0,14
758148,13.0,14
758162,13.0,14
758176,13.0,14
758180,3.0,4
758194,13.0,14
758208,13.0,14
758222,13.0,14
758236,13.0,14
758250,13.0,14
758264,13.0,14
758278,13.0,14
758292,13.0,14
758306,13.0,14
758320,13.0,14
758334,13.0,14
758348,13.0,14
758362,13.0,14
758376,13.0,14
758390,13.0,14
758404,13.0,14
758418,13.0,14
758432,13.0,14
758446,13.0,14
758460,13.0,14
758474,13.0,14
758488,13.0,14
758502,13.0,14
758516,13.0,14
758530,13.0,14
758544,13.0,14
758558,13.0,14
758572,13.0,14
758586,13.0,14
758600,13.0,14
758614,13.0,14
758628,13.0,14
758642,13.0,14
758656,13.0,14
758670,13.0,14
758684,13.0,14
758698,13.0,14
758712,13.0,14
758726,13.0,14
758740,13.0,14
758754,13.0,14
758768,13.0,14
758782,13.0,14
758796,13.0,14
758810,13.0,14
758824,13.0,14
758838,13.0,14
758852,13.0,14
758866,13.0,14
758870,3.0,4
758884,13.0,14
758898,13.0,14
758912,13.0,14
758926,13.0,14
758940,13.0,14
758954,13.0,14
758968,13.0,14
758982,13.0,14
758996,13.0,14
759010,13.0,14
759024,13.0,14
759038,13.0,14
759052,13.0,14
759066,13.0,14
759080,13.0,14
759094,13.0,14
759108,13.0,14
759122,13.0,14
759136,13.0,14
759150,13.0,14
759164,13.0,14
759178,13.0,14
759192,13.0,14
759206,13.0,14
759220,13.0,14
759224,3.0,4
759238,13.0,14
759252,13.0,14
759266,13.0,14
759280,13.0,14
759294,13.0,14
759308,13.0,14
759322,13.0,14
759336,13.0,14
759350,13.0,14
759364,13.0,14
759378,13.0,14
759392,13.0,14
759406,13.0,14
759420,13.0,14
759434,13.0,14
759448,13.0,14
759462,13.0,14
759476,13.0,14
759490,13.0,14
759504,13.0,14
759518,13.0,14
759532,13.0,14
759546,13.0,14
759560,13.0,14
759574,13.0,14
759588,13.0,14
759602,13.0,14
759616,13.0,14
759630,13.0,14
759644,13.0,14
759658,13.0,14
759672,13.0,14
759686,13.0,14
759700,13.0,14
759714,13.0,14
759728,13.0,14
759742,13.0,14
759756,13.0,14
759770,13.0,14
759784,13.0,14
759798,13.0,14
759812,13.0,14
759826,13.0,14
759840,13.0,14
759854,13.0,14
759858,3.0,4
759872,13.0,14
759886,13.0,14
759900,13.0,14
759914,13.0,14
759928,13.0,14
759942,13.0,14
759956,13.0,14
759970,13.0,14
759984,13.0,14
759998,13.0,14
760002,3.0,4
760016,13.0,14
760030,13.0,14
760044,13.0,14
760058,13.0,14
760072,13.0,14
760086,13.0,14
760100,13.0,14
760104,3.0,4
760118,13.0,14
760132,13.0,14
760146,13.0,14
760160,13.0,14
760174,13.0,14
760188,13.0,14
760202,13.0,14
760216,13.0,14
760230,13.0,14
760244,13.0,14
760258,13.0,14
760272,13.0,14
760286,13.0,14
760300,13.0,14
760314,13.0,14
760318,3.0,4
760322,3.0,4
760336,13.0,14
760350,13.0,14
760364,13.0,14
760378,13.0,14
760392,13.0,14
760396,3.0,4
760410,13.0,14
760424,13.0,14
760438,13.0,14
760452,13.0,14
760466,13.0,14
760480,13.0,14
760494,13.0,14
760508,13.0,14
760522,13.0,14
760536,13.0,14
760550,13.0,14
760564,13.0,14
760578,13.0,14
760592,13.0,14
760606,13.0,14
760620,13.0,14
760634,13.0,14
760648,13.0,14
760662,13.0,14
760676,13.0,14
760690,13.0,14
760704,13.0,14
760718,13.0,14
760732,13.0,14
760746,13.0,14
760760,13.0,14
760764,3.0,4
760778,13.0,14
760792,13.0,14
760806,13.0,14
760810,3.0,4
760824,13.0,14
760838,13.0,14
760852,13.0,14
760866,13.0,14
760880,13.0,14
760894,13.0,14
760908,13.0,14
760922,13.0,14
760936,13.0,14
760950,13.0,14
760964,13.0,14
760978,13.0,14
760992,13.0,14
761006,13.0,14
761010,3.0,4
761024,13.0,14
761038,13.0,14
761052,13.0,14
761066,13.0,14
761080,13.0,14
761094,13.0,14
761108,13.0,14
761122,13.0,14
761126,3.0,4
761140,13.0,14
761154,13.0,14
761168,13.0,14
761172,3.0,4
761186,13.0,14
761200,13.0,14
761214,13.0,14
761228,13.0,14
761242,13.0,14
761256,13.0,14
761260,3.0,4
761274,13.0,14
761288,13.0,14
761302,13.0,14
761316,13.0,14
761330,13.0,14
761344,13.0,14
761358,13.0,14
761372,13.0,14
761386,13.0,14
761400,13.0,14
761414,13.0,14
761418,3.0,4
761432,13.0,14
761446,13.0,14
761460,13.0,14
761474,13.0,14
761488,13.0,14
761492,3.0,4
761506,13.0,14
761520,13.0,14
761534,13.0,14
761548,13.0,14
761562,13.0,14
761576,13.0,14
761590,13.0,14
761594,3.0,4
761608,13.0,14
761622,13.0,14
761636,13.0,14
761650,13.0,14
761664,13.0,14
761678,13.0,14
761692,13.0,14
761706,13.0,14
761720,13.0,14
761724,3.0,4
761738,13.0,14
761752,13.0,14
761766,13.0,14
761780,13.0,14
761794,13.0,14
761808,13.0,14
761822,13.0,14
761836,13.0,14
761850,13.0,14
761864,13.0,14
761878,13.0,14
761892,13.0,14
761906,13.0,14
761920,13.0,14
761934,13.0,14
761948,13.0,14
761962,13.0,14
761976,13.0,14
761980,3.0,4
761994,13.0,14
762008,13.0,14
762022,13.0,14
762036,13.0,14
762050,13.0,14
762064,13.0,14
762078,13.0,14
762092,13.0,14
762106,13.0,14
762120,13.0,14
762134,13.0,14
762138,3.0,4
762152,13.0,14
762166,13.0,14
762170,3.0,4
762184,13.0,14
762188,3.0,4
762202,13.0,14
762216,13.0,14
762230,13.0,14
762244,13.0,14
762258,13.0,14
762272,13.0,14
762286,13.0,14
762300,13.0,14
762314,13.0,14
762328,13.0,14
762342,13.0,14
762356,13.0,14
762370,13.0,14
762384,13.0,14
762398,13.0,14
762412,13.0,14
762426,13.0,14
762440,13.0,14
762454,13.0,14
762468,13.0,14
762482,13.0,14
762496,13.0,14
762510,13.0,14
762524,13.0,14
762538,13.0,14
762552,13.0,14
762566,13.0,14
762580,13.0,14
762594,13.0,14
762608,13.0,14
762612,3.0,4
762626,13.0,14
762640,13.0,14
762654,13.0,14
762668,13.0,14
762682,13.0,14
762686,3.0,4
762700,13.0,14
762714,13.0,14
762728,13.0,14
762732,3.0,4
762746,13.0,14
762760,13.0,14
762764,3.0,4
762778,13.0,14
762792,13.0,14
762806,13.0,14
762820,13.0,14
762834,13.0,14
762848,13.0,14
762862,13.0,14
762876,13.0,14
762890,13.0,14
762904,13.0,14
762918,13.0,14
762932,13.0,14
762946,13.0,14
762960,13.0,14
762974,13.0,14
762988,13.0,14
763002,13.0,14
763016,13.0,14
763030,13.0,14
763044,13.0,14
763058,13.0,14
763072,13.0,14
763086,13.0,14
763100,13.0,14
763114,13.0,14
763128,13.0,14
763142,13.0,14
763156,13.0,14
763170,13.0,14
763184,13.0,14
763198,13.0,14
763212,13.0,14
763226,13.0,14
763240,13.0,14
763254,13.0,14
763268,13.0,14
763282,13.0,14
763296,13.0,14
763310,13.0,14
763324,13.0,14
763338,13.0,14
763352,13.0,14
763366,13.0,14
763380,13.0,14
763394,13.0,14
763408,13.0,14
763422,13.0,14
763436,13.0,14
763450,13.0,14
763464,13.0,14
763478,13.0,14
763492,13.0,14
763506,13.0,14
763520,13.0,14
763534,13.0,14
763548,13.0,14
763562,13.0,14
763566,3.0,4
763580,13.0,14
763594,13.0,14
763598,3.0,4
763612,13.0,14
763626,13.0,14
763640,13.0,14
763644,3.0,4
763658,13.0,14
763672,13.0,14
763686,13.0,14
763700,13.0,14
763714,13.0,14
763728,13.0,14
763742,13.0,14
763755,12.0,13
763769,13.0,14
763783,13.0,14
763797,13.0,14
763811,13.0,14
763825,13.0,14
763839,13.0,14
763853,13.0,14
763867,13.0,14
763881,13.0,14
763895,13.0,14
763909,13.0,14
763923,13.0,14
763937,13.0,14
763951,13.0,14
763965,13.0,14
763979,13.0,14
763993,13.0,14
764007,13.0,14
764021,13.0,14
764035,13.0,14
764049,13.0,14
764063,13.0,14
764077,13.0,14
764091,13.0,14
764105,13.0,14
764119,13.0,14
764133,13.0,14
764147,13.0,14
764161,13.0,14
764175,13.0,14
764189,13.0,14
764203,13.0,14
764217,13.0,14
764231,13.0,14
764245,13.0,14
764259,13.0,14
764273,13.0,14
764287,13.0,14
764301,13.0,14
764315,13.0,14
764329,13.0,14
764343,13.0,14
764357,13.0,14
764371,13.0,14
764385,13.0,14
764399,13.0,14
764413,13.0,14
764427,13.0,14
764441,13.0,14
764455,13.0,14
764469,13.0,14
764483,13.0,14
764497,13.0,14
764511,13.0,14
764525,13.0,14
764539,13.0,14
764553,13.0,14
764567,13.0,14
764581,13.0,14
764595,13.0,14
764609,13.0,14
764623,13.0,14
764637,13.0,14
764651,13.0,14
764665,13.0,14
764679,13.0,14
764693,13.0,14
764707,13.0,14
764721,13.0,14
764735,13.0,14
764749,13.0,14
764763,13.0,14
764777,13.0,14
764791,13.0,14
764805,13.0,14
764819,13.0,14
764833,13.0,14
764847,13.0,14
764861,13.0,14
764875,13.0,14
764889,13.0,14
764904,14.0,15
764918,13.0,14
764932,13.0,14
764946,13.0,14
764960,13.0,14
764974,13.0,14
764988,13.0,14
765002,13.0,14
765016,13.0,14
765030,13.0,14
765044,13.0,14
765058,13.0,14
765072,13.0,14
765086,13.0,14
765100,13.0,14
765114,13.0,14
765128,13.0,14
765142,13.0,14
765156,13.0,14
765170,13.0,14
765184,13.0,14
765198,13.0,14
765212,13.0,14
765226,13.0,14
765240,13.0,14
765254,13.0,14
765268,13.0,14
765282,13.0,14
765296,13.0,14
765310,13.0,14
765324,13.0,14
765338,13.0,14
765352,13.0,14
765366,13.0,14
765380,13.0,14
765394,13.0,14
765408,13.0,14
765422,13.0,14
765436,13.0,14
765450,13.0,14
765464,13.0,14
765478,13.0,14
765492,13.0,14
765506,13.0,14
765520,13.0,14
765534,13.0,14
765548,13.0,14
765562,13.0,14
765576,13.0,14
765590,13.0,14
765604,13.0,14
765618,13.0,14
765632,13.0,14
765646,13.0,14
765660,13.0,14
765674,13.0,14
765688,13.0,14
765702,13.0,14
765716,13.0,14
765730,13.0,14
765744,13.0,14
765758,13.0,14
765772,13.0,14
765786,13.0,14
765800,13.0,14
765814,13.0,14
765828,13.0,14
765842,13.0,14
765856,13.0,14
765870,13.0,14
765884,13.0,14
765898,13.0,14
765912,13.0,14
765926,13.0,14
765940,13.0,14
765954,13.0,14
765969,14.0,15
765984,14.0,15
765999,14.0,15
766014,14.0,15
766029,14.0,15
766044,14.0,15
766058,13.0,14
766073,14.0,15
766087,13.0,14
766102,14.0,15
766117,14.0,15
766132,14.0,15
766146,13.0,14
766161,14.0,15
766176,14.0,15
766191,14.0,15
766205,13.0,14
766220,14.0,15
766234,13.0,14
766248,13.0,14
766263,14.0,15
766277,13.0,14
766292,14.0,15
766307,14.0,15
766322,14.0,15
766337,14.0,15
766352,14.0,15
766367,14.0,15
766382,14.0,15
766397,14.0,15
766411,13.0,14
766426,14.0,15
766441,14.0,15
766456,14.0,15
766471,14.0,15
766486,14.0,15
766500,13.0,14
766515,14.0,15
766530,14.0,15
766545,14.0,15
766560,14.0,15
766575,14.0,15
766590,14.0,15
766605,14.0,15
766620,14.0,15
766635,14.0,15
766650,14.0,15
766665,14.0,15
766680,14.0,15
766695,14.0,15
766709,13.0,14
766724,14.0,15
766739,14.0,15
766754,14.0,15
766769,14.0,15
766784,14.0,15
766798,13.0,14
766813,14.0,15
766828,14.0,15
766843,14.0,15
766858,14.0,15
766873,14.0,15
766888,14.0,15
766903,14.0,15
766918,14.0,15
766933,14.0,15
766948,14.0,15
766963,14.0,15
766978,14.0,15
766993,14.0,15
767008,14.0,15
767023,14.0,15
767038,14.0,15
767053,14.0,15
767068,14.0,15
767083,14.0,15
767098,14.0,15
767113,14.0,15
767128,14.0,15
767143,14.0,15
767158,14.0,15
767173,14.0,15
767187,13.0,14
767201,13.0,14
767216,14.0,15
767231,14.0,15
767246,14.0,15
767260,13.0,14
767275,14.0,15
767290,14.0,15
767305,14.0,15
767320,14.0,15
767335,14.0,15
767350,14.0,15
767365,14.0,15
767380,14.0,15
767395,14.0,15
767410,14.0,15
767425,14.0,15
767440,14.0,15
767455,14.0,15
767469,13.0,14
767484,14.0,15
767499,14.0,15
767514,14.0,15
767528,13.0,14
767543,14.0,15
767558,14.0,15
767573,14.0,15
767587,13.0,14
767601,13.0,14
767616,14.0,15
767631,14.0,15
767646,14.0,15
767661,14.0,15
767675,13.0,14
767690,14.0,15
767705,14.0,15
767720,14.0,15
767735,14.0,15
767750,14.0,15
767765,14.0,15
767780,14.0,15
767795,14.0,15
767810,14.0,15
767825,14.0,15
767840,14.0,15
767855,14.0,15
767870,14.0,15
767885,14.0,15
767900,14.0,15
767914,13.0,14
767929,14.0,15
767944,14.0,15
767959,14.0,15
767974,14.0,15
767989,14.0,15
768004,14.0,15
768019,14.0,15
768034,14.0,15
768049,14.0,15
768064,14.0,15
768079,14.0,15
768094,14.0,15
768109,14.0,15
768124,14.0,15
768139,14.0,15
768154,14.0,15
768169,14.0,15
768184,14.0,15
768199,14.0,15
768213,13.0,14
768227,13.0,14
768242,14.0,15
768257,14.0,15
768272,14.0,15
768286,13.0,14
768301,14.0,15
768316,14.0,15
768331,14.0,15
768346,14.0,15
768360,13.0,14
768375,14.0,15
768389,13.0,14
768404,14.0,15
768418,13.0,14
768433,14.0,15
768448,14.0,15
768463,14.0,15
768478,14.0,15
768493,14.0,15
768508,14.0,15
768523,14.0,15
768538,14.0,15
768553,14.0,15
768568,14.0,15
768583,14.0,15
768598,14.0,15
768613,14.0,15
768627,13.0,14
768642,14.0,15
768657,14.0,15
768672,14.0,15
768687,14.0,15
768702,14.0,15
768717,14.0,15
768732,14.0,15
768747,14.0,15
768762,14.0,15
768777,14.0,15
768792,14.0,15
768807,14.0,15
768822,14.0,15
768837,14.0,15
768852,14.0,15
768867,14.0,15
768882,14.0,15
768897,14.0,15
768912,14.0,15
768927,14.0,15
768942,14.0,15
768957,14.0,15
768972,14.0,15
768987,14.0,15
769002,14.0,15
769017,14.0,15
769032,14.0,15
769046,13.0,14
769061,14.0,15
769076,14.0,15
769091,14.0,15
769106,14.0,15
769121,14.0,15
769136,14.0,15
769151,14.0,15
769166,14.0,15
769181,14.0,15
769196,14.0,15
769210,13.0,14
769225,14.0,15
769240,14.0,15
769255,14.0,15
769270,14.0,15
769285,14.0,15
769300,14.0,15
769315,14.0,15
769330,14.0,15
769345,14.0,15
769360,14.0,15
769375,14.0,15
769390,14.0,15
769405,14.0,15
769420,14.0,15
769435,14.0,15
769450,14.0,15
769465,14.0,15
769480,14.0,15
769495,14.0,15
769510,14.0,15
769525,14.0,15
769540,14.0,15
769555,14.0,15
769570,14.0,15
769585,14.0,15
769600,14.0,15
769615,14.0,15
769630,14.0,15
769645,14.0,15
769660,14.0,15
769675,14.0,15
769690,14.0,15
769705,14.0,15
769720,14.0,15
769735,14.0,15
769750,14.0,15
769765,14.0,15
769780,14.0,15
769795,14.0,15
769810,14.0,15
769824,13.0,14
769839,14.0,15
769854,14.0,15
769869,14.0,15
769884,14.0,15
769899,14.0,15
769914,14.0,15
769929,14.0,15
769944,14.0,15
769959,14.0,15
769974,14.0,15
769989,14.0,15
770004,14.0,15
770019,14.0,15
770034,14.0,15
770049,14.0,15
770063,13.0,14
770078,14.0,15
770092,13.0,14
770106,13.0,14
770121,14.0,15
770136,14.0,15
770151,14.0,15
770165,13.0,14
770180,14.0,15
770194,13.0,14
770208,13.0,14
770222,13.0,14
770236,13.0,14
770250,13.0,14
770265,14.0,15
770279,13.0,14
770293,13.0,14
770307,13.0,14
770321,13.0,14
770336,14.0,15
770350,13.0,14
770364,13.0,14
770378,13.0,14
770393,14.0,15
770408,14.0,15
770423,14.0,15
770437,13.0,14
770452,14.0,15
770467,14.0,15
770481,13.0,14
770496,14.0,15
770510,13.0,14
770524,13.0,14
770539,14.0,15
770554,14.0,15
770568,13.0,14
770582,13.0,14
770597,14.0,15
770611,13.0,14
770625,13.0,14
770640,14.0,15
770654,13.0,14
770668,13.0,14
770682,13.0,14
770696,13.0,14
770711,14.0,15
770725,13.0,14
770740,14.0,15
770755,14.0,15
770770,14.0,15
770784,13.0,14
770798,13.0,14
770813,14.0,15
770828,14.0,15
770843,14.0,15
770857,13.0,14
770871,13.0,14
770885,13.0,14
770900,14.0,15
770915,14.0,15
770929,13.0,14
770943,13.0,14
770957,13.0,14
770972,14.0,15
770987,14.0,15
771002,14.0,15
771017,14.0,15
771032,14.0,15
771047,14.0,15
771062,14.0,15
771077,14.0,15
771092,14.0,15
771106,13.0,14
771120,13.0,14
771135,14.0,15
771150,14.0,15
771165,14.0,15
771179,13.0,14
771193,13.0,14
771208,14.0,15
771223,14.0,15
771237,13.0,14
771251,13.0,14
771265,13.0,14
771279,13.0,14
771293,13.0,14
771307,13.0,14
771321,13.0,14
771336,14.0,15
771350,13.0,14
771364,13.0,14
771378,13.0,14
771392,13.0,14
771396,3.0,4
771411,14.0,15
771425,13.0,14
771440,14.0,15
771454,13.0,14
771469,14.0,15
771483,13.0,14
771497,13.0,14
771511,13.0,14
771525,13.0,14
771540,14.0,15
771554,13.0,14
771568,13.0,14
771582,13.0,14
771596,13.0,14
771610,13.0,14
771624,13.0,14
771638,13.0,14
771653,14.0,15
771668,14.0,15
771682,13.0,14
771697,14.0,15
771711,13.0,14
771726,14.0,15
771740,13.0,14
771754,13.0,14
771769,14.0,15
771783,13.0,14
771798,14.0,15
771813,14.0,15
771828,14.0,15
771843,14.0,15
771857,13.0,14
771872,14.0,15
771886,13.0,14
771900,13.0,14
771914,13.0,14
771929,14.0,15
771944,14.0,15
771958,13.0,14
771972,13.0,14
771987,14.0,15
772001,13.0,14
772016,14.0,15
772031,14.0,15
772045,13.0,14
772060,14.0,15
772075,14.0,15
772089,13.0,14
772104,14.0,15
772119,14.0,15
772134,14.0,15
772149,14.0,15
772164,14.0,15
772179,14.0,15
772194,14.0,15
772209,14.0,15
772224,14.0,15
772238,13.0,14
772253,14.0,15
772268,14.0,15
772283,14.0,15
772298,14.0,15
772312,13.0,14
772327,14.0,15
772342,14.0,15
772357,14.0,15
772372,14.0,15
772387,14.0,15
772402,14.0,15
772417,14.0,15
772432,14.0,15
772447,14.0,15
772462,14.0,15
772477,14.0,15
772492,14.0,15
772507,14.0,15
772521,13.0,14
772536,14.0,15
772551,14.0,15
772566,14.0,15
772581,14.0,15
772596,14.0,15
772611,14.0,15
772626,14.0,15
772641,14.0,15
772656,14.0,15
772671,14.0,15
772686,14.0,15
772701,14.0,15
772716,14.0,15
772730,13.0,14
772745,14.0,15
772760,14.0,15
772774,13.0,14
772789,14.0,15
772804,14.0,15
772819,14.0,15
772834,14.0,15
772849,14.0,15
772864,14.0,15
772879,14.0,15
772894,14.0,15
772909,14.0,15
772924,14.0,15
772939,14.0,15
772954,14.0,15
772969,14.0,15
772984,14.0,15
772999,14.0,15
773014,14.0,15
773029,14.0,15
773044,14.0,15
773059,14.0,15
773074,14.0,15
773089,14.0,15
773104,14.0,15
773119,14.0,15
773134,14.0,15
773149,14.0,15
773164,14.0,15
773178,13.0,14
773193,14.0,15
773208,14.0,15
773223,14.0,15
773238,14.0,15
773253,14.0,15
773268,14.0,15
773283,14.0,15
773298,14.0,15
773313,14.0,15
773328,14.0,15
773343,14.0,15
773358,14.0,15
773373,14.0,15
773388,14.0,15
773403,14.0,15
773418,14.0,15
773433,14.0,15
773448,14.0,15
773463,14.0,15
773478,14.0,15
773493,14.0,15
773508,14.0,15
773523,14.0,15
773538,14.0,15
773553,14.0,15
773568,14.0,15
773583,14.0,15
773597,13.0,14
773612,14.0,15
773627,14.0,15
773642,14.0,15
773657,14.0,15
773672,14.0,15
773687,14.0,15
773702,14.0,15
773717,14.0,15
773732,14.0,15
773747,14.0,15
773762,14.0,15
773777,14.0,15
773792,14.0,15
773807,14.0,15
773822,14.0,15
773836,13.0,14
773851,14.0,15
773866,14.0,15
773881,14.0,15
773896,14.0,15
773911,14.0,15
773926,14.0,15
773940,13.0,14
773955,14.0,15
773970,14.0,15
773985,14.0,15
774000,14.0,15
774015,14.0,15
774030,14.0,15
774045,14.0,15
774060,14.0,15
774075,14.0,15
774090,14.0,15
774105,14.0,15
774120,14.0,15
774135,14.0,15
774150,14.0,15
774165,14.0,15
774180,14.0,15
774195,14.0,15
774210,14.0,15
774225,14.0,15
774240,14.0,15
774255,14.0,15
774270,14.0,15
774285,14.0,15
774300,14.0,15
774315,14.0,15
774330,14.0,15
774345,14.0,15
774360,14.0,15
774375,14.0,15
774390,14.0,15
774405,14.0,15
774420,14.0,15
774435,14.0,15
774450,14.0,15
774465,14.0,15
774480,14.0,15
774495,14.0,15
774510,14.0,15
774525,14.0,15
774540,14.0,15
774555,14.0,15
774570,14.0,15
774585,14.0,15
774600,14.0,15
774615,14.0,15
774630,14.0,15
774645,14.0,15
774660,14.0,15
774675,14.0,15
774690,14.0,15
774705,14.0,15
774720,14.0,15
774735,14.0,15
774750,14.0,15
774765,14.0,15
774780,14.0,15
774795,14.0,15
774810,14.0,15
774825,14.0,15
774840,14.0,15
774855,14.0,15
774870,14.0,15
774885,14.0,15
774900,14.0,15
774915,14.0,15
774930,14.0,15
774945,14.0,15
774960,14.0,15
774975,14.0,15
774990,14.0,15
775005,14.0,15
775020,14.0,15
775035,14.0,15
775050,14.0,15
775065,14.0,15
775080,14.0,15
775095,14.0,15
775110,14.0,15
775125,14.0,15
775140,14.0,15
775155,14.0,15
775170,14.0,15
775185,14.0,15
775200,14.0,15
775215,14.0,15
775230,14.0,15
775245,14.0,15
775260,14.0,15
775275,14.0,15
775290,14.0,15
775305,14.0,15
775320,14.0,15
775335,14.0,15
775350,14.0,15
775365,14.0,15
775380,14.0,15
775395,14.0,15
775410,14.0,15
775425,14.0,15
775440,14.0,15
775455,14.0,15
775470,14.0,15
775485,14.0,15
775500,14.0,15
775515,14.0,15
775530,14.0,15
775545,14.0,15
775560,14.0,15
775575,14.0,15
775590,14.0,15
775605,14.0,15
775620,14.0,15
775635,14.0,15
775650,14.0,15
775665,14.0,15
775680,14.0,15
775695,14.0,15
775710,14.0,15
775725,14.0,15
775740,14.0,15
775755,14.0,15
775770,14.0,15
775785,14.0,15
775800,14.0,15
775815,14.0,15
775830,14.0,15
775845,14.0,15
775860,14.0,15
775875,14.0,15
775890,14.0,15
775905,14.0,15
775920,14.0,15
775935,14.0,15
775950,14.0,15
775965,14.0,15
775980,14.0,15
775995,14.0,15
776010,14.0,15
776025,14.0,15
776040,14.0,15
776055,14.0,15
776070,14.0,15
776085,14.0,15
776100,14.0,15
776115,14.0,15
776130,14.0,15
776145,14.0,15
776160,14.0,15
776175,14.0,15
776190,14.0,15
776205,14.0,15
776220,14.0,15
776235,14.0,15
776250,14.0,15
776265,14.0,15
776280,14.0,15
776295,14.0,15
776310,14.0,15
776325,14.0,15
776340,14.0,15
776355,14.0,15
776370,14.0,15
776385,14.0,15
776400,14.0,15
776415,14.0,15
776430,14.0,15
776445,14.0,15
776460,14.0,15
776475,14.0,15
776490,14.0,15
776505,14.0,15
776520,14.0,15
776535,14.0,15
776550,14.0,15
776565,14.0,15
776580,14.0,15
776595,14.0,15
776610,14.0,15
776625,14.0,15
776640,14.0,15
776655,14.0,15
776670,14.0,15
776685,14.0,15
776700,14.0,15
776715,14.0,15
776730,14.0,15
776745,14.0,15
776760,14.0,15
776775,14.0,15
776790,14.0,15
776805,14.0,15
776820,14.0,15
776835,14.0,15
776850,14.0,15
776865,14.0,15
776880,14.0,15
776895,14.0,15
776910,14.0,15
776925,14.0,15
776940,14.0,15
776955,14.0,15
776970,14.0,15
776985,14.0,15
777000,14.0,15
777015,14.0,15
777030,14.0,15
777045,14.0,15
777060,14.0,15
777075,14.0,15
777090,14.0,15
777105,14.0,15
777120,14.0,15
777135,14.0,15
777150,14.0,15
777165,14.0,15
777180,14.0,15
777195,14.0,15
777210,14.0,15
777225,14.0,15
777240,14.0,15
777255,14.0,15
777270,14.0,15
777285,14.0,15
777300,14.0,15
777315,14.0,15
777330,14.0,15
777345,14.0,15
777360,14.0,15
777375,14.0,15
777390,14.0,15
777405,14.0,15
777420,14.0,15
777435,14.0,15
777450,14.0,15
777465,14.0,15
777480,14.0,15
777495,14.0,15
777510,14.0,15
777525,14.0,15
777540,14.0,15
777555,14.0,15
777570,14.0,15
777585,14.0,15
777600,14.0,15
777615,14.0,15
777630,14.0,15
777645,14.0,15
777660,14.0,15
777675,14.0,15
777690,14.0,15
777705,14.0,15
777720,14.0,15
777735,14.0,15
777750,14.0,15
777765,14.0,15
777780,14.0,15
777795,14.0,15
777810,14.0,15
777825,14.0,15
777840,14.0,15
777855,14.0,15
777870,14.0,15
777885,14.0,15
777900,14.0,15
777915,14.0,15
777930,14.0,15
777945,14.0,15
777960,14.0,15
777975,14.0,15
777990,14.0,15
778005,14.0,15
778020,14.0,15
778035,14.0,15
778050,14.0,15
778065,14.0,15
778080,14.0,15
778095,14.0,15
778110,14.0,15
778125,14.0,15
778140,14.0,15
778155,14.0,15
778170,14.0,15
778185,14.0,15
778200,14.0,15
778215,14.0,15
778230,14.0,15
778245,14.0,15
778260,14.0,15
778275,14.0,15
778290,14.0,15
778305,14.0,15
778320,14.0,15
778335,14.0,15
778350,14.0,15
778365,14.0,15
778380,14.0,15
778395,14.0,15
778410,14.0,15
778425,14.0,15
778440,14.0,15
778455,14.0,15
778470,14.0,15
778485,14.0,15
778500,14.0,15
778515,14.0,15
778530,14.0,15
778545,14.0,15
778560,14.0,15
778575,14.0,15
778590,14.0,15
778605,14.0,15
778620,14.0,15
778635,14.0,15
778650,14.0,15
778665,14.0,15
778680,14.0,15
778695,14.0,15
778710,14.0,15
778725,14.0,15
778740,14.0,15
778755,14.0,15
778770,14.0,15
778785,14.0,15
778800,14.0,15
778815,14.0,15
778830,14.0,15
778845,14.0,15
778860,14.0,15
778875,14.0,15
778890,14.0,15
778905,14.0,15
778920,14.0,15
778935,14.0,15
778950,14.0,15
778965,14.0,15
778980,14.0,15
778995,14.0,15
779010,14.0,15
779025,14.0,15
779040,14.0,15
779055,14.0,15
779070,14.0,15
779085,14.0,15
779100,14.0,15
779115,14.0,15
779130,14.0,15
779145,14.0,15
779160,14.0,15
779175,14.0,15
779190,14.0,15
779205,14.0,15
779220,14.0,15
779235,14.0,15
779250,14.0,15
779265,14.0,15
779280,14.0,15
779295,14.0,15
779310,14.0,15
779325,14.0,15
779340,14.0,15
779355,14.0,15
779370,14.0,15
779385,14.0,15
779400,14.0,15
779415,14.0,15
779430,14.0,15
779445,14.0,15
779460,14.0,15
779475,14.0,15
779490,14.0,15
779505,14.0,15
779520,14.0,15
779535,14.0,15
779550,14.0,15
779565,14.0,15
779580,14.0,15
779595,14.0,15
779610,14.0,15
779625,14.0,15
779640,14.0,15
779655,14.0,15
779670,14.0,15
779685,14.0,15
779700,14.0,15
779715,14.0,15
779730,14.0,15
779745,14.0,15
779760,14.0,15
779775,14.0,15
779790,14.0,15
779805,14.0,15
779820,14.0,15
779835,14.0,15
779850,14.0,15
779865,14.0,15
779880,14.0,15
779895,14.0,15
779910,14.0,15
779925,14.0,15
779940,14.0,15
779955,14.0,15
779970,14.0,15
779985,14.0,15
780000,14.0,15
780015,14.0,15
780030,14.0,15
780045,14.0,15
780060,14.0,15
780075,14.0,15
780090,14.0,15
780105,14.0,15
780120,14.0,15
780135,14.0,15
780150,14.0,15
780165,14.0,15
780180,14.0,15
780195,14.0,15
780210,14.0,15
780225,14.0,15
780240,14.0,15
780255,14.0,15
780270,14.0,15
780285,14.0,15
780301,15.0,16
780316,14.0,15
780332,15.0,16
780348,15.0,16
780363,14.0,15
780379,15.0,16
780395,15.0,16
780411,15.0,16
780427,15.0,16
780443,15.0,16
780459,15.0,16
780475,15.0,16
780491,15.0,16
780507,15.0,16
780523,15.0,16
780539,15.0,16
780555,15.0,16
780570,14.0,15
780585,14.0,15
780601,15.0,16
780617,15.0,16
780633,15.0,16
780648,14.0,15
780664,15.0,16
780680,15.0,16
780696,15.0,16
780712,15.0,16
780728,15.0,16
780743,14.0,15
780759,15.0,16
780775,15.0,16
780791,15.0,16
780807,15.0,16
780823,15.0,16
780839,15.0,16
780855,15.0,16
780871,15.0,16
780887,15.0,16
780903,15.0,16
780919,15.0,16
780935,15.0,16
780951,15.0,16
780967,15.0,16
780983,15.0,16
780999,15.0,16
781015,15.0,16
781031,15.0,16
781047,15.0,16
781062,14.0,15
781078,15.0,16
781094,15.0,16
781110,15.0,16
781126,15.0,16
781142,15.0,16
781158,15.0,16
781174,15.0,16
781190,15.0,16
781206,15.0,16
781222,15.0,16
781238,15.0,16
781254,15.0,16
781270,15.0,16
781286,15.0,16
781302,15.0,16
781318,15.0,16
781334,15.0,16
781350,15.0,16
781366,15.0,16
781382,15.0,16
781397,14.0,15
781413,15.0,16
781429,15.0,16
781445,15.0,16
781461,15.0,16
781476,14.0,15
781492,15.0,16
781508,15.0,16
781524,15.0,16
781540,15.0,16
781556,15.0,16
781572,15.0,16
781588,15.0,16
781604,15.0,16
781620,15.0,16
781636,15.0,16
781652,15.0,16
781668,15.0,16
781684,15.0,16
781699,14.0,15
781715,15.0,16
781731,15.0,16
781747,15.0,16
781763,15.0,16
781779,15.0,16
781795,15.0,16
781811,15.0,16
781827,15.0,16
781843,15.0,16
781859,15.0,16
781875,15.0,16
781891,15.0,16
781906,14.0,15
781922,15.0,16
781937,14.0,15
781953,15.0,16
781969,15.0,16
781985,15.0,16
782001,15.0,16
782017,15.0,16
782033,15.0,16
782049,15.0,16
782065,15.0,16
782081,15.0,16
782097,15.0,16
782113,15.0,16
782129,15.0,16
782145,15.0,16
782160,14.0,15
782176,15.0,16
782192,15.0,16
782208,15.0,16
782224,15.0,16
782240,15.0,16
782256,15.0,16
782272,15.0,16
782288,15.0,16
782304,15.0,16
782320,15.0,16
782336,15.0,16
782352,15.0,16
782368,15.0,16
782384,15.0,16
782400,15.0,16
782416,15.0,16
782432,15.0,16
782448,15.0,16
782464,15.0,16
782480,15.0,16
782496,15.0,16
782512,15.0,16
782528,15.0,16
782544,15.0,16
782560,15.0,16
782576,15.0,16
782592,15.0,16
782608,15.0,16
782624,15.0,16
782640,15.0,16
782656,15.0,16
782672,15.0,16
782688,15.0,16
782704,15.0,16
782720,15.0,16
782736,15.0,16
782752,15.0,16
782768,15.0,16
782784,15.0,16
782800,15.0,16
782816,15.0,16
782832,15.0,16
782848,15.0,16
782864,15.0,16
782880,15.0,16
782896,15.0,16
782912,15.0,16
782928,15.0,16
782944,15.0,16
782960,15.0,16
782976,15.0,16
782992,15.0,16
783008,15.0,16
783024,15.0,16
783040,15.0,16
783056,15.0,16
783072,15.0,16
783088,15.0,16
783104,15.0,16
783120,15.0,16
783136,15.0,16
783152,15.0,16
783168,15.0,16
783184,15.0,16
783200,15.0,16
783216,15.0,16
783232,15.0,16
783248,15.0,16
783264,15.0,16
783280,15.0,16
783296,15.0,16
783312,15.0,16
783328,15.0,16
783344,15.0,16
783360,15.0,16
783376,15.0,16
783392,15.0,16
783408,15.0,16
783424,15.0,16
783440,15.0,16
783456,15.0,16
783472,15.0,16
783488,15.0,16
783504,15.0,16
783520,15.0,16
783536,15.0,16
783552,15.0,16
783568,15.0,16
783584,15.0,16
783600,15.0,16
783616,15.0,16
783632,15.0,16
783648,15.0,16
783664,15.0,16
783680,15.0,16
783696,15.0,16
783712,15.0,16
783728,15.0,16
783744,15.0,16
783760,15.0,16
783776,15.0,16
783792,15.0,16
783808,15.0,16
783824,15.0,16
783840,15.0,16
783856,15.0,16
783872,15.0,16
783888,15.0,16
783904,15.0,16
783920,15.0,16
783936,15.0,16
783952,15.0,16
783968,15.0,16
783984,15.0,16
784000,15.0,16
784016,15.0,16
784032,15.0,16
784048,15.0,16
784064,15.0,16
784080,15.0,16
784096,15.0,16
784112,15.0,16
784128,15.0,16
784144,15.0,16
784160,15.0,16
784176,15.0,16
784192,15.0,16
784208,15.0,16
784224,15.0,16
784240,15.0,16
784256,15.0,16
784272,15.0,16
784288,15.0,16
784304,15.0,16
784320,15.0,16
784336,15.0,16
784352,15.0,16
784368,15.0,16
784384,15.0,16
784400,15.0,16
784416,15.0,16
784432,15.0,16
784448,15.0,16
784464,15.0,16
784480,15.0,16
784496,15.0,16
784512,15.0,16
784528,15.0,16
784544,15.0,16
784560,15.0,16
784577,16.0,17
784593,15.0,16
784609,15.0,16
784625,15.0,16
784641,15.0,16
784657,15.0,16
784673,15.0,16
784689,15.0,16
784705,15.0,16
784722,16.0,17
784738,15.0,16
784754,15.0,16
784770,15.0,16
784786,15.0,16
784802,15.0,16
784819,16.0,17
784835,15.0,16
784851,15.0,16
784867,15.0,16
784883,15.0,16
784899,15.0,16
784915,15.0,16
784931,15.0,16
784947,15.0,16
784963,15.0,16
784979,15.0,16
784995,15.0,16
785011,15.0,16
785027,15.0,16
785043,15.0,16
785060,16.0,17
785076,15.0,16
785092,15.0,16
785108,15.0,16
785124,15.0,16
785141,16.0,17
785157,15.0,16
785173,15.0,16
785190,16.0,17
785206,15.0,16
785222,15.0,16
785238,15.0,16
785254,15.0,16
785270,15.0,16
785286,15.0,16
785302,15.0,16
785319,16.0,17
785335,15.0,16
785351,15.0,16
785367,15.0,16
785383,15.0,16
785399,15.0,16
785415,15.0,16
785431,15.0,16
785447,15.0,16
785463,15.0,16
785479,15.0,16
785495,15.0,16
785511,15.0,16
785527,15.0,16
785543,15.0,16
785559,15.0,16
785575,15.0,16
785591,15.0,16
785607,15.0,16
785623,15.0,16
785639,15.0,16
785655,15.0,16
785671,15.0,16
785687,15.0,16
785704,16.0,17
785720,15.0,16
785737,16.0,17
785753,15.0,16
785769,15.0,16
785785,15.0,16
785801,15.0,16
785817,15.0,16
785833,15.0,16
785850,16.0,17
785866,15.0,16
785882,15.0,16
785899,16.0,17
785915,15.0,16
785931,15.0,16
785947,15.0,16
785963,15.0,16
785979,15.0,16
785995,15.0,16
786011,15.0,16
786027,15.0,16
786043,15.0,16
786059,15.0,16
786075,15.0,16
786091,15.0,16
786107,15.0,16
786123,15.0,16
786139,15.0,16
786155,15.0,16
786171,15.0,16
786188,16.0,17
786204,15.0,16
786220,15.0,16
786236,15.0,16
786252,15.0,16
786268,15.0,16
786284,15.0,16
786300,15.0,16
786316,15.0,16
786332,15.0,16
786348,15.0,16
786364,15.0,16
786380,15.0,16
786397,16.0,17
786413,15.0,16
786429,15.0,16
786446,16.0,17
786463,16.0,17
786480,16.0,17
786497,16.0,17
786514,16.0,17
786531,16.0,17
786548,16.0,17
786564,15.0,16
786581,16.0,17
786598,16.0,17
786615,16.0,17
786631,15.0,16
786648,16.0,17
786665,16.0,17
786681,15.0,16
786698,16.0,17
786715,16.0,17
786732,16.0,17
786749,16.0,17
786766,16.0,17
786783,16.0,17
786800,16.0,17
786817,16.0,17
786834,16.0,17
786850,15.0,16
786867,16.0,17
786884,16.0,17
786900,15.0,16
786917,16.0,17
786933,15.0,16
786950,16.0,17
786967,16.0,17
786984,16.0,17
787000,15.0,16
787017,16.0,17
787034,16.0,17
787051,16.0,17
787068,16.0,17
787085,16.0,17
787102,16.0,17
787119,16.0,17
787135,15.0,16
787151,15.0,16
787168,16.0,17
787184,15.0,16
787201,16.0,17
787218,16.0,17
787235,16.0,17
787252,16.0,17
787269,16.0,17
787286,16.0,17
787303,16.0,17
787319,15.0,16
787336,16.0,17
787353,16.0,17
787369,15.0,16
787385,15.0,16
787402,16.0,17
787418,15.0,16
787434,15.0,16
787451,16.0,17
787468,16.0,17
787484,15.0,16
787500,15.0,16
787516,15.0,16
787533,16.0,17
787550,16.0,17
787566,15.0,16
787583,16.0,17
787600,16.0,17
787617,16.0,17
787634,16.0,17
787650,15.0,16
787667,16.0,17
787684,16.0,17
787700,15.0,16
787716,15.0,16
787733,16.0,17
787750,16.0,17
787767,16.0,17
787784,16.0,17
787800,15.0,16
787816,15.0,16
787833,16.0,17
787850,16.0,17
787867,16.0,17
787884,16.0,17
787900,15.0,16
787917,16.0,17
787934,16.0,17
787950,15.0,16
787966,15.0,16
787982,15.0,16
787998,15.0,16
788014,15.0,16
788031,16.0,17
788048,16.0,17
788065,16.0,17
788082,16.0,17
788099,16.0,17
788115,15.0,16
788131,15.0,16
788147,15.0,16
788164,16.0,17
788181,16.0,17
788198,16.0,17
788215,16.0,17
788231,15.0,16
788247,15.0,16
788264,16.0,17
788280,15.0,16
788297,16.0,17
788314,16.0,17
788331,16.0,17
788348,16.0,17
788365,16.0,17
788382,16.0,17
788399,16.0,17
788416,16.0,17
788433,16.0,17
788450,16.0,17
788467,16.0,17
788484,16.0,17
788501,16.0,17
788518,16.0,17
788535,16.0,17
788552,16.0,17
788569,16.0,17
788586,16.0,17
788603,16.0,17
788620,16.0,17
788637,16.0,17
788654,16.0,17
788671,16.0,17
788688,16.0,17
788704,15.0,16
788721,16.0,17
788738,16.0,17
788755,16.0,17
788772,16.0,17
788789,16.0,17
788806,16.0,17
788823,16.0,17
788840,16.0,17
788857,16.0,17
788874,16.0,17
788891,16.0,17
788908,16.0,17
788925,16.0,17
788942,16.0,17
788959,16.0,17
788976,16.0,17
788993,16.0,17
789010,16.0,17
789027,16.0,17
789044,16.0,17
789061,16.0,17
789078,16.0,17
789095,16.0,17
789112,16.0,17
789129,16.0,17
789146,16.0,17
789163,16.0,17
789180,16.0,17
789197,16.0,17
789214,16.0,17
789231,16.0,17
789248,16.0,17
789265,16.0,17
789282,16.0,17
789299,16.0,17
789316,16.0,17
789333,16.0,17
789350,16.0,17
789367,16.0,17
789384,16.0,17
789401,16.0,17
789418,16.0,17
789435,16.0,17
789452,16.0,17
789469,16.0,17
789486,16.0,17
789503,16.0,17
789520,16.0,17
789537,16.0,17
789554,16.0,17
789571,16.0,17
789588,16.0,17
789605,16.0,17
789622,16.0,17
789639,16.0,17
789656,16.0,17
789673,16.0,17
789690,16.0,17
789707,16.0,17
789724,16.0,17
789741,16.0,17
789758,16.0,17
789775,16.0,17
789792,16.0,17
789809,16.0,17
789826,16.0,17
789843,16.0,17
789860,16.0,17
789877,16.0,17
789894,16.0,17
789911,16.0,17
789928,16.0,17
789945,16.0,17
789962,16.0,17
789979,16.0,17
789996,16.0,17
790013,16.0,17
790030,16.0,17
790047,16.0,17
790064,16.0,17
790081,16.0,17
790098,16.0,17
790115,16.0,17
790132,16.0,17
790149,16.0,17
790166,16.0,17
790183,16.0,17
790200,16.0,17
790217,16.0,17
790234,16.0,17
790251,16.0,17
790268,16.0,17
790285,16.0,17
790302,16.0,17
790319,16.0,17
790336,16.0,17
790353,16.0,17
790370,16.0,17
790387,16.0,17
790404,16.0,17
790421,16.0,17
790438,16.0,17
790455,16.0,17
790471,15.0,16
790488,16.0,17
790505,16.0,17
790522,16.0,17
790539,16.0,17
790555,15.0,16
790571,15.0,16
790587,15.0,16
790603,15.0,16
790619,15.0,16
790635,15.0,16
790651,15.0,16
790668,16.0,17
790684,15.0,16
790700,15.0,16
790716,15.0,16
790732,15.0,16
790748,15.0,16
790764,15.0,16
790780,15.0,16
790796,15.0,16
790812,15.0,16
790828,15.0,16
790844,15.0,16
790860,15.0,16
790876,15.0,16
790892,15.0,16
790908,15.0,16
790924,15.0,16
790940,15.0,16
790956,15.0,16
790973,16.0,17
790989,15.0,16
791005,15.0,16
791021,15.0,16
791037,15.0,16
791053,15.0,16
791069,15.0,16
791085,15.0,16
791101,15.0,16
791117,15.0,16
791133,15.0,16
791149,15.0,16
791165,15.0,16
791181,15.0,16
791197,15.0,16
791213,15.0,16
791229,15.0,16
791245,15.0,16
791261,15.0,16
791277,15.0,16
791293,15.0,16
791309,15.0,16
791325,15.0,16
791341,15.0,16
791357,15.0,16
791373,15.0,16
791389,15.0,16
791405,15.0,16
791421,15.0,16
791438,16.0,17
791454,15.0,16
791470,15.0,16
791486,15.0,16
791502,15.0,16
791518,15.0,16
791534,15.0,16
791550,15.0,16
791566,15.0,16
791582,15.0,16
791598,15.0,16
791614,15.0,16
791630,15.0,16
791647,16.0,17
791663,15.0,16
791679,15.0,16
791695,15.0,16
791711,15.0,16
791727,15.0,16
791743,15.0,16
791759,15.0,16
791775,15.0,16
791791,15.0,16
791807,15.0,16
791823,15.0,16
791839,15.0,16
791855,15.0,16
791871,15.0,16
791887,15.0,16
791903,15.0,16
791919,15.0,16
791936,16.0,17
791952,15.0,16
791968,15.0,16
791984,15.0,16
792000,15.0,16
792016,15.0,16
792032,15.0,16
792048,15.0,16
792064,15.0,16
792080,15.0,16
792096,15.0,16
792112,15.0,16
792128,15.0,16
792145,16.0,17
792161,15.0,16
792177,15.0,16
792193,15.0,16
792210,16.0,17
792226,15.0,16
792242,15.0,16
792258,15.0,16
792274,15.0,16
792290,15.0,16
792306,15.0,16
792322,15.0,16
792338,15.0,16
792354,15.0,16
792370,15.0,16
792386,15.0,16
792402,15.0,16
792418,15.0,16
792434,15.0,16
792450,15.0,16
792467,16.0,17
792484,16.0,17
792500,15.0,16
792516,15.0,16
792532,15.0,16
792549,16.0,17
792565,15.0,16
792581,15.0,16
792597,15.0,16
792613,15.0,16
792629,15.0,16
792645,15.0,16
792661,15.0,16
792677,15.0,16
792693,15.0,16
792709,15.0,16
792725,15.0,16
792741,15.0,16
792757,15.0,16
792773,15.0,16
792789,15.0,16
792806,16.0,17
792822,15.0,16
792838,15.0,16
792855,16.0,17
792871,15.0,16
792887,15.0,16
792903,15.0,16
792919,15.0,16
792936,16.0,17
792952,15.0,16
792968,15.0,16
792984,15.0,16
793001,16.0,17
793017,15.0,16
793033,15.0,16
793049,15.0,16
793065,15.0,16
793081,15.0,16
793097,15.0,16
793113,15.0,16
793129,15.0,16
793145,15.0,16
793161,15.0,16
793177,15.0,16
793193,15.0,16
793209,15.0,16
793225,15.0,16
793241,15.0,16
793257,15.0,16
793273,15.0,16
793289,15.0,16
793305,15.0,16
793321,15.0,16
793337,15.0,16
793353,15.0,16
793369,15.0,16
793385,15.0,16
793402,16.0,17
793418,15.0,16
793435,16.0,17
793452,16.0,17
793469,16.0,17
793485,15.0,16
793501,15.0,16
793518,16.0,17
793534,15.0,16
793550,15.0,16
793566,15.0,16
793583,16.0,17
793599,15.0,16
793615,15.0,16
793631,15.0,16
793647,15.0,16
793663,15.0,16
793679,15.0,16
793695,15.0,16
793712,16.0,17
793728,15.0,16
793744,15.0,16
793760,15.0,16
793776,15.0,16
793792,15.0,16
793809,16.0,17
793826,16.0,17
793842,15.0,16
793858,15.0,16
793874,15.0,16
793890,15.0,16
793906,15.0,16
793922,15.0,16
793938,15.0,16
793954,15.0,16
793970,15.0,16
793987,16.0,17
794003,15.0,16
794019,15.0,16
794035,15.0,16
794051,15.0,16
794067,15.0,16
794083,15.0,16
794099,15.0,16
794115,15.0,16
794132,16.0,17
794149,16.0,17
794165,15.0,16
794181,15.0,16
794197,15.0,16
794213,15.0,16
794229,15.0,16
794245,15.0,16
794262,16.0,17
794278,15.0,16
794294,15.0,16
794311,16.0,17
794327,15.0,16
794343,15.0,16
794360,16.0,17
794376,15.0,16
794392,15.0,16
794408,15.0,16
794424,15.0,16
794440,15.0,16
794456,15.0,16
794472,15.0,16
794488,15.0,16
794504,15.0,16
794520,15.0,16
794536,15.0,16
794552,15.0,16
794568,15.0,16
794584,15.0,16
794600,15.0,16
794616,15.0,16
794633,16.0,17
794650,16.0,17
794667,16.0,17
794684,16.0,17
794701,16.0,17
794718,16.0,17
794735,16.0,17
794752,16.0,17
794769,16.0,17
794785,15.0,16
794801,15.0,16
794818,16.0,17
794835,16.0,17
794852,16.0,17
794869,16.0,17
794886,16.0,17
794902,15.0,16
794918,15.0,16
794935,16.0,17
794952,16.0,17
794969,16.0,17
794986,16.0,17
795002,15.0,16
795018,15.0,16
795035,16.0,17
795051,15.0,16
795067,15.0,16
795084,16.0,17
795100,15.0,16
795117,16.0,17
795133,15.0,16
795150,16.0,17
795167,16.0,17
795183,15.0,16
795199,15.0,16
795215,15.0,16
795232,16.0,17
795248,15.0,16
795265,16.0,17
795281,15.0,16
795297,15.0,16
795314,16.0,17
795331,16.0,17
795348,16.0,17
795365,16.0,17
795382,16.0,17
795399,16.0,17
795415,15.0,16
795431,15.0,16
795447,15.0,16
795464,16.0,17
795481,16.0,17
795497,15.0,16
795513,15.0,16
795529,15.0,16
795546,16.0,17
795562,15.0,16
795579,16.0,17
795596,16.0,17
795612,15.0,16
795628,15.0,16
795645,16.0,17
795662,16.0,17
795679,16.0,17
795695,15.0,16
795712,16.0,17
795729,16.0,17
795746,16.0,17
795763,16.0,17
795780,16.0,17
795796,15.0,16
795812,15.0,16
795829,16.0,17
795846,16.0,17
795862,15.0,16
795879,16.0,17
795896,16.0,17
795913,16.0,17
795930,16.0,17
795946,15.0,16
795963,16.0,17
795980,16.0,17
795996,15.0,16
796012,15.0,16
796028,15.0,16
796045,16.0,17
796062,16.0,17
796079,16.0,17
796095,15.0,16
796111,15.0,16
796128,16.0,17
796145,16.0,17
796161,15.0,16
796178,16.0,17
796194,15.0,16
796211,16.0,17
796228,16.0,17
796245,16.0,17
796262,16.0,17
796278,15.0,16
796294,15.0,16
796310,15.0,16
796327,16.0,17
796344,16.0,17
796361,16.0,17
796378,16.0,17
796395,16.0,17
796411,15.0,16
796428,16.0,17
796445,16.0,17
796461,15.0,16
796477,15.0,16
796494,16.0,17
796511,16.0,17
796527,15.0,16
796544,16.0,17
796561,16.0,17
796578,16.0,17
796595,16.0,17
796611,15.0,16
796627,15.0,16
796644,16.0,17
796661,16.0,17
796678,16.0,17
796695,16.0,17
796712,16.0,17
796729,16.0,17
796745,15.0,16
796762,16.0,17
796779,16.0,17
796796,16.0,17
796813,16.0,17
796830,16.0,17
796847,16.0,17
796863,15.0,16
796880,16.0,17
796897,16.0,17
796914,16.0,17
796931,16.0,17
796948,16.0,17
796965,16.0,17
796982,16.0,17
796999,16.0,17
797016,16.0,17
797033,16.0,17
797050,16.0,17
797067,16.0,17
797084,16.0,17
797101,16.0,17
797118,16.0,17
797135,16.0,17
797151,15.0,16
797168,16.0,17
797185,16.0,17
797202,16.0,17
797219,16.0,17
797236,16.0,17
797253,16.0,17
797270,16.0,17
797287,16.0,17
797304,16.0,17
797321,16.0,17
797338,16.0,17
797355,16.0,17
797372,16.0,17
797389,16.0,17
797406,16.0,17
797423,16.0,17
797440,16.0,17
797457,16.0,17
797474,16.0,17
797491,16.0,17
797508,16.0,17
797525,16.0,17
797542,16.0,17
797559,16.0,17
797576,16.0,17
797593,16.0,17
797610,16.0,17
797627,16.0,17
797644,16.0,17
797661,16.0,17
797678,16.0,17
797695,16.0,17
797712,16.0,17
797729,16.0,17
797746,16.0,17
797763,16.0,17
797780,16.0,17
797797,16.0,17
797814,16.0,17
797831,16.0,17
797848,16.0,17
797865,16.0,17
797882,16.0,17
797899,16.0,17
797916,16.0,17
797933,16.0,17
797950,16.0,17
797967,16.0,17
797984,16.0,17
798001,16.0,17
798018,16.0,17
798035,16.0,17
798052,16.0,17
798069,16.0,17
798086,16.0,17
798102,15.0,16
798119,16.0,17
798136,16.0,17
798153,16.0,17
798170,16.0,17
798187,16.0,17
798204,16.0,17
798221,16.0,17
798238,16.0,17
798255,16.0,17
798272,16.0,17
798289,16.0,17
798306,16.0,17
798323,16.0,17
798340,16.0,17
798357,16.0,17
798374,16.0,17
798390,15.0,16
798407,16.0,17
798424,16.0,17
798441,16.0,17
798458,16.0,17
798475,16.0,17
798492,16.0,17
798509,16.0,17
798526,16.0,17
798543,16.0,17
798560,16.0,17
798577,16.0,17
798594,16.0,17
798611,16.0,17
798628,16.0,17
798645,16.0,17
798662,16.0,17
798679,16.0,17
798696,16.0,17
798713,16.0,17
798730,16.0,17
798746,15.0,16
798763,16.0,17
798780,16.0,17
798796,15.0,16
798813,16.0,17
798829,15.0,16
798845,15.0,16
798862,16.0,17
798879,16.0,17
798896,16.0,17
798913,16.0,17
798929,15.0,16
798946,16.0,17
798963,16.0,17
798980,16.0,17
798997,16.0,17
799013,15.0,16
799029,15.0,16
799045,15.0,16
799061,15.0,16
799078,16.0,17
799095,16.0,17
799111,15.0,16
799127,15.0,16
799143,15.0,16
799160,16.0,17
799176,15.0,16
799193,16.0,17
799210,16.0,17
799227,16.0,17
799244,16.0,17
799260,15.0,16
799276,15.0,16
799292,15.0,16
799309,16.0,17
799326,16.0,17
799342,15.0,16
799359,16.0,17
799376,16.0,17
799393,16.0,17
799409,15.0,16
799425,15.0,16
799442,16.0,17
799458,15.0,16
799474,15.0,16
799491,16.0,17
799508,16.0,17
799524,15.0,16
799540,15.0,16
799556,15.0,16
799573,16.0,17
799590,16.0,17
799607,16.0,17
799624,16.0,17
799640,15.0,16
799656,15.0,16
799672,15.0,16
799688,15.0,16
799705,16.0,17
799722,16.0,17
799739,16.0,17
799755,15.0,16
799772,16.0,17
799788,15.0,16
799805,16.0,17
799822,16.0,17
799839,16.0,17
799855,15.0,16
799872,16.0,17
799888,15.0,16
799905,16.0,17
799921,15.0,16
799938,16.0,17
799955,16.0,17
799972,16.0,17
799989,16.0,17
799994,4.0,5
800010,15.0,16
800027,16.0,17
800044,16.0,17
800061,16.0,17
800078,16.0,17
800095,16.0,17
800112,16.0,17
800129,16.0,17
800145,15.0,16
800161,15.0,16
800178,16.0,17
800195,16.0,17
800211,15.0,16
800228,16.0,17
800233,4.0,5
800249,15.0,16
800266,16.0,17
800282,15.0,16
800299,16.0,17
800316,16.0,17
800332,15.0,16
800348,15.0,16
800365,16.0,17
800382,16.0,17
800398,15.0,16
800415,16.0,17
800432,16.0,17
800449,16.0,17
800466,16.0,17
800482,15.0,16
800499,16.0,17
800516,16.0,17
800532,15.0,16
800548,15.0,16
800564,15.0,16
800580,15.0,16
800597,16.0,17
800613,15.0,16
800630,16.0,17
800646,15.0,16
800662,15.0,16
800679,16.0,17
800696,16.0,17
800713,16.0,17
800729,15.0,16
800745,15.0,16
800762,16.0,17
800778,15.0,16
800794,15.0,16
800810,15.0,16
800826,15.0,16
800842,15.0,16
800858,15.0,16
800874,15.0,16
800890,15.0,16
800906,15.0,16
800923,16.0,17
800939,15.0,16
800955,15.0,16
800971,15.0,16
800976,4.0,5
800992,15.0,16
801008,15.0,16
801024,15.0,16
801040,15.0,16
801056,15.0,16
801072,15.0,16
801088,15.0,16
801104,15.0,16
801120,15.0,16
801136,15.0,16
801152,15.0,16
801168,15.0,16
801185,16.0,17
801201,15.0,16
801217,15.0,16
801233,15.0,16
801249,15.0,16
801265,15.0,16
801281,15.0,16
801297,15.0,16
801302,4.0,5
801318,15.0,16
801334,15.0,16
801350,15.0,16
801367,16.0,17
801384,16.0,17
801401,16.0,17
801417,15.0,16
801433,15.0,16
801449,15.0,16
801465,15.0,16
801481,15.0,16
801486,4.0,5
801502,15.0,16
801518,15.0,16
801534,15.0,16
801550,15.0,16
801566,15.0,16
801582,15.0,16
801598,15.0,16
801614,15.0,16
801630,15.0,16
801646,15.0,16
801662,15.0,16
801678,15.0,16
801694,15.0,16
801710,15.0,16
801726,15.0,16
801742,15.0,16
801758,15.0,16
801774,15.0,16
801790,15.0,16
801806,15.0,16
801822,15.0,16
801839,16.0,17
801856,16.0,17
801872,15.0,16
801888,15.0,16
801905,16.0,17
801921,15.0,16
801937,15.0,16
801953,15.0,16
801969,15.0,16
801985,15.0,16
802001,15.0,16
802018,16.0,17
802034,15.0,16
802050,15.0,16
802067,16.0,17
802083,15.0,16
802099,15.0,16
802115,15.0,16
802131,15.0,16
802147,15.0,16
802163,15.0,16
802179,15.0,16
802195,15.0,16
802211,15.0,16
802227,15.0,16
802243,15.0,16
802259,15.0,16
802275,15.0,16
802291,15.0,16
802307,15.0,16
802323,15.0,16
802339,15.0,16
802355,15.0,16
802372,16.0,17
802389,16.0,17
802405,15.0,16
802421,15.0,16
802437,15.0,16
802453,15.0,16
802469,15.0,16
802485,15.0,16
802501,15.0,16
802517,15.0,16
802533,15.0,16
802549,15.0,16
802565,15.0,16
802570,4.0,5
802586,15.0,16
802602,15.0,16
802618,15.0,16
802634,15.0,16
802650,15.0,16
802667,16.0,17
802683,15.0,16
802699,15.0,16
802715,15.0,16
802731,15.0,16
802747,15.0,16
802763,15.0,16
802768,4.0,5
802784,15.0,16
802800,15.0,16
802816,15.0,16
802821,4.0,5
802837,15.0,16
802853,15.0,16
802869,15.0,16
802885,15.0,16
802901,15.0,16
802917,15.0,16
802934,16.0,17
802951,16.0,17
802968,16.0,17
802985,16.0,17
803001,15.0,16
803017,15.0,16
803033,15.0,16
803049,15.0,16
803065,15.0,16
803081,15.0,16
803097,15.0,16
803113,15.0,16
803130,16.0,17
803146,15.0,16
803162,15.0,16
803178,15.0,16
803194,15.0,16
803199,4.0,5
803215,15.0,16
803231,15.0,16
803247,15.0,16
803263,15.0,16
803268,4.0,5
803284,15.0,16
803300,15.0,16
803316,15.0,16
803332,15.0,16
803348,15.0,16
803364,15.0,16
803380,15.0,16
803396,15.0,16
803412,15.0,16
803429,16.0,17
803445,15.0,16
803461,15.0,16
803478,16.0,17
803494,15.0,16
803510,15.0,16
803527,16.0,17
803543,15.0,16
803548,4.0,5
803553,4.0,5
803570,16.0,17
803586,15.0,16
803602,15.0,16
803618,15.0,16
803623,4.0,5
803639,15.0,16
803655,15.0,16
803671,15.0,16
803687,15.0,16
803703,15.0,16
803719,15.0,16
803735,15.0,16
803752,16.0,17
803769,16.0,17
803785,15.0,16
803801,15.0,16
803817,15.0,16
803833,15.0,16
803849,15.0,16
803865,15.0,16
803881,15.0,16
803897,15.0,16
803913,15.0,16
803929,15.0,16
803945,15.0,16
803961,15.0,16
803977,15.0,16
803993,15.0,16
804010,16.0,17
804026,15.0,16
804043,16.0,17
804048,4.0,5
804064,15.0,16
804080,15.0,16
804096,15.0,16
804101,4.0,5
804117,15.0,16
804133,15.0,16
804150,16.0,17
804166,15.0,16
804182,15.0,16
804198,15.0,16
804214,15.0,16
804230,15.0,16
804246,15.0,16
804262,15.0,16
804278,15.0,16
804294,15.0,16
804310,15.0,16
804326,15.0,16
804343,16.0,17
804348,4.0,5
804364,15.0,16
804380,15.0,16
804397,16.0,17
804413,15.0,16
804430,16.0,17
804446,15.0,16
804462,15.0,16
804478,15.0,16
804494,15.0,16
804510,15.0,16
804526,15.0,16
804542,15.0,16
804547,4.0,5
804552,4.0,5
804568,15.0,16
804584,15.0,16
804600,15.0,16
804616,15.0,16
804632,15.0,16
804649,16.0,17
804665,15.0,16
804681,15.0,16
804697,15.0,16
804713,15.0,16
804729,15.0,16
804734,4.0,5
804739,4.0,5
804744,4.0,5
804760,15.0,16
804776,15.0,16
804792,15.0,16
804808,15.0,16
804813,4.0,5
804829,15.0,16
804845,15.0,16
804861,15.0,16
804878,16.0,17
804895,16.0,17
804911,15.0,16
804928,16.0,17
804944,15.0,16
804961,16.0,17
804977,15.0,16
804993,15.0,16
805009,15.0,16
805014,4.0,5
805030,15.0,16
805035,4.0,5
805051,15.0,16
805068,16.0,17
805084,15.0,16
805089,4.0,5
805094,4.0,5
805111,16.0,17
805127,15.0,16
805132,4.0,5
805148,15.0,16
805164,15.0,16
805180,15.0,16
805196,15.0,16
805213,16.0,17
805230,16.0,17
805235,4.0,5
805240,4.0,5
805256,15.0,16
805273,16.0,17
805289,15.0,16
805294,4.0,5
805310,15.0,16
805315,4.0,5
805320,4.0,5
805336,15.0,16
805352,15.0,16
805357,4.0,5
805374,16.0,17
805391,16.0,17
805407,15.0,16
805424,16.0,17
805440,15.0,16
805456,15.0,16
805461,4.0,5
805478,16.0,17
805495,16.0,17
805511,15.0,16
805528,16.0,17
805544,15.0,16
805561,16.0,17
805577,15.0,16
805594,16.0,17
805610,15.0,16
805615,4.0,5
805631,15.0,16
805648,16.0,17
805664,15.0,16
805680,15.0,16
805696,15.0,16
805712,15.0,16
805729,16.0,17
805734,4.0,5
805751,16.0,17
805767,15.0,16
805772,4.0,5
805789,16.0,17
805806,16.0,17
805822,15.0,16
805827,4.0,5
805843,15.0,16
805859,15.0,16
805876,16.0,17
805892,15.0,16
805908,15.0,16
805924,15.0,16
805929,4.0,5
805934,4.0,5
805950,15.0,16
805966,15.0,16
805982,15.0,16
805987,4.0,5
806003,15.0,16
806008,4.0,5
806024,15.0,16
806029,4.0,5
806034,4.0,5
806051,16.0,17
806067,15.0,16
806072,4.0,5
806088,15.0,16
806104,15.0,16
806120,15.0,16
806136,15.0,16
806153,16.0,17
806169,15.0,16
806185,15.0,16
806202,16.0,17
806219,16.0,17
806236,16.0,17
806252,15.0,16
806268,15.0,16
806284,15.0,16
806301,16.0,17
806318,16.0,17
806335,16.0,17
806340,4.0,5
806357,16.0,17
806362,4.0,5
806379,16.0,17
806395,15.0,16
806411,15.0,16
806427,15.0,16
806444,16.0,17
806460,15.0,16
806465,4.0,5
806481,15.0,16
806497,15.0,16
806513,15.0,16
806518,4.0,5
806523,4.0,5
806528,4.0,5
806545,16.0,17
806561,15.0,16
806577,15.0,16
806582,4.0,5
806598,15.0,16
806614,15.0,16
806630,15.0,16
806647,16.0,17
806663,15.0,16
806679,15.0,16
806695,15.0,16
806712,16.0,17
806728,15.0,16
806733,4.0,5
806749,15.0,16
806765,15.0,16
806770,4.0,5
806775,4.0,5
806791,15.0,16
806807,15.0,16
806824,16.0,17
806840,15.0,16
806857,16.0,17
806862,4.0,5
806867,4.0,5
806884,16.0,17
806900,15.0,16
806917,16.0,17
806922,4.0,5
806927,4.0,5
806932,4.0,5
806948,15.0,16
806953,4.0,5
806969,15.0,16
806974,4.0,5
806991,16.0,17
807008,16.0,17
807025,16.0,17
807042,16.0,17
807059,16.0,17
807076,16.0,17
807092,15.0,16
807109,16.0,17
807125,15.0,16
807142,16.0,17
807147,4.0,5
807164,16.0,17
807180,15.0,16
807197,16.0,17
807213,15.0,16
807218,4.0,5
807235,16.0,17
807252,16.0,17
807269,16.0,17
807286,16.0,17
807302,15.0,16
807319,16.0,17
807336,16.0,17
807353,16.0,17
807370,16.0,17
807386,15.0,16
807391,4.0,5
807408,16.0,17
807413,4.0,5
807430,16.0,17
807435,4.0,5
807452,16.0,17
807469,16.0,17
807486,16.0,17
807503,16.0,17
807519,15.0,16
807524,4.0,5
807541,16.0,17
807558,16.0,17
807574,15.0,16
807590,15.0,16
807595,4.0,5
807612,16.0,17
807628,15.0,16
807645,16.0,17
807661,15.0,16
807678,16.0,17
807695,16.0,17
807712,16.0,17
807729,16.0,17
807734,4.0,5
807751,16.0,17
807756,4.0,5
807772,15.0,16
807789,16.0,17
807794,4.0,5
807811,16.0,17
807827,15.0,16
807843,15.0,16
807848,4.0,5
807853,4.0,5
807869,15.0,16
807885,15.0,16
807902,16.0,17
807907,4.0,5
807924,16.0,17
807941,16.0,17
807946,4.0,5
807962,15.0,16
807967,4.0,5
807972,4.0,5
807989,16.0,17
807994,4.0,5
807999,4.0,5
808016,16.0,17
808032,15.0,16
808037,4.0,5
808042,4.0,5
808059,16.0,17
808075,15.0,16
808092,16.0,17
808097,4.0,5
808113,15.0,16
808129,15.0,16
808145,15.0,16
808162,16.0,17
808167,4.0,5
808184,16.0,17
808189,4.0,5
808206,16.0,17
808222,15.0,16
808239,16.0,17
808255,15.0,16
808272,16.0,17
808288,15.0,16
808305,16.0,17
808322,16.0,17
808339,16.0,17
808344,4.0,5
808361,16.0,17
808378,16.0,17
808395,16.0,17
808412,16.0,17
808428,15.0,16
808445,16.0,17
808462,16.0,17
808479,16.0,17
808496,16.0,17
808512,15.0,16
808517,4.0,5
808522,4.0,5
808528,5.0,6
808545,16.0,17
808550,4.0,5
808555,4.0,5
808560,4.0,5
808577,16.0,17
808594,16.0,17
808610,15.0,16
808626,15.0,16
808643,16.0,17
808648,4.0,5
808653,4.0,5
808658,4.0,5
808675,16.0,17
808691,15.0,16
808708,16.0,17
808724,15.0,16
808729,4.0,5
808745,15.0,16
808750,4.0,5
808755,4.0,5
808772,16.0,17
808789,16.0,17
808794,4.0,5
808811,16.0,17
808828,16.0,17
808845,16.0,17
808861,15.0,16
808878,16.0,17
808895,16.0,17
808912,16.0,17
808929,16.0,17
808934,4.0,5
808939,4.0,5
808944,4.0,5
808961,16.0,17
808978,16.0,17
808983,4.0,5
808999,15.0,16
809016,16.0,17
809033,16.0,17
809050,16.0,17
809067,16.0,17
809084,16.0,17
809089,4.0,5
809106,16.0,17
809123,16.0,17
809140,16.0,17
809157,16.0,17
809174,16.0,17
809179,4.0,5
809184,4.0,5
809189,4.0,5
809194,4.0,5
809211,16.0,17
809228,16.0,17
809233,4.0,5
809250,16.0,17
809255,4.0,5
809260,4.0,5
809277,16.0,17
809294,16.0,17
809311,16.0,17
809316,4.0,5
809333,16.0,17
809350,16.0,17
809367,16.0,17
809372,4.0,5
809377,4.0,5
809394,16.0,17
809399,4.0,5
809416,16.0,17
809433,16.0,17
809450,16.0,17
809467,16.0,17
809472,4.0,5
809477,4.0,5
809482,4.0,5
809499,16.0,17
809516,16.0,17
809533,16.0,17
809550,16.0,17
809567,16.0,17
809584,16.0,17
809601,16.0,17
809606,4.0,5
809623,16.0,17
809640,16.0,17
809645,4.0,5
809662,16.0,17
809679,16.0,17
809696,16.0,17
809713,16.0,17
809730,16.0,17
809735,4.0,5
809752,16.0,17
809757,4.0,5
809774,16.0,17
809791,16.0,17
809808,16.0,17
809825,16.0,17
809842,16.0,17
809859,16.0,17
809875,15.0,16
809892,16.0,17
809909,16.0,17
809926,16.0,17
809943,16.0,17
809960,16.0,17
809977,16.0,17
809994,16.0,17
810011,16.0,17
810028,16.0,17
810045,16.0,17
810050,4.0,5
810067,16.0,17
810084,16.0,17
810101,16.0,17
810118,16.0,17
810135,16.0,17
810152,16.0,17
810169,16.0,17
810186,16.0,17
810203,16.0,17
810220,16.0,17
810237,16.0,17
810254,16.0,17
810270,15.0,16
810287,16.0,17
810304,16.0,17
810309,4.0,5
810314,4.0,5
810331,16.0,17
810348,16.0,17
810365,16.0,17
810382,16.0,17
810399,16.0,17
810404,4.0,5
810421,16.0,17
810426,4.0,5
810443,16.0,17
810448,4.0,5
810465,16.0,17
810482,16.0,17
810499,16.0,17
810504,4.0,5
810520,15.0,16
810537,16.0,17
810553,15.0,16
810570,16.0,17
810587,16.0,17
810592,4.0,5
810609,16.0,17
810626,16.0,17
810643,16.0,17
810648,4.0,5
810665,16.0,17
810682,16.0,17
810699,16.0,17
810716,16.0,17
810721,4.0,5
810738,16.0,17
810743,4.0,5
810748,4.0,5
810753,4.0,5
810770,16.0,17
810775,4.0,5
810792,16.0,17
810809,16.0,17
810814,4.0,5
810830,15.0,16
810847,16.0,17
810852,4.0,5
810869,16.0,17
810874,4.0,5
810891,16.0,17
810908,16.0,17
810913,4.0,5
810918,4.0,5
810923,4.0,5
810940,16.0,17
810957,16.0,17
810974,16.0,17
810979,4.0,5
810996,16.0,17
811013,16.0,17
811030,16.0,17
811047,16.0,17
811052,4.0,5
811057,4.0,5
811074,16.0,17
811091,16.0,17
811108,16.0,17
811113,4.0,5
811118,4.0,5
811135,16.0,17
811152,16.0,17
811157,4.0,5
811162,4.0,5
811179,16.0,17
811196,16.0,17
811213,16.0,17
811218,4.0,5
811235,16.0,17
811252,16.0,17
811269,16.0,17
811286,16.0,17
811303,16.0,17
811320,16.0,17
811325,4.0,5
811342,16.0,17
811359,16.0,17
811364,4.0,5
811381,16.0,17
811398,16.0,17
811415,16.0,17
811432,16.0,17
811449,16.0,17
811454,4.0,5
811471,16.0,17
811488,16.0,17
811505,16.0,17
811522,16.0,17
811539,16.0,17
811556,16.0,17
811561,4.0,5
811578,16.0,17
811595,16.0,17
811600,4.0,5
811605,4.0,5
811610,4.0,5
811627,16.0,17
811644,16.0,17
811649,4.0,5
811666,16.0,17
811683,16.0,17
811700,16.0,17
811705,4.0,5
811722,16.0,17
811727,4.0,5
811744,16.0,17
811761,16.0,17
811778,16.0,17
811795,16.0,17
811800,4.0,5
811805,4.0,5
811810,4.0,5
811815,4.0,5
811820,4.0,5
811825,4.0,5
811830,4.0,5
811847,16.0,17
811864,16.0,17
811869,4.0,5
811874,4.0,5
811891,16.0,17
811896,4.0,5
811901,4.0,5
811918,16.0,17
811923,4.0,5
811940,16.0,17
811957,16.0,17
811974,16.0,17
811991,16.0,17
812008,16.0,17
812013,4.0,5
812018,4.0,5
812035,16.0,17
812040,4.0,5
812045,4.0,5
812062,16.0,17
812067,4.0,5
812084,16.0,17
812101,16.0,17
812106,4.0,5
812123,16.0,17
812140,16.0,17
812157,16.0,17
812162,4.0,5
812167,4.0,5
812184,16.0,17
812201,16.0,17
812218,16.0,17
812223,4.0,5
812240,16.0,17
812245,4.0,5
812262,16.0,17
812279,16.0,17
812296,16.0,17
812301,4.0,5
812318,16.0,17
812323,4.0,5
812340,16.0,17
812357,16.0,17
812374,16.0,17
812379,4.0,5
812396,16.0,17
812401,4.0,5
812406,4.0,5
812423,16.0,17
812440,16.0,17
812445,4.0,5
812450,4.0,5
812467,16.0,17
812484,16.0,17
812501,16.0,17
812506,4.0,5
812511,4.0,5
812516,4.0,5
812521,4.0,5
812526,4.0,5
812543,16.0,17
812548,4.0,5
812553,4.0,5
812570,16.0,17
812587,16.0,17
812604,16.0,17
812609,4.0,5
812626,16.0,17
812631,4.0,5
812648,16.0,17
812665,16.0,17
812670,4.0,5
812675,4.0,5
812692,16.0,17
812697,4.0,5
812714,16.0,17
812731,16.0,17
812748,16.0,17
812765,16.0,17
812770,4.0,5
812787,16.0,17
812804,16.0,17
812809,4.0,5
812814,4.0,5
812831,16.0,17
812836,4.0,5
812841,4.0,5
812858,16.0,17
812875,16.0,17
812892,16.0,17
812897,4.0,5
812902,4.0,5
812919,16.0,17
812924,4.0,5
812941,16.0,17
812958,16.0,17
812975,16.0,17
812992,16.0,17
812997,4.0,5
813014,16.0,17
813019,4.0,5
813036,16.0,17
813053,16.0,17
813058,4.0,5
813063,4.0,5
813080,16.0,17
813097,16.0,17
813114,16.0,17
813131,16.0,17
813136,4.0,5
813141,4.0,5
813146,4.0,5
813163,16.0,17
813180,16.0,17
813185,4.0,5
813190,4.0,5
813207,16.0,17
813224,16.0,17
813241,16.0,17
813258,16.0,17
813263,4.0,5
813280,16.0,17
813297,16.0,17
813314,16.0,17
813331,16.0,17
813348,16.0,17
813365,16.0,17
813370,4.0,5
813387,16.0,17
813404,16.0,17
813409,4.0,5
813426,16.0,17
813431,4.0,5
813436,4.0,5
813441,4.0,5
813457,15.0,16
813474,16.0,17
813491,16.0,17
813508,16.0,17
813525,16.0,17
813542,16.0,17
813559,16.0,17
813564,4.0,5
813568,3.0,4
813573,4.0,5
813578,4.0,5
813595,16.0,17
813612,16.0,17
813617,4.0,5
813622,4.0,5
813639,16.0,17
813656,16.0,17
813673,16.0,17
813678,4.0,5
813695,16.0,17
813711,15.0,16
813728,16.0,17
813745,16.0,17
813750,4.0,5
813755,4.0,5
813771,15.0,16
813776,4.0,5
813793,16.0,17
813810,16.0,17
813814,3.0,4
813819,4.0,5
813824,4.0,5
813841,16.0,17
813858,16.0,17
813863,4.0,5
813868,4.0,5
813873,4.0,5
813878,4.0,5
813883,4.0,5
813888,4.0,5
813893,4.0,5
813909,15.0,16
813926,16.0,17
813943,16.0,17
813948,4.0,5
813953,4.0,5
813958,4.0,5
813975,16.0,17
813980,4.0,5
813997,16.0,17
814014,16.0,17
814019,4.0,5
814024,4.0,5
814041,16.0,17
814057,15.0,16
814074,16.0,17
814091,16.0,17
814096,4.0,5
814101,4.0,5
814106,4.0,5
814123,16.0,17
814128,4.0,5
814133,4.0,5
814150,16.0,17
814155,4.0,5
814172,16.0,17
814177,4.0,5
814182,4.0,5
814187,4.0,5
814192,4.0,5
814197,4.0,5
814214,16.0,17
814231,16.0,17
814236,4.0,5
814253,16.0,17
814270,16.0,17
814275,4.0,5
814292,16.0,17
814309,16.0,17
814314,4.0,5
814331,16.0,17
814336,4.0,5
814341,4.0,5
814346,4.0,5
814351,4.0,5
814356,4.0,5
814373,16.0,17
814377,3.0,4
814394,16.0,17
814411,16.0,17
814416,4.0,5
814433,16.0,17
814450,16.0,17
814466,15.0,16
814471,4.0,5
814476,4.0,5
814480,3.0,4
814485,4.0,5
814490,4.0,5
814495,4.0,5
814512,16.0,17
814517,4.0,5
814522,4.0,5
814539,16.0,17
814556,16.0,17
814560,3.0,4
814577,16.0,17
814594,16.0,17
814599,4.0,5
814604,4.0,5
814621,16.0,17
814625,3.0,4
814642,16.0,17
814647,4.0,5
814663,15.0,16
814680,16.0,17
814697,16.0,17
814714,16.0,17
814731,16.0,17
814748,16.0,17
814765,16.0,17
814770,4.0,5
814787,16.0,17
814792,4.0,5
814809,16.0,17
814813,3.0,4
814830,16.0,17
814835,4.0,5
814852,16.0,17
814869,16.0,17
814886,16.0,17
814903,16.0,17
814920,16.0,17
814925,4.0,5
814942,16.0,17
814959,16.0,17
814964,4.0,5
814969,4.0,5
814986,16.0,17
815003,16.0,17
815008,4.0,5
815013,4.0,5
815030,16.0,17
815047,16.0,17
815064,16.0,17
815069,4.0,5
815074,4.0,5
815079,4.0,5
815095,15.0,16
815112,16.0,17
815117,4.0,5
815122,4.0,5
815127,4.0,5
815132,4.0,5
815137,4.0,5
815141,3.0,4
815146,4.0,5
815163,16.0,17
815180,16.0,17
815197,16.0,17
815202,4.0,5
815206,3.0,4
815211,4.0,5
815228,16.0,17
815233,4.0,5
815238,4.0,5
815242,3.0,4
815247,4.0,5
815263,15.0,16
815280,16.0,17
815285,4.0,5
815302,16.0,17
815307,4.0,5
815324,16.0,17
815329,4.0,5
815345,15.0,16
815350,4.0,5
815367,16.0,17
815384,16.0,17
815389,4.0,5
815393,3.0,4
815398,4.0,5
815403,4.0,5
815419,15.0,16
815436,16.0,17
815453,16.0,17
815458,4.0,5
815463,4.0,5
815480,16.0,17
815497,16.0,17
815501,3.0,4
815506,4.0,5
815522,15.0,16
815539,16.0,17
815544,4.0,5
815549,4.0,5
815553,3.0,4
815558,4.0,5
815563,4.0,5
815568,4.0,5
815585,16.0,17
815589,3.0,4
815593,3.0,4
815597,3.0,4
815601,3.0,4
815606,4.0,5
815611,4.0,5
815616,4.0,5
815620,3.0,4
815625,4.0,5
815642,16.0,17
815647,4.0,5
815652,4.0,5
815657,4.0,5
815662,4.0,5
815666,3.0,4
815683,16.0,17
815688,4.0,5
815692,3.0,4
815697,4.0,5
815713,15.0,16
815730,16.0,17
815734,3.0,4
815739,4.0,5
815756,16.0,17
815760,3.0,4
815765,4.0,5
815781,15.0,16
815785,3.0,4
815802,16.0,17
815819,16.0,17
815824,4.0,5
815829,4.0,5
815846,16.0,17
815851,4.0,5
815856,4.0,5
815873,16.0,17
815878,4.0,5
815895,16.0,17
815900,4.0,5
815905,4.0,5
815910,4.0,5
815926,15.0,16
815943,16.0,17
815948,4.0,5
815953,4.0,5
815958,4.0,5
815974,15.0,16
815979,4.0,5
815984,4.0,5
815989,4.0,5
815994,4.0,5
815999,4.0,5
816004,4.0,5
816020,15.0,16
816037,16.0,17
816054,16.0,17
816059,4.0,5
816064,4.0,5
816069,4.0,5
816086,16.0,17
816090,3.0,4
816106,15.0,16
816110,3.0,4
816126,15.0,16
816143,16.0,17
816148,4.0,5
816153,4.0,5
816157,3.0,4
816162,4.0,5
816178,15.0,16
816183,4.0,5
816188,4.0,5
816193,4.0,5
816198,4.0,5
816215,16.0,17
816220,4.0,5
816237,16.0,17
816241,3.0,4
816258,16.0,17
816262,3.0,4
816279,16.0,17
816284,4.0,5
816289,4.0,5
816293,3.0,4
816309,15.0,16
816314,4.0,5
816319,4.0,5
816324,4.0,5
816329,4.0,5
816346,16.0,17
816351,4.0,5
816356,4.0,5
816360,3.0,4
816377,16.0,17
816382,4.0,5
816386,3.0,4
816402,15.0,16
816407,4.0,5
816412,4.0,5
816417,4.0,5
816422,4.0,5
816427,4.0,5
816444,16.0,17
816448,3.0,4
816464,15.0,16
816481,16.0,17
816486,4.0,5
816503,16.0,17
816508,4.0,5
816513,4.0,5
816530,16.0,17
816535,4.0,5
816539,3.0,4
816556,16.0,17
816560,3.0,4
816565,4.0,5
816582,16.0,17
816599,16.0,17
816616,16.0,17
816621,4.0,5
816626,4.0,5
816631,4.0,5
816636,4.0,5
816641,4.0,5
816646,4.0,5
816650,3.0,4
816667,16.0,17
816672,4.0,5
816689,16.0,17
816694,4.0,5
816710,15.0,16
816727,16.0,17
816732,4.0,5
816749,16.0,17
816754,4.0,5
816758,3.0,4
816775,16.0,17
816780,4.0,5
816797,16.0,17
816813,15.0,16
816818,4.0,5
816823,4.0,5
816827,3.0,4
816831,3.0,4
816836,4.0,5
816840,3.0,4
816857,16.0,17
816862,4.0,5
816878,15.0,16
816895,16.0,17
816911,15.0,16
816916,4.0,5
816932,15.0,16
816937,4.0,5
816942,4.0,5
816946,3.0,4
816963,16.0,17
816968,4.0,5
816973,4.0,5
816978,4.0,5
816982,3.0,4
816999,16.0,17
817016,16.0,17
817021,4.0,5
817026,4.0,5
817031,4.0,5
817036,4.0,5
817040,3.0,4
817044,3.0,4
817049,4.0,5
817054,4.0,5
817059,4.0,5
817075,15.0,16
817092,16.0,17
817109,16.0,17
817114,4.0,5
817118,3.0,4
817122,3.0,4
817138,15.0,16
817154,15.0,16
817159,4.0,5
817164,4.0,5
817169,4.0,5
817186,16.0,17
817191,4.0,5
817208,16.0,17
817224,15.0,16
817241,16.0,17
817245,3.0,4
817262,16.0,17
817279,16.0,17
817296,16.0,17
817313,16.0,17
817330,16.0,17
817347,16.0,17
817363,15.0,16
817379,15.0,16
817396,16.0,17
817401,4.0,5
817418,16.0,17
817435,16.0,17
817440,4.0,5
817444,3.0,4
817449,4.0,5
817454,4.0,5
817471,16.0,17
817488,16.0,17
817505,16.0,17
817522,16.0,17
817539,16.0,17
817556,16.0,17
817561,4.0,5
817578,16.0,17
817594,15.0,16
817599,4.0,5
817616,16.0,17
817632,15.0,16
817637,4.0,5
817654,16.0,17
817671,16.0,17
817688,16.0,17
817705,16.0,17
817722,16.0,17
817739,16.0,17
817744,4.0,5
817761,16.0,17
817766,4.0,5
817771,4.0,5
817788,16.0,17
817793,4.0,5
817810,16.0,17
817827,16.0,17
817832,4.0,5
817848,15.0,16
817865,16.0,17
817882,16.0,17
817899,16.0,17
817903,3.0,4
817908,4.0,5
817912,3.0,4
817917,4.0,5
817933,15.0,16
817950,16.0,17
817955,4.0,5
817972,16.0,17
817977,4.0,5
817993,15.0,16
818010,16.0,17
818027,16.0,17
818032,4.0,5
818037,4.0,5
818054,16.0,17
818071,16.0,17
818076,4.0,5
818081,4.0,5
818098,16.0,17
818115,16.0,17
818120,4.0,5
818136,15.0,16
818141,4.0,5
818146,4.0,5
818163,16.0,17
818180,16.0,17
818185,4.0,5
818202,16.0,17
818218,15.0,16
818234,15.0,16
818239,4.0,5
818256,16.0,17
818260,3.0,4
818265,4.0,5
818282,16.0,17
818299,16.0,17
818304,4.0,5
818309,4.0,5
818326,16.0,17
818343,16.0,17
818347,3.0,4
818364,16.0,17
818381,16.0,17
818385,3.0,4
818402,16.0,17
818407,4.0,5
818423,15.0,16
818428,4.0,5
818445,16.0,17
818450,4.0,5
818455,4.0,5
818459,3.0,4
818476,16.0,17
818493,16.0,17
818510,16.0,17
818515,4.0,5
818532,16.0,17
818549,16.0,17
818554,4.0,5
818559,4.0,5
818564,4.0,5
818569,4.0,5
818574,4.0,5
818579,4.0,5
818584,4.0,5
818600,15.0,16
818616,15.0,16
818633,16.0,17
818650,16.0,17
818655,4.0,5
818660,4.0,5
818665,4.0,5
818670,4.0,5
818675,4.0,5
818692,16.0,17
818708,15.0,16
818713,4.0,5
818730,16.0,17
818747,16.0,17
818752,4.0,5
818757,4.0,5
818762,4.0,5
818767,4.0,5
818772,4.0,5
818777,4.0,5
818794,16.0,17
818811,16.0,17
818816,4.0,5
818821,4.0,5
818837,15.0,16
818842,4.0,5
818847,4.0,5
818852,4.0,5
818857,4.0,5
818862,4.0,5
818867,4.0,5
818872,4.0,5
818876,3.0,4
818893,16.0,17
818910,16.0,17
818915,4.0,5
818920,4.0,5
818936,15.0,16
818941,4.0,5
818946,4.0,5
818951,4.0,5
818968,16.0,17
818985,16.0,17
819002,16.0,17
819019,16.0,17
819024,4.0,5
819041,16.0,17
819058,16.0,17
819075,16.0,17
819080,4.0,5
819084,3.0,4
819101,16.0,17
819118,16.0,17
819135,16.0,17
819151,15.0,16
819168,16.0,17
819173,4.0,5
819190,16.0,17
819206,15.0,16
819222,15.0,16
819238,15.0,16
819243,4.0,5
819248,4.0,5
819253,4.0,5
819269,15.0,16
819274,4.0,5
819290,15.0,16
819306,15.0,16
819311,4.0,5
819327,15.0,16
819332,4.0,5
819348,15.0,16
819353,4.0,5
819358,4.0,5
819363,4.0,5
819379,15.0,16
819384,4.0,5
819400,15.0,16
819416,15.0,16
819421,4.0,5
819437,15.0,16
819442,4.0,5
819447,4.0,5
819463,15.0,16
819468,4.0,5
819484,15.0,16
819500,15.0,16
819516,15.0,16
819532,15.0,16
819537,4.0,5
819553,15.0,16
819558,4.0,5
819563,4.0,5
819579,15.0,16
819583,3.0,4
819588,4.0,5
819604,15.0,16
819609,4.0,5
819614,4.0,5
819619,4.0,5
819635,15.0,16
819640,4.0,5
819656,15.0,16
819661,4.0,5
819677,15.0,16
819693,15.0,16
819709,15.0,16
819725,15.0,16
819730,4.0,5
819735,4.0,5
819740,4.0,5
819745,4.0,5
819761,15.0,16
819766,4.0,5
819782,15.0,16
819787,4.0,5
819803,15.0,16
819808,4.0,5
819812,3.0,4
819817,4.0,5
819822,4.0,5
819826,3.0,4
819842,15.0,16
819847,4.0,5
819863,15.0,16
819868,4.0,5
819873,4.0,5
819878,4.0,5
819894,15.0,16
819899,4.0,5
819915,15.0,16
819919,3.0,4
819924,4.0,5
819928,3.0,4
819933,4.0,5
819949,15.0,16
819953,3.0,4
819969,15.0,16
819985,15.0,16
820001,15.0,16
820006,4.0,5
820022,15.0,16
820027,4.0,5
820032,4.0,5
820048,15.0,16
820064,15.0,16
820080,15.0,16
820085,4.0,5
820089,3.0,4
820094,4.0,5
820110,15.0,16
820126,15.0,16
820142,15.0,16
820146,3.0,4
820151,4.0,5
820156,4.0,5
820161,4.0,5
820177,15.0,16
820193,15.0,16
820209,15.0,16
820225,15.0,16
820230,4.0,5
820246,15.0,16
820251,4.0,5
820256,4.0,5
820272,15.0,16
820288,15.0,16
820293,4.0,5
820298,4.0,5
820314,15.0,16
820319,4.0,5
820335,15.0,16
820340,4.0,5
820345,4.0,5
820361,15.0,16
820377,15.0,16
820382,4.0,5
820387,4.0,5
820403,15.0,16
820419,15.0,16
820435,15.0,16
820440,4.0,5
820445,4.0,5
820450,4.0,5
820455,4.0,5
820471,15.0,16
820476,4.0,5
820481,4.0,5
820485,3.0,4
820501,15.0,16
820506,4.0,5
820522,15.0,16
820527,4.0,5
820532,4.0,5
820537,4.0,5
820542,4.0,5
820546,3.0,4
820562,15.0,16
820578,15.0,16
820583,4.0,5
820588,4.0,5
820604,15.0,16
820609,4.0,5
820625,15.0,16
820629,3.0,4
820645,15.0,16
820649,3.0,4
820654,4.0,5
820670,15.0,16
820686,15.0,16
820702,15.0,16
820707,4.0,5
820723,15.0,16
820728,4.0,5
820744,15.0,16
820760,15.0,16
820776,15.0,16
820781,4.0,5
820786,4.0,5
820802,15.0,16
820807,4.0,5
820812,4.0,5
820817,4.0,5
820833,15.0,16
820849,15.0,16
820865,15.0,16
820870,4.0,5
820886,15.0,16
820891,4.0,5
820896,4.0,5
820912,15.0,16
820917,4.0,5
820921,3.0,4
820937,15.0,16
820953,15.0,16
820969,15.0,16
820974,4.0,5
820990,15.0,16
821006,15.0,16
821011,4.0,5
821016,4.0,5
821032,15.0,16
821048,15.0,16
821064,15.0,16
821080,15.0,16
821084,3.0,4
821089,4.0,5
821105,15.0,16
821110,4.0,5
821115,4.0,5
821120,4.0,5
821125,4.0,5
821130,4.0,5
821146,15.0,16
821150,3.0,4
821155,4.0,5
821171,15.0,16
821187,15.0,16
821192,4.0,5
821196,3.0,4
821201,4.0,5
821217,15.0,16
821222,4.0,5
821238,15.0,16
821254,15.0,16
821270,15.0,16
821286,15.0,16
821302,15.0,16
821318,15.0,16
821334,15.0,16
821350,15.0,16
821367,16.0,17
821383,15.0,16
821400,16.0,17
821405,4.0,5
821410,4.0,5
821426,15.0,16
821442,15.0,16
821458,15.0,16
821463,4.0,5
821479,15.0,16
821484,4.0,5
821489,4.0,5
821505,15.0,16
821521,15.0,16
821526,4.0,5
821542,15.0,16
821558,15.0,16
821575,16.0,17
821592,16.0,17
821608,15.0,16
821613,4.0,5
821629,15.0,16
821634,4.0,5
821639,4.0,5
821655,15.0,16
821671,15.0,16
821676,4.0,5
821692,15.0,16
821709,16.0,17
821725,15.0,16
821730,4.0,5
821746,15.0,16
821762,15.0,16
821767,4.0,5
821772,4.0,5
821788,15.0,16
821793,4.0,5
821810,16.0,17
821815,4.0,5
821820,4.0,5
821825,4.0,5
821830,4.0,5
821846,15.0,16
821851,4.0,5
821868,16.0,17
821884,15.0,16
821889,4.0,5
821905,15.0,16
821910,4.0,5
821926,15.0,16
821943,16.0,17
821959,15.0,16
821975,15.0,16
821980,4.0,5
821985,4.0,5
822001,15.0,16
822018,16.0,17
822034,15.0,16
822038,3.0,4
822054,15.0,16
822071,16.0,17
822087,15.0,16
822092,4.0,5
822097,4.0,5
822113,15.0,16
822118,4.0,5
822134,15.0,16
822150,15.0,16
822166,15.0,16
822183,16.0,17
822188,4.0,5
822192,3.0,4
822197,4.0,5
822202,4.0,5
822218,15.0,16
822223,4.0,5
822240,16.0,17
822256,15.0,16
822261,4.0,5
822278,16.0,17
822283,4.0,5
822288,4.0,5
822304,15.0,16
822320,15.0,16
822336,15.0,16
822352,15.0,16
822368,15.0,16
822373,4.0,5
822389,15.0,16
822405,15.0,16
822421,15.0,16
822438,16.0,17
822443,4.0,5
822448,4.0,5
822464,15.0,16
822481,16.0,17
822497,15.0,16
822514,16.0,17
822530,15.0,16
822546,15.0,16
822551,4.0,5
822567,15.0,16
822572,4.0,5
822577,4.0,5
822593,15.0,16
822598,4.0,5
822614,15.0,16
822631,16.0,17
822647,15.0,16
822652,4.0,5
822668,15.0,16
822673,4.0,5
822678,4.0,5
822694,15.0,16
822699,4.0,5
822715,15.0,16
822731,15.0,16
822748,16.0,17
822753,4.0,5
822758,4.0,5
822763,4.0,5
822779,15.0,16
822784,4.0,5
822800,15.0,16
822817,16.0,17
822833,15.0,16
822849,15.0,16
822865,15.0,16
822870,4.0,5
822875,4.0,5
822892,16.0,17
822908,15.0,16
822925,16.0,17
822941,15.0,16
822946,4.0,5
822963,16.0,17
822980,16.0,17
822997,16.0,17
823014,16.0,17
823019,4.0,5
823024,4.0,5
823041,16.0,17
823058,16.0,17
823063,4.0,5
823080,16.0,17
823096,15.0,16
823113,16.0,17
823130,16.0,17
823135,4.0,5
823151,15.0,16
823156,4.0,5
823161,4.0,5
823177,15.0,16
823193,15.0,16
823210,16.0,17
823215,4.0,5
823219,3.0,4
823235,15.0,16
823251,15.0,16
823267,15.0,16
823283,15.0,16
823299,15.0,16
823315,15.0,16
823331,15.0,16
823347,15.0,16
823363,15.0,16
823368,4.0,5
823384,15.0,16
823400,15.0,16
823416,15.0,16
823421,4.0,5
823437,15.0,16
823441,3.0,4
823457,15.0,16
823462,4.0,5
823478,15.0,16
823483,4.0,5
823488,4.0,5
823492,3.0,4
823508,15.0,16
823513,4.0,5
823529,15.0,16
823545,15.0,16
823561,15.0,16
823577,15.0,16
823582,4.0,5
823598,15.0,16
823603,4.0,5
823619,15.0,16
823635,15.0,16
823639,3.0,4
823644,4.0,5
823649,4.0,5
823654,4.0,5
823670,15.0,16
823675,4.0,5
823691,15.0,16
823695,3.0,4
823700,4.0,5
823716,15.0,16
823732,15.0,16
823748,15.0,16
823753,4.0,5
823769,15.0,16
823785,15.0,16
823801,15.0,16
823817,15.0,16
823822,4.0,5
823838,15.0,16
823854,15.0,16
823859,4.0,5
823864,4.0,5
823869,4.0,5
823885,15.0,16
823901,15.0,16
823906,4.0,5
823922,15.0,16
823927,4.0,5
823943,15.0,16
823959,15.0,16
823975,15.0,16
823980,4.0,5
823996,15.0,16
824001,4.0,5
824006,4.0,5
824022,15.0,16
824027,4.0,5
824043,15.0,16
824059,15.0,16
824064,4.0,5
824080,15.0,16
824096,15.0,16
824112,15.0,16
824128,15.0,16
824132,3.0,4
824148,15.0,16
824164,15.0,16
824180,15.0,16
824196,15.0,16
824201,4.0,5
824206,4.0,5
824222,15.0,16
824227,4.0,5
824243,15.0,16
824248,4.0,5
824253,4.0,5
824269,15.0,16
824274,4.0,5
824290,15.0,16
824294,3.0,4
824299,4.0,5
824315,15.0,16
824319,3.0,4
824324,4.0,5
824329,4.0,5
824345,15.0,16
824361,15.0,16
824377,15.0,16
824393,15.0,16
824398,4.0,5
824403,4.0,5
824408,4.0,5
824413,4.0,5
824429,15.0,16
824445,15.0,16
824450,4.0,5
824466,15.0,16
824471,4.0,5
824487,15.0,16
824503,15.0,16
824519,15.0,16
824535,15.0,16
824551,15.0,16
824567,15.0,16
824572,4.0,5
824588,15.0,16
824604,15.0,16
824609,4.0,5
824614,4.0,5
824619,4.0,5
824635,15.0,16
824651,15.0,16
824656,4.0,5
824660,3.0,4
824676,15.0,16
824692,15.0,16
824697,4.0,5
824702,4.0,5
824718,15.0,16
824734,15.0,16
824750,15.0,16
824755,4.0,5
824771,15.0,16
824787,15.0,16
824792,4.0,5
824808,15.0,16
824824,15.0,16
824840,15.0,16
824856,15.0,16
824872,15.0,16
824888,15.0,16
824904,15.0,16
824920,15.0,16
824936,15.0,16
824941,4.0,5
824957,15.0,16
824962,4.0,5
824967,4.0,5
824983,15.0,16
824999,15.0,16
825004,4.0,5
825009,4.0,5
825025,15.0,16
825041,15.0,16
825046,4.0,5
825051,4.0,5
825056,4.0,5
825072,15.0,16
825077,4.0,5
825093,15.0,16
825109,15.0,16
825114,4.0,5
825119,4.0,5
825124,4.0,5
825140,15.0,16
825145,4.0,5
825150,4.0,5
825166,15.0,16
825171,4.0,5
825176,4.0,5
825181,4.0,5
825197,15.0,16
825202,4.0,5
825207,4.0,5
825212,4.0,5
825228,15.0,16
825244,15.0,16
825249,4.0,5
825265,15.0,16
825281,15.0,16
825297,15.0,16
825313,15.0,16
825318,4.0,5
825334,15.0,16
825350,15.0,16
825366,15.0,16
825382,15.0,16
825398,15.0,16
825403,4.0,5
825408,4.0,5
825424,15.0,16
825429,4.0,5
825445,15.0,16
825461,15.0,16
825466,4.0,5
825482,15.0,16
825498,15.0,16
825514,15.0,16
825530,15.0,16
825546,15.0,16
825551,4.0,5
825567,15.0,16
825583,15.0,16
825599,15.0,16
825615,15.0,16
825620,4.0,5
825636,15.0,16
825652,15.0,16
825668,15.0,16
825673,4.0,5
825689,15.0,16
825705,15.0,16
825721,15.0,16
825726,4.0,5
825742,15.0,16
825758,15.0,16
825774,15.0,16
825790,15.0,16
825795,4.0,5
825800,4.0,5
825805,4.0,5
825810,4.0,5
825826,15.0,16
825842,15.0,16
825858,15.0,16
825874,15.0,16
825890,15.0,16
825906,15.0,16
825922,15.0,16
825938,15.0,16
825954,15.0,16
825970,15.0,16
825986,15.0,16
826002,15.0,16
826007,4.0,5
826023,15.0,16
826039,15.0,16
826044,4.0,5
826049,4.0,5
826065,15.0,16
826081,15.0,16
826097,15.0,16
826113,15.0,16
826118,4.0,5
826134,15.0,16
826150,15.0,16
826166,15.0,16
826182,15.0,16
826198,15.0,16
826202,3.0,4
826218,15.0,16
826223,4.0,5
826228,4.0,5
826244,15.0,16
826260,15.0,16
826265,4.0,5
826281,15.0,16
826297,15.0,16
826313,15.0,16
826329,15.0,16
826345,15.0,16
826350,4.0,5
826366,15.0,16
826382,15.0,16
826387,4.0,5
826403,15.0,16
826419,15.0,16
826424,4.0,5
826429,4.0,5
826445,15.0,16
826461,15.0,16
826477,15.0,16
826493,15.0,16
826509,15.0,16
826525,15.0,16
826529,3.0,4
826545,15.0,16
826549,3.0,4
826565,15.0,16
826581,15.0,16
826597,15.0,16
826613,15.0,16
826629,15.0,16
826645,15.0,16
826661,15.0,16
826677,15.0,16
826693,15.0,16
826709,15.0,16
826714,4.0,5
826719,4.0,5
826735,15.0,16
826740,4.0,5
826745,4.0,5
826761,15.0,16
826777,15.0,16
826793,15.0,16
826798,4.0,5
826803,4.0,5
826808,4.0,5
826824,15.0,16
826829,4.0,5
826845,15.0,16
826861,15.0,16
826877,15.0,16
826893,15.0,16
826909,15.0,16
826925,15.0,16
826941,15.0,16
826946,4.0,5
826962,15.0,16
826978,15.0,16
826994,15.0,16
826999,4.0,5
827015,15.0,16
827031,15.0,16
827047,15.0,16
827063,15.0,16
827079,15.0,16
827095,15.0,16
827111,15.0,16
827116,4.0,5
827132,15.0,16
827148,15.0,16
827164,15.0,16
827180,15.0,16
827196,15.0,16
827212,15.0,16
827228,15.0,16
827233,4.0,5
827249,15.0,16
827253,3.0,4
827269,15.0,16
827274,4.0,5
827290,15.0,16
827306,15.0,16
827322,15.0,16
827327,4.0,5
827343,15.0,16
827348,4.0,5
827364,15.0,16
827380,15.0,16
827396,15.0,16
827412,15.0,16
827417,4.0,5
827433,15.0,16
827437,3.0,4
827441,3.0,4
827457,15.0,16
827462,4.0,5
827467,4.0,5
827472,4.0,5
827476,3.0,4
827492,15.0,16
827508,15.0,16
827513,4.0,5
827517,3.0,4
827522,4.0,5
827526,3.0,4
827530,3.0,4
827534,3.0,4
827538,3.0,4
827543,4.0,5
827559,15.0,16
827575,15.0,16
827591,15.0,16
827595,3.0,4
827611,15.0,16
827627,15.0,16
827632,4.0,5
827636,3.0,4
827641,4.0,5
827646,4.0,5
827651,4.0,5
827667,15.0,16
827683,15.0,16
827699,15.0,16
827715,15.0,16
827719,3.0,4
827723,3.0,4
827727,3.0,4
827743,15.0,16
827747,3.0,4
827763,15.0,16
827768,4.0,5
827773,4.0,5
827778,4.0,5
827783,4.0,5
827788,4.0,5
827804,15.0,16
827809,4.0,5
827813,3.0,4
827829,15.0,16
827833,3.0,4
827837,3.0,4
827853,15.0,16
827869,15.0,16
827874,4.0,5
827878,3.0,4
827894,15.0,16
827899,4.0,5
827915,15.0,16
827931,15.0,16
827936,4.0,5
827940,3.0,4
827956,15.0,16
827972,15.0,16
827976,3.0,4
827981,4.0,5
827997,15.0,16
828002,4.0,5
828006,3.0,4
828022,15.0,16
828027,4.0,5
828031,3.0,4
828036,4.0,5
828040,3.0,4
828045,4.0,5
828061,15.0,16
828066,4.0,5
828070,3.0,4
828074,3.0,4
828090,15.0,16
828095,4.0,5
828111,15.0,16
828116,4.0,5
828120,3.0,4
828125,4.0,5
828130,4.0,5
828134,3.0,4
828139,4.0,5
828155,15.0,16
828159,3.0,4
828175,15.0,16
828180,4.0,5
828196,15.0,16
828212,15.0,16
828228,15.0,16
828244,15.0,16
828260,15.0,16
828276,15.0,16
828292,15.0,16
828308,15.0,16
828313,4.0,5
828317,3.0,4
828322,4.0,5
828338,15.0,16
828343,4.0,5
828348,4.0,5
828364,15.0,16
828368,3.0,4
828373,4.0,5
828377,3.0,4
828381,3.0,4
828386,4.0,5
828390,3.0,4
828395,4.0,5
828411,15.0,16
828415,3.0,4
828419,3.0,4
828424,4.0,5
828429,4.0,5
828434,4.0,5
828438,3.0,4
828454,15.0,16
828470,15.0,16
828474,3.0,4
828479,4.0,5
828483,3.0,4
828499,15.0,16
828515,15.0,16
828519,3.0,4
828523,3.0,4
828539,15.0,16
828544,4.0,5
828549,4.0,5
828553,3.0,4
828558,4.0,5
828574,15.0,16
828579,4.0,5
828595,15.0,16
828611,15.0,16
828615,3.0,4
828631,15.0,16
828647,15.0,16
828651,3.0,4
828667,15.0,16
828672,4.0,5
828688,15.0,16
828704,15.0,16
828708,3.0,4
828713,4.0,5
828729,15.0,16
828733,3.0,4
828737,3.0,4
828742,4.0,5
828758,15.0,16
828774,15.0,16
828778,3.0,4
828783,4.0,5
828799,15.0,16
828804,4.0,5
828820,15.0,16
828825,4.0,5
828830,4.0,5
828834,3.0,4
828850,15.0,16
828866,15.0,16
828870,3.0,4
828875,4.0,5
828880,4.0,5
828896,15.0,16
828912,15.0,16
828917,4.0,5
828922,4.0,5
828926,3.0,4
828931,4.0,5
828936,4.0,5
828941,4.0,5
828957,15.0,16
828962,4.0,5
828966,3.0,4
828982,15.0,16
828986,3.0,4
829002,15.0,16
829007,4.0,5
829023,15.0,16
829027,3.0,4
829043,15.0,16
829048,4.0,5
829053,4.0,5
829057,3.0,4
829073,15.0,16
829089,15.0,16
829094,4.0,5
829099,4.0,5
829115,15.0,16
829119,3.0,4
829135,15.0,16
829139,3.0,4
829144,4.0,5
829160,15.0,16
829176,15.0,16
829180,3.0,4
829184,3.0,4
829200,15.0,16
829205,4.0,5
829221,15.0,16
829237,15.0,16
829242,4.0,5
829247,4.0,5
829263,15.0,16
829268,4.0,5
829273,4.0,5
829289,15.0,16
829305,15.0,16
829309,3.0,4
829313,3.0,4
829317,3.0,4
829333,15.0,16
829349,15.0,16
829353,3.0,4
829358,4.0,5
829363,4.0,5
829379,15.0,16
829395,15.0,16
829399,3.0,4
829404,4.0,5
829409,4.0,5
829414,4.0,5
829419,4.0,5
829435,15.0,16
829451,15.0,16
829467,15.0,16
829472,4.0,5
829488,15.0,16
829504,15.0,16
829520,15.0,16
829536,15.0,16
829552,15.0,16
829557,4.0,5
829562,4.0,5
829567,4.0,5
829583,15.0,16
829599,15.0,16
829615,15.0,16
829620,4.0,5
829625,4.0,5
829630,4.0,5
829646,15.0,16
829662,15.0,16
829667,4.0,5
829672,4.0,5
829677,4.0,5
829693,15.0,16
829709,15.0,16
829714,4.0,5
829730,15.0,16
829735,4.0,5
829740,4.0,5
829756,15.0,16
829761,4.0,5
829777,15.0,16
829793,15.0,16
829798,4.0,5
829803,4.0,5
829808,4.0,5
829824,15.0,16
829829,4.0,5
829845,15.0,16
829861,15.0,16
829866,4.0,5
829882,15.0,16
829887,4.0,5
829892,4.0,5
829908,15.0,16
829924,15.0,16
829929,4.0,5
829945,15.0,16
829950,4.0,5
829966,15.0,16
829982,15.0,16
829998,15.0,16
830003,4.0,5
830019,15.0,16
830024,4.0,5
830029,4.0,5
830033,3.0,4
830038,4.0,5
830043,4.0,5
830059,15.0,16
830064,4.0,5
830080,15.0,16
830085,4.0,5
830090,4.0,5
830095,4.0,5
830100,4.0,5
830105,4.0,5
830121,15.0,16
830137,15.0,16
830153,15.0,16
830169,15.0,16
830185,15.0,16
830190,4.0,5
830195,4.0,5
830211,15.0,16
830227,15.0,16
830231,3.0,4
830236,4.0,5
830252,15.0,16
830257,4.0,5
830273,15.0,16
830289,15.0,16
830305,15.0,16
830309,3.0,4
830325,15.0,16
830329,3.0,4
830334,4.0,5
830339,4.0,5
830344,4.0,5
830360,15.0,16
830376,15.0,16
830381,4.0,5
830397,15.0,16
830402,4.0,5
830418,15.0,16
830434,15.0,16
830450,15.0,16
830466,15.0,16
830471,4.0,5
830476,4.0,5
830480,3.0,4
830485,4.0,5
830489,3.0,4
830505,15.0,16
830521,15.0,16
830537,15.0,16
830553,15.0,16
830557,3.0,4
830573,15.0,16
830578,4.0,5
830582,3.0,4
830587,4.0,5
830603,15.0,16
830619,15.0,16
830635,15.0,16
830640,4.0,5
830645,4.0,5
830661,15.0,16
830666,4.0,5
830682,15.0,16
830687,4.0,5
830703,15.0,16
830708,4.0,5
830724,15.0,16
830740,15.0,16
830745,4.0,5
830750,4.0,5
830766,15.0,16
830782,15.0,16
830787,4.0,5
830803,15.0,16
830819,15.0,16
830835,15.0,16
830840,4.0,5
830856,15.0,16
830861,4.0,5
830877,15.0,16
830893,15.0,16
830909,15.0,16
830925,15.0,16
830930,4.0,5
830946,15.0,16
830962,15.0,16
830967,4.0,5
830971,3.0,4
830976,4.0,5
830992,15.0,16
830997,4.0,5
831013,15.0,16
831029,15.0,16
831045,15.0,16
831061,15.0,16
831066,4.0,5
831082,15.0,16
831098,15.0,16
831114,15.0,16
831130,15.0,16
831146,15.0,16
831162,15.0,16
831178,15.0,16
831183,4.0,5
831187,3.0,4
831192,4.0,5
831197,4.0,5
831213,15.0,16
831229,15.0,16
831234,4.0,5
831250,15.0,16
831266,15.0,16
831282,15.0,16
831298,15.0,16
831303,4.0,5
831319,15.0,16
831335,15.0,16
831340,4.0,5
831345,4.0,5
831361,15.0,16
831366,4.0,5
831371,4.0,5
831376,4.0,5
831392,15.0,16
831397,4.0,5
831402,4.0,5
831407,4.0,5
831412,4.0,5
831417,4.0,5
831433,15.0,16
831449,15.0,16
831465,15.0,16
831470,4.0,5
831486,15.0,16
831502,15.0,16
831519,16.0,17
831535,15.0,16
831540,4.0,5
831556,15.0,16
831572,15.0,16
831576,3.0,4
831592,15.0,16
831597,4.0,5
831602,4.0,5
831607,4.0,5
831623,15.0,16
831627,3.0,4
831632,4.0,5
831648,15.0,16
831664,15.0,16
831669,4.0,5
831674,4.0,5
831690,15.0,16
831695,4.0,5
831711,15.0,16
831727,15.0,16
831732,4.0,5
831737,4.0,5
831754,16.0,17
831759,4.0,5
831775,15.0,16
831779,3.0,4
831783,3.0,4
831799,15.0,16
831804,4.0,5
831809,4.0,5
831825,15.0,16
831841,15.0,16
831857,15.0,16
831873,15.0,16
831877,3.0,4
831893,15.0,16
831909,15.0,16
831925,15.0,16
831941,15.0,16
831946,4.0,5
831962,15.0,16
831978,15.0,16
831994,15.0,16
832010,15.0,16
832026,15.0,16
832031,4.0,5
832047,15.0,16
832052,4.0,5
832057,4.0,5
832062,4.0,5
832067,4.0,5
832072,4.0,5
832088,15.0,16
832104,15.0,16
832121,16.0,17
832138,16.0,17
832155,16.0,17
832172,16.0,17
832188,15.0,16
832193,4.0,5
832198,4.0,5
832214,15.0,16
832230,15.0,16
832246,15.0,16
832262,15.0,16
832278,15.0,16
832294,15.0,16
832310,15.0,16
832315,4.0,5
832320,4.0,5
832336,15.0,16
832352,15.0,16
832368,15.0,16
832384,15.0,16
832389,4.0,5
832405,15.0,16
832410,4.0,5
832426,15.0,16
832430,3.0,4
832435,4.0,5
832451,15.0,16
832456,4.0,5
832472,15.0,16
832488,15.0,16
832505,16.0,17
832521,15.0,16
832526,4.0,5
832531,4.0,5
832536,4.0,5
832553,16.0,17
832569,15.0,16
832585,15.0,16
832601,15.0,16
832606,4.0,5
832611,4.0,5
832616,4.0,5
832621,4.0,5
832638,16.0,17
832654,15.0,16
832659,4.0,5
832664,4.0,5
832669,4.0,5
832685,15.0,16
832690,4.0,5
832707,16.0,17
832723,15.0,16
832739,15.0,16
832756,16.0,17
832760,3.0,4
832765,4.0,5
832781,15.0,16
832786,4.0,5
832802,15.0,16
832819,16.0,17
832835,15.0,16
832851,15.0,16
832855,3.0,4
832871,15.0,16
832887,15.0,16
832892,4.0,5
832897,4.0,5
832902,4.0,5
832918,15.0,16
832934,15.0,16
832950,15.0,16
832955,4.0,5
832959,3.0,4
832964,4.0,5
832980,15.0,16
832985,4.0,5
833001,15.0,16
833006,4.0,5
833011,4.0,5
833016,4.0,5
833032,15.0,16
833048,15.0,16
833064,15.0,16
833080,15.0,16
833096,15.0,16
833112,15.0,16
833128,15.0,16
833132,3.0,4
833148,15.0,16
833152,3.0,4
833156,3.0,4
833172,15.0,16
833188,15.0,16
833204,15.0,16
833209,4.0,5
833225,15.0,16
833242,16.0,17
833258,15.0,16
833274,15.0,16
833291,16.0,17
833296,4.0,5
833312,15.0,16
833328,15.0,16
833333,4.0,5
833338,4.0,5
833354,15.0,16
833370,15.0,16
833387,16.0,17
833392,4.0,5
833408,15.0,16
833424,15.0,16
833440,15.0,16
833456,15.0,16
833460,3.0,4
833476,15.0,16
833492,15.0,16
833497,4.0,5
833513,15.0,16
833530,16.0,17
833546,15.0,16
833551,4.0,5
833567,15.0,16
833583,15.0,16
833599,15.0,16
833615,15.0,16
833620,4.0,5
833636,15.0,16
833652,15.0,16
833668,15.0,16
833672,3.0,4
833688,15.0,16
833704,15.0,16
833720,15.0,16
833725,4.0,5
833730,4.0,5
833746,15.0,16
833762,15.0,16
833766,3.0,4
833782,15.0,16
833787,4.0,5
833803,15.0,16
833819,15.0,16
833835,15.0,16
833851,15.0,16
833867,15.0,16
833883,15.0,16
833899,15.0,16
833915,15.0,16
833931,15.0,16
833947,15.0,16
833963,15.0,16
833979,15.0,16
833995,15.0,16
834000,4.0,5
834016,15.0,16
834032,15.0,16
834037,4.0,5
834053,15.0,16
834069,15.0,16
834085,15.0,16
834101,15.0,16
834106,4.0,5
834111,4.0,5
834116,4.0,5
834132,15.0,16
834148,15.0,16
834164,15.0,16
834180,15.0,16
834185,4.0,5
834190,4.0,5
834206,15.0,16
834222,15.0,16
834238,15.0,16
834243,4.0,5
834259,15.0,16
834275,15.0,16
834291,15.0,16
834307,15.0,16
834312,4.0,5
834317,4.0,5
834333,15.0,16
834338,4.0,5
834354,15.0,16
834359,4.0,5
834364,4.0,5
834380,15.0,16
834384,3.0,4
834400,15.0,16
834416,15.0,16
834421,4.0,5
834437,15.0,16
834453,15.0,16
834469,15.0,16
834485,15.0,16
834501,15.0,16
834517,15.0,16
834533,15.0,16
834538,4.0,5
834554,15.0,16
834570,15.0,16
834575,4.0,5
834591,15.0,16
834607,15.0,16
834623,15.0,16
834639,15.0,16
834655,15.0,16
834660,4.0,5
834676,15.0,16
834692,15.0,16
834708,15.0,16
834713,4.0,5
834729,15.0,16
834745,15.0,16
834761,15.0,16
834766,4.0,5
834771,4.0,5
834776,4.0,5
834781,4.0,5
834797,15.0,16
834813,15.0,16
834818,4.0,5
834822,3.0,4
834838,15.0,16
834854,15.0,16
834870,15.0,16
834875,4.0,5
834880,4.0,5
834896,15.0,16
834901,4.0,5
834917,15.0,16
834933,15.0,16
834949,15.0,16
834953,3.0,4
834969,15.0,16
834985,15.0,16
834990,4.0,5
834994,3.0,4
834999,4.0,5
835003,3.0,4
835008,4.0,5
835024,15.0,16
835029,4.0,5
835033,3.0,4
835049,15.0,16
835054,4.0,5
835070,15.0,16
835086,15.0,16
835102,15.0,16
835118,15.0,16
835134,15.0,16
835138,3.0,4
835154,15.0,16
835170,15.0,16
835186,15.0,16
835202,15.0,16
835218,15.0,16
835234,15.0,16
835239,4.0,5
835244,4.0,5
835260,15.0,16
835276,15.0,16
835281,4.0,5
835285,3.0,4
835301,15.0,16
835317,15.0,16
835333,15.0,16
835349,15.0,16
835365,15.0,16
835381,15.0,16
835386,4.0,5
835402,15.0,16
835407,4.0,5
835412,4.0,5
835428,15.0,16
835444,15.0,16
835449,4.0,5
835465,15.0,16
835470,4.0,5
835475,4.0,5
835480,4.0,5
835496,15.0,16
835501,4.0,5
835517,15.0,16
835522,4.0,5
835538,15.0,16
835543,4.0,5
835548,4.0,5
835553,4.0,5
835569,15.0,16
835573,3.0,4
835589,15.0,16
835605,15.0,16
835621,15.0,16
835637,15.0,16
835653,15.0,16
835669,15.0,16
835685,15.0,16
835690,4.0,5
835706,15.0,16
835722,15.0,16
835738,15.0,16
835754,15.0,16
835770,15.0,16
835775,4.0,5
835791,15.0,16
835807,15.0,16
835823,15.0,16
835839,15.0,16
835855,15.0,16
835871,15.0,16
835888,16.0,17
835904,15.0,16
835920,15.0,16
835936,15.0,16
835952,15.0,16
835968,15.0,16
835984,15.0,16
836000,15.0,16
836016,15.0,16
836032,15.0,16
836048,15.0,16
836064,15.0,16
836080,15.0,16
836085,4.0,5
836101,15.0,16
836117,15.0,16
836133,15.0,16
836149,15.0,16
836165,15.0,16
836181,15.0,16
836197,15.0,16
836213,15.0,16
836229,15.0,16
836245,15.0,16
836261,15.0,16
836266,4.0,5
836271,4.0,5
836287,15.0,16
836303,15.0,16
836308,4.0,5
836324,15.0,16
836340,15.0,16
836356,15.0,16
836372,15.0,16
836388,15.0,16
836404,15.0,16
836420,15.0,16
836436,15.0,16
836452,15.0,16
836457,4.0,5
836473,15.0,16
836489,15.0,16
836493,3.0,4
836509,15.0,16
836525,15.0,16
836541,15.0,16
836557,15.0,16
836573,15.0,16
836589,15.0,16
836605,15.0,16
836610,4.0,5
836626,15.0,16
836642,15.0,16
836658,15.0,16
836674,15.0,16
836690,15.0,16
836706,15.0,16
836722,15.0,16
836738,15.0,16
836754,15.0,16
836770,15.0,16
836786,15.0,16
836802,15.0,16
836807,4.0,5
836823,15.0,16
836839,15.0,16
836855,15.0,16
836871,15.0,16
836887,15.0,16
836903,15.0,16
836919,15.0,16
836935,15.0,16
836951,15.0,16
836967,15.0,16
836983,15.0,16
836999,15.0,16
837015,15.0,16
837020,4.0,5
837036,15.0,16
837052,15.0,16
837068,15.0,16
837084,15.0,16
837100,15.0,16
837116,15.0,16
837132,15.0,16
837148,15.0,16
837153,4.0,5
837169,15.0,16
837185,15.0,16
837201,15.0,16
837217,15.0,16
837233,15.0,16
837249,15.0,16
837265,15.0,16
837281,15.0,16
837297,15.0,16
837313,15.0,16
837329,15.0,16
837345,15.0,16
837361,15.0,16
837377,15.0,16
837382,4.0,5
837398,15.0,16
837414,15.0,16
837430,15.0,16
837446,15.0,16
837462,15.0,16
837478,15.0,16
837494,15.0,16
837510,15.0,16
837526,15.0,16
837542,15.0,16
837558,15.0,16
837574,15.0,16
837590,15.0,16
837606,15.0,16
837622,15.0,16
837638,15.0,16
837654,15.0,16
837670,15.0,16
837686,15.0,16
837702,15.0,16
837718,15.0,16
837723,4.0,5
837739,15.0,16
837755,15.0,16
837771,15.0,16
837787,15.0,16
837803,15.0,16
837819,15.0,16
837824,4.0,5
837829,4.0,5
837846,16.0,17
837862,15.0,16
837878,15.0,16
837894,15.0,16
837911,16.0,17
837928,16.0,17
837933,4.0,5
837938,4.0,5
837954,15.0,16
837970,15.0,16
837986,15.0,16
838002,15.0,16
838007,4.0,5
838023,15.0,16
838040,16.0,17
838057,16.0,17
838073,15.0,16
838089,15.0,16
838094,4.0,5
838111,16.0,17
838128,16.0,17
838144,15.0,16
838160,15.0,16
838176,15.0,16
838193,16.0,17
838209,15.0,16
838225,15.0,16
838241,15.0,16
838257,15.0,16
838262,4.0,5
838278,15.0,16
838294,15.0,16
838310,15.0,16
838326,15.0,16
838342,15.0,16
838358,15.0,16
838374,15.0,16
838390,15.0,16
838395,4.0,5
838411,15.0,16
838427,15.0,16
838443,15.0,16
838459,15.0,16
838475,15.0,16
838491,15.0,16
838507,15.0,16
838523,15.0,16
838539,15.0,16
838555,15.0,16
838571,15.0,16
838587,15.0,16
838604,16.0,17
838621,16.0,17
838637,15.0,16
838642,4.0,5
838658,15.0,16
838674,15.0,16
838690,15.0,16
838706,15.0,16
838722,15.0,16
838738,15.0,16
838754,15.0,16
838771,16.0,17
838787,15.0,16
838803,15.0,16
838819,15.0,16
838824,4.0,5
838840,15.0,16
838856,15.0,16
838872,15.0,16
838877,4.0,5
838894,16.0,17
838910,15.0,16
838915,4.0,5
838931,15.0,16
838936,4.0,5
838953,16.0,17
838969,15.0,16
838985,15.0,16
839001,15.0,16
839017,15.0,16
839033,15.0,16
839049,15.0,16
839065,15.0,16
839081,15.0,16
839086,4.0,5
839102,15.0,16
839118,15.0,16
839134,15.0,16
839151,16.0,17
839167,15.0,16
839183,15.0,16
839199,15.0,16
839215,15.0,16
839231,15.0,16
839247,15.0,16
839252,4.0,5
839257,4.0,5
839273,15.0,16
839289,15.0,16
839305,15.0,16
839310,4.0,5
839326,15.0,16
839342,15.0,16
839358,15.0,16
839374,15.0,16
839379,4.0,5
839395,15.0,16
839412,16.0,17
839428,15.0,16
839444,15.0,16
839461,16.0,17
839477,15.0,16
839493,15.0,16
839509,15.0,16
839525,15.0,16
839541,15.0,16
839558,16.0,17
839563,4.0,5
839579,15.0,16
839595,15.0,16
839600,4.0,5
839605,4.0,5
839622,16.0,17
839638,15.0,16
839654,15.0,16
839670,15.0,16
839686,15.0,16
839691,4.0,5
839707,15.0,16
839723,15.0,16
839739,15.0,16
839755,15.0,16
839760,4.0,5
839776,15.0,16
839792,15.0,16
839808,15.0,16
839824,15.0,16
839829,4.0,5
839845,15.0,16
839850,4.0,5
839866,15.0,16
839882,15.0,16
839898,15.0,16
839914,15.0,16
839930,15.0,16
839946,15.0,16
839962,15.0,16
839978,15.0,16
839983,4.0,5
839999,15.0,16
840015,15.0,16
840031,15.0,16
840047,15.0,16
840063,15.0,16
840079,15.0,16
840095,15.0,16
840111,15.0,16
840127,15.0,16
840143,15.0,16
840159,15.0,16
840164,4.0,5
840180,15.0,16
840196,15.0,16
840212,15.0,16
840217,4.0,5
840233,15.0,16
840249,15.0,16
840265,15.0,16
840281,15.0,16
840297,15.0,16
840313,15.0,16
840329,15.0,16
840345,15.0,16
840361,15.0,16
840378,16.0,17
840383,4.0,5
840399,15.0,16
840415,15.0,16
840431,15.0,16
840447,15.0,16
840452,4.0,5
840468,15.0,16
840484,15.0,16
840500,15.0,16
840516,15.0,16
840532,15.0,16
840548,15.0,16
840564,15.0,16
840580,15.0,16
840596,15.0,16
840613,16.0,17
840629,15.0,16
840645,15.0,16
840661,15.0,16
840677,15.0,16
840693,15.0,16
840709,15.0,16
840725,15.0,16
840741,15.0,16
840746,4.0,5
840751,4.0,5
840767,15.0,16
840783,15.0,16
840799,15.0,16
840815,15.0,16
840831,15.0,16
840836,4.0,5
840852,15.0,16
840868,15.0,16
840884,15.0,16
840900,15.0,16
840916,15.0,16
840932,15.0,16
840937,4.0,5
840942,4.0,5
840958,15.0,16
840974,15.0,16
840990,15.0,16
840995,4.0,5
841011,15.0,16
841027,15.0,16
841043,15.0,16
841059,15.0,16
841075,15.0,16
841080,4.0,5
841096,15.0,16
841101,4.0,5
841117,15.0,16
841133,15.0,16
841149,15.0,16
841165,15.0,16
841181,15.0,16
841197,15.0,16
841202,4.0,5
841218,15.0,16
841234,15.0,16
841250,15.0,16
841266,15.0,16
841282,15.0,16
841298,15.0,16
841303,4.0,5
841319,15.0,16
841335,15.0,16
841340,4.0,5
841345,4.0,5
841361,15.0,16
841377,15.0,16
841393,15.0,16
841409,15.0,16
841414,4.0,5
841430,15.0,16
841446,15.0,16
841462,15.0,16
841478,15.0,16
841494,15.0,16
841510,15.0,16
841526,15.0,16
841542,15.0,16
841558,15.0,16
841574,15.0,16
841590,15.0,16
841606,15.0,16
841622,15.0,16
841627,4.0,5
841643,15.0,16
841659,15.0,16
841675,15.0,16
841691,15.0,16
841707,15.0,16
841723,15.0,16
841739,15.0,16
841755,15.0,16
841771,15.0,16
841787,15.0,16
841803,15.0,16
841819,15.0,16
841835,15.0,16
841851,15.0,16
841867,15.0,16
841883,15.0,16
841899,15.0,16
841915,15.0,16
841931,15.0,16
841947,15.0,16
841963,15.0,16
841979,15.0,16
841995,15.0,16
842011,15.0,16
842027,15.0,16
842032,4.0,5
842048,15.0,16
842053,4.0,5
842069,15.0,16
842085,15.0,16
842101,15.0,16
842117,15.0,16
842133,15.0,16
842149,15.0,16
842165,15.0,16
842181,15.0,16
842197,15.0,16
842213,15.0,16
842229,15.0,16
842234,4.0,5
842250,15.0,16
842266,15.0,16
842282,15.0,16
842287,4.0,5
842303,15.0,16
842319,15.0,16
842335,15.0,16
842351,15.0,16
842367,15.0,16
842383,15.0,16
842399,15.0,16
842415,15.0,16
842420,4.0,5
842436,15.0,16
842452,15.0,16
842468,15.0,16
842484,15.0,16
842500,15.0,16
842516,15.0,16
842532,15.0,16
842548,15.0,16
842564,15.0,16
842580,15.0,16
842596,15.0,16
842612,15.0,16
842628,15.0,16
842644,15.0,16
842660,15.0,16
842676,15.0,16
842692,15.0,16
842708,15.0,16
842713,4.0,5
842729,15.0,16
842734,4.0,5
842750,15.0,16
842755,4.0,5
842771,15.0,16
842787,15.0,16
842803,15.0,16
842819,15.0,16
842835,15.0,16
842851,15.0,16
842867,15.0,16
842883,15.0,16
842888,4.0,5
842904,15.0,16
842920,15.0,16
842936,15.0,16
842952,15.0,16
842968,15.0,16
842984,15.0,16
843000,15.0,16
843005,4.0,5
843021,15.0,16
843037,15.0,16
843053,15.0,16
843069,15.0,16
843085,15.0,16
843101,15.0,16
843117,15.0,16
843122,4.0,5
843138,15.0,16
843154,15.0,16
843170,15.0,16
843186,15.0,16
843202,15.0,16
843218,15.0,16
843223,4.0,5
843239,15.0,16
843255,15.0,16
843271,15.0,16
843287,15.0,16
843303,15.0,16
843319,15.0,16
843335,15.0,16
843351,15.0,16
843367,15.0,16
843383,15.0,16
843399,15.0,16
843415,15.0,16
843431,15.0,16
843436,4.0,5
843441,4.0,5
843457,15.0,16
843462,4.0,5
843478,15.0,16
843494,15.0,16
843510,15.0,16
843526,15.0,16
843542,15.0,16
843558,15.0,16
843574,15.0,16
843579,4.0,5
843595,15.0,16
843611,15.0,16
843627,15.0,16
843643,15.0,16
843659,15.0,16
843664,4.0,5
843680,15.0,16
843685,4.0,5
843701,15.0,16
843717,15.0,16
843733,15.0,16
843749,15.0,16
843765,15.0,16
843781,15.0,16
843797,15.0,16
843813,15.0,16
843829,15.0,16
843845,15.0,16
843861,15.0,16
843877,15.0,16
843893,15.0,16
843909,15.0,16
843925,15.0,16
843941,15.0,16
843957,15.0,16
843973,15.0,16
843989,15.0,16
844005,15.0,16
844021,15.0,16
844038,16.0,17
844054,15.0,16
844070,15.0,16
844086,15.0,16
844102,15.0,16
844118,15.0,16
844134,15.0,16
844150,15.0,16
844166,15.0,16
844182,15.0,16
844199,16.0,17
844215,15.0,16
844231,15.0,16
844247,15.0,16
844263,15.0,16
844279,15.0,16
844295,15.0,16
844311,15.0,16
844327,15.0,16
844343,15.0,16
844360,16.0,17
844377,16.0,17
844393,15.0,16
844409,15.0,16
844425,15.0,16
844441,15.0,16
844457,15.0,16
844473,15.0,16
844489,15.0,16
844505,15.0,16
844521,15.0,16
844537,15.0,16
844553,15.0,16
844569,15.0,16
844585,15.0,16
844601,15.0,16
844617,15.0,16
844633,15.0,16
844650,16.0,17
844666,15.0,16
844682,15.0,16
844698,15.0,16
844715,16.0,17
844731,15.0,16
844747,15.0,16
844763,15.0,16
844779,15.0,16
844795,15.0,16
844811,15.0,16
844816,4.0,5
844832,15.0,16
844849,16.0,17
844865,15.0,16
844881,15.0,16
844897,15.0,16
844913,15.0,16
844929,15.0,16
844945,15.0,16
844961,15.0,16
844977,15.0,16
844993,15.0,16
845010,16.0,17
845026,15.0,16
845042,15.0,16
845058,15.0,16
845074,15.0,16
845091,16.0,17
845107,15.0,16
845123,15.0,16
845139,15.0,16
845155,15.0,16
845171,15.0,16
845187,15.0,16
845203,15.0,16
845219,15.0,16
845235,15.0,16
845251,15.0,16
845267,15.0,16
845283,15.0,16
845299,15.0,16
845315,15.0,16
845331,15.0,16
845347,15.0,16
845363,15.0,16
845379,15.0,16
845395,15.0,16
845411,15.0,16
845427,15.0,16
845443,15.0,16
845459,15.0,16
845475,15.0,16
845491,15.0,16
845507,15.0,16
845523,15.0,16
845539,15.0,16
845555,15.0,16
845571,15.0,16
845587,15.0,16
845603,15.0,16
845620,16.0,17
845637,16.0,17
845653,15.0,16
845669,15.0,16
845685,15.0,16
845701,15.0,16
845717,15.0,16
845733,15.0,16
845750,16.0,17
845766,15.0,16
845782,15.0,16
845798,15.0,16
845814,15.0,16
845830,15.0,16
845847,16.0,17
845863,15.0,16
845880,16.0,17
845896,15.0,16
845913,16.0,17
845930,16.0,17
845947,16.0,17
845963,15.0,16
845979,15.0,16
845996,16.0,17
846013,16.0,17
846029,15.0,16
846046,16.0,17
846062,15.0,16
846078,15.0,16
846094,15.0,16
846111,16.0,17
846127,15.0,16
846144,16.0,17
846161,16.0,17
846178,16.0,17
846194,15.0,16
846210,15.0,16
846227,16.0,17
846243,15.0,16
846260,16.0,17
846276,15.0,16
846293,16.0,17
846309,15.0,16
846325,15.0,16
846341,15.0,16
846357,15.0,16
846373,15.0,16
846389,15.0,16
846406,16.0,17
846422,15.0,16
846438,15.0,16
846454,15.0,16
846470,15.0,16
846487,16.0,17
846504,16.0,17
846521,16.0,17
846538,16.0,17
846555,16.0,17
846572,16.0,17
846588,15.0,16
846605,16.0,17
846622,16.0,17
846638,15.0,16
846654,15.0,16
846670,15.0,16
846687,16.0,17
846703,15.0,16
846720,16.0,17
846736,15.0,16
846753,16.0,17
846769,15.0,16
846786,16.0,17
846803,16.0,17
846819,15.0,16
846835,15.0,16
846852,16.0,17
846869,16.0,17
846886,16.0,17
846903,16.0,17
846919,15.0,16
846936,16.0,17
846952,15.0,16
846968,15.0,16
846984,15.0,16
847001,16.0,17
847017,15.0,16
847034,16.0,17
847050,15.0,16
847067,16.0,17
847083,15.0,16
847100,16.0,17
847116,15.0,16
847132,15.0,16
847149,16.0,17
847166,16.0,17
847182,15.0,16
847199,16.0,17
847215,15.0,16
847232,16.0,17
847249,16.0,17
847266,16.0,17
847283,16.0,17
847300,16.0,17
847317,16.0,17
847334,16.0,17
847350,15.0,16
847366,15.0,16
847383,16.0,17
847399,15.0,16
847415,15.0,16
847432,16.0,17
847449,16.0,17
847466,16.0,17
847483,16.0,17
847500,16.0,17
847517,16.0,17
847533,15.0,16
847550,16.0,17
847567,16.0,17
847584,16.0,17
847600,15.0,16
847616,15.0,16
847632,15.0,16
847649,16.0,17
847666,16.0,17
847683,16.0,17
847699,15.0,16
847716,16.0,17
847733,16.0,17
847750,16.0,17
847767,16.0,17
847783,15.0,16
847800,16.0,17
847817,16.0,17
847833,15.0,16
847850,16.0,17
847866,15.0,16
847883,16.0,17
847900,16.0,17
847917,16.0,17
847933,15.0,16
847950,16.0,17
847967,16.0,17
847984,16.0,17
848001,16.0,17
848018,16.0,17
848034,15.0,16
848051,16.0,17
848068,16.0,17
848085,16.0,17
848102,16.0,17
848119,16.0,17
848136,16.0,17
848153,16.0,17
848170,16.0,17
848187,16.0,17
848204,16.0,17
848221,16.0,17
848238,16.0,17
848255,16.0,17
848272,16.0,17
848289,16.0,17
848306,16.0,17
848323,16.0,17
848340,16.0,17
848357,16.0,17
848373,15.0,16
848390,16.0,17
848407,16.0,17
848424,16.0,17
848441,16.0,17
848458,16.0,17
848475,16.0,17
848492,16.0,17
848509,16.0,17
848526,16.0,17
848543,16.0,17
848560,16.0,17
848577,16.0,17
848594,16.0,17
848611,16.0,17
848628,16.0,17
848645,16.0,17
848662,16.0,17
848679,16.0,17
848696,16.0,17
848713,16.0,17
848730,16.0,17
848747,16.0,17
848764,16.0,17
848780,15.0,16
848797,16.0,17
848814,16.0,17
848830,15.0,16
848847,16.0,17
848864,16.0,17
848881,16.0,17
848898,16.0,17
848915,16.0,17
848932,16.0,17
848948,15.0,16
848965,16.0,17
848982,16.0,17
848999,16.0,17
849016,16.0,17
849032,15.0,16
849049,16.0,17
849066,16.0,17
849083,16.0,17
849100,16.0,17
849117,16.0,17
849134,16.0,17
849151,16.0,17
849168,16.0,17
849185,16.0,17
849202,16.0,17
849219,16.0,17
849236,16.0,17
849253,16.0,17
849270,16.0,17
849287,16.0,17
849304,16.0,17
849321,16.0,17
849338,16.0,17
849355,16.0,17
849372,16.0,17
849389,16.0,17
849406,16.0,17
849423,16.0,17
849440,16.0,17
849457,16.0,17
849474,16.0,17
849491,16.0,17
849508,16.0,17
849525,16.0,17
849542,16.0,17
849559,16.0,17
849576,16.0,17
849593,16.0,17
849610,16.0,17
849627,16.0,17
849644,16.0,17
849661,16.0,17
849678,16.0,17
849695,16.0,17
849712,16.0,17
849729,16.0,17
849746,16.0,17
849762,15.0,16
849779,16.0,17
849796,16.0,17
849813,16.0,17
849830,16.0,17
849847,16.0,17
849863,15.0,16
849880,16.0,17
849897,16.0,17
849914,16.0,17
849931,16.0,17
849948,16.0,17
849965,16.0,17
849982,16.0,17
849999,16.0,17
850016,16.0,17
850033,16.0,17
850050,16.0,17
850067,16.0,17
850084,16.0,17
850100,15.0,16
850117,16.0,17
850134,16.0,17
850151,16.0,17
850168,16.0,17
850184,15.0,16
850201,16.0,17
850217,15.0,16
850234,16.0,17
850251,16.0,17
850268,16.0,17
850285,16.0,17
850301,15.0,16
850318,16.0,17
850334,15.0,16
850351,16.0,17
850368,16.0,17
850384,15.0,16
850401,16.0,17
850417,15.0,16
850434,16.0,17
850450,15.0,16
850467,16.0,17
850484,16.0,17
850501,16.0,17
850518,16.0,17
850535,16.0,17
850552,16.0,17
850569,16.0,17
850586,16.0,17
850602,15.0,16
850619,16.0,17
850636,16.0,17
850653,16.0,17
850670,16.0,17
850687,16.0,17
850703,15.0,16
850720,16.0,17
850737,16.0,17
850754,16.0,17
850771,16.0,17
850788,16.0,17
850804,15.0,16
850821,16.0,17
850838,16.0,17
850855,16.0,17
850871,15.0,16
850888,16.0,17
850905,16.0,17
850921,15.0,16
850938,16.0,17
850955,16.0,17
850971,15.0,16
850988,16.0,17
851005,16.0,17
851022,16.0,17
851039,16.0,17
851056,16.0,17
851073,16.0,17
851090,16.0,17
851107,16.0,17
851124,16.0,17
851141,16.0,17
851157,15.0,16
851174,16.0,17
851191,16.0,17
851208,16.0,17
851213,4.0,5
851230,16.0,17
851246,15.0,16
851263,16.0,17
851280,16.0,17
851297,16.0,17
851313,15.0,16
851330,16.0,17
851347,16.0,17
851364,16.0,17
851381,16.0,17
851398,16.0,17
851415,16.0,17
851432,16.0,17
851449,16.0,17
851465,15.0,16
851482,16.0,17
851498,15.0,16
851515,16.0,17
851532,16.0,17
851549,16.0,17
851566,16.0,17
851583,16.0,17
851600,16.0,17
851616,15.0,16
851633,16.0,17
851650,16.0,17
851667,16.0,17
851684,16.0,17
851701,16.0,17
851718,16.0,17
851735,16.0,17
851752,16.0,17
851769,16.0,17
851785,15.0,16
851801,15.0,16
851818,16.0,17
851834,15.0,16
851850,15.0,16
851866,15.0,16
851882,15.0,16
851899,16.0,17
851915,15.0,16
851932,16.0,17
851949,16.0,17
851966,16.0,17
851983,16.0,17
852000,16.0,17
852016,15.0,16
852033,16.0,17
852050,16.0,17
852066,15.0,16
852083,16.0,17
852099,15.0,16
852116,16.0,17
852132,15.0,16
852148,15.0,16
852165,16.0,17
852182,16.0,17
852199,16.0,17
852216,16.0,17
852233,16.0,17
852249,15.0,16
852266,16.0,17
852283,16.0,17
852300,16.0,17
852316,15.0,16
852333,16.0,17
852350,16.0,17
852367,16.0,17
852384,16.0,17
852401,16.0,17
852418,16.0,17
852434,15.0,16
852451,16.0,17
852467,15.0,16
852484,16.0,17
852501,16.0,17
852517,15.0,16
852534,16.0,17
852551,16.0,17
852567,15.0,16
852583,15.0,16
852600,16.0,17
852617,16.0,17
852634,16.0,17
852651,16.0,17
852668,16.0,17
852685,16.0,17
852702,16.0,17
852719,16.0,17
852736,16.0,17
852753,16.0,17
852770,16.0,17
852787,16.0,17
852803,15.0,16
852820,16.0,17
852837,16.0,17
852854,16.0,17
852871,16.0,17
852888,16.0,17
852905,16.0,17
852921,15.0,16
852938,16.0,17
852954,15.0,16
852971,16.0,17
852988,16.0,17
853005,16.0,17
853022,16.0,17
853039,16.0,17
853056,16.0,17
853073,16.0,17
853090,16.0,17
853107,16.0,17
853124,16.0,17
853141,16.0,17
853157,15.0,16
853174,16.0,17
853190,15.0,16
853207,16.0,17
853224,16.0,17
853241,16.0,17
853258,16.0,17
853275,16.0,17
853291,15.0,16
853308,16.0,17
853325,16.0,17
853342,16.0,17
853358,15.0,16
853375,16.0,17
853392,16.0,17
853408,15.0,16
853424,15.0,16
853441,16.0,17
853457,15.0,16
853473,15.0,16
853490,16.0,17
853507,16.0,17
853524,16.0,17
853541,16.0,17
853558,16.0,17
853574,15.0,16
853591,16.0,17
853608,16.0,17
853625,16.0,17
853642,16.0,17
853659,16.0,17
853676,16.0,17
853693,16.0,17
853710,16.0,17
853727,16.0,17
853744,16.0,17
853760,15.0,16
853777,16.0,17
853793,15.0,16
853809,15.0,16
853825,15.0,16
853842,16.0,17
853859,16.0,17
853875,15.0,16
853892,16.0,17
853909,16.0,17
853926,16.0,17
853942,15.0,16
853958,15.0,16
853975,16.0,17
853991,15.0,16
854007,15.0,16
854023,15.0,16
854039,15.0,16
854055,15.0,16
854071,15.0,16
854087,15.0,16
854103,15.0,16
854119,15.0,16
854136,16.0,17
854152,15.0,16
854168,15.0,16
854184,15.0,16
854200,15.0,16
854216,15.0,16
854232,15.0,16
854248,15.0,16
854264,15.0,16
854269,4.0,5
854285,15.0,16
854301,15.0,16
854317,15.0,16
854333,15.0,16
854349,15.0,16
854365,15.0,16
854381,15.0,16
854397,15.0,16
854413,15.0,16
854418,4.0,5
854434,15.0,16
854439,4.0,5
854455,15.0,16
854471,15.0,16
854487,15.0,16
854503,15.0,16
854519,15.0,16
854535,15.0,16
854551,15.0,16
854556,4.0,5
854573,16.0,17
854589,15.0,16
854605,15.0,16
854621,15.0,16
854637,15.0,16
854653,15.0,16
854670,16.0,17
854686,15.0,16
854702,15.0,16
854718,15.0,16
854734,15.0,16
854739,4.0,5
854755,15.0,16
854771,15.0,16
854788,16.0,17
854804,15.0,16
854820,15.0,16
854836,15.0,16
854852,15.0,16
854857,4.0,5
854873,15.0,16
854889,15.0,16
854905,15.0,16
854921,15.0,16
854937,15.0,16
854953,15.0,16
854969,15.0,16
854985,15.0,16
855001,15.0,16
855017,15.0,16
855033,15.0,16
855049,15.0,16
855065,15.0,16
855082,16.0,17
855098,15.0,16
855114,15.0,16
855130,15.0,16
855146,15.0,16
855162,15.0,16
855178,15.0,16
855194,15.0,16
855210,15.0,16
855226,15.0,16
855242,15.0,16
855258,15.0,16
855274,15.0,16
855290,15.0,16
855295,4.0,5
855311,15.0,16
855327,15.0,16
855344,16.0,17
855361,16.0,17
855378,16.0,17
855383,4.0,5
855399,15.0,16
855404,4.0,5
855420,15.0,16
855436,15.0,16
855453,16.0,17
855469,15.0,16
855486,16.0,17
855502,15.0,16
855518,15.0,16
855534,15.0,16
855550,15.0,16
855566,15.0,16
855583,16.0,17
855599,15.0,16
855615,15.0,16
855631,15.0,16
855647,15.0,16
855663,15.0,16
855679,15.0,16
855695,15.0,16
855711,15.0,16
855727,15.0,16
855744,16.0,17
855760,15.0,16
855776,15.0,16
855792,15.0,16
855809,16.0,17
855814,4.0,5
855830,15.0,16
855846,15.0,16
855862,15.0,16
855878,15.0,16
855894,15.0,16
855910,15.0,16
855926,15.0,16
855942,15.0,16
855958,15.0,16
855974,15.0,16
855990,15.0,16
856006,15.0,16
856022,15.0,16
856038,15.0,16
856054,15.0,16
856070,15.0,16
856086,15.0,16
856102,15.0,16
856118,15.0,16
856134,15.0,16
856150,15.0,16
856166,15.0,16
856182,15.0,16
856198,15.0,16
856214,15.0,16
856230,15.0,16
856246,15.0,16
856262,15.0,16
856279,16.0,17
856295,15.0,16
856311,15.0,16
856327,15.0,16
856332,4.0,5
856337,4.0,5
856353,15.0,16
856369,15.0,16
856385,15.0,16
856402,16.0,17
856418,15.0,16
856434,15.0,16
856450,15.0,16
856466,15.0,16
856482,15.0,16
856498,15.0,16
856514,15.0,16
856530,15.0,16
856547,16.0,17
856563,15.0,16
856579,15.0,16
856595,15.0,16
856611,15.0,16
856627,15.0,16
856643,15.0,16
856659,15.0,16
856675,15.0,16
856691,15.0,16
856707,15.0,16
856723,15.0,16
856728,4.0,5
856744,15.0,16
856760,15.0,16
856776,15.0,16
856792,15.0,16
856808,15.0,16
856825,16.0,17
856841,15.0,16
856857,15.0,16
856873,15.0,16
856889,15.0,16
856906,16.0,17
856922,15.0,16
856938,15.0,16
856954,15.0,16
856959,4.0,5
856975,15.0,16
856991,15.0,16
857007,15.0,16
857023,15.0,16
857039,15.0,16
857055,15.0,16
857071,15.0,16
857087,15.0,16
857103,15.0,16
857119,15.0,16
857135,15.0,16
857151,15.0,16
857168,16.0,17
857184,15.0,16
857200,15.0,16
857216,15.0,16
857232,15.0,16
857248,15.0,16
857264,15.0,16
857280,15.0,16
857296,15.0,16
857312,15.0,16
857328,15.0,16
857344,15.0,16
857360,15.0,16
857376,15.0,16
857392,15.0,16
857408,15.0,16
857424,15.0,16
857440,15.0,16
857456,15.0,16
857472,15.0,16
857488,15.0,16
857504,15.0,16
857520,15.0,16
857536,15.0,16
857552,15.0,16
857568,15.0,16
857584,15.0,16
857600,15.0,16
857617,16.0,17
857633,15.0,16
857649,15.0,16
857665,15.0,16
857681,15.0,16
857697,15.0,16
857714,16.0,17
857730,15.0,16
857746,15.0,16
857762,15.0,16
857778,15.0,16
857794,15.0,16
857810,15.0,16
857827,16.0,17
857843,15.0,16
857859,15.0,16
857875,15.0,16
857891,15.0,16
857907,15.0,16
857923,15.0,16
857939,15.0,16
857955,15.0,16
857971,15.0,16
857987,15.0,16
858003,15.0,16
858019,15.0,16
858035,15.0,16
858051,15.0,16
858067,15.0,16
858083,15.0,16
858099,15.0,16
858115,15.0,16
858131,15.0,16
858136,4.0,5
858152,15.0,16
858168,15.0,16
858184,15.0,16
858200,15.0,16
858216,15.0,16
858232,15.0,16
858237,4.0,5
858253,15.0,16
858269,15.0,16
858285,15.0,16
858301,15.0,16
858317,15.0,16
858333,15.0,16
858337,3.0,4
858342,4.0,5
858358,15.0,16
858362,3.0,4
858378,15.0,16
858394,15.0,16
858399,4.0,5
858415,15.0,16
858431,15.0,16
858436,4.0,5
858452,15.0,16
858468,15.0,16
858472,3.0,4
858488,15.0,16
858504,15.0,16
858509,4.0,5
858525,15.0,16
858541,15.0,16
858557,15.0,16
858573,15.0,16
858589,15.0,16
858605,15.0,16
858621,15.0,16
858637,15.0,16
858653,15.0,16
858669,15.0,16
858685,15.0,16
858690,4.0,5
858706,15.0,16
858722,15.0,16
858727,4.0,5
858743,15.0,16
858759,15.0,16
858775,15.0,16
858791,15.0,16
858807,15.0,16
858823,15.0,16
858839,15.0,16
858855,15.0,16
858871,15.0,16
858887,15.0,16
858903,15.0,16
858919,15.0,16
858935,15.0,16
858951,15.0,16
858967,15.0,16
858983,15.0,16
858999,15.0,16
859004,4.0,5
859020,15.0,16
859036,15.0,16
859052,15.0,16
859068,15.0,16
859084,15.0,16
859100,15.0,16
859105,4.0,5
859121,15.0,16
859137,15.0,16
859153,15.0,16
859169,15.0,16
859185,15.0,16
859201,15.0,16
859217,15.0,16
859233,15.0,16
859249,15.0,16
859265,15.0,16
859281,15.0,16
859297,15.0,16
859313,15.0,16
859329,15.0,16
859345,15.0,16
859361,15.0,16
859377,15.0,16
859393,15.0,16
859409,15.0,16
859425,15.0,16
859430,4.0,5
859446,15.0,16
859462,15.0,16
859478,15.0,16
859494,15.0,16
859510,15.0,16
859526,15.0,16
859542,15.0,16
859558,15.0,16
859574,15.0,16
859579,4.0,5
859584,4.0,5
859600,15.0,16
859616,15.0,16
859632,15.0,16
859637,4.0,5
859653,15.0,16
859669,15.0,16
859685,15.0,16
859701,15.0,16
859717,15.0,16
859722,4.0,5
859738,15.0,16
859754,15.0,16
859770,15.0,16
859786,15.0,16
859802,15.0,16
859818,15.0,16
859834,15.0,16
859850,15.0,16
859866,15.0,16
859882,15.0,16
859898,15.0,16
859903,4.0,5
859919,15.0,16
859935,15.0,16
859951,15.0,16
859967,15.0,16
859983,15.0,16
859999,15.0,16
860015,15.0,16
860031,15.0,16
860047,15.0,16
860063,15.0,16
860079,15.0,16
860095,15.0,16
860111,15.0,16
860127,15.0,16
860143,15.0,16
860159,15.0,16
860164,4.0,5
860168,3.0,4
860184,15.0,16
860200,15.0,16
860205,4.0,5
860221,15.0,16
860237,15.0,16
860253,15.0,16
860257,3.0,4
860261,3.0,4
860266,4.0,5
860271,4.0,5
860287,15.0,16
860292,4.0,5
860296,3.0,4
860300,3.0,4
860305,4.0,5
860310,4.0,5
860315,4.0,5
860331,15.0,16
860347,15.0,16
860363,15.0,16
860379,15.0,16
860383,3.0,4
860387,3.0,4
860391,3.0,4
860407,15.0,16
860412,4.0,5
860428,15.0,16
860432,3.0,4
860448,15.0,16
860453,4.0,5
860469,15.0,16
860485,15.0,16
860490,4.0,5
860506,15.0,16
860522,15.0,16
860538,15.0,16
860543,4.0,5
860559,15.0,16
860575,15.0,16
860580,4.0,5
860596,15.0,16
860612,15.0,16
860617,4.0,5
860633,15.0,16
860638,4.0,5
860642,3.0,4
860658,15.0,16
860663,4.0,5
860679,15.0,16
860684,4.0,5
860700,15.0,16
860716,15.0,16
860721,4.0,5
860725,3.0,4
860741,15.0,16
860757,15.0,16
860762,4.0,5
860767,4.0,5
860783,15.0,16
860787,3.0,4
860792,4.0,5
860808,15.0,16
860812,3.0,4
860828,15.0,16
860832,3.0,4
860836,3.0,4
860840,3.0,4
860845,4.0,5
860850,4.0,5
860866,15.0,16
860882,15.0,16
860898,15.0,16
860903,4.0,5
860919,15.0,16
860935,15.0,16
860940,4.0,5
860945,4.0,5
860961,15.0,16
860966,4.0,5
860971,4.0,5
860976,4.0,5
860992,15.0,16
860997,4.0,5
861013,15.0,16
861018,4.0,5
861034,15.0,16
861050,15.0,16
861055,4.0,5
861071,15.0,16
861087,15.0,16
861103,15.0,16
861119,15.0,16
861135,15.0,16
861139,3.0,4
861155,15.0,16
861160,4.0,5
861165,4.0,5
861181,15.0,16
861186,4.0,5
861191,4.0,5
861196,4.0,5
861201,4.0,5
861217,15.0,16
861222,4.0,5
861226,3.0,4
861242,15.0,16
861258,15.0,16
861263,4.0,5
861279,15.0,16
861284,4.0,5
861300,15.0,16
861316,15.0,16
861321,4.0,5
861326,4.0,5
861331,4.0,5
861347,15.0,16
861352,4.0,5
861368,15.0,16
861373,4.0,5
861389,15.0,16
861394,4.0,5
861410,15.0,16
861414,3.0,4
861430,15.0,16
861435,4.0,5
861451,15.0,16
861467,15.0,16
861472,4.0,5
861488,15.0,16
861504,15.0,16
861508,3.0,4
861524,15.0,16
861528,3.0,4
861533,4.0,5
861537,3.0,4
861553,15.0,16
861569,15.0,16
861573,3.0,4
861589,15.0,16
861605,15.0,16
861621,15.0,16
861637,15.0,16
861653,15.0,16
861669,15.0,16
861685,15.0,16
861701,15.0,16
861717,15.0,16
861721,3.0,4
861737,15.0,16
861753,15.0,16
861769,15.0,16
861773,3.0,4
861789,15.0,16
861805,15.0,16
861809,3.0,4
861825,15.0,16
861841,15.0,16
861857,15.0,16
861861,3.0,4
861877,15.0,16
861893,15.0,16
861898,4.0,5
861903,4.0,5
861908,4.0,5
861913,4.0,5
861917,3.0,4
861922,4.0,5
861938,15.0,16
861943,4.0,5
861959,15.0,16
861964,4.0,5
861969,4.0,5
861985,15.0,16
862001,15.0,16
862006,4.0,5
862022,15.0,16
862038,15.0,16
862043,4.0,5
862059,15.0,16
862075,15.0,16
862079,3.0,4
862095,15.0,16
862111,15.0,16
862115,3.0,4
862131,15.0,16
862147,15.0,16
862163,15.0,16
862167,3.0,4
862183,15.0,16
862199,15.0,16
862215,15.0,16
862231,15.0,16
862247,15.0,16
862263,15.0,16
862279,15.0,16
862283,3.0,4
862288,4.0,5
862293,4.0,5
862298,4.0,5
862314,15.0,16
862319,4.0,5
862335,15.0,16
862340,4.0,5
862356,15.0,16
862372,15.0,16
862388,15.0,16
862404,15.0,16
862409,4.0,5
862414,4.0,5
862419,4.0,5
862423,3.0,4
862439,15.0,16
862455,15.0,16
862459,3.0,4
862464,4.0,5
862468,3.0,4
862484,15.0,16
862488,3.0,4
862504,15.0,16
862520,15.0,16
862536,15.0,16
862552,15.0,16
862557,4.0,5
862561,3.0,4
862566,4.0,5
862582,15.0,16
862587,4.0,5
862591,3.0,4
862595,3.0,4
862611,15.0,16
862627,15.0,16
862631,3.0,4
862636,4.0,5
862640,3.0,4
862656,15.0,16
862660,3.0,4
862665,4.0,5
862670,4.0,5
862686,15.0,16
862690,3.0,4
862694,3.0,4
862699,4.0,5
862704,4.0,5
862720,15.0,16
862736,15.0,16
862752,15.0,16
862757,4.0,5
862761,3.0,4
862777,15.0,16
862781,3.0,4
862786,4.0,5
862791,4.0,5
862796,4.0,5
862800,3.0,4
862816,15.0,16
862820,3.0,4
862824,3.0,4
862829,4.0,5
862833,3.0,4
862849,15.0,16
862865,15.0,16
862870,4.0,5
862886,15.0,16
862891,4.0,5
862896,4.0,5
862912,15.0,16
862917,4.0,5
862933,15.0,16
862938,4.0,5
862954,15.0,16
862958,3.0,4
862974,15.0,16
862978,3.0,4
862983,4.0,5
862999,15.0,16
863015,15.0,16
863019,3.0,4
863024,4.0,5
863040,15.0,16
863056,15.0,16
863060,3.0,4
863076,15.0,16
863092,15.0,16
863096,3.0,4
863101,4.0,5
863106,4.0,5
863122,15.0,16
863138,15.0,16
863143,4.0,5
863159,15.0,16
863175,15.0,16
863179,3.0,4
863184,4.0,5
863188,3.0,4
863204,15.0,16
863209,4.0,5
863213,3.0,4
863218,4.0,5
863234,15.0,16
863250,15.0,16
863266,15.0,16
863270,3.0,4
863286,15.0,16
863290,3.0,4
863306,15.0,16
863311,4.0,5
863315,3.0,4
863331,15.0,16
863336,4.0,5
863352,15.0,16
863357,4.0,5
863373,15.0,16
863389,15.0,16
863394,4.0,5
863398,3.0,4
863414,15.0,16
863430,15.0,16
863434,3.0,4
863439,4.0,5
863443,3.0,4
863459,15.0,16
863475,15.0,16
863480,4.0,5
863485,4.0,5
863489,3.0,4
863505,15.0,16
863510,4.0,5
863515,4.0,5
863531,15.0,16
863535,3.0,4
863551,15.0,16
863555,3.0,4
863560,4.0,5
863564,3.0,4
863580,15.0,16
863596,15.0,16
863600,3.0,4
863616,15.0,16
863621,4.0,5
863626,4.0,5
863630,3.0,4
863634,3.0,4
863639,4.0,5
863655,15.0,16
863659,3.0,4
863675,15.0,16
863679,3.0,4
863695,15.0,16
863711,15.0,16
863716,4.0,5
863732,15.0,16
863748,15.0,16
863752,3.0,4
863756,3.0,4
863772,15.0,16
863776,3.0,4
863792,15.0,16
863797,4.0,5
863802,4.0,5
863818,15.0,16
863822,3.0,4
863838,15.0,16
863843,4.0,5
863859,15.0,16
863875,15.0,16
863879,3.0,4
863884,4.0,5
863900,15.0,16
863916,15.0,16
863921,4.0,5
863925,3.0,4
863929,3.0,4
863945,15.0,16
863949,3.0,4
863965,15.0,16
863970,4.0,5
863986,15.0,16
863990,3.0,4
863995,4.0,5
864000,4.0,5
864016,15.0,16
864032,15.0,16
864048,15.0,16
864052,3.0,4
864068,15.0,16
864084,15.0,16
864100,15.0,16
864105,4.0,5
864121,15.0,16
864125,3.0,4
864141,15.0,16
864145,3.0,4
864161,15.0,16
864177,15.0,16
864181,3.0,4
864185,3.0,4
864190,4.0,5
864194,3.0,4
864210,15.0,16
864215,4.0,5
864220,4.0,5
864224,3.0,4
864240,15.0,16
864244,3.0,4
864248,3.0,4
864252,3.0,4
864268,15.0,16
864273,4.0,5
864289,15.0,16
864293,3.0,4
864309,15.0,16
864325,15.0,16
864341,15.0,16
864357,15.0,16
864373,15.0,16
864377,3.0,4
864393,15.0,16
864397,3.0,4
864402,4.0,5
864418,15.0,16
864434,15.0,16
864450,15.0,16
864455,4.0,5
864471,15.0,16
864487,15.0,16
864503,15.0,16
864507,3.0,4
864523,15.0,16
864539,15.0,16
864543,3.0,4
864559,15.0,16
864564,4.0,5
864580,15.0,16
864596,15.0,16
864601,4.0,5
864605,3.0,4
864621,15.0,16
864637,15.0,16
864642,4.0,5
864658,15.0,16
864674,15.0,16
864690,15.0,16
864706,15.0,16
864711,4.0,5
864727,15.0,16
864743,15.0,16
864748,4.0,5
864753,4.0,5
864769,15.0,16
864785,15.0,16
864801,15.0,16
864817,15.0,16
864822,4.0,5
864838,15.0,16
864854,15.0,16
864859,4.0,5
864875,15.0,16
864891,15.0,16
864907,15.0,16
864912,4.0,5
864917,4.0,5
864933,15.0,16
864938,4.0,5
864942,3.0,4
864958,15.0,16
864963,4.0,5
864968,4.0,5
864984,15.0,16
865000,15.0,16
865016,15.0,16
865032,15.0,16
865048,15.0,16
865053,4.0,5
865058,4.0,5
865063,4.0,5
865079,15.0,16
865083,3.0,4
865087,3.0,4
865091,3.0,4
865107,15.0,16
865112,4.0,5
865128,15.0,16
865144,15.0,16
865160,15.0,16
865176,15.0,16
865192,15.0,16
865197,4.0,5
865201,3.0,4
865217,15.0,16
865233,15.0,16
865249,15.0,16
865265,15.0,16
865270,4.0,5
865286,15.0,16
865302,15.0,16
865307,4.0,5
865311,3.0,4
865327,15.0,16
865343,15.0,16
865359,15.0,16
865375,15.0,16
865391,15.0,16
865407,15.0,16
865423,15.0,16
865427,3.0,4
865443,15.0,16
865459,15.0,16
865464,4.0,5
865469,4.0,5
865485,15.0,16
865501,15.0,16
865506,4.0,5
865522,15.0,16
865538,15.0,16
865554,15.0,16
865559,4.0,5
865564,4.0,5
865580,15.0,16
865596,15.0,16
865612,15.0,16
865628,15.0,16
865632,3.0,4
865648,15.0,16
865652,3.0,4
865668,15.0,16
865684,15.0,16
865700,15.0,16
865705,4.0,5
865710,4.0,5
865715,4.0,5
865719,3.0,4
865724,4.0,5
865728,3.0,4
865744,15.0,16
865748,3.0,4
865764,15.0,16
865769,4.0,5
865785,15.0,16
865790,4.0,5
865806,15.0,16
865811,4.0,5
865827,15.0,16
865831,3.0,4
865836,4.0,5
865852,15.0,16
865868,15.0,16
865884,15.0,16
865900,15.0,16
865905,4.0,5
865921,15.0,16
865937,15.0,16
865953,15.0,16
865957,3.0,4
865973,15.0,16
865978,4.0,5
865994,15.0,16
866010,15.0,16
866026,15.0,16
866042,15.0,16
866058,15.0,16
866074,15.0,16
866090,15.0,16
866095,4.0,5
866111,15.0,16
866116,4.0,5
866121,4.0,5
866126,4.0,5
866131,4.0,5
866136,4.0,5
866152,15.0,16
866157,4.0,5
866162,4.0,5
866167,4.0,5
866172,4.0,5
866188,15.0,16
866193,4.0,5
866209,15.0,16
866225,15.0,16
866241,15.0,16
866257,15.0,16
866262,4.0,5
866267,4.0,5
866272,4.0,5
866277,4.0,5
866293,15.0,16
866297,3.0,4
866313,15.0,16
866329,15.0,16
866345,15.0,16
866349,3.0,4
866365,15.0,16
866370,4.0,5
866375,4.0,5
866380,4.0,5
866396,15.0,16
866412,15.0,16
866428,15.0,16
866433,4.0,5
866437,3.0,4
866441,3.0,4
866457,15.0,16
866473,15.0,16
866478,4.0,5
866494,15.0,16
866510,15.0,16
866515,4.0,5
866519,3.0,4
866524,4.0,5
866528,3.0,4
866533,4.0,5
866538,4.0,5
866554,15.0,16
866559,4.0,5
866575,15.0,16
866580,4.0,5
866596,15.0,16
866601,4.0,5
866617,15.0,16
866633,15.0,16
866649,15.0,16
866665,15.0,16
866681,15.0,16
866685,3.0,4
866689,3.0,4
866705,15.0,16
866721,15.0,16
866737,15.0,16
866742,4.0,5
866758,15.0,16
866774,15.0,16
866790,15.0,16
866806,15.0,16
866822,15.0,16
866838,15.0,16
866854,15.0,16
866870,15.0,16
866886,15.0,16
866891,4.0,5
866907,15.0,16
866923,15.0,16
866939,15.0,16
866955,15.0,16
866971,15.0,16
866976,4.0,5
866981,4.0,5
866986,4.0,5
866991,4.0,5
866996,4.0,5
867000,3.0,4
867016,15.0,16
867032,15.0,16
867048,15.0,16
867064,15.0,16
867080,15.0,16
867096,15.0,16
867101,4.0,5
867117,15.0,16
867133,15.0,16
867149,15.0,16
867165,15.0,16
867181,15.0,16
867186,4.0,5
867191,4.0,5
867196,4.0,5
867212,15.0,16
867217,4.0,5
867233,15.0,16
867238,4.0,5
867254,15.0,16
867270,15.0,16
867286,15.0,16
867302,15.0,16
867318,15.0,16
867334,15.0,16
867338,3.0,4
867343,4.0,5
867359,15.0,16
867364,4.0,5
867369,4.0,5
867385,15.0,16
867401,15.0,16
867406,4.0,5
867411,4.0,5
867415,3.0,4
867420,4.0,5
867436,15.0,16
867441,4.0,5
867457,15.0,16
867473,15.0,16
867478,4.0,5
867494,15.0,16
867510,15.0,16
867515,4.0,5
867520,4.0,5
867536,15.0,16
867552,15.0,16
867556,3.0,4
867561,4.0,5
867566,4.0,5
867582,15.0,16
867598,15.0,16
867614,15.0,16
867630,15.0,16
867646,15.0,16
867662,15.0,16
867667,4.0,5
867672,4.0,5
867676,3.0,4
867681,4.0,5
867697,15.0,16
867713,15.0,16
867718,4.0,5
867722,3.0,4
867738,15.0,16
867743,4.0,5
867748,4.0,5
867764,15.0,16
867780,15.0,16
867796,15.0,16
867801,4.0,5
867817,15.0,16
867822,4.0,5
867838,15.0,16
867854,15.0,16
867870,15.0,16
867886,15.0,16
867890,3.0,4
867895,4.0,5
867899,3.0,4
867903,3.0,4
867907,3.0,4
867923,15.0,16
867928,4.0,5
867932,3.0,4
867948,15.0,16
867952,3.0,4
867968,15.0,16
867973,4.0,5
867978,4.0,5
867983,4.0,5
867999,15.0,16
868003,3.0,4
868019,15.0,16
868024,4.0,5
868028,3.0,4
868044,15.0,16
868060,15.0,16
868065,4.0,5
868070,4.0,5
868075,4.0,5
868080,4.0,5
868084,3.0,4
868088,3.0,4
868092,3.0,4
868108,15.0,16
868113,4.0,5
868117,3.0,4
868122,4.0,5
868138,15.0,16
868142,3.0,4
868158,15.0,16
868163,4.0,5
868179,15.0,16
868195,15.0,16
868211,15.0,16
868216,4.0,5
868221,4.0,5
868225,3.0,4
868241,15.0,16
868246,4.0,5
868250,3.0,4
868254,3.0,4
868270,15.0,16
868275,4.0,5
868291,15.0,16
868307,15.0,16
868323,15.0,16
868328,4.0,5
868332,3.0,4
868337,4.0,5
868342,4.0,5
868347,4.0,5
868351,3.0,4
868356,4.0,5
868361,4.0,5
868377,15.0,16
868382,4.0,5
868386,3.0,4
868390,3.0,4
868406,15.0,16
868410,3.0,4
868426,15.0,16
868430,3.0,4
868446,15.0,16
868451,4.0,5
868456,4.0,5
868460,3.0,4
868465,4.0,5
868481,15.0,16
868486,4.0,5
868502,15.0,16
868518,15.0,16
868534,15.0,16
868550,15.0,16
868554,3.0,4
868559,4.0,5
868564,4.0,5
868568,3.0,4
868573,4.0,5
868577,3.0,4
868581,3.0,4
868586,4.0,5
868590,3.0,4
868595,4.0,5
868600,4.0,5
868616,15.0,16
868620,3.0,4
868625,4.0,5
868630,4.0,5
868635,4.0,5
868640,4.0,5
868656,15.0,16
868660,3.0,4
868665,4.0,5
868669,3.0,4
868673,3.0,4
868678,4.0,5
868683,4.0,5
868688,4.0,5
868704,15.0,16
868709,4.0,5
868725,15.0,16
868729,3.0,4
868734,4.0,5
868739,4.0,5
868743,3.0,4
868748,4.0,5
868753,4.0,5
868758,4.0,5
868762,3.0,4
868766,3.0,4
868782,15.0,16
868787,4.0,5
868791,3.0,4
868796,4.0,5
868800,3.0,4
868805,4.0,5
868810,4.0,5
868826,15.0,16
868830,3.0,4
868846,15.0,16
868851,4.0,5
868856,4.0,5
868861,4.0,5
868877,15.0,16
868881,3.0,4
868886,4.0,5
868891,4.0,5
868896,4.0,5
868900,3.0,4
868905,4.0,5
868921,15.0,16
868926,4.0,5
868931,4.0,5
868936,4.0,5
868941,4.0,5
868945,3.0,4
868950,4.0,5
868954,3.0,4
868958,3.0,4
868962,3.0,4
868966,3.0,4
868970,3.0,4
868975,4.0,5
868979,3.0,4
868983,3.0,4
868999,15.0,16
869003,3.0,4
869007,3.0,4
869012,4.0,5
869028,15.0,16
869032,3.0,4
869048,15.0,16
869052,3.0,4
869068,15.0,16
869073,4.0,5
869078,4.0,5
869082,3.0,4
869087,4.0,5
869091,3.0,4
869096,4.0,5
869101,4.0,5
869105,3.0,4
869110,4.0,5
869115,4.0,5
869120,4.0,5
869136,15.0,16
869140,3.0,4
869144,3.0,4
869148,3.0,4
869153,4.0,5
869157,3.0,4
869162,4.0,5
869167,4.0,5
869183,15.0,16
869199,15.0,16
869204,4.0,5
869209,4.0,5
869214,4.0,5
869230,15.0,16
869235,4.0,5
869240,4.0,5
869244,3.0,4
869260,15.0,16
869265,4.0,5
869270,4.0,5
869274,3.0,4
869278,3.0,4
869282,3.0,4
869286,3.0,4
869290,3.0,4
869294,3.0,4
869299,4.0,5
869303,3.0,4
869319,15.0,16
869335,15.0,16
869339,3.0,4
869344,4.0,5
869360,15.0,16
869376,15.0,16
869392,15.0,16
869408,15.0,16
869424,15.0,16
869440,15.0,16
869444,3.0,4
869460,15.0,16
869476,15.0,16
869492,15.0,16
869497,4.0,5
869501,3.0,4
869505,3.0,4
869509,3.0,4
869513,3.0,4
869517,3.0,4
869522,4.0,5
869527,4.0,5
869532,4.0,5
869548,15.0,16
869552,3.0,4
869556,3.0,4
869561,4.0,5
869565,3.0,4
869569,3.0,4
869573,3.0,4
869578,4.0,5
869582,3.0,4
869586,3.0,4
869590,3.0,4
869594,3.0,4
869599,4.0,5
869603,3.0,4
869607,3.0,4
869612,4.0,5
869617,4.0,5
869622,4.0,5
869627,4.0,5
869632,4.0,5
869636,3.0,4
869641,4.0,5
869656,14.0,15
869660,3.0,4
869664,3.0,4
869669,4.0,5
869673,3.0,4
869678,4.0,5
869694,15.0,16
869698,3.0,4
869703,4.0,5
869708,4.0,5
869713,4.0,5
869717,3.0,4
869721,3.0,4
869726,4.0,5
869730,3.0,4
869734,3.0,4
869750,15.0,16
869754,3.0,4
869770,15.0,16
869774,3.0,4
869790,15.0,16
869795,4.0,5
869799,3.0,4
869804,4.0,5
869809,4.0,5
869813,3.0,4
869818,4.0,5
869823,4.0,5
869827,3.0,4
869832,4.0,5
869836,3.0,4
869840,3.0,4
869856,15.0,16
869860,3.0,4
869865,4.0,5
869869,3.0,4
869874,4.0,5
869879,4.0,5
869884,4.0,5
869888,3.0,4
869893,4.0,5
869898,4.0,5
869903,4.0,5
869908,4.0,5
869924,15.0,16
869929,4.0,5
869933,3.0,4
869949,15.0,16
869965,15.0,16
869969,3.0,4
869974,4.0,5
869978,3.0,4
869983,4.0,5
869987,3.0,4
869991,3.0,4
869995,3.0,4
870000,4.0,5
870015,14.0,15
870020,4.0,5
870025,4.0,5
870030,4.0,5
870034,3.0,4
870038,3.0,4
870043,4.0,5
870047,3.0,4
870052,4.0,5
870057,4.0,5
870062,4.0,5
870067,4.0,5
870071,3.0,4
870076,4.0,5
870081,4.0,5
870086,4.0,5
870102,15.0,16
870107,4.0,5
870112,4.0,5
870117,4.0,5
870122,4.0,5
870127,4.0,5
870132,4.0,5
870137,4.0,5
870153,15.0,16
870158,4.0,5
870163,4.0,5
870179,15.0,16
870184,4.0,5
870189,4.0,5
870194,4.0,5
870198,3.0,4
870202,3.0,4
870207,4.0,5
870211,3.0,4
870215,3.0,4
870219,3.0,4
870235,15.0,16
870240,4.0,5
870245,4.0,5
870249,3.0,4
870265,15.0,16
870281,15.0,16
870285,3.0,4
870301,15.0,16
870306,4.0,5
870322,15.0,16
870337,14.0,15
870341,3.0,4
870357,15.0,16
870361,3.0,4
870366,4.0,5
870371,4.0,5
870387,15.0,16
870403,15.0,16
870407,3.0,4
870412,4.0,5
870416,3.0,4
870421,4.0,5
870426,4.0,5
870442,15.0,16
870447,4.0,5
870452,4.0,5
870468,15.0,16
870473,4.0,5
870477,3.0,4
870482,4.0,5
870487,4.0,5
870491,3.0,4
870496,4.0,5
870501,4.0,5
870505,3.0,4
870510,4.0,5
870515,4.0,5
870519,3.0,4
870524,4.0,5
870529,4.0,5
870533,3.0,4
870538,4.0,5
870542,3.0,4
870546,3.0,4
870562,15.0,16
870566,3.0,4
870570,3.0,4
870574,3.0,4
870579,4.0,5
870595,15.0,16
870600,4.0,5
870605,4.0,5
870610,4.0,5
870614,3.0,4
870619,4.0,5
870623,3.0,4
870628,4.0,5
870644,15.0,16
870648,3.0,4
870653,4.0,5
870657,3.0,4
870662,4.0,5
870667,4.0,5
870683,15.0,16
870688,4.0,5
870692,3.0,4
870697,4.0,5
870701,3.0,4
870705,3.0,4
870710,4.0,5
870715,4.0,5
870731,15.0,16
870747,15.0,16
870751,3.0,4
870755,3.0,4
870759,3.0,4
870763,3.0,4
870768,4.0,5
870772,3.0,4
870777,4.0,5
870781,3.0,4
870785,3.0,4
870790,4.0,5
870795,4.0,5
870800,4.0,5
870804,3.0,4
870809,4.0,5
870814,4.0,5
870819,4.0,5
870823,3.0,4
870828,4.0,5
870844,15.0,16
870860,15.0,16
870865,4.0,5
870870,4.0,5
870874,3.0,4
870878,3.0,4
870883,4.0,5
870887,3.0,4
870892,4.0,5
870896,3.0,4
870901,4.0,5
870905,3.0,4
870910,4.0,5
870915,4.0,5
870919,3.0,4
870935,15.0,16
870939,3.0,4
870955,15.0,16
870971,15.0,16
870975,3.0,4
870980,4.0,5
870996,15.0,16
871000,3.0,4
871005,4.0,5
871010,4.0,5
871015,4.0,5
871019,3.0,4
871023,3.0,4
871027,3.0,4
871031,3.0,4
871035,3.0,4
871040,4.0,5
871045,4.0,5
871050,4.0,5
871055,4.0,5
871060,4.0,5
871065,4.0,5
871070,4.0,5
871075,4.0,5
871080,4.0,5
871084,3.0,4
871088,3.0,4
871092,3.0,4
871097,4.0,5
871101,3.0,4
871105,3.0,4
871110,4.0,5
871114,3.0,4
871119,4.0,5
871135,15.0,16
871139,3.0,4
871144,4.0,5
871148,3.0,4
871153,4.0,5
871169,15.0,16
871173,3.0,4
871177,3.0,4
871181,3.0,4
871185,3.0,4
871189,3.0,4
871193,3.0,4
871198,4.0,5
871202,3.0,4
871206,3.0,4
871211,4.0,5
871215,3.0,4
871220,4.0,5
871224,3.0,4
871229,4.0,5
871233,3.0,4
871237,3.0,4
871241,3.0,4
871246,4.0,5
871250,3.0,4
871255,4.0,5
871260,4.0,5
871264,3.0,4
871280,15.0,16
871285,4.0,5
871290,4.0,5
871294,3.0,4
871298,3.0,4
871314,15.0,16
871330,15.0,16
871335,4.0,5
871340,4.0,5
871344,3.0,4
871348,3.0,4
871353,4.0,5
871369,15.0,16
871373,3.0,4
871389,15.0,16
871393,3.0,4
871398,4.0,5
871402,3.0,4
871406,3.0,4
871410,3.0,4
871414,3.0,4
871418,3.0,4
871423,4.0,5
871428,4.0,5
871433,4.0,5
871438,4.0,5
871442,3.0,4
871446,3.0,4
871451,4.0,5
871456,4.0,5
871460,3.0,4
871465,4.0,5
871470,4.0,5
871474,3.0,4
871478,3.0,4
871483,4.0,5
871488,4.0,5
871492,3.0,4
871496,3.0,4
871500,3.0,4
871505,4.0,5
871509,3.0,4
871513,3.0,4
871518,4.0,5
871523,4.0,5
871528,4.0,5
871532,3.0,4
871536,3.0,4
871541,4.0,5
871545,3.0,4
871549,3.0,4
871553,3.0,4
871557,3.0,4
871562,4.0,5
871566,3.0,4
871571,4.0,5
871575,3.0,4
871579,3.0,4
871595,15.0,16
871599,3.0,4
871604,4.0,5
871608,3.0,4
871613,4.0,5
871618,4.0,5
871634,15.0,16
871650,15.0,16
871666,15.0,16
871682,15.0,16
871686,3.0,4
871691,4.0,5
871695,3.0,4
871699,3.0,4
871704,4.0,5
871708,3.0,4
871713,4.0,5
871718,4.0,5
871722,3.0,4
871726,3.0,4
871730,3.0,4
871734,3.0,4
871739,4.0,5
871743,3.0,4
871747,3.0,4
871752,4.0,5
871757,4.0,5
871761,3.0,4
871766,4.0,5
871771,4.0,5
871787,15.0,16
871792,4.0,5
871796,3.0,4
871800,3.0,4
871805,4.0,5
871810,4.0,5
871815,4.0,5
871819,3.0,4
871824,4.0,5
871829,4.0,5
871834,4.0,5
871838,3.0,4
871854,15.0,16
871858,3.0,4
871862,3.0,4
871867,4.0,5
871872,4.0,5
871876,3.0,4
871880,3.0,4
871884,3.0,4
871888,3.0,4
871893,4.0,5
871897,3.0,4
871901,3.0,4
871905,3.0,4
871909,3.0,4
871913,3.0,4
871929,15.0,16
871933,3.0,4
871949,15.0,16
871953,3.0,4
871957,3.0,4
871962,4.0,5
871966,3.0,4
871970,3.0,4
871974,3.0,4
871990,15.0,16
871994,3.0,4
871998,3.0,4
872002,3.0,4
872007,4.0,5
872011,3.0,4
872015,3.0,4
872020,4.0,5
872024,3.0,4
872029,4.0,5
872033,3.0,4
872038,4.0,5
872043,4.0,5
872059,15.0,16
872063,3.0,4
872068,4.0,5
872072,3.0,4
872076,3.0,4
872080,3.0,4
872096,15.0,16
872101,4.0,5
872105,3.0,4
872121,15.0,16
872137,15.0,16
872141,3.0,4
872146,4.0,5
872151,4.0,5
872155,3.0,4
872160,4.0,5
872165,4.0,5
872169,3.0,4
872174,4.0,5
872179,4.0,5
872183,3.0,4
872187,3.0,4
872192,4.0,5
872197,4.0,5
872202,4.0,5
872207,4.0,5
872212,4.0,5
872216,3.0,4
872221,4.0,5
872225,3.0,4
872229,3.0,4
872233,3.0,4
872238,4.0,5
872254,15.0,16
872258,3.0,4
872274,15.0,16
872278,3.0,4
872282,3.0,4
872298,15.0,16
872302,3.0,4
872307,4.0,5
872323,15.0,16
872327,3.0,4
872331,3.0,4
872347,15.0,16
872363,15.0,16
872367,3.0,4
872371,3.0,4
872387,15.0,16
872391,3.0,4
872407,15.0,16
872411,3.0,4
872415,3.0,4
872419,3.0,4
872423,3.0,4
872427,3.0,4
872443,15.0,16
872448,4.0,5
872453,4.0,5
872458,4.0,5
872473,14.0,15
872477,3.0,4
872492,14.0,15
872497,4.0,5
872502,4.0,5
872506,3.0,4
872510,3.0,4
872514,3.0,4
872519,4.0,5
872523,3.0,4
872527,3.0,4
872532,4.0,5
872537,4.0,5
872541,3.0,4
872545,3.0,4
872550,4.0,5
872555,4.0,5
872571,15.0,16
872575,3.0,4
872580,4.0,5
872585,4.0,5
872601,15.0,16
872606,4.0,5
872610,3.0,4
872614,3.0,4
872619,4.0,5
872623,3.0,4
872627,3.0,4
872631,3.0,4
872635,3.0,4
872639,3.0,4
872643,3.0,4
872648,4.0,5
872652,3.0,4
872656,3.0,4
872660,3.0,4
872664,3.0,4
872668,3.0,4
872672,3.0,4
872687,14.0,15
872692,4.0,5
872696,3.0,4
872700,3.0,4
872705,4.0,5
872709,3.0,4
872724,14.0,15
872740,15.0,16
872744,3.0,4
872748,3.0,4
872752,3.0,4
872767,14.0,15
872771,3.0,4
872776,4.0,5
872792,15.0,16
872796,3.0,4
872800,3.0,4
872805,4.0,5
872809,3.0,4
872813,3.0,4
872818,4.0,5
872822,3.0,4
872826,3.0,4
872830,3.0,4
872835,4.0,5
872840,4.0,5
872844,3.0,4
872848,3.0,4
872852,3.0,4
872856,3.0,4
872860,3.0,4
872864,3.0,4
872868,3.0,4
872873,4.0,5
872878,4.0,5
872883,4.0,5
872887,3.0,4
872891,3.0,4
872895,3.0,4
872899,3.0,4
872914,14.0,15
872919,4.0,5
872924,4.0,5
872928,3.0,4
872932,3.0,4
872936,3.0,4
872940,3.0,4
872944,3.0,4
872959,14.0,15
872963,3.0,4
872967,3.0,4
872972,4.0,5
872976,3.0,4
872980,3.0,4
872985,4.0,5
872990,4.0,5
872994,3.0,4
872999,4.0,5
873004,4.0,5
873008,3.0,4
873012,3.0,4
873016,3.0,4
873020,3.0,4
873025,4.0,5
873030,4.0,5
873034,3.0,4
873038,3.0,4
873042,3.0,4
873046,3.0,4
873051,4.0,5
873055,3.0,4
873060,4.0,5
873064,3.0,4
873069,4.0,5
873073,3.0,4
873089,15.0,16
873093,3.0,4
873097,3.0,4
873113,15.0,16
873118,4.0,5
873122,3.0,4
873126,3.0,4
873131,4.0,5
873135,3.0,4
873139,3.0,4
873144,4.0,5
873148,3.0,4
873152,3.0,4
873156,3.0,4
873160,3.0,4
873165,4.0,5
873169,3.0,4
873173,3.0,4
873178,4.0,5
873183,4.0,5
873187,3.0,4
873202,14.0,15
873207,4.0,5
873211,3.0,4
873215,3.0,4
873219,3.0,4
873234,14.0,15
873238,3.0,4
873243,4.0,5
873248,4.0,5
873252,3.0,4
873256,3.0,4
873260,3.0,4
873264,3.0,4
873268,3.0,4
873272,3.0,4
873277,4.0,5
873282,4.0,5
873286,3.0,4
873290,3.0,4
873305,14.0,15
873309,3.0,4
873324,14.0,15
873328,3.0,4
873333,4.0,5
873337,3.0,4
873341,3.0,4
873345,3.0,4
873360,14.0,15
873365,4.0,5
873370,4.0,5
873374,3.0,4
873390,15.0,16
873395,4.0,5
873399,3.0,4
873404,4.0,5
873409,4.0,5
873414,4.0,5
873418,3.0,4
873422,3.0,4
873427,4.0,5
873431,3.0,4
873435,3.0,4
873439,3.0,4
873443,3.0,4
873447,3.0,4
873452,4.0,5
873456,3.0,4
873460,3.0,4
873465,4.0,5
873469,3.0,4
873473,3.0,4
873477,3.0,4
873482,4.0,5
873498,15.0,16
873502,3.0,4
873506,3.0,4
873511,4.0,5
873516,4.0,5
873520,3.0,4
873525,4.0,5
873530,4.0,5
873535,4.0,5
873540,4.0,5
873544,3.0,4
873548,3.0,4
873552,3.0,4
873556,3.0,4
873560,3.0,4
873576,15.0,16
873581,4.0,5
873585,3.0,4
873590,4.0,5
873594,3.0,4
873598,3.0,4
873603,4.0,5
873607,3.0,4
873622,14.0,15
873627,4.0,5
873632,4.0,5
873648,15.0,16
873653,4.0,5
873669,15.0,16
873673,3.0,4
873677,3.0,4
873681,3.0,4
873685,3.0,4
873689,3.0,4
873693,3.0,4
873697,3.0,4
873713,15.0,16
873729,15.0,16
873733,3.0,4
873738,4.0,5
873742,3.0,4
873747,4.0,5
873751,3.0,4
873756,4.0,5
873761,4.0,5
873766,4.0,5
873771,4.0,5
873787,15.0,16
873791,3.0,4
873796,4.0,5
873801,4.0,5
873817,15.0,16
873822,4.0,5
873827,4.0,5
873831,3.0,4
873835,3.0,4
873839,3.0,4
873854,14.0,15
873858,3.0,4
873863,4.0,5
873867,3.0,4
873883,15.0,16
873887,3.0,4
873892,4.0,5
873897,4.0,5
873901,3.0,4
873916,14.0,15
873931,14.0,15
873936,4.0,5
873940,3.0,4
873945,4.0,5
873949,3.0,4
873953,3.0,4
873957,3.0,4
873961,3.0,4
873966,4.0,5
873971,4.0,5
873976,4.0,5
873980,3.0,4
873985,4.0,5
873989,3.0,4
873994,4.0,5
873998,3.0,4
874002,3.0,4
874006,3.0,4
874011,4.0,5
874016,4.0,5
874021,4.0,5
874025,3.0,4
874029,3.0,4
874034,4.0,5
874039,4.0,5
874055,15.0,16
874060,4.0,5
874064,3.0,4
874068,3.0,4
874073,4.0,5
874077,3.0,4
874082,4.0,5
874086,3.0,4
874102,15.0,16
874106,3.0,4
874111,4.0,5
874116,4.0,5
874121,4.0,5
874125,3.0,4
874141,15.0,16
874146,4.0,5
874150,3.0,4
874154,3.0,4
874158,3.0,4
874162,3.0,4
874167,4.0,5
874171,3.0,4
874176,4.0,5
874181,4.0,5
874186,4.0,5
874190,3.0,4
874195,4.0,5
874199,3.0,4
874204,4.0,5
874208,3.0,4
874212,3.0,4
874228,15.0,16
874243,14.0,15
874247,3.0,4
874251,3.0,4
874256,4.0,5
874261,4.0,5
874265,3.0,4
874270,4.0,5
874275,4.0,5
874279,3.0,4
874283,3.0,4
874298,14.0,15
874303,4.0,5
874308,4.0,5
874312,3.0,4
874317,4.0,5
874321,3.0,4
874325,3.0,4
874329,3.0,4
874334,4.0,5
874339,4.0,5
874343,3.0,4
874347,3.0,4
874352,4.0,5
874357,4.0,5
874361,3.0,4
874365,3.0,4
874369,3.0,4
874373,3.0,4
874377,3.0,4
874393,15.0,16
874408,14.0,15
874412,3.0,4
874417,4.0,5
874422,4.0,5
874426,3.0,4
874430,3.0,4
874435,4.0,5
874439,3.0,4
874444,4.0,5
874448,3.0,4
874452,3.0,4
874456,3.0,4
874460,3.0,4
874464,3.0,4
874479,14.0,15
874484,4.0,5
874488,3.0,4
874493,4.0,5
874497,3.0,4
874501,3.0,4
874505,3.0,4
874509,3.0,4
874513,3.0,4
874517,3.0,4
874521,3.0,4
874525,3.0,4
874541,15.0,16
874545,3.0,4
874550,4.0,5
874565,14.0,15
874581,15.0,16
874597,15.0,16
874612,14.0,15
874616,3.0,4
874620,3.0,4
874625,4.0,5
874629,3.0,4
874633,3.0,4
874638,4.0,5
874642,3.0,4
874646,3.0,4
874651,4.0,5
874666,14.0,15
874670,3.0,4
874674,3.0,4
874679,4.0,5
874684,4.0,5
874689,4.0,5
874693,3.0,4
874698,4.0,5
874703,4.0,5
874718,14.0,15
874722,3.0,4
874726,3.0,4
874731,4.0,5
874735,3.0,4
874739,3.0,4
874754,14.0,15
874759,4.0,5
874763,3.0,4
874767,3.0,4
874771,3.0,4
874776,4.0,5
874781,4.0,5
874786,4.0,5
874791,4.0,5
874795,3.0,4
874810,14.0,15
874814,3.0,4
874818,3.0,4
874822,3.0,4
874837,14.0,15
874842,4.0,5
874857,14.0,15
874861,3.0,4
874865,3.0,4
874870,4.0,5
874875,4.0,5
874879,3.0,4
874883,3.0,4
874898,14.0,15
874903,4.0,5
874919,15.0,16
874924,4.0,5
874929,4.0,5
874933,3.0,4
874938,4.0,5
874942,3.0,4
874946,3.0,4
874951,4.0,5
874966,14.0,15
874970,3.0,4
874974,3.0,4
874978,3.0,4
874993,14.0,15
874997,3.0,4
875001,3.0,4
875016,14.0,15
875020,3.0,4
875024,3.0,4
875039,14.0,15
875044,4.0,5
875048,3.0,4
875052,3.0,4
875057,4.0,5
875062,4.0,5
875066,3.0,4
875070,3.0,4
875074,3.0,4
875078,3.0,4
875082,3.0,4
875086,3.0,4
875091,4.0,5
875106,14.0,15
875111,4.0,5
875115,3.0,4
875120,4.0,5
875125,4.0,5
875129,3.0,4
875133,3.0,4
875138,4.0,5
875143,4.0,5
875147,3.0,4
875152,4.0,5
875157,4.0,5
875162,4.0,5
875177,14.0,15
875182,4.0,5
875186,3.0,4
875191,4.0,5
875196,4.0,5
875201,4.0,5
875205,3.0,4
875209,3.0,4
875214,4.0,5
875218,3.0,4
875233,14.0,15
875249,15.0,16
875254,4.0,5
875259,4.0,5
875274,14.0,15
875279,4.0,5
875284,4.0,5
875289,4.0,5
875294,4.0,5
875299,4.0,5
875303,3.0,4
875308,4.0,5
875313,4.0,5
875317,3.0,4
875322,4.0,5
875337,14.0,15
875341,3.0,4
875346,4.0,5
875362,15.0,16
875366,3.0,4
875370,3.0,4
875385,14.0,15
875389,3.0,4
875393,3.0,4
875397,3.0,4
875401,3.0,4
875406,4.0,5
875411,4.0,5
875416,4.0,5
875421,4.0,5
875425,3.0,4
875429,3.0,4
875434,4.0,5
875438,3.0,4
875442,3.0,4
875447,4.0,5
875452,4.0,5
875467,14.0,15
875471,3.0,4
875486,14.0,15
875490,3.0,4
875495,4.0,5
875499,3.0,4
875514,14.0,15
875518,3.0,4
875523,4.0,5
875528,4.0,5
875532,3.0,4
875536,3.0,4
875541,4.0,5
875545,3.0,4
875560,14.0,15
875565,4.0,5
875580,14.0,15
875595,14.0,15
875600,4.0,5
875615,14.0,15
875630,14.0,15
875645,14.0,15
875649,3.0,4
875654,4.0,5
875659,4.0,5
875663,3.0,4
875667,3.0,4
875671,3.0,4
875676,4.0,5
875680,3.0,4
875685,4.0,5
875689,3.0,4
875694,4.0,5
875698,3.0,4
875702,3.0,4
875707,4.0,5
875711,3.0,4
875715,3.0,4
875719,3.0,4
875723,3.0,4
875728,4.0,5
875743,14.0,15
875747,3.0,4
875762,14.0,15
875777,14.0,15
875781,3.0,4
875786,4.0,5
875791,4.0,5
875795,3.0,4
875800,4.0,5
875804,3.0,4
875808,3.0,4
875812,3.0,4
875817,4.0,5
875821,3.0,4
875836,14.0,15
875840,3.0,4
875844,3.0,4
875859,14.0,15
875863,3.0,4
875867,3.0,4
875871,3.0,4
875875,3.0,4
875879,3.0,4
875883,3.0,4
875898,14.0,15
875902,3.0,4
875906,3.0,4
875911,4.0,5
875915,3.0,4
875930,14.0,15
875934,3.0,4
875939,4.0,5
875943,3.0,4
875947,3.0,4
875951,3.0,4
875956,4.0,5
875961,4.0,5
875965,3.0,4
875969,3.0,4
875973,3.0,4
875977,3.0,4
875981,3.0,4
875986,4.0,5
875990,3.0,4
875994,3.0,4
875999,4.0,5
876014,14.0,15
876030,15.0,16
876034,3.0,4
876049,14.0,15
876054,4.0,5
876059,4.0,5
876074,14.0,15
876079,4.0,5
876094,14.0,15
876098,3.0,4
876113,14.0,15
876117,3.0,4
876121,3.0,4
876126,4.0,5
876131,4.0,5
876135,3.0,4
876151,15.0,16
876155,3.0,4
876159,3.0,4
876174,14.0,15
876178,3.0,4
876194,15.0,16
876198,3.0,4
876202,3.0,4
876206,3.0,4
876211,4.0,5
876215,3.0,4
876220,4.0,5
876224,3.0,4
876228,3.0,4
876232,3.0,4
876237,4.0,5
876241,3.0,4
876246,4.0,5
876250,3.0,4
876254,3.0,4
876258,3.0,4
876273,14.0,15
876277,3.0,4
876281,3.0,4
876285,3.0,4
876289,3.0,4
876304,14.0,15
876308,3.0,4
876312,3.0,4
876317,4.0,5
876322,4.0,5
876326,3.0,4
876330,3.0,4
876334,3.0,4
876349,14.0,15
876354,4.0,5
876369,14.0,15
876373,3.0,4
876378,4.0,5
876382,3.0,4
876386,3.0,4
876391,4.0,5
876406,14.0,15
876410,3.0,4
876414,3.0,4
876419,4.0,5
876434,14.0,15
876439,4.0,5
876443,3.0,4
876448,4.0,5
876452,3.0,4
876457,4.0,5
876462,4.0,5
876477,14.0,15
876481,3.0,4
876486,4.0,5
876491,4.0,5
876506,14.0,15
876522,15.0,16
876527,4.0,5
876542,14.0,15
876547,4.0,5
876551,3.0,4
876555,3.0,4
876559,3.0,4
876563,3.0,4
876567,3.0,4
876572,4.0,5
876577,4.0,5
876581,3.0,4
876585,3.0,4
876589,3.0,4
876593,3.0,4
876597,3.0,4
876602,4.0,5
876606,3.0,4
876610,3.0,4
876615,4.0,5
876619,3.0,4
876623,3.0,4
876627,3.0,4
876631,3.0,4
876636,4.0,5
876640,3.0,4
876645,4.0,5
876649,3.0,4
876653,3.0,4
876668,14.0,15
876672,3.0,4
876676,3.0,4
876680,3.0,4
876684,3.0,4
876688,3.0,4
876692,3.0,4
876707,14.0,15
876712,4.0,5
876716,3.0,4
876720,3.0,4
876725,4.0,5
876729,3.0,4
876744,14.0,15
876748,3.0,4
876753,4.0,5
876758,4.0,5
876762,3.0,4
876766,3.0,4
876770,3.0,4
876774,3.0,4
876778,3.0,4
876782,3.0,4
876786,3.0,4
876790,3.0,4
876794,3.0,4
876798,3.0,4
876802,3.0,4
876806,3.0,4
876810,3.0,4
876814,3.0,4
876818,3.0,4
876822,3.0,4
876826,3.0,4
876830,3.0,4
876834,3.0,4
876838,3.0,4
876842,3.0,4
876847,4.0,5
876851,3.0,4
876855,3.0,4
876870,14.0,15
876874,3.0,4
876878,3.0,4
876882,3.0,4
876887,4.0,5
876891,3.0,4
876896,4.0,5
876901,4.0,5
876905,3.0,4
876920,14.0,15
876924,3.0,4
876928,3.0,4
876943,14.0,15
876947,3.0,4
876951,3.0,4
876955,3.0,4
876959,3.0,4
876963,3.0,4
876967,3.0,4
876971,3.0,4
876986,14.0,15
876991,4.0,5
876996,4.0,5
877000,3.0,4
877004,3.0,4
877009,4.0,5
877013,3.0,4
877017,3.0,4
877021,3.0,4
877025,3.0,4
877029,3.0,4
877033,3.0,4
877038,4.0,5
877043,4.0,5
877047,3.0,4
877062,14.0,15
877067,4.0,5
877071,3.0,4
877075,3.0,4
877079,3.0,4
877083,3.0,4
877087,3.0,4
877091,3.0,4
877095,3.0,4
877099,3.0,4
877114,14.0,15
877118,3.0,4
877122,3.0,4
877126,3.0,4
877130,3.0,4
877134,3.0,4
877138,3.0,4
877143,4.0,5
877148,4.0,5
877153,4.0,5
877157,3.0,4
877161,3.0,4
877165,3.0,4
877169,3.0,4
877173,3.0,4
877177,3.0,4
877181,3.0,4
877185,3.0,4
877189,3.0,4
877193,3.0,4
877197,3.0,4
877201,3.0,4
877205,3.0,4
877209,3.0,4
877214,4.0,5
877218,3.0,4
877223,4.0,5
877227,3.0,4
877232,4.0,5
877236,3.0,4
877241,4.0,5
877245,3.0,4
877249,3.0,4
877254,4.0,5
877259,4.0,5
877263,3.0,4
877267,3.0,4
877272,4.0,5
877276,3.0,4
877280,3.0,4
877284,3.0,4
877289,4.0,5
877304,14.0,15
877309,4.0,5
877314,4.0,5
877318,3.0,4
877322,3.0,4
877327,4.0,5
877331,3.0,4
877346,14.0,15
877350,3.0,4
877354,3.0,4
877369,14.0,15
877373,3.0,4
877377,3.0,4
877382,4.0,5
877386,3.0,4
877391,4.0,5
877396,4.0,5
877401,4.0,5
877406,4.0,5
877410,3.0,4
877414,3.0,4
877418,3.0,4
877422,3.0,4
877437,14.0,15
877441,3.0,4
877445,3.0,4
877449,3.0,4
877453,3.0,4
877458,4.0,5
877462,3.0,4
877466,3.0,4
877470,3.0,4
877474,3.0,4
877478,3.0,4
877482,3.0,4
877486,3.0,4
877491,4.0,5
877495,3.0,4
877500,4.0,5
877505,4.0,5
877509,3.0,4
877513,3.0,4
877518,4.0,5
877522,3.0,4
877527,4.0,5
877542,14.0,15
877547,4.0,5
877562,14.0,15
877566,3.0,4
877581,14.0,15
877585,3.0,4
877589,3.0,4
877593,3.0,4
877598,4.0,5
877602,3.0,4
877606,3.0,4
877610,3.0,4
877614,3.0,4
877619,4.0,5
877624,4.0,5
877629,4.0,5
877633,3.0,4
877637,3.0,4
877641,3.0,4
877646,4.0,5
877650,3.0,4
877654,3.0,4
877658,3.0,4
877662,3.0,4
877666,3.0,4
877670,3.0,4
877674,3.0,4
877679,4.0,5
877683,3.0,4
877688,4.0,5
877693,4.0,5
877698,4.0,5
877702,3.0,4
877706,3.0,4
877710,3.0,4
877714,3.0,4
877718,3.0,4
877723,4.0,5
877738,14.0,15
877742,3.0,4
877747,4.0,5
877751,3.0,4
877755,3.0,4
877760,4.0,5
877765,4.0,5
877769,3.0,4
877773,3.0,4
877777,3.0,4
877782,4.0,5
877786,3.0,4
877790,3.0,4
877805,14.0,15
877809,3.0,4
877824,14.0,15
877828,3.0,4
877833,4.0,5
877837,3.0,4
877841,3.0,4
877845,3.0,4
877850,4.0,5
877854,3.0,4
877858,3.0,4
877873,14.0,15
877877,3.0,4
877881,3.0,4
877886,4.0,5
877891,4.0,5
877895,3.0,4
877899,3.0,4
877903,3.0,4
877907,3.0,4
877912,4.0,5
877916,3.0,4
877920,3.0,4
877924,3.0,4
877928,3.0,4
877932,3.0,4
877936,3.0,4
877940,3.0,4
877944,3.0,4
877948,3.0,4
877952,3.0,4
877957,4.0,5
877972,14.0,15
877976,3.0,4
877991,14.0,15
878006,14.0,15
878010,3.0,4
878014,3.0,4
878018,3.0,4
878022,3.0,4
878026,3.0,4
878030,3.0,4
878034,3.0,4
878039,4.0,5
878044,4.0,5
878048,3.0,4
878052,3.0,4
878056,3.0,4
878061,4.0,5
878066,4.0,5
878070,3.0,4
878074,3.0,4
878078,3.0,4
878082,3.0,4
878087,4.0,5
878092,4.0,5
878096,3.0,4
878101,4.0,5
878105,3.0,4
878109,3.0,4
878114,4.0,5
878118,3.0,4
878123,4.0,5
878138,14.0,15
878142,3.0,4
878146,3.0,4
878150,3.0,4
878154,3.0,4
878158,3.0,4
878163,4.0,5
878168,4.0,5
878172,3.0,4
878176,3.0,4
878180,3.0,4
878184,3.0,4
878189,4.0,5
878193,3.0,4
878198,4.0,5
878202,3.0,4
878207,4.0,5
878211,3.0,4
878215,3.0,4
878220,4.0,5
878224,3.0,4
878228,3.0,4
878232,3.0,4
878236,3.0,4
878240,3.0,4
878245,4.0,5
878249,3.0,4
878253,3.0,4
878257,3.0,4
878261,3.0,4
878265,3.0,4
878270,4.0,5
878274,3.0,4
878278,3.0,4
878283,4.0,5
878288,4.0,5
878292,3.0,4
878297,4.0,5
878301,3.0,4
878305,3.0,4
878310,4.0,5
878315,4.0,5
878319,3.0,4
878324,4.0,5
878328,3.0,4
878332,3.0,4
878336,3.0,4
878351,14.0,15
878355,3.0,4
878360,4.0,5
878364,3.0,4
878369,4.0,5
878373,3.0,4
878377,3.0,4
878382,4.0,5
878387,4.0,5
878391,3.0,4
878396,4.0,5
878400,3.0,4
878404,3.0,4
878409,4.0,5
878413,3.0,4
878418,4.0,5
878422,3.0,4
878426,3.0,4
878430,3.0,4
878435,4.0,5
878439,3.0,4
878443,3.0,4
878447,3.0,4
878452,4.0,5
878467,14.0,15
878472,4.0,5
878476,3.0,4
878480,3.0,4
878484,3.0,4
878489,4.0,5
878493,3.0,4
878498,4.0,5
878502,3.0,4
878517,14.0,15
878521,3.0,4
878525,3.0,4
878529,3.0,4
878533,3.0,4
878537,3.0,4
878541,3.0,4
878545,3.0,4
878549,3.0,4
878564,14.0,15
878568,3.0,4
878572,3.0,4
878576,3.0,4
878581,4.0,5
878586,4.0,5
878590,3.0,4
878594,3.0,4
878598,3.0,4
878602,3.0,4
878606,3.0,4
878621,14.0,15
878625,3.0,4
878629,3.0,4
878633,3.0,4
878638,4.0,5
878642,3.0,4
878646,3.0,4
878650,3.0,4
878654,3.0,4
878659,4.0,5
878663,3.0,4
878667,3.0,4
878671,3.0,4
878675,3.0,4
878679,3.0,4
878683,3.0,4
878687,3.0,4
878692,4.0,5
878696,3.0,4
878700,3.0,4
878704,3.0,4
878708,3.0,4
878712,3.0,4
878716,3.0,4
878720,3.0,4
878724,3.0,4
878728,3.0,4
878732,3.0,4
878736,3.0,4
878740,3.0,4
878744,3.0,4
878748,3.0,4
878752,3.0,4
878756,3.0,4
878760,3.0,4
878764,3.0,4
878768,3.0,4
878783,14.0,15
878787,3.0,4
878791,3.0,4
878795,3.0,4
878799,3.0,4
878803,3.0,4
878807,3.0,4
878811,3.0,4
878816,4.0,5
878820,3.0,4
878824,3.0,4
878828,3.0,4
878832,3.0,4
878836,3.0,4
878840,3.0,4
878844,3.0,4
878848,3.0,4
878853,4.0,5
878857,3.0,4
878861,3.0,4
878865,3.0,4
878869,3.0,4
878873,3.0,4
878878,4.0,5
878883,4.0,5
878888,4.0,5
878892,3.0,4
878896,3.0,4
878900,3.0,4
878905,4.0,5
878909,3.0,4
878913,3.0,4
878918,4.0,5
878922,3.0,4
878927,4.0,5
878932,4.0,5
878936,3.0,4
878940,3.0,4
878944,3.0,4
878948,3.0,4
878952,3.0,4
878956,3.0,4
878960,3.0,4
878964,3.0,4
878968,3.0,4
878972,3.0,4
878976,3.0,4
878981,4.0,5
878985,3.0,4
878989,3.0,4
878993,3.0,4
878998,4.0,5
879002,3.0,4
879006,3.0,4
879010,3.0,4
879015,4.0,5
879020,4.0,5
879024,3.0,4
879029,4.0,5
879033,3.0,4
879037,3.0,4
879041,3.0,4
879045,3.0,4
879049,3.0,4
879053,3.0,4
879057,3.0,4
879061,3.0,4
879065,3.0,4
879069,3.0,4
879073,3.0,4
879077,3.0,4
879081,3.0,4
879086,4.0,5
879091,4.0,5
879095,3.0,4
879100,4.0,5
879104,3.0,4
879108,3.0,4
879123,14.0,15
879127,3.0,4
879131,3.0,4
879135,3.0,4
879139,3.0,4
879143,3.0,4
879147,3.0,4
879151,3.0,4
879155,3.0,4
879159,3.0,4
879163,3.0,4
879167,3.0,4
879171,3.0,4
879176,4.0,5
879180,3.0,4
879184,3.0,4
879188,3.0,4
879192,3.0,4
879196,3.0,4
879200,3.0,4
879204,3.0,4
879208,3.0,4
879212,3.0,4
879216,3.0,4
879220,3.0,4
879224,3.0,4
879228,3.0,4
879232,3.0,4
879236,3.0,4
879240,3.0,4
879245,4.0,5
879249,3.0,4
879253,3.0,4
879257,3.0,4
879261,3.0,4
879265,3.0,4
879269,3.0,4
879273,3.0,4
879277,3.0,4
879282,4.0,5
879286,3.0,4
879290,3.0,4
879294,3.0,4
879298,3.0,4
879302,3.0,4
879307,4.0,5
879311,3.0,4
879315,3.0,4
879320,4.0,5
879324,3.0,4
879329,4.0,5
879333,3.0,4
879337,3.0,4
879341,3.0,4
879345,3.0,4
879349,3.0,4
879353,3.0,4
879357,3.0,4
879361,3.0,4
879366,4.0,5
879370,3.0,4
879374,3.0,4
879378,3.0,4
879382,3.0,4
879386,3.0,4
879390,3.0,4
879394,3.0,4
879398,3.0,4
879402,3.0,4
879406,3.0,4
879410,3.0,4
879414,3.0,4
879418,3.0,4
879422,3.0,4
879426,3.0,4
879430,3.0,4
879434,3.0,4
879439,4.0,5
879443,3.0,4
879448,4.0,5
879452,3.0,4
879457,4.0,5
879461,3.0,4
879465,3.0,4
879470,4.0,5
879475,4.0,5
879479,3.0,4
879483,3.0,4
879487,3.0,4
879491,3.0,4
879495,3.0,4
879499,3.0,4
879503,3.0,4
879507,3.0,4
879511,3.0,4
879515,3.0,4
879519,3.0,4
879523,3.0,4
879528,4.0,5
879532,3.0,4
879536,3.0,4
879541,4.0,5
879545,3.0,4
879549,3.0,4
879553,3.0,4
879557,3.0,4
879561,3.0,4
879565,3.0,4
879569,3.0,4
879574,4.0,5
879578,3.0,4
879582,3.0,4
879586,3.0,4
879590,3.0,4
879594,3.0,4
879599,4.0,5
879603,3.0,4
879607,3.0,4
879611,3.0,4
879615,3.0,4
879620,4.0,5
879624,3.0,4
879629,4.0,5
879633,3.0,4
879637,3.0,4
879641,3.0,4
879645,3.0,4
879649,3.0,4
879653,3.0,4
879657,3.0,4
879662,4.0,5
879667,4.0,5
879671,3.0,4
879675,3.0,4
879680,4.0,5
879685,4.0,5
879690,4.0,5
879694,3.0,4
879698,3.0,4
879702,3.0,4
879706,3.0,4
879710,3.0,4
879714,3.0,4
879718,3.0,4
879723,4.0,5
879727,3.0,4
879731,3.0,4
879735,3.0,4
879740,4.0,5
879744,3.0,4
879748,3.0,4
879753,4.0,5
879758,4.0,5
879762,3.0,4
879766,3.0,4
879770,3.0,4
879774,3.0,4
879778,3.0,4
879782,3.0,4
879786,3.0,4
879790,3.0,4
879794,3.0,4
879799,4.0,5
879803,3.0,4
879807,3.0,4
879811,3.0,4
879815,3.0,4
879819,3.0,4
879823,3.0,4
879827,3.0,4
879831,3.0,4
879835,3.0,4
879840,4.0,5
879844,3.0,4
879848,3.0,4
879852,3.0,4
879857,4.0,5
879861,3.0,4
879865,3.0,4
879870,4.0,5
879874,3.0,4
879879,4.0,5
879883,3.0,4
879887,3.0,4
879891,3.0,4
879895,3.0,4
879899,3.0,4
879903,3.0,4
879907,3.0,4
879911,3.0,4
879915,3.0,4
879920,4.0,5
879924,3.0,4
879928,3.0,4
879932,3.0,4
879936,3.0,4
879940,3.0,4
879944,3.0,4
879948,3.0,4
879952,3.0,4
879956,3.0,4
879960,3.0,4
879964,3.0,4
879968,3.0,4
879972,3.0,4
879976,3.0,4
879980,3.0,4
879985,4.0,5
879989,3.0,4
879993,3.0,4
879997,3.0,4
880001,3.0,4
880005,3.0,4
880009,3.0,4
880014,4.0,5
880018,3.0,4
880022,3.0,4
880026,3.0,4
880030,3.0,4
880035,4.0,5
880039,3.0,4
880043,3.0,4
880047,3.0,4
880051,3.0,4
880055,3.0,4
880059,3.0,4
880064,4.0,5
880069,4.0,5
880074,4.0,5
880078,3.0,4
880082,3.0,4
880097,14.0,15
880101,3.0,4
880105,3.0,4
880109,3.0,4
880113,3.0,4
880117,3.0,4
880121,3.0,4
880125,3.0,4
880129,3.0,4
880133,3.0,4
880137,3.0,4
880141,3.0,4
880146,4.0,5
880150,3.0,4
880154,3.0,4
880158,3.0,4
880162,3.0,4
880167,4.0,5
880171,3.0,4
880175,3.0,4
880179,3.0,4
880183,3.0,4
880187,3.0,4
880191,3.0,4
880195,3.0,4
880199,3.0,4
880203,3.0,4
880207,3.0,4
880211,3.0,4
880215,3.0,4
880219,3.0,4
880224,4.0,5
880228,3.0,4
880232,3.0,4
880236,3.0,4
880240,3.0,4
880244,3.0,4
880248,3.0,4
880252,3.0,4
880256,3.0,4
880260,3.0,4
880264,3.0,4
880269,4.0,5
880273,3.0,4
880277,3.0,4
880281,3.0,4
880285,3.0,4
880289,3.0,4
880294,4.0,5
880298,3.0,4
880302,3.0,4
880306,3.0,4
880310,3.0,4
880314,3.0,4
880318,3.0,4
880322,3.0,4
880326,3.0,4
880330,3.0,4
880335,4.0,5
880339,3.0,4
880343,3.0,4
880347,3.0,4
880352,4.0,5
880356,3.0,4
880360,3.0,4
880365,4.0,5
880370,4.0,5
880374,3.0,4
880378,3.0,4
880382,3.0,4
880386,3.0,4
880390,3.0,4
880394,3.0,4
880398,3.0,4
880402,3.0,4
880406,3.0,4
880410,3.0,4
880415,4.0,5
880419,3.0,4
880423,3.0,4
880428,4.0,5
880432,3.0,4
880436,3.0,4
880440,3.0,4
880444,3.0,4
880448,3.0,4
880452,3.0,4
880456,3.0,4
880460,3.0,4
880464,3.0,4
880468,3.0,4
880472,3.0,4
880476,3.0,4
880480,3.0,4
880484,3.0,4
880489,4.0,5
880493,3.0,4
880497,3.0,4
880502,4.0,5
880506,3.0,4
880510,3.0,4
880514,3.0,4
880518,3.0,4
880522,3.0,4
880526,3.0,4
880531,4.0,5
880535,3.0,4
880539,3.0,4
880543,3.0,4
880547,3.0,4
880551,3.0,4
880555,3.0,4
880559,3.0,4
880563,3.0,4
880567,3.0,4
880571,3.0,4
880575,3.0,4
880579,3.0,4
880583,3.0,4
880587,3.0,4
880591,3.0,4
880595,3.0,4
880599,3.0,4
880603,3.0,4
880608,4.0,5
880612,3.0,4
880616,3.0,4
880620,3.0,4
880624,3.0,4
880628,3.0,4
880632,3.0,4
880636,3.0,4
880651,14.0,15
880655,3.0,4
880659,3.0,4
880663,3.0,4
880667,3.0,4
880671,3.0,4
880675,3.0,4
880680,4.0,5
880684,3.0,4
880688,3.0,4
880692,3.0,4
880696,3.0,4
880700,3.0,4
880704,3.0,4
880708,3.0,4
880713,4.0,5
880718,4.0,5
880722,3.0,4
880727,4.0,5
880731,3.0,4
880735,3.0,4
880739,3.0,4
880743,3.0,4
880748,4.0,5
880752,3.0,4
880756,3.0,4
880761,4.0,5
880766,4.0,5
880770,3.0,4
880774,3.0,4
880778,3.0,4
880782,3.0,4
880786,3.0,4
880790,3.0,4
880794,3.0,4
880798,3.0,4
880802,3.0,4
880806,3.0,4
880810,3.0,4
880814,3.0,4
880818,3.0,4
880822,3.0,4
880826,3.0,4
880830,3.0,4
880834,3.0,4
880838,3.0,4
880842,3.0,4
880846,3.0,4
880850,3.0,4
880854,3.0,4
880859,4.0,5
880863,3.0,4
880867,3.0,4
880871,3.0,4
880875,3.0,4
880879,3.0,4
880883,3.0,4
880887,3.0,4
880891,3.0,4
880895,3.0,4
880899,3.0,4
880903,3.0,4
880907,3.0,4
880911,3.0,4
880915,3.0,4
880919,3.0,4
880923,3.0,4
880927,3.0,4
880931,3.0,4
880936,4.0,5
880940,3.0,4
880945,4.0,5
880949,3.0,4
880953,3.0,4
880958,4.0,5
880963,4.0,5
880967,3.0,4
880971,3.0,4
880976,4.0,5
880981,4.0,5
880985,3.0,4
880989,3.0,4
880993,3.0,4
880997,3.0,4
881001,3.0,4
881005,3.0,4
881009,3.0,4
881013,3.0,4
881017,3.0,4
881021,3.0,4
881025,3.0,4
881029,3.0,4
881034,4.0,5
881038,3.0,4
881042,3.0,4
881046,3.0,4
881050,3.0,4
881055,4.0,5
881059,3.0,4
881063,3.0,4
881067,3.0,4
881071,3.0,4
881076,4.0,5
881080,3.0,4
881084,3.0,4
881088,3.0,4
881092,3.0,4
881096,3.0,4
881100,3.0,4
881104,3.0,4
881108,3.0,4
881112,3.0,4
881116,3.0,4
881120,3.0,4
881125,4.0,5
881129,3.0,4
881133,3.0,4
881138,4.0,5
881142,3.0,4
881146,3.0,4
881150,3.0,4
881154,3.0,4
881158,3.0,4
881162,3.0,4
881166,3.0,4
881170,3.0,4
881174,3.0,4
881178,3.0,4
881182,3.0,4
881186,3.0,4
881190,3.0,4
881194,3.0,4
881198,3.0,4
881202,3.0,4
881206,3.0,4
881210,3.0,4
881214,3.0,4
881218,3.0,4
881222,3.0,4
881227,4.0,5
881232,4.0,5
881236,3.0,4
881240,3.0,4
881244,3.0,4
881248,3.0,4
881252,3.0,4
881256,3.0,4
881260,3.0,4
881264,3.0,4
881268,3.0,4
881272,3.0,4
881276,3.0,4
881280,3.0,4
881284,3.0,4
881288,3.0,4
881292,3.0,4
881296,3.0,4
881300,3.0,4
881304,3.0,4
881308,3.0,4
881312,3.0,4
881316,3.0,4
881320,3.0,4
881324,3.0,4
881328,3.0,4
881332,3.0,4
881336,3.0,4
881340,3.0,4
881344,3.0,4
881348,3.0,4
881352,3.0,4
881356,3.0,4
881360,3.0,4
881364,3.0,4
881368,3.0,4
881372,3.0,4
881376,3.0,4
881381,4.0,5
881385,3.0,4
881389,3.0,4
881393,3.0,4
881398,4.0,5
881402,3.0,4
881407,4.0,5
881411,3.0,4
881415,3.0,4
881419,3.0,4
881423,3.0,4
881427,3.0,4
881431,3.0,4
881435,3.0,4
881439,3.0,4
881443,3.0,4
881447,3.0,4
881451,3.0,4
881455,3.0,4
881459,3.0,4
881463,3.0,4
881467,3.0,4
881471,3.0,4
881475,3.0,4
881479,3.0,4
881483,3.0,4
881487,3.0,4
881491,3.0,4
881495,3.0,4
881499,3.0,4
881503,3.0,4
881507,3.0,4
881511,3.0,4
881515,3.0,4
881519,3.0,4
881523,3.0,4
881527,3.0,4
881531,3.0,4
881535,3.0,4
881539,3.0,4
881543,3.0,4
881547,3.0,4
881551,3.0,4
881555,3.0,4
881559,3.0,4
881563,3.0,4
881568,4.0,5
881572,3.0,4
881576,3.0,4
881580,3.0,4
881584,3.0,4
881588,3.0,4
881592,3.0,4
881596,3.0,4
881600,3.0,4
881604,3.0,4
881608,3.0,4
881612,3.0,4
881616,3.0,4
881620,3.0,4
881624,3.0,4
881628,3.0,4
881632,3.0,4
881637,4.0,5
881641,3.0,4
881645,3.0,4
881649,3.0,4
881653,3.0,4
881657,3.0,4
881661,3.0,4
881665,3.0,4
881669,3.0,4
881673,3.0,4
881677,3.0,4
881682,4.0,5
881686,3.0,4
881690,3.0,4
881694,3.0,4
881698,3.0,4
881703,4.0,5
881707,3.0,4
881711,3.0,4
881715,3.0,4
881719,3.0,4
881723,3.0,4
881727,3.0,4
881731,3.0,4
881735,3.0,4
881739,3.0,4
881743,3.0,4
881747,3.0,4
881751,3.0,4
881755,3.0,4
881759,3.0,4
881763,3.0,4
881767,3.0,4
881771,3.0,4
881775,3.0,4
881779,3.0,4
881783,3.0,4
881787,3.0,4
881791,3.0,4
881795,3.0,4
881800,4.0,5
881804,3.0,4
881808,3.0,4
881812,3.0,4
881816,3.0,4
881820,3.0,4
881824,3.0,4
881828,3.0,4
881832,3.0,4
881836,3.0,4
881840,3.0,4
881844,3.0,4
881848,3.0,4
881852,3.0,4
881856,3.0,4
881860,3.0,4
881864,3.0,4
881868,3.0,4
881872,3.0,4
881876,3.0,4
881880,3.0,4
881884,3.0,4
881888,3.0,4
881892,3.0,4
881896,3.0,4
881900,3.0,4
881904,3.0,4
881908,3.0,4
881912,3.0,4
881916,3.0,4
881920,3.0,4
881924,3.0,4
881928,3.0,4
881933,4.0,5
881937,3.0,4
881941,3.0,4
881945,3.0,4
881949,3.0,4
881953,3.0,4
881957,3.0,4
881961,3.0,4
881965,3.0,4
881970,4.0,5
881974,3.0,4
881978,3.0,4
881982,3.0,4
881986,3.0,4
881990,3.0,4
881994,3.0,4
881998,3.0,4
882002,3.0,4
882006,3.0,4
882010,3.0,4
882014,3.0,4
882018,3.0,4
882022,3.0,4
882026,3.0,4
882030,3.0,4
882034,3.0,4
882038,3.0,4
882042,3.0,4
882046,3.0,4
882050,3.0,4
882054,3.0,4
882058,3.0,4
882062,3.0,4
882066,3.0,4
882070,3.0,4
882074,3.0,4
882078,3.0,4
882083,4.0,5
882087,3.0,4
882091,3.0,4
882096,4.0,5
882100,3.0,4
882104,3.0,4
882108,3.0,4
882112,3.0,4
882116,3.0,4
882120,3.0,4
882125,4.0,5
882129,3.0,4
882133,3.0,4
882137,3.0,4
882141,3.0,4
882145,3.0,4
882149,3.0,4
882153,3.0,4
882158,4.0,5
882162,3.0,4
882166,3.0,4
882170,3.0,4
882175,4.0,5
882179,3.0,4
882183,3.0,4
882187,3.0,4
882191,3.0,4
882195,3.0,4
882199,3.0,4
882203,3.0,4
882207,3.0,4
882211,3.0,4
882215,3.0,4
882219,3.0,4
882224,4.0,5
882228,3.0,4
882232,3.0,4
882236,3.0,4
882240,3.0,4
882244,3.0,4
882248,3.0,4
882252,3.0,4
882256,3.0,4
882260,3.0,4
882264,3.0,4
882268,3.0,4
882273,4.0,5
882277,3.0,4
882282,4.0,5
882286,3.0,4
882290,3.0,4
882294,3.0,4
882298,3.0,4
882302,3.0,4
882306,3.0,4
882310,3.0,4
882314,3.0,4
882318,3.0,4
882322,3.0,4
882326,3.0,4
882330,3.0,4
882334,3.0,4
882338,3.0,4
882342,3.0,4
882346,3.0,4
882350,3.0,4
882355,4.0,5
882359,3.0,4
882363,3.0,4
882367,3.0,4
882371,3.0,4
882375,3.0,4
882379,3.0,4
882384,4.0,5
882388,3.0,4
882392,3.0,4
882396,3.0,4
882401,4.0,5
882405,3.0,4
882409,3.0,4
882413,3.0,4
882418,4.0,5
882422,3.0,4
882426,3.0,4
882430,3.0,4
882434,3.0,4
882438,3.0,4
882442,3.0,4
882446,3.0,4
882450,3.0,4
882454,3.0,4
882458,3.0,4
882462,3.0,4
882466,3.0,4
882470,3.0,4
882474,3.0,4
882479,4.0,5
882483,3.0,4
882487,3.0,4
882491,3.0,4
882495,3.0,4
882499,3.0,4
882503,3.0,4
882508,4.0,5
882512,3.0,4
882516,3.0,4
882520,3.0,4
882524,3.0,4
882528,3.0,4
882532,3.0,4
882536,3.0,4
882540,3.0,4
882544,3.0,4
882548,3.0,4
882553,4.0,5
882557,3.0,4
882561,3.0,4
882565,3.0,4
882569,3.0,4
882574,4.0,5
882578,3.0,4
882582,3.0,4
882587,4.0,5
882591,3.0,4
882595,3.0,4
882599,3.0,4
882603,3.0,4
882608,4.0,5
882612,3.0,4
882617,4.0,5
882621,3.0,4
882625,3.0,4
882629,3.0,4
882633,3.0,4
882637,3.0,4
882641,3.0,4
882645,3.0,4
882649,3.0,4
882653,3.0,4
882657,3.0,4
882661,3.0,4
882665,3.0,4
882669,3.0,4
882673,3.0,4
882677,3.0,4
882681,3.0,4
882685,3.0,4
882689,3.0,4
882693,3.0,4
882697,3.0,4
882701,3.0,4
882705,3.0,4
882709,3.0,4
882713,3.0,4
882717,3.0,4
882721,3.0,4
882725,3.0,4
882729,3.0,4
882733,3.0,4
882737,3.0,4
882741,3.0,4
882746,4.0,5
882750,3.0,4
882754,3.0,4
882758,3.0,4
882762,3.0,4
882766,3.0,4
882770,3.0,4
882775,4.0,5
882779,3.0,4
882783,3.0,4
882787,3.0,4
882791,3.0,4
882796,4.0,5
882800,3.0,4
882804,3.0,4
882808,3.0,4
882813,4.0,5
882817,3.0,4
882821,3.0,4
882825,3.0,4
882829,3.0,4
882834,4.0,5
882838,3.0,4
882842,3.0,4
882846,3.0,4
882850,3.0,4
882854,3.0,4
882858,3.0,4
882862,3.0,4
882866,3.0,4
882870,3.0,4
882874,3.0,4
882878,3.0,4
882882,3.0,4
882886,3.0,4
882890,3.0,4
882894,3.0,4
882898,3.0,4
882902,3.0,4
882906,3.0,4
882910,3.0,4
882914,3.0,4
882919,4.0,5
882923,3.0,4
882927,3.0,4
882931,3.0,4
882935,3.0,4
882940,4.0,5
882945,4.0,5
882949,3.0,4
882953,3.0,4
882957,3.0,4
882961,3.0,4
882965,3.0,4
882969,3.0,4
882973,3.0,4
882977,3.0,4
882981,3.0,4
882985,3.0,4
882990,4.0,5
882994,3.0,4
882998,3.0,4
883002,3.0,4
883006,3.0,4
883010,3.0,4
883014,3.0,4
883018,3.0,4
883022,3.0,4
883027,4.0,5
883031,3.0,4
883035,3.0,4
883039,3.0,4
883044,4.0,5
883048,3.0,4
883052,3.0,4
883056,3.0,4
883060,3.0,4
883064,3.0,4
883068,3.0,4
883072,3.0,4
883076,3.0,4
883080,3.0,4
883084,3.0,4
883088,3.0,4
883093,4.0,5
883098,4.0,5
883102,3.0,4
883106,3.0,4
883110,3.0,4
883114,3.0,4
883118,3.0,4
883122,3.0,4
883126,3.0,4
883130,3.0,4
883134,3.0,4
883138,3.0,4
883142,3.0,4
883146,3.0,4
883150,3.0,4
883154,3.0,4
883158,3.0,4
883163,4.0,5
883167,3.0,4
883171,3.0,4
883175,3.0,4
883179,3.0,4
883183,3.0,4
883187,3.0,4
883191,3.0,4
883195,3.0,4
883199,3.0,4
883203,3.0,4
883207,3.0,4
883211,3.0,4
883215,3.0,4
883219,3.0,4
883223,3.0,4
883227,3.0,4
883231,3.0,4
883235,3.0,4
883239,3.0,4
883243,3.0,4
883248,4.0,5
883252,3.0,4
883256,3.0,4
883260,3.0,4
883265,4.0,5
883269,3.0,4
883273,3.0,4
883277,3.0,4
883281,3.0,4
883285,3.0,4
883289,3.0,4
883293,3.0,4
883297,3.0,4
883301,3.0,4
883305,3.0,4
883309,3.0,4
883313,3.0,4
883317,3.0,4
883321,3.0,4
883325,3.0,4
883329,3.0,4
883333,3.0,4
883337,3.0,4
883341,3.0,4
883345,3.0,4
883349,3.0,4
883353,3.0,4
883357,3.0,4
883361,3.0,4
883365,3.0,4
883369,3.0,4
883373,3.0,4
883377,3.0,4
883382,4.0,5
883386,3.0,4
883390,3.0,4
883394,3.0,4
883398,3.0,4
883403,4.0,5
883407,3.0,4
883412,4.0,5
883416,3.0,4
883420,3.0,4
883424,3.0,4
883428,3.0,4
883432,3.0,4
883436,3.0,4
883440,3.0,4
883444,3.0,4
883448,3.0,4
883452,3.0,4
883456,3.0,4
883460,3.0,4
883464,3.0,4
883468,3.0,4
883472,3.0,4
883476,3.0,4
883480,3.0,4
883484,3.0,4
883488,3.0,4
883492,3.0,4
883497,4.0,5
883502,4.0,5
883506,3.0,4
883510,3.0,4
883514,3.0,4
883519,4.0,5
883523,3.0,4
883527,3.0,4
883531,3.0,4
883535,3.0,4
883539,3.0,4
883543,3.0,4
883547,3.0,4
883551,3.0,4
883555,3.0,4
883559,3.0,4
883563,3.0,4
883567,3.0,4
883571,3.0,4
883575,3.0,4
883579,3.0,4
883584,4.0,5
883588,3.0,4
883592,3.0,4
883596,3.0,4
883600,3.0,4
883604,3.0,4
883608,3.0,4
883613,4.0,5
883617,3.0,4
883621,3.0,4
883625,3.0,4
883629,3.0,4
883633,3.0,4
883637,3.0,4
883641,3.0,4
883645,3.0,4
883649,3.0,4
883653,3.0,4
883657,3.0,4
883661,3.0,4
883665,3.0,4
883669,3.0,4
883673,3.0,4
883677,3.0,4
883681,3.0,4
883685,3.0,4
883689,3.0,4
883693,3.0,4
883698,4.0,5
883702,3.0,4
883706,3.0,4
883711,4.0,5
883715,3.0,4
883719,3.0,4
883723,3.0,4
883727,3.0,4
883731,3.0,4
883735,3.0,4
883739,3.0,4
883743,3.0,4
883747,3.0,4
883751,3.0,4
883755,3.0,4
883759,3.0,4
883763,3.0,4
883767,3.0,4
883771,3.0,4
883775,3.0,4
883779,3.0,4
883783,3.0,4
883787,3.0,4
883791,3.0,4
883795,3.0,4
883799,3.0,4
883803,3.0,4
883808,4.0,5
883812,3.0,4
883816,3.0,4
883820,3.0,4
883824,3.0,4
883828,3.0,4
883832,3.0,4
883836,3.0,4
883840,3.0,4
883844,3.0,4
883848,3.0,4
883852,3.0,4
883857,4.0,5
883861,3.0,4
883865,3.0,4
883869,3.0,4
883873,3.0,4
883877,3.0,4
883881,3.0,4
883885,3.0,4
883889,3.0,4
883893,3.0,4
883897,3.0,4
883901,3.0,4
883905,3.0,4
883910,4.0,5
883915,4.0,5
883919,3.0,4
883923,3.0,4
883927,3.0,4
883931,3.0,4
883936,4.0,5
883941,4.0,5
883945,3.0,4
883949,3.0,4
883953,3.0,4
883957,3.0,4
883961,3.0,4
883965,3.0,4
883969,3.0,4
883973,3.0,4
883977,3.0,4
883981,3.0,4
883985,3.0,4
883989,3.0,4
883993,3.0,4
883998,4.0,5
884002,3.0,4
884006,3.0,4
884010,3.0,4
884014,3.0,4
884018,3.0,4
884023,4.0,5
884027,3.0,4
884031,3.0,4
884035,3.0,4
884039,3.0,4
884043,3.0,4
884047,3.0,4
884051,3.0,4
884055,3.0,4
884059,3.0,4
884064,4.0,5
884068,3.0,4
884072,3.0,4
884076,3.0,4
884080,3.0,4
884084,3.0,4
884088,3.0,4
884092,3.0,4
884096,3.0,4
884100,3.0,4
884104,3.0,4
884108,3.0,4
884112,3.0,4
884116,3.0,4
884120,3.0,4
884125,4.0,5
884129,3.0,4
884133,3.0,4
884137,3.0,4
884141,3.0,4
884145,3.0,4
884149,3.0,4
884153,3.0,4
884157,3.0,4
884161,3.0,4
884165,3.0,4
884169,3.0,4
884173,3.0,4
884177,3.0,4
884181,3.0,4
884185,3.0,4
884189,3.0,4
884193,3.0,4
884197,3.0,4
884201,3.0,4
884205,3.0,4
884209,3.0,4
884213,3.0,4
884217,3.0,4
884221,3.0,4
884225,3.0,4
884229,3.0,4
884233,3.0,4
884237,3.0,4
884241,3.0,4
884245,3.0,4
884249,3.0,4
884253,3.0,4
884257,3.0,4
884261,3.0,4
884265,3.0,4
884269,3.0,4
884273,3.0,4
884277,3.0,4
884281,3.0,4
884285,3.0,4
884289,3.0,4
884293,3.0,4
884297,3.0,4
884301,3.0,4
884305,3.0,4
884309,3.0,4
884313,3.0,4
884317,3.0,4
884321,3.0,4
884325,3.0,4
884329,3.0,4
884333,3.0,4
884337,3.0,4
884341,3.0,4
884345,3.0,4
884349,3.0,4
884354,4.0,5
884358,3.0,4
884362,3.0,4
884366,3.0,4
884370,3.0,4
884374,3.0,4
884378,3.0,4
884382,3.0,4
884386,3.0,4
884390,3.0,4
884394,3.0,4
884398,3.0,4
884402,3.0,4
884406,3.0,4
884410,3.0,4
884415,4.0,5
884419,3.0,4
884424,4.0,5
884428,3.0,4
884432,3.0,4
884436,3.0,4
884440,3.0,4
884444,3.0,4
884448,3.0,4
884452,3.0,4
884456,3.0,4
884460,3.0,4
884464,3.0,4
884469,4.0,5
884473,3.0,4
884477,3.0,4
884481,3.0,4
884485,3.0,4
884489,3.0,4
884493,3.0,4
884497,3.0,4
884501,3.0,4
884505,3.0,4
884509,3.0,4
884513,3.0,4
884517,3.0,4
884521,3.0,4
884525,3.0,4
884529,3.0,4
884533,3.0,4
884537,3.0,4
884541,3.0,4
884545,3.0,4
884549,3.0,4
884553,3.0,4
884557,3.0,4
884561,3.0,4
884565,3.0,4
884569,3.0,4
884573,3.0,4
884578,4.0,5
884582,3.0,4
884586,3.0,4
884590,3.0,4
884594,3.0,4
884598,3.0,4
884602,3.0,4
884606,3.0,4
884610,3.0,4
884614,3.0,4
884618,3.0,4
884622,3.0,4
884626,3.0,4
884630,3.0,4
884634,3.0,4
884638,3.0,4
884642,3.0,4
884646,3.0,4
884651,4.0,5
884655,3.0,4
884659,3.0,4
884663,3.0,4
884667,3.0,4
884671,3.0,4
884675,3.0,4
884680,4.0,5
884684,3.0,4
884688,3.0,4
884692,3.0,4
884696,3.0,4
884700,3.0,4
884704,3.0,4
884708,3.0,4
884712,3.0,4
884716,3.0,4
884720,3.0,4
884724,3.0,4
884728,3.0,4
884732,3.0,4
884736,3.0,4
884741,4.0,5
884745,3.0,4
884749,3.0,4
884753,3.0,4
884757,3.0,4
884761,3.0,4
884765,3.0,4
884769,3.0,4
884773,3.0,4
884777,3.0,4
884781,3.0,4
884785,3.0,4
884789,3.0,4
884794,4.0,5
884798,3.0,4
884802,3.0,4
884806,3.0,4
884811,4.0,5
884815,3.0,4
884820,4.0,5
884824,3.0,4
884828,3.0,4
884832,3.0,4
884836,3.0,4
884841,4.0,5
884845,3.0,4
884850,4.0,5
884854,3.0,4
884859,4.0,5
884864,4.0,5
884868,3.0,4
884872,3.0,4
884876,3.0,4
884881,4.0,5
884885,3.0,4
884889,3.0,4
884893,3.0,4
884898,4.0,5
884903,4.0,5
884908,4.0,5
884913,4.0,5
884917,3.0,4
884921,3.0,4
884925,3.0,4
884929,3.0,4
884933,3.0,4
884937,3.0,4
884941,3.0,4
884945,3.0,4
884949,3.0,4
884953,3.0,4
884957,3.0,4
884961,3.0,4
884966,4.0,5
884970,3.0,4
884974,3.0,4
884978,3.0,4
884983,4.0,5
884987,3.0,4
884991,3.0,4
884995,3.0,4
884999,3.0,4
885003,3.0,4
885007,3.0,4
885011,3.0,4
885015,3.0,4
885020,4.0,5
885024,3.0,4
885028,3.0,4
885032,3.0,4
885036,3.0,4
885040,3.0,4
885044,3.0,4
885048,3.0,4
885052,3.0,4
885056,3.0,4
885060,3.0,4
885064,3.0,4
885068,3.0,4
885072,3.0,4
885076,3.0,4
885080,3.0,4
885084,3.0,4
885088,3.0,4
885093,4.0,5
885098,4.0,5
885102,3.0,4
885107,4.0,5
885111,3.0,4
885115,3.0,4
885119,3.0,4
885123,3.0,4
885128,4.0,5
885132,3.0,4
885136,3.0,4
885140,3.0,4
885144,3.0,4
885148,3.0,4
885153,4.0,5
885157,3.0,4
885161,3.0,4
885165,3.0,4
885170,4.0,5
885174,3.0,4
885178,3.0,4
885182,3.0,4
885186,3.0,4
885191,4.0,5
885195,3.0,4
885200,4.0,5
885204,3.0,4
885208,3.0,4
885212,3.0,4
885216,3.0,4
885220,3.0,4
885224,3.0,4
885228,3.0,4
885232,3.0,4
885236,3.0,4
885240,3.0,4
885244,3.0,4
885248,3.0,4
885252,3.0,4
885256,3.0,4
885260,3.0,4
885264,3.0,4
885268,3.0,4
885272,3.0,4
885276,3.0,4
885280,3.0,4
885284,3.0,4
885288,3.0,4
885292,3.0,4
885296,3.0,4
885300,3.0,4
885304,3.0,4
885308,3.0,4
885312,3.0,4
885316,3.0,4
885320,3.0,4
885324,3.0,4
885328,3.0,4
885333,4.0,5
885337,3.0,4
885341,3.0,4
885345,3.0,4
885349,3.0,4
885353,3.0,4
885357,3.0,4
885362,4.0,5
885366,3.0,4
885370,3.0,4
885375,4.0,5
885379,3.0,4
885383,3.0,4
885387,3.0,4
885391,3.0,4
885395,3.0,4
885400,4.0,5
885404,3.0,4
885408,3.0,4
885413,4.0,5
885417,3.0,4
885422,4.0,5
885426,3.0,4
885430,3.0,4
885434,3.0,4
885438,3.0,4
885443,4.0,5
885447,3.0,4
885451,3.0,4
885456,4.0,5
885460,3.0,4
885464,3.0,4
885468,3.0,4
885472,3.0,4
885476,3.0,4
885480,3.0,4
885484,3.0,4
885488,3.0,4
885492,3.0,4
885496,3.0,4
885500,3.0,4
885504,3.0,4
885508,3.0,4
885512,3.0,4
885516,3.0,4
885520,3.0,4
885524,3.0,4
885528,3.0,4
885532,3.0,4
885536,3.0,4
885540,3.0,4
885545,4.0,5
885550,4.0,5
885554,3.0,4
885559,4.0,5
885563,3.0,4
885567,3.0,4
885571,3.0,4
885575,3.0,4
885579,3.0,4
885583,3.0,4
885587,3.0,4
885591,3.0,4
885595,3.0,4
885599,3.0,4
885603,3.0,4
885607,3.0,4
885611,3.0,4
885615,3.0,4
885619,3.0,4
885623,3.0,4
885627,3.0,4
885631,3.0,4
885635,3.0,4
885639,3.0,4
885643,3.0,4
885647,3.0,4
885651,3.0,4
885655,3.0,4
885659,3.0,4
885663,3.0,4
885667,3.0,4
885671,3.0,4
885675,3.0,4
885679,3.0,4
885683,3.0,4
885687,3.0,4
885691,3.0,4
885695,3.0,4
885699,3.0,4
885703,3.0,4
885707,3.0,4
885712,4.0,5
885716,3.0,4
885720,3.0,4
885724,3.0,4
885728,3.0,4
885732,3.0,4
885736,3.0,4
885740,3.0,4
885744,3.0,4
885748,3.0,4
885752,3.0,4
885756,3.0,4
885760,3.0,4
885764,3.0,4
885768,3.0,4
885772,3.0,4
885776,3.0,4
885780,3.0,4
885785,4.0,5
885789,3.0,4
885793,3.0,4
885797,3.0,4
885801,3.0,4
885806,4.0,5
885810,3.0,4
885814,3.0,4
885818,3.0,4
885822,3.0,4
885826,3.0,4
885830,3.0,4
885835,4.0,5
885840,4.0,5
885844,3.0,4
885848,3.0,4
885852,3.0,4
885856,3.0,4
885860,3.0,4
885864,3.0,4
885868,3.0,4
885872,3.0,4
885876,3.0,4
885880,3.0,4
885884,3.0,4
885888,3.0,4
885892,3.0,4
885897,4.0,5
885902,4.0,5
885906,3.0,4
885910,3.0,4
885914,3.0,4
885918,3.0,4
885922,3.0,4
885927,4.0,5
885931,3.0,4
885936,4.0,5
885940,3.0,4
885944,3.0,4
885948,3.0,4
885952,3.0,4
885956,3.0,4
885960,3.0,4
885964,3.0,4
885968,3.0,4
885972,3.0,4
885976,3.0,4
885980,3.0,4
885984,3.0,4
885988,3.0,4
885992,3.0,4
885996,3.0,4
886000,3.0,4
886004,3.0,4
886008,3.0,4
886012,3.0,4
886016,3.0,4
886020,3.0,4
886024,3.0,4
886028,3.0,4
886032,3.0,4
886036,3.0,4
886041,4.0,5
886045,3.0,4
886050,4.0,5
886054,3.0,4
886058,3.0,4
886062,3.0,4
886066,3.0,4
886070,3.0,4
886074,3.0,4
886079,4.0,5
886083,3.0,4
886087,3.0,4
886091,3.0,4
886095,3.0,4
886099,3.0,4
886103,3.0,4
886107,3.0,4
886112,4.0,5
886116,3.0,4
886120,3.0,4
886124,3.0,4
886128,3.0,4
886132,3.0,4
886137,4.0,5
886141,3.0,4
886145,3.0,4
886149,3.0,4
886153,3.0,4
886157,3.0,4
886161,3.0,4
886165,3.0,4
886169,3.0,4
886174,4.0,5
886178,3.0,4
886182,3.0,4
886186,3.0,4
886190,3.0,4
886194,3.0,4
886198,3.0,4
886202,3.0,4
886207,4.0,5
886211,3.0,4
886215,3.0,4
886219,3.0,4
886223,3.0,4
886227,3.0,4
886231,3.0,4
886235,3.0,4
886239,3.0,4
886244,4.0,5
886248,3.0,4
886252,3.0,4
886256,3.0,4
886260,3.0,4
886264,3.0,4
886268,3.0,4
886272,3.0,4
886276,3.0,4
886280,3.0,4
886284,3.0,4
886288,3.0,4
886292,3.0,4
886296,3.0,4
886300,3.0,4
886305,4.0,5
886309,3.0,4
886313,3.0,4
886317,3.0,4
886322,4.0,5
886326,3.0,4
886330,3.0,4
886335,4.0,5
886339,3.0,4
886343,3.0,4
886347,3.0,4
886351,3.0,4
886355,3.0,4
886359,3.0,4
886363,3.0,4
886367,3.0,4
886371,3.0,4
886375,3.0,4
886379,3.0,4
886383,3.0,4
886387,3.0,4
886391,3.0,4
886395,3.0,4
886399,3.0,4
886403,3.0,4
886407,3.0,4
886411,3.0,4
886415,3.0,4
886419,3.0,4
886423,3.0,4
886427,3.0,4
886431,3.0,4
886435,3.0,4
886439,3.0,4
886443,3.0,4
886448,4.0,5
886452,3.0,4
886456,3.0,4
886460,3.0,4
886464,3.0,4
886468,3.0,4
886472,3.0,4
886476,3.0,4
886480,3.0,4
886484,3.0,4
886488,3.0,4
886492,3.0,4
886496,3.0,4
886500,3.0,4
886504,3.0,4
886508,3.0,4
886512,3.0,4
886516,3.0,4
886520,3.0,4
886525,4.0,5
886529,3.0,4
886533,3.0,4
886537,3.0,4
886541,3.0,4
886545,3.0,4
886549,3.0,4
886554,4.0,5
886558,3.0,4
886562,3.0,4
886566,3.0,4
886570,3.0,4
886574,3.0,4
886578,3.0,4
886582,3.0,4
886586,3.0,4
886590,3.0,4
886594,3.0,4
886598,3.0,4
886602,3.0,4
886606,3.0,4
886610,3.0,4
886614,3.0,4
886618,3.0,4
886622,3.0,4
886626,3.0,4
886630,3.0,4
886634,3.0,4
886638,3.0,4
886643,4.0,5
886647,3.0,4
886652,4.0,5
886656,3.0,4
886660,3.0,4
886664,3.0,4
886668,3.0,4
886672,3.0,4
886676,3.0,4
886680,3.0,4
886684,3.0,4
886688,3.0,4
886692,3.0,4
886696,3.0,4
886701,4.0,5
886705,3.0,4
886709,3.0,4
886713,3.0,4
886717,3.0,4
886721,3.0,4
886725,3.0,4
886729,3.0,4
886733,3.0,4
886737,3.0,4
886742,4.0,5
886746,3.0,4
886750,3.0,4
886754,3.0,4
886758,3.0,4
886762,3.0,4
886766,3.0,4
886770,3.0,4
886775,4.0,5
886779,3.0,4
886783,3.0,4
886787,3.0,4
886792,4.0,5
886796,3.0,4
886800,3.0,4
886804,3.0,4
886808,3.0,4
886812,3.0,4
886816,3.0,4
886820,3.0,4
886824,3.0,4
886828,3.0,4
886832,3.0,4
886837,4.0,5
886841,3.0,4
886846,4.0,5
886862,15.0,16
886867,4.0,5
886871,3.0,4
886875,3.0,4
886879,3.0,4
886883,3.0,4
886887,3.0,4
886891,3.0,4
886895,3.0,4
886899,3.0,4
886903,3.0,4
886907,3.0,4
886912,4.0,5
886916,3.0,4
886920,3.0,4
886924,3.0,4
886928,3.0,4
886932,3.0,4
886936,3.0,4
886940,3.0,4
886944,3.0,4
886948,3.0,4
886953,4.0,5
886957,3.0,4
886961,3.0,4
886965,3.0,4
886969,3.0,4
886973,3.0,4
886977,3.0,4
886981,3.0,4
886986,4.0,5
886991,4.0,5
886996,4.0,5
887000,3.0,4
887004,3.0,4
887009,4.0,5
887013,3.0,4
887018,4.0,5
887022,3.0,4
887026,3.0,4
887030,3.0,4
887035,4.0,5
887039,3.0,4
887043,3.0,4
887047,3.0,4
887052,4.0,5
887056,3.0,4
887060,3.0,4
887064,3.0,4
887068,3.0,4
887073,4.0,5
887078,4.0,5
887082,3.0,4
887087,4.0,5
887092,4.0,5
887096,3.0,4
887100,3.0,4
887105,4.0,5
887109,3.0,4
887113,3.0,4
887117,3.0,4
887122,4.0,5
887126,3.0,4
887130,3.0,4
887134,3.0,4
887138,3.0,4
887154,15.0,16
887158,3.0,4
887163,4.0,5
887167,3.0,4
887172,4.0,5
887177,4.0,5
887181,3.0,4
887185,3.0,4
887189,3.0,4
887193,3.0,4
887197,3.0,4
887202,4.0,5
887207,4.0,5
887211,3.0,4
887216,4.0,5
887221,4.0,5
887237,15.0,16
887252,14.0,15
887256,3.0,4
887261,4.0,5
887265,3.0,4
887269,3.0,4
887274,4.0,5
887279,4.0,5
887283,3.0,4
887288,4.0,5
887293,4.0,5
887297,3.0,4
887301,3.0,4
887305,3.0,4
887309,3.0,4
887313,3.0,4
887317,3.0,4
887321,3.0,4
887325,3.0,4
887330,4.0,5
887334,3.0,4
887338,3.0,4
887343,4.0,5
887347,3.0,4
887351,3.0,4
887367,15.0,16
887371,3.0,4
887375,3.0,4
887379,3.0,4
887383,3.0,4
887387,3.0,4
887391,3.0,4
887407,15.0,16
887411,3.0,4
887415,3.0,4
887420,4.0,5
887425,4.0,5
887429,3.0,4
887434,4.0,5
887438,3.0,4
887443,4.0,5
887448,4.0,5
887453,4.0,5
887457,3.0,4
887462,4.0,5
887466,3.0,4
887470,3.0,4
887475,4.0,5
887479,3.0,4
887484,4.0,5
887489,4.0,5
887493,3.0,4
887497,3.0,4
887501,3.0,4
887506,4.0,5
887510,3.0,4
887514,3.0,4
887519,4.0,5
887524,4.0,5
887540,15.0,16
887544,3.0,4
887548,3.0,4
887553,4.0,5
887557,3.0,4
887561,3.0,4
887566,4.0,5
887570,3.0,4
887574,3.0,4
887578,3.0,4
887582,3.0,4
887586,3.0,4
887590,3.0,4
887594,3.0,4
887598,3.0,4
887603,4.0,5
887608,4.0,5
887613,4.0,5
887618,4.0,5
887622,3.0,4
887626,3.0,4
887631,4.0,5
887636,4.0,5
887640,3.0,4
887644,3.0,4
887649,4.0,5
887654,4.0,5
887659,4.0,5
887663,3.0,4
887667,3.0,4
887671,3.0,4
887675,3.0,4
887679,3.0,4
887683,3.0,4
887687,3.0,4
887691,3.0,4
887696,4.0,5
887700,3.0,4
887704,3.0,4
887709,4.0,5
887713,3.0,4
887717,3.0,4
887722,4.0,5
887726,3.0,4
887730,3.0,4
887734,3.0,4
887739,4.0,5
887743,3.0,4
887747,3.0,4
887752,4.0,5
887756,3.0,4
887760,3.0,4
887764,3.0,4
887768,3.0,4
887772,3.0,4
887788,15.0,16
887792,3.0,4
887797,4.0,5
887802,4.0,5
887807,4.0,5
887812,4.0,5
887816,3.0,4
887821,4.0,5
887825,3.0,4
887829,3.0,4
887833,3.0,4
887838,4.0,5
887842,3.0,4
887847,4.0,5
887851,3.0,4
887856,4.0,5
887860,3.0,4
887865,4.0,5
887869,3.0,4
887874,4.0,5
887879,4.0,5
887883,3.0,4
887887,3.0,4
887891,3.0,4
887896,4.0,5
887900,3.0,4
887904,3.0,4
887909,4.0,5
887913,3.0,4
887917,3.0,4
887921,3.0,4
887926,4.0,5
887930,3.0,4
887934,3.0,4
887938,3.0,4
887942,3.0,4
887946,3.0,4
887951,4.0,5
887955,3.0,4
887959,3.0,4
887963,3.0,4
887967,3.0,4
887971,3.0,4
887976,4.0,5
887981,4.0,5
887985,3.0,4
887990,4.0,5
887994,3.0,4
887999,4.0,5
888003,3.0,4
888008,4.0,5
888012,3.0,4
888016,3.0,4
888020,3.0,4
888024,3.0,4
888028,3.0,4
888033,4.0,5
888038,4.0,5
888042,3.0,4
888046,3.0,4
888050,3.0,4
888054,3.0,4
888058,3.0,4
888062,3.0,4
888066,3.0,4
888070,3.0,4
888074,3.0,4
888078,3.0,4
888083,4.0,5
888087,3.0,4
888091,3.0,4
888096,4.0,5
888101,4.0,5
888105,3.0,4
888109,3.0,4
888114,4.0,5
888118,3.0,4
888122,3.0,4
888127,4.0,5
888131,3.0,4
888135,3.0,4
888139,3.0,4
888143,3.0,4
888147,3.0,4
888151,3.0,4
888156,4.0,5
888161,4.0,5
888165,3.0,4
888169,3.0,4
888173,3.0,4
888177,3.0,4
888181,3.0,4
888186,4.0,5
888190,3.0,4
888194,3.0,4
888198,3.0,4
888202,3.0,4
888206,3.0,4
888210,3.0,4
888214,3.0,4
888218,3.0,4
888222,3.0,4
888226,3.0,4
888230,3.0,4
888234,3.0,4
888238,3.0,4
888242,3.0,4
888246,3.0,4
888250,3.0,4
888254,3.0,4
888259,4.0,5
888263,3.0,4
888267,3.0,4
888272,4.0,5
888276,3.0,4
888281,4.0,5
888285,3.0,4
888289,3.0,4
888293,3.0,4
888297,3.0,4
888301,3.0,4
888305,3.0,4
888309,3.0,4
888313,3.0,4
888317,3.0,4
888322,4.0,5
888327,4.0,5
888332,4.0,5
888336,3.0,4
888340,3.0,4
888344,3.0,4
888348,3.0,4
888352,3.0,4
888357,4.0,5
888361,3.0,4
888365,3.0,4
888370,4.0,5
888374,3.0,4
888378,3.0,4
888383,4.0,5
888387,3.0,4
888392,4.0,5
888397,4.0,5
888401,3.0,4
888406,4.0,5
888410,3.0,4
888415,4.0,5
888419,3.0,4
888423,3.0,4
888427,3.0,4
888431,3.0,4
888436,4.0,5
888440,3.0,4
888444,3.0,4
888448,3.0,4
888452,3.0,4
888456,3.0,4
888461,4.0,5
888465,3.0,4
888469,3.0,4
888474,4.0,5
888478,3.0,4
888482,3.0,4
888487,4.0,5
888491,3.0,4
888495,3.0,4
888499,3.0,4
888503,3.0,4
888507,3.0,4
888511,3.0,4
888516,4.0,5
888520,3.0,4
888524,3.0,4
888528,3.0,4
888533,4.0,5
888537,3.0,4
888541,3.0,4
888545,3.0,4
888550,4.0,5
888554,3.0,4
888559,4.0,5
888563,3.0,4
888567,3.0,4
888572,4.0,5
888577,4.0,5
888581,3.0,4
888585,3.0,4
888589,3.0,4
888594,4.0,5
888598,3.0,4
888614,15.0,16
888618,3.0,4
888622,3.0,4
888626,3.0,4
888630,3.0,4
888634,3.0,4
888639,4.0,5
888643,3.0,4
888647,3.0,4
888651,3.0,4
888655,3.0,4
888660,4.0,5
888664,3.0,4
888668,3.0,4
888672,3.0,4
888677,4.0,5
888681,3.0,4
888685,3.0,4
888689,3.0,4
888693,3.0,4
888697,3.0,4
888702,4.0,5
888707,4.0,5
888712,4.0,5
888716,3.0,4
888720,3.0,4
888724,3.0,4
888728,3.0,4
888732,3.0,4
888736,3.0,4
888741,4.0,5
888746,4.0,5
888761,14.0,15
888766,4.0,5
888770,3.0,4
888774,3.0,4
888778,3.0,4
888782,3.0,4
888786,3.0,4
888790,3.0,4
888794,3.0,4
888798,3.0,4
888803,4.0,5
888808,4.0,5
888813,4.0,5
888818,4.0,5
888822,3.0,4
888826,3.0,4
888830,3.0,4
888834,3.0,4
888838,3.0,4
888843,4.0,5
888847,3.0,4
888851,3.0,4
888855,3.0,4
888860,4.0,5
888864,3.0,4
888868,3.0,4
888873,4.0,5
888877,3.0,4
888881,3.0,4
888886,4.0,5
888890,3.0,4
888894,3.0,4
888898,3.0,4
888902,3.0,4
888906,3.0,4
888910,3.0,4
888914,3.0,4
888918,3.0,4
888922,3.0,4
888926,3.0,4
888930,3.0,4
888934,3.0,4
888938,3.0,4
888942,3.0,4
888946,3.0,4
888950,3.0,4
888954,3.0,4
888958,3.0,4
888963,4.0,5
888967,3.0,4
888971,3.0,4
888975,3.0,4
888979,3.0,4
888983,3.0,4
888987,3.0,4
888991,3.0,4
888995,3.0,4
889000,4.0,5
889004,3.0,4
889008,3.0,4
889012,3.0,4
889016,3.0,4
889020,3.0,4
889025,4.0,5
889029,3.0,4
889033,3.0,4
889037,3.0,4
889041,3.0,4
889045,3.0,4
889049,3.0,4
889053,3.0,4
889057,3.0,4
889061,3.0,4
889065,3.0,4
889069,3.0,4
889073,3.0,4
889077,3.0,4
889081,3.0,4
889085,3.0,4
889089,3.0,4
889093,3.0,4
889098,4.0,5
889102,3.0,4
889106,3.0,4
889110,3.0,4
889114,3.0,4
889118,3.0,4
889122,3.0,4
889126,3.0,4
889130,3.0,4
889134,3.0,4
889138,3.0,4
889142,3.0,4
889146,3.0,4
889150,3.0,4
889155,4.0,5
889159,3.0,4
889163,3.0,4
889167,3.0,4
889171,3.0,4
889175,3.0,4
889179,3.0,4
889183,3.0,4
889187,3.0,4
889192,4.0,5
889196,3.0,4
889200,3.0,4
889204,3.0,4
889208,3.0,4
889212,3.0,4
889216,3.0,4
889220,3.0,4
889224,3.0,4
889228,3.0,4
889232,3.0,4
889236,3.0,4
889240,3.0,4
889244,3.0,4
889248,3.0,4
889252,3.0,4
889256,3.0,4
889260,3.0,4
889264,3.0,4
889268,3.0,4
889272,3.0,4
889276,3.0,4
889280,3.0,4
889284,3.0,4
889288,3.0,4
889292,3.0,4
889296,3.0,4
889300,3.0,4
889304,3.0,4
889308,3.0,4
889312,3.0,4
889316,3.0,4
889320,3.0,4
889324,3.0,4
889328,3.0,4
889332,3.0,4
889337,4.0,5
889341,3.0,4
889345,3.0,4
889349,3.0,4
889353,3.0,4
889357,3.0,4
889361,3.0,4
889365,3.0,4
889369,3.0,4
889373,3.0,4
889378,4.0,5
889383,4.0,5
889387,3.0,4
889391,3.0,4
889395,3.0,4
889399,3.0,4
889403,3.0,4
889407,3.0,4
889411,3.0,4
889415,3.0,4
889419,3.0,4
889423,3.0,4
889428,4.0,5
889432,3.0,4
889436,3.0,4
889441,4.0,5
889445,3.0,4
889449,3.0,4
889453,3.0,4
889457,3.0,4
889461,3.0,4
889465,3.0,4
889469,3.0,4
889473,3.0,4
889477,3.0,4
889481,3.0,4
889485,3.0,4
889489,3.0,4
889493,3.0,4
889497,3.0,4
889501,3.0,4
889505,3.0,4
889509,3.0,4
889513,3.0,4
889517,3.0,4
889521,3.0,4
889525,3.0,4
889529,3.0,4
889533,3.0,4
889537,3.0,4
889541,3.0,4
889545,3.0,4
889550,4.0,5
889554,3.0,4
889558,3.0,4
889562,3.0,4
889566,3.0,4
889570,3.0,4
889574,3.0,4
889578,3.0,4
889582,3.0,4
889586,3.0,4
889590,3.0,4
889594,3.0,4
889599,4.0,5
889603,3.0,4
889607,3.0,4
889611,3.0,4
889615,3.0,4
889619,3.0,4
889623,3.0,4
889627,3.0,4
889631,3.0,4
889635,3.0,4
889639,3.0,4
889644,4.0,5
889648,3.0,4
889652,3.0,4
889656,3.0,4
889660,3.0,4
889664,3.0,4
889668,3.0,4
889672,3.0,4
889676,3.0,4
889680,3.0,4
889684,3.0,4
889689,4.0,5
889693,3.0,4
889697,3.0,4
889701,3.0,4
889705,3.0,4
889709,3.0,4
889713,3.0,4
889717,3.0,4
889721,3.0,4
889725,3.0,4
889729,3.0,4
889734,4.0,5
889738,3.0,4
889742,3.0,4
889746,3.0,4
889750,3.0,4
889754,3.0,4
889758,3.0,4
889762,3.0,4
889766,3.0,4
889770,3.0,4
889774,3.0,4
889778,3.0,4
889782,3.0,4
889786,3.0,4
889790,3.0,4
889794,3.0,4
889798,3.0,4
889802,3.0,4
889806,3.0,4
889810,3.0,4
889815,4.0,5
889819,3.0,4
889823,3.0,4
889827,3.0,4
889831,3.0,4
889835,3.0,4
889839,3.0,4
889843,3.0,4
889847,3.0,4
889851,3.0,4
889855,3.0,4
889859,3.0,4
889863,3.0,4
889867,3.0,4
889871,3.0,4
889875,3.0,4
889879,3.0,4
889883,3.0,4
889887,3.0,4
889891,3.0,4
889896,4.0,5
889900,3.0,4
889904,3.0,4
889908,3.0,4
889912,3.0,4
889916,3.0,4
889920,3.0,4
889925,4.0,5
889929,3.0,4
889933,3.0,4
889937,3.0,4
889941,3.0,4
889946,4.0,5
889950,3.0,4
889954,3.0,4
889959,4.0,5
889963,3.0,4
889967,3.0,4
889971,3.0,4
889975,3.0,4
889979,3.0,4
889983,3.0,4
889987,3.0,4
889992,4.0,5
889996,3.0,4
890000,3.0,4
890004,3.0,4
890008,3.0,4
890012,3.0,4
890016,3.0,4
890020,3.0,4
890024,3.0,4
890028,3.0,4
890033,4.0,5
890037,3.0,4
890041,3.0,4
890045,3.0,4
890049,3.0,4
890053,3.0,4
890058,4.0,5
890062,3.0,4
890066,3.0,4
890070,3.0,4
890074,3.0,4
890078,3.0,4
890082,3.0,4
890086,3.0,4
890090,3.0,4
890094,3.0,4
890098,3.0,4
890102,3.0,4
890106,3.0,4
890110,3.0,4
890114,3.0,4
890118,3.0,4
890122,3.0,4
890126,3.0,4
890130,3.0,4
890135,4.0,5
890139,3.0,4
890143,3.0,4
890147,3.0,4
890151,3.0,4
890155,3.0,4
890159,3.0,4
890164,4.0,5
890168,3.0,4
890172,3.0,4
890176,3.0,4
890180,3.0,4
890184,3.0,4
890189,4.0,5
890193,3.0,4
890197,3.0,4
890201,3.0,4
890205,3.0,4
890210,4.0,5
890214,3.0,4
890218,3.0,4
890222,3.0,4
890226,3.0,4
890230,3.0,4
890234,3.0,4
890239,4.0,5
890243,3.0,4
890247,3.0,4
890251,3.0,4
890255,3.0,4
890259,3.0,4
890264,4.0,5
890268,3.0,4
890272,3.0,4
890276,3.0,4
890280,3.0,4
890284,3.0,4
890288,3.0,4
890292,3.0,4
890296,3.0,4
890301,4.0,5
890306,4.0,5
890310,3.0,4
890314,3.0,4
890318,3.0,4
890322,3.0,4
890326,3.0,4
890330,3.0,4
890334,3.0,4
890338,3.0,4
890342,3.0,4
890347,4.0,5
890351,3.0,4
890355,3.0,4
890359,3.0,4
890364,4.0,5
890368,3.0,4
890372,3.0,4
890376,3.0,4
890380,3.0,4
890384,3.0,4
890388,3.0,4
890392,3.0,4
890396,3.0,4
890400,3.0,4
890404,3.0,4
890408,3.0,4
890412,3.0,4
890416,3.0,4
890421,4.0,5
890425,3.0,4
890429,3.0,4
890433,3.0,4
890437,3.0,4
890441,3.0,4
890445,3.0,4
890449,3.0,4
890453,3.0,4
890457,3.0,4
890461,3.0,4
890465,3.0,4
890469,3.0,4
890474,4.0,5
890478,3.0,4
890482,3.0,4
890486,3.0,4
890490,3.0,4
890494,3.0,4
890498,3.0,4
890503,4.0,5
890507,3.0,4
890511,3.0,4
890515,3.0,4
890519,3.0,4
890523,3.0,4
890527,3.0,4
890531,3.0,4
890535,3.0,4
890539,3.0,4
890543,3.0,4
890548,4.0,5
890552,3.0,4
890556,3.0,4
890560,3.0,4
890564,3.0,4
890568,3.0,4
890573,4.0,5
890577,3.0,4
890582,4.0,5
890587,4.0,5
890592,4.0,5
890596,3.0,4
890600,3.0,4
890604,3.0,4
890608,3.0,4
890612,3.0,4
890616,3.0,4
890620,3.0,4
890624,3.0,4
890628,3.0,4
890632,3.0,4
890636,3.0,4
890641,4.0,5
890645,3.0,4
890649,3.0,4
890653,3.0,4
890657,3.0,4
890661,3.0,4
890665,3.0,4
890669,3.0,4
890673,3.0,4
890677,3.0,4
890681,3.0,4
890685,3.0,4
890689,3.0,4
890693,3.0,4
890697,3.0,4
890701,3.0,4
890705,3.0,4
890709,3.0,4
890713,3.0,4
890717,3.0,4
890721,3.0,4
890725,3.0,4
890729,3.0,4
890733,3.0,4
890737,3.0,4
890741,3.0,4
890745,3.0,4
890749,3.0,4
890753,3.0,4
890757,3.0,4
890761,3.0,4
890765,3.0,4
890769,3.0,4
890773,3.0,4
890777,3.0,4
890781,3.0,4
890785,3.0,4
890789,3.0,4
890793,3.0,4
890798,4.0,5
890802,3.0,4
890806,3.0,4
890810,3.0,4
890814,3.0,4
890818,3.0,4
890822,3.0,4
890826,3.0,4
890830,3.0,4
890834,3.0,4
890838,3.0,4
890842,3.0,4
890846,3.0,4
890851,4.0,5
890855,3.0,4
890859,3.0,4
890863,3.0,4
890867,3.0,4
890871,3.0,4
890875,3.0,4
890880,4.0,5
890884,3.0,4
890888,3.0,4
890892,3.0,4
890897,4.0,5
890901,3.0,4
890905,3.0,4
890909,3.0,4
890913,3.0,4
890917,3.0,4
890921,3.0,4
890925,3.0,4
890929,3.0,4
890933,3.0,4
890938,4.0,5
890942,3.0,4
890946,3.0,4
890950,3.0,4
890954,3.0,4
890958,3.0,4
890962,3.0,4
890966,3.0,4
890970,3.0,4
890974,3.0,4
890978,3.0,4
890982,3.0,4
890986,3.0,4
890991,4.0,5
890995,3.0,4
890999,3.0,4
891003,3.0,4
891007,3.0,4
891011,3.0,4
891015,3.0,4
891019,3.0,4
891023,3.0,4
891027,3.0,4
891031,3.0,4
891035,3.0,4
891039,3.0,4
891043,3.0,4
891047,3.0,4
891051,3.0,4
891056,4.0,5
891060,3.0,4
891064,3.0,4
891068,3.0,4
891072,3.0,4
891076,3.0,4
891081,4.0,5
891085,3.0,4
891089,3.0,4
891093,3.0,4
891097,3.0,4
891101,3.0,4
891105,3.0,4
891109,3.0,4
891113,3.0,4
891117,3.0,4
891121,3.0,4
891125,3.0,4
891130,4.0,5
891134,3.0,4
891138,3.0,4
891142,3.0,4
891146,3.0,4
891150,3.0,4
891154,3.0,4
891158,3.0,4
891162,3.0,4
891166,3.0,4
891170,3.0,4
891175,4.0,5
891179,3.0,4
891183,3.0,4
891187,3.0,4
891192,4.0,5
891196,3.0,4
891200,3.0,4
891204,3.0,4
891208,3.0,4
891212,3.0,4
891217,4.0,5
891222,4.0,5
891226,3.0,4
891231,4.0,5
891235,3.0,4
891239,3.0,4
891243,3.0,4
891248,4.0,5
891252,3.0,4
891256,3.0,4
891260,3.0,4
891264,3.0,4
891268,3.0,4
891272,3.0,4
891276,3.0,4
891280,3.0,4
891284,3.0,4
891288,3.0,4
891292,3.0,4
891296,3.0,4
891300,3.0,4
891305,4.0,5
891309,3.0,4
891314,4.0,5
891318,3.0,4
891323,4.0,5
891327,3.0,4
891332,4.0,5
891336,3.0,4
891340,3.0,4
891344,3.0,4
891348,3.0,4
891352,3.0,4
891357,4.0,5
891361,3.0,4
891365,3.0,4
891370,4.0,5
891374,3.0,4
891379,4.0,5
891383,3.0,4
891387,3.0,4
891391,3.0,4
891395,3.0,4
891399,3.0,4
891404,4.0,5
891408,3.0,4
891412,3.0,4
891416,3.0,4
891420,3.0,4
891424,3.0,4
891428,3.0,4
891432,3.0,4
891436,3.0,4
891440,3.0,4
891444,3.0,4
891449,4.0,5
891453,3.0,4
891457,3.0,4
891461,3.0,4
891465,3.0,4
891469,3.0,4
891473,3.0,4
891477,3.0,4
891481,3.0,4
891485,3.0,4
891489,3.0,4
891493,3.0,4
891497,3.0,4
891501,3.0,4
891505,3.0,4
891509,3.0,4
891513,3.0,4
891517,3.0,4
891521,3.0,4
891525,3.0,4
891529,3.0,4
891533,3.0,4
891537,3.0,4
891541,3.0,4
891545,3.0,4
891549,3.0,4
891553,3.0,4
891557,3.0,4
891561,3.0,4
891565,3.0,4
891569,3.0,4
891573,3.0,4
891577,3.0,4
891581,3.0,4
891586,4.0,5
891591,4.0,5
891595,3.0,4
891599,3.0,4
891603,3.0,4
891607,3.0,4
891611,3.0,4
891615,3.0,4
891619,3.0,4
891623,3.0,4
891627,3.0,4
891631,3.0,4
891636,4.0,5
891641,4.0,5
891645,3.0,4
891649,3.0,4
891653,3.0,4
891657,3.0,4
891661,3.0,4
891665,3.0,4
891669,3.0,4
891673,3.0,4
891677,3.0,4
891681,3.0,4
891686,4.0,5
891690,3.0,4
891695,4.0,5
891699,3.0,4
891703,3.0,4
891707,3.0,4
891711,3.0,4
891715,3.0,4
891720,4.0,5
891724,3.0,4
891728,3.0,4
891732,3.0,4
891736,3.0,4
891740,3.0,4
891744,3.0,4
891749,4.0,5
891753,3.0,4
891757,3.0,4
891761,3.0,4
891765,3.0,4
891769,3.0,4
891773,3.0,4
891777,3.0,4
891781,3.0,4
891785,3.0,4
891789,3.0,4
891793,3.0,4
891797,3.0,4
891801,3.0,4
891805,3.0,4
891810,4.0,5
891814,3.0,4
891818,3.0,4
891822,3.0,4
891826,3.0,4
891830,3.0,4
891834,3.0,4
891838,3.0,4
891843,4.0,5
891847,3.0,4
891851,3.0,4
891856,4.0,5
891860,3.0,4
891864,3.0,4
891868,3.0,4
891872,3.0,4
891876,3.0,4
891880,3.0,4
891884,3.0,4
891888,3.0,4
891892,3.0,4
891896,3.0,4
891900,3.0,4
891904,3.0,4
891908,3.0,4
891912,3.0,4
891916,3.0,4
891920,3.0,4
891925,4.0,5
891929,3.0,4
891933,3.0,4
891937,3.0,4
891941,3.0,4
891945,3.0,4
891949,3.0,4
891953,3.0,4
891957,3.0,4
891961,3.0,4
891965,3.0,4
891969,3.0,4
891974,4.0,5
891978,3.0,4
891982,3.0,4
891986,3.0,4
891990,3.0,4
891994,3.0,4
891999,4.0,5
892003,3.0,4
892007,3.0,4
892011,3.0,4
892015,3.0,4
892019,3.0,4
892023,3.0,4
892027,3.0,4
892031,3.0,4
892035,3.0,4
892039,3.0,4
892043,3.0,4
892047,3.0,4
892051,3.0,4
892055,3.0,4
892059,3.0,4
892063,3.0,4
892067,3.0,4
892071,3.0,4
892075,3.0,4
892079,3.0,4
892083,3.0,4
892088,4.0,5
892092,3.0,4
892096,3.0,4
892100,3.0,4
892104,3.0,4
892108,3.0,4
892112,3.0,4
892117,4.0,5
892121,3.0,4
892125,3.0,4
892129,3.0,4
892133,3.0,4
892137,3.0,4
892141,3.0,4
892145,3.0,4
892149,3.0,4
892153,3.0,4
892157,3.0,4
892161,3.0,4
892165,3.0,4
892169,3.0,4
892173,3.0,4
892177,3.0,4
892181,3.0,4
892185,3.0,4
892189,3.0,4
892193,3.0,4
892197,3.0,4
892201,3.0,4
892205,3.0,4
892209,3.0,4
892213,3.0,4
892217,3.0,4
892221,3.0,4
892225,3.0,4
892230,4.0,5
892234,3.0,4
892238,3.0,4
892242,3.0,4
892246,3.0,4
892250,3.0,4
892254,3.0,4
892258,3.0,4
892262,3.0,4
892266,3.0,4
892270,3.0,4
892275,4.0,5
892279,3.0,4
892283,3.0,4
892287,3.0,4
892291,3.0,4
892295,3.0,4
892299,3.0,4
892303,3.0,4
892308,4.0,5
892312,3.0,4
892316,3.0,4
892320,3.0,4
892324,3.0,4
892328,3.0,4
892332,3.0,4
892336,3.0,4
892340,3.0,4
892344,3.0,4
892348,3.0,4
892352,3.0,4
892356,3.0,4
892360,3.0,4
892364,3.0,4
892368,3.0,4
892372,3.0,4
892376,3.0,4
892380,3.0,4
892384,3.0,4
892388,3.0,4
892392,3.0,4
892396,3.0,4
892400,3.0,4
892404,3.0,4
892409,4.0,5
892413,3.0,4
892417,3.0,4
892421,3.0,4
892425,3.0,4
892429,3.0,4
892433,3.0,4
892437,3.0,4
892441,3.0,4
892445,3.0,4
892449,3.0,4
892453,3.0,4
892457,3.0,4
892462,4.0,5
892466,3.0,4
892470,3.0,4
892474,3.0,4
892478,3.0,4
892482,3.0,4
892486,3.0,4
892490,3.0,4
892494,3.0,4
892498,3.0,4
892502,3.0,4
892506,3.0,4
892510,3.0,4
892514,3.0,4
892518,3.0,4
892522,3.0,4
892526,3.0,4
892530,3.0,4
892534,3.0,4
892538,3.0,4
892542,3.0,4
892546,3.0,4
892550,3.0,4
892555,4.0,5
892559,3.0,4
892563,3.0,4
892567,3.0,4
892571,3.0,4
892575,3.0,4
892579,3.0,4
892583,3.0,4
892587,3.0,4
892591,3.0,4
892595,3.0,4
892600,4.0,5
892604,3.0,4
892608,3.0,4
892612,3.0,4
892616,3.0,4
892620,3.0,4
892624,3.0,4
892628,3.0,4
892632,3.0,4
892636,3.0,4
892640,3.0,4
892644,3.0,4
892649,4.0,5
892653,3.0,4
892657,3.0,4
892662,4.0,5
892666,3.0,4
892670,3.0,4
892675,4.0,5
892679,3.0,4
892683,3.0,4
892688,4.0,5
892692,3.0,4
892696,3.0,4
892701,4.0,5
892705,3.0,4
892709,3.0,4
892713,3.0,4
892717,3.0,4
892721,3.0,4
892726,4.0,5
892730,3.0,4
892734,3.0,4
892738,3.0,4
892742,3.0,4
892746,3.0,4
892751,4.0,5
892755,3.0,4
892759,3.0,4
892764,4.0,5
892768,3.0,4
892772,3.0,4
892776,3.0,4
892780,3.0,4
892784,3.0,4
892789,4.0,5
892793,3.0,4
892797,3.0,4
892801,3.0,4
892805,3.0,4
892809,3.0,4
892813,3.0,4
892817,3.0,4
892821,3.0,4
892825,3.0,4
892829,3.0,4
892833,3.0,4
892837,3.0,4
892841,3.0,4
892845,3.0,4
892850,4.0,5
892854,3.0,4
892858,3.0,4
892862,3.0,4
892866,3.0,4
892870,3.0,4
892874,3.0,4
892878,3.0,4
892883,4.0,5
892887,3.0,4
892891,3.0,4
892895,3.0,4
892899,3.0,4
892903,3.0,4
892907,3.0,4
892911,3.0,4
892915,3.0,4
892919,3.0,4
892923,3.0,4
892927,3.0,4
892931,3.0,4
892935,3.0,4
892939,3.0,4
892943,3.0,4
892947,3.0,4
892951,3.0,4
892955,3.0,4
892959,3.0,4
892963,3.0,4
892967,3.0,4
892971,3.0,4
892975,3.0,4
892979,3.0,4
892983,3.0,4
892987,3.0,4
892992,4.0,5
892996,3.0,4
893000,3.0,4
893004,3.0,4
893008,3.0,4
893012,3.0,4
893016,3.0,4
893020,3.0,4
893024,3.0,4
893028,3.0,4
893032,3.0,4
893036,3.0,4
893040,3.0,4
893044,3.0,4
893048,3.0,4
893052,3.0,4
893056,3.0,4
893061,4.0,5
893065,3.0,4
893069,3.0,4
893073,3.0,4
893077,3.0,4
893081,3.0,4
893085,3.0,4
893089,3.0,4
893093,3.0,4
893097,3.0,4
893101,3.0,4
893106,4.0,5
893110,3.0,4
893114,3.0,4
893118,3.0,4
893122,3.0,4
893127,4.0,5
893131,3.0,4
893135,3.0,4
893139,3.0,4
893143,3.0,4
893147,3.0,4
893151,3.0,4
893155,3.0,4
893159,3.0,4
893163,3.0,4
893167,3.0,4
893171,3.0,4
893176,4.0,5
893180,3.0,4
893185,4.0,5
893189,3.0,4
893193,3.0,4
893197,3.0,4
893201,3.0,4
893205,3.0,4
893209,3.0,4
893213,3.0,4
893217,3.0,4
893221,3.0,4
893225,3.0,4
893229,3.0,4
893233,3.0,4
893237,3.0,4
893241,3.0,4
893245,3.0,4
893249,3.0,4
893253,3.0,4
893257,3.0,4
893261,3.0,4
893265,3.0,4
893269,3.0,4
893273,3.0,4
893278,4.0,5
893283,4.0,5
893287,3.0,4
893291,3.0,4
893296,4.0,5
893300,3.0,4
893304,3.0,4
893308,3.0,4
893312,3.0,4
893316,3.0,4
893320,3.0,4
893324,3.0,4
893329,4.0,5
893333,3.0,4
893337,3.0,4
893341,3.0,4
893345,3.0,4
893349,3.0,4
893353,3.0,4
893357,3.0,4
893361,3.0,4
893365,3.0,4
893370,4.0,5
893374,3.0,4
893378,3.0,4
893382,3.0,4
893386,3.0,4
893390,3.0,4
893394,3.0,4
893398,3.0,4
893402,3.0,4
893406,3.0,4
893410,3.0,4
893414,3.0,4
893418,3.0,4
893422,3.0,4
893426,3.0,4
893430,3.0,4
893434,3.0,4
893438,3.0,4
893442,3.0,4
893446,3.0,4
893450,3.0,4
893454,3.0,4
893458,3.0,4
893462,3.0,4
893466,3.0,4
893470,3.0,4
893474,3.0,4
893478,3.0,4
893482,3.0,4
893486,3.0,4
893490,3.0,4
893494,3.0,4
893498,3.0,4
893502,3.0,4
893506,3.0,4
893510,3.0,4
893514,3.0,4
893518,3.0,4
893522,3.0,4
893526,3.0,4
893530,3.0,4
893534,3.0,4
893538,3.0,4
893542,3.0,4
893546,3.0,4
893550,3.0,4
893554,3.0,4
893558,3.0,4
893562,3.0,4
893566,3.0,4
893570,3.0,4
893574,3.0,4
893578,3.0,4
893582,3.0,4
893586,3.0,4
893590,3.0,4
893595,4.0,5
893599,3.0,4
893603,3.0,4
893607,3.0,4
893611,3.0,4
893615,3.0,4
893619,3.0,4
893623,3.0,4
893627,3.0,4
893631,3.0,4
893635,3.0,4
893639,3.0,4
893643,3.0,4
893647,3.0,4
893651,3.0,4
893655,3.0,4
893659,3.0,4
893663,3.0,4
893667,3.0,4
893671,3.0,4
893675,3.0,4
893679,3.0,4
893683,3.0,4
893687,3.0,4
893691,3.0,4
893695,3.0,4
893699,3.0,4
893703,3.0,4
893707,3.0,4
893711,3.0,4
893715,3.0,4
893719,3.0,4
893724,4.0,5
893728,3.0,4
893732,3.0,4
893736,3.0,4
893740,3.0,4
893744,3.0,4
893749,4.0,5
893753,3.0,4
893757,3.0,4
893761,3.0,4
893766,4.0,5
893770,3.0,4
893774,3.0,4
893778,3.0,4
893782,3.0,4
893786,3.0,4
893790,3.0,4
893794,3.0,4
893798,3.0,4
893802,3.0,4
893806,3.0,4
893810,3.0,4
893814,3.0,4
893818,3.0,4
893822,3.0,4
893826,3.0,4
893830,3.0,4
893834,3.0,4
893838,3.0,4
893842,3.0,4
893846,3.0,4
893850,3.0,4
893854,3.0,4
893859,4.0,5
893863,3.0,4
893867,3.0,4
893871,3.0,4
893875,3.0,4
893879,3.0,4
893883,3.0,4
893887,3.0,4
893891,3.0,4
893895,3.0,4
893899,3.0,4
893903,3.0,4
893907,3.0,4
893911,3.0,4
893915,3.0,4
893919,3.0,4
893923,3.0,4
893927,3.0,4
893931,3.0,4
893935,3.0,4
893939,3.0,4
893943,3.0,4
893947,3.0,4
893951,3.0,4
893955,3.0,4
893959,3.0,4
893963,3.0,4
893967,3.0,4
893971,3.0,4
893975,3.0,4
893979,3.0,4
893983,3.0,4
893988,4.0,5
893992,3.0,4
893996,3.0,4
894000,3.0,4
894004,3.0,4
894008,3.0,4
894012,3.0,4
894016,3.0,4
894020,3.0,4
894024,3.0,4
894029,4.0,5
894033,3.0,4
894038,4.0,5
894043,4.0,5
894047,3.0,4
894051,3.0,4
894056,4.0,5
894060,3.0,4
894064,3.0,4
894069,4.0,5
894073,3.0,4
894077,3.0,4
894081,3.0,4
894085,3.0,4
894089,3.0,4
894093,3.0,4
894097,3.0,4
894101,3.0,4
894105,3.0,4
894109,3.0,4
894113,3.0,4
894117,3.0,4
894121,3.0,4
894125,3.0,4
894129,3.0,4
894133,3.0,4
894137,3.0,4
894141,3.0,4
894145,3.0,4
894150,4.0,5
894154,3.0,4
894158,3.0,4
894162,3.0,4
894166,3.0,4
894170,3.0,4
894174,3.0,4
894179,4.0,5
894183,3.0,4
894187,3.0,4
894191,3.0,4
894195,3.0,4
894199,3.0,4
894204,4.0,5
894208,3.0,4
894212,3.0,4
894216,3.0,4
894220,3.0,4
894224,3.0,4
894228,3.0,4
894232,3.0,4
894236,3.0,4
894240,3.0,4
894244,3.0,4
894248,3.0,4
894252,3.0,4
894256,3.0,4
894260,3.0,4
894264,3.0,4
894268,3.0,4
894272,3.0,4
894276,3.0,4
894280,3.0,4
894284,3.0,4
894288,3.0,4
894292,3.0,4
894297,4.0,5
894301,3.0,4
894305,3.0,4
894309,3.0,4
894313,3.0,4
894317,3.0,4
894322,4.0,5
894326,3.0,4
894330,3.0,4
894334,3.0,4
894338,3.0,4
894342,3.0,4
894346,3.0,4
894350,3.0,4
894354,3.0,4
894358,3.0,4
894362,3.0,4
894367,4.0,5
894372,4.0,5
894377,4.0,5
894381,3.0,4
894386,4.0,5
894390,3.0,4
894394,3.0,4
894398,3.0,4
894402,3.0,4
894407,4.0,5
894411,3.0,4
894415,3.0,4
894420,4.0,5
894424,3.0,4
894428,3.0,4
894432,3.0,4
894436,3.0,4
894440,3.0,4
894444,3.0,4
894448,3.0,4
894452,3.0,4
894456,3.0,4
894460,3.0,4
894464,3.0,4
894468,3.0,4
894472,3.0,4
894477,4.0,5
894482,4.0,5
894486,3.0,4
894490,3.0,4
894494,3.0,4
894498,3.0,4
894502,3.0,4
894506,3.0,4
894510,3.0,4
894514,3.0,4
894518,3.0,4
894522,3.0,4
894526,3.0,4
894530,3.0,4
894535,4.0,5
894539,3.0,4
894543,3.0,4
894547,3.0,4
894552,4.0,5
894556,3.0,4
894560,3.0,4
894565,4.0,5
894569,3.0,4
894573,3.0,4
894577,3.0,4
894581,3.0,4
894585,3.0,4
894589,3.0,4
894593,3.0,4
894597,3.0,4
894601,3.0,4
894605,3.0,4
894610,4.0,5
894614,3.0,4
894619,4.0,5
894623,3.0,4
894627,3.0,4
894632,4.0,5
894636,3.0,4
894640,3.0,4
894644,3.0,4
894648,3.0,4
894652,3.0,4
894656,3.0,4
894660,3.0,4
894664,3.0,4
894668,3.0,4
894672,3.0,4
894676,3.0,4
894680,3.0,4
894684,3.0,4
894688,3.0,4
894692,3.0,4
894696,3.0,4
894701,4.0,5
894705,3.0,4
894709,3.0,4
894713,3.0,4
894717,3.0,4
894721,3.0,4
894725,3.0,4
894729,3.0,4
894733,3.0,4
894737,3.0,4
894741,3.0,4
894745,3.0,4
894749,3.0,4
894753,3.0,4
894757,3.0,4
894761,3.0,4
894765,3.0,4
894769,3.0,4
894773,3.0,4
894777,3.0,4
894781,3.0,4
894785,3.0,4
894789,3.0,4
894794,4.0,5
894798,3.0,4
894802,3.0,4
894806,3.0,4
894810,3.0,4
894814,3.0,4
894818,3.0,4
894822,3.0,4
894826,3.0,4
894831,4.0,5
894835,3.0,4
894840,4.0,5
894844,3.0,4
894848,3.0,4
894852,3.0,4
894856,3.0,4
894860,3.0,4
894864,3.0,4
894868,3.0,4
894872,3.0,4
894876,3.0,4
894880,3.0,4
894884,3.0,4
894888,3.0,4
894892,3.0,4
894896,3.0,4
894900,3.0,4
894904,3.0,4
894909,4.0,5
894913,3.0,4
894917,3.0,4
894921,3.0,4
894925,3.0,4
894929,3.0,4
894933,3.0,4
894937,3.0,4
894941,3.0,4
894945,3.0,4
894949,3.0,4
894953,3.0,4
894957,3.0,4
894961,3.0,4
894965,3.0,4
894969,3.0,4
894973,3.0,4
894977,3.0,4
894981,3.0,4
894985,3.0,4
894989,3.0,4
894993,3.0,4
894997,3.0,4
895001,3.0,4
895005,3.0,4
895009,3.0,4
895013,3.0,4
895017,3.0,4
895021,3.0,4
895025,3.0,4
895029,3.0,4
895033,3.0,4
895037,3.0,4
895041,3.0,4
895045,3.0,4
895049,3.0,4
895053,3.0,4
895058,4.0,5
895062,3.0,4
895066,3.0,4
895071,4.0,5
895075,3.0,4
895079,3.0,4
895084,4.0,5
895088,3.0,4
895092,3.0,4
895096,3.0,4
895100,3.0,4
895104,3.0,4
895108,3.0,4
895112,3.0,4
895116,3.0,4
895121,4.0,5
895125,3.0,4
895130,4.0,5
895134,3.0,4
895139,4.0,5
895143,3.0,4
895147,3.0,4
895151,3.0,4
895155,3.0,4
895159,3.0,4
895163,3.0,4
895167,3.0,4
895171,3.0,4
895175,3.0,4
895179,3.0,4
895183,3.0,4
895187,3.0,4
895191,3.0,4
895195,3.0,4
895199,3.0,4
895203,3.0,4
895208,4.0,5
895212,3.0,4
895217,4.0,5
895221,3.0,4
895225,3.0,4
895229,3.0,4
895234,4.0,5
895238,3.0,4
895242,3.0,4
895247,4.0,5
895251,3.0,4
895255,3.0,4
895259,3.0,4
895263,3.0,4
895267,3.0,4
895271,3.0,4
895275,3.0,4
895280,4.0,5
895284,3.0,4
895288,3.0,4
895292,3.0,4
895296,3.0,4
895300,3.0,4
895305,4.0,5
895309,3.0,4
895313,3.0,4
895318,4.0,5
895322,3.0,4
895327,4.0,5
895331,3.0,4
895335,3.0,4
895340,4.0,5
895345,4.0,5
895349,3.0,4
895354,4.0,5
895359,4.0,5
895363,3.0,4
895367,3.0,4
895371,3.0,4
895375,3.0,4
895379,3.0,4
895384,4.0,5
895388,3.0,4
895392,3.0,4
895397,4.0,5
895401,3.0,4
895405,3.0,4
895410,4.0,5
895414,3.0,4
895419,4.0,5
895423,3.0,4
895428,4.0,5
895432,3.0,4
895436,3.0,4
895441,4.0,5
895446,4.0,5
895450,3.0,4
895454,3.0,4
895458,3.0,4
895463,4.0,5
895467,3.0,4
895471,3.0,4
895476,4.0,5
895480,3.0,4
895485,4.0,5
895489,3.0,4
895493,3.0,4
895497,3.0,4
895501,3.0,4
895506,4.0,5
895511,4.0,5
895515,3.0,4
895520,4.0,5
895524,3.0,4
895529,4.0,5
895533,3.0,4
895537,3.0,4
895541,3.0,4
895546,4.0,5
895550,3.0,4
895555,4.0,5
895560,4.0,5
895565,4.0,5
895570,4.0,5
895574,3.0,4
895578,3.0,4
895583,4.0,5
895587,3.0,4
895592,4.0,5
895597,4.0,5
895601,3.0,4
895606,4.0,5
895610,3.0,4
895615,4.0,5
895619,3.0,4
895623,3.0,4
895627,3.0,4
895631,3.0,4
895635,3.0,4
895640,4.0,5
895644,3.0,4
895648,3.0,4
895653,4.0,5
895658,4.0,5
895662,3.0,4
895667,4.0,5
895672,4.0,5
895676,3.0,4
895681,4.0,5
895686,4.0,5
895690,3.0,4
895694,3.0,4
895699,4.0,5
895703,3.0,4
895707,3.0,4
895711,3.0,4
895716,4.0,5
895720,3.0,4
895724,3.0,4
895729,4.0,5
895745,15.0,16
895749,3.0,4
895753,3.0,4
895757,3.0,4
895762,4.0,5
895766,3.0,4
895770,3.0,4
895774,3.0,4
895778,3.0,4
895782,3.0,4
895786,3.0,4
895790,3.0,4
895794,3.0,4
895799,4.0,5
895803,3.0,4
895807,3.0,4
895811,3.0,4
895815,3.0,4
895820,4.0,5
895824,3.0,4
895828,3.0,4
895832,3.0,4
895836,3.0,4
895841,4.0,5
895846,4.0,5
895850,3.0,4
895854,3.0,4
895858,3.0,4
895862,3.0,4
895866,3.0,4
895870,3.0,4
895874,3.0,4
895878,3.0,4
895882,3.0,4
895886,3.0,4
895890,3.0,4
895895,4.0,5
895900,4.0,5
895905,4.0,5
895910,4.0,5
895914,3.0,4
895918,3.0,4
895922,3.0,4
895927,4.0,5
895931,3.0,4
895935,3.0,4
895939,3.0,4
895943,3.0,4
895947,3.0,4
895951,3.0,4
895955,3.0,4
895959,3.0,4
895963,3.0,4
895967,3.0,4
895971,3.0,4
895975,3.0,4
895979,3.0,4
895983,3.0,4
895988,4.0,5
895993,4.0,5
895998,4.0,5
896002,3.0,4
896006,3.0,4
896010,3.0,4
896014,3.0,4
896019,4.0,5
896023,3.0,4
896028,4.0,5
896032,3.0,4
896036,3.0,4
896040,3.0,4
896044,3.0,4
896048,3.0,4
896053,4.0,5
896058,4.0,5
896063,4.0,5
896067,3.0,4
896072,4.0,5
896076,3.0,4
896080,3.0,4
896084,3.0,4
896088,3.0,4
896092,3.0,4
896096,3.0,4
896101,4.0,5
896105,3.0,4
896109,3.0,4
896113,3.0,4
896118,4.0,5
896123,4.0,5
896127,3.0,4
896131,3.0,4
896147,15.0,16
896151,3.0,4
896155,3.0,4
896159,3.0,4
896163,3.0,4
896168,4.0,5
896172,3.0,4
896177,4.0,5
896181,3.0,4
896185,3.0,4
896189,3.0,4
896193,3.0,4
896197,3.0,4
896201,3.0,4
896205,3.0,4
896209,3.0,4
896214,4.0,5
896218,3.0,4
896222,3.0,4
896226,3.0,4
896230,3.0,4
896234,3.0,4
896250,15.0,16
896254,3.0,4
896259,4.0,5
896263,3.0,4
896267,3.0,4
896271,3.0,4
896275,3.0,4
896279,3.0,4
896283,3.0,4
896287,3.0,4
896291,3.0,4
896295,3.0,4
896299,3.0,4
896303,3.0,4
896308,4.0,5
896312,3.0,4
896317,4.0,5
896321,3.0,4
896325,3.0,4
896329,3.0,4
896333,3.0,4
896338,4.0,5
896342,3.0,4
896346,3.0,4
896351,4.0,5
896355,3.0,4
896359,3.0,4
896363,3.0,4
896367,3.0,4
896371,3.0,4
896376,4.0,5
896380,3.0,4
896384,3.0,4
896389,4.0,5
896393,3.0,4
896397,3.0,4
896401,3.0,4
896406,4.0,5
896410,3.0,4
896415,4.0,5
896420,4.0,5
896424,3.0,4
896428,3.0,4
896433,4.0,5
896437,3.0,4
896442,4.0,5
896446,3.0,4
896451,4.0,5
896455,3.0,4
896459,3.0,4
896464,4.0,5
896468,3.0,4
896473,4.0,5
896477,3.0,4
896482,4.0,5
896486,3.0,4
896490,3.0,4
896494,3.0,4
896499,4.0,5
896504,4.0,5
896509,4.0,5
896513,3.0,4
896517,3.0,4
896521,3.0,4
896526,4.0,5
896530,3.0,4
896534,3.0,4
896550,15.0,16
896554,3.0,4
896559,4.0,5
896563,3.0,4
896568,4.0,5
896572,3.0,4
896576,3.0,4
896580,3.0,4
896584,3.0,4
896588,3.0,4
896592,3.0,4
896596,3.0,4
896600,3.0,4
896604,3.0,4
896608,3.0,4
896612,3.0,4
896616,3.0,4
896621,4.0,5
896625,3.0,4
896630,4.0,5
896634,3.0,4
896638,3.0,4
896642,3.0,4
896647,4.0,5
896652,4.0,5
896657,4.0,5
896661,3.0,4
896666,4.0,5
896670,3.0,4
896675,4.0,5
896679,3.0,4
896683,3.0,4
896687,3.0,4
896691,3.0,4
896695,3.0,4
896699,3.0,4
896703,3.0,4
896707,3.0,4
896711,3.0,4
896716,4.0,5
896720,3.0,4
896724,3.0,4
896728,3.0,4
896732,3.0,4
896736,3.0,4
896740,3.0,4
896744,3.0,4
896748,3.0,4
896752,3.0,4
896756,3.0,4
896760,3.0,4
896764,3.0,4
896768,3.0,4
896773,4.0,5
896777,3.0,4
896782,4.0,5
896787,4.0,5
896791,3.0,4
896795,3.0,4
896800,4.0,5
896804,3.0,4
896808,3.0,4
896812,3.0,4
896816,3.0,4
896821,4.0,5
896825,3.0,4
896829,3.0,4
896834,4.0,5
896838,3.0,4
896842,3.0,4
896846,3.0,4
896851,4.0,5
896855,3.0,4
896860,4.0,5
896865,4.0,5
896869,3.0,4
896874,4.0,5
896879,4.0,5
896883,3.0,4
896887,3.0,4
896891,3.0,4
896895,3.0,4
896899,3.0,4
896903,3.0,4
896908,4.0,5
896912,3.0,4
896916,3.0,4
896921,4.0,5
896925,3.0,4
896930,4.0,5
896934,3.0,4
896938,3.0,4
896942,3.0,4
896946,3.0,4
896950,3.0,4
896954,3.0,4
896958,3.0,4
896963,4.0,5
896967,3.0,4
896972,4.0,5
896976,3.0,4
896981,4.0,5
896985,3.0,4
896990,4.0,5
896994,3.0,4
896998,3.0,4
897003,4.0,5
897008,4.0,5
897012,3.0,4
897016,3.0,4
897021,4.0,5
897025,3.0,4
897029,3.0,4
897034,4.0,5
897038,3.0,4
897042,3.0,4
897046,3.0,4
897050,3.0,4
897054,3.0,4
897059,4.0,5
897063,3.0,4
897067,3.0,4
897071,3.0,4
897075,3.0,4
897079,3.0,4
897083,3.0,4
897087,3.0,4
897091,3.0,4
897095,3.0,4
897100,4.0,5
897104,3.0,4
897108,3.0,4
897113,4.0,5
897118,4.0,5
897122,3.0,4
897127,4.0,5
897131,3.0,4
897135,3.0,4
897139,3.0,4
897143,3.0,4
897147,3.0,4
897151,3.0,4
897156,4.0,5
897160,3.0,4
897164,3.0,4
897168,3.0,4
897172,3.0,4
897176,3.0,4
897181,4.0,5
897185,3.0,4
897189,3.0,4
897193,3.0,4
897197,3.0,4
897201,3.0,4
897205,3.0,4
897209,3.0,4
897213,3.0,4
897217,3.0,4
897221,3.0,4
897225,3.0,4
897229,3.0,4
897233,3.0,4
897237,3.0,4
897241,3.0,4
897245,3.0,4
897249,3.0,4
897253,3.0,4
897258,4.0,5
897263,4.0,5
897268,4.0,5
897272,3.0,4
897276,3.0,4
897280,3.0,4
897284,3.0,4
897288,3.0,4
897292,3.0,4
897296,3.0,4
897301,4.0,5
897305,3.0,4
897309,3.0,4
897313,3.0,4
897317,3.0,4
897321,3.0,4
897326,4.0,5
897330,3.0,4
897334,3.0,4
897338,3.0,4
897343,4.0,5
897347,3.0,4
897351,3.0,4
897355,3.0,4
897359,3.0,4
897363,3.0,4
897367,3.0,4
897371,3.0,4
897375,3.0,4
897379,3.0,4
897383,3.0,4
897387,3.0,4
897391,3.0,4
897395,3.0,4
897399,3.0,4
897403,3.0,4
897407,3.0,4
897411,3.0,4
897415,3.0,4
897419,3.0,4
897423,3.0,4
897428,4.0,5
897432,3.0,4
897436,3.0,4
897440,3.0,4
897444,3.0,4
897448,3.0,4
897452,3.0,4
897456,3.0,4
897460,3.0,4
897464,3.0,4
897469,4.0,5
897474,4.0,5
897478,3.0,4
897482,3.0,4
897486,3.0,4
897490,3.0,4
897495,4.0,5
897499,3.0,4
897503,3.0,4
897507,3.0,4
897511,3.0,4
897515,3.0,4
897520,4.0,5
897524,3.0,4
897528,3.0,4
897532,3.0,4
897536,3.0,4
897540,3.0,4
897544,3.0,4
897548,3.0,4
897552,3.0,4
897556,3.0,4
897560,3.0,4
897564,3.0,4
897568,3.0,4
897572,3.0,4
897576,3.0,4
897581,4.0,5
897585,3.0,4
897589,3.0,4
897593,3.0,4
897598,4.0,5
897602,3.0,4
897606,3.0,4
897610,3.0,4
897614,3.0,4
897618,3.0,4
897622,3.0,4
897627,4.0,5
897632,4.0,5
897636,3.0,4
897640,3.0,4
897644,3.0,4
897648,3.0,4
897653,4.0,5
897657,3.0,4
897661,3.0,4
897666,4.0,5
897670,3.0,4
897674,3.0,4
897678,3.0,4
897682,3.0,4
897686,3.0,4
897690,3.0,4
897694,3.0,4
897698,3.0,4
897702,3.0,4
897706,3.0,4
897710,3.0,4
897715,4.0,5
897719,3.0,4
897724,4.0,5
897728,3.0,4
897732,3.0,4
897736,3.0,4
897740,3.0,4
897744,3.0,4
897748,3.0,4
897752,3.0,4
897756,3.0,4
897760,3.0,4
897764,3.0,4
897768,3.0,4
897772,3.0,4
897776,3.0,4
897780,3.0,4
897784,3.0,4
897788,3.0,4
897792,3.0,4
897796,3.0,4
897800,3.0,4
897805,4.0,5
897810,4.0,5
897814,3.0,4
897818,3.0,4
897822,3.0,4
897826,3.0,4
897830,3.0,4
897834,3.0,4
897838,3.0,4
897842,3.0,4
897846,3.0,4
897851,4.0,5
897855,3.0,4
897859,3.0,4
897863,3.0,4
897867,3.0,4
897871,3.0,4
897875,3.0,4
897879,3.0,4
897883,3.0,4
897887,3.0,4
897891,3.0,4
897895,3.0,4
897899,3.0,4
897903,3.0,4
897907,3.0,4
897911,3.0,4
897915,3.0,4
897919,3.0,4
897923,3.0,4
897928,4.0,5
897932,3.0,4
897936,3.0,4
897940,3.0,4
897944,3.0,4
897948,3.0,4
897952,3.0,4
897956,3.0,4
897960,3.0,4
897964,3.0,4
897968,3.0,4
897972,3.0,4
897976,3.0,4
897980,3.0,4
897984,3.0,4
897988,3.0,4
897992,3.0,4
897996,3.0,4
898000,3.0,4
898005,4.0,5
898009,3.0,4
898013,3.0,4
898018,4.0,5
898022,3.0,4
898026,3.0,4
898030,3.0,4
898034,3.0,4
898038,3.0,4
898043,4.0,5
898047,3.0,4
898052,4.0,5
898056,3.0,4
898060,3.0,4
898064,3.0,4
898068,3.0,4
898072,3.0,4
898076,3.0,4
898080,3.0,4
898084,3.0,4
898088,3.0,4
898092,3.0,4
898097,4.0,5
898101,3.0,4
898105,3.0,4
898109,3.0,4
898113,3.0,4
898117,3.0,4
898122,4.0,5
898126,3.0,4
898130,3.0,4
898134,3.0,4
898139,4.0,5
898143,3.0,4
898147,3.0,4
898151,3.0,4
898155,3.0,4
898159,3.0,4
898163,3.0,4
898167,3.0,4
898171,3.0,4
898175,3.0,4
898179,3.0,4
898183,3.0,4
898187,3.0,4
898191,3.0,4
898195,3.0,4
898199,3.0,4
898203,3.0,4
898208,4.0,5
898212,3.0,4
898216,3.0,4
898220,3.0,4
898224,3.0,4
898228,3.0,4
898232,3.0,4
898236,3.0,4
898240,3.0,4
898244,3.0,4
898248,3.0,4
898252,3.0,4
898257,4.0,5
898261,3.0,4
898265,3.0,4
898269,3.0,4
898273,3.0,4
898277,3.0,4
898281,3.0,4
898285,3.0,4
898289,3.0,4
898293,3.0,4
898297,3.0,4
898301,3.0,4
898305,3.0,4
898309,3.0,4
898313,3.0,4
898317,3.0,4
898321,3.0,4
898325,3.0,4
898329,3.0,4
898333,3.0,4
898337,3.0,4
898341,3.0,4
898345,3.0,4
898349,3.0,4
898353,3.0,4
898357,3.0,4
898361,3.0,4
898365,3.0,4
898369,3.0,4
898373,3.0,4
898377,3.0,4
898381,3.0,4
898385,3.0,4
898389,3.0,4
898393,3.0,4
898397,3.0,4
898402,4.0,5
898406,3.0,4
898410,3.0,4
898414,3.0,4
898418,3.0,4
898422,3.0,4
898426,3.0,4
898430,3.0,4
898434,3.0,4
898438,3.0,4
898442,3.0,4
898446,3.0,4
898450,3.0,4
898454,3.0,4
898458,3.0,4
898462,3.0,4
898466,3.0,4
898470,3.0,4
898474,3.0,4
898478,3.0,4
898482,3.0,4
898486,3.0,4
898491,4.0,5
898495,3.0,4
898499,3.0,4
898503,3.0,4
898508,4.0,5
898512,3.0,4
898516,3.0,4
898520,3.0,4
898524,3.0,4
898528,3.0,4
898532,3.0,4
898536,3.0,4
898540,3.0,4
898544,3.0,4
898548,3.0,4
898552,3.0,4
898556,3.0,4
898560,3.0,4
898564,3.0,4
898568,3.0,4
898572,3.0,4
898577,4.0,5
898581,3.0,4
898585,3.0,4
898589,3.0,4
898594,4.0,5
898599,4.0,5
898603,3.0,4
898607,3.0,4
898611,3.0,4
898615,3.0,4
898619,3.0,4
898623,3.0,4
898627,3.0,4
898631,3.0,4
898635,3.0,4
898639,3.0,4
898643,3.0,4
898647,3.0,4
898651,3.0,4
898655,3.0,4
898659,3.0,4
898663,3.0,4
898667,3.0,4
898671,3.0,4
898675,3.0,4
898679,3.0,4
898683,3.0,4
898687,3.0,4
898691,3.0,4
898696,4.0,5
898700,3.0,4
898704,3.0,4
898708,3.0,4
898712,3.0,4
898717,4.0,5
898721,3.0,4
898725,3.0,4
898729,3.0,4
898733,3.0,4
898737,3.0,4
898741,3.0,4
898745,3.0,4
898749,3.0,4
898753,3.0,4
898757,3.0,4
898761,3.0,4
898765,3.0,4
898769,3.0,4
898773,3.0,4
898777,3.0,4
898782,4.0,5
898786,3.0,4
898790,3.0,4
898794,3.0,4
898799,4.0,5
898803,3.0,4
898807,3.0,4
898811,3.0,4
898815,3.0,4
898820,4.0,5
898824,3.0,4
898828,3.0,4
898833,4.0,5
898837,3.0,4
898841,3.0,4
898845,3.0,4
898850,4.0,5
898854,3.0,4
898859,4.0,5
898863,3.0,4
898867,3.0,4
898871,3.0,4
898875,3.0,4
898879,3.0,4
898883,3.0,4
898887,3.0,4
898891,3.0,4
898895,3.0,4
898899,3.0,4
898903,3.0,4
898907,3.0,4
898911,3.0,4
898916,4.0,5
898920,3.0,4
898924,3.0,4
898928,3.0,4
898932,3.0,4
898936,3.0,4
898940,3.0,4
898944,3.0,4
898948,3.0,4
898952,3.0,4
898956,3.0,4
898960,3.0,4
898964,3.0,4
898968,3.0,4
898972,3.0,4
898976,3.0,4
898980,3.0,4
898984,3.0,4
898988,3.0,4
898992,3.0,4
898996,3.0,4
899000,3.0,4
899004,3.0,4
899008,3.0,4
899012,3.0,4
899016,3.0,4
899021,4.0,5
899025,3.0,4
899029,3.0,4
899033,3.0,4
899037,3.0,4
899041,3.0,4
899045,3.0,4
899050,4.0,5
899054,3.0,4
899059,4.0,5
899063,3.0,4
899067,3.0,4
899071,3.0,4
899075,3.0,4
899079,3.0,4
899083,3.0,4
899087,3.0,4
899091,3.0,4
899095,3.0,4
899099,3.0,4
899104,4.0,5
899108,3.0,4
899112,3.0,4
899116,3.0,4
899120,3.0,4
899124,3.0,4
899128,3.0,4
899132,3.0,4
899136,3.0,4
899140,3.0,4
899144,3.0,4
899148,3.0,4
899152,3.0,4
899156,3.0,4
899160,3.0,4
899164,3.0,4
899168,3.0,4
899172,3.0,4
899176,3.0,4
899180,3.0,4
899184,3.0,4
899188,3.0,4
899192,3.0,4
899196,3.0,4
899200,3.0,4
899204,3.0,4
899208,3.0,4
899212,3.0,4
899216,3.0,4
899220,3.0,4
899224,3.0,4
899228,3.0,4
899233,4.0,5
899237,3.0,4
899241,3.0,4
899245,3.0,4
899249,3.0,4
899253,3.0,4
899257,3.0,4
899261,3.0,4
899265,3.0,4
899270,4.0,5
899274,3.0,4
899279,4.0,5
899283,3.0,4
899287,3.0,4
899291,3.0,4
899296,4.0,5
899300,3.0,4
899304,3.0,4
899308,3.0,4
899313,4.0,5
899318,4.0,5
899322,3.0,4
899326,3.0,4
899330,3.0,4
899334,3.0,4
899338,3.0,4
899342,3.0,4
899346,3.0,4
899350,3.0,4
899355,4.0,5
899359,3.0,4
899363,3.0,4
899367,3.0,4
899371,3.0,4
899375,3.0,4
899379,3.0,4
899383,3.0,4
899387,3.0,4
899391,3.0,4
899395,3.0,4
899399,3.0,4
899403,3.0,4
899407,3.0,4
899411,3.0,4
899415,3.0,4
899419,3.0,4
899423,3.0,4
899427,3.0,4
899431,3.0,4
899435,3.0,4
899439,3.0,4
899443,3.0,4
899447,3.0,4
899451,3.0,4
899455,3.0,4
899459,3.0,4
899464,4.0,5
899468,3.0,4
899472,3.0,4
899476,3.0,4
899481,4.0,5
899485,3.0,4
899489,3.0,4
899493,3.0,4
899497,3.0,4
899501,3.0,4
899505,3.0,4
899510,4.0,5
899514,3.0,4
899518,3.0,4
899522,3.0,4
899526,3.0,4
899531,4.0,5
899535,3.0,4
899539,3.0,4
899543,3.0,4
899547,3.0,4
899551,3.0,4
899555,3.0,4
899559,3.0,4
899563,3.0,4
899567,3.0,4
899571,3.0,4
899575,3.0,4
899579,3.0,4
899583,3.0,4
899587,3.0,4
899591,3.0,4
899595,3.0,4
899599,3.0,4
899603,3.0,4
899607,3.0,4
899611,3.0,4
899615,3.0,4
899619,3.0,4
899623,3.0,4
899627,3.0,4
899631,3.0,4
899635,3.0,4
899639,3.0,4
899643,3.0,4
899648,4.0,5
899652,3.0,4
899656,3.0,4
899660,3.0,4
899664,3.0,4
899668,3.0,4
899672,3.0,4
899676,3.0,4
899680,3.0,4
899684,3.0,4
899689,4.0,5
899693,3.0,4
899697,3.0,4
899701,3.0,4
899705,3.0,4
899709,3.0,4
899713,3.0,4
899717,3.0,4
899722,4.0,5
899726,3.0,4
899730,3.0,4
899734,3.0,4
899738,3.0,4
899743,4.0,5
899747,3.0,4
899751,3.0,4
899755,3.0,4
899760,4.0,5
899764,3.0,4
899768,3.0,4
899772,3.0,4
899777,4.0,5
899781,3.0,4
899785,3.0,4
899789,3.0,4
899793,3.0,4
899797,3.0,4
899801,3.0,4
899805,3.0,4
899809,3.0,4
899813,3.0,4
899817,3.0,4
899821,3.0,4
899825,3.0,4
899829,3.0,4
899833,3.0,4
899837,3.0,4
899841,3.0,4
899845,3.0,4
899849,3.0,4
899853,3.0,4
899857,3.0,4
899861,3.0,4
899865,3.0,4
899869,3.0,4
899873,3.0,4
899877,3.0,4
899881,3.0,4
899885,3.0,4
899889,3.0,4
899893,3.0,4
899897,3.0,4
899901,3.0,4
899905,3.0,4
899909,3.0,4
899913,3.0,4
899918,4.0,5
899922,3.0,4
899926,3.0,4
899930,3.0,4
899934,3.0,4
899938,3.0,4
899942,3.0,4
899946,3.0,4
899950,3.0,4
899954,3.0,4
899958,3.0,4
899962,3.0,4
899966,3.0,4
899970,3.0,4
899974,3.0,4
899978,3.0,4
899983,4.0,5
899987,3.0,4
899991,3.0,4
899995,3.0,4
899999,3.0,4
900003,3.0,4
900007,3.0,4
900011,3.0,4
900015,3.0,4
900019,3.0,4
900024,4.0,5
900028,3.0,4
900032,3.0,4
900036,3.0,4
900040,3.0,4
900044,3.0,4
900048,3.0,4
900052,3.0,4
900057,4.0,5
900061,3.0,4
900065,3.0,4
900069,3.0,4
900073,3.0,4
900077,3.0,4
900081,3.0,4
900085,3.0,4
900089,3.0,4
900093,3.0,4
900097,3.0,4
900101,3.0,4
900105,3.0,4
900109,3.0,4
900113,3.0,4
900117,3.0,4
900121,3.0,4
900125,3.0,4
900129,3.0,4
900133,3.0,4
900137,3.0,4
900141,3.0,4
900145,3.0,4
900149,3.0,4
900153,3.0,4
900157,3.0,4
900161,3.0,4
900165,3.0,4
900169,3.0,4
900173,3.0,4
900177,3.0,4
900181,3.0,4
900185,3.0,4
900189,3.0,4
900193,3.0,4
900197,3.0,4
900201,3.0,4
900205,3.0,4
900209,3.0,4
900213,3.0,4
900217,3.0,4
900221,3.0,4
900225,3.0,4
900229,3.0,4
900233,3.0,4
900237,3.0,4
900241,3.0,4
900245,3.0,4
900249,3.0,4
900253,3.0,4
900257,3.0,4
900261,3.0,4
900265,3.0,4
900269,3.0,4
900274,4.0,5
900278,3.0,4
900282,3.0,4
900286,3.0,4
900290,3.0,4
900294,3.0,4
900298,3.0,4
900302,3.0,4
900306,3.0,4
900310,3.0,4
900314,3.0,4
900318,3.0,4
900322,3.0,4
900326,3.0,4
900330,3.0,4
900334,3.0,4
900338,3.0,4
900342,3.0,4
900346,3.0,4
900350,3.0,4
900354,3.0,4
900358,3.0,4
900362,3.0,4
900366,3.0,4
900370,3.0,4
900374,3.0,4
900378,3.0,4
900382,3.0,4
900386,3.0,4
900390,3.0,4
900394,3.0,4
900398,3.0,4
900402,3.0,4
900406,3.0,4
900410,3.0,4
900415,4.0,5
900419,3.0,4
900423,3.0,4
900427,3.0,4
900431,3.0,4
900435,3.0,4
900439,3.0,4
900443,3.0,4
900447,3.0,4
900452,4.0,5
900456,3.0,4
900460,3.0,4
900464,3.0,4
900468,3.0,4
900472,3.0,4
900476,3.0,4
900480,3.0,4
900484,3.0,4
900488,3.0,4
900492,3.0,4
900496,3.0,4
900500,3.0,4
900504,3.0,4
900509,4.0,5
900513,3.0,4
900517,3.0,4
900521,3.0,4
900525,3.0,4
900529,3.0,4
900533,3.0,4
900537,3.0,4
900541,3.0,4
900545,3.0,4
900549,3.0,4
900554,4.0,5
900558,3.0,4
900562,3.0,4
900566,3.0,4
900570,3.0,4
900574,3.0,4
900578,3.0,4
900582,3.0,4
900586,3.0,4
900590,3.0,4
900594,3.0,4
900598,3.0,4
900602,3.0,4
900606,3.0,4
900610,3.0,4
900614,3.0,4
900618,3.0,4
900622,3.0,4
900626,3.0,4
900630,3.0,4
900634,3.0,4
900638,3.0,4
900642,3.0,4
900646,3.0,4
900650,3.0,4
900655,4.0,5
900659,3.0,4
900663,3.0,4
900667,3.0,4
900671,3.0,4
900675,3.0,4
900679,3.0,4
900683,3.0,4
900687,3.0,4
900691,3.0,4
900695,3.0,4
900699,3.0,4
900703,3.0,4
900707,3.0,4
900711,3.0,4
900715,3.0,4
900719,3.0,4
900723,3.0,4
900727,3.0,4
900731,3.0,4
900735,3.0,4
900739,3.0,4
900743,3.0,4
900747,3.0,4
900751,3.0,4
900755,3.0,4
900759,3.0,4
900763,3.0,4
900767,3.0,4
900772,4.0,5
900776,3.0,4
900780,3.0,4
900784,3.0,4
900788,3.0,4
900792,3.0,4
900796,3.0,4
900800,3.0,4
900804,3.0,4
900808,3.0,4
900812,3.0,4
900817,4.0,5
900821,3.0,4
900825,3.0,4
900829,3.0,4
900833,3.0,4
900837,3.0,4
900841,3.0,4
900845,3.0,4
900849,3.0,4
900853,3.0,4
900857,3.0,4
900861,3.0,4
900865,3.0,4
900869,3.0,4
900873,3.0,4
900877,3.0,4
900881,3.0,4
900885,3.0,4
900889,3.0,4
900893,3.0,4
900897,3.0,4
900901,3.0,4
900905,3.0,4
900909,3.0,4
900913,3.0,4
900917,3.0,4
900921,3.0,4
900925,3.0,4
900929,3.0,4
900933,3.0,4
900937,3.0,4
900941,3.0,4
900945,3.0,4
900949,3.0,4
900954,4.0,5
900958,3.0,4
900962,3.0,4
900966,3.0,4
900970,3.0,4
900974,3.0,4
900979,4.0,5
900983,3.0,4
900987,3.0,4
900991,3.0,4
900995,3.0,4
900999,3.0,4
901003,3.0,4
901007,3.0,4
901011,3.0,4
901015,3.0,4
901019,3.0,4
901023,3.0,4
901027,3.0,4
901031,3.0,4
901035,3.0,4
901039,3.0,4
901043,3.0,4
901047,3.0,4
901051,3.0,4
901055,3.0,4
901059,3.0,4
901063,3.0,4
901067,3.0,4
901071,3.0,4
901075,3.0,4
901079,3.0,4
901083,3.0,4
901087,3.0,4
901091,3.0,4
901095,3.0,4
901099,3.0,4
901103,3.0,4
901107,3.0,4
901111,3.0,4
901115,3.0,4
901119,3.0,4
901123,3.0,4
901127,3.0,4
901131,3.0,4
901135,3.0,4
901139,3.0,4
901143,3.0,4
901147,3.0,4
901152,4.0,5
901156,3.0,4
901160,3.0,4
901165,4.0,5
901169,3.0,4
901173,3.0,4
901177,3.0,4
901181,3.0,4
901185,3.0,4
901189,3.0,4
901193,3.0,4
901197,3.0,4
901201,3.0,4
901205,3.0,4
901209,3.0,4
901214,4.0,5
901218,3.0,4
901222,3.0,4
901226,3.0,4
901231,4.0,5
901235,3.0,4
901239,3.0,4
901243,3.0,4
901247,3.0,4
901252,4.0,5
901256,3.0,4
901260,3.0,4
901264,3.0,4
901268,3.0,4
901272,3.0,4
901276,3.0,4
901280,3.0,4
901284,3.0,4
901288,3.0,4
901292,3.0,4
901297,4.0,5
901301,3.0,4
901305,3.0,4
901309,3.0,4
901313,3.0,4
901317,3.0,4
901321,3.0,4
901325,3.0,4
901329,3.0,4
901333,3.0,4
901337,3.0,4
901341,3.0,4
901345,3.0,4
901349,3.0,4
901353,3.0,4
901357,3.0,4
901361,3.0,4
901365,3.0,4
901369,3.0,4
901373,3.0,4
901377,3.0,4
901381,3.0,4
901385,3.0,4
901389,3.0,4
901393,3.0,4
901397,3.0,4
901402,4.0,5
901406,3.0,4
901410,3.0,4
901414,3.0,4
901418,3.0,4
901422,3.0,4
901426,3.0,4
901430,3.0,4
901434,3.0,4
901438,3.0,4
901443,4.0,5
901447,3.0,4
901451,3.0,4
901455,3.0,4
901459,3.0,4
901463,3.0,4
901467,3.0,4
901471,3.0,4
901475,3.0,4
901479,3.0,4
901483,3.0,4
901487,3.0,4
901491,3.0,4
901495,3.0,4
901499,3.0,4
901503,3.0,4
901507,3.0,4
901511,3.0,4
901515,3.0,4
901519,3.0,4
901523,3.0,4
901527,3.0,4
901531,3.0,4
901535,3.0,4
901540,4.0,5
901544,3.0,4
901548,3.0,4
901552,3.0,4
901556,3.0,4
901560,3.0,4
901564,3.0,4
901568,3.0,4
901572,3.0,4
901576,3.0,4
901580,3.0,4
901584,3.0,4
901588,3.0,4
901592,3.0,4
901596,3.0,4
901600,3.0,4
901604,3.0,4
901608,3.0,4
901612,3.0,4
901616,3.0,4
901620,3.0,4
901624,3.0,4
901628,3.0,4
901632,3.0,4
901636,3.0,4
901640,3.0,4
901644,3.0,4
901648,3.0,4
901652,3.0,4
901656,3.0,4
901660,3.0,4
901664,3.0,4
901668,3.0,4
901672,3.0,4
901676,3.0,4
901681,4.0,5
901685,3.0,4
901689,3.0,4
901693,3.0,4
901697,3.0,4
901701,3.0,4
901705,3.0,4
901709,3.0,4
901713,3.0,4
901717,3.0,4
901721,3.0,4
901725,3.0,4
901729,3.0,4
901734,4.0,5
901738,3.0,4
901742,3.0,4
901746,3.0,4
901750,3.0,4
901754,3.0,4
901759,4.0,5
901763,3.0,4
901767,3.0,4
901771,3.0,4
901775,3.0,4
901779,3.0,4
901783,3.0,4
901787,3.0,4
901791,3.0,4
901795,3.0,4
901799,3.0,4
901803,3.0,4
901807,3.0,4
901811,3.0,4
901815,3.0,4
901819,3.0,4
901823,3.0,4
901827,3.0,4
901831,3.0,4
901835,3.0,4
901839,3.0,4
901843,3.0,4
901847,3.0,4
901851,3.0,4
901855,3.0,4
901859,3.0,4
901864,4.0,5
901868,3.0,4
901872,3.0,4
901876,3.0,4
901880,3.0,4
901884,3.0,4
901888,3.0,4
901892,3.0,4
901896,3.0,4
901901,4.0,5
901905,3.0,4
901909,3.0,4
901913,3.0,4
901918,4.0,5
901922,3.0,4
901926,3.0,4
901930,3.0,4
901934,3.0,4
901938,3.0,4
901942,3.0,4
901946,3.0,4
901950,3.0,4
901954,3.0,4
901958,3.0,4
901962,3.0,4
901966,3.0,4
901970,3.0,4
901975,4.0,5
901979,3.0,4
901983,3.0,4
901987,3.0,4
901991,3.0,4
901995,3.0,4
901999,3.0,4
902004,4.0,5
902008,3.0,4
902012,3.0,4
902016,3.0,4
902020,3.0,4
902024,3.0,4
902028,3.0,4
902032,3.0,4
902036,3.0,4
902040,3.0,4
902044,3.0,4
902048,3.0,4
902053,4.0,5
902058,4.0,5
902062,3.0,4
902066,3.0,4
902071,4.0,5
902076,4.0,5
902080,3.0,4
902085,4.0,5
902089,3.0,4
902094,4.0,5
902098,3.0,4
902102,3.0,4
902106,3.0,4
902110,3.0,4
902114,3.0,4
902118,3.0,4
902122,3.0,4
902126,3.0,4
902130,3.0,4
902134,3.0,4
902138,3.0,4
902142,3.0,4
902146,3.0,4
902150,3.0,4
902154,3.0,4
902158,3.0,4
902162,3.0,4
902166,3.0,4
902170,3.0,4
902174,3.0,4
902178,3.0,4
902182,3.0,4
902186,3.0,4
902190,3.0,4
902194,3.0,4
902198,3.0,4
902202,3.0,4
902206,3.0,4
902210,3.0,4
902214,3.0,4
902218,3.0,4
902222,3.0,4
902227,4.0,5
902232,4.0,5
902236,3.0,4
902240,3.0,4
902244,3.0,4
902248,3.0,4
902252,3.0,4
902256,3.0,4
902260,3.0,4
902264,3.0,4
902268,3.0,4
902273,4.0,5
902277,3.0,4
902281,3.0,4
902285,3.0,4
902289,3.0,4
902293,3.0,4
902297,3.0,4
902302,4.0,5
902306,3.0,4
902310,3.0,4
902314,3.0,4
902318,3.0,4
902322,3.0,4
902326,3.0,4
902330,3.0,4
902334,3.0,4
902338,3.0,4
902342,3.0,4
902346,3.0,4
902350,3.0,4
902354,3.0,4
902358,3.0,4
902362,3.0,4
902366,3.0,4
902370,3.0,4
902374,3.0,4
902378,3.0,4
902382,3.0,4
902386,3.0,4
902390,3.0,4
902394,3.0,4
902398,3.0,4
902402,3.0,4
902406,3.0,4
902410,3.0,4
902414,3.0,4
902418,3.0,4
902422,3.0,4
902426,3.0,4
902430,3.0,4
902434,3.0,4
902438,3.0,4
902442,3.0,4
902446,3.0,4
902450,3.0,4
902454,3.0,4
902458,3.0,4
902463,4.0,5
902467,3.0,4
902471,3.0,4
902475,3.0,4
902479,3.0,4
902483,3.0,4
902488,4.0,5
902493,4.0,5
902497,3.0,4
902501,3.0,4
902505,3.0,4
902509,3.0,4
902513,3.0,4
902517,3.0,4
902521,3.0,4
902525,3.0,4
902529,3.0,4
902533,3.0,4
902537,3.0,4
902541,3.0,4
902545,3.0,4
902549,3.0,4
902553,3.0,4
902557,3.0,4
902561,3.0,4
902565,3.0,4
902569,3.0,4
902573,3.0,4
902577,3.0,4
902582,4.0,5
902586,3.0,4
902590,3.0,4
902594,3.0,4
902598,3.0,4
902602,3.0,4
902606,3.0,4
902610,3.0,4
902614,3.0,4
902618,3.0,4
902622,3.0,4
902626,3.0,4
902630,3.0,4
902634,3.0,4
902638,3.0,4
902642,3.0,4
902646,3.0,4
902650,3.0,4
902654,3.0,4
902659,4.0,5
902663,3.0,4
902667,3.0,4
902671,3.0,4
902676,4.0,5
902680,3.0,4
902684,3.0,4
902688,3.0,4
902692,3.0,4
902696,3.0,4
902700,3.0,4
902704,3.0,4
902708,3.0,4
902712,3.0,4
902716,3.0,4
902720,3.0,4
902725,4.0,5
902729,3.0,4
902733,3.0,4
902737,3.0,4
902741,3.0,4
902745,3.0,4
902749,3.0,4
902753,3.0,4
902757,3.0,4
902761,3.0,4
902765,3.0,4
902769,3.0,4
902773,3.0,4
902777,3.0,4
902781,3.0,4
902786,4.0,5
902790,3.0,4
902794,3.0,4
902798,3.0,4
902802,3.0,4
902806,3.0,4
902810,3.0,4
902815,4.0,5
902819,3.0,4
902823,3.0,4
902827,3.0,4
902831,3.0,4
902835,3.0,4
902839,3.0,4
902843,3.0,4
902847,3.0,4
902852,4.0,5
902857,4.0,5
902861,3.0,4
902865,3.0,4
902869,3.0,4
902873,3.0,4
902877,3.0,4
902881,3.0,4
902885,3.0,4
902889,3.0,4
902894,4.0,5
902898,3.0,4
902902,3.0,4
902906,3.0,4
902910,3.0,4
902915,4.0,5
902919,3.0,4
902923,3.0,4
902927,3.0,4
902931,3.0,4
902935,3.0,4
902939,3.0,4
902943,3.0,4
902947,3.0,4
902951,3.0,4
902955,3.0,4
902959,3.0,4
902963,3.0,4
902967,3.0,4
902971,3.0,4
902975,3.0,4
902979,3.0,4
902983,3.0,4
902987,3.0,4
902991,3.0,4
902995,3.0,4
902999,3.0,4
903003,3.0,4
903007,3.0,4
903011,3.0,4
903015,3.0,4
903019,3.0,4
903023,3.0,4
903027,3.0,4
903031,3.0,4
903035,3.0,4
903039,3.0,4
903043,3.0,4
903047,3.0,4
903051,3.0,4
903055,3.0,4
903059,3.0,4
903064,4.0,5
903068,3.0,4
903072,3.0,4
903076,3.0,4
903080,3.0,4
903084,3.0,4
903088,3.0,4
903092,3.0,4
903096,3.0,4
903100,3.0,4
903104,3.0,4
903108,3.0,4
903113,4.0,5
903117,3.0,4
903121,3.0,4
903126,4.0,5
903130,3.0,4
903134,3.0,4
903138,3.0,4
903142,3.0,4
903146,3.0,4
903150,3.0,4
903154,3.0,4
903158,3.0,4
903162,3.0,4
903166,3.0,4
903170,3.0,4
903174,3.0,4
903178,3.0,4
903182,3.0,4
903186,3.0,4
903190,3.0,4
903194,3.0,4
903198,3.0,4
903202,3.0,4
903206,3.0,4
903210,3.0,4
903214,3.0,4
903218,3.0,4
903222,3.0,4
903226,3.0,4
903230,3.0,4
903234,3.0,4
903238,3.0,4
903242,3.0,4
903246,3.0,4
903250,3.0,4
903254,3.0,4
903258,3.0,4
903262,3.0,4
903266,3.0,4
903271,4.0,5
903275,3.0,4
903279,3.0,4
903284,4.0,5
903288,3.0,4
903292,3.0,4
903296,3.0,4
903300,3.0,4
903305,4.0,5
903309,3.0,4
903313,3.0,4
903317,3.0,4
903321,3.0,4
903325,3.0,4
903329,3.0,4
903333,3.0,4
903337,3.0,4
903341,3.0,4
903345,3.0,4
903349,3.0,4
903353,3.0,4
903357,3.0,4
903361,3.0,4
903365,3.0,4
903369,3.0,4
903373,3.0,4
903377,3.0,4
903381,3.0,4
903385,3.0,4
903389,3.0,4
903393,3.0,4
903397,3.0,4
903401,3.0,4
903405,3.0,4
903409,3.0,4
903413,3.0,4
903417,3.0,4
903421,3.0,4
903425,3.0,4
903429,3.0,4
903433,3.0,4
903437,3.0,4
903441,3.0,4
903445,3.0,4
903450,4.0,5
903454,3.0,4
903458,3.0,4
903462,3.0,4
903466,3.0,4
903470,3.0,4
903474,3.0,4
903478,3.0,4
903482,3.0,4
903486,3.0,4
903490,3.0,4
903494,3.0,4
903498,3.0,4
903502,3.0,4
903506,3.0,4
903510,3.0,4
903514,3.0,4
903518,3.0,4
903522,3.0,4
903526,3.0,4
903530,3.0,4
903534,3.0,4
903538,3.0,4
903542,3.0,4
903546,3.0,4
903550,3.0,4
903554,3.0,4
903558,3.0,4
903562,3.0,4
903566,3.0,4
903570,3.0,4
903574,3.0,4
903578,3.0,4
903582,3.0,4
903586,3.0,4
903590,3.0,4
903594,3.0,4
903598,3.0,4
903602,3.0,4
903606,3.0,4
903610,3.0,4
903614,3.0,4
903618,3.0,4
903622,3.0,4
903626,3.0,4
903631,4.0,5
903635,3.0,4
903639,3.0,4
903643,3.0,4
903647,3.0,4
903651,3.0,4
903655,3.0,4
903660,4.0,5
903664,3.0,4
903668,3.0,4
903672,3.0,4
903676,3.0,4
903680,3.0,4
903684,3.0,4
903689,4.0,5
903693,3.0,4
903697,3.0,4
903701,3.0,4
903705,3.0,4
903710,4.0,5
903714,3.0,4
903718,3.0,4
903722,3.0,4
903726,3.0,4
903730,3.0,4
903734,3.0,4
903738,3.0,4
903742,3.0,4
903746,3.0,4
903750,3.0,4
903755,4.0,5
903759,3.0,4
903763,3.0,4
903767,3.0,4
903771,3.0,4
903775,3.0,4
903779,3.0,4
903783,3.0,4
903787,3.0,4
903791,3.0,4
903795,3.0,4
903799,3.0,4
903803,3.0,4
903807,3.0,4
903811,3.0,4
903815,3.0,4
903819,3.0,4
903823,3.0,4
903827,3.0,4
903831,3.0,4
903835,3.0,4
903839,3.0,4
903843,3.0,4
903847,3.0,4
903851,3.0,4
903855,3.0,4
903859,3.0,4
903863,3.0,4
903867,3.0,4
903872,4.0,5
903876,3.0,4
903880,3.0,4
903884,3.0,4
903888,3.0,4
903892,3.0,4
903896,3.0,4
903900,3.0,4
903904,3.0,4
903908,3.0,4
903912,3.0,4
903916,3.0,4
903920,3.0,4
903924,3.0,4
903928,3.0,4
903932,3.0,4
903936,3.0,4
903940,3.0,4
903944,3.0,4
903948,3.0,4
903952,3.0,4
903956,3.0,4
903960,3.0,4
903964,3.0,4
903968,3.0,4
903972,3.0,4
903976,3.0,4
903980,3.0,4
903984,3.0,4
903988,3.0,4
903992,3.0,4
903996,3.0,4
904000,3.0,4
904004,3.0,4
904008,3.0,4
904012,3.0,4
904016,3.0,4
904020,3.0,4
904024,3.0,4
904028,3.0,4
904032,3.0,4
904036,3.0,4
904040,3.0,4
904044,3.0,4
904048,3.0,4
904052,3.0,4
904056,3.0,4
904060,3.0,4
904064,3.0,4
904068,3.0,4
904072,3.0,4
904076,3.0,4
904080,3.0,4
904084,3.0,4
904088,3.0,4
904092,3.0,4
904096,3.0,4
904100,3.0,4
904104,3.0,4
904108,3.0,4
904112,3.0,4
904116,3.0,4
904120,3.0,4
904124,3.0,4
904128,3.0,4
904132,3.0,4
904136,3.0,4
904140,3.0,4
904144,3.0,4
904148,3.0,4
904152,3.0,4
904156,3.0,4
904160,3.0,4
904164,3.0,4
904168,3.0,4
904172,3.0,4
904176,3.0,4
904180,3.0,4
904184,3.0,4
904188,3.0,4
904192,3.0,4
904196,3.0,4
904200,3.0,4
904204,3.0,4
904208,3.0,4
904212,3.0,4
904216,3.0,4
904220,3.0,4
904224,3.0,4
904228,3.0,4
904232,3.0,4
904236,3.0,4
904241,4.0,5
904245,3.0,4
904249,3.0,4
904253,3.0,4
904257,3.0,4
904261,3.0,4
904265,3.0,4
904269,3.0,4
904273,3.0,4
904277,3.0,4
904281,3.0,4
904285,3.0,4
904289,3.0,4
904293,3.0,4
904297,3.0,4
904301,3.0,4
904305,3.0,4
904309,3.0,4
904313,3.0,4
904317,3.0,4
904321,3.0,4
904325,3.0,4
904329,3.0,4
904333,3.0,4
904337,3.0,4
904341,3.0,4
904345,3.0,4
904349,3.0,4
904353,3.0,4
904357,3.0,4
904361,3.0,4
904365,3.0,4
904369,3.0,4
904373,3.0,4
904377,3.0,4
904381,3.0,4
904385,3.0,4
904389,3.0,4
904393,3.0,4
904397,3.0,4
904401,3.0,4
904405,3.0,4
904409,3.0,4
904413,3.0,4
904417,3.0,4
904421,3.0,4
904425,3.0,4
904429,3.0,4
904433,3.0,4
904437,3.0,4
904441,3.0,4
904445,3.0,4
904449,3.0,4
904453,3.0,4
904457,3.0,4
904461,3.0,4
904465,3.0,4
904469,3.0,4
904473,3.0,4
904477,3.0,4
904481,3.0,4
904485,3.0,4
904489,3.0,4
904493,3.0,4
904497,3.0,4
904501,3.0,4
904505,3.0,4
904509,3.0,4
904513,3.0,4
904517,3.0,4
904522,4.0,5
904526,3.0,4
904530,3.0,4
904534,3.0,4
904538,3.0,4
904542,3.0,4
904546,3.0,4
904550,3.0,4
904554,3.0,4
904558,3.0,4
904562,3.0,4
904566,3.0,4
904570,3.0,4
904574,3.0,4
904579,4.0,5
904583,3.0,4
904587,3.0,4
904591,3.0,4
904595,3.0,4
904599,3.0,4
904603,3.0,4
904608,4.0,5
904612,3.0,4
904616,3.0,4
904620,3.0,4
904624,3.0,4
904628,3.0,4
904632,3.0,4
904636,3.0,4
904640,3.0,4
904644,3.0,4
904648,3.0,4
904652,3.0,4
904656,3.0,4
904660,3.0,4
904664,3.0,4
904668,3.0,4
904672,3.0,4
904677,4.0,5
904681,3.0,4
904685,3.0,4
904689,3.0,4
904693,3.0,4
904697,3.0,4
904701,3.0,4
904705,3.0,4
904710,4.0,5
904714,3.0,4
904718,3.0,4
904722,3.0,4
904726,3.0,4
904730,3.0,4
904734,3.0,4
904738,3.0,4
904742,3.0,4
904746,3.0,4
904750,3.0,4
904754,3.0,4
904758,3.0,4
904762,3.0,4
904766,3.0,4
904770,3.0,4
904774,3.0,4
904778,3.0,4
904782,3.0,4
904786,3.0,4
904790,3.0,4
904794,3.0,4
904798,3.0,4
904802,3.0,4
904806,3.0,4
904810,3.0,4
904814,3.0,4
904818,3.0,4
904822,3.0,4
904826,3.0,4
904830,3.0,4
904834,3.0,4
904838,3.0,4
904842,3.0,4
904846,3.0,4
904850,3.0,4
904854,3.0,4
904859,4.0,5
904863,3.0,4
904867,3.0,4
904871,3.0,4
904875,3.0,4
904879,3.0,4
904883,3.0,4
904887,3.0,4
904891,3.0,4
904895,3.0,4
904899,3.0,4
904903,3.0,4
904907,3.0,4
904911,3.0,4
904915,3.0,4
904919,3.0,4
904923,3.0,4
904927,3.0,4
904931,3.0,4
904935,3.0,4
904939,3.0,4
904943,3.0,4
904947,3.0,4
904951,3.0,4
904955,3.0,4
904959,3.0,4
904963,3.0,4
904967,3.0,4
904971,3.0,4
904975,3.0,4
904979,3.0,4
904983,3.0,4
904988,4.0,5
904992,3.0,4
904996,3.0,4
905000,3.0,4
905004,3.0,4
905008,3.0,4
905012,3.0,4
905016,3.0,4
905020,3.0,4
905024,3.0,4
905028,3.0,4
905032,3.0,4
905036,3.0,4
905040,3.0,4
905044,3.0,4
905049,4.0,5
905053,3.0,4
905057,3.0,4
905061,3.0,4
905065,3.0,4
905069,3.0,4
905073,3.0,4
905077,3.0,4
905081,3.0,4
905085,3.0,4
905089,3.0,4
905093,3.0,4
905098,4.0,5
905102,3.0,4
905106,3.0,4
905110,3.0,4
905114,3.0,4
905118,3.0,4
905122,3.0,4
905126,3.0,4
905130,3.0,4
905134,3.0,4
905139,4.0,5
905143,3.0,4
905147,3.0,4
905151,3.0,4
905155,3.0,4
905159,3.0,4
905163,3.0,4
905167,3.0,4
905171,3.0,4
905175,3.0,4
905179,3.0,4
905183,3.0,4
905187,3.0,4
905191,3.0,4
905195,3.0,4
905199,3.0,4
905203,3.0,4
905207,3.0,4
905211,3.0,4
905215,3.0,4
905220,4.0,5
905224,3.0,4
905228,3.0,4
905232,3.0,4
905236,3.0,4
905240,3.0,4
905244,3.0,4
905248,3.0,4
905252,3.0,4
905256,3.0,4
905260,3.0,4
905264,3.0,4
905268,3.0,4
905272,3.0,4
905276,3.0,4
905280,3.0,4
905284,3.0,4
905288,3.0,4
905292,3.0,4
905296,3.0,4
905300,3.0,4
905304,3.0,4
905308,3.0,4
905312,3.0,4
905316,3.0,4
905320,3.0,4
905325,4.0,5
905329,3.0,4
905333,3.0,4
905337,3.0,4
905341,3.0,4
905345,3.0,4
905349,3.0,4
905353,3.0,4
905357,3.0,4
905361,3.0,4
905365,3.0,4
905369,3.0,4
905373,3.0,4
905377,3.0,4
905381,3.0,4
905385,3.0,4
905389,3.0,4
905393,3.0,4
905398,4.0,5
905402,3.0,4
905406,3.0,4
905410,3.0,4
905414,3.0,4
905418,3.0,4
905422,3.0,4
905426,3.0,4
905430,3.0,4
905434,3.0,4
905438,3.0,4
905442,3.0,4
905446,3.0,4
905450,3.0,4
905454,3.0,4
905458,3.0,4
905462,3.0,4
905466,3.0,4
905470,3.0,4
905474,3.0,4
905478,3.0,4
905482,3.0,4
905486,3.0,4
905490,3.0,4
905494,3.0,4
905498,3.0,4
905502,3.0,4
905506,3.0,4
905510,3.0,4
905514,3.0,4
905518,3.0,4
905522,3.0,4
905526,3.0,4
905530,3.0,4
905534,3.0,4
905538,3.0,4
905542,3.0,4
905546,3.0,4
905550,3.0,4
905554,3.0,4
905558,3.0,4
905562,3.0,4
905566,3.0,4
905570,3.0,4
905574,3.0,4
905578,3.0,4
905582,3.0,4
905586,3.0,4
905590,3.0,4
905594,3.0,4
905598,3.0,4
905602,3.0,4
905606,3.0,4
905610,3.0,4
905614,3.0,4
905619,4.0,5
905623,3.0,4
905627,3.0,4
905631,3.0,4
905635,3.0,4
905639,3.0,4
905643,3.0,4
905648,4.0,5
905652,3.0,4
905656,3.0,4
905660,3.0,4
905664,3.0,4
905668,3.0,4
905672,3.0,4
905676,3.0,4
905680,3.0,4
905684,3.0,4
905688,3.0,4
905692,3.0,4
905696,3.0,4
905700,3.0,4
905704,3.0,4
905708,3.0,4
905712,3.0,4
905716,3.0,4
905720,3.0,4
905724,3.0,4
905728,3.0,4
905732,3.0,4
905736,3.0,4
905740,3.0,4
905744,3.0,4
905748,3.0,4
905752,3.0,4
905756,3.0,4
905760,3.0,4
905764,3.0,4
905768,3.0,4
905772,3.0,4
905776,3.0,4
905780,3.0,4
905784,3.0,4
905788,3.0,4
905792,3.0,4
905796,3.0,4
905800,3.0,4
905804,3.0,4
905808,3.0,4
905812,3.0,4
905816,3.0,4
905820,3.0,4
905824,3.0,4
905828,3.0,4
905832,3.0,4
905836,3.0,4
905840,3.0,4
905844,3.0,4
905848,3.0,4
905852,3.0,4
905856,3.0,4
905861,4.0,5
905865,3.0,4
905869,3.0,4
905873,3.0,4
905877,3.0,4
905881,3.0,4
905885,3.0,4
905889,3.0,4
905893,3.0,4
905897,3.0,4
905901,3.0,4
905905,3.0,4
905909,3.0,4
905913,3.0,4
905917,3.0,4
905921,3.0,4
905925,3.0,4
905929,3.0,4
905933,3.0,4
905937,3.0,4
905941,3.0,4
905945,3.0,4
905950,4.0,5
905954,3.0,4
905958,3.0,4
905962,3.0,4
905966,3.0,4
905970,3.0,4
905974,3.0,4
905978,3.0,4
905983,4.0,5
905987,3.0,4
905992,4.0,5
905996,3.0,4
906000,3.0,4
906004,3.0,4
906008,3.0,4
906012,3.0,4
906016,3.0,4
906020,3.0,4
906024,3.0,4
906029,4.0,5
906033,3.0,4
906037,3.0,4
906041,3.0,4
906045,3.0,4
906049,3.0,4
906053,3.0,4
906057,3.0,4
906061,3.0,4
906065,3.0,4
906069,3.0,4
906074,4.0,5
906078,3.0,4
906082,3.0,4
906086,3.0,4
906090,3.0,4
906094,3.0,4
906098,3.0,4
906102,3.0,4
906106,3.0,4
906110,3.0,4
906114,3.0,4
906118,3.0,4
906122,3.0,4
906126,3.0,4
906130,3.0,4
906134,3.0,4
906138,3.0,4
906142,3.0,4
906146,3.0,4
906150,3.0,4
906154,3.0,4
906158,3.0,4
906162,3.0,4
906166,3.0,4
906170,3.0,4
906174,3.0,4
906178,3.0,4
906182,3.0,4
906186,3.0,4
906190,3.0,4
906194,3.0,4
906198,3.0,4
906202,3.0,4
906206,3.0,4
906210,3.0,4
906214,3.0,4
906218,3.0,4
906222,3.0,4
906227,4.0,5
906231,3.0,4
906235,3.0,4
906239,3.0,4
906243,3.0,4
906247,3.0,4
906251,3.0,4
906255,3.0,4
906259,3.0,4
906263,3.0,4
906267,3.0,4
906271,3.0,4
906275,3.0,4
906279,3.0,4
906284,4.0,5
906288,3.0,4
906292,3.0,4
906296,3.0,4
906300,3.0,4
906304,3.0,4
906308,3.0,4
906312,3.0,4
906316,3.0,4
906320,3.0,4
906324,3.0,4
906328,3.0,4
906332,3.0,4
906336,3.0,4
906340,3.0,4
906344,3.0,4
906349,4.0,5
906353,3.0,4
906357,3.0,4
906361,3.0,4
906365,3.0,4
906369,3.0,4
906373,3.0,4
906377,3.0,4
906381,3.0,4
906385,3.0,4
906389,3.0,4
906393,3.0,4
906397,3.0,4
906401,3.0,4
906405,3.0,4
906410,4.0,5
906414,3.0,4
906418,3.0,4
906422,3.0,4
906426,3.0,4
906430,3.0,4
906434,3.0,4
906438,3.0,4
906443,4.0,5
906447,3.0,4
906451,3.0,4
906455,3.0,4
906459,3.0,4
906463,3.0,4
906467,3.0,4
906471,3.0,4
906475,3.0,4
906479,3.0,4
906483,3.0,4
906487,3.0,4
906491,3.0,4
906496,4.0,5
906500,3.0,4
906504,3.0,4
906508,3.0,4
906512,3.0,4
906516,3.0,4
906520,3.0,4
906524,3.0,4
906528,3.0,4
906532,3.0,4
906536,3.0,4
906540,3.0,4
906544,3.0,4
906548,3.0,4
906553,4.0,5
906557,3.0,4
906561,3.0,4
906565,3.0,4
906570,4.0,5
906574,3.0,4
906578,3.0,4
906582,3.0,4
906586,3.0,4
906590,3.0,4
906594,3.0,4
906598,3.0,4
906602,3.0,4
906607,4.0,5
906611,3.0,4
906615,3.0,4
906619,3.0,4
906623,3.0,4
906627,3.0,4
906631,3.0,4
906635,3.0,4
906639,3.0,4
906643,3.0,4
906647,3.0,4
906651,3.0,4
906655,3.0,4
906659,3.0,4
906663,3.0,4
906667,3.0,4
906671,3.0,4
906675,3.0,4
906679,3.0,4
906683,3.0,4
906687,3.0,4
906691,3.0,4
906695,3.0,4
906699,3.0,4
906703,3.0,4
906707,3.0,4
906711,3.0,4
906715,3.0,4
906719,3.0,4
906723,3.0,4
906727,3.0,4
906731,3.0,4
906735,3.0,4
906739,3.0,4
906743,3.0,4
906747,3.0,4
906751,3.0,4
906755,3.0,4
906759,3.0,4
906763,3.0,4
906767,3.0,4
906771,3.0,4
906775,3.0,4
906779,3.0,4
906783,3.0,4
906787,3.0,4
906792,4.0,5
906796,3.0,4
906800,3.0,4
906804,3.0,4
906808,3.0,4
906812,3.0,4
906817,4.0,5
906821,3.0,4
906825,3.0,4
906829,3.0,4
906833,3.0,4
906837,3.0,4
906841,3.0,4
906845,3.0,4
906849,3.0,4
906853,3.0,4
906857,3.0,4
906862,4.0,5
906866,3.0,4
906870,3.0,4
906874,3.0,4
906878,3.0,4
906883,4.0,5
906887,3.0,4
906891,3.0,4
906895,3.0,4
906899,3.0,4
906903,3.0,4
906907,3.0,4
906911,3.0,4
906915,3.0,4
906919,3.0,4
906923,3.0,4
906927,3.0,4
906931,3.0,4
906935,3.0,4
906939,3.0,4
906943,3.0,4
906947,3.0,4
906951,3.0,4
906955,3.0,4
906959,3.0,4
906963,3.0,4
906967,3.0,4
906972,4.0,5
906976,3.0,4
906980,3.0,4
906984,3.0,4
906988,3.0,4
906992,3.0,4
906996,3.0,4
907000,3.0,4
907004,3.0,4
907008,3.0,4
907012,3.0,4
907016,3.0,4
907020,3.0,4
907024,3.0,4
907028,3.0,4
907032,3.0,4
907036,3.0,4
907040,3.0,4
907044,3.0,4
907048,3.0,4
907052,3.0,4
907056,3.0,4
907060,3.0,4
907064,3.0,4
907068,3.0,4
907072,3.0,4
907076,3.0,4
907080,3.0,4
907084,3.0,4
907088,3.0,4
907092,3.0,4
907096,3.0,4
907100,3.0,4
907104,3.0,4
907108,3.0,4
907112,3.0,4
907116,3.0,4
907120,3.0,4
907125,4.0,5
907129,3.0,4
907133,3.0,4
907137,3.0,4
907141,3.0,4
907145,3.0,4
907149,3.0,4
907153,3.0,4
907157,3.0,4
907161,3.0,4
907165,3.0,4
907169,3.0,4
907173,3.0,4
907177,3.0,4
907181,3.0,4
907185,3.0,4
907189,3.0,4
907193,3.0,4
907197,3.0,4
907201,3.0,4
907206,4.0,5
907210,3.0,4
907214,3.0,4
907218,3.0,4
907222,3.0,4
907226,3.0,4
907230,3.0,4
907234,3.0,4
907238,3.0,4
907242,3.0,4
907246,3.0,4
907250,3.0,4
907254,3.0,4
907258,3.0,4
907262,3.0,4
907266,3.0,4
907270,3.0,4
907274,3.0,4
907278,3.0,4
907282,3.0,4
907286,3.0,4
907290,3.0,4
907295,4.0,5
907299,3.0,4
907303,3.0,4
907307,3.0,4
907311,3.0,4
907315,3.0,4
907319,3.0,4
907323,3.0,4
907327,3.0,4
907331,3.0,4
907335,3.0,4
907339,3.0,4
907343,3.0,4
907347,3.0,4
907351,3.0,4
907355,3.0,4
907359,3.0,4
907363,3.0,4
907367,3.0,4
907371,3.0,4
907375,3.0,4
907379,3.0,4
907383,3.0,4
907387,3.0,4
907391,3.0,4
907395,3.0,4
907399,3.0,4
907403,3.0,4
907407,3.0,4
907411,3.0,4
907415,3.0,4
907419,3.0,4
907423,3.0,4
907427,3.0,4
907431,3.0,4
907435,3.0,4
907439,3.0,4
907443,3.0,4
907447,3.0,4
907451,3.0,4
907455,3.0,4
907459,3.0,4
907463,3.0,4
907467,3.0,4
907471,3.0,4
907475,3.0,4
907479,3.0,4
907483,3.0,4
907487,3.0,4
907491,3.0,4
907495,3.0,4
907499,3.0,4
907503,3.0,4
907507,3.0,4
907511,3.0,4
907515,3.0,4
907519,3.0,4
907523,3.0,4
907527,3.0,4
907531,3.0,4
907535,3.0,4
907539,3.0,4
907543,3.0,4
907548,4.0,5
907552,3.0,4
907556,3.0,4
907560,3.0,4
907564,3.0,4
907568,3.0,4
907572,3.0,4
907576,3.0,4
907580,3.0,4
907584,3.0,4
907588,3.0,4
907592,3.0,4
907596,3.0,4
907600,3.0,4
907604,3.0,4
907608,3.0,4
907612,3.0,4
907616,3.0,4
907620,3.0,4
907624,3.0,4
907628,3.0,4
907632,3.0,4
907636,3.0,4
907640,3.0,4
907644,3.0,4
907648,3.0,4
907653,4.0,5
907657,3.0,4
907661,3.0,4
907665,3.0,4
907670,4.0,5
907674,3.0,4
907678,3.0,4
907682,3.0,4
907686,3.0,4
907690,3.0,4
907694,3.0,4
907698,3.0,4
907702,3.0,4
907706,3.0,4
907710,3.0,4
907714,3.0,4
907718,3.0,4
907722,3.0,4
907726,3.0,4
907730,3.0,4
907734,3.0,4
907738,3.0,4
907742,3.0,4
907746,3.0,4
907750,3.0,4
907754,3.0,4
907758,3.0,4
907762,3.0,4
907766,3.0,4
907770,3.0,4
907774,3.0,4
907778,3.0,4
907782,3.0,4
907786,3.0,4
907790,3.0,4
907794,3.0,4
907798,3.0,4
907802,3.0,4
907806,3.0,4
907810,3.0,4
907814,3.0,4
907818,3.0,4
907822,3.0,4
907827,4.0,5
907831,3.0,4
907835,3.0,4
907839,3.0,4
907843,3.0,4
907847,3.0,4
907851,3.0,4
907855,3.0,4
907859,3.0,4
907863,3.0,4
907868,4.0,5
907872,3.0,4
907876,3.0,4
907880,3.0,4
907884,3.0,4
907888,3.0,4
907892,3.0,4
907896,3.0,4
907900,3.0,4
907904,3.0,4
907908,3.0,4
907912,3.0,4
907916,3.0,4
907920,3.0,4
907924,3.0,4
907928,3.0,4
907932,3.0,4
907937,4.0,5
907941,3.0,4
907945,3.0,4
907949,3.0,4
907953,3.0,4
907957,3.0,4
907961,3.0,4
907965,3.0,4
907970,4.0,5
907974,3.0,4
907978,3.0,4
907982,3.0,4
907986,3.0,4
907990,3.0,4
907994,3.0,4
907998,3.0,4
908002,3.0,4
908006,3.0,4
908010,3.0,4
908014,3.0,4
908018,3.0,4
908022,3.0,4
908026,3.0,4
908030,3.0,4
908034,3.0,4
908038,3.0,4
908042,3.0,4
908046,3.0,4
908050,3.0,4
908054,3.0,4
908058,3.0,4
908062,3.0,4
908066,3.0,4
908070,3.0,4
908074,3.0,4
908078,3.0,4
908082,3.0,4
908086,3.0,4
908090,3.0,4
908094,3.0,4
908098,3.0,4
908102,3.0,4
908106,3.0,4
908110,3.0,4
908114,3.0,4
908118,3.0,4
908122,3.0,4
908126,3.0,4
908130,3.0,4
908134,3.0,4
908138,3.0,4
908142,3.0,4
908146,3.0,4
908150,3.0,4
908154,3.0,4
908158,3.0,4
908162,3.0,4
908166,3.0,4
908170,3.0,4
908174,3.0,4
908178,3.0,4
908182,3.0,4
908186,3.0,4
908190,3.0,4
908194,3.0,4
908198,3.0,4
908202,3.0,4
908206,3.0,4
908210,3.0,4
908214,3.0,4
908218,3.0,4
908222,3.0,4
908226,3.0,4
908230,3.0,4
908234,3.0,4
908238,3.0,4
908242,3.0,4
908246,3.0,4
908250,3.0,4
908254,3.0,4
908258,3.0,4
908262,3.0,4
908266,3.0,4
908270,3.0,4
908274,3.0,4
908278,3.0,4
908282,3.0,4
908286,3.0,4
908290,3.0,4
908294,3.0,4
908298,3.0,4
908302,3.0,4
908306,3.0,4
908310,3.0,4
908314,3.0,4
908318,3.0,4
908322,3.0,4
908326,3.0,4
908330,3.0,4
908334,3.0,4
908338,3.0,4
908342,3.0,4
908346,3.0,4
908350,3.0,4
908354,3.0,4
908358,3.0,4
908362,3.0,4
908366,3.0,4
908370,3.0,4
908374,3.0,4
908378,3.0,4
908382,3.0,4
908386,3.0,4
908390,3.0,4
908394,3.0,4
908398,3.0,4
908402,3.0,4
908406,3.0,4
908411,4.0,5
908415,3.0,4
908419,3.0,4
908423,3.0,4
908427,3.0,4
908431,3.0,4
908435,3.0,4
908439,3.0,4
908443,3.0,4
908447,3.0,4
908451,3.0,4
908455,3.0,4
908459,3.0,4
908463,3.0,4
908467,3.0,4
908471,3.0,4
908475,3.0,4
908479,3.0,4
908483,3.0,4
908487,3.0,4
908491,3.0,4
908495,3.0,4
908499,3.0,4
908503,3.0,4
908507,3.0,4
908511,3.0,4
908515,3.0,4
908519,3.0,4
908523,3.0,4
908527,3.0,4
908531,3.0,4
908535,3.0,4
908539,3.0,4
908543,3.0,4
908547,3.0,4
908551,3.0,4
908555,3.0,4
908559,3.0,4
908563,3.0,4
908567,3.0,4
908571,3.0,4
908575,3.0,4
908579,3.0,4
908583,3.0,4
908587,3.0,4
908591,3.0,4
908595,3.0,4
908599,3.0,4
908603,3.0,4
908607,3.0,4
908611,3.0,4
908615,3.0,4
908619,3.0,4
908623,3.0,4
908627,3.0,4
908631,3.0,4
908635,3.0,4
908639,3.0,4
908643,3.0,4
908647,3.0,4
908651,3.0,4
908656,4.0,5
908660,3.0,4
908664,3.0,4
908668,3.0,4
908672,3.0,4
908676,3.0,4
908680,3.0,4
908684,3.0,4
908688,3.0,4
908693,4.0,5
908697,3.0,4
908701,3.0,4
908705,3.0,4
908709,3.0,4
908713,3.0,4
908717,3.0,4
908721,3.0,4
908725,3.0,4
908729,3.0,4
908733,3.0,4
908737,3.0,4
908741,3.0,4
908745,3.0,4
908749,3.0,4
908753,3.0,4
908757,3.0,4
908761,3.0,4
908765,3.0,4
908769,3.0,4
908773,3.0,4
908777,3.0,4
908781,3.0,4
908785,3.0,4
908790,4.0,5
908794,3.0,4
908798,3.0,4
908802,3.0,4
908806,3.0,4
908810,3.0,4
908814,3.0,4
908818,3.0,4
908823,4.0,5
908827,3.0,4
908831,3.0,4
908835,3.0,4
908839,3.0,4
908843,3.0,4
908847,3.0,4
908851,3.0,4
908855,3.0,4
908859,3.0,4
908863,3.0,4
908867,3.0,4
908871,3.0,4
908875,3.0,4
908879,3.0,4
908883,3.0,4
908887,3.0,4
908891,3.0,4
908895,3.0,4
908899,3.0,4
908903,3.0,4
908907,3.0,4
908911,3.0,4
908915,3.0,4
908919,3.0,4
908923,3.0,4
908927,3.0,4
908931,3.0,4
908935,3.0,4
908939,3.0,4
908943,3.0,4
908947,3.0,4
908952,4.0,5
908956,3.0,4
908960,3.0,4
908964,3.0,4
908968,3.0,4
908972,3.0,4
908976,3.0,4
908980,3.0,4
908984,3.0,4
908988,3.0,4
908992,3.0,4
908996,3.0,4
909000,3.0,4
909004,3.0,4
909008,3.0,4
909012,3.0,4
909016,3.0,4
909020,3.0,4
909024,3.0,4
909028,3.0,4
909032,3.0,4
909036,3.0,4
909040,3.0,4
909044,3.0,4
909048,3.0,4
909052,3.0,4
909056,3.0,4
909060,3.0,4
909064,3.0,4
909068,3.0,4
909072,3.0,4
909076,3.0,4
909080,3.0,4
909084,3.0,4
909089,4.0,5
909093,3.0,4
909097,3.0,4
909101,3.0,4
909105,3.0,4
909109,3.0,4
909113,3.0,4
909117,3.0,4
909121,3.0,4
909125,3.0,4
909129,3.0,4
909133,3.0,4
909137,3.0,4
909141,3.0,4
909145,3.0,4
909149,3.0,4
909153,3.0,4
909157,3.0,4
909161,3.0,4
909165,3.0,4
909169,3.0,4
909173,3.0,4
909177,3.0,4
909181,3.0,4
909185,3.0,4
909189,3.0,4
909193,3.0,4
909197,3.0,4
909201,3.0,4
909206,4.0,5
909210,3.0,4
909214,3.0,4
909218,3.0,4
909222,3.0,4
909226,3.0,4
909230,3.0,4
909234,3.0,4
909238,3.0,4
909242,3.0,4
909246,3.0,4
909250,3.0,4
909254,3.0,4
909258,3.0,4
909263,4.0,5
909267,3.0,4
909271,3.0,4
909275,3.0,4
909279,3.0,4
909283,3.0,4
909287,3.0,4
909291,3.0,4
909295,3.0,4
909299,3.0,4
909303,3.0,4
909307,3.0,4
909311,3.0,4
909315,3.0,4
909319,3.0,4
909323,3.0,4
909327,3.0,4
909331,3.0,4
909335,3.0,4
909339,3.0,4
909343,3.0,4
909347,3.0,4
909351,3.0,4
909355,3.0,4
909359,3.0,4
909363,3.0,4
909367,3.0,4
909371,3.0,4
909375,3.0,4
909379,3.0,4
909383,3.0,4
909388,4.0,5
909392,3.0,4
909396,3.0,4
909400,3.0,4
909404,3.0,4
909408,3.0,4
909412,3.0,4
909416,3.0,4
909420,3.0,4
909424,3.0,4
909428,3.0,4
909432,3.0,4
909436,3.0,4
909440,3.0,4
909444,3.0,4
909448,3.0,4
909452,3.0,4
909456,3.0,4
909460,3.0,4
909464,3.0,4
909469,4.0,5
909473,3.0,4
909477,3.0,4
909481,3.0,4
909485,3.0,4
909489,3.0,4
909493,3.0,4
909497,3.0,4
909502,4.0,5
909506,3.0,4
909510,3.0,4
909514,3.0,4
909518,3.0,4
909522,3.0,4
909526,3.0,4
909530,3.0,4
909534,3.0,4
909538,3.0,4
909542,3.0,4
909546,3.0,4
909550,3.0,4
909554,3.0,4
909558,3.0,4
909562,3.0,4
909566,3.0,4
909571,4.0,5
909575,3.0,4
909579,3.0,4
909583,3.0,4
909587,3.0,4
909591,3.0,4
909595,3.0,4
909599,3.0,4
909603,3.0,4
909607,3.0,4
909611,3.0,4
909615,3.0,4
909619,3.0,4
909623,3.0,4
909627,3.0,4
909631,3.0,4
909635,3.0,4
909639,3.0,4
909643,3.0,4
909648,4.0,5
909652,3.0,4
909656,3.0,4
909660,3.0,4
909664,3.0,4
909668,3.0,4
909672,3.0,4
909676,3.0,4
909680,3.0,4
909684,3.0,4
909688,3.0,4
909692,3.0,4
909696,3.0,4
909700,3.0,4
909704,3.0,4
909708,3.0,4
909712,3.0,4
909716,3.0,4
909721,4.0,5
909725,3.0,4
909729,3.0,4
909733,3.0,4
909737,3.0,4
909741,3.0,4
909745,3.0,4
909749,3.0,4
909753,3.0,4
909757,3.0,4
909761,3.0,4
909765,3.0,4
909769,3.0,4
909773,3.0,4
909777,3.0,4
909781,3.0,4
909785,3.0,4
909789,3.0,4
909793,3.0,4
909797,3.0,4
909801,3.0,4
909805,3.0,4
909809,3.0,4
909813,3.0,4
909817,3.0,4
909821,3.0,4
909825,3.0,4
909829,3.0,4
909833,3.0,4
909837,3.0,4
909841,3.0,4
909846,4.0,5
909850,3.0,4
909854,3.0,4
909858,3.0,4
909862,3.0,4
909866,3.0,4
909870,3.0,4
909874,3.0,4
909878,3.0,4
909882,3.0,4
909886,3.0,4
909890,3.0,4
909894,3.0,4
909898,3.0,4
909902,3.0,4
909907,4.0,5
909911,3.0,4
909916,4.0,5
909920,3.0,4
909924,3.0,4
909928,3.0,4
909932,3.0,4
909936,3.0,4
909940,3.0,4
909944,3.0,4
909948,3.0,4
909952,3.0,4
909956,3.0,4
909960,3.0,4
909964,3.0,4
909968,3.0,4
909973,4.0,5
909977,3.0,4
909981,3.0,4
909985,3.0,4
909989,3.0,4
909993,3.0,4
909997,3.0,4
910001,3.0,4
910005,3.0,4
910009,3.0,4
910014,4.0,5
910019,4.0,5
910023,3.0,4
910027,3.0,4
910031,3.0,4
910035,3.0,4
910039,3.0,4
910043,3.0,4
910047,3.0,4
910051,3.0,4
910055,3.0,4
910059,3.0,4
910063,3.0,4
910067,3.0,4
910071,3.0,4
910075,3.0,4
910079,3.0,4
910083,3.0,4
910087,3.0,4
910091,3.0,4
910095,3.0,4
910099,3.0,4
910103,3.0,4
910107,3.0,4
910111,3.0,4
910115,3.0,4
910119,3.0,4
910123,3.0,4
910127,3.0,4
910131,3.0,4
910135,3.0,4
910139,3.0,4
910143,3.0,4
910147,3.0,4
910151,3.0,4
910155,3.0,4
910159,3.0,4
910163,3.0,4
910168,4.0,5
910172,3.0,4
910176,3.0,4
910180,3.0,4
910184,3.0,4
910188,3.0,4
910192,3.0,4
910196,3.0,4
910200,3.0,4
910204,3.0,4
910208,3.0,4
910212,3.0,4
910216,3.0,4
910220,3.0,4
910224,3.0,4
910228,3.0,4
910232,3.0,4
910236,3.0,4
910240,3.0,4
910244,3.0,4
910248,3.0,4
910252,3.0,4
910256,3.0,4
910260,3.0,4
910264,3.0,4
910268,3.0,4
910272,3.0,4
910276,3.0,4
910280,3.0,4
910284,3.0,4
910288,3.0,4
910293,4.0,5
910297,3.0,4
910301,3.0,4
910305,3.0,4
910310,4.0,5
910314,3.0,4
910318,3.0,4
910322,3.0,4
910326,3.0,4
910330,3.0,4
910334,3.0,4
910338,3.0,4
910342,3.0,4
910346,3.0,4
910350,3.0,4
910354,3.0,4
910358,3.0,4
910362,3.0,4
910366,3.0,4
910371,4.0,5
910375,3.0,4
910379,3.0,4
910383,3.0,4
910387,3.0,4
910391,3.0,4
910395,3.0,4
910399,3.0,4
910403,3.0,4
910407,3.0,4
910411,3.0,4
910415,3.0,4
910419,3.0,4
910423,3.0,4
910427,3.0,4
910431,3.0,4
910435,3.0,4
910439,3.0,4
910443,3.0,4
910448,4.0,5
910452,3.0,4
910456,3.0,4
910460,3.0,4
910464,3.0,4
910468,3.0,4
910472,3.0,4
910476,3.0,4
910480,3.0,4
910484,3.0,4
910488,3.0,4
910492,3.0,4
910496,3.0,4
910500,3.0,4
910504,3.0,4
910508,3.0,4
910512,3.0,4
910516,3.0,4
910520,3.0,4
910524,3.0,4
910528,3.0,4
910532,3.0,4
910537,4.0,5
910541,3.0,4
910545,3.0,4
910549,3.0,4
910553,3.0,4
910558,4.0,5
910562,3.0,4
910566,3.0,4
910570,3.0,4
910574,3.0,4
910578,3.0,4
910583,4.0,5
910587,3.0,4
910591,3.0,4
910595,3.0,4
910599,3.0,4
910603,3.0,4
910607,3.0,4
910611,3.0,4
910615,3.0,4
910619,3.0,4
910623,3.0,4
910627,3.0,4
910631,3.0,4
910635,3.0,4
910639,3.0,4
910643,3.0,4
910647,3.0,4
910651,3.0,4
910656,4.0,5
910660,3.0,4
910664,3.0,4
910668,3.0,4
910672,3.0,4
910676,3.0,4
910680,3.0,4
910684,3.0,4
910688,3.0,4
910692,3.0,4
910697,4.0,5
910701,3.0,4
910705,3.0,4
910709,3.0,4
910713,3.0,4
910717,3.0,4
910721,3.0,4
910725,3.0,4
910729,3.0,4
910733,3.0,4
910737,3.0,4
910741,3.0,4
910745,3.0,4
910749,3.0,4
910753,3.0,4
910757,3.0,4
910761,3.0,4
910765,3.0,4
910769,3.0,4
910773,3.0,4
910777,3.0,4
910781,3.0,4
910785,3.0,4
910789,3.0,4
910793,3.0,4
910797,3.0,4
910801,3.0,4
910805,3.0,4
910809,3.0,4
910813,3.0,4
910817,3.0,4
910821,3.0,4
910825,3.0,4
910829,3.0,4
910833,3.0,4
910837,3.0,4
910841,3.0,4
910845,3.0,4
910849,3.0,4
910853,3.0,4
910857,3.0,4
910861,3.0,4
910865,3.0,4
910869,3.0,4
910873,3.0,4
910877,3.0,4
910881,3.0,4
910885,3.0,4
910889,3.0,4
910893,3.0,4
910897,3.0,4
910901,3.0,4
910905,3.0,4
910909,3.0,4
910913,3.0,4
910917,3.0,4
910921,3.0,4
910925,3.0,4
910929,3.0,4
910933,3.0,4
910937,3.0,4
910941,3.0,4
910945,3.0,4
910949,3.0,4
910953,3.0,4
910957,3.0,4
910962,4.0,5
910966,3.0,4
910970,3.0,4
910974,3.0,4
910978,3.0,4
910982,3.0,4
910986,3.0,4
910990,3.0,4
910994,3.0,4
910998,3.0,4
911002,3.0,4
911006,3.0,4
911010,3.0,4
911014,3.0,4
911018,3.0,4
911022,3.0,4
911026,3.0,4
911030,3.0,4
911034,3.0,4
911038,3.0,4
911042,3.0,4
911046,3.0,4
911050,3.0,4
911054,3.0,4
911058,3.0,4
911062,3.0,4
911066,3.0,4
911070,3.0,4
911074,3.0,4
911078,3.0,4
911082,3.0,4
911086,3.0,4
911090,3.0,4
911094,3.0,4
911098,3.0,4
911102,3.0,4
911106,3.0,4
911110,3.0,4
911114,3.0,4
911118,3.0,4
911122,3.0,4
911126,3.0,4
911131,4.0,5
911135,3.0,4
911139,3.0,4
911143,3.0,4
911148,4.0,5
911152,3.0,4
911156,3.0,4
911160,3.0,4
911164,3.0,4
911168,3.0,4
911172,3.0,4
911176,3.0,4
911180,3.0,4
911184,3.0,4
911188,3.0,4
911192,3.0,4
911196,3.0,4
911200,3.0,4
911204,3.0,4
911208,3.0,4
911212,3.0,4
911216,3.0,4
911220,3.0,4
911224,3.0,4
911228,3.0,4
911233,4.0,5
911237,3.0,4
911241,3.0,4
911245,3.0,4
911249,3.0,4
911253,3.0,4
911257,3.0,4
911261,3.0,4
911265,3.0,4
911269,3.0,4
911273,3.0,4
911277,3.0,4
911281,3.0,4
911285,3.0,4
911289,3.0,4
911293,3.0,4
911298,4.0,5
911303,4.0,5
911307,3.0,4
911311,3.0,4
911315,3.0,4
911319,3.0,4
911323,3.0,4
911327,3.0,4
911331,3.0,4
911335,3.0,4
911339,3.0,4
911343,3.0,4
911348,4.0,5
911352,3.0,4
911356,3.0,4
911360,3.0,4
911364,3.0,4
911368,3.0,4
911372,3.0,4
911376,3.0,4
911380,3.0,4
911384,3.0,4
911388,3.0,4
911392,3.0,4
911396,3.0,4
911400,3.0,4
911405,4.0,5
911409,3.0,4
911413,3.0,4
911417,3.0,4
911421,3.0,4
911425,3.0,4
911429,3.0,4
911433,3.0,4
911437,3.0,4
911441,3.0,4
911445,3.0,4
911450,4.0,5
911454,3.0,4
911459,4.0,5
911464,4.0,5
911468,3.0,4
911473,4.0,5
911477,3.0,4
911481,3.0,4
911485,3.0,4
911489,3.0,4
911493,3.0,4
911497,3.0,4
911501,3.0,4
911505,3.0,4
911509,3.0,4
911513,3.0,4
911517,3.0,4
911521,3.0,4
911525,3.0,4
911529,3.0,4
911533,3.0,4
911537,3.0,4
911542,4.0,5
911546,3.0,4
911550,3.0,4
911554,3.0,4
911559,4.0,5
911563,3.0,4
911568,4.0,5
911572,3.0,4
911577,4.0,5
911581,3.0,4
911585,3.0,4
911589,3.0,4
911593,3.0,4
911597,3.0,4
911602,4.0,5
911606,3.0,4
911610,3.0,4
911614,3.0,4
911618,3.0,4
911622,3.0,4
911627,4.0,5
911631,3.0,4
911635,3.0,4
911639,3.0,4
911643,3.0,4
911647,3.0,4
911651,3.0,4
911655,3.0,4
911659,3.0,4
911664,4.0,5
911668,3.0,4
911672,3.0,4
911676,3.0,4
911680,3.0,4
911684,3.0,4
911688,3.0,4
911692,3.0,4
911697,4.0,5
911701,3.0,4
911705,3.0,4
911709,3.0,4
911713,3.0,4
911717,3.0,4
911721,3.0,4
911726,4.0,5
911730,3.0,4
911734,3.0,4
911739,4.0,5
911743,3.0,4
911747,3.0,4
911751,3.0,4
911755,3.0,4
911759,3.0,4
911763,3.0,4
911768,4.0,5
911772,3.0,4
911776,3.0,4
911780,3.0,4
911784,3.0,4
911789,4.0,5
911793,3.0,4
911797,3.0,4
911802,4.0,5
911807,4.0,5
911811,3.0,4
911815,3.0,4
911819,3.0,4
911823,3.0,4
911827,3.0,4
911831,3.0,4
911835,3.0,4
911839,3.0,4
911843,3.0,4
911847,3.0,4
911851,3.0,4
911855,3.0,4
911859,3.0,4
911863,3.0,4
911867,3.0,4
911871,3.0,4
911875,3.0,4
911879,3.0,4
911884,4.0,5
911888,3.0,4
911893,4.0,5
911897,3.0,4
911901,3.0,4
911906,4.0,5
911910,3.0,4
911914,3.0,4
911919,4.0,5
911924,4.0,5
911928,3.0,4
911932,3.0,4
911936,3.0,4
911941,4.0,5
911945,3.0,4
911949,3.0,4
911953,3.0,4
911957,3.0,4
911961,3.0,4
911965,3.0,4
911969,3.0,4
911973,3.0,4
911977,3.0,4
911981,3.0,4
911985,3.0,4
911989,3.0,4
911993,3.0,4
911997,3.0,4
912001,3.0,4
912005,3.0,4
912009,3.0,4
912013,3.0,4
912017,3.0,4
912021,3.0,4
912025,3.0,4
912029,3.0,4
912034,4.0,5
912038,3.0,4
912043,4.0,5
912047,3.0,4
912051,3.0,4
912055,3.0,4
912059,3.0,4
912063,3.0,4
912067,3.0,4
912071,3.0,4
912075,3.0,4
912079,3.0,4
912083,3.0,4
912087,3.0,4
912091,3.0,4
912095,3.0,4
912099,3.0,4
912103,3.0,4
912107,3.0,4
912111,3.0,4
912115,3.0,4
912119,3.0,4
912123,3.0,4
912127,3.0,4
912131,3.0,4
912135,3.0,4
912139,3.0,4
912143,3.0,4
912147,3.0,4
912151,3.0,4
912156,4.0,5
912160,3.0,4
912164,3.0,4
912168,3.0,4
912172,3.0,4
912176,3.0,4
912180,3.0,4
912184,3.0,4
912188,3.0,4
912192,3.0,4
912196,3.0,4
912200,3.0,4
912204,3.0,4
912208,3.0,4
912212,3.0,4
912216,3.0,4
912220,3.0,4
912224,3.0,4
912228,3.0,4
912232,3.0,4
912236,3.0,4
912241,4.0,5
912245,3.0,4
912249,3.0,4
912253,3.0,4
912257,3.0,4
912262,4.0,5
912266,3.0,4
912270,3.0,4
912274,3.0,4
912278,3.0,4
912282,3.0,4
912286,3.0,4
912290,3.0,4
912294,3.0,4
912298,3.0,4
912302,3.0,4
912307,4.0,5
912311,3.0,4
912315,3.0,4
912319,3.0,4
912324,4.0,5
912328,3.0,4
912332,3.0,4
912336,3.0,4
912340,3.0,4
912344,3.0,4
912348,3.0,4
912352,3.0,4
912356,3.0,4
912361,4.0,5
912365,3.0,4
912369,3.0,4
912374,4.0,5
912378,3.0,4
912382,3.0,4
912386,3.0,4
912390,3.0,4
912394,3.0,4
912398,3.0,4
912402,3.0,4
912406,3.0,4
912410,3.0,4
912414,3.0,4
912418,3.0,4
912422,3.0,4
912427,4.0,5
912431,3.0,4
912435,3.0,4
912439,3.0,4
912444,4.0,5
912448,3.0,4
912452,3.0,4
912456,3.0,4
912460,3.0,4
912464,3.0,4
912468,3.0,4
912472,3.0,4
912476,3.0,4
912480,3.0,4
912485,4.0,5
912489,3.0,4
912493,3.0,4
912497,3.0,4
912501,3.0,4
912505,3.0,4
912509,3.0,4
912513,3.0,4
912517,3.0,4
912521,3.0,4
912525,3.0,4
912529,3.0,4
912533,3.0,4
912537,3.0,4
912541,3.0,4
912545,3.0,4
912549,3.0,4
912553,3.0,4
912557,3.0,4
912561,3.0,4
912565,3.0,4
912570,4.0,5
912574,3.0,4
912578,3.0,4
912582,3.0,4
912586,3.0,4
912590,3.0,4
912594,3.0,4
912598,3.0,4
912602,3.0,4
912606,3.0,4
912610,3.0,4
912614,3.0,4
912618,3.0,4
912622,3.0,4
912626,3.0,4
912630,3.0,4
912634,3.0,4
912638,3.0,4
912642,3.0,4
912646,3.0,4
912650,3.0,4
912654,3.0,4
912658,3.0,4
912662,3.0,4
912666,3.0,4
912670,3.0,4
912674,3.0,4
912678,3.0,4
912682,3.0,4
912686,3.0,4
912690,3.0,4
912694,3.0,4
912698,3.0,4
912702,3.0,4
912706,3.0,4
912710,3.0,4
912714,3.0,4
912718,3.0,4
912722,3.0,4
912726,3.0,4
912731,4.0,5
912735,3.0,4
912739,3.0,4
912743,3.0,4
912747,3.0,4
912751,3.0,4
912755,3.0,4
912760,4.0,5
912764,3.0,4
912768,3.0,4
912773,4.0,5
912777,3.0,4
912782,4.0,5
912786,3.0,4
912790,3.0,4
912794,3.0,4
912798,3.0,4
912802,3.0,4
912807,4.0,5
912811,3.0,4
912815,3.0,4
912819,3.0,4
912823,3.0,4
912827,3.0,4
912831,3.0,4
912835,3.0,4
912839,3.0,4
912843,3.0,4
912847,3.0,4
912851,3.0,4
912855,3.0,4
912859,3.0,4
912863,3.0,4
912867,3.0,4
912872,4.0,5
912876,3.0,4
912881,4.0,5
912886,4.0,5
912890,3.0,4
912894,3.0,4
912898,3.0,4
912902,3.0,4
912906,3.0,4
912910,3.0,4
912915,4.0,5
912920,4.0,5
912924,3.0,4
912928,3.0,4
912932,3.0,4
912936,3.0,4
912940,3.0,4
912944,3.0,4
912949,4.0,5
912953,3.0,4
912957,3.0,4
912961,3.0,4
912965,3.0,4
912969,3.0,4
912973,3.0,4
912977,3.0,4
912981,3.0,4
912985,3.0,4
912989,3.0,4
912994,4.0,5
912998,3.0,4
913002,3.0,4
913006,3.0,4
913010,3.0,4
913014,3.0,4
913018,3.0,4
913023,4.0,5
913027,3.0,4
913031,3.0,4
913035,3.0,4
913039,3.0,4
913043,3.0,4
913048,4.0,5
913052,3.0,4
913056,3.0,4
913060,3.0,4
913064,3.0,4
913068,3.0,4
913072,3.0,4
913076,3.0,4
913081,4.0,5
913086,4.0,5
913090,3.0,4
913095,4.0,5
913099,3.0,4
913103,3.0,4
913107,3.0,4
913111,3.0,4
913115,3.0,4
913119,3.0,4
913124,4.0,5
913128,3.0,4
913132,3.0,4
913136,3.0,4
913140,3.0,4
913144,3.0,4
913148,3.0,4
913152,3.0,4
913156,3.0,4
913160,3.0,4
913164,3.0,4
913168,3.0,4
913172,3.0,4
913176,3.0,4
913180,3.0,4
913184,3.0,4
913188,3.0,4
913192,3.0,4
913196,3.0,4
913200,3.0,4
913204,3.0,4
913208,3.0,4
913212,3.0,4
913216,3.0,4
913220,3.0,4
913224,3.0,4
913228,3.0,4
913232,3.0,4
913236,3.0,4
913240,3.0,4
913244,3.0,4
913248,3.0,4
913252,3.0,4
913256,3.0,4
913260,3.0,4
913264,3.0,4
913269,4.0,5
913273,3.0,4
913277,3.0,4
913281,3.0,4
913285,3.0,4
913289,3.0,4
913293,3.0,4
913297,3.0,4
913301,3.0,4
913305,3.0,4
913309,3.0,4
913313,3.0,4
913317,3.0,4
913321,3.0,4
913325,3.0,4
913329,3.0,4
913333,3.0,4
913337,3.0,4
913341,3.0,4
913345,3.0,4
913349,3.0,4
913353,3.0,4
913357,3.0,4
913361,3.0,4
913365,3.0,4
913370,4.0,5
913374,3.0,4
913378,3.0,4
913382,3.0,4
913386,3.0,4
913390,3.0,4
913394,3.0,4
913398,3.0,4
913402,3.0,4
913407,4.0,5
913412,4.0,5
913416,3.0,4
913420,3.0,4
913424,3.0,4
913428,3.0,4
913432,3.0,4
913436,3.0,4
913441,4.0,5
913445,3.0,4
913449,3.0,4
913453,3.0,4
913457,3.0,4
913461,3.0,4
913465,3.0,4
913469,3.0,4
913474,4.0,5
913478,3.0,4
913482,3.0,4
913486,3.0,4
913491,4.0,5
913496,4.0,5
913500,3.0,4
913504,3.0,4
913508,3.0,4
913512,3.0,4
913517,4.0,5
913521,3.0,4
913525,3.0,4
913529,3.0,4
913533,3.0,4
913538,4.0,5
913542,3.0,4
913547,4.0,5
913551,3.0,4
913555,3.0,4
913559,3.0,4
913563,3.0,4
913567,3.0,4
913571,3.0,4
913575,3.0,4
913579,3.0,4
913583,3.0,4
913587,3.0,4
913591,3.0,4
913595,3.0,4
913599,3.0,4
913604,4.0,5
913608,3.0,4
913612,3.0,4
913616,3.0,4
913620,3.0,4
913624,3.0,4
913628,3.0,4
913633,4.0,5
913637,3.0,4
913642,4.0,5
913647,4.0,5
913651,3.0,4
913655,3.0,4
913659,3.0,4
913663,3.0,4
913667,3.0,4
913671,3.0,4
913675,3.0,4
913680,4.0,5
913685,4.0,5
913689,3.0,4
913693,3.0,4
913697,3.0,4
913701,3.0,4
913705,3.0,4
913710,4.0,5
913715,4.0,5
913719,3.0,4
913723,3.0,4
913727,3.0,4
913731,3.0,4
913736,4.0,5
913740,3.0,4
913744,3.0,4
913748,3.0,4
913752,3.0,4
913756,3.0,4
913760,3.0,4
913764,3.0,4
913768,3.0,4
913772,3.0,4
913776,3.0,4
913781,4.0,5
913785,3.0,4
913789,3.0,4
913793,3.0,4
913797,3.0,4
913801,3.0,4
913805,3.0,4
913809,3.0,4
913813,3.0,4
913817,3.0,4
913821,3.0,4
913825,3.0,4
913829,3.0,4
913833,3.0,4
913837,3.0,4
913842,4.0,5
913846,3.0,4
913850,3.0,4
913855,4.0,5
913860,4.0,5
913864,3.0,4
913869,4.0,5
913874,4.0,5
913878,3.0,4
913882,3.0,4
913886,3.0,4
913890,3.0,4
913894,3.0,4
913898,3.0,4
913902,3.0,4
913906,3.0,4
913910,3.0,4
913914,3.0,4
913918,3.0,4
913922,3.0,4
913926,3.0,4
913930,3.0,4
913934,3.0,4
913939,4.0,5
913943,3.0,4
913947,3.0,4
913951,3.0,4
913956,4.0,5
913961,4.0,5
913965,3.0,4
913969,3.0,4
913973,3.0,4
913977,3.0,4
913981,3.0,4
913985,3.0,4
913989,3.0,4
913993,3.0,4
913998,4.0,5
914002,3.0,4
914006,3.0,4
914010,3.0,4
914014,3.0,4
914018,3.0,4
914023,4.0,5
914027,3.0,4
914031,3.0,4
914035,3.0,4
914039,3.0,4
914043,3.0,4
914047,3.0,4
914051,3.0,4
914055,3.0,4
914059,3.0,4
914063,3.0,4
914067,3.0,4
914071,3.0,4
914075,3.0,4
914079,3.0,4
914083,3.0,4
914087,3.0,4
914091,3.0,4
914095,3.0,4
914099,3.0,4
914103,3.0,4
914107,3.0,4
914111,3.0,4
914115,3.0,4
914119,3.0,4
914123,3.0,4
914127,3.0,4
914131,3.0,4
914135,3.0,4
914139,3.0,4
914144,4.0,5
914148,3.0,4
914152,3.0,4
914156,3.0,4
914160,3.0,4
914165,4.0,5
914169,3.0,4
914173,3.0,4
914177,3.0,4
914181,3.0,4
914185,3.0,4
914189,3.0,4
914194,4.0,5
914198,3.0,4
914202,3.0,4
914206,3.0,4
914210,3.0,4
914214,3.0,4
914219,4.0,5
914223,3.0,4
914227,3.0,4
914231,3.0,4
914235,3.0,4
914239,3.0,4
914243,3.0,4
914247,3.0,4
914251,3.0,4
914255,3.0,4
914259,3.0,4
914263,3.0,4
914268,4.0,5
914272,3.0,4
914276,3.0,4
914280,3.0,4
914284,3.0,4
914288,3.0,4
914292,3.0,4
914296,3.0,4
914300,3.0,4
914304,3.0,4
914309,4.0,5
914313,3.0,4
914317,3.0,4
914321,3.0,4
914325,3.0,4
914329,3.0,4
914334,4.0,5
914339,4.0,5
914343,3.0,4
914347,3.0,4
914351,3.0,4
914355,3.0,4
914359,3.0,4
914363,3.0,4
914367,3.0,4
914371,3.0,4
914375,3.0,4
914379,3.0,4
914383,3.0,4
914387,3.0,4
914391,3.0,4
914395,3.0,4
914399,3.0,4
914403,3.0,4
914407,3.0,4
914412,4.0,5
914417,4.0,5
914421,3.0,4
914426,4.0,5
914430,3.0,4
914434,3.0,4
914438,3.0,4
914442,3.0,4
914446,3.0,4
914450,3.0,4
914454,3.0,4
914458,3.0,4
914463,4.0,5
914467,3.0,4
914472,4.0,5
914477,4.0,5
914481,3.0,4
914485,3.0,4
914489,3.0,4
914494,4.0,5
914498,3.0,4
914502,3.0,4
914506,3.0,4
914511,4.0,5
914515,3.0,4
914519,3.0,4
914523,3.0,4
914527,3.0,4
914531,3.0,4
914535,3.0,4
914540,4.0,5
914544,3.0,4
914548,3.0,4
914552,3.0,4
914557,4.0,5
914562,4.0,5
914566,3.0,4
914570,3.0,4
914574,3.0,4
914578,3.0,4
914582,3.0,4
914586,3.0,4
914590,3.0,4
914594,3.0,4
914598,3.0,4
914602,3.0,4
914606,3.0,4
914611,4.0,5
914615,3.0,4
914619,3.0,4
914623,3.0,4
914627,3.0,4
914631,3.0,4
914635,3.0,4
914639,3.0,4
914643,3.0,4
914647,3.0,4
914652,4.0,5
914656,3.0,4
914660,3.0,4
914664,3.0,4
914669,4.0,5
914673,3.0,4
914677,3.0,4
914681,3.0,4
914686,4.0,5
914690,3.0,4
914694,3.0,4
914698,3.0,4
914702,3.0,4
914706,3.0,4
914710,3.0,4
914715,4.0,5
914719,3.0,4
914723,3.0,4
914727,3.0,4
914731,3.0,4
914735,3.0,4
914739,3.0,4
914743,3.0,4
914747,3.0,4
914751,3.0,4
914755,3.0,4
914759,3.0,4
914763,3.0,4
914768,4.0,5
914772,3.0,4
914776,3.0,4
914781,4.0,5
914785,3.0,4
914789,3.0,4
914793,3.0,4
914797,3.0,4
914801,3.0,4
914805,3.0,4
914809,3.0,4
914813,3.0,4
914817,3.0,4
914821,3.0,4
914826,4.0,5
914830,3.0,4
914835,4.0,5
914839,3.0,4
914843,3.0,4
914847,3.0,4
914851,3.0,4
914855,3.0,4
914859,3.0,4
914863,3.0,4
914867,3.0,4
914871,3.0,4
914876,4.0,5
914881,4.0,5
914885,3.0,4
914889,3.0,4
914893,3.0,4
914898,4.0,5
914902,3.0,4
914907,4.0,5
914911,3.0,4
914915,3.0,4
914919,3.0,4
914923,3.0,4
914927,3.0,4
914931,3.0,4
914935,3.0,4
914939,3.0,4
914944,4.0,5
914948,3.0,4
914952,3.0,4
914956,3.0,4
914960,3.0,4
914964,3.0,4
914968,3.0,4
914972,3.0,4
914976,3.0,4
914980,3.0,4
914984,3.0,4
914988,3.0,4
914992,3.0,4
914996,3.0,4
915001,4.0,5
915005,3.0,4
915009,3.0,4
915013,3.0,4
915018,4.0,5
915022,3.0,4
915026,3.0,4
915030,3.0,4
915034,3.0,4
915038,3.0,4
915042,3.0,4
915046,3.0,4
915050,3.0,4
915054,3.0,4
915058,3.0,4
915062,3.0,4
915066,3.0,4
915070,3.0,4
915074,3.0,4
915079,4.0,5
915083,3.0,4
915087,3.0,4
915091,3.0,4
915095,3.0,4
915099,3.0,4
915104,4.0,5
915108,3.0,4
915112,3.0,4
915116,3.0,4
915120,3.0,4
915124,3.0,4
915128,3.0,4
915133,4.0,5
915137,3.0,4
915141,3.0,4
915145,3.0,4
915149,3.0,4
915153,3.0,4
915157,3.0,4
915161,3.0,4
915165,3.0,4
915169,3.0,4
915173,3.0,4
915177,3.0,4
915181,3.0,4
915185,3.0,4
915189,3.0,4
915193,3.0,4
915197,3.0,4
915201,3.0,4
915205,3.0,4
915209,3.0,4
915213,3.0,4
915217,3.0,4
915221,3.0,4
915225,3.0,4
915230,4.0,5
915235,4.0,5
915239,3.0,4
915243,3.0,4
915247,3.0,4
915251,3.0,4
915255,3.0,4
915259,3.0,4
915263,3.0,4
915267,3.0,4
915271,3.0,4
915275,3.0,4
915280,4.0,5
915284,3.0,4
915288,3.0,4
915293,4.0,5
915297,3.0,4
915301,3.0,4
915306,4.0,5
915310,3.0,4
915314,3.0,4
915319,4.0,5
915323,3.0,4
915327,3.0,4
915331,3.0,4
915335,3.0,4
915339,3.0,4
915343,3.0,4
915347,3.0,4
915351,3.0,4
915355,3.0,4
915359,3.0,4
915363,3.0,4
915367,3.0,4
915371,3.0,4
915375,3.0,4
915379,3.0,4
915383,3.0,4
915387,3.0,4
915391,3.0,4
915395,3.0,4
915399,3.0,4
915404,4.0,5
915409,4.0,5
915413,3.0,4
915417,3.0,4
915421,3.0,4
915425,3.0,4
915429,3.0,4
915433,3.0,4
915437,3.0,4
915441,3.0,4
915445,3.0,4
915450,4.0,5
915455,4.0,5
915459,3.0,4
915463,3.0,4
915467,3.0,4
915472,4.0,5
915476,3.0,4
915480,3.0,4
915484,3.0,4
915488,3.0,4
915493,4.0,5
915497,3.0,4
915501,3.0,4
915505,3.0,4
915509,3.0,4
915513,3.0,4
915517,3.0,4
915522,4.0,5
915526,3.0,4
915531,4.0,5
915536,4.0,5
915540,3.0,4
915544,3.0,4
915548,3.0,4
915552,3.0,4
915556,3.0,4
915560,3.0,4
915564,3.0,4
915568,3.0,4
915572,3.0,4
915576,3.0,4
915580,3.0,4
915584,3.0,4
915588,3.0,4
915592,3.0,4
915597,4.0,5
915602,4.0,5
915606,3.0,4
915610,3.0,4
915614,3.0,4
915619,4.0,5
915623,3.0,4
915627,3.0,4
915632,4.0,5
915636,3.0,4
915640,3.0,4
915644,3.0,4
915648,3.0,4
915652,3.0,4
915656,3.0,4
915660,3.0,4
915664,3.0,4
915668,3.0,4
915672,3.0,4
915676,3.0,4
915680,3.0,4
915684,3.0,4
915688,3.0,4
915692,3.0,4
915696,3.0,4
915700,3.0,4
915704,3.0,4
915709,4.0,5
915713,3.0,4
915718,4.0,5
915722,3.0,4
915726,3.0,4
915730,3.0,4
915735,4.0,5
915739,3.0,4
915743,3.0,4
915748,4.0,5
915752,3.0,4
915756,3.0,4
915760,3.0,4
915764,3.0,4
915769,4.0,5
915773,3.0,4
915777,3.0,4
915781,3.0,4
915785,3.0,4
915789,3.0,4
915793,3.0,4
915797,3.0,4
915801,3.0,4
915805,3.0,4
915809,3.0,4
915814,4.0,5
915818,3.0,4
915822,3.0,4
915826,3.0,4
915830,3.0,4
915834,3.0,4
915838,3.0,4
915842,3.0,4
915846,3.0,4
915850,3.0,4
915854,3.0,4
915858,3.0,4
915862,3.0,4
915866,3.0,4
915870,3.0,4
915874,3.0,4
915878,3.0,4
915883,4.0,5
915887,3.0,4
915892,4.0,5
915896,3.0,4
915900,3.0,4
915904,3.0,4
915908,3.0,4
915912,3.0,4
915916,3.0,4
915921,4.0,5
915925,3.0,4
915929,3.0,4
915933,3.0,4
915938,4.0,5
915942,3.0,4
915946,3.0,4
915950,3.0,4
915954,3.0,4
915958,3.0,4
915963,4.0,5
915967,3.0,4
915971,3.0,4
915975,3.0,4
915979,3.0,4
915983,3.0,4
915987,3.0,4
915991,3.0,4
915995,3.0,4
915999,3.0,4
916003,3.0,4
916007,3.0,4
916011,3.0,4
916015,3.0,4
916019,3.0,4
916023,3.0,4
916027,3.0,4
916031,3.0,4
916035,3.0,4
916040,4.0,5
916044,3.0,4
916048,3.0,4
916052,3.0,4
916056,3.0,4
916060,3.0,4
916064,3.0,4
916069,4.0,5
916073,3.0,4
916077,3.0,4
916081,3.0,4
916085,3.0,4
916089,3.0,4
916093,3.0,4
916097,3.0,4
916101,3.0,4
916105,3.0,4
916109,3.0,4
916113,3.0,4
916118,4.0,5
916122,3.0,4
916126,3.0,4
916130,3.0,4
916134,3.0,4
916138,3.0,4
916142,3.0,4
916146,3.0,4
916150,3.0,4
916154,3.0,4
916158,3.0,4
916162,3.0,4
916166,3.0,4
916170,3.0,4
916174,3.0,4
916178,3.0,4
916182,3.0,4
916186,3.0,4
916190,3.0,4
916194,3.0,4
916198,3.0,4
916202,3.0,4
916207,4.0,5
916211,3.0,4
916216,4.0,5
916220,3.0,4
916225,4.0,5
916229,3.0,4
916233,3.0,4
916237,3.0,4
916241,3.0,4
916245,3.0,4
916249,3.0,4
916253,3.0,4
916257,3.0,4
916261,3.0,4
916266,4.0,5
916270,3.0,4
916274,3.0,4
916278,3.0,4
916283,4.0,5
916287,3.0,4
916291,3.0,4
916295,3.0,4
916299,3.0,4
916303,3.0,4
916307,3.0,4
916311,3.0,4
916316,4.0,5
916320,3.0,4
916324,3.0,4
916328,3.0,4
916333,4.0,5
916337,3.0,4
916341,3.0,4
916345,3.0,4
916349,3.0,4
916353,3.0,4
916357,3.0,4
916361,3.0,4
916365,3.0,4
916369,3.0,4
916374,4.0,5
916378,3.0,4
916382,3.0,4
916386,3.0,4
916391,4.0,5
916395,3.0,4
916399,3.0,4
916403,3.0,4
916407,3.0,4
916411,3.0,4
916415,3.0,4
916419,3.0,4
916423,3.0,4
916427,3.0,4
916431,3.0,4
916435,3.0,4
916439,3.0,4
916443,3.0,4
916447,3.0,4
916451,3.0,4
916455,3.0,4
916459,3.0,4
916463,3.0,4
916467,3.0,4
916471,3.0,4
916475,3.0,4
916479,3.0,4
916483,3.0,4
916487,3.0,4
916491,3.0,4
916495,3.0,4
916499,3.0,4
916503,3.0,4
916507,3.0,4
916511,3.0,4
916515,3.0,4
916519,3.0,4
916523,3.0,4
916527,3.0,4
916531,3.0,4
916536,4.0,5
916540,3.0,4
916544,3.0,4
916548,3.0,4
916553,4.0,5
916557,3.0,4
916561,3.0,4
916565,3.0,4
916569,3.0,4
916573,3.0,4
916577,3.0,4
916581,3.0,4
916585,3.0,4
916589,3.0,4
916593,3.0,4
916598,4.0,5
916602,3.0,4
916606,3.0,4
916610,3.0,4
916614,3.0,4
916619,4.0,5
916623,3.0,4
916627,3.0,4
916631,3.0,4
916635,3.0,4
916639,3.0,4
916643,3.0,4
916647,3.0,4
916651,3.0,4
916656,4.0,5
916660,3.0,4
916664,3.0,4
916668,3.0,4
916672,3.0,4
916676,3.0,4
916680,3.0,4
916684,3.0,4
916688,3.0,4
916692,3.0,4
916696,3.0,4
916700,3.0,4
916704,3.0,4
916708,3.0,4
916713,4.0,5
916717,3.0,4
916721,3.0,4
916725,3.0,4
916729,3.0,4
916733,3.0,4
916737,3.0,4
916741,3.0,4
916745,3.0,4
916749,3.0,4
916753,3.0,4
916757,3.0,4
916761,3.0,4
916765,3.0,4
916769,3.0,4
916774,4.0,5
916778,3.0,4
916782,3.0,4
916786,3.0,4
916790,3.0,4
916795,4.0,5
916799,3.0,4
916803,3.0,4
916808,4.0,5
916812,3.0,4
916816,3.0,4
916820,3.0,4
916824,3.0,4
916828,3.0,4
916832,3.0,4
916836,3.0,4
916840,3.0,4
916844,3.0,4
916848,3.0,4
916852,3.0,4
916856,3.0,4
916860,3.0,4
916864,3.0,4
916868,3.0,4
916872,3.0,4
916877,4.0,5
916881,3.0,4
916885,3.0,4
916889,3.0,4
916893,3.0,4
916897,3.0,4
916901,3.0,4
916905,3.0,4
916909,3.0,4
916913,3.0,4
916917,3.0,4
916921,3.0,4
916926,4.0,5
916930,3.0,4
916934,3.0,4
916938,3.0,4
916942,3.0,4
916947,4.0,5
916952,4.0,5
916956,3.0,4
916961,4.0,5
916965,3.0,4
916969,3.0,4
916973,3.0,4
916977,3.0,4
916981,3.0,4
916985,3.0,4
916989,3.0,4
916994,4.0,5
916998,3.0,4
917002,3.0,4
917006,3.0,4
917010,3.0,4
917014,3.0,4
917018,3.0,4
917022,3.0,4
917026,3.0,4
917030,3.0,4
917035,4.0,5
917039,3.0,4
917043,3.0,4
917047,3.0,4
917052,4.0,5
917057,4.0,5
917062,4.0,5
917066,3.0,4
917070,3.0,4
917074,3.0,4
917078,3.0,4
917082,3.0,4
917086,3.0,4
917091,4.0,5
917095,3.0,4
917099,3.0,4
917103,3.0,4
917107,3.0,4
917111,3.0,4
917115,3.0,4
917119,3.0,4
917123,3.0,4
917127,3.0,4
917131,3.0,4
917135,3.0,4
917139,3.0,4
917143,3.0,4
917147,3.0,4
917151,3.0,4
917156,4.0,5
917160,3.0,4
917165,4.0,5
917169,3.0,4
917173,3.0,4
917177,3.0,4
917181,3.0,4
917185,3.0,4
917189,3.0,4
917193,3.0,4
917197,3.0,4
917201,3.0,4
917205,3.0,4
917209,3.0,4
917214,4.0,5
917218,3.0,4
917222,3.0,4
917226,3.0,4
917230,3.0,4
917235,4.0,5
917240,4.0,5
917244,3.0,4
917248,3.0,4
917252,3.0,4
917256,3.0,4
917260,3.0,4
917264,3.0,4
917269,4.0,5
917273,3.0,4
917277,3.0,4
917282,4.0,5
917286,3.0,4
917290,3.0,4
917294,3.0,4
917299,4.0,5
917303,3.0,4
917307,3.0,4
917311,3.0,4
917315,3.0,4
917319,3.0,4
917324,4.0,5
917329,4.0,5
917333,3.0,4
917337,3.0,4
917341,3.0,4
917345,3.0,4
917349,3.0,4
917354,4.0,5
917358,3.0,4
917362,3.0,4
917366,3.0,4
917370,3.0,4
917374,3.0,4
917378,3.0,4
917382,3.0,4
917386,3.0,4
917390,3.0,4
917394,3.0,4
917399,4.0,5
917403,3.0,4
917407,3.0,4
917411,3.0,4
917415,3.0,4
917419,3.0,4
917423,3.0,4
917427,3.0,4
917431,3.0,4
917435,3.0,4
917439,3.0,4
917443,3.0,4
917447,3.0,4
917451,3.0,4
917455,3.0,4
917459,3.0,4
917463,3.0,4
917467,3.0,4
917472,4.0,5
917476,3.0,4
917480,3.0,4
917484,3.0,4
917488,3.0,4
917493,4.0,5
917497,3.0,4
917502,4.0,5
917506,3.0,4
917511,4.0,5
917515,3.0,4
917520,4.0,5
917524,3.0,4
917528,3.0,4
917532,3.0,4
917537,4.0,5
917542,4.0,5
917546,3.0,4
917551,4.0,5
917555,3.0,4
917560,4.0,5
917564,3.0,4
917568,3.0,4
917573,4.0,5
917577,3.0,4
917581,3.0,4
917586,4.0,5
917590,3.0,4
917594,3.0,4
917599,4.0,5
917603,3.0,4
917607,3.0,4
917612,4.0,5
917616,3.0,4
917620,3.0,4
917625,4.0,5
917630,4.0,5
917634,3.0,4
917638,3.0,4
917642,3.0,4
917647,4.0,5
917651,3.0,4
917656,4.0,5
917660,3.0,4
917665,4.0,5
917669,3.0,4
917673,3.0,4
917677,3.0,4
917681,3.0,4
917685,3.0,4
917689,3.0,4
917693,3.0,4
917697,3.0,4
917701,3.0,4
917706,4.0,5
917710,3.0,4
917714,3.0,4
917719,4.0,5
917724,4.0,5
917728,3.0,4
917732,3.0,4
917736,3.0,4
917741,4.0,5
917745,3.0,4
917749,3.0,4
917753,3.0,4
917757,3.0,4
917762,4.0,5
917766,3.0,4
917770,3.0,4
917774,3.0,4
917778,3.0,4
917783,4.0,5
917788,4.0,5
917792,3.0,4
917796,3.0,4
917801,4.0,5
917806,4.0,5
917810,3.0,4
917814,3.0,4
917818,3.0,4
917822,3.0,4
917826,3.0,4
917830,3.0,4
917834,3.0,4
917838,3.0,4
917842,3.0,4
917847,4.0,5
917851,3.0,4
917855,3.0,4
917859,3.0,4
917863,3.0,4
917867,3.0,4
917871,3.0,4
917875,3.0,4
917879,3.0,4
917884,4.0,5
917889,4.0,5
917893,3.0,4
917897,3.0,4
917901,3.0,4
917905,3.0,4
917909,3.0,4
917913,3.0,4
917918,4.0,5
917922,3.0,4
917926,3.0,4
917930,3.0,4
917934,3.0,4
917938,3.0,4
917942,3.0,4
917946,3.0,4
917950,3.0,4
917954,3.0,4
917958,3.0,4
917962,3.0,4
917966,3.0,4
917970,3.0,4
917974,3.0,4
917978,3.0,4
917983,4.0,5
917988,4.0,5
917992,3.0,4
917996,3.0,4
918000,3.0,4
918005,4.0,5
918009,3.0,4
918013,3.0,4
918017,3.0,4
918021,3.0,4
918025,3.0,4
918029,3.0,4
918033,3.0,4
918037,3.0,4
918042,4.0,5
918047,4.0,5
918051,3.0,4
918055,3.0,4
918059,3.0,4
918064,4.0,5
918068,3.0,4
918072,3.0,4
918076,3.0,4
918081,4.0,5
918086,4.0,5
918090,3.0,4
918094,3.0,4
918098,3.0,4
918102,3.0,4
918106,3.0,4
918110,3.0,4
918114,3.0,4
918118,3.0,4
918122,3.0,4
918127,4.0,5
918131,3.0,4
918136,4.0,5
918140,3.0,4
918144,3.0,4
918149,4.0,5
918153,3.0,4
918157,3.0,4
918161,3.0,4
918165,3.0,4
918169,3.0,4
918173,3.0,4
918177,3.0,4
918181,3.0,4
918185,3.0,4
918189,3.0,4
918193,3.0,4
918197,3.0,4
918201,3.0,4
918205,3.0,4
918210,4.0,5
918214,3.0,4
918219,4.0,5
918223,3.0,4
918228,4.0,5
918232,3.0,4
918237,4.0,5
918241,3.0,4
918245,3.0,4
918249,3.0,4
918253,3.0,4
918257,3.0,4
918261,3.0,4
918266,4.0,5
918270,3.0,4
918274,3.0,4
918278,3.0,4
918282,3.0,4
918286,3.0,4
918290,3.0,4
918294,3.0,4
918298,3.0,4
918302,3.0,4
918306,3.0,4
918310,3.0,4
918314,3.0,4
918319,4.0,5
918323,3.0,4
918327,3.0,4
918331,3.0,4
918336,4.0,5
918340,3.0,4
918345,4.0,5
918349,3.0,4
918354,4.0,5
918358,3.0,4
918362,3.0,4
918367,4.0,5
918371,3.0,4
918376,4.0,5
918380,3.0,4
918384,3.0,4
918388,3.0,4
918392,3.0,4
918396,3.0,4
918400,3.0,4
918404,3.0,4
918408,3.0,4
918412,3.0,4
918416,3.0,4
918420,3.0,4
918424,3.0,4
918428,3.0,4
918432,3.0,4
918436,3.0,4
918440,3.0,4
918444,3.0,4
918449,4.0,5
918453,3.0,4
918457,3.0,4
918461,3.0,4
918465,3.0,4
918469,3.0,4
918473,3.0,4
918477,3.0,4
918481,3.0,4
918485,3.0,4
918489,3.0,4
918494,4.0,5
918498,3.0,4
918503,4.0,5
918507,3.0,4
918511,3.0,4
918516,4.0,5
918520,3.0,4
918524,3.0,4
918528,3.0,4
918532,3.0,4
918537,4.0,5
918542,4.0,5
918546,3.0,4
918550,3.0,4
918554,3.0,4
918558,3.0,4
918562,3.0,4
918567,4.0,5
918572,4.0,5
918576,3.0,4
918580,3.0,4
918584,3.0,4
918588,3.0,4
918592,3.0,4
918596,3.0,4
918600,3.0,4
918604,3.0,4
918609,4.0,5
918613,3.0,4
918618,4.0,5
918622,3.0,4
918627,4.0,5
918631,3.0,4
918636,4.0,5
918641,4.0,5
918645,3.0,4
918649,3.0,4
918653,3.0,4
918657,3.0,4
918661,3.0,4
918665,3.0,4
918670,4.0,5
918674,3.0,4
918678,3.0,4
918682,3.0,4
918687,4.0,5
918691,3.0,4
918695,3.0,4
918699,3.0,4
918704,4.0,5
918708,3.0,4
918712,3.0,4
918716,3.0,4
918720,3.0,4
918725,4.0,5
918730,4.0,5
918734,3.0,4
918738,3.0,4
918742,3.0,4
918746,3.0,4
918750,3.0,4
918754,3.0,4
918759,4.0,5
918763,3.0,4
918767,3.0,4
918771,3.0,4
918775,3.0,4
918780,4.0,5
918784,3.0,4
918789,4.0,5
918793,3.0,4
918797,3.0,4
918801,3.0,4
918806,4.0,5
918810,3.0,4
918814,3.0,4
918818,3.0,4
918822,3.0,4
918826,3.0,4
918830,3.0,4
918834,3.0,4
918838,3.0,4
918842,3.0,4
918847,4.0,5
918851,3.0,4
918855,3.0,4
918859,3.0,4
918863,3.0,4
918867,3.0,4
918871,3.0,4
918875,3.0,4
918879,3.0,4
918883,3.0,4
918887,3.0,4
918891,3.0,4
918896,4.0,5
918900,3.0,4
918904,3.0,4
918908,3.0,4
918913,4.0,5
918918,4.0,5
918922,3.0,4
918926,3.0,4
918930,3.0,4
918934,3.0,4
918939,4.0,5
918943,3.0,4
918947,3.0,4
918951,3.0,4
918955,3.0,4
918959,3.0,4
918963,3.0,4
918967,3.0,4
918971,3.0,4
918975,3.0,4
918979,3.0,4
918983,3.0,4
918987,3.0,4
918991,3.0,4
918995,3.0,4
918999,3.0,4
919003,3.0,4
919007,3.0,4
919011,3.0,4
919015,3.0,4
919019,3.0,4
919024,4.0,5
919028,3.0,4
919033,4.0,5
919037,3.0,4
919041,3.0,4
919046,4.0,5
919050,3.0,4
919054,3.0,4
919058,3.0,4
919062,3.0,4
919066,3.0,4
919070,3.0,4
919074,3.0,4
919079,4.0,5
919083,3.0,4
919087,3.0,4
919091,3.0,4
919095,3.0,4
919099,3.0,4
919104,4.0,5
919108,3.0,4
919112,3.0,4
919116,3.0,4
919120,3.0,4
919124,3.0,4
919128,3.0,4
919132,3.0,4
919136,3.0,4
919140,3.0,4
919144,3.0,4
919149,4.0,5
919153,3.0,4
919157,3.0,4
919161,3.0,4
919165,3.0,4
919169,3.0,4
919173,3.0,4
919177,3.0,4
919181,3.0,4
919185,3.0,4
919189,3.0,4
919193,3.0,4
919197,3.0,4
919201,3.0,4
919205,3.0,4
919209,3.0,4
919213,3.0,4
919217,3.0,4
919221,3.0,4
919226,4.0,5
919231,4.0,5
919235,3.0,4
919239,3.0,4
919244,4.0,5
919248,3.0,4
919252,3.0,4
919256,3.0,4
919261,4.0,5
919265,3.0,4
919269,3.0,4
919273,3.0,4
919277,3.0,4
919281,3.0,4
919285,3.0,4
919289,3.0,4
919293,3.0,4
919297,3.0,4
919302,4.0,5
919306,3.0,4
919311,4.0,5
919315,3.0,4
919319,3.0,4
919324,4.0,5
919328,3.0,4
919332,3.0,4
919336,3.0,4
919340,3.0,4
919344,3.0,4
919348,3.0,4
919352,3.0,4
919356,3.0,4
919360,3.0,4
919364,3.0,4
919368,3.0,4
919372,3.0,4
919376,3.0,4
919380,3.0,4
919384,3.0,4
919388,3.0,4
919392,3.0,4
919396,3.0,4
919400,3.0,4
919404,3.0,4
919408,3.0,4
919412,3.0,4
919416,3.0,4
919420,3.0,4
919424,3.0,4
919428,3.0,4
919432,3.0,4
919437,4.0,5
919441,3.0,4
919445,3.0,4
919450,4.0,5
919454,3.0,4
919458,3.0,4
919462,3.0,4
919466,3.0,4
919470,3.0,4
919475,4.0,5
919479,3.0,4
919484,4.0,5
919488,3.0,4
919493,4.0,5
919497,3.0,4
919501,3.0,4
919505,3.0,4
919509,3.0,4
919513,3.0,4
919517,3.0,4
919521,3.0,4
919525,3.0,4
919529,3.0,4
919533,3.0,4
919537,3.0,4
919541,3.0,4
919546,4.0,5
919550,3.0,4
919554,3.0,4
919558,3.0,4
919563,4.0,5
919568,4.0,5
919572,3.0,4
919576,3.0,4
919580,3.0,4
919584,3.0,4
919588,3.0,4
919592,3.0,4
919596,3.0,4
919601,4.0,5
919605,3.0,4
919609,3.0,4
919614,4.0,5
919618,3.0,4
919623,4.0,5
919627,3.0,4
919632,4.0,5
919637,4.0,5
919641,3.0,4
919645,3.0,4
919650,4.0,5
919654,3.0,4
919658,3.0,4
919662,3.0,4
919667,4.0,5
919671,3.0,4
919675,3.0,4
919679,3.0,4
919683,3.0,4
919687,3.0,4
919691,3.0,4
919695,3.0,4
919699,3.0,4
919703,3.0,4
919707,3.0,4
919712,4.0,5
919716,3.0,4
919720,3.0,4
919724,3.0,4
919728,3.0,4
919733,4.0,5
919737,3.0,4
919741,3.0,4
919746,4.0,5
919750,3.0,4
919754,3.0,4
919759,4.0,5
919763,3.0,4
919767,3.0,4
919771,3.0,4
919776,4.0,5
919780,3.0,4
919784,3.0,4
919788,3.0,4
919792,3.0,4
919796,3.0,4
919800,3.0,4
919805,4.0,5
919809,3.0,4
919813,3.0,4
919818,4.0,5
919822,3.0,4
919826,3.0,4
919831,4.0,5
919835,3.0,4
919839,3.0,4
919843,3.0,4
919848,4.0,5
919853,4.0,5
919858,4.0,5
919862,3.0,4
919866,3.0,4
919870,3.0,4
919875,4.0,5
919879,3.0,4
919883,3.0,4
919887,3.0,4
919891,3.0,4
919895,3.0,4
919899,3.0,4
919904,4.0,5
919909,4.0,5
919913,3.0,4
919917,3.0,4
919921,3.0,4
919925,3.0,4
919929,3.0,4
919934,4.0,5
919938,3.0,4
919942,3.0,4
919946,3.0,4
919951,4.0,5
919955,3.0,4
919960,4.0,5
919964,3.0,4
919968,3.0,4
919973,4.0,5
919978,4.0,5
919982,3.0,4
919986,3.0,4
919990,3.0,4
919994,3.0,4
919998,3.0,4
920003,4.0,5
920007,3.0,4
920012,4.0,5
920017,4.0,5
920021,3.0,4
920025,3.0,4
920030,4.0,5
920034,3.0,4
920039,4.0,5
920043,3.0,4
920047,3.0,4
920051,3.0,4
920055,3.0,4
920059,3.0,4
920064,4.0,5
920068,3.0,4
920072,3.0,4
920076,3.0,4
920080,3.0,4
920084,3.0,4
920089,4.0,5
920093,3.0,4
920097,3.0,4
920102,4.0,5
920106,3.0,4
920110,3.0,4
920114,3.0,4
920118,3.0,4
920122,3.0,4
920127,4.0,5
920131,3.0,4
920135,3.0,4
920140,4.0,5
920144,3.0,4
920148,3.0,4
920152,3.0,4
920157,4.0,5
920161,3.0,4
920165,3.0,4
920169,3.0,4
920173,3.0,4
920177,3.0,4
920181,3.0,4
920185,3.0,4
920189,3.0,4
920193,3.0,4
920197,3.0,4
920201,3.0,4
920206,4.0,5
920210,3.0,4
920214,3.0,4
920218,3.0,4
920222,3.0,4
920227,4.0,5
920231,3.0,4
920235,3.0,4
920240,4.0,5
920245,4.0,5
920250,4.0,5
920254,3.0,4
920259,4.0,5
920264,4.0,5
920268,3.0,4
920273,4.0,5
920277,3.0,4
920282,4.0,5
920287,4.0,5
920291,3.0,4
920295,3.0,4
920299,3.0,4
920303,3.0,4
920307,3.0,4
920312,4.0,5
920316,3.0,4
920320,3.0,4
920324,3.0,4
920329,4.0,5
920333,3.0,4
920337,3.0,4
920342,4.0,5
920346,3.0,4
920350,3.0,4
920355,4.0,5
920359,3.0,4
920363,3.0,4
920368,4.0,5
920373,4.0,5
920377,3.0,4
920381,3.0,4
920385,3.0,4
920389,3.0,4
920393,3.0,4
920397,3.0,4
920401,3.0,4
920406,4.0,5
920410,3.0,4
920414,3.0,4
920418,3.0,4
920423,4.0,5
920427,3.0,4
920431,3.0,4
920435,3.0,4
920439,3.0,4
920443,3.0,4
920447,3.0,4
920451,3.0,4
920455,3.0,4
920459,3.0,4
920463,3.0,4
920467,3.0,4
920471,3.0,4
920475,3.0,4
920479,3.0,4
920483,3.0,4
920487,3.0,4
920491,3.0,4
920495,3.0,4
920499,3.0,4
920503,3.0,4
920507,3.0,4
920512,4.0,5
920516,3.0,4
920520,3.0,4
920524,3.0,4
920528,3.0,4
920532,3.0,4
920536,3.0,4
920540,3.0,4
920544,3.0,4
920549,4.0,5
920554,4.0,5
920558,3.0,4
920562,3.0,4
920566,3.0,4
920570,3.0,4
920575,4.0,5
920579,3.0,4
920583,3.0,4
920587,3.0,4
920591,3.0,4
920595,3.0,4
920599,3.0,4
920603,3.0,4
920607,3.0,4
920611,3.0,4
920615,3.0,4
920619,3.0,4
920623,3.0,4
920627,3.0,4
920631,3.0,4
920635,3.0,4
920639,3.0,4
920644,4.0,5
920648,3.0,4
920652,3.0,4
920656,3.0,4
920660,3.0,4
920664,3.0,4
920668,3.0,4
920672,3.0,4
920676,3.0,4
920680,3.0,4
920684,3.0,4
920688,3.0,4
920692,3.0,4
920696,3.0,4
920700,3.0,4
920704,3.0,4
920708,3.0,4
920713,4.0,5
920717,3.0,4
920721,3.0,4
920725,3.0,4
920729,3.0,4
920733,3.0,4
920737,3.0,4
920741,3.0,4
920746,4.0,5
920750,3.0,4
920754,3.0,4
920758,3.0,4
920762,3.0,4
920766,3.0,4
920770,3.0,4
920775,4.0,5
920780,4.0,5
920784,3.0,4
920788,3.0,4
920792,3.0,4
920796,3.0,4
920800,3.0,4
920804,3.0,4
920808,3.0,4
920812,3.0,4
920816,3.0,4
920820,3.0,4
920825,4.0,5
920830,4.0,5
920834,3.0,4
920838,3.0,4
920842,3.0,4
920846,3.0,4
920850,3.0,4
920854,3.0,4
920858,3.0,4
920862,3.0,4
920866,3.0,4
920870,3.0,4
920874,3.0,4
920879,4.0,5
920884,4.0,5
920888,3.0,4
920892,3.0,4
920897,4.0,5
920901,3.0,4
920905,3.0,4
920909,3.0,4
920913,3.0,4
920917,3.0,4
920922,4.0,5
920926,3.0,4
920930,3.0,4
920935,4.0,5
920939,3.0,4
920943,3.0,4
920947,3.0,4
920951,3.0,4
920955,3.0,4
920959,3.0,4
920963,3.0,4
920968,4.0,5
920972,3.0,4
920976,3.0,4
920980,3.0,4
920984,3.0,4
920988,3.0,4
920992,3.0,4
920996,3.0,4
921000,3.0,4
921004,3.0,4
921008,3.0,4
921012,3.0,4
921016,3.0,4
921020,3.0,4
921024,3.0,4
921028,3.0,4
921032,3.0,4
921037,4.0,5
921041,3.0,4
921045,3.0,4
921049,3.0,4
921053,3.0,4
921057,3.0,4
921061,3.0,4
921066,4.0,5
921070,3.0,4
921075,4.0,5
921079,3.0,4
921083,3.0,4
921088,4.0,5
921093,4.0,5
921097,3.0,4
921101,3.0,4
921105,3.0,4
921110,4.0,5
921114,3.0,4
921118,3.0,4
921123,4.0,5
921127,3.0,4
921131,3.0,4
921135,3.0,4
921139,3.0,4
921143,3.0,4
921147,3.0,4
921151,3.0,4
921156,4.0,5
921160,3.0,4
921165,4.0,5
921169,3.0,4
921173,3.0,4
921177,3.0,4
921182,4.0,5
921186,3.0,4
921190,3.0,4
921194,3.0,4
921199,4.0,5
921203,3.0,4
921207,3.0,4
921211,3.0,4
921215,3.0,4
921219,3.0,4
921223,3.0,4
921227,3.0,4
921231,3.0,4
921236,4.0,5
921240,3.0,4
921244,3.0,4
921248,3.0,4
921252,3.0,4
921256,3.0,4
921261,4.0,5
921265,3.0,4
921269,3.0,4
921273,3.0,4
921277,3.0,4
921281,3.0,4
921285,3.0,4
921289,3.0,4
921293,3.0,4
921297,3.0,4
921301,3.0,4
921305,3.0,4
921309,3.0,4
921313,3.0,4
921317,3.0,4
921321,3.0,4
921325,3.0,4
921329,3.0,4
921333,3.0,4
921337,3.0,4
921341,3.0,4
921345,3.0,4
921349,3.0,4
921354,4.0,5
921359,4.0,5
921363,3.0,4
921367,3.0,4
921371,3.0,4
921375,3.0,4
921379,3.0,4
921383,3.0,4
921387,3.0,4
921391,3.0,4
921396,4.0,5
921400,3.0,4
921404,3.0,4
921408,3.0,4
921412,3.0,4
921416,3.0,4
921421,4.0,5
921425,3.0,4
921429,3.0,4
921433,3.0,4
921437,3.0,4
921441,3.0,4
921445,3.0,4
921449,3.0,4
921453,3.0,4
921457,3.0,4
921462,4.0,5
921466,3.0,4
921470,3.0,4
921474,3.0,4
921478,3.0,4
921482,3.0,4
921486,3.0,4
921490,3.0,4
921495,4.0,5
921499,3.0,4
921503,3.0,4
921507,3.0,4
921511,3.0,4
921515,3.0,4
921519,3.0,4
921523,3.0,4
921527,3.0,4
921531,3.0,4
921536,4.0,5
921540,3.0,4
921545,4.0,5
921549,3.0,4
921553,3.0,4
921557,3.0,4
921562,4.0,5
921566,3.0,4
921570,3.0,4
921574,3.0,4
921579,4.0,5
921583,3.0,4
921587,3.0,4
921591,3.0,4
921595,3.0,4
921599,3.0,4
921603,3.0,4
921607,3.0,4
921611,3.0,4
921615,3.0,4
921620,4.0,5
921624,3.0,4
921628,3.0,4
921632,3.0,4
921636,3.0,4
921640,3.0,4
921644,3.0,4
921648,3.0,4
921652,3.0,4
921656,3.0,4
921660,3.0,4
921665,4.0,5
921669,3.0,4
921673,3.0,4
921677,3.0,4
921682,4.0,5
921687,4.0,5
921691,3.0,4
921695,3.0,4
921699,3.0,4
921703,3.0,4
921707,3.0,4
921711,3.0,4
921716,4.0,5
921720,3.0,4
921724,3.0,4
921728,3.0,4
921732,3.0,4
921736,3.0,4
921740,3.0,4
921744,3.0,4
921748,3.0,4
921753,4.0,5
921758,4.0,5
921763,4.0,5
921767,3.0,4
921771,3.0,4
921775,3.0,4
921779,3.0,4
921783,3.0,4
921787,3.0,4
921791,3.0,4
921795,3.0,4
921799,3.0,4
921803,3.0,4
921807,3.0,4
921812,4.0,5
921816,3.0,4
921820,3.0,4
921824,3.0,4
921828,3.0,4
921832,3.0,4
921836,3.0,4
921840,3.0,4
921845,4.0,5
921849,3.0,4
921854,4.0,5
921858,3.0,4
921862,3.0,4
921866,3.0,4
921870,3.0,4
921874,3.0,4
921878,3.0,4
921882,3.0,4
921886,3.0,4
921890,3.0,4
921894,3.0,4
921898,3.0,4
921903,4.0,5
921907,3.0,4
921911,3.0,4
921915,3.0,4
921919,3.0,4
921923,3.0,4
921927,3.0,4
921931,3.0,4
921935,3.0,4
921939,3.0,4
921943,3.0,4
921947,3.0,4
921951,3.0,4
921955,3.0,4
921960,4.0,5
921964,3.0,4
921968,3.0,4
921972,3.0,4
921976,3.0,4
921980,3.0,4
921984,3.0,4
921988,3.0,4
921992,3.0,4
921996,3.0,4
922000,3.0,4
922004,3.0,4
922008,3.0,4
922012,3.0,4
922016,3.0,4
922020,3.0,4
922024,3.0,4
922029,4.0,5
922033,3.0,4
922038,4.0,5
922043,4.0,5
922047,3.0,4
922051,3.0,4
922055,3.0,4
922060,4.0,5
922064,3.0,4
922068,3.0,4
922072,3.0,4
922076,3.0,4
922080,3.0,4
922084,3.0,4
922088,3.0,4
922092,3.0,4
922096,3.0,4
922100,3.0,4
922104,3.0,4
922108,3.0,4
922112,3.0,4
922116,3.0,4
922120,3.0,4
922124,3.0,4
922128,3.0,4
922132,3.0,4
922136,3.0,4
922140,3.0,4
922144,3.0,4
922148,3.0,4
922152,3.0,4
922156,3.0,4
922161,4.0,5
922165,3.0,4
922169,3.0,4
922173,3.0,4
922178,4.0,5
922182,3.0,4
922186,3.0,4
922190,3.0,4
922194,3.0,4
922198,3.0,4
922202,3.0,4
922206,3.0,4
922211,4.0,5
922215,3.0,4
922219,3.0,4
922223,3.0,4
922227,3.0,4
922231,3.0,4
922235,3.0,4
922239,3.0,4
922244,4.0,5
922248,3.0,4
922252,3.0,4
922256,3.0,4
922260,3.0,4
922264,3.0,4
922268,3.0,4
922272,3.0,4
922276,3.0,4
922280,3.0,4
922284,3.0,4
922289,4.0,5
922293,3.0,4
922297,3.0,4
922301,3.0,4
922306,4.0,5
922310,3.0,4
922314,3.0,4
922319,4.0,5
922323,3.0,4
922327,3.0,4
922331,3.0,4
922335,3.0,4
922339,3.0,4
922343,3.0,4
922347,3.0,4
922351,3.0,4
922355,3.0,4
922359,3.0,4
922363,3.0,4
922367,3.0,4
922371,3.0,4
922375,3.0,4
922380,4.0,5
922384,3.0,4
922388,3.0,4
922393,4.0,5
922397,3.0,4
922401,3.0,4
922406,4.0,5
922410,3.0,4
922414,3.0,4
922418,3.0,4
922422,3.0,4
922426,3.0,4
922430,3.0,4
922434,3.0,4
922438,3.0,4
922443,4.0,5
922447,3.0,4
922451,3.0,4
922455,3.0,4
922460,4.0,5
922464,3.0,4
922468,3.0,4
922472,3.0,4
922476,3.0,4
922481,4.0,5
922486,4.0,5
922491,4.0,5
922495,3.0,4
922499,3.0,4
922504,4.0,5
922508,3.0,4
922512,3.0,4
922516,3.0,4
922521,4.0,5
922525,3.0,4
922529,3.0,4
922533,3.0,4
922537,3.0,4
922542,4.0,5
922547,4.0,5
922551,3.0,4
922555,3.0,4
922559,3.0,4
922564,4.0,5
922568,3.0,4
922572,3.0,4
922576,3.0,4
922580,3.0,4
922584,3.0,4
922588,3.0,4
922593,4.0,5
922597,3.0,4
922601,3.0,4
922605,3.0,4
922609,3.0,4
922613,3.0,4
922617,3.0,4
922622,4.0,5
922626,3.0,4
922630,3.0,4
922634,3.0,4
922639,4.0,5
922644,4.0,5
922648,3.0,4
922653,4.0,5
922657,3.0,4
922661,3.0,4
922665,3.0,4
922669,3.0,4
922673,3.0,4
922677,3.0,4
922681,3.0,4
922685,3.0,4
922689,3.0,4
922693,3.0,4
922697,3.0,4
922701,3.0,4
922705,3.0,4
922709,3.0,4
922713,3.0,4
922717,3.0,4
922721,3.0,4
922726,4.0,5
922730,3.0,4
922735,4.0,5
922739,3.0,4
922743,3.0,4
922747,3.0,4
922751,3.0,4
922755,3.0,4
922759,3.0,4
922763,3.0,4
922767,3.0,4
922771,3.0,4
922775,3.0,4
922779,3.0,4
922784,4.0,5
922788,3.0,4
922793,4.0,5
922797,3.0,4
922801,3.0,4
922805,3.0,4
922809,3.0,4
922813,3.0,4
922817,3.0,4
922821,3.0,4
922825,3.0,4
922830,4.0,5
922834,3.0,4
922838,3.0,4
922843,4.0,5
922847,3.0,4
922851,3.0,4
922855,3.0,4
922859,3.0,4
922863,3.0,4
922867,3.0,4
922871,3.0,4
922875,3.0,4
922879,3.0,4
922883,3.0,4
922887,3.0,4
922892,4.0,5
922897,4.0,5
922901,3.0,4
922905,3.0,4
922909,3.0,4
922913,3.0,4
922918,4.0,5
922922,3.0,4
922926,3.0,4
922930,3.0,4
922935,4.0,5
922939,3.0,4
922943,3.0,4
922947,3.0,4
922952,4.0,5
922956,3.0,4
922960,3.0,4
922964,3.0,4
922968,3.0,4
922973,4.0,5
922977,3.0,4
922981,3.0,4
922985,3.0,4
922990,4.0,5
922994,3.0,4
922998,3.0,4
923002,3.0,4
923006,3.0,4
923011,4.0,5
923015,3.0,4
923019,3.0,4
923024,4.0,5
923028,3.0,4
923032,3.0,4
923036,3.0,4
923040,3.0,4
923044,3.0,4
923049,4.0,5
923053,3.0,4
923057,3.0,4
923061,3.0,4
923065,3.0,4
923069,3.0,4
923073,3.0,4
923077,3.0,4
923081,3.0,4
923085,3.0,4
923089,3.0,4
923094,4.0,5
923099,4.0,5
923103,3.0,4
923107,3.0,4
923111,3.0,4
923115,3.0,4
923120,4.0,5
923124,3.0,4
923128,3.0,4
923132,3.0,4
923136,3.0,4
923140,3.0,4
923144,3.0,4
923148,3.0,4
923152,3.0,4
923156,3.0,4
923160,3.0,4
923164,3.0,4
923169,4.0,5
923173,3.0,4
923177,3.0,4
923182,4.0,5
923187,4.0,5
923191,3.0,4
923195,3.0,4
923199,3.0,4
923203,3.0,4
923207,3.0,4
923211,3.0,4
923215,3.0,4
923219,3.0,4
923223,3.0,4
923228,4.0,5
923232,3.0,4
923236,3.0,4
923240,3.0,4
923244,3.0,4
923249,4.0,5
923253,3.0,4
923257,3.0,4
923261,3.0,4
923266,4.0,5
923270,3.0,4
923275,4.0,5
923279,3.0,4
923283,3.0,4
923287,3.0,4
923291,3.0,4
923295,3.0,4
923299,3.0,4
923304,4.0,5
923308,3.0,4
923312,3.0,4
923317,4.0,5
923321,3.0,4
923325,3.0,4
923329,3.0,4
923333,3.0,4
923337,3.0,4
923341,3.0,4
923346,4.0,5
923350,3.0,4
923354,3.0,4
923358,3.0,4
923363,4.0,5
923368,4.0,5
923372,3.0,4
923376,3.0,4
923380,3.0,4
923385,4.0,5
923389,3.0,4
923393,3.0,4
923397,3.0,4
923401,3.0,4
923405,3.0,4
923409,3.0,4
923413,3.0,4
923417,3.0,4
923421,3.0,4
923425,3.0,4
923429,3.0,4
923433,3.0,4
923437,3.0,4
923441,3.0,4
923445,3.0,4
923449,3.0,4
923453,3.0,4
923457,3.0,4
923461,3.0,4
923465,3.0,4
923470,4.0,5
923475,4.0,5
923480,4.0,5
923484,3.0,4
923489,4.0,5
923493,3.0,4
923497,3.0,4
923501,3.0,4
923505,3.0,4
923509,3.0,4
923514,4.0,5
923518,3.0,4
923522,3.0,4
923526,3.0,4
923530,3.0,4
923534,3.0,4
923538,3.0,4
923542,3.0,4
923546,3.0,4
923550,3.0,4
923554,3.0,4
923558,3.0,4
923562,3.0,4
923567,4.0,5
923572,4.0,5
923576,3.0,4
923580,3.0,4
923585,4.0,5
923589,3.0,4
923594,4.0,5
923598,3.0,4
923602,3.0,4
923607,4.0,5
923611,3.0,4
923615,3.0,4
923619,3.0,4
923623,3.0,4
923627,3.0,4
923631,3.0,4
923635,3.0,4
923639,3.0,4
923643,3.0,4
923647,3.0,4
923651,3.0,4
923655,3.0,4
923659,3.0,4
923663,3.0,4
923668,4.0,5
923672,3.0,4
923676,3.0,4
923680,3.0,4
923684,3.0,4
923688,3.0,4
923692,3.0,4
923696,3.0,4
923700,3.0,4
923704,3.0,4
923708,3.0,4
923712,3.0,4
923716,3.0,4
923720,3.0,4
923724,3.0,4
923728,3.0,4
923732,3.0,4
923736,3.0,4
923740,3.0,4
923744,3.0,4
923749,4.0,5
923754,4.0,5
923758,3.0,4
923762,3.0,4
923766,3.0,4
923770,3.0,4
923774,3.0,4
923778,3.0,4
923782,3.0,4
923786,3.0,4
923790,3.0,4
923794,3.0,4
923798,3.0,4
923802,3.0,4
923806,3.0,4
923811,4.0,5
923815,3.0,4
923819,3.0,4
923823,3.0,4
923827,3.0,4
923831,3.0,4
923835,3.0,4
923839,3.0,4
923844,4.0,5
923848,3.0,4
923852,3.0,4
923856,3.0,4
923860,3.0,4
923864,3.0,4
923868,3.0,4
923873,4.0,5
923877,3.0,4
923881,3.0,4
923885,3.0,4
923889,3.0,4
923893,3.0,4
923897,3.0,4
923901,3.0,4
923905,3.0,4
923909,3.0,4
923913,3.0,4
923917,3.0,4
923921,3.0,4
923925,3.0,4
923929,3.0,4
923933,3.0,4
923937,3.0,4
923941,3.0,4
923945,3.0,4
923949,3.0,4
923953,3.0,4
923957,3.0,4
923961,3.0,4
923966,4.0,5
923970,3.0,4
923974,3.0,4
923978,3.0,4
923982,3.0,4
923986,3.0,4
923991,4.0,5
923995,3.0,4
923999,3.0,4
924003,3.0,4
924007,3.0,4
924011,3.0,4
924015,3.0,4
924019,3.0,4
924024,4.0,5
924028,3.0,4
924032,3.0,4
924036,3.0,4
924040,3.0,4
924044,3.0,4
924048,3.0,4
924052,3.0,4
924056,3.0,4
924061,4.0,5
924065,3.0,4
924070,4.0,5
924074,3.0,4
924079,4.0,5
924084,4.0,5
924088,3.0,4
924092,3.0,4
924096,3.0,4
924100,3.0,4
924104,3.0,4
924108,3.0,4
924113,4.0,5
924117,3.0,4
924121,3.0,4
924125,3.0,4
924130,4.0,5
924134,3.0,4
924138,3.0,4
924142,3.0,4
924146,3.0,4
924150,3.0,4
924155,4.0,5
924159,3.0,4
924163,3.0,4
924167,3.0,4
924171,3.0,4
924176,4.0,5
924180,3.0,4
924185,4.0,5
924189,3.0,4
924193,3.0,4
924197,3.0,4
924201,3.0,4
924205,3.0,4
924209,3.0,4
924213,3.0,4
924217,3.0,4
924221,3.0,4
924225,3.0,4
924229,3.0,4
924233,3.0,4
924237,3.0,4
924241,3.0,4
924245,3.0,4
924249,3.0,4
924253,3.0,4
924257,3.0,4
924261,3.0,4
924265,3.0,4
924269,3.0,4
924273,3.0,4
924278,4.0,5
924282,3.0,4
924286,3.0,4
924290,3.0,4
924295,4.0,5
924300,4.0,5
924304,3.0,4
924308,3.0,4
924312,3.0,4
924316,3.0,4
924320,3.0,4
924324,3.0,4
924328,3.0,4
924332,3.0,4
924336,3.0,4
924340,3.0,4
924344,3.0,4
924348,3.0,4
924352,3.0,4
924356,3.0,4
924360,3.0,4
924364,3.0,4
924368,3.0,4
924372,3.0,4
924376,3.0,4
924380,3.0,4
924384,3.0,4
924388,3.0,4
924392,3.0,4
924396,3.0,4
924401,4.0,5
924405,3.0,4
924409,3.0,4
924414,4.0,5
924418,3.0,4
924422,3.0,4
924427,4.0,5
924431,3.0,4
924435,3.0,4
924439,3.0,4
924443,3.0,4
924447,3.0,4
924451,3.0,4
924455,3.0,4
924459,3.0,4
924463,3.0,4
924467,3.0,4
924471,3.0,4
924475,3.0,4
924479,3.0,4
924483,3.0,4
924487,3.0,4
924491,3.0,4
924495,3.0,4
924500,4.0,5
924504,3.0,4
924508,3.0,4
924512,3.0,4
924516,3.0,4
924520,3.0,4
924524,3.0,4
924528,3.0,4
924532,3.0,4
924537,4.0,5
924541,3.0,4
924545,3.0,4
924549,3.0,4
924553,3.0,4
924557,3.0,4
924561,3.0,4
924565,3.0,4
924569,3.0,4
924573,3.0,4
924577,3.0,4
924581,3.0,4
924586,4.0,5
924590,3.0,4
924594,3.0,4
924598,3.0,4
924602,3.0,4
924606,3.0,4
924610,3.0,4
924614,3.0,4
924618,3.0,4
924622,3.0,4
924626,3.0,4
924630,3.0,4
924634,3.0,4
924638,3.0,4
924642,3.0,4
924646,3.0,4
924650,3.0,4
924654,3.0,4
924658,3.0,4
924662,3.0,4
924666,3.0,4
924670,3.0,4
924674,3.0,4
924678,3.0,4
924682,3.0,4
924686,3.0,4
924690,3.0,4
924694,3.0,4
924698,3.0,4
924703,4.0,5
924707,3.0,4
924711,3.0,4
924715,3.0,4
924719,3.0,4
924723,3.0,4
924727,3.0,4
924731,3.0,4
924735,3.0,4
924739,3.0,4
924744,4.0,5
924748,3.0,4
924752,3.0,4
924756,3.0,4
924760,3.0,4
924764,3.0,4
924769,4.0,5
924773,3.0,4
924777,3.0,4
924781,3.0,4
924785,3.0,4
924789,3.0,4
924793,3.0,4
924797,3.0,4
924802,4.0,5
924806,3.0,4
924811,4.0,5
924815,3.0,4
924819,3.0,4
924823,3.0,4
924827,3.0,4
924831,3.0,4
924835,3.0,4
924839,3.0,4
924843,3.0,4
924847,3.0,4
924851,3.0,4
924855,3.0,4
924859,3.0,4
924863,3.0,4
924867,3.0,4
924871,3.0,4
924876,4.0,5
924880,3.0,4
924884,3.0,4
924888,3.0,4
924892,3.0,4
924896,3.0,4
924900,3.0,4
924905,4.0,5
924909,3.0,4
924913,3.0,4
924918,4.0,5
924922,3.0,4
924926,3.0,4
924930,3.0,4
924934,3.0,4
924938,3.0,4
924943,4.0,5
924947,3.0,4
924951,3.0,4
924955,3.0,4
924959,3.0,4
924963,3.0,4
924967,3.0,4
924971,3.0,4
924975,3.0,4
924979,3.0,4
924983,3.0,4
924987,3.0,4
924992,4.0,5
924996,3.0,4
925000,3.0,4
925004,3.0,4
925008,3.0,4
925012,3.0,4
925017,4.0,5
925021,3.0,4
925025,3.0,4
925029,3.0,4
925033,3.0,4
925037,3.0,4
925041,3.0,4
925045,3.0,4
925049,3.0,4
925053,3.0,4
925057,3.0,4
925062,4.0,5
925067,4.0,5
925071,3.0,4
925075,3.0,4
925079,3.0,4
925083,3.0,4
925087,3.0,4
925091,3.0,4
925095,3.0,4
925099,3.0,4
925103,3.0,4
925108,4.0,5
925113,4.0,5
925117,3.0,4
925121,3.0,4
925125,3.0,4
925130,4.0,5
925134,3.0,4
925138,3.0,4
925142,3.0,4
925146,3.0,4
925151,4.0,5
925155,3.0,4
925159,3.0,4
925163,3.0,4
925167,3.0,4
925171,3.0,4
925176,4.0,5
925180,3.0,4
925184,3.0,4
925188,3.0,4
925192,3.0,4
925196,3.0,4
925200,3.0,4
925204,3.0,4
925208,3.0,4
925212,3.0,4
925216,3.0,4
925220,3.0,4
925224,3.0,4
925228,3.0,4
925232,3.0,4
925236,3.0,4
925240,3.0,4
925244,3.0,4
925248,3.0,4
925252,3.0,4
925256,3.0,4
925260,3.0,4
925265,4.0,5
925269,3.0,4
925273,3.0,4
925277,3.0,4
925281,3.0,4
925285,3.0,4
925289,3.0,4
925293,3.0,4
925297,3.0,4
925302,4.0,5
925306,3.0,4
925310,3.0,4
925314,3.0,4
925318,3.0,4
925322,3.0,4
925326,3.0,4
925330,3.0,4
925335,4.0,5
925339,3.0,4
925343,3.0,4
925347,3.0,4
925351,3.0,4
925356,4.0,5
925360,3.0,4
925364,3.0,4
925368,3.0,4
925373,4.0,5
925377,3.0,4
925381,3.0,4
925385,3.0,4
925389,3.0,4
925393,3.0,4
925397,3.0,4
925402,4.0,5
925406,3.0,4
925410,3.0,4
925414,3.0,4
925418,3.0,4
925422,3.0,4
925426,3.0,4
925430,3.0,4
925434,3.0,4
925438,3.0,4
925442,3.0,4
925446,3.0,4
925450,3.0,4
925454,3.0,4
925458,3.0,4
925463,4.0,5
925468,4.0,5
925472,3.0,4
925476,3.0,4
925480,3.0,4
925485,4.0,5
925489,3.0,4
925493,3.0,4
925497,3.0,4
925501,3.0,4
925506,4.0,5
925510,3.0,4
925514,3.0,4
925518,3.0,4
925522,3.0,4
925526,3.0,4
925530,3.0,4
925535,4.0,5
925539,3.0,4
925543,3.0,4
925547,3.0,4
925551,3.0,4
925555,3.0,4
925559,3.0,4
925563,3.0,4
925567,3.0,4
925571,3.0,4
925575,3.0,4
925579,3.0,4
925583,3.0,4
925587,3.0,4
925591,3.0,4
925596,4.0,5
925600,3.0,4
925604,3.0,4
925608,3.0,4
925613,4.0,5
925617,3.0,4
925621,3.0,4
925625,3.0,4
925629,3.0,4
925633,3.0,4
925637,3.0,4
925641,3.0,4
925645,3.0,4
925649,3.0,4
925653,3.0,4
925657,3.0,4
925661,3.0,4
925665,3.0,4
925669,3.0,4
925673,3.0,4
925677,3.0,4
925681,3.0,4
925686,4.0,5
925690,3.0,4
925694,3.0,4
925699,4.0,5
925703,3.0,4
925707,3.0,4
925711,3.0,4
925715,3.0,4
925719,3.0,4
925723,3.0,4
925727,3.0,4
925731,3.0,4
925735,3.0,4
925739,3.0,4
925743,3.0,4
925747,3.0,4
925751,3.0,4
925755,3.0,4
925759,3.0,4
925764,4.0,5
925768,3.0,4
925773,4.0,5
925777,3.0,4
925781,3.0,4
925785,3.0,4
925789,3.0,4
925793,3.0,4
925797,3.0,4
925802,4.0,5
925806,3.0,4
925810,3.0,4
925814,3.0,4
925818,3.0,4
925822,3.0,4
925826,3.0,4
925830,3.0,4
925834,3.0,4
925838,3.0,4
925842,3.0,4
925847,4.0,5
925851,3.0,4
925855,3.0,4
925859,3.0,4
925863,3.0,4
925867,3.0,4
925871,3.0,4
925875,3.0,4
925879,3.0,4
925883,3.0,4
925887,3.0,4
925891,3.0,4
925895,3.0,4
925899,3.0,4
925903,3.0,4
925907,3.0,4
925911,3.0,4
925915,3.0,4
925920,4.0,5
925925,4.0,5
925929,3.0,4
925933,3.0,4
925937,3.0,4
925942,4.0,5
925947,4.0,5
925951,3.0,4
925955,3.0,4
925959,3.0,4
925963,3.0,4
925967,3.0,4
925971,3.0,4
925975,3.0,4
925980,4.0,5
925984,3.0,4
925988,3.0,4
925992,3.0,4
925996,3.0,4
926000,3.0,4
926004,3.0,4
926008,3.0,4
926012,3.0,4
926016,3.0,4
926020,3.0,4
926024,3.0,4
926028,3.0,4
926032,3.0,4
926036,3.0,4
926040,3.0,4
926045,4.0,5
926049,3.0,4
926053,3.0,4
926058,4.0,5
926062,3.0,4
926066,3.0,4
926071,4.0,5
926075,3.0,4
926079,3.0,4
926083,3.0,4
926087,3.0,4
926091,3.0,4
926096,4.0,5
926100,3.0,4
926104,3.0,4
926108,3.0,4
926112,3.0,4
926116,3.0,4
926120,3.0,4
926124,3.0,4
926128,3.0,4
926132,3.0,4
926136,3.0,4
926140,3.0,4
926144,3.0,4
926148,3.0,4
926152,3.0,4
926156,3.0,4
926161,4.0,5
926165,3.0,4
926169,3.0,4
926173,3.0,4
926177,3.0,4
926181,3.0,4
926185,3.0,4
926189,3.0,4
926193,3.0,4
926197,3.0,4
926201,3.0,4
926205,3.0,4
926209,3.0,4
926213,3.0,4
926217,3.0,4
926221,3.0,4
926225,3.0,4
926229,3.0,4
926233,3.0,4
926237,3.0,4
926241,3.0,4
926245,3.0,4
926249,3.0,4
926253,3.0,4
926257,3.0,4
926261,3.0,4
926265,3.0,4
926269,3.0,4
926273,3.0,4
926277,3.0,4
926281,3.0,4
926285,3.0,4
926289,3.0,4
926293,3.0,4
926297,3.0,4
926302,4.0,5
926306,3.0,4
926310,3.0,4
926314,3.0,4
926318,3.0,4
926322,3.0,4
926326,3.0,4
926330,3.0,4
926334,3.0,4
926338,3.0,4
926342,3.0,4
926346,3.0,4
926350,3.0,4
926354,3.0,4
926358,3.0,4
926362,3.0,4
926366,3.0,4
926370,3.0,4
926374,3.0,4
926379,4.0,5
926383,3.0,4
926387,3.0,4
926391,3.0,4
926395,3.0,4
926399,3.0,4
926403,3.0,4
926407,3.0,4
926411,3.0,4
926415,3.0,4
926419,3.0,4
926423,3.0,4
926427,3.0,4
926431,3.0,4
926435,3.0,4
926440,4.0,5
926444,3.0,4
926448,3.0,4
926452,3.0,4
926456,3.0,4
926460,3.0,4
926464,3.0,4
926468,3.0,4
926473,4.0,5
926478,4.0,5
926482,3.0,4
926486,3.0,4
926490,3.0,4
926494,3.0,4
926498,3.0,4
926503,4.0,5
926507,3.0,4
926511,3.0,4
926515,3.0,4
926519,3.0,4
926523,3.0,4
926527,3.0,4
926531,3.0,4
926536,4.0,5
926540,3.0,4
926544,3.0,4
926548,3.0,4
926552,3.0,4
926556,3.0,4
926560,3.0,4
926564,3.0,4
926568,3.0,4
926572,3.0,4
926576,3.0,4
926580,3.0,4
926584,3.0,4
926588,3.0,4
926592,3.0,4
926597,4.0,5
926601,3.0,4
926605,3.0,4
926609,3.0,4
926613,3.0,4
926617,3.0,4
926621,3.0,4
926625,3.0,4
926629,3.0,4
926633,3.0,4
926637,3.0,4
926641,3.0,4
926645,3.0,4
926649,3.0,4
926653,3.0,4
926657,3.0,4
926661,3.0,4
926665,3.0,4
926669,3.0,4
926673,3.0,4
926677,3.0,4
926682,4.0,5
926686,3.0,4
926690,3.0,4
926694,3.0,4
926698,3.0,4
926702,3.0,4
926706,3.0,4
926710,3.0,4
926714,3.0,4
926718,3.0,4
926723,4.0,5
926727,3.0,4
926731,3.0,4
926735,3.0,4
926739,3.0,4
926743,3.0,4
926747,3.0,4
926751,3.0,4
926755,3.0,4
926759,3.0,4
926763,3.0,4
926767,3.0,4
926771,3.0,4
926775,3.0,4
926779,3.0,4
926783,3.0,4
926787,3.0,4
926791,3.0,4
926795,3.0,4
926799,3.0,4
926803,3.0,4
926807,3.0,4
926811,3.0,4
926815,3.0,4
926819,3.0,4
926823,3.0,4
926827,3.0,4
926831,3.0,4
926835,3.0,4
926839,3.0,4
926844,4.0,5
926848,3.0,4
926852,3.0,4
926856,3.0,4
926860,3.0,4
926864,3.0,4
926868,3.0,4
926872,3.0,4
926876,3.0,4
926881,4.0,5
926885,3.0,4
926889,3.0,4
926893,3.0,4
926897,3.0,4
926901,3.0,4
926905,3.0,4
926909,3.0,4
926913,3.0,4
926917,3.0,4
926921,3.0,4
926925,3.0,4
926929,3.0,4
926933,3.0,4
926937,3.0,4
926941,3.0,4
926945,3.0,4
926949,3.0,4
926953,3.0,4
926957,3.0,4
926961,3.0,4
926965,3.0,4
926969,3.0,4
926973,3.0,4
926977,3.0,4
926982,4.0,5
926986,3.0,4
926990,3.0,4
926994,3.0,4
926998,3.0,4
927002,3.0,4
927006,3.0,4
927010,3.0,4
927014,3.0,4
927018,3.0,4
927022,3.0,4
927026,3.0,4
927030,3.0,4
927034,3.0,4
927038,3.0,4
927042,3.0,4
927046,3.0,4
927050,3.0,4
927054,3.0,4
927058,3.0,4
927062,3.0,4
927066,3.0,4
927070,3.0,4
927074,3.0,4
927078,3.0,4
927082,3.0,4
927086,3.0,4
927090,3.0,4
927094,3.0,4
927098,3.0,4
927102,3.0,4
927106,3.0,4
927111,4.0,5
927115,3.0,4
927119,3.0,4
927123,3.0,4
927127,3.0,4
927131,3.0,4
927136,4.0,5
927140,3.0,4
927144,3.0,4
927148,3.0,4
927152,3.0,4
927156,3.0,4
927160,3.0,4
927164,3.0,4
927168,3.0,4
927172,3.0,4
927176,3.0,4
927180,3.0,4
927184,3.0,4
927188,3.0,4
927192,3.0,4
927196,3.0,4
927200,3.0,4
927204,3.0,4
927208,3.0,4
927212,3.0,4
927216,3.0,4
927220,3.0,4
927224,3.0,4
927228,3.0,4
927232,3.0,4
927236,3.0,4
927240,3.0,4
927244,3.0,4
927248,3.0,4
927252,3.0,4
927256,3.0,4
927261,4.0,5
927265,3.0,4
927269,3.0,4
927273,3.0,4
927278,4.0,5
927283,4.0,5
927287,3.0,4
927291,3.0,4
927295,3.0,4
927299,3.0,4
927303,3.0,4
927307,3.0,4
927311,3.0,4
927315,3.0,4
927319,3.0,4
927323,3.0,4
927327,3.0,4
927332,4.0,5
927336,3.0,4
927340,3.0,4
927344,3.0,4
927348,3.0,4
927353,4.0,5
927357,3.0,4
927361,3.0,4
927365,3.0,4
927369,3.0,4
927373,3.0,4
927377,3.0,4
927381,3.0,4
927385,3.0,4
927389,3.0,4
927393,3.0,4
927397,3.0,4
927401,3.0,4
927405,3.0,4
927409,3.0,4
927413,3.0,4
927418,4.0,5
927422,3.0,4
927426,3.0,4
927430,3.0,4
927434,3.0,4
927438,3.0,4
927442,3.0,4
927446,3.0,4
927450,3.0,4
927454,3.0,4
927458,3.0,4
927462,3.0,4
927466,3.0,4
927470,3.0,4
927474,3.0,4
927478,3.0,4
927482,3.0,4
927486,3.0,4
927490,3.0,4
927494,3.0,4
927498,3.0,4
927502,3.0,4
927506,3.0,4
927510,3.0,4
927514,3.0,4
927519,4.0,5
927523,3.0,4
927527,3.0,4
927531,3.0,4
927535,3.0,4
927539,3.0,4
927543,3.0,4
927547,3.0,4
927551,3.0,4
927555,3.0,4
927559,3.0,4
927563,3.0,4
927567,3.0,4
927571,3.0,4
927575,3.0,4
927579,3.0,4
927583,3.0,4
927587,3.0,4
927591,3.0,4
927595,3.0,4
927599,3.0,4
927603,3.0,4
927608,4.0,5
927612,3.0,4
927616,3.0,4
927620,3.0,4
927624,3.0,4
927628,3.0,4
927633,4.0,5
927637,3.0,4
927641,3.0,4
927645,3.0,4
927649,3.0,4
927653,3.0,4
927657,3.0,4
927661,3.0,4
927666,4.0,5
927670,3.0,4
927674,3.0,4
927678,3.0,4
927682,3.0,4
927686,3.0,4
927691,4.0,5
927695,3.0,4
927699,3.0,4
927704,4.0,5
927708,3.0,4
927712,3.0,4
927716,3.0,4
927721,4.0,5
927725,3.0,4
927729,3.0,4
927733,3.0,4
927737,3.0,4
927742,4.0,5
927746,3.0,4
927750,3.0,4
927754,3.0,4
927758,3.0,4
927762,3.0,4
927766,3.0,4
927770,3.0,4
927774,3.0,4
927779,4.0,5
927784,4.0,5
927789,4.0,5
927794,4.0,5
927798,3.0,4
927803,4.0,5
927807,3.0,4
927811,3.0,4
927815,3.0,4
927819,3.0,4
927824,4.0,5
927828,3.0,4
927832,3.0,4
927836,3.0,4
927840,3.0,4
927844,3.0,4
927849,4.0,5
927853,3.0,4
927857,3.0,4
927861,3.0,4
927865,3.0,4
927869,3.0,4
927873,3.0,4
927877,3.0,4
927881,3.0,4
927885,3.0,4
927889,3.0,4
927893,3.0,4
927897,3.0,4
927901,3.0,4
927905,3.0,4
927909,3.0,4
927913,3.0,4
927917,3.0,4
927921,3.0,4
927925,3.0,4
927930,4.0,5
927934,3.0,4
927938,3.0,4
927942,3.0,4
927946,3.0,4
927951,4.0,5
927955,3.0,4
927960,4.0,5
927965,4.0,5
927969,3.0,4
927973,3.0,4
927977,3.0,4
927981,3.0,4
927985,3.0,4
927989,3.0,4
927993,3.0,4
927997,3.0,4
928001,3.0,4
928005,3.0,4
928009,3.0,4
928013,3.0,4
928017,3.0,4
928021,3.0,4
928025,3.0,4
928029,3.0,4
928033,3.0,4
928037,3.0,4
928041,3.0,4
928045,3.0,4
928049,3.0,4
928053,3.0,4
928057,3.0,4
928061,3.0,4
928065,3.0,4
928069,3.0,4
928073,3.0,4
928078,4.0,5
928082,3.0,4
928086,3.0,4
928090,3.0,4
928094,3.0,4
928098,3.0,4
928102,3.0,4
928106,3.0,4
928110,3.0,4
928114,3.0,4
928118,3.0,4
928122,3.0,4
928126,3.0,4
928130,3.0,4
928134,3.0,4
928139,4.0,5
928143,3.0,4
928147,3.0,4
928151,3.0,4
928155,3.0,4
928159,3.0,4
928163,3.0,4
928168,4.0,5
928173,4.0,5
928177,3.0,4
928181,3.0,4
928185,3.0,4
928189,3.0,4
928193,3.0,4
928197,3.0,4
928201,3.0,4
928205,3.0,4
928209,3.0,4
928213,3.0,4
928217,3.0,4
928221,3.0,4
928225,3.0,4
928229,3.0,4
928233,3.0,4
928237,3.0,4
928241,3.0,4
928245,3.0,4
928249,3.0,4
928254,4.0,5
928258,3.0,4
928262,3.0,4
928266,3.0,4
928271,4.0,5
928275,3.0,4
928279,3.0,4
928283,3.0,4
928287,3.0,4
928291,3.0,4
928295,3.0,4
928299,3.0,4
928303,3.0,4
928307,3.0,4
928311,3.0,4
928315,3.0,4
928319,3.0,4
928323,3.0,4
928327,3.0,4
928331,3.0,4
928335,3.0,4
928339,3.0,4
928343,3.0,4
928347,3.0,4
928352,4.0,5
928356,3.0,4
928360,3.0,4
928364,3.0,4
928369,4.0,5
928373,3.0,4
928377,3.0,4
928381,3.0,4
928385,3.0,4
928389,3.0,4
928393,3.0,4
928398,4.0,5
928402,3.0,4
928406,3.0,4
928410,3.0,4
928414,3.0,4
928418,3.0,4
928422,3.0,4
928426,3.0,4
928430,3.0,4
928435,4.0,5
928440,4.0,5
928445,4.0,5
928449,3.0,4
928453,3.0,4
928457,3.0,4
928461,3.0,4
928466,4.0,5
928470,3.0,4
928474,3.0,4
928478,3.0,4
928482,3.0,4
928486,3.0,4
928490,3.0,4
928494,3.0,4
928498,3.0,4
928502,3.0,4
928506,3.0,4
928511,4.0,5
928515,3.0,4
928520,4.0,5
928524,3.0,4
928528,3.0,4
928532,3.0,4
928537,4.0,5
928541,3.0,4
928545,3.0,4
928549,3.0,4
928553,3.0,4
928557,3.0,4
928561,3.0,4
928565,3.0,4
928569,3.0,4
928573,3.0,4
928577,3.0,4
928581,3.0,4
928585,3.0,4
928589,3.0,4
928593,3.0,4
928598,4.0,5
928602,3.0,4
928606,3.0,4
928611,4.0,5
928615,3.0,4
928619,3.0,4
928623,3.0,4
928627,3.0,4
928631,3.0,4
928635,3.0,4
928639,3.0,4
928643,3.0,4
928647,3.0,4
928651,3.0,4
928655,3.0,4
928659,3.0,4
928663,3.0,4
928668,4.0,5
928672,3.0,4
928676,3.0,4
928680,3.0,4
928684,3.0,4
928688,3.0,4
928692,3.0,4
928696,3.0,4
928700,3.0,4
928704,3.0,4
928708,3.0,4
928712,3.0,4
928716,3.0,4
928720,3.0,4
928724,3.0,4
928728,3.0,4
928732,3.0,4
928736,3.0,4
928740,3.0,4
928744,3.0,4
928748,3.0,4
928752,3.0,4
928756,3.0,4
928760,3.0,4
928764,3.0,4
928768,3.0,4
928772,3.0,4
928777,4.0,5
928781,3.0,4
928785,3.0,4
928789,3.0,4
928793,3.0,4
928798,4.0,5
928803,4.0,5
928807,3.0,4
928811,3.0,4
928815,3.0,4
928819,3.0,4
928823,3.0,4
928827,3.0,4
928831,3.0,4
928835,3.0,4
928839,3.0,4
928843,3.0,4
928847,3.0,4
928851,3.0,4
928855,3.0,4
928859,3.0,4
928863,3.0,4
928867,3.0,4
928871,3.0,4
928875,3.0,4
928880,4.0,5
928884,3.0,4
928888,3.0,4
928892,3.0,4
928896,3.0,4
928900,3.0,4
928904,3.0,4
928908,3.0,4
928912,3.0,4
928916,3.0,4
928920,3.0,4
928924,3.0,4
928928,3.0,4
928932,3.0,4
928936,3.0,4
928940,3.0,4
928944,3.0,4
928948,3.0,4
928952,3.0,4
928956,3.0,4
928960,3.0,4
928964,3.0,4
928968,3.0,4
928973,4.0,5
928977,3.0,4
928981,3.0,4
928985,3.0,4
928989,3.0,4
928993,3.0,4
928997,3.0,4
929001,3.0,4
929005,3.0,4
929009,3.0,4
929013,3.0,4
929017,3.0,4
929021,3.0,4
929025,3.0,4
929029,3.0,4
929033,3.0,4
929037,3.0,4
929041,3.0,4
929045,3.0,4
929049,3.0,4
929054,4.0,5
929058,3.0,4
929062,3.0,4
929066,3.0,4
929070,3.0,4
929074,3.0,4
929078,3.0,4
929082,3.0,4
929086,3.0,4
929090,3.0,4
929094,3.0,4
929098,3.0,4
929102,3.0,4
929107,4.0,5
929111,3.0,4
929115,3.0,4
929119,3.0,4
929123,3.0,4
929127,3.0,4
929132,4.0,5
929136,3.0,4
929140,3.0,4
929144,3.0,4
929148,3.0,4
929152,3.0,4
929156,3.0,4
929160,3.0,4
929165,4.0,5
929169,3.0,4
929173,3.0,4
929177,3.0,4
929181,3.0,4
929186,4.0,5
929190,3.0,4
929194,3.0,4
929198,3.0,4
929203,4.0,5
929207,3.0,4
929211,3.0,4
929215,3.0,4
929219,3.0,4
929223,3.0,4
929227,3.0,4
929231,3.0,4
929235,3.0,4
929239,3.0,4
929243,3.0,4
929247,3.0,4
929252,4.0,5
929256,3.0,4
929260,3.0,4
929265,4.0,5
929269,3.0,4
929273,3.0,4
929277,3.0,4
929281,3.0,4
929285,3.0,4
929289,3.0,4
929293,3.0,4
929297,3.0,4
929301,3.0,4
929305,3.0,4
929309,3.0,4
929313,3.0,4
929317,3.0,4
929321,3.0,4
929325,3.0,4
929330,4.0,5
929334,3.0,4
929338,3.0,4
929342,3.0,4
929346,3.0,4
929350,3.0,4
929354,3.0,4
929358,3.0,4
929362,3.0,4
929366,3.0,4
929370,3.0,4
929374,3.0,4
929378,3.0,4
929382,3.0,4
929386,3.0,4
929390,3.0,4
929394,3.0,4
929399,4.0,5
929403,3.0,4
929407,3.0,4
929411,3.0,4
929415,3.0,4
929419,3.0,4
929423,3.0,4
929428,4.0,5
929432,3.0,4
929436,3.0,4
929440,3.0,4
929444,3.0,4
929448,3.0,4
929452,3.0,4
929456,3.0,4
929460,3.0,4
929464,3.0,4
929468,3.0,4
929472,3.0,4
929476,3.0,4
929480,3.0,4
929484,3.0,4
929488,3.0,4
929492,3.0,4
929496,3.0,4
929501,4.0,5
929505,3.0,4
929510,4.0,5
929514,3.0,4
929518,3.0,4
929522,3.0,4
929527,4.0,5
929531,3.0,4
929535,3.0,4
929539,3.0,4
929544,4.0,5
929548,3.0,4
929552,3.0,4
929556,3.0,4
929560,3.0,4
929564,3.0,4
929568,3.0,4
929572,3.0,4
929576,3.0,4
929580,3.0,4
929584,3.0,4
929589,4.0,5
929593,3.0,4
929598,4.0,5
929603,4.0,5
929607,3.0,4
929611,3.0,4
929615,3.0,4
929619,3.0,4
929623,3.0,4
929627,3.0,4
929631,3.0,4
929635,3.0,4
929639,3.0,4
929644,4.0,5
929648,3.0,4
929652,3.0,4
929657,4.0,5
929661,3.0,4
929665,3.0,4
929669,3.0,4
929673,3.0,4
929677,3.0,4
929681,3.0,4
929685,3.0,4
929689,3.0,4
929693,3.0,4
929697,3.0,4
929701,3.0,4
929705,3.0,4
929709,3.0,4
929714,4.0,5
929718,3.0,4
929722,3.0,4
929726,3.0,4
929731,4.0,5
929736,4.0,5
929741,4.0,5
929745,3.0,4
929749,3.0,4
929753,3.0,4
929757,3.0,4
929761,3.0,4
929765,3.0,4
929769,3.0,4
929773,3.0,4
929777,3.0,4
929781,3.0,4
929785,3.0,4
929789,3.0,4
929793,3.0,4
929798,4.0,5
929802,3.0,4
929807,4.0,5
929811,3.0,4
929815,3.0,4
929819,3.0,4
929823,3.0,4
929827,3.0,4
929831,3.0,4
929835,3.0,4
929840,4.0,5
929844,3.0,4
929849,4.0,5
929853,3.0,4
929857,3.0,4
929861,3.0,4
929865,3.0,4
929869,3.0,4
929873,3.0,4
929877,3.0,4
929881,3.0,4
929885,3.0,4
929889,3.0,4
929894,4.0,5
929898,3.0,4
929902,3.0,4
929906,3.0,4
929910,3.0,4
929915,4.0,5
929919,3.0,4
929924,4.0,5
929928,3.0,4
929932,3.0,4
929936,3.0,4
929940,3.0,4
929944,3.0,4
929948,3.0,4
929952,3.0,4
929956,3.0,4
929961,4.0,5
929965,3.0,4
929970,4.0,5
929974,3.0,4
929979,4.0,5
929983,3.0,4
929988,4.0,5
929992,3.0,4
929996,3.0,4
930000,3.0,4
930004,3.0,4
930009,4.0,5
930013,3.0,4
930017,3.0,4
930021,3.0,4
930025,3.0,4
930029,3.0,4
930034,4.0,5
930038,3.0,4
930043,4.0,5
930047,3.0,4
930051,3.0,4
930055,3.0,4
930059,3.0,4
930063,3.0,4
930068,4.0,5
930072,3.0,4
930076,3.0,4
930080,3.0,4
930084,3.0,4
930088,3.0,4
930092,3.0,4
930096,3.0,4
930100,3.0,4
930104,3.0,4
930108,3.0,4
930112,3.0,4
930116,3.0,4
930120,3.0,4
930124,3.0,4
930128,3.0,4
930132,3.0,4
930136,3.0,4
930140,3.0,4
930144,3.0,4
930148,3.0,4
930152,3.0,4
930156,3.0,4
930160,3.0,4
930164,3.0,4
930168,3.0,4
930172,3.0,4
930176,3.0,4
930181,4.0,5
930185,3.0,4
930189,3.0,4
930194,4.0,5
930198,3.0,4
930202,3.0,4
930206,3.0,4
930210,3.0,4
930214,3.0,4
930218,3.0,4
930222,3.0,4
930226,3.0,4
930230,3.0,4
930234,3.0,4
930238,3.0,4
930243,4.0,5
930247,3.0,4
930251,3.0,4
930255,3.0,4
930259,3.0,4
930263,3.0,4
930267,3.0,4
930271,3.0,4
930275,3.0,4
930279,3.0,4
930283,3.0,4
930287,3.0,4
930291,3.0,4
930295,3.0,4
930299,3.0,4
930303,3.0,4
930307,3.0,4
930312,4.0,5
930316,3.0,4
930320,3.0,4
930324,3.0,4
930328,3.0,4
930332,3.0,4
930337,4.0,5
930341,3.0,4
930345,3.0,4
930349,3.0,4
930353,3.0,4
930357,3.0,4
930361,3.0,4
930365,3.0,4
930369,3.0,4
930373,3.0,4
930377,3.0,4
930381,3.0,4
930386,4.0,5
930390,3.0,4
930394,3.0,4
930398,3.0,4
930402,3.0,4
930406,3.0,4
930410,3.0,4
930414,3.0,4
930418,3.0,4
930423,4.0,5
930427,3.0,4
930431,3.0,4
930436,4.0,5
930440,3.0,4
930445,4.0,5
930449,3.0,4
930453,3.0,4
930457,3.0,4
930461,3.0,4
930465,3.0,4
930469,3.0,4
930473,3.0,4
930477,3.0,4
930481,3.0,4
930485,3.0,4
930489,3.0,4
930494,4.0,5
930498,3.0,4
930503,4.0,5
930507,3.0,4
930511,3.0,4
930515,3.0,4
930519,3.0,4
930523,3.0,4
930527,3.0,4
930531,3.0,4
930535,3.0,4
930539,3.0,4
930543,3.0,4
930547,3.0,4
930551,3.0,4
930555,3.0,4
930559,3.0,4
930563,3.0,4
930567,3.0,4
930571,3.0,4
930576,4.0,5
930580,3.0,4
930584,3.0,4
930588,3.0,4
930592,3.0,4
930597,4.0,5
930601,3.0,4
930605,3.0,4
930609,3.0,4
930613,3.0,4
930617,3.0,4
930621,3.0,4
930625,3.0,4
930629,3.0,4
930633,3.0,4
930637,3.0,4
930641,3.0,4
930645,3.0,4
930649,3.0,4
930653,3.0,4
930657,3.0,4
930661,3.0,4
930665,3.0,4
930670,4.0,5
930675,4.0,5
930679,3.0,4
930683,3.0,4
930687,3.0,4
930691,3.0,4
930695,3.0,4
930699,3.0,4
930703,3.0,4
930707,3.0,4
930711,3.0,4
930715,3.0,4
930719,3.0,4
930724,4.0,5
930728,3.0,4
930732,3.0,4
930736,3.0,4
930740,3.0,4
930744,3.0,4
930748,3.0,4
930752,3.0,4
930756,3.0,4
930760,3.0,4
930764,3.0,4
930768,3.0,4
930772,3.0,4
930776,3.0,4
930780,3.0,4
930784,3.0,4
930788,3.0,4
930792,3.0,4
930796,3.0,4
930800,3.0,4
930804,3.0,4
930808,3.0,4
930812,3.0,4
930816,3.0,4
930821,4.0,5
930825,3.0,4
930829,3.0,4
930833,3.0,4
930837,3.0,4
930841,3.0,4
930845,3.0,4
930850,4.0,5
930854,3.0,4
930858,3.0,4
930862,3.0,4
930866,3.0,4
930870,3.0,4
930874,3.0,4
930878,3.0,4
930883,4.0,5
930887,3.0,4
930892,4.0,5
930896,3.0,4
930901,4.0,5
930905,3.0,4
930910,4.0,5
930914,3.0,4
930918,3.0,4
930922,3.0,4
930926,3.0,4
930930,3.0,4
930934,3.0,4
930938,3.0,4
930942,3.0,4
930946,3.0,4
930950,3.0,4
930954,3.0,4
930958,3.0,4
930962,3.0,4
930966,3.0,4
930970,3.0,4
930974,3.0,4
930978,3.0,4
930982,3.0,4
930987,4.0,5
930991,3.0,4
930996,4.0,5
931000,3.0,4
931004,3.0,4
931008,3.0,4
931012,3.0,4
931017,4.0,5
931021,3.0,4
931025,3.0,4
931029,3.0,4
931033,3.0,4
931037,3.0,4
931041,3.0,4
931046,4.0,5
931050,3.0,4
931054,3.0,4
931058,3.0,4
931062,3.0,4
931067,4.0,5
931071,3.0,4
931075,3.0,4
931079,3.0,4
931083,3.0,4
931088,4.0,5
931092,3.0,4
931096,3.0,4
931100,3.0,4
931104,3.0,4
931108,3.0,4
931112,3.0,4
931116,3.0,4
931120,3.0,4
931124,3.0,4
931128,3.0,4
931132,3.0,4
931136,3.0,4
931140,3.0,4
931144,3.0,4
931148,3.0,4
931152,3.0,4
931156,3.0,4
931160,3.0,4
931165,4.0,5
931169,3.0,4
931173,3.0,4
931178,4.0,5
931183,4.0,5
931187,3.0,4
931192,4.0,5
931196,3.0,4
931200,3.0,4
931204,3.0,4
931208,3.0,4
931212,3.0,4
931216,3.0,4
931220,3.0,4
931224,3.0,4
931228,3.0,4
931232,3.0,4
931236,3.0,4
931240,3.0,4
931244,3.0,4
931248,3.0,4
931253,4.0,5
931257,3.0,4
931261,3.0,4
931265,3.0,4
931269,3.0,4
931274,4.0,5
931278,3.0,4
931282,3.0,4
931286,3.0,4
931290,3.0,4
931294,3.0,4
931298,3.0,4
931302,3.0,4
931306,3.0,4
931310,3.0,4
931314,3.0,4
931318,3.0,4
931323,4.0,5
931327,3.0,4
931332,4.0,5
931336,3.0,4
931340,3.0,4
931344,3.0,4
931348,3.0,4
931352,3.0,4
931356,3.0,4
931360,3.0,4
931364,3.0,4
931368,3.0,4
931372,3.0,4
931376,3.0,4
931380,3.0,4
931384,3.0,4
931388,3.0,4
931392,3.0,4
931396,3.0,4
931400,3.0,4
931404,3.0,4
931408,3.0,4
931412,3.0,4
931416,3.0,4
931420,3.0,4
931424,3.0,4
931428,3.0,4
931433,4.0,5
931438,4.0,5
931442,3.0,4
931446,3.0,4
931450,3.0,4
931455,4.0,5
931460,4.0,5
931464,3.0,4
931468,3.0,4
931472,3.0,4
931477,4.0,5
931481,3.0,4
931486,4.0,5
931490,3.0,4
931494,3.0,4
931498,3.0,4
931502,3.0,4
931506,3.0,4
931510,3.0,4
931514,3.0,4
931518,3.0,4
931522,3.0,4
931527,4.0,5
931531,3.0,4
931535,3.0,4
931539,3.0,4
931543,3.0,4
931547,3.0,4
931551,3.0,4
931555,3.0,4
931559,3.0,4
931564,4.0,5
931568,3.0,4
931572,3.0,4
931576,3.0,4
931580,3.0,4
931584,3.0,4
931588,3.0,4
931592,3.0,4
931596,3.0,4
931600,3.0,4
931604,3.0,4
931608,3.0,4
931612,3.0,4
931616,3.0,4
931620,3.0,4
931624,3.0,4
931628,3.0,4
931632,3.0,4
931637,4.0,5
931641,3.0,4
931645,3.0,4
931650,4.0,5
931654,3.0,4
931658,3.0,4
931663,4.0,5
931667,3.0,4
931671,3.0,4
931675,3.0,4
931680,4.0,5
931684,3.0,4
931688,3.0,4
931692,3.0,4
931696,3.0,4
931700,3.0,4
931704,3.0,4
931708,3.0,4
931712,3.0,4
931716,3.0,4
931720,3.0,4
931724,3.0,4
931728,3.0,4
931733,4.0,5
931737,3.0,4
931741,3.0,4
931745,3.0,4
931750,4.0,5
931754,3.0,4
931758,3.0,4
931762,3.0,4
931766,3.0,4
931770,3.0,4
931774,3.0,4
931778,3.0,4
931782,3.0,4
931786,3.0,4
931790,3.0,4
931794,3.0,4
931798,3.0,4
931802,3.0,4
931806,3.0,4
931810,3.0,4
931814,3.0,4
931818,3.0,4
931823,4.0,5
931827,3.0,4
931831,3.0,4
931835,3.0,4
931839,3.0,4
931843,3.0,4
931847,3.0,4
931851,3.0,4
931855,3.0,4
931859,3.0,4
931863,3.0,4
931867,3.0,4
931872,4.0,5
931876,3.0,4
931880,3.0,4
931885,4.0,5
931889,3.0,4
931893,3.0,4
931897,3.0,4
931901,3.0,4
931905,3.0,4
931909,3.0,4
931914,4.0,5
931918,3.0,4
931922,3.0,4
931927,4.0,5
931931,3.0,4
931935,3.0,4
931939,3.0,4
931943,3.0,4
931947,3.0,4
931951,3.0,4
931955,3.0,4
931959,3.0,4
931964,4.0,5
931969,4.0,5
931973,3.0,4
931977,3.0,4
931981,3.0,4
931986,4.0,5
931990,3.0,4
931995,4.0,5
931999,3.0,4
932003,3.0,4
932007,3.0,4
932011,3.0,4
932015,3.0,4
932019,3.0,4
932023,3.0,4
932027,3.0,4
932031,3.0,4
932035,3.0,4
932039,3.0,4
932043,3.0,4
932048,4.0,5
932053,4.0,5
932057,3.0,4
932062,4.0,5
932066,3.0,4
932070,3.0,4
932074,3.0,4
932078,3.0,4
932082,3.0,4
932086,3.0,4
932090,3.0,4
932095,4.0,5
932099,3.0,4
932103,3.0,4
932107,3.0,4
932112,4.0,5
932117,4.0,5
932121,3.0,4
932125,3.0,4
932129,3.0,4
932133,3.0,4
932137,3.0,4
932142,4.0,5
932147,4.0,5
932151,3.0,4
932155,3.0,4
932159,3.0,4
932163,3.0,4
932167,3.0,4
932171,3.0,4
932175,3.0,4
932179,3.0,4
932183,3.0,4
932187,3.0,4
932191,3.0,4
932195,3.0,4
932199,3.0,4
932203,3.0,4
932207,3.0,4
932211,3.0,4
932215,3.0,4
932219,3.0,4
932223,3.0,4
932227,3.0,4
932231,3.0,4
932235,3.0,4
932239,3.0,4
932243,3.0,4
932247,3.0,4
932251,3.0,4
932255,3.0,4
932260,4.0,5
932265,4.0,5
932270,4.0,5
932274,3.0,4
932279,4.0,5
932283,3.0,4
932288,4.0,5
932292,3.0,4
932296,3.0,4
932301,4.0,5
932305,3.0,4
932309,3.0,4
932313,3.0,4
932318,4.0,5
932322,3.0,4
932326,3.0,4
932331,4.0,5
932335,3.0,4
932339,3.0,4
932343,3.0,4
932347,3.0,4
932351,3.0,4
932355,3.0,4
932359,3.0,4
932363,3.0,4
932367,3.0,4
932371,3.0,4
932375,3.0,4
932379,3.0,4
932383,3.0,4
932387,3.0,4
932392,4.0,5
932396,3.0,4
932400,3.0,4
932404,3.0,4
932408,3.0,4
932412,3.0,4
932416,3.0,4
932420,3.0,4
932424,3.0,4
932429,4.0,5
932433,3.0,4
932437,3.0,4
932441,3.0,4
932445,3.0,4
932449,3.0,4
932454,4.0,5
932458,3.0,4
932462,3.0,4
932466,3.0,4
932470,3.0,4
932474,3.0,4
932478,3.0,4
932483,4.0,5
932487,3.0,4
932491,3.0,4
932495,3.0,4
932499,3.0,4
932503,3.0,4
932507,3.0,4
932511,3.0,4
932515,3.0,4
932519,3.0,4
932523,3.0,4
932527,3.0,4
932531,3.0,4
932535,3.0,4
932539,3.0,4
932543,3.0,4
932547,3.0,4
932551,3.0,4
932555,3.0,4
932559,3.0,4
932563,3.0,4
932567,3.0,4
932571,3.0,4
932575,3.0,4
932579,3.0,4
932583,3.0,4
932587,3.0,4
932592,4.0,5
932596,3.0,4
932600,3.0,4
932604,3.0,4
932608,3.0,4
932612,3.0,4
932616,3.0,4
932620,3.0,4
932624,3.0,4
932629,4.0,5
932634,4.0,5
932638,3.0,4
932643,4.0,5
932648,4.0,5
932652,3.0,4
932656,3.0,4
932660,3.0,4
932664,3.0,4
932669,4.0,5
932673,3.0,4
932677,3.0,4
932682,4.0,5
932686,3.0,4
932691,4.0,5
932695,3.0,4
932699,3.0,4
932703,3.0,4
932707,3.0,4
932711,3.0,4
932715,3.0,4
932719,3.0,4
932723,3.0,4
932727,3.0,4
932731,3.0,4
932735,3.0,4
932739,3.0,4
932743,3.0,4
932747,3.0,4
932751,3.0,4
932755,3.0,4
932760,4.0,5
932764,3.0,4
932768,3.0,4
932772,3.0,4
932777,4.0,5
932781,3.0,4
932785,3.0,4
932790,4.0,5
932794,3.0,4
932798,3.0,4
932803,4.0,5
932807,3.0,4
932811,3.0,4
932815,3.0,4
932820,4.0,5
932824,3.0,4
932829,4.0,5
932833,3.0,4
932837,3.0,4
932841,3.0,4
932845,3.0,4
932850,4.0,5
932854,3.0,4
932858,3.0,4
932862,3.0,4
932866,3.0,4
932870,3.0,4
932875,4.0,5
932880,4.0,5
932884,3.0,4
932888,3.0,4
932892,3.0,4
932896,3.0,4
932901,4.0,5
932905,3.0,4
932910,4.0,5
932914,3.0,4
932918,3.0,4
932922,3.0,4
932926,3.0,4
932930,3.0,4
932934,3.0,4
932938,3.0,4
932942,3.0,4
932946,3.0,4
932950,3.0,4
932954,3.0,4
932958,3.0,4
932962,3.0,4
932966,3.0,4
932971,4.0,5
932975,3.0,4
932980,4.0,5
932984,3.0,4
932989,4.0,5
932993,3.0,4
932997,3.0,4
933001,3.0,4
933005,3.0,4
933009,3.0,4
933013,3.0,4
933017,3.0,4
933021,3.0,4
933025,3.0,4
933030,4.0,5
933035,4.0,5
933039,3.0,4
933043,3.0,4
933047,3.0,4
933051,3.0,4
933055,3.0,4
933060,4.0,5
933064,3.0,4
933068,3.0,4
933072,3.0,4
933076,3.0,4
933080,3.0,4
933084,3.0,4
933088,3.0,4
933092,3.0,4
933096,3.0,4
933100,3.0,4
933105,4.0,5
933109,3.0,4
933113,3.0,4
933117,3.0,4
933122,4.0,5
933126,3.0,4
933131,4.0,5
933135,3.0,4
933139,3.0,4
933143,3.0,4
933147,3.0,4
933151,3.0,4
933155,3.0,4
933159,3.0,4
933163,3.0,4
933167,3.0,4
933171,3.0,4
933175,3.0,4
933179,3.0,4
933183,3.0,4
933187,3.0,4
933191,3.0,4
933195,3.0,4
933199,3.0,4
933203,3.0,4
933207,3.0,4
933211,3.0,4
933215,3.0,4
933219,3.0,4
933223,3.0,4
933227,3.0,4
933231,3.0,4
933235,3.0,4
933239,3.0,4
933243,3.0,4
933247,3.0,4
933251,3.0,4
933255,3.0,4
933259,3.0,4
933264,4.0,5
933268,3.0,4
933272,3.0,4
933276,3.0,4
933280,3.0,4
933284,3.0,4
933288,3.0,4
933292,3.0,4
933296,3.0,4
933300,3.0,4
933305,4.0,5
933310,4.0,5
933314,3.0,4
933318,3.0,4
933322,3.0,4
933326,3.0,4
933330,3.0,4
933334,3.0,4
933338,3.0,4
933342,3.0,4
933346,3.0,4
933350,3.0,4
933354,3.0,4
933358,3.0,4
933362,3.0,4
933366,3.0,4
933370,3.0,4
933375,4.0,5
933380,4.0,5
933384,3.0,4
933389,4.0,5
933393,3.0,4
933398,4.0,5
933402,3.0,4
933406,3.0,4
933410,3.0,4
933414,3.0,4
933419,4.0,5
933423,3.0,4
933427,3.0,4
933431,3.0,4
933436,4.0,5
933440,3.0,4
933444,3.0,4
933448,3.0,4
933452,3.0,4
933456,3.0,4
933460,3.0,4
933464,3.0,4
933468,3.0,4
933472,3.0,4
933476,3.0,4
933480,3.0,4
933484,3.0,4
933488,3.0,4
933492,3.0,4
933496,3.0,4
933500,3.0,4
933504,3.0,4
933508,3.0,4
933512,3.0,4
933516,3.0,4
933520,3.0,4
933524,3.0,4
933528,3.0,4
933532,3.0,4
933536,3.0,4
933541,4.0,5
933545,3.0,4
933549,3.0,4
933553,3.0,4
933557,3.0,4
933561,3.0,4
933565,3.0,4
933570,4.0,5
933574,3.0,4
933578,3.0,4
933582,3.0,4
933586,3.0,4
933590,3.0,4
933594,3.0,4
933599,4.0,5
933604,4.0,5
933609,4.0,5
933613,3.0,4
933617,3.0,4
933622,4.0,5
933626,3.0,4
933630,3.0,4
933634,3.0,4
933638,3.0,4
933642,3.0,4
933647,4.0,5
933652,4.0,5
933656,3.0,4
933660,3.0,4
933664,3.0,4
933668,3.0,4
933672,3.0,4
933676,3.0,4
933681,4.0,5
933685,3.0,4
933689,3.0,4
933693,3.0,4
933697,3.0,4
933701,3.0,4
933705,3.0,4
933709,3.0,4
933713,3.0,4
933717,3.0,4
933721,3.0,4
933725,3.0,4
933729,3.0,4
933734,4.0,5
933739,4.0,5
933743,3.0,4
933747,3.0,4
933751,3.0,4
933755,3.0,4
933759,3.0,4
933763,3.0,4
933768,4.0,5
933772,3.0,4
933776,3.0,4
933780,3.0,4
933785,4.0,5
933789,3.0,4
933794,4.0,5
933799,4.0,5
933803,3.0,4
933807,3.0,4
933812,4.0,5
933816,3.0,4
933820,3.0,4
933824,3.0,4
933828,3.0,4
933832,3.0,4
933837,4.0,5
933841,3.0,4
933845,3.0,4
933850,4.0,5
933854,3.0,4
933858,3.0,4
933862,3.0,4
933866,3.0,4
933870,3.0,4
933875,4.0,5
933879,3.0,4
933883,3.0,4
933887,3.0,4
933891,3.0,4
933896,4.0,5
933900,3.0,4
933905,4.0,5
933910,4.0,5
933915,4.0,5
933919,3.0,4
933923,3.0,4
933927,3.0,4
933931,3.0,4
933935,3.0,4
933940,4.0,5
933944,3.0,4
933948,3.0,4
933952,3.0,4
933956,3.0,4
933960,3.0,4
933964,3.0,4
933969,4.0,5
933973,3.0,4
933977,3.0,4
933982,4.0,5
933986,3.0,4
933990,3.0,4
933994,3.0,4
933999,4.0,5
934004,4.0,5
934008,3.0,4
934012,3.0,4
934016,3.0,4
934020,3.0,4
934024,3.0,4
934028,3.0,4
934032,3.0,4
934036,3.0,4
934040,3.0,4
934044,3.0,4
934048,3.0,4
934052,3.0,4
934057,4.0,5
934061,3.0,4
934066,4.0,5
934070,3.0,4
934074,3.0,4
934078,3.0,4
934082,3.0,4
934086,3.0,4
934090,3.0,4
934094,3.0,4
934098,3.0,4
934102,3.0,4
934106,3.0,4
934111,4.0,5
934115,3.0,4
934119,3.0,4
934123,3.0,4
934127,3.0,4
934131,3.0,4
934135,3.0,4
934139,3.0,4
934144,4.0,5
934148,3.0,4
934152,3.0,4
934156,3.0,4
934160,3.0,4
934164,3.0,4
934168,3.0,4
934172,3.0,4
934176,3.0,4
934180,3.0,4
934184,3.0,4
934188,3.0,4
934192,3.0,4
934197,4.0,5
934201,3.0,4
934206,4.0,5
934211,4.0,5
934215,3.0,4
934219,3.0,4
934223,3.0,4
934227,3.0,4
934231,3.0,4
934235,3.0,4
934239,3.0,4
934244,4.0,5
934248,3.0,4
934252,3.0,4
934256,3.0,4
934260,3.0,4
934265,4.0,5
934269,3.0,4
934273,3.0,4
934277,3.0,4
934281,3.0,4
934285,3.0,4
934289,3.0,4
934294,4.0,5
934298,3.0,4
934302,3.0,4
934306,3.0,4
934310,3.0,4
934314,3.0,4
934318,3.0,4
934322,3.0,4
934326,3.0,4
934330,3.0,4
934334,3.0,4
934338,3.0,4
934342,3.0,4
934347,4.0,5
934351,3.0,4
934355,3.0,4
934359,3.0,4
934363,3.0,4
934367,3.0,4
934371,3.0,4
934375,3.0,4
934379,3.0,4
934383,3.0,4
934388,4.0,5
934392,3.0,4
934396,3.0,4
934400,3.0,4
934404,3.0,4
934408,3.0,4
934412,3.0,4
934416,3.0,4
934420,3.0,4
934424,3.0,4
934428,3.0,4
934432,3.0,4
934437,4.0,5
934442,4.0,5
934446,3.0,4
934450,3.0,4
934455,4.0,5
934459,3.0,4
934463,3.0,4
934467,3.0,4
934471,3.0,4
934475,3.0,4
934479,3.0,4
934483,3.0,4
934488,4.0,5
934492,3.0,4
934496,3.0,4
934500,3.0,4
934504,3.0,4
934508,3.0,4
934512,3.0,4
934516,3.0,4
934520,3.0,4
934524,3.0,4
934528,3.0,4
934532,3.0,4
934537,4.0,5
934541,3.0,4
934545,3.0,4
934549,3.0,4
934554,4.0,5
934558,3.0,4
934562,3.0,4
934566,3.0,4
934570,3.0,4
934574,3.0,4
934578,3.0,4
934582,3.0,4
934587,4.0,5
934591,3.0,4
934595,3.0,4
934599,3.0,4
934603,3.0,4
934607,3.0,4
934612,4.0,5
934616,3.0,4
934620,3.0,4
934624,3.0,4
934628,3.0,4
934632,3.0,4
934636,3.0,4
934640,3.0,4
934644,3.0,4
934648,3.0,4
934652,3.0,4
934656,3.0,4
934660,3.0,4
934664,3.0,4
934668,3.0,4
934673,4.0,5
934677,3.0,4
934681,3.0,4
934685,3.0,4
934689,3.0,4
934694,4.0,5
934698,3.0,4
934702,3.0,4
934706,3.0,4
934710,3.0,4
934714,3.0,4
934719,4.0,5
934723,3.0,4
934727,3.0,4
934731,3.0,4
934735,3.0,4
934739,3.0,4
934744,4.0,5
934748,3.0,4
934753,4.0,5
934757,3.0,4
934761,3.0,4
934765,3.0,4
934769,3.0,4
934773,3.0,4
934777,3.0,4
934781,3.0,4
934785,3.0,4
934789,3.0,4
934793,3.0,4
934797,3.0,4
934802,4.0,5
934806,3.0,4
934810,3.0,4
934814,3.0,4
934818,3.0,4
934822,3.0,4
934826,3.0,4
934830,3.0,4
934834,3.0,4
934838,3.0,4
934842,3.0,4
934846,3.0,4
934850,3.0,4
934854,3.0,4
934859,4.0,5
934863,3.0,4
934867,3.0,4
934871,3.0,4
934875,3.0,4
934880,4.0,5
934884,3.0,4
934888,3.0,4
934892,3.0,4
934897,4.0,5
934901,3.0,4
934906,4.0,5
934910,3.0,4
934914,3.0,4
934919,4.0,5
934923,3.0,4
934928,4.0,5
934933,4.0,5
934937,3.0,4
934941,3.0,4
934945,3.0,4
934949,3.0,4
934954,4.0,5
934958,3.0,4
934962,3.0,4
934966,3.0,4
934970,3.0,4
934974,3.0,4
934979,4.0,5
934984,4.0,5
934988,3.0,4
934992,3.0,4
934996,3.0,4
935000,3.0,4
935004,3.0,4
935008,3.0,4
935012,3.0,4
935016,3.0,4
935021,4.0,5
935025,3.0,4
935029,3.0,4
935033,3.0,4
935037,3.0,4
935042,4.0,5
935047,4.0,5
935051,3.0,4
935055,3.0,4
935059,3.0,4
935063,3.0,4
935067,3.0,4
935071,3.0,4
935076,4.0,5
935080,3.0,4
935084,3.0,4
935088,3.0,4
935092,3.0,4
935096,3.0,4
935100,3.0,4
935104,3.0,4
935108,3.0,4
935112,3.0,4
935116,3.0,4
935121,4.0,5
935125,3.0,4
935129,3.0,4
935134,4.0,5
935138,3.0,4
935142,3.0,4
935146,3.0,4
935150,3.0,4
935155,4.0,5
935160,4.0,5
935164,3.0,4
935168,3.0,4
935172,3.0,4
935176,3.0,4
935180,3.0,4
935184,3.0,4
935188,3.0,4
935192,3.0,4
935196,3.0,4
935200,3.0,4
935204,3.0,4
935208,3.0,4
935212,3.0,4
935216,3.0,4
935220,3.0,4
935224,3.0,4
935228,3.0,4
935232,3.0,4
935236,3.0,4
935240,3.0,4
935244,3.0,4
935249,4.0,5
935253,3.0,4
935257,3.0,4
935261,3.0,4
935265,3.0,4
935269,3.0,4
935273,3.0,4
935277,3.0,4
935281,3.0,4
935285,3.0,4
935289,3.0,4
935293,3.0,4
935297,3.0,4
935301,3.0,4
935305,3.0,4
935309,3.0,4
935313,3.0,4
935317,3.0,4
935321,3.0,4
935325,3.0,4
935329,3.0,4
935333,3.0,4
935337,3.0,4
935341,3.0,4
935345,3.0,4
935349,3.0,4
935353,3.0,4
935357,3.0,4
935361,3.0,4
935365,3.0,4
935369,3.0,4
935373,3.0,4
935378,4.0,5
935382,3.0,4
935386,3.0,4
935390,3.0,4
935394,3.0,4
935398,3.0,4
935403,4.0,5
935407,3.0,4
935411,3.0,4
935415,3.0,4
935419,3.0,4
935423,3.0,4
935427,3.0,4
935432,4.0,5
935437,4.0,5
935441,3.0,4
935446,4.0,5
935450,3.0,4
935454,3.0,4
935458,3.0,4
935462,3.0,4
935466,3.0,4
935470,3.0,4
935474,3.0,4
935478,3.0,4
935482,3.0,4
935486,3.0,4
935490,3.0,4
935494,3.0,4
935498,3.0,4
935502,3.0,4
935506,3.0,4
935510,3.0,4
935514,3.0,4
935518,3.0,4
935522,3.0,4
935526,3.0,4
935530,3.0,4
935535,4.0,5
935539,3.0,4
935543,3.0,4
935547,3.0,4
935551,3.0,4
935555,3.0,4
935559,3.0,4
935563,3.0,4
935568,4.0,5
935572,3.0,4
935576,3.0,4
935580,3.0,4
935584,3.0,4
935588,3.0,4
935592,3.0,4
935596,3.0,4
935600,3.0,4
935605,4.0,5
935609,3.0,4
935614,4.0,5
935618,3.0,4
935623,4.0,5
935627,3.0,4
935631,3.0,4
935635,3.0,4
935639,3.0,4
935643,3.0,4
935647,3.0,4
935651,3.0,4
935655,3.0,4
935659,3.0,4
935663,3.0,4
935667,3.0,4
935671,3.0,4
935675,3.0,4
935679,3.0,4
935684,4.0,5
935688,3.0,4
935692,3.0,4
935696,3.0,4
935701,4.0,5
935705,3.0,4
935709,3.0,4
935713,3.0,4
935717,3.0,4
935721,3.0,4
935726,4.0,5
935730,3.0,4
935734,3.0,4
935738,3.0,4
935742,3.0,4
935746,3.0,4
935750,3.0,4
935755,4.0,5
935760,4.0,5
935764,3.0,4
935768,3.0,4
935772,3.0,4
935776,3.0,4
935780,3.0,4
935784,3.0,4
935788,3.0,4
935792,3.0,4
935796,3.0,4
935800,3.0,4
935805,4.0,5
935809,3.0,4
935814,4.0,5
935818,3.0,4
935822,3.0,4
935826,3.0,4
935830,3.0,4
935834,3.0,4
935838,3.0,4
935842,3.0,4
935846,3.0,4
935850,3.0,4
935854,3.0,4
935858,3.0,4
935862,3.0,4
935866,3.0,4
935870,3.0,4
935874,3.0,4
935878,3.0,4
935882,3.0,4
935886,3.0,4
935890,3.0,4
935894,3.0,4
935898,3.0,4
935902,3.0,4
935906,3.0,4
935910,3.0,4
935915,4.0,5
935919,3.0,4
935923,3.0,4
935927,3.0,4
935931,3.0,4
935935,3.0,4
935940,4.0,5
935944,3.0,4
935948,3.0,4
935952,3.0,4
935957,4.0,5
935961,3.0,4
935965,3.0,4
935969,3.0,4
935973,3.0,4
935977,3.0,4
935981,3.0,4
935985,3.0,4
935990,4.0,5
935994,3.0,4
935998,3.0,4
936002,3.0,4
936006,3.0,4
936011,4.0,5
936016,4.0,5
936020,3.0,4
936024,3.0,4
936028,3.0,4
936033,4.0,5
936037,3.0,4
936041,3.0,4
936045,3.0,4
936049,3.0,4
936053,3.0,4
936057,3.0,4
936062,4.0,5
936066,3.0,4
936070,3.0,4
936074,3.0,4
936078,3.0,4
936083,4.0,5
936087,3.0,4
936091,3.0,4
936095,3.0,4
936099,3.0,4
936103,3.0,4
936107,3.0,4
936111,3.0,4
936115,3.0,4
936119,3.0,4
936123,3.0,4
936127,3.0,4
936131,3.0,4
936135,3.0,4
936139,3.0,4
936143,3.0,4
936147,3.0,4
936151,3.0,4
936155,3.0,4
936159,3.0,4
936163,3.0,4
936167,3.0,4
936172,4.0,5
936176,3.0,4
936180,3.0,4
936184,3.0,4
936189,4.0,5
936193,3.0,4
936197,3.0,4
936201,3.0,4
936205,3.0,4
936209,3.0,4
936213,3.0,4
936217,3.0,4
936221,3.0,4
936225,3.0,4
936229,3.0,4
936233,3.0,4
936237,3.0,4
936242,4.0,5
936247,4.0,5
936251,3.0,4
936255,3.0,4
936259,3.0,4
936263,3.0,4
936267,3.0,4
936272,4.0,5
936276,3.0,4
936280,3.0,4
936284,3.0,4
936288,3.0,4
936292,3.0,4
936296,3.0,4
936300,3.0,4
936304,3.0,4
936308,3.0,4
936312,3.0,4
936317,4.0,5
936321,3.0,4
936326,4.0,5
936330,3.0,4
936334,3.0,4
936338,3.0,4
936342,3.0,4
936347,4.0,5
936351,3.0,4
936355,3.0,4
936359,3.0,4
936363,3.0,4
936367,3.0,4
936371,3.0,4
936375,3.0,4
936379,3.0,4
936383,3.0,4
936387,3.0,4
936392,4.0,5
936396,3.0,4
936401,4.0,5
936405,3.0,4
936409,3.0,4
936413,3.0,4
936418,4.0,5
936422,3.0,4
936426,3.0,4
936430,3.0,4
936434,3.0,4
936439,4.0,5
936444,4.0,5
936448,3.0,4
936452,3.0,4
936456,3.0,4
936460,3.0,4
936464,3.0,4
936468,3.0,4
936472,3.0,4
936476,3.0,4
936480,3.0,4
936484,3.0,4
936488,3.0,4
936492,3.0,4
936496,3.0,4
936500,3.0,4
936504,3.0,4
936509,4.0,5
936513,3.0,4
936518,4.0,5
936523,4.0,5
936528,4.0,5
936533,4.0,5
936537,3.0,4
936542,4.0,5
936546,3.0,4
936551,4.0,5
936555,3.0,4
936559,3.0,4
936564,4.0,5
936568,3.0,4
936572,3.0,4
936576,3.0,4
936580,3.0,4
936584,3.0,4
936588,3.0,4
936592,3.0,4
936596,3.0,4
936601,4.0,5
936605,3.0,4
936609,3.0,4
936613,3.0,4
936617,3.0,4
936621,3.0,4
936625,3.0,4
936629,3.0,4
936633,3.0,4
936637,3.0,4
936641,3.0,4
936645,3.0,4
936649,3.0,4
936653,3.0,4
936657,3.0,4
936661,3.0,4
936665,3.0,4
936669,3.0,4
936674,4.0,5
936678,3.0,4
936682,3.0,4
936687,4.0,5
936691,3.0,4
936695,3.0,4
936700,4.0,5
936704,3.0,4
936708,3.0,4
936712,3.0,4
936717,4.0,5
936722,4.0,5
936726,3.0,4
936730,3.0,4
936735,4.0,5
936739,3.0,4
936743,3.0,4
936747,3.0,4
936751,3.0,4
936755,3.0,4
936759,3.0,4
936763,3.0,4
936767,3.0,4
936771,3.0,4
936775,3.0,4
936779,3.0,4
936783,3.0,4
936787,3.0,4
936791,3.0,4
936795,3.0,4
936799,3.0,4
936803,3.0,4
936807,3.0,4
936811,3.0,4
936815,3.0,4
936819,3.0,4
936823,3.0,4
936827,3.0,4
936831,3.0,4
936835,3.0,4
936839,3.0,4
936843,3.0,4
936847,3.0,4
936852,4.0,5
936856,3.0,4
936860,3.0,4
936864,3.0,4
936868,3.0,4
936872,3.0,4
936876,3.0,4
936880,3.0,4
936884,3.0,4
936888,3.0,4
936892,3.0,4
936896,3.0,4
936900,3.0,4
936904,3.0,4
936909,4.0,5
936913,3.0,4
936917,3.0,4
936921,3.0,4
936925,3.0,4
936930,4.0,5
936935,4.0,5
936939,3.0,4
936943,3.0,4
936947,3.0,4
936952,4.0,5
936956,3.0,4
936960,3.0,4
936964,3.0,4
936969,4.0,5
936974,4.0,5
936978,3.0,4
936982,3.0,4
936986,3.0,4
936990,3.0,4
936994,3.0,4
936998,3.0,4
937002,3.0,4
937006,3.0,4
937010,3.0,4
937014,3.0,4
937018,3.0,4
937022,3.0,4
937026,3.0,4
937030,3.0,4
937034,3.0,4
937038,3.0,4
937042,3.0,4
937046,3.0,4
937050,3.0,4
937054,3.0,4
937058,3.0,4
937062,3.0,4
937066,3.0,4
937070,3.0,4
937075,4.0,5
937079,3.0,4
937084,4.0,5
937088,3.0,4
937092,3.0,4
937096,3.0,4
937100,3.0,4
937104,3.0,4
937108,3.0,4
937112,3.0,4
937117,4.0,5
937121,3.0,4
937125,3.0,4
937129,3.0,4
937133,3.0,4
937137,3.0,4
937141,3.0,4
937145,3.0,4
937150,4.0,5
937154,3.0,4
937158,3.0,4
937162,3.0,4
937166,3.0,4
937170,3.0,4
937174,3.0,4
937178,3.0,4
937183,4.0,5
937187,3.0,4
937192,4.0,5
937196,3.0,4
937200,3.0,4
937204,3.0,4
937208,3.0,4
937212,3.0,4
937216,3.0,4
937221,4.0,5
937226,4.0,5
937230,3.0,4
937235,4.0,5
937239,3.0,4
937243,3.0,4
937247,3.0,4
937252,4.0,5
937256,3.0,4
937260,3.0,4
937265,4.0,5
937269,3.0,4
937273,3.0,4
937277,3.0,4
937281,3.0,4
937285,3.0,4
937289,3.0,4
937293,3.0,4
937297,3.0,4
937302,4.0,5
937306,3.0,4
937310,3.0,4
937314,3.0,4
937318,3.0,4
937322,3.0,4
937326,3.0,4
937331,4.0,5
937336,4.0,5
937340,3.0,4
937344,3.0,4
937348,3.0,4
937353,4.0,5
937357,3.0,4
937361,3.0,4
937366,4.0,5
937370,3.0,4
937374,3.0,4
937378,3.0,4
937382,3.0,4
937386,3.0,4
937391,4.0,5
937395,3.0,4
937399,3.0,4
937403,3.0,4
937407,3.0,4
937411,3.0,4
937415,3.0,4
937419,3.0,4
937424,4.0,5
937428,3.0,4
937432,3.0,4
937436,3.0,4
937441,4.0,5
937445,3.0,4
937449,3.0,4
937454,4.0,5
937458,3.0,4
937462,3.0,4
937466,3.0,4
937470,3.0,4
937475,4.0,5
937480,4.0,5
937484,3.0,4
937488,3.0,4
937492,3.0,4
937497,4.0,5
937501,3.0,4
937505,3.0,4
937509,3.0,4
937513,3.0,4
937517,3.0,4
937521,3.0,4
937525,3.0,4
937529,3.0,4
937534,4.0,5
937538,3.0,4
937542,3.0,4
937546,3.0,4
937550,3.0,4
937555,4.0,5
937559,3.0,4
937563,3.0,4
937568,4.0,5
937573,4.0,5
937578,4.0,5
937582,3.0,4
937586,3.0,4
937590,3.0,4
937594,3.0,4
937598,3.0,4
937602,3.0,4
937606,3.0,4
937610,3.0,4
937614,3.0,4
937618,3.0,4
937622,3.0,4
937626,3.0,4
937630,3.0,4
937634,3.0,4
937638,3.0,4
937642,3.0,4
937646,3.0,4
937650,3.0,4
937654,3.0,4
937658,3.0,4
937662,3.0,4
937666,3.0,4
937670,3.0,4
937674,3.0,4
937679,4.0,5
937683,3.0,4
937687,3.0,4
937691,3.0,4
937695,3.0,4
937699,3.0,4
937703,3.0,4
937708,4.0,5
937713,4.0,5
937718,4.0,5
937722,3.0,4
937726,3.0,4
937730,3.0,4
937734,3.0,4
937738,3.0,4
937742,3.0,4
937746,3.0,4
937750,3.0,4
937754,3.0,4
937758,3.0,4
937762,3.0,4
937766,3.0,4
937770,3.0,4
937774,3.0,4
937778,3.0,4
937782,3.0,4
937786,3.0,4
937791,4.0,5
937795,3.0,4
937799,3.0,4
937803,3.0,4
937807,3.0,4
937811,3.0,4
937815,3.0,4
937819,3.0,4
937823,3.0,4
937827,3.0,4
937831,3.0,4
937836,4.0,5
937840,3.0,4
937844,3.0,4
937849,4.0,5
937854,4.0,5
937858,3.0,4
937862,3.0,4
937866,3.0,4
937870,3.0,4
937874,3.0,4
937879,4.0,5
937884,4.0,5
937889,4.0,5
937894,4.0,5
937898,3.0,4
937902,3.0,4
937906,3.0,4
937910,3.0,4
937914,3.0,4
937918,3.0,4
937923,4.0,5
937927,3.0,4
937931,3.0,4
937936,4.0,5
937940,3.0,4
937945,4.0,5
937949,3.0,4
937954,4.0,5
937958,3.0,4
937962,3.0,4
937966,3.0,4
937970,3.0,4
937975,4.0,5
937979,3.0,4
937984,4.0,5
937988,3.0,4
937993,4.0,5
937997,3.0,4
938001,3.0,4
938006,4.0,5
938010,3.0,4
938015,4.0,5
938019,3.0,4
938023,3.0,4
938027,3.0,4
938031,3.0,4
938035,3.0,4
938039,3.0,4
938044,4.0,5
938048,3.0,4
938052,3.0,4
938056,3.0,4
938060,3.0,4
938064,3.0,4
938068,3.0,4
938072,3.0,4
938076,3.0,4
938080,3.0,4
938084,3.0,4
938088,3.0,4
938093,4.0,5
938098,4.0,5
938102,3.0,4
938106,3.0,4
938110,3.0,4
938115,4.0,5
938119,3.0,4
938124,4.0,5
938128,3.0,4
938132,3.0,4
938136,3.0,4
938141,4.0,5
938145,3.0,4
938149,3.0,4
938153,3.0,4
938157,3.0,4
938162,4.0,5
938166,3.0,4
938171,4.0,5
938175,3.0,4
938179,3.0,4
938184,4.0,5
938188,3.0,4
938193,4.0,5
938197,3.0,4
938202,4.0,5
938206,3.0,4
938210,3.0,4
938214,3.0,4
938218,3.0,4
938222,3.0,4
938226,3.0,4
938230,3.0,4
938234,3.0,4
938238,3.0,4
938242,3.0,4
938246,3.0,4
938251,4.0,5
938256,4.0,5
938260,3.0,4
938264,3.0,4
938268,3.0,4
938272,3.0,4
938276,3.0,4
938281,4.0,5
938285,3.0,4
938289,3.0,4
938293,3.0,4
938297,3.0,4
938301,3.0,4
938306,4.0,5
938311,4.0,5
938315,3.0,4
938319,3.0,4
938323,3.0,4
938327,3.0,4
938332,4.0,5
938336,3.0,4
938340,3.0,4
938344,3.0,4
938348,3.0,4
938352,3.0,4
938357,4.0,5
938361,3.0,4
938366,4.0,5
938370,3.0,4
938374,3.0,4
938378,3.0,4
938382,3.0,4
938387,4.0,5
938391,3.0,4
938396,4.0,5
938401,4.0,5
938405,3.0,4
938410,4.0,5
938414,3.0,4
938418,3.0,4
938422,3.0,4
938427,4.0,5
938431,3.0,4
938435,3.0,4
938439,3.0,4
938444,4.0,5
938448,3.0,4
938452,3.0,4
938456,3.0,4
938461,4.0,5
938465,3.0,4
938469,3.0,4
938474,4.0,5
938478,3.0,4
938482,3.0,4
938486,3.0,4
938490,3.0,4
938494,3.0,4
938499,4.0,5
938503,3.0,4
938507,3.0,4
938512,4.0,5
938516,3.0,4
938520,3.0,4
938525,4.0,5
938529,3.0,4
938533,3.0,4
938537,3.0,4
938541,3.0,4
938545,3.0,4
938549,3.0,4
938554,4.0,5
938558,3.0,4
938562,3.0,4
938566,3.0,4
938570,3.0,4
938574,3.0,4
938579,4.0,5
938583,3.0,4
938587,3.0,4
938592,4.0,5
938597,4.0,5
938601,3.0,4
938606,4.0,5
938610,3.0,4
938615,4.0,5
938619,3.0,4
938623,3.0,4
938628,4.0,5
938632,3.0,4
938636,3.0,4
938640,3.0,4
938644,3.0,4
938648,3.0,4
938653,4.0,5
938657,3.0,4
938661,3.0,4
938665,3.0,4
938669,3.0,4
938673,3.0,4
938677,3.0,4
938681,3.0,4
938685,3.0,4
938690,4.0,5
938694,3.0,4
938698,3.0,4
938702,3.0,4
938706,3.0,4
938710,3.0,4
938714,3.0,4
938718,3.0,4
938722,3.0,4
938726,3.0,4
938730,3.0,4
938734,3.0,4
938738,3.0,4
938742,3.0,4
938746,3.0,4
938751,4.0,5
938755,3.0,4
938760,4.0,5
938764,3.0,4
938769,4.0,5
938773,3.0,4
938777,3.0,4
938782,4.0,5
938787,4.0,5
938792,4.0,5
938796,3.0,4
938800,3.0,4
938804,3.0,4
938808,3.0,4
938812,3.0,4
938816,3.0,4
938820,3.0,4
938825,4.0,5
938830,4.0,5
938835,4.0,5
938840,4.0,5
938844,3.0,4
938848,3.0,4
938852,3.0,4
938857,4.0,5
938862,4.0,5
938866,3.0,4
938870,3.0,4
938875,4.0,5
938879,3.0,4
938883,3.0,4
938887,3.0,4
938891,3.0,4
938895,3.0,4
938900,4.0,5
938904,3.0,4
938909,4.0,5
938913,3.0,4
938917,3.0,4
938922,4.0,5
938926,3.0,4
938930,3.0,4
938934,3.0,4
938938,3.0,4
938942,3.0,4
938946,3.0,4
938950,3.0,4
938954,3.0,4
938958,3.0,4
938962,3.0,4
938966,3.0,4
938970,3.0,4
938974,3.0,4
938978,3.0,4
938982,3.0,4
938986,3.0,4
938991,4.0,5
938995,3.0,4
938999,3.0,4
939003,3.0,4
939007,3.0,4
939012,4.0,5
939016,3.0,4
939020,3.0,4
939024,3.0,4
939028,3.0,4
939033,4.0,5
939037,3.0,4
939041,3.0,4
939045,3.0,4
939050,4.0,5
939054,3.0,4
939058,3.0,4
939062,3.0,4
939066,3.0,4
939070,3.0,4
939074,3.0,4
939078,3.0,4
939082,3.0,4
939086,3.0,4
939090,3.0,4
939094,3.0,4
939098,3.0,4
939103,4.0,5
939108,4.0,5
939112,3.0,4
939116,3.0,4
939120,3.0,4
939125,4.0,5
939130,4.0,5
939134,3.0,4
939138,3.0,4
939142,3.0,4
939147,4.0,5
939151,3.0,4
939155,3.0,4
939159,3.0,4
939163,3.0,4
939167,3.0,4
939171,3.0,4
939175,3.0,4
939180,4.0,5
939184,3.0,4
939188,3.0,4
939192,3.0,4
939196,3.0,4
939200,3.0,4
939204,3.0,4
939208,3.0,4
939212,3.0,4
939217,4.0,5
939221,3.0,4
939225,3.0,4
939229,3.0,4
939233,3.0,4
939238,4.0,5
939243,4.0,5
939248,4.0,5
939252,3.0,4
939256,3.0,4
939260,3.0,4
939264,3.0,4
939269,4.0,5
939273,3.0,4
939277,3.0,4
939282,4.0,5
939286,3.0,4
939290,3.0,4
939294,3.0,4
939298,3.0,4
939302,3.0,4
939307,4.0,5
939311,3.0,4
939315,3.0,4
939319,3.0,4
939323,3.0,4
939327,3.0,4
939331,3.0,4
939336,4.0,5
939340,3.0,4
939345,4.0,5
939350,4.0,5
939355,4.0,5
939359,3.0,4
939364,4.0,5
939368,3.0,4
939372,3.0,4
939376,3.0,4
939380,3.0,4
939384,3.0,4
939388,3.0,4
939392,3.0,4
939397,4.0,5
939402,4.0,5
939407,4.0,5
939411,3.0,4
939415,3.0,4
939419,3.0,4
939423,3.0,4
939427,3.0,4
939431,3.0,4
939435,3.0,4
939439,3.0,4
939443,3.0,4
939447,3.0,4
939451,3.0,4
939455,3.0,4
939459,3.0,4
939463,3.0,4
939467,3.0,4
939471,3.0,4
939475,3.0,4
939479,3.0,4
939483,3.0,4
939487,3.0,4
939491,3.0,4
939495,3.0,4
939499,3.0,4
939503,3.0,4
939507,3.0,4
939511,3.0,4
939516,4.0,5
939521,4.0,5
939525,3.0,4
939529,3.0,4
939533,3.0,4
939538,4.0,5
939542,3.0,4
939547,4.0,5
939551,3.0,4
939555,3.0,4
939559,3.0,4
939564,4.0,5
939568,3.0,4
939572,3.0,4
939576,3.0,4
939580,3.0,4
939584,3.0,4
939588,3.0,4
939592,3.0,4
939597,4.0,5
939601,3.0,4
939605,3.0,4
939609,3.0,4
939614,4.0,5
939618,3.0,4
939623,4.0,5
939627,3.0,4
939631,3.0,4
939636,4.0,5
939640,3.0,4
939645,4.0,5
939649,3.0,4
939653,3.0,4
939657,3.0,4
939661,3.0,4
939666,4.0,5
939670,3.0,4
939674,3.0,4
939679,4.0,5
939684,4.0,5
939688,3.0,4
939692,3.0,4
939696,3.0,4
939701,4.0,5
939705,3.0,4
939709,3.0,4
939713,3.0,4
939717,3.0,4
939721,3.0,4
939726,4.0,5
939730,3.0,4
939734,3.0,4
939738,3.0,4
939742,3.0,4
939746,3.0,4
939750,3.0,4
939754,3.0,4
939758,3.0,4
939763,4.0,5
939767,3.0,4
939771,3.0,4
939775,3.0,4
939780,4.0,5
939785,4.0,5
939789,3.0,4
939793,3.0,4
939797,3.0,4
939801,3.0,4
939805,3.0,4
939810,4.0,5
939815,4.0,5
939819,3.0,4
939823,3.0,4
939827,3.0,4
939831,3.0,4
939835,3.0,4
939839,3.0,4
939843,3.0,4
939848,4.0,5
939852,3.0,4
939856,3.0,4
939860,3.0,4
939864,3.0,4
939869,4.0,5
939873,3.0,4
939877,3.0,4
939881,3.0,4
939885,3.0,4
939889,3.0,4
939893,3.0,4
939897,3.0,4
939901,3.0,4
939906,4.0,5
939910,3.0,4
939914,3.0,4
939918,3.0,4
939923,4.0,5
939927,3.0,4
939931,3.0,4
939936,4.0,5
939941,4.0,5
939945,3.0,4
939950,4.0,5
939955,4.0,5
939959,3.0,4
939963,3.0,4
939967,3.0,4
939971,3.0,4
939976,4.0,5
939980,3.0,4
939984,3.0,4
939988,3.0,4
939992,3.0,4
939997,4.0,5
940001,3.0,4
940005,3.0,4
940010,4.0,5
940014,3.0,4
940018,3.0,4
940022,3.0,4
940026,3.0,4
940030,3.0,4
940034,3.0,4
940038,3.0,4
940042,3.0,4
940046,3.0,4
940050,3.0,4
940054,3.0,4
940058,3.0,4
940063,4.0,5
940067,3.0,4
940071,3.0,4
940075,3.0,4
940079,3.0,4
940083,3.0,4
940087,3.0,4
940091,3.0,4
940095,3.0,4
940099,3.0,4
940103,3.0,4
940108,4.0,5
940112,3.0,4
940116,3.0,4
940121,4.0,5
940125,3.0,4
940129,3.0,4
940134,4.0,5
940138,3.0,4
940142,3.0,4
940147,4.0,5
940151,3.0,4
940156,4.0,5
940160,3.0,4
940165,4.0,5
940169,3.0,4
940173,3.0,4
940177,3.0,4
940182,4.0,5
940186,3.0,4
940190,3.0,4
940195,4.0,5
940199,3.0,4
940203,3.0,4
940207,3.0,4
940211,3.0,4
940215,3.0,4
940219,3.0,4
940223,3.0,4
940228,4.0,5
940232,3.0,4
940236,3.0,4
940240,3.0,4
940244,3.0,4
940249,4.0,5
940254,4.0,5
940258,3.0,4
940262,3.0,4
940267,4.0,5
940271,3.0,4
940276,4.0,5
940280,3.0,4
940284,3.0,4
940288,3.0,4
940292,3.0,4
940296,3.0,4
940301,4.0,5
940305,3.0,4
940309,3.0,4
940313,3.0,4
940317,3.0,4
940322,4.0,5
940327,4.0,5
940331,3.0,4
940335,3.0,4
940339,3.0,4
940343,3.0,4
940347,3.0,4
940351,3.0,4
940355,3.0,4
940360,4.0,5
940364,3.0,4
940368,3.0,4
940372,3.0,4
940377,4.0,5
940381,3.0,4
940385,3.0,4
940389,3.0,4
940394,4.0,5
940398,3.0,4
940402,3.0,4
940406,3.0,4
940410,3.0,4
940414,3.0,4
940418,3.0,4
940422,3.0,4
940427,4.0,5
940431,3.0,4
940436,4.0,5
940441,4.0,5
940445,3.0,4
940449,3.0,4
940453,3.0,4
940457,3.0,4
940461,3.0,4
940465,3.0,4
940469,3.0,4
940473,3.0,4
940477,3.0,4
940481,3.0,4
940485,3.0,4
940489,3.0,4
940493,3.0,4
940497,3.0,4
940501,3.0,4
940505,3.0,4
940509,3.0,4
940513,3.0,4
940517,3.0,4
940521,3.0,4
940525,3.0,4
940529,3.0,4
940533,3.0,4
940537,3.0,4
940541,3.0,4
940545,3.0,4
940549,3.0,4
940553,3.0,4
940557,3.0,4
940561,3.0,4
940565,3.0,4
940569,3.0,4
940573,3.0,4
940577,3.0,4
940582,4.0,5
940586,3.0,4
940590,3.0,4
940594,3.0,4
940598,3.0,4
940603,4.0,5
940607,3.0,4
940612,4.0,5
940617,4.0,5
940621,3.0,4
940625,3.0,4
940630,4.0,5
940634,3.0,4
940638,3.0,4
940642,3.0,4
940646,3.0,4
940651,4.0,5
940655,3.0,4
940660,4.0,5
940664,3.0,4
940668,3.0,4
940672,3.0,4
940677,4.0,5
940681,3.0,4
940686,4.0,5
940690,3.0,4
940694,3.0,4
940698,3.0,4
940702,3.0,4
940706,3.0,4
940710,3.0,4
940714,3.0,4
940718,3.0,4
940722,3.0,4
940726,3.0,4
940730,3.0,4
940734,3.0,4
940738,3.0,4
940742,3.0,4
940747,4.0,5
940751,3.0,4
940755,3.0,4
940759,3.0,4
940764,4.0,5
940769,4.0,5
940774,4.0,5
940778,3.0,4
940782,3.0,4
940786,3.0,4
940790,3.0,4
940794,3.0,4
940798,3.0,4
940802,3.0,4
940807,4.0,5
940811,3.0,4
940815,3.0,4
940819,3.0,4
940824,4.0,5
940828,3.0,4
940833,4.0,5
940837,3.0,4
940841,3.0,4
940846,4.0,5
940850,3.0,4
940854,3.0,4
940858,3.0,4
940862,3.0,4
940867,4.0,5
940871,3.0,4
940875,3.0,4
940879,3.0,4
940883,3.0,4
940888,4.0,5
940893,4.0,5
940897,3.0,4
940901,3.0,4
940906,4.0,5
940910,3.0,4
940914,3.0,4
940918,3.0,4
940923,4.0,5
940927,3.0,4
940931,3.0,4
940935,3.0,4
940939,3.0,4
940943,3.0,4
940948,4.0,5
940953,4.0,5
940957,3.0,4
940961,3.0,4
940966,4.0,5
940970,3.0,4
940975,4.0,5
940980,4.0,5
940984,3.0,4
940988,3.0,4
940993,4.0,5
940997,3.0,4
941001,3.0,4
941006,4.0,5
941010,3.0,4
941015,4.0,5
941019,3.0,4
941023,3.0,4
941027,3.0,4
941032,4.0,5
941036,3.0,4
941041,4.0,5
941045,3.0,4
941049,3.0,4
941053,3.0,4
941058,4.0,5
941062,3.0,4
941066,3.0,4
941070,3.0,4
941074,3.0,4
941078,3.0,4
941083,4.0,5
941087,3.0,4
941091,3.0,4
941096,4.0,5
941100,3.0,4
941104,3.0,4
941108,3.0,4
941113,4.0,5
941117,3.0,4
941122,4.0,5
941127,4.0,5
941132,4.0,5
941137,4.0,5
941141,3.0,4
941145,3.0,4
941149,3.0,4
941153,3.0,4
941157,3.0,4
941161,3.0,4
941165,3.0,4
941169,3.0,4
941173,3.0,4
941177,3.0,4
941181,3.0,4
941185,3.0,4
941189,3.0,4
941193,3.0,4
941197,3.0,4
941201,3.0,4
941205,3.0,4
941209,3.0,4
941213,3.0,4
941217,3.0,4
941221,3.0,4
941225,3.0,4
941229,3.0,4
941233,3.0,4
941238,4.0,5
941242,3.0,4
941246,3.0,4
941250,3.0,4
941255,4.0,5
941260,4.0,5
941264,3.0,4
941268,3.0,4
941272,3.0,4
941277,4.0,5
941281,3.0,4
941285,3.0,4
941289,3.0,4
941293,3.0,4
941297,3.0,4
941301,3.0,4
941305,3.0,4
941309,3.0,4
941313,3.0,4
941317,3.0,4
941322,4.0,5
941326,3.0,4
941330,3.0,4
941334,3.0,4
941339,4.0,5
941343,3.0,4
941347,3.0,4
941351,3.0,4
941355,3.0,4
941359,3.0,4
941363,3.0,4
941367,3.0,4
941371,3.0,4
941375,3.0,4
941379,3.0,4
941383,3.0,4
941387,3.0,4
941391,3.0,4
941395,3.0,4
941399,3.0,4
941403,3.0,4
941407,3.0,4
941411,3.0,4
941415,3.0,4
941420,4.0,5
941425,4.0,5
941429,3.0,4
941434,4.0,5
941438,3.0,4
941442,3.0,4
941446,3.0,4
941451,4.0,5
941455,3.0,4
941459,3.0,4
941463,3.0,4
941467,3.0,4
941471,3.0,4
941475,3.0,4
941480,4.0,5
941484,3.0,4
941488,3.0,4
941492,3.0,4
941497,4.0,5
941501,3.0,4
941506,4.0,5
941510,3.0,4
941514,3.0,4
941519,4.0,5
941524,4.0,5
941528,3.0,4
941532,3.0,4
941536,3.0,4
941541,4.0,5
941545,3.0,4
941549,3.0,4
941554,4.0,5
941558,3.0,4
941562,3.0,4
941566,3.0,4
941570,3.0,4
941574,3.0,4
941578,3.0,4
941582,3.0,4
941586,3.0,4
941590,3.0,4
941594,3.0,4
941599,4.0,5
941604,4.0,5
941608,3.0,4
941612,3.0,4
941616,3.0,4
941620,3.0,4
941624,3.0,4
941628,3.0,4
941632,3.0,4
941637,4.0,5
941641,3.0,4
941645,3.0,4
941649,3.0,4
941654,4.0,5
941658,3.0,4
941662,3.0,4
941667,4.0,5
941671,3.0,4
941675,3.0,4
941680,4.0,5
941684,3.0,4
941688,3.0,4
941692,3.0,4
941697,4.0,5
941702,4.0,5
941706,3.0,4
941710,3.0,4
941715,4.0,5
941719,3.0,4
941724,4.0,5
941728,3.0,4
941732,3.0,4
941736,3.0,4
941740,3.0,4
941745,4.0,5
941749,3.0,4
941753,3.0,4
941757,3.0,4
941762,4.0,5
941766,3.0,4
941770,3.0,4
941774,3.0,4
941778,3.0,4
941783,4.0,5
941788,4.0,5
941793,4.0,5
941797,3.0,4
941801,3.0,4
941805,3.0,4
941809,3.0,4
941813,3.0,4
941817,3.0,4
941821,3.0,4
941825,3.0,4
941830,4.0,5
941834,3.0,4
941838,3.0,4
941842,3.0,4
941847,4.0,5
941852,4.0,5
941857,4.0,5
941862,4.0,5
941866,3.0,4
941871,4.0,5
941876,4.0,5
941881,4.0,5
941885,3.0,4
941889,3.0,4
941893,3.0,4
941897,3.0,4
941901,3.0,4
941905,3.0,4
941909,3.0,4
941913,3.0,4
941918,4.0,5
941922,3.0,4
941927,4.0,5
941931,3.0,4
941935,3.0,4
941939,3.0,4
941943,3.0,4
941947,3.0,4
941951,3.0,4
941956,4.0,5
941960,3.0,4
941965,4.0,5
941969,3.0,4
941974,4.0,5
941978,3.0,4
941982,3.0,4
941986,3.0,4
941990,3.0,4
941995,4.0,5
941999,3.0,4
942003,3.0,4
942008,4.0,5
942012,3.0,4
942016,3.0,4
942020,3.0,4
942024,3.0,4
942029,4.0,5
942033,3.0,4
942037,3.0,4
942041,3.0,4
942045,3.0,4
942049,3.0,4
942054,4.0,5
942058,3.0,4
942062,3.0,4
942066,3.0,4
942070,3.0,4
942074,3.0,4
942078,3.0,4
942082,3.0,4
942086,3.0,4
942090,3.0,4
942094,3.0,4
942098,3.0,4
942103,4.0,5
942107,3.0,4
942111,3.0,4
942115,3.0,4
942119,3.0,4
942123,3.0,4
942127,3.0,4
942131,3.0,4
942136,4.0,5
942140,3.0,4
942144,3.0,4
942149,4.0,5
942153,3.0,4
942157,3.0,4
942162,4.0,5
942167,4.0,5
942171,3.0,4
942175,3.0,4
942179,3.0,4
942184,4.0,5
942189,4.0,5
942193,3.0,4
942197,3.0,4
942201,3.0,4
942205,3.0,4
942209,3.0,4
942213,3.0,4
942218,4.0,5
942222,3.0,4
942226,3.0,4
942230,3.0,4
942234,3.0,4
942238,3.0,4
942242,3.0,4
942247,4.0,5
942251,3.0,4
942255,3.0,4
942259,3.0,4
942263,3.0,4
942267,3.0,4
942271,3.0,4
942275,3.0,4
942279,3.0,4
942283,3.0,4
942287,3.0,4
942291,3.0,4
942296,4.0,5
942300,3.0,4
942304,3.0,4
942309,4.0,5
942313,3.0,4
942318,4.0,5
942322,3.0,4
942326,3.0,4
942330,3.0,4
942335,4.0,5
942340,4.0,5
942344,3.0,4
942348,3.0,4
942353,4.0,5
942357,3.0,4
942361,3.0,4
942365,3.0,4
942369,3.0,4
942373,3.0,4
942378,4.0,5
942382,3.0,4
942386,3.0,4
942390,3.0,4
942394,3.0,4
942399,4.0,5
942403,3.0,4
942407,3.0,4
942411,3.0,4
942415,3.0,4
942420,4.0,5
942424,3.0,4
942428,3.0,4
942432,3.0,4
942436,3.0,4
942440,3.0,4
942444,3.0,4
942448,3.0,4
942453,4.0,5
942457,3.0,4
942461,3.0,4
942465,3.0,4
942469,3.0,4
942473,3.0,4
942478,4.0,5
942482,3.0,4
942486,3.0,4
942490,3.0,4
942494,3.0,4
942498,3.0,4
942503,4.0,5
942508,4.0,5
942513,4.0,5
942517,3.0,4
942521,3.0,4
942525,3.0,4
942529,3.0,4
942534,4.0,5
942538,3.0,4
942542,3.0,4
942546,3.0,4
942550,3.0,4
942554,3.0,4
942558,3.0,4
942562,3.0,4
942566,3.0,4
942570,3.0,4
942574,3.0,4
942578,3.0,4
942583,4.0,5
942587,3.0,4
942591,3.0,4
942596,4.0,5
942600,3.0,4
942604,3.0,4
942608,3.0,4
942613,4.0,5
942618,4.0,5
942622,3.0,4
942626,3.0,4
942630,3.0,4
942634,3.0,4
942638,3.0,4
942642,3.0,4
942646,3.0,4
942651,4.0,5
942655,3.0,4
942659,3.0,4
942664,4.0,5
942669,4.0,5
942673,3.0,4
942677,3.0,4
942681,3.0,4
942685,3.0,4
942689,3.0,4
942693,3.0,4
942698,4.0,5
942702,3.0,4
942706,3.0,4
942711,4.0,5
942715,3.0,4
942719,3.0,4
942723,3.0,4
942727,3.0,4
942731,3.0,4
942735,3.0,4
942739,3.0,4
942744,4.0,5
942749,4.0,5
942753,3.0,4
942757,3.0,4
942761,3.0,4
942765,3.0,4
942769,3.0,4
942774,4.0,5
942778,3.0,4
942782,3.0,4
942786,3.0,4
942790,3.0,4
942795,4.0,5
942799,3.0,4
942803,3.0,4
942808,4.0,5
942812,3.0,4
942817,4.0,5
942821,3.0,4
942825,3.0,4
942830,4.0,5
942834,3.0,4
942838,3.0,4
942842,3.0,4
942846,3.0,4
942850,3.0,4
942854,3.0,4
942858,3.0,4
942863,4.0,5
942868,4.0,5
942872,3.0,4
942876,3.0,4
942881,4.0,5
942885,3.0,4
942889,3.0,4
942893,3.0,4
942897,3.0,4
942902,4.0,5
942906,3.0,4
942910,3.0,4
942914,3.0,4
942918,3.0,4
942923,4.0,5
942927,3.0,4
942931,3.0,4
942935,3.0,4
942939,3.0,4
942944,4.0,5
942948,3.0,4
942952,3.0,4
942956,3.0,4
942960,3.0,4
942964,3.0,4
942968,3.0,4
942972,3.0,4
942976,3.0,4
942980,3.0,4
942984,3.0,4
942988,3.0,4
942993,4.0,5
942997,3.0,4
943001,3.0,4
943006,4.0,5
943010,3.0,4
943014,3.0,4
943018,3.0,4
943022,3.0,4
943026,3.0,4
943030,3.0,4
943035,4.0,5
943040,4.0,5
943045,4.0,5
943049,3.0,4
943053,3.0,4
943057,3.0,4
943061,3.0,4
943065,3.0,4
943069,3.0,4
943073,3.0,4
943077,3.0,4
943081,3.0,4
943085,3.0,4
943089,3.0,4
943093,3.0,4
943098,4.0,5
943102,3.0,4
943106,3.0,4
943110,3.0,4
943114,3.0,4
943118,3.0,4
943122,3.0,4
943126,3.0,4
943130,3.0,4
943134,3.0,4
943138,3.0,4
943142,3.0,4
943146,3.0,4
943150,3.0,4
943154,3.0,4
943158,3.0,4
943162,3.0,4
943166,3.0,4
943170,3.0,4
943174,3.0,4
943178,3.0,4
943182,3.0,4
943186,3.0,4
943191,4.0,5
943195,3.0,4
943199,3.0,4
943203,3.0,4
943207,3.0,4
943211,3.0,4
943215,3.0,4
943219,3.0,4
943224,4.0,5
943228,3.0,4
943233,4.0,5
943237,3.0,4
943241,3.0,4
943245,3.0,4
943250,4.0,5
943254,3.0,4
943258,3.0,4
943262,3.0,4
943266,3.0,4
943270,3.0,4
943274,3.0,4
943278,3.0,4
943282,3.0,4
943287,4.0,5
943291,3.0,4
943295,3.0,4
943299,3.0,4
943303,3.0,4
943308,4.0,5
943312,3.0,4
943316,3.0,4
943320,3.0,4
943325,4.0,5
943329,3.0,4
943333,3.0,4
943337,3.0,4
943341,3.0,4
943345,3.0,4
943350,4.0,5
943354,3.0,4
943358,3.0,4
943362,3.0,4
943366,3.0,4
943370,3.0,4
943374,3.0,4
943379,4.0,5
943384,4.0,5
943388,3.0,4
943392,3.0,4
943396,3.0,4
943400,3.0,4
943405,4.0,5
943410,4.0,5
943414,3.0,4
943418,3.0,4
943422,3.0,4
943426,3.0,4
943430,3.0,4
943434,3.0,4
943438,3.0,4
943442,3.0,4
943446,3.0,4
943450,3.0,4
943454,3.0,4
943458,3.0,4
943462,3.0,4
943466,3.0,4
943470,3.0,4
943474,3.0,4
943478,3.0,4
943483,4.0,5
943487,3.0,4
943491,3.0,4
943496,4.0,5
943501,4.0,5
943505,3.0,4
943510,4.0,5
943514,3.0,4
943519,4.0,5
943524,4.0,5
943528,3.0,4
943533,4.0,5
943537,3.0,4
943541,3.0,4
943545,3.0,4
943549,3.0,4
943553,3.0,4
943558,4.0,5
943563,4.0,5
943567,3.0,4
943571,3.0,4
943575,3.0,4
943579,3.0,4
943583,3.0,4
943587,3.0,4
943592,4.0,5
943597,4.0,5
943601,3.0,4
943606,4.0,5
943611,4.0,5
943615,3.0,4
943619,3.0,4
943623,3.0,4
943627,3.0,4
943631,3.0,4
943636,4.0,5
943640,3.0,4
943644,3.0,4
943648,3.0,4
943652,3.0,4
943656,3.0,4
943660,3.0,4
943664,3.0,4
943668,3.0,4
943672,3.0,4
943676,3.0,4
943680,3.0,4
943685,4.0,5
943689,3.0,4
943693,3.0,4
943698,4.0,5
943702,3.0,4
943706,3.0,4
943710,3.0,4
943714,3.0,4
943718,3.0,4
943722,3.0,4
943726,3.0,4
943731,4.0,5
943735,3.0,4
943739,3.0,4
943744,4.0,5
943748,3.0,4
943752,3.0,4
943756,3.0,4
943760,3.0,4
943765,4.0,5
943769,3.0,4
943773,3.0,4
943778,4.0,5
943782,3.0,4
943786,3.0,4
943790,3.0,4
943794,3.0,4
943799,4.0,5
943804,4.0,5
943809,4.0,5
943813,3.0,4
943817,3.0,4
943821,3.0,4
943826,4.0,5
943830,3.0,4
943834,3.0,4
943838,3.0,4
943842,3.0,4
943846,3.0,4
943850,3.0,4
943855,4.0,5
943859,3.0,4
943863,3.0,4
943867,3.0,4
943871,3.0,4
943875,3.0,4
943879,3.0,4
943883,3.0,4
943887,3.0,4
943891,3.0,4
943895,3.0,4
943899,3.0,4
943903,3.0,4
943907,3.0,4
943911,3.0,4
943915,3.0,4
943919,3.0,4
943923,3.0,4
943927,3.0,4
943932,4.0,5
943936,3.0,4
943940,3.0,4
943944,3.0,4
943948,3.0,4
943952,3.0,4
943956,3.0,4
943960,3.0,4
943964,3.0,4
943968,3.0,4
943972,3.0,4
943976,3.0,4
943980,3.0,4
943984,3.0,4
943989,4.0,5
943993,3.0,4
943998,4.0,5
944002,3.0,4
944006,3.0,4
944010,3.0,4
944015,4.0,5
944019,3.0,4
944023,3.0,4
944027,3.0,4
944031,3.0,4
944035,3.0,4
944039,3.0,4
944043,3.0,4
944047,3.0,4
944051,3.0,4
944055,3.0,4
944060,4.0,5
944064,3.0,4
944068,3.0,4
944072,3.0,4
944076,3.0,4
944080,3.0,4
944084,3.0,4
944088,3.0,4
944093,4.0,5
944098,4.0,5
944103,4.0,5
944107,3.0,4
944111,3.0,4
944115,3.0,4
944119,3.0,4
944123,3.0,4
944127,3.0,4
944131,3.0,4
944135,3.0,4
944139,3.0,4
944143,3.0,4
944147,3.0,4
944151,3.0,4
944155,3.0,4
944159,3.0,4
944163,3.0,4
944168,4.0,5
944172,3.0,4
944176,3.0,4
944180,3.0,4
944184,3.0,4
944188,3.0,4
944193,4.0,5
944197,3.0,4
944201,3.0,4
944206,4.0,5
944210,3.0,4
944214,3.0,4
944218,3.0,4
944222,3.0,4
944226,3.0,4
944230,3.0,4
944235,4.0,5
944239,3.0,4
944243,3.0,4
944247,3.0,4
944251,3.0,4
944255,3.0,4
944259,3.0,4
944264,4.0,5
944268,3.0,4
944273,4.0,5
944277,3.0,4
944281,3.0,4
944285,3.0,4
944289,3.0,4
944293,3.0,4
944297,3.0,4
944301,3.0,4
944305,3.0,4
944309,3.0,4
944313,3.0,4
944317,3.0,4
944321,3.0,4
944326,4.0,5
944330,3.0,4
944334,3.0,4
944338,3.0,4
944342,3.0,4
944346,3.0,4
944350,3.0,4
944354,3.0,4
944359,4.0,5
944363,3.0,4
944367,3.0,4
944371,3.0,4
944375,3.0,4
944380,4.0,5
944385,4.0,5
944389,3.0,4
944393,3.0,4
944398,4.0,5
944402,3.0,4
944406,3.0,4
944410,3.0,4
944414,3.0,4
944418,3.0,4
944422,3.0,4
944426,3.0,4
944430,3.0,4
944434,3.0,4
944438,3.0,4
944442,3.0,4
944446,3.0,4
944450,3.0,4
944454,3.0,4
944458,3.0,4
944463,4.0,5
944467,3.0,4
944472,4.0,5
944476,3.0,4
944480,3.0,4
944484,3.0,4
944488,3.0,4
944492,3.0,4
944496,3.0,4
944500,3.0,4
944505,4.0,5
944509,3.0,4
944513,3.0,4
944517,3.0,4
944521,3.0,4
944525,3.0,4
944529,3.0,4
944533,3.0,4
944537,3.0,4
944542,4.0,5
944547,4.0,5
944551,3.0,4
944555,3.0,4
944559,3.0,4
944563,3.0,4
944568,4.0,5
944572,3.0,4
944576,3.0,4
944580,3.0,4
944585,4.0,5
944589,3.0,4
944594,4.0,5
944598,3.0,4
944603,4.0,5
944607,3.0,4
944611,3.0,4
944615,3.0,4
944620,4.0,5
944624,3.0,4
944628,3.0,4
944632,3.0,4
944636,3.0,4
944640,3.0,4
944645,4.0,5
944650,4.0,5
944655,4.0,5
944659,3.0,4
944663,3.0,4
944667,3.0,4
944671,3.0,4
944675,3.0,4
944679,3.0,4
944683,3.0,4
944687,3.0,4
944691,3.0,4
944695,3.0,4
944699,3.0,4
944703,3.0,4
944707,3.0,4
944711,3.0,4
944715,3.0,4
944719,3.0,4
944723,3.0,4
944727,3.0,4
944731,3.0,4
944735,3.0,4
944739,3.0,4
944743,3.0,4
944747,3.0,4
944752,4.0,5
944756,3.0,4
944761,4.0,5
944765,3.0,4
944769,3.0,4
944773,3.0,4
944778,4.0,5
944782,3.0,4
944786,3.0,4
944790,3.0,4
944794,3.0,4
944798,3.0,4
944803,4.0,5
944807,3.0,4
944811,3.0,4
944815,3.0,4
944819,3.0,4
944823,3.0,4
944827,3.0,4
944831,3.0,4
944835,3.0,4
944839,3.0,4
944843,3.0,4
944847,3.0,4
944851,3.0,4
944855,3.0,4
944859,3.0,4
944864,4.0,5
944869,4.0,5
944873,3.0,4
944877,3.0,4
944881,3.0,4
944885,3.0,4
944889,3.0,4
944894,4.0,5
944898,3.0,4
944902,3.0,4
944906,3.0,4
944910,3.0,4
944914,3.0,4
944918,3.0,4
944922,3.0,4
944927,4.0,5
944932,4.0,5
944936,3.0,4
944940,3.0,4
944944,3.0,4
944948,3.0,4
944952,3.0,4
944956,3.0,4
944960,3.0,4
944964,3.0,4
944968,3.0,4
944972,3.0,4
944976,3.0,4
944980,3.0,4
944985,4.0,5
944989,3.0,4
944993,3.0,4
944997,3.0,4
945001,3.0,4
945005,3.0,4
945009,3.0,4
945013,3.0,4
945017,3.0,4
945021,3.0,4
945025,3.0,4
945029,3.0,4
945033,3.0,4
945037,3.0,4
945041,3.0,4
945045,3.0,4
945049,3.0,4
945054,4.0,5
945058,3.0,4
945063,4.0,5
945067,3.0,4
945071,3.0,4
945076,4.0,5
945080,3.0,4
945084,3.0,4
945088,3.0,4
945092,3.0,4
945096,3.0,4
945100,3.0,4
945104,3.0,4
945109,4.0,5
945113,3.0,4
945118,4.0,5
945122,3.0,4
945126,3.0,4
945130,3.0,4
945134,3.0,4
945138,3.0,4
945143,4.0,5
945147,3.0,4
945151,3.0,4
945155,3.0,4
945160,4.0,5
945164,3.0,4
945168,3.0,4
945172,3.0,4
945176,3.0,4
945180,3.0,4
945184,3.0,4
945188,3.0,4
945192,3.0,4
945196,3.0,4
945200,3.0,4
945205,4.0,5
945209,3.0,4
945213,3.0,4
945218,4.0,5
945222,3.0,4
945226,3.0,4
945230,3.0,4
945234,3.0,4
945238,3.0,4
945243,4.0,5
945247,3.0,4
945251,3.0,4
945255,3.0,4
945259,3.0,4
945263,3.0,4
945267,3.0,4
945271,3.0,4
945275,3.0,4
945279,3.0,4
945283,3.0,4
945287,3.0,4
945291,3.0,4
945295,3.0,4
945299,3.0,4
945303,3.0,4
945307,3.0,4
945311,3.0,4
945315,3.0,4
945319,3.0,4
945324,4.0,5
945329,4.0,5
945333,3.0,4
945337,3.0,4
945341,3.0,4
945345,3.0,4
945349,3.0,4
945353,3.0,4
945358,4.0,5
945362,3.0,4
945366,3.0,4
945370,3.0,4
945374,3.0,4
945378,3.0,4
945383,4.0,5
945387,3.0,4
945392,4.0,5
945396,3.0,4
945401,4.0,5
945405,3.0,4
945409,3.0,4
945414,4.0,5
945418,3.0,4
945423,4.0,5
945427,3.0,4
945431,3.0,4
945435,3.0,4
945439,3.0,4
945443,3.0,4
945447,3.0,4
945451,3.0,4
945455,3.0,4
945460,4.0,5
945464,3.0,4
945469,4.0,5
945473,3.0,4
945477,3.0,4
945481,3.0,4
945485,3.0,4
945489,3.0,4
945493,3.0,4
945497,3.0,4
945501,3.0,4
945505,3.0,4
945509,3.0,4
945513,3.0,4
945518,4.0,5
945522,3.0,4
945526,3.0,4
945531,4.0,5
945535,3.0,4
945539,3.0,4
945543,3.0,4
945547,3.0,4
945551,3.0,4
945556,4.0,5
945560,3.0,4
945564,3.0,4
945569,4.0,5
945573,3.0,4
945577,3.0,4
945581,3.0,4
945585,3.0,4
945589,3.0,4
945593,3.0,4
945597,3.0,4
945601,3.0,4
945605,3.0,4
945609,3.0,4
945613,3.0,4
945617,3.0,4
945621,3.0,4
945626,4.0,5
945630,3.0,4
945634,3.0,4
945638,3.0,4
945642,3.0,4
945646,3.0,4
945650,3.0,4
945654,3.0,4
945658,3.0,4
945662,3.0,4
945667,4.0,5
945671,3.0,4
945675,3.0,4
945680,4.0,5
945684,3.0,4
945688,3.0,4
945692,3.0,4
945696,3.0,4
945700,3.0,4
945704,3.0,4
945708,3.0,4
945713,4.0,5
945717,3.0,4
945721,3.0,4
945726,4.0,5
945730,3.0,4
945734,3.0,4
945738,3.0,4
945742,3.0,4
945746,3.0,4
945750,3.0,4
945755,4.0,5
945759,3.0,4
945764,4.0,5
945768,3.0,4
945772,3.0,4
945776,3.0,4
945780,3.0,4
945784,3.0,4
945788,3.0,4
945792,3.0,4
945796,3.0,4
945800,3.0,4
945804,3.0,4
945808,3.0,4
945812,3.0,4
945816,3.0,4
945820,3.0,4
945824,3.0,4
945829,4.0,5
945833,3.0,4
945837,3.0,4
945841,3.0,4
945845,3.0,4
945849,3.0,4
945853,3.0,4
945857,3.0,4
945861,3.0,4
945865,3.0,4
945869,3.0,4
945873,3.0,4
945877,3.0,4
945881,3.0,4
945886,4.0,5
945890,3.0,4
945894,3.0,4
945898,3.0,4
945902,3.0,4
945906,3.0,4
945910,3.0,4
945914,3.0,4
945918,3.0,4
945922,3.0,4
945926,3.0,4
945930,3.0,4
945935,4.0,5
945939,3.0,4
945943,3.0,4
945947,3.0,4
945951,3.0,4
945955,3.0,4
945959,3.0,4
945964,4.0,5
945968,3.0,4
945972,3.0,4
945977,4.0,5
945981,3.0,4
945985,3.0,4
945989,3.0,4
945993,3.0,4
945997,3.0,4
946001,3.0,4
946005,3.0,4
946009,3.0,4
946013,3.0,4
946018,4.0,5
946023,4.0,5
946027,3.0,4
946032,4.0,5
946037,4.0,5
946041,3.0,4
946045,3.0,4
946049,3.0,4
946053,3.0,4
946057,3.0,4
946061,3.0,4
946065,3.0,4
946069,3.0,4
946073,3.0,4
946077,3.0,4
946081,3.0,4
946085,3.0,4
946090,4.0,5
946094,3.0,4
946099,4.0,5
946104,4.0,5
946109,4.0,5
946113,3.0,4
946117,3.0,4
946121,3.0,4
946125,3.0,4
946129,3.0,4
946133,3.0,4
946137,3.0,4
946141,3.0,4
946145,3.0,4
946149,3.0,4
946153,3.0,4
946158,4.0,5
946162,3.0,4
946166,3.0,4
946170,3.0,4
946175,4.0,5
946179,3.0,4
946183,3.0,4
946187,3.0,4
946191,3.0,4
946195,3.0,4
946199,3.0,4
946204,4.0,5
946209,4.0,5
946213,3.0,4
946217,3.0,4
946222,4.0,5
946226,3.0,4
946230,3.0,4
946234,3.0,4
946238,3.0,4
946242,3.0,4
946246,3.0,4
946250,3.0,4
946254,3.0,4
946258,3.0,4
946262,3.0,4
946266,3.0,4
946270,3.0,4
946274,3.0,4
946278,3.0,4
946282,3.0,4
946286,3.0,4
946290,3.0,4
946295,4.0,5
946299,3.0,4
946303,3.0,4
946307,3.0,4
946311,3.0,4
946315,3.0,4
946319,3.0,4
946324,4.0,5
946328,3.0,4
946332,3.0,4
946336,3.0,4
946340,3.0,4
946344,3.0,4
946348,3.0,4
946353,4.0,5
946357,3.0,4
946361,3.0,4
946365,3.0,4
946369,3.0,4
946373,3.0,4
946377,3.0,4
946381,3.0,4
946385,3.0,4
946389,3.0,4
946393,3.0,4
946398,4.0,5
946402,3.0,4
946406,3.0,4
946410,3.0,4
946414,3.0,4
946418,3.0,4
946422,3.0,4
946426,3.0,4
946431,4.0,5
946435,3.0,4
946439,3.0,4
946443,3.0,4
946447,3.0,4
946451,3.0,4
946456,4.0,5
946460,3.0,4
946464,3.0,4
946468,3.0,4
946472,3.0,4
946476,3.0,4
946480,3.0,4
946484,3.0,4
946488,3.0,4
946492,3.0,4
946496,3.0,4
946500,3.0,4
946504,3.0,4
946508,3.0,4
946513,4.0,5
946517,3.0,4
946522,4.0,5
946526,3.0,4
946530,3.0,4
946535,4.0,5
946539,3.0,4
946543,3.0,4
946547,3.0,4
946551,3.0,4
946555,3.0,4
946559,3.0,4
946563,3.0,4
946567,3.0,4
946571,3.0,4
946575,3.0,4
946579,3.0,4
946583,3.0,4
946587,3.0,4
946592,4.0,5
946596,3.0,4
946600,3.0,4
946605,4.0,5
946609,3.0,4
946613,3.0,4
946617,3.0,4
946621,3.0,4
946626,4.0,5
946630,3.0,4
946634,3.0,4
946638,3.0,4
946642,3.0,4
946646,3.0,4
946650,3.0,4
946654,3.0,4
946658,3.0,4
946662,3.0,4
946666,3.0,4
946671,4.0,5
946675,3.0,4
946679,3.0,4
946683,3.0,4
946688,4.0,5
946692,3.0,4
946696,3.0,4
946701,4.0,5
946705,3.0,4
946710,4.0,5
946714,3.0,4
946718,3.0,4
946722,3.0,4
946727,4.0,5
946731,3.0,4
946735,3.0,4
946740,4.0,5
946744,3.0,4
946748,3.0,4
946752,3.0,4
946756,3.0,4
946760,3.0,4
946764,3.0,4
946768,3.0,4
946772,3.0,4
946777,4.0,5
946781,3.0,4
946785,3.0,4
946790,4.0,5
946794,3.0,4
946798,3.0,4
946802,3.0,4
946807,4.0,5
946811,3.0,4
946815,3.0,4
946819,3.0,4
946823,3.0,4
946827,3.0,4
946831,3.0,4
946835,3.0,4
946839,3.0,4
946843,3.0,4
946847,3.0,4
946851,3.0,4
946856,4.0,5
946860,3.0,4
946865,4.0,5
946870,4.0,5
946874,3.0,4
946878,3.0,4
946883,4.0,5
946888,4.0,5
946892,3.0,4
946896,3.0,4
946901,4.0,5
946905,3.0,4
946909,3.0,4
946913,3.0,4
946917,3.0,4
946921,3.0,4
946926,4.0,5
946930,3.0,4
946934,3.0,4
946938,3.0,4
946943,4.0,5
946948,4.0,5
946952,3.0,4
946956,3.0,4
946960,3.0,4
946964,3.0,4
946968,3.0,4
946973,4.0,5
946977,3.0,4
946982,4.0,5
946987,4.0,5
946991,3.0,4
946995,3.0,4
946999,3.0,4
947004,4.0,5
947008,3.0,4
947012,3.0,4
947016,3.0,4
947020,3.0,4
947024,3.0,4
947029,4.0,5
947034,4.0,5
947038,3.0,4
947042,3.0,4
947046,3.0,4
947050,3.0,4
947054,3.0,4
947058,3.0,4
947062,3.0,4
947066,3.0,4
947070,3.0,4
947074,3.0,4
947078,3.0,4
947082,3.0,4
947086,3.0,4
947090,3.0,4
947094,3.0,4
947099,4.0,5
947103,3.0,4
947107,3.0,4
947111,3.0,4
947115,3.0,4
947119,3.0,4
947123,3.0,4
947127,3.0,4
947131,3.0,4
947135,3.0,4
947139,3.0,4
947143,3.0,4
947147,3.0,4
947151,3.0,4
947155,3.0,4
947159,3.0,4
947164,4.0,5
947168,3.0,4
947172,3.0,4
947176,3.0,4
947180,3.0,4
947184,3.0,4
947188,3.0,4
947193,4.0,5
947197,3.0,4
947201,3.0,4
947205,3.0,4
947210,4.0,5
947215,4.0,5
947219,3.0,4
947223,3.0,4
947227,3.0,4
947231,3.0,4
947235,3.0,4
947239,3.0,4
947243,3.0,4
947247,3.0,4
947251,3.0,4
947255,3.0,4
947259,3.0,4
947263,3.0,4
947267,3.0,4
947271,3.0,4
947275,3.0,4
947279,3.0,4
947283,3.0,4
947287,3.0,4
947291,3.0,4
947295,3.0,4
947299,3.0,4
947303,3.0,4
947307,3.0,4
947311,3.0,4
947316,4.0,5
947320,3.0,4
947324,3.0,4
947329,4.0,5
947333,3.0,4
947337,3.0,4
947341,3.0,4
947345,3.0,4
947349,3.0,4
947353,3.0,4
947357,3.0,4
947361,3.0,4
947365,3.0,4
947370,4.0,5
947375,4.0,5
947379,3.0,4
947383,3.0,4
947388,4.0,5
947393,4.0,5
947397,3.0,4
947401,3.0,4
947405,3.0,4
947409,3.0,4
947413,3.0,4
947418,4.0,5
947422,3.0,4
947427,4.0,5
947431,3.0,4
947435,3.0,4
947439,3.0,4
947443,3.0,4
947447,3.0,4
947451,3.0,4
947455,3.0,4
947459,3.0,4
947463,3.0,4
947467,3.0,4
947471,3.0,4
947475,3.0,4
947479,3.0,4
947483,3.0,4
947488,4.0,5
947492,3.0,4
947496,3.0,4
947500,3.0,4
947504,3.0,4
947508,3.0,4
947512,3.0,4
947516,3.0,4
947521,4.0,5
947525,3.0,4
947529,3.0,4
947533,3.0,4
947537,3.0,4
947541,3.0,4
947545,3.0,4
947549,3.0,4
947553,3.0,4
947557,3.0,4
947561,3.0,4
947565,3.0,4
947569,3.0,4
947573,3.0,4
947577,3.0,4
947582,4.0,5
947586,3.0,4
947590,3.0,4
947594,3.0,4
947598,3.0,4
947603,4.0,5
947607,3.0,4
947611,3.0,4
947615,3.0,4
947620,4.0,5
947624,3.0,4
947628,3.0,4
947633,4.0,5
947637,3.0,4
947642,4.0,5
947646,3.0,4
947651,4.0,5
947655,3.0,4
947660,4.0,5
947664,3.0,4
947668,3.0,4
947672,3.0,4
947676,3.0,4
947681,4.0,5
947685,3.0,4
947689,3.0,4
947693,3.0,4
947697,3.0,4
947701,3.0,4
947705,3.0,4
947709,3.0,4
947713,3.0,4
947717,3.0,4
947722,4.0,5
947726,3.0,4
947730,3.0,4
947734,3.0,4
947738,3.0,4
947742,3.0,4
947746,3.0,4
947750,3.0,4
947754,3.0,4
947758,3.0,4
947762,3.0,4
947767,4.0,5
947771,3.0,4
947776,4.0,5
947780,3.0,4
947784,3.0,4
947788,3.0,4
947792,3.0,4
947796,3.0,4
947801,4.0,5
947805,3.0,4
947809,3.0,4
947813,3.0,4
947817,3.0,4
947821,3.0,4
947825,3.0,4
947829,3.0,4
947833,3.0,4
947837,3.0,4
947841,3.0,4
947845,3.0,4
947849,3.0,4
947853,3.0,4
947857,3.0,4
947862,4.0,5
947866,3.0,4
947870,3.0,4
947875,4.0,5
947879,3.0,4
947883,3.0,4
947887,3.0,4
947891,3.0,4
947896,4.0,5
947900,3.0,4
947905,4.0,5
947910,4.0,5
947914,3.0,4
947919,4.0,5
947923,3.0,4
947927,3.0,4
947932,4.0,5
947936,3.0,4
947940,3.0,4
947944,3.0,4
947948,3.0,4
947952,3.0,4
947957,4.0,5
947961,3.0,4
947965,3.0,4
947969,3.0,4
947974,4.0,5
947979,4.0,5
947983,3.0,4
947987,3.0,4
947992,4.0,5
947996,3.0,4
948000,3.0,4
948004,3.0,4
948008,3.0,4
948012,3.0,4
948017,4.0,5
948021,3.0,4
948025,3.0,4
948029,3.0,4
948033,3.0,4
948038,4.0,5
948042,3.0,4
948047,4.0,5
948051,3.0,4
948055,3.0,4
948060,4.0,5
948064,3.0,4
948068,3.0,4
948072,3.0,4
948076,3.0,4
948080,3.0,4
948084,3.0,4
948088,3.0,4
948092,3.0,4
948096,3.0,4
948100,3.0,4
948104,3.0,4
948108,3.0,4
948112,3.0,4
948116,3.0,4
948120,3.0,4
948124,3.0,4
948128,3.0,4
948132,3.0,4
948136,3.0,4
948140,3.0,4
948144,3.0,4
948148,3.0,4
948153,4.0,5
948158,4.0,5
948162,3.0,4
948166,3.0,4
948170,3.0,4
948175,4.0,5
948179,3.0,4
948183,3.0,4
948187,3.0,4
948191,3.0,4
948195,3.0,4
948199,3.0,4
948203,3.0,4
948207,3.0,4
948211,3.0,4
948215,3.0,4
948219,3.0,4
948223,3.0,4
948227,3.0,4
948231,3.0,4
948235,3.0,4
948239,3.0,4
948243,3.0,4
948247,3.0,4
948251,3.0,4
948255,3.0,4
948260,4.0,5
948264,3.0,4
948268,3.0,4
948272,3.0,4
948276,3.0,4
948280,3.0,4
948284,3.0,4
948289,4.0,5
948294,4.0,5
948298,3.0,4
948302,3.0,4
948306,3.0,4
948311,4.0,5
948315,3.0,4
948320,4.0,5
948324,3.0,4
948329,4.0,5
948334,4.0,5
948338,3.0,4
948342,3.0,4
948347,4.0,5
948351,3.0,4
948356,4.0,5
948361,4.0,5
948365,3.0,4
948369,3.0,4
948373,3.0,4
948377,3.0,4
948381,3.0,4
948385,3.0,4
948389,3.0,4
948393,3.0,4
948397,3.0,4
948401,3.0,4
948405,3.0,4
948410,4.0,5
948414,3.0,4
948418,3.0,4
948423,4.0,5
948427,3.0,4
948431,3.0,4
948436,4.0,5
948441,4.0,5
948445,3.0,4
948449,3.0,4
948453,3.0,4
948457,3.0,4
948461,3.0,4
948465,3.0,4
948469,3.0,4
948473,3.0,4
948478,4.0,5
948482,3.0,4
948486,3.0,4
948490,3.0,4
948494,3.0,4
948498,3.0,4
948502,3.0,4
948507,4.0,5
948511,3.0,4
948515,3.0,4
948519,3.0,4
948523,3.0,4
948528,4.0,5
948532,3.0,4
948537,4.0,5
948541,3.0,4
948545,3.0,4
948549,3.0,4
948553,3.0,4
948557,3.0,4
948561,3.0,4
948565,3.0,4
948569,3.0,4
948573,3.0,4
948577,3.0,4
948581,3.0,4
948585,3.0,4
948589,3.0,4
948593,3.0,4
948597,3.0,4
948602,4.0,5
948607,4.0,5
948611,3.0,4
948615,3.0,4
948619,3.0,4
948623,3.0,4
948628,4.0,5
948632,3.0,4
948636,3.0,4
948641,4.0,5
948645,3.0,4
948649,3.0,4
948653,3.0,4
948657,3.0,4
948661,3.0,4
948665,3.0,4
948669,3.0,4
948673,3.0,4
948677,3.0,4
948682,4.0,5
948686,3.0,4
948690,3.0,4
948694,3.0,4
948699,4.0,5
948703,3.0,4
948707,3.0,4
948711,3.0,4
948715,3.0,4
948719,3.0,4
948724,4.0,5
948728,3.0,4
948732,3.0,4
948736,3.0,4
948740,3.0,4
948744,3.0,4
948748,3.0,4
948752,3.0,4
948756,3.0,4
948760,3.0,4
948764,3.0,4
948768,3.0,4
948773,4.0,5
948777,3.0,4
948782,4.0,5
948786,3.0,4
948790,3.0,4
948794,3.0,4
948798,3.0,4
948802,3.0,4
948806,3.0,4
948810,3.0,4
948814,3.0,4
948819,4.0,5
948823,3.0,4
948828,4.0,5
948832,3.0,4
948836,3.0,4
948841,4.0,5
948845,3.0,4
948849,3.0,4
948853,3.0,4
948857,3.0,4
948861,3.0,4
948865,3.0,4
948869,3.0,4
948873,3.0,4
948878,4.0,5
948883,4.0,5
948887,3.0,4
948891,3.0,4
948895,3.0,4
948899,3.0,4
948903,3.0,4
948907,3.0,4
948911,3.0,4
948915,3.0,4
948919,3.0,4
948923,3.0,4
948927,3.0,4
948931,3.0,4
948935,3.0,4
948939,3.0,4
948944,4.0,5
948948,3.0,4
948952,3.0,4
948956,3.0,4
948961,4.0,5
948965,3.0,4
948969,3.0,4
948973,3.0,4
948977,3.0,4
948981,3.0,4
948985,3.0,4
948989,3.0,4
948993,3.0,4
948997,3.0,4
949002,4.0,5
949006,3.0,4
949010,3.0,4
949015,4.0,5
949019,3.0,4
949024,4.0,5
949028,3.0,4
949033,4.0,5
949037,3.0,4
949041,3.0,4
949046,4.0,5
949050,3.0,4
949054,3.0,4
949059,4.0,5
949063,3.0,4
949067,3.0,4
949071,3.0,4
949075,3.0,4
949079,3.0,4
949083,3.0,4
949087,3.0,4
949092,4.0,5
949097,4.0,5
949101,3.0,4
949105,3.0,4
949109,3.0,4
949114,4.0,5
949119,4.0,5
949123,3.0,4
949128,4.0,5
949133,4.0,5
949138,4.0,5
949143,4.0,5
949147,3.0,4
949151,3.0,4
949155,3.0,4
949159,3.0,4
949163,3.0,4
949167,3.0,4
949171,3.0,4
949175,3.0,4
949179,3.0,4
949184,4.0,5
949188,3.0,4
949192,3.0,4
949196,3.0,4
949200,3.0,4
949204,3.0,4
949209,4.0,5
949213,3.0,4
949217,3.0,4
949222,4.0,5
949226,3.0,4
949231,4.0,5
949235,3.0,4
949239,3.0,4
949243,3.0,4
949247,3.0,4
949251,3.0,4
949256,4.0,5
949260,3.0,4
949264,3.0,4
949268,3.0,4
949272,3.0,4
949277,4.0,5
949281,3.0,4
949285,3.0,4
949289,3.0,4
949294,4.0,5
949298,3.0,4
949302,3.0,4
949307,4.0,5
949311,3.0,4
949315,3.0,4
949319,3.0,4
949323,3.0,4
949327,3.0,4
949332,4.0,5
949336,3.0,4
949340,3.0,4
949344,3.0,4
949349,4.0,5
949353,3.0,4
949357,3.0,4
949361,3.0,4
949365,3.0,4
949369,3.0,4
949373,3.0,4
949378,4.0,5
949382,3.0,4
949386,3.0,4
949390,3.0,4
949394,3.0,4
949398,3.0,4
949402,3.0,4
949407,4.0,5
949412,4.0,5
949416,3.0,4
949420,3.0,4
949424,3.0,4
949429,4.0,5
949433,3.0,4
949437,3.0,4
949441,3.0,4
949445,3.0,4
949449,3.0,4
949454,4.0,5
949458,3.0,4
949462,3.0,4
949466,3.0,4
949470,3.0,4
949474,3.0,4
949478,3.0,4
949482,3.0,4
949486,3.0,4
949490,3.0,4
949495,4.0,5
949499,3.0,4
949503,3.0,4
949508,4.0,5
949512,3.0,4
949516,3.0,4
949520,3.0,4
949524,3.0,4
949528,3.0,4
949532,3.0,4
949536,3.0,4
949541,4.0,5
949545,3.0,4
949549,3.0,4
949553,3.0,4
949557,3.0,4
949561,3.0,4
949565,3.0,4
949569,3.0,4
949573,3.0,4
949577,3.0,4
949581,3.0,4
949585,3.0,4
949589,3.0,4
949593,3.0,4
949597,3.0,4
949601,3.0,4
949605,3.0,4
949609,3.0,4
949613,3.0,4
949617,3.0,4
949621,3.0,4
949625,3.0,4
949630,4.0,5
949635,4.0,5
949639,3.0,4
949643,3.0,4
949647,3.0,4
949651,3.0,4
949655,3.0,4
949660,4.0,5
949664,3.0,4
949668,3.0,4
949673,4.0,5
949677,3.0,4
949681,3.0,4
949685,3.0,4
949689,3.0,4
949693,3.0,4
949697,3.0,4
949702,4.0,5
949706,3.0,4
949710,3.0,4
949714,3.0,4
949719,4.0,5
949723,3.0,4
949727,3.0,4
949731,3.0,4
949735,3.0,4
949739,3.0,4
949744,4.0,5
949748,3.0,4
949753,4.0,5
949758,4.0,5
949762,3.0,4
949766,3.0,4
949770,3.0,4
949774,3.0,4
949778,3.0,4
949783,4.0,5
949788,4.0,5
949792,3.0,4
949796,3.0,4
949800,3.0,4
949804,3.0,4
949808,3.0,4
949812,3.0,4
949816,3.0,4
949820,3.0,4
949824,3.0,4
949828,3.0,4
949833,4.0,5
949837,3.0,4
949841,3.0,4
949846,4.0,5
949851,4.0,5
949855,3.0,4
949859,3.0,4
949864,4.0,5
949868,3.0,4
949872,3.0,4
949876,3.0,4
949880,3.0,4
949885,4.0,5
949890,4.0,5
949894,3.0,4
949898,3.0,4
949902,3.0,4
949906,3.0,4
949911,4.0,5
949915,3.0,4
949919,3.0,4
949924,4.0,5
949928,3.0,4
949933,4.0,5
949937,3.0,4
949941,3.0,4
949945,3.0,4
949950,4.0,5
949954,3.0,4
949958,3.0,4
949963,4.0,5
949967,3.0,4
949971,3.0,4
949975,3.0,4
949979,3.0,4
949983,3.0,4
949988,4.0,5
949993,4.0,5
949997,3.0,4
950001,3.0,4
950005,3.0,4
950009,3.0,4
950014,4.0,5
950018,3.0,4
950022,3.0,4
950026,3.0,4
950030,3.0,4
950034,3.0,4
950038,3.0,4
950042,3.0,4
950047,4.0,5
950051,3.0,4
950056,4.0,5
950060,3.0,4
950064,3.0,4
950068,3.0,4
950073,4.0,5
950077,3.0,4
950081,3.0,4
950085,3.0,4
950089,3.0,4
950093,3.0,4
950097,3.0,4
950101,3.0,4
950105,3.0,4
950109,3.0,4
950113,3.0,4
950117,3.0,4
950121,3.0,4
950125,3.0,4
950129,3.0,4
950133,3.0,4
950137,3.0,4
950141,3.0,4
950145,3.0,4
950150,4.0,5
950155,4.0,5
950159,3.0,4
950163,3.0,4
950168,4.0,5
950172,3.0,4
950176,3.0,4
950181,4.0,5
950185,3.0,4
950189,3.0,4
950193,3.0,4
950198,4.0,5
950202,3.0,4
950207,4.0,5
950211,3.0,4
950215,3.0,4
950219,3.0,4
950223,3.0,4
950227,3.0,4
950231,3.0,4
950235,3.0,4
950239,3.0,4
950243,3.0,4
950247,3.0,4
950251,3.0,4
950255,3.0,4
950259,3.0,4
950264,4.0,5
950269,4.0,5
950274,4.0,5
950278,3.0,4
950282,3.0,4
950286,3.0,4
950290,3.0,4
950295,4.0,5
950299,3.0,4
950303,3.0,4
950307,3.0,4
950311,3.0,4
950315,3.0,4
950319,3.0,4
950323,3.0,4
950327,3.0,4
950332,4.0,5
950336,3.0,4
950340,3.0,4
950344,3.0,4
950348,3.0,4
950352,3.0,4
950356,3.0,4
950360,3.0,4
950364,3.0,4
950369,4.0,5
950373,3.0,4
950377,3.0,4
950381,3.0,4
950385,3.0,4
950389,3.0,4
950393,3.0,4
950397,3.0,4
950401,3.0,4
950405,3.0,4
950409,3.0,4
950414,4.0,5
950418,3.0,4
950422,3.0,4
950426,3.0,4
950430,3.0,4
950434,3.0,4
950438,3.0,4
950442,3.0,4
950446,3.0,4
950450,3.0,4
950455,4.0,5
950459,3.0,4
950463,3.0,4
950467,3.0,4
950471,3.0,4
950476,4.0,5
950481,4.0,5
950485,3.0,4
950489,3.0,4
950493,3.0,4
950497,3.0,4
950501,3.0,4
950505,3.0,4
950509,3.0,4
950513,3.0,4
950517,3.0,4
950521,3.0,4
950525,3.0,4
950529,3.0,4
950533,3.0,4
950537,3.0,4
950541,3.0,4
950545,3.0,4
950549,3.0,4
950553,3.0,4
950557,3.0,4
950561,3.0,4
950565,3.0,4
950569,3.0,4
950573,3.0,4
950577,3.0,4
950581,3.0,4
950585,3.0,4
950589,3.0,4
950593,3.0,4
950597,3.0,4
950601,3.0,4
950605,3.0,4
950609,3.0,4
950613,3.0,4
950617,3.0,4
950621,3.0,4
950625,3.0,4
950630,4.0,5
950634,3.0,4
950638,3.0,4
950642,3.0,4
950646,3.0,4
950650,3.0,4
950654,3.0,4
950659,4.0,5
950663,3.0,4
950667,3.0,4
950671,3.0,4
950675,3.0,4
950679,3.0,4
950683,3.0,4
950687,3.0,4
950692,4.0,5
950696,3.0,4
950700,3.0,4
950704,3.0,4
950708,3.0,4
950712,3.0,4
950716,3.0,4
950720,3.0,4
950724,3.0,4
950728,3.0,4
950733,4.0,5
950737,3.0,4
950741,3.0,4
950745,3.0,4
950749,3.0,4
950753,3.0,4
950757,3.0,4
950761,3.0,4
950765,3.0,4
950769,3.0,4
950773,3.0,4
950777,3.0,4
950782,4.0,5
950786,3.0,4
950790,3.0,4
950794,3.0,4
950798,3.0,4
950803,4.0,5
950807,3.0,4
950812,4.0,5
950817,4.0,5
950821,3.0,4
950825,3.0,4
950830,4.0,5
950835,4.0,5
950839,3.0,4
950843,3.0,4
950848,4.0,5
950852,3.0,4
950856,3.0,4
950860,3.0,4
950864,3.0,4
950868,3.0,4
950872,3.0,4
950876,3.0,4
950880,3.0,4
950884,3.0,4
950888,3.0,4
950892,3.0,4
950896,3.0,4
950900,3.0,4
950904,3.0,4
950908,3.0,4
950912,3.0,4
950916,3.0,4
950920,3.0,4
950924,3.0,4
950928,3.0,4
950932,3.0,4
950936,3.0,4
950940,3.0,4
950945,4.0,5
950949,3.0,4
950954,4.0,5
950958,3.0,4
950962,3.0,4
950966,3.0,4
950970,3.0,4
950974,3.0,4
950978,3.0,4
950982,3.0,4
950986,3.0,4
950990,3.0,4
950994,3.0,4
950998,3.0,4
951003,4.0,5
951007,3.0,4
951011,3.0,4
951015,3.0,4
951019,3.0,4
951023,3.0,4
951027,3.0,4
951031,3.0,4
951035,3.0,4
951039,3.0,4
951043,3.0,4
951047,3.0,4
951051,3.0,4
951055,3.0,4
951059,3.0,4
951064,4.0,5
951068,3.0,4
951072,3.0,4
951076,3.0,4
951080,3.0,4
951084,3.0,4
951088,3.0,4
951092,3.0,4
951096,3.0,4
951100,3.0,4
951104,3.0,4
951108,3.0,4
951112,3.0,4
951116,3.0,4
951120,3.0,4
951124,3.0,4
951128,3.0,4
951132,3.0,4
951137,4.0,5
951142,4.0,5
951146,3.0,4
951150,3.0,4
951154,3.0,4
951158,3.0,4
951162,3.0,4
951167,4.0,5
951171,3.0,4
951175,3.0,4
951179,3.0,4
951183,3.0,4
951187,3.0,4
951191,3.0,4
951195,3.0,4
951199,3.0,4
951203,3.0,4
951207,3.0,4
951212,4.0,5
951216,3.0,4
951220,3.0,4
951224,3.0,4
951228,3.0,4
951232,3.0,4
951236,3.0,4
951240,3.0,4
951244,3.0,4
951248,3.0,4
951252,3.0,4
951256,3.0,4
951260,3.0,4
951264,3.0,4
951268,3.0,4
951272,3.0,4
951276,3.0,4
951280,3.0,4
951284,3.0,4
951289,4.0,5
951293,3.0,4
951298,4.0,5
951302,3.0,4
951306,3.0,4
951310,3.0,4
951314,3.0,4
951319,4.0,5
951323,3.0,4
951327,3.0,4
951331,3.0,4
951335,3.0,4
951340,4.0,5
951344,3.0,4
951348,3.0,4
951352,3.0,4
951357,4.0,5
951361,3.0,4
951365,3.0,4
951369,3.0,4
951373,3.0,4
951377,3.0,4
951381,3.0,4
951385,3.0,4
951389,3.0,4
951393,3.0,4
951397,3.0,4
951402,4.0,5
951406,3.0,4
951410,3.0,4
951414,3.0,4
951418,3.0,4
951422,3.0,4
951426,3.0,4
951431,4.0,5
951436,4.0,5
951440,3.0,4
951444,3.0,4
951448,3.0,4
951452,3.0,4
951456,3.0,4
951460,3.0,4
951464,3.0,4
951468,3.0,4
951472,3.0,4
951476,3.0,4
951480,3.0,4
951484,3.0,4
951488,3.0,4
951492,3.0,4
951496,3.0,4
951500,3.0,4
951505,4.0,5
951509,3.0,4
951513,3.0,4
951517,3.0,4
951521,3.0,4
951525,3.0,4
951530,4.0,5
951534,3.0,4
951538,3.0,4
951543,4.0,5
951547,3.0,4
951551,3.0,4
951555,3.0,4
951559,3.0,4
951563,3.0,4
951567,3.0,4
951571,3.0,4
951575,3.0,4
951579,3.0,4
951584,4.0,5
951588,3.0,4
951592,3.0,4
951597,4.0,5
951601,3.0,4
951605,3.0,4
951609,3.0,4
951613,3.0,4
951617,3.0,4
951622,4.0,5
951627,4.0,5
951631,3.0,4
951635,3.0,4
951639,3.0,4
951643,3.0,4
951647,3.0,4
951651,3.0,4
951655,3.0,4
951659,3.0,4
951663,3.0,4
951667,3.0,4
951671,3.0,4
951676,4.0,5
951680,3.0,4
951684,3.0,4
951689,4.0,5
951693,3.0,4
951697,3.0,4
951701,3.0,4
951705,3.0,4
951709,3.0,4
951713,3.0,4
951717,3.0,4
951721,3.0,4
951725,3.0,4
951729,3.0,4
951734,4.0,5
951738,3.0,4
951742,3.0,4
951746,3.0,4
951750,3.0,4
951754,3.0,4
951758,3.0,4
951762,3.0,4
951766,3.0,4
951770,3.0,4
951774,3.0,4
951778,3.0,4
951783,4.0,5
951787,3.0,4
951791,3.0,4
951795,3.0,4
951799,3.0,4
951803,3.0,4
951807,3.0,4
951811,3.0,4
951815,3.0,4
951819,3.0,4
951824,4.0,5
951828,3.0,4
951832,3.0,4
951837,4.0,5
951841,3.0,4
951845,3.0,4
951849,3.0,4
951853,3.0,4
951857,3.0,4
951861,3.0,4
951865,3.0,4
951869,3.0,4
951873,3.0,4
951878,4.0,5
951882,3.0,4
951887,4.0,5
951891,3.0,4
951895,3.0,4
951899,3.0,4
951903,3.0,4
951908,4.0,5
951912,3.0,4
951916,3.0,4
951920,3.0,4
951924,3.0,4
951928,3.0,4
951932,3.0,4
951936,3.0,4
951941,4.0,5
951945,3.0,4
951949,3.0,4
951953,3.0,4
951957,3.0,4
951961,3.0,4
951966,4.0,5
951970,3.0,4
951974,3.0,4
951978,3.0,4
951982,3.0,4
951986,3.0,4
951991,4.0,5
951996,4.0,5
952000,3.0,4
952004,3.0,4
952008,3.0,4
952012,3.0,4
952016,3.0,4
952020,3.0,4
952024,3.0,4
952028,3.0,4
952032,3.0,4
952036,3.0,4
952041,4.0,5
952045,3.0,4
952049,3.0,4
952053,3.0,4
952057,3.0,4
952061,3.0,4
952065,3.0,4
952069,3.0,4
952073,3.0,4
952077,3.0,4
952081,3.0,4
952085,3.0,4
952089,3.0,4
952093,3.0,4
952097,3.0,4
952101,3.0,4
952105,3.0,4
952109,3.0,4
952114,4.0,5
952118,3.0,4
952122,3.0,4
952126,3.0,4
952130,3.0,4
952134,3.0,4
952138,3.0,4
952142,3.0,4
952146,3.0,4
952150,3.0,4
952154,3.0,4
952158,3.0,4
952163,4.0,5
952167,3.0,4
952172,4.0,5
952176,3.0,4
952180,3.0,4
952184,3.0,4
952188,3.0,4
952192,3.0,4
952196,3.0,4
952200,3.0,4
952204,3.0,4
952208,3.0,4
952212,3.0,4
952216,3.0,4
952220,3.0,4
952224,3.0,4
952228,3.0,4
952232,3.0,4
952236,3.0,4
952240,3.0,4
952244,3.0,4
952248,3.0,4
952252,3.0,4
952256,3.0,4
952260,3.0,4
952264,3.0,4
952268,3.0,4
952273,4.0,5
952277,3.0,4
952281,3.0,4
952285,3.0,4
952289,3.0,4
952294,4.0,5
952298,3.0,4
952302,3.0,4
952306,3.0,4
952310,3.0,4
952315,4.0,5
952319,3.0,4
952323,3.0,4
952328,4.0,5
952332,3.0,4
952336,3.0,4
952340,3.0,4
952344,3.0,4
952348,3.0,4
952352,3.0,4
952356,3.0,4
952360,3.0,4
952364,3.0,4
952368,3.0,4
952372,3.0,4
952376,3.0,4
952380,3.0,4
952384,3.0,4
952388,3.0,4
952392,3.0,4
952396,3.0,4
952400,3.0,4
952404,3.0,4
952408,3.0,4
952412,3.0,4
952417,4.0,5
952421,3.0,4
952426,4.0,5
952430,3.0,4
952434,3.0,4
952438,3.0,4
952443,4.0,5
952448,4.0,5
952452,3.0,4
952456,3.0,4
952460,3.0,4
952464,3.0,4
952468,3.0,4
952472,3.0,4
952476,3.0,4
952481,4.0,5
952485,3.0,4
952489,3.0,4
952494,4.0,5
952498,3.0,4
952502,3.0,4
952506,3.0,4
952510,3.0,4
952514,3.0,4
952518,3.0,4
952523,4.0,5
952527,3.0,4
952531,3.0,4
952535,3.0,4
952539,3.0,4
952544,4.0,5
952548,3.0,4
952552,3.0,4
952556,3.0,4
952560,3.0,4
952564,3.0,4
952569,4.0,5
952573,3.0,4
952577,3.0,4
952581,3.0,4
952585,3.0,4
952589,3.0,4
952593,3.0,4
952597,3.0,4
952601,3.0,4
952605,3.0,4
952609,3.0,4
952613,3.0,4
952617,3.0,4
952621,3.0,4
952625,3.0,4
952629,3.0,4
952633,3.0,4
952638,4.0,5
952642,3.0,4
952646,3.0,4
952650,3.0,4
952654,3.0,4
952658,3.0,4
952662,3.0,4
952667,4.0,5
952671,3.0,4
952675,3.0,4
952679,3.0,4
952683,3.0,4
952687,3.0,4
952692,4.0,5
952696,3.0,4
952700,3.0,4
952704,3.0,4
952708,3.0,4
952712,3.0,4
952716,3.0,4
952720,3.0,4
952724,3.0,4
952728,3.0,4
952732,3.0,4
952736,3.0,4
952740,3.0,4
952744,3.0,4
952748,3.0,4
952752,3.0,4
952756,3.0,4
952760,3.0,4
952764,3.0,4
952768,3.0,4
952772,3.0,4
952776,3.0,4
952780,3.0,4
952784,3.0,4
952788,3.0,4
952792,3.0,4
952796,3.0,4
952800,3.0,4
952804,3.0,4
952808,3.0,4
952812,3.0,4
952817,4.0,5
952821,3.0,4
952825,3.0,4
952829,3.0,4
952833,3.0,4
952837,3.0,4
952841,3.0,4
952845,3.0,4
952849,3.0,4
952853,3.0,4
952857,3.0,4
952862,4.0,5
952866,3.0,4
952870,3.0,4
952874,3.0,4
952878,3.0,4
952882,3.0,4
952886,3.0,4
952890,3.0,4
952894,3.0,4
952898,3.0,4
952902,3.0,4
952906,3.0,4
952910,3.0,4
952914,3.0,4
952918,3.0,4
952922,3.0,4
952926,3.0,4
952930,3.0,4
952934,3.0,4
952938,3.0,4
952943,4.0,5
952947,3.0,4
952951,3.0,4
952955,3.0,4
952959,3.0,4
952963,3.0,4
952967,3.0,4
952971,3.0,4
952975,3.0,4
952980,4.0,5
952984,3.0,4
952988,3.0,4
952992,3.0,4
952996,3.0,4
953000,3.0,4
953004,3.0,4
953009,4.0,5
953014,4.0,5
953018,3.0,4
953022,3.0,4
953026,3.0,4
953030,3.0,4
953035,4.0,5
953039,3.0,4
953044,4.0,5
953048,3.0,4
953052,3.0,4
953056,3.0,4
953060,3.0,4
953064,3.0,4
953069,4.0,5
953073,3.0,4
953077,3.0,4
953082,4.0,5
953086,3.0,4
953091,4.0,5
953095,3.0,4
953099,3.0,4
953103,3.0,4
953108,4.0,5
953112,3.0,4
953116,3.0,4
953120,3.0,4
953125,4.0,5
953130,4.0,5
953134,3.0,4
953139,4.0,5
953143,3.0,4
953147,3.0,4
953151,3.0,4
953155,3.0,4
953159,3.0,4
953164,4.0,5
953168,3.0,4
953172,3.0,4
953177,4.0,5
953181,3.0,4
953185,3.0,4
953189,3.0,4
953194,4.0,5
953198,3.0,4
953202,3.0,4
953206,3.0,4
953210,3.0,4
953214,3.0,4
953218,3.0,4
953222,3.0,4
953226,3.0,4
953230,3.0,4
953235,4.0,5
953240,4.0,5
953244,3.0,4
953248,3.0,4
953253,4.0,5
953257,3.0,4
953261,3.0,4
953266,4.0,5
953270,3.0,4
953274,3.0,4
953278,3.0,4
953282,3.0,4
953286,3.0,4
953290,3.0,4
953294,3.0,4
953298,3.0,4
953302,3.0,4
953307,4.0,5
953311,3.0,4
953315,3.0,4
953319,3.0,4
953323,3.0,4
953327,3.0,4
953331,3.0,4
953335,3.0,4
953339,3.0,4
953343,3.0,4
953347,3.0,4
953352,4.0,5
953356,3.0,4
953360,3.0,4
953364,3.0,4
953368,3.0,4
953372,3.0,4
953376,3.0,4
953380,3.0,4
953384,3.0,4
953389,4.0,5
953393,3.0,4
953397,3.0,4
953401,3.0,4
953405,3.0,4
953409,3.0,4
953413,3.0,4
953417,3.0,4
953421,3.0,4
953425,3.0,4
953429,3.0,4
953433,3.0,4
953437,3.0,4
953441,3.0,4
953445,3.0,4
953450,4.0,5
953454,3.0,4
953458,3.0,4
953462,3.0,4
953466,3.0,4
953470,3.0,4
953474,3.0,4
953478,3.0,4
953482,3.0,4
953486,3.0,4
953490,3.0,4
953494,3.0,4
953498,3.0,4
953502,3.0,4
953506,3.0,4
953510,3.0,4
953514,3.0,4
953518,3.0,4
953522,3.0,4
953526,3.0,4
953530,3.0,4
953534,3.0,4
953539,4.0,5
953543,3.0,4
953547,3.0,4
953551,3.0,4
953555,3.0,4
953559,3.0,4
953563,3.0,4
953567,3.0,4
953571,3.0,4
953576,4.0,5
953580,3.0,4
953584,3.0,4
953588,3.0,4
953592,3.0,4
953596,3.0,4
953600,3.0,4
953604,3.0,4
953608,3.0,4
953612,3.0,4
953616,3.0,4
953620,3.0,4
953624,3.0,4
953628,3.0,4
953633,4.0,5
953637,3.0,4
953641,3.0,4
953645,3.0,4
953649,3.0,4
953653,3.0,4
953657,3.0,4
953662,4.0,5
953666,3.0,4
953670,3.0,4
953674,3.0,4
953678,3.0,4
953682,3.0,4
953686,3.0,4
953690,3.0,4
953694,3.0,4
953699,4.0,5
953703,3.0,4
953707,3.0,4
953711,3.0,4
953715,3.0,4
953720,4.0,5
953725,4.0,5
953729,3.0,4
953733,3.0,4
953738,4.0,5
953742,3.0,4
953746,3.0,4
953750,3.0,4
953754,3.0,4
953758,3.0,4
953762,3.0,4
953766,3.0,4
953771,4.0,5
953776,4.0,5
953780,3.0,4
953784,3.0,4
953788,3.0,4
953792,3.0,4
953796,3.0,4
953800,3.0,4
953804,3.0,4
953808,3.0,4
953812,3.0,4
953816,3.0,4
953820,3.0,4
953824,3.0,4
953828,3.0,4
953832,3.0,4
953836,3.0,4
953840,3.0,4
953844,3.0,4
953848,3.0,4
953852,3.0,4
953856,3.0,4
953860,3.0,4
953864,3.0,4
953868,3.0,4
953872,3.0,4
953877,4.0,5
953881,3.0,4
953885,3.0,4
953889,3.0,4
953893,3.0,4
953897,3.0,4
953901,3.0,4
953905,3.0,4
953909,3.0,4
953913,3.0,4
953917,3.0,4
953921,3.0,4
953925,3.0,4
953929,3.0,4
953933,3.0,4
953937,3.0,4
953941,3.0,4
953945,3.0,4
953949,3.0,4
953954,4.0,5
953958,3.0,4
953962,3.0,4
953966,3.0,4
953970,3.0,4
953975,4.0,5
953979,3.0,4
953983,3.0,4
953987,3.0,4
953991,3.0,4
953996,4.0,5
954000,3.0,4
954004,3.0,4
954008,3.0,4
954012,3.0,4
954016,3.0,4
954020,3.0,4
954024,3.0,4
954029,4.0,5
954033,3.0,4
954037,3.0,4
954041,3.0,4
954045,3.0,4
954049,3.0,4
954053,3.0,4
954057,3.0,4
954061,3.0,4
954065,3.0,4
954069,3.0,4
954073,3.0,4
954077,3.0,4
954081,3.0,4
954085,3.0,4
954090,4.0,5
954094,3.0,4
954098,3.0,4
954102,3.0,4
954106,3.0,4
954110,3.0,4
954115,4.0,5
954119,3.0,4
954123,3.0,4
954127,3.0,4
954131,3.0,4
954135,3.0,4
954139,3.0,4
954143,3.0,4
954148,4.0,5
954152,3.0,4
954157,4.0,5
954161,3.0,4
954165,3.0,4
954169,3.0,4
954173,3.0,4
954177,3.0,4
954181,3.0,4
954186,4.0,5
954190,3.0,4
954194,3.0,4
954198,3.0,4
954202,3.0,4
954207,4.0,5
954211,3.0,4
954216,4.0,5
954220,3.0,4
954225,4.0,5
954229,3.0,4
954233,3.0,4
954237,3.0,4
954242,4.0,5
954246,3.0,4
954250,3.0,4
954254,3.0,4
954258,3.0,4
954262,3.0,4
954266,3.0,4
954271,4.0,5
954275,3.0,4
954279,3.0,4
954283,3.0,4
954287,3.0,4
954291,3.0,4
954295,3.0,4
954299,3.0,4
954303,3.0,4
954307,3.0,4
954311,3.0,4
954315,3.0,4
954319,3.0,4
954323,3.0,4
954327,3.0,4
954331,3.0,4
954335,3.0,4
954339,3.0,4
954343,3.0,4
954347,3.0,4
954351,3.0,4
954355,3.0,4
954359,3.0,4
954363,3.0,4
954367,3.0,4
954371,3.0,4
954375,3.0,4
954379,3.0,4
954383,3.0,4
954387,3.0,4
954391,3.0,4
954395,3.0,4
954399,3.0,4
954403,3.0,4
954407,3.0,4
954411,3.0,4
954415,3.0,4
954419,3.0,4
954423,3.0,4
954427,3.0,4
954431,3.0,4
954435,3.0,4
954439,3.0,4
954443,3.0,4
954447,3.0,4
954451,3.0,4
954455,3.0,4
954459,3.0,4
954463,3.0,4
954467,3.0,4
954471,3.0,4
954475,3.0,4
954479,3.0,4
954484,4.0,5
954488,3.0,4
954493,4.0,5
954497,3.0,4
954502,4.0,5
954506,3.0,4
954510,3.0,4
954514,3.0,4
954518,3.0,4
954522,3.0,4
954526,3.0,4
954530,3.0,4
954534,3.0,4
954538,3.0,4
954542,3.0,4
954546,3.0,4
954550,3.0,4
954554,3.0,4
954558,3.0,4
954562,3.0,4
954566,3.0,4
954570,3.0,4
954574,3.0,4
954578,3.0,4
954582,3.0,4
954587,4.0,5
954591,3.0,4
954595,3.0,4
954599,3.0,4
954603,3.0,4
954607,3.0,4
954611,3.0,4
954615,3.0,4
954620,4.0,5
954624,3.0,4
954628,3.0,4
954632,3.0,4
954636,3.0,4
954640,3.0,4
954644,3.0,4
954648,3.0,4
954652,3.0,4
954656,3.0,4
954660,3.0,4
954664,3.0,4
954668,3.0,4
954672,3.0,4
954676,3.0,4
954680,3.0,4
954684,3.0,4
954688,3.0,4
954693,4.0,5
954697,3.0,4
954701,3.0,4
954705,3.0,4
954709,3.0,4
954713,3.0,4
954718,4.0,5
954722,3.0,4
954726,3.0,4
954730,3.0,4
954734,3.0,4
954738,3.0,4
954742,3.0,4
954746,3.0,4
954750,3.0,4
954754,3.0,4
954758,3.0,4
954762,3.0,4
954766,3.0,4
954770,3.0,4
954774,3.0,4
954778,3.0,4
954782,3.0,4
954786,3.0,4
954790,3.0,4
954794,3.0,4
954799,4.0,5
954803,3.0,4
954807,3.0,4
954811,3.0,4
954815,3.0,4
954819,3.0,4
954824,4.0,5
954828,3.0,4
954833,4.0,5
954837,3.0,4
954841,3.0,4
954845,3.0,4
954849,3.0,4
954853,3.0,4
954857,3.0,4
954861,3.0,4
954865,3.0,4
954869,3.0,4
954873,3.0,4
954877,3.0,4
954881,3.0,4
954885,3.0,4
954889,3.0,4
954893,3.0,4
954898,4.0,5
954902,3.0,4
954906,3.0,4
954910,3.0,4
954914,3.0,4
954918,3.0,4
954922,3.0,4
954926,3.0,4
954930,3.0,4
954934,3.0,4
954939,4.0,5
954943,3.0,4
954947,3.0,4
954951,3.0,4
954955,3.0,4
954959,3.0,4
954964,4.0,5
954968,3.0,4
954972,3.0,4
954976,3.0,4
954980,3.0,4
954984,3.0,4
954988,3.0,4
954992,3.0,4
954996,3.0,4
955000,3.0,4
955004,3.0,4
955008,3.0,4
955012,3.0,4
955017,4.0,5
955021,3.0,4
955025,3.0,4
955029,3.0,4
955033,3.0,4
955037,3.0,4
955041,3.0,4
955045,3.0,4
955049,3.0,4
955053,3.0,4
955057,3.0,4
955061,3.0,4
955065,3.0,4
955069,3.0,4
955073,3.0,4
955077,3.0,4
955081,3.0,4
955085,3.0,4
955089,3.0,4
955093,3.0,4
955097,3.0,4
955102,4.0,5
955107,4.0,5
955111,3.0,4
955115,3.0,4
955119,3.0,4
955123,3.0,4
955127,3.0,4
955131,3.0,4
955135,3.0,4
955139,3.0,4
955143,3.0,4
955147,3.0,4
955151,3.0,4
955155,3.0,4
955159,3.0,4
955163,3.0,4
955167,3.0,4
955171,3.0,4
955175,3.0,4
955179,3.0,4
955183,3.0,4
955187,3.0,4
955191,3.0,4
955195,3.0,4
955199,3.0,4
955204,4.0,5
955208,3.0,4
955213,4.0,5
955217,3.0,4
955221,3.0,4
955225,3.0,4
955229,3.0,4
955233,3.0,4
955238,4.0,5
955242,3.0,4
955246,3.0,4
955250,3.0,4
955254,3.0,4
955259,4.0,5
955263,3.0,4
955267,3.0,4
955272,4.0,5
955276,3.0,4
955280,3.0,4
955284,3.0,4
955288,3.0,4
955292,3.0,4
955296,3.0,4
955300,3.0,4
955304,3.0,4
955308,3.0,4
955312,3.0,4
955316,3.0,4
955320,3.0,4
955324,3.0,4
955328,3.0,4
955332,3.0,4
955336,3.0,4
955340,3.0,4
955344,3.0,4
955348,3.0,4
955352,3.0,4
955356,3.0,4
955360,3.0,4
955364,3.0,4
955369,4.0,5
955373,3.0,4
955377,3.0,4
955381,3.0,4
955385,3.0,4
955389,3.0,4
955393,3.0,4
955398,4.0,5
955402,3.0,4
955406,3.0,4
955410,3.0,4
955414,3.0,4
955418,3.0,4
955422,3.0,4
955426,3.0,4
955430,3.0,4
955434,3.0,4
955438,3.0,4
955442,3.0,4
955446,3.0,4
955450,3.0,4
955454,3.0,4
955458,3.0,4
955462,3.0,4
955466,3.0,4
955470,3.0,4
955475,4.0,5
955479,3.0,4
955484,4.0,5
955488,3.0,4
955492,3.0,4
955496,3.0,4
955500,3.0,4
955504,3.0,4
955508,3.0,4
955512,3.0,4
955516,3.0,4
955520,3.0,4
955524,3.0,4
955528,3.0,4
955532,3.0,4
955536,3.0,4
955540,3.0,4
955544,3.0,4
955548,3.0,4
955552,3.0,4
955557,4.0,5
955561,3.0,4
955565,3.0,4
955569,3.0,4
955573,3.0,4
955577,3.0,4
955581,3.0,4
955585,3.0,4
955589,3.0,4
955594,4.0,5
955599,4.0,5
955603,3.0,4
955607,3.0,4
955611,3.0,4
955615,3.0,4
955619,3.0,4
955623,3.0,4
955627,3.0,4
955631,3.0,4
955635,3.0,4
955639,3.0,4
955643,3.0,4
955647,3.0,4
955651,3.0,4
955655,3.0,4
955659,3.0,4
955663,3.0,4
955667,3.0,4
955671,3.0,4
955676,4.0,5
955681,4.0,5
955685,3.0,4
955689,3.0,4
955693,3.0,4
955697,3.0,4
955701,3.0,4
955705,3.0,4
955709,3.0,4
955713,3.0,4
955717,3.0,4
955721,3.0,4
955725,3.0,4
955729,3.0,4
955733,3.0,4
955737,3.0,4
955741,3.0,4
955745,3.0,4
955749,3.0,4
955753,3.0,4
955757,3.0,4
955761,3.0,4
955765,3.0,4
955769,3.0,4
955774,4.0,5
955778,3.0,4
955782,3.0,4
955786,3.0,4
955790,3.0,4
955794,3.0,4
955798,3.0,4
955802,3.0,4
955806,3.0,4
955810,3.0,4
955814,3.0,4
955818,3.0,4
955822,3.0,4
955827,4.0,5
955831,3.0,4
955835,3.0,4
955839,3.0,4
955844,4.0,5
955848,3.0,4
955853,4.0,5
955857,3.0,4
955861,3.0,4
955865,3.0,4
955869,3.0,4
955873,3.0,4
955877,3.0,4
955882,4.0,5
955886,3.0,4
955890,3.0,4
955894,3.0,4
955898,3.0,4
955902,3.0,4
955906,3.0,4
955910,3.0,4
955914,3.0,4
955918,3.0,4
955922,3.0,4
955926,3.0,4
955930,3.0,4
955934,3.0,4
955938,3.0,4
955942,3.0,4
955946,3.0,4
955950,3.0,4
955954,3.0,4
955958,3.0,4
955962,3.0,4
955966,3.0,4
955971,4.0,5
955975,3.0,4
955979,3.0,4
955983,3.0,4
955988,4.0,5
955993,4.0,5
955997,3.0,4
956001,3.0,4
956005,3.0,4
956010,4.0,5
956014,3.0,4
956018,3.0,4
956022,3.0,4
956026,3.0,4
956031,4.0,5
956035,3.0,4
956039,3.0,4
956043,3.0,4
956047,3.0,4
956051,3.0,4
956055,3.0,4
956059,3.0,4
956063,3.0,4
956067,3.0,4
956071,3.0,4
956075,3.0,4
956079,3.0,4
956083,3.0,4
956087,3.0,4
956091,3.0,4
956096,4.0,5
956100,3.0,4
956104,3.0,4
956108,3.0,4
956112,3.0,4
956116,3.0,4
956121,4.0,5
956125,3.0,4
956129,3.0,4
956133,3.0,4
956137,3.0,4
956141,3.0,4
956145,3.0,4
956149,3.0,4
956153,3.0,4
956157,3.0,4
956161,3.0,4
956165,3.0,4
956169,3.0,4
956173,3.0,4
956177,3.0,4
956181,3.0,4
956185,3.0,4
956189,3.0,4
956193,3.0,4
956198,4.0,5
956202,3.0,4
956206,3.0,4
956210,3.0,4
956214,3.0,4
956218,3.0,4
956222,3.0,4
956226,3.0,4
956230,3.0,4
956234,3.0,4
956238,3.0,4
956242,3.0,4
956246,3.0,4
956250,3.0,4
956254,3.0,4
956258,3.0,4
956262,3.0,4
956266,3.0,4
956270,3.0,4
956274,3.0,4
956278,3.0,4
956282,3.0,4
956286,3.0,4
956290,3.0,4
956294,3.0,4
956299,4.0,5
956303,3.0,4
956307,3.0,4
956311,3.0,4
956315,3.0,4
956319,3.0,4
956323,3.0,4
956327,3.0,4
956331,3.0,4
956335,3.0,4
956339,3.0,4
956343,3.0,4
956347,3.0,4
956351,3.0,4
956355,3.0,4
956360,4.0,5
956364,3.0,4
956368,3.0,4
956372,3.0,4
956376,3.0,4
956380,3.0,4
956384,3.0,4
956388,3.0,4
956392,3.0,4
956396,3.0,4
956400,3.0,4
956404,3.0,4
956408,3.0,4
956412,3.0,4
956416,3.0,4
956420,3.0,4
956424,3.0,4
956428,3.0,4
956432,3.0,4
956436,3.0,4
956440,3.0,4
956444,3.0,4
956448,3.0,4
956452,3.0,4
956456,3.0,4
956460,3.0,4
956464,3.0,4
956468,3.0,4
956472,3.0,4
956476,3.0,4
956480,3.0,4
956484,3.0,4
956488,3.0,4
956492,3.0,4
956496,3.0,4
956500,3.0,4
956504,3.0,4
956508,3.0,4
956512,3.0,4
956516,3.0,4
956520,3.0,4
956525,4.0,5
956529,3.0,4
956533,3.0,4
956537,3.0,4
956541,3.0,4
956545,3.0,4
956550,4.0,5
956554,3.0,4
956559,4.0,5
956563,3.0,4
956568,4.0,5
956572,3.0,4
956576,3.0,4
956580,3.0,4
956584,3.0,4
956589,4.0,5
956593,3.0,4
956598,4.0,5
956602,3.0,4
956606,3.0,4
956610,3.0,4
956614,3.0,4
956618,3.0,4
956622,3.0,4
956626,3.0,4
956630,3.0,4
956634,3.0,4
956638,3.0,4
956642,3.0,4
956646,3.0,4
956650,3.0,4
956654,3.0,4
956658,3.0,4
956662,3.0,4
956666,3.0,4
956670,3.0,4
956674,3.0,4
956678,3.0,4
956682,3.0,4
956686,3.0,4
956690,3.0,4
956694,3.0,4
956698,3.0,4
956703,4.0,5
956707,3.0,4
956711,3.0,4
956715,3.0,4
956719,3.0,4
956723,3.0,4
956727,3.0,4
956731,3.0,4
956735,3.0,4
956739,3.0,4
956743,3.0,4
956747,3.0,4
956751,3.0,4
956755,3.0,4
956759,3.0,4
956763,3.0,4
956767,3.0,4
956771,3.0,4
956775,3.0,4
956779,3.0,4
956783,3.0,4
956787,3.0,4
956791,3.0,4
956795,3.0,4
956799,3.0,4
956803,3.0,4
956807,3.0,4
956811,3.0,4
956815,3.0,4
956820,4.0,5
956824,3.0,4
956828,3.0,4
956832,3.0,4
956836,3.0,4
956840,3.0,4
956844,3.0,4
956848,3.0,4
956852,3.0,4
956856,3.0,4
956861,4.0,5
956865,3.0,4
956869,3.0,4
956873,3.0,4
956877,3.0,4
956881,3.0,4
956885,3.0,4
956890,4.0,5
956894,3.0,4
956898,3.0,4
956902,3.0,4
956906,3.0,4
956911,4.0,5
956915,3.0,4
956919,3.0,4
956923,3.0,4
956927,3.0,4
956931,3.0,4
956935,3.0,4
956939,3.0,4
956943,3.0,4
956947,3.0,4
956951,3.0,4
956955,3.0,4
956959,3.0,4
956963,3.0,4
956967,3.0,4
956971,3.0,4
956975,3.0,4
956979,3.0,4
956983,3.0,4
956987,3.0,4
956991,3.0,4
956995,3.0,4
956999,3.0,4
957003,3.0,4
957007,3.0,4
957011,3.0,4
957015,3.0,4
957019,3.0,4
957023,3.0,4
957027,3.0,4
957031,3.0,4
957035,3.0,4
957039,3.0,4
957044,4.0,5
957048,3.0,4
957053,4.0,5
957057,3.0,4
957061,3.0,4
957066,4.0,5
957070,3.0,4
957074,3.0,4
957078,3.0,4
957083,4.0,5
957087,3.0,4
957091,3.0,4
957095,3.0,4
957100,4.0,5
957104,3.0,4
957108,3.0,4
957113,4.0,5
957117,3.0,4
957121,3.0,4
957125,3.0,4
957129,3.0,4
957133,3.0,4
957137,3.0,4
957141,3.0,4
957145,3.0,4
957149,3.0,4
957153,3.0,4
957157,3.0,4
957161,3.0,4
957165,3.0,4
957169,3.0,4
957173,3.0,4
957177,3.0,4
957181,3.0,4
957185,3.0,4
957189,3.0,4
957193,3.0,4
957197,3.0,4
957201,3.0,4
957205,3.0,4
957209,3.0,4
957213,3.0,4
957217,3.0,4
957221,3.0,4
957226,4.0,5
957230,3.0,4
957234,3.0,4
957238,3.0,4
957242,3.0,4
957246,3.0,4
957250,3.0,4
957254,3.0,4
957258,3.0,4
957262,3.0,4
957266,3.0,4
957270,3.0,4
957274,3.0,4
957278,3.0,4
957282,3.0,4
957286,3.0,4
957290,3.0,4
957294,3.0,4
957298,3.0,4
957302,3.0,4
957306,3.0,4
957310,3.0,4
957314,3.0,4
957319,4.0,5
957323,3.0,4
957327,3.0,4
957331,3.0,4
957335,3.0,4
957339,3.0,4
957343,3.0,4
957347,3.0,4
957351,3.0,4
957355,3.0,4
957359,3.0,4
957363,3.0,4
957367,3.0,4
957371,3.0,4
957375,3.0,4
957379,3.0,4
957383,3.0,4
957387,3.0,4
957391,3.0,4
957395,3.0,4
957399,3.0,4
957404,4.0,5
957409,4.0,5
957413,3.0,4
957417,3.0,4
957421,3.0,4
957425,3.0,4
957429,3.0,4
957433,3.0,4
957437,3.0,4
957441,3.0,4
957445,3.0,4
957449,3.0,4
957453,3.0,4
957458,4.0,5
957462,3.0,4
957466,3.0,4
957470,3.0,4
957475,4.0,5
957479,3.0,4
957483,3.0,4
957487,3.0,4
957491,3.0,4
957496,4.0,5
957500,3.0,4
957504,3.0,4
957508,3.0,4
957512,3.0,4
957516,3.0,4
957520,3.0,4
957524,3.0,4
957529,4.0,5
957533,3.0,4
957538,4.0,5
957542,3.0,4
957546,3.0,4
957550,3.0,4
957554,3.0,4
957558,3.0,4
957562,3.0,4
957566,3.0,4
957570,3.0,4
957575,4.0,5
957579,3.0,4
957583,3.0,4
957587,3.0,4
957591,3.0,4
957595,3.0,4
957599,3.0,4
957603,3.0,4
957608,4.0,5
957612,3.0,4
957616,3.0,4
957620,3.0,4
957624,3.0,4
957628,3.0,4
957632,3.0,4
957636,3.0,4
957640,3.0,4
957645,4.0,5
957649,3.0,4
957653,3.0,4
957658,4.0,5
957663,4.0,5
957667,3.0,4
957671,3.0,4
957675,3.0,4
957679,3.0,4
957683,3.0,4
957687,3.0,4
957691,3.0,4
957695,3.0,4
957699,3.0,4
957703,3.0,4
957707,3.0,4
957711,3.0,4
957715,3.0,4
957719,3.0,4
957723,3.0,4
957727,3.0,4
957731,3.0,4
957735,3.0,4
957739,3.0,4
957744,4.0,5
957748,3.0,4
957752,3.0,4
957756,3.0,4
957760,3.0,4
957764,3.0,4
957768,3.0,4
957772,3.0,4
957776,3.0,4
957780,3.0,4
957785,4.0,5
957789,3.0,4
957794,4.0,5
957799,4.0,5
957803,3.0,4
957807,3.0,4
957811,3.0,4
957815,3.0,4
957819,3.0,4
957823,3.0,4
957827,3.0,4
957832,4.0,5
957836,3.0,4
957840,3.0,4
957844,3.0,4
957848,3.0,4
957852,3.0,4
957856,3.0,4
957860,3.0,4
957864,3.0,4
957869,4.0,5
957873,3.0,4
957877,3.0,4
957881,3.0,4
957885,3.0,4
957890,4.0,5
957895,4.0,5
957899,3.0,4
957903,3.0,4
957907,3.0,4
957911,3.0,4
957915,3.0,4
957919,3.0,4
957923,3.0,4
957927,3.0,4
957931,3.0,4
957935,3.0,4
957939,3.0,4
957943,3.0,4
957947,3.0,4
957951,3.0,4
957955,3.0,4
957959,3.0,4
957963,3.0,4
957967,3.0,4
957971,3.0,4
957975,3.0,4
957979,3.0,4
957983,3.0,4
957987,3.0,4
957992,4.0,5
957996,3.0,4
958001,4.0,5
958005,3.0,4
958009,3.0,4
958013,3.0,4
958017,3.0,4
958021,3.0,4
958025,3.0,4
958029,3.0,4
958033,3.0,4
958038,4.0,5
958042,3.0,4
958046,3.0,4
958050,3.0,4
958054,3.0,4
958058,3.0,4
958062,3.0,4
958066,3.0,4
958070,3.0,4
958074,3.0,4
958078,3.0,4
958082,3.0,4
958086,3.0,4
958090,3.0,4
958094,3.0,4
958098,3.0,4
958102,3.0,4
958106,3.0,4
958110,3.0,4
958114,3.0,4
958119,4.0,5
958123,3.0,4
958128,4.0,5
958132,3.0,4
958136,3.0,4
958140,3.0,4
958144,3.0,4
958149,4.0,5
958153,3.0,4
958157,3.0,4
958161,3.0,4
958165,3.0,4
958170,4.0,5
958174,3.0,4
958178,3.0,4
958182,3.0,4
958186,3.0,4
958190,3.0,4
958194,3.0,4
958198,3.0,4
958202,3.0,4
958206,3.0,4
958210,3.0,4
958214,3.0,4
958218,3.0,4
958222,3.0,4
958226,3.0,4
958230,3.0,4
958234,3.0,4
958238,3.0,4
958242,3.0,4
958246,3.0,4
958250,3.0,4
958255,4.0,5
958259,3.0,4
958264,4.0,5
958268,3.0,4
958272,3.0,4
958276,3.0,4
958281,4.0,5
958285,3.0,4
958289,3.0,4
958293,3.0,4
958297,3.0,4
958301,3.0,4
958306,4.0,5
958310,3.0,4
958314,3.0,4
958318,3.0,4
958322,3.0,4
958326,3.0,4
958330,3.0,4
958334,3.0,4
958338,3.0,4
958342,3.0,4
958346,3.0,4
958350,3.0,4
958354,3.0,4
958358,3.0,4
958362,3.0,4
958366,3.0,4
958370,3.0,4
958374,3.0,4
958378,3.0,4
958383,4.0,5
958387,3.0,4
958391,3.0,4
958395,3.0,4
958399,3.0,4
958403,3.0,4
958407,3.0,4
958411,3.0,4
958415,3.0,4
958419,3.0,4
958424,4.0,5
958428,3.0,4
958432,3.0,4
958436,3.0,4
958440,3.0,4
958444,3.0,4
958448,3.0,4
958452,3.0,4
958456,3.0,4
958461,4.0,5
958465,3.0,4
958469,3.0,4
958473,3.0,4
958477,3.0,4
958481,3.0,4
958485,3.0,4
958489,3.0,4
958493,3.0,4
958497,3.0,4
958501,3.0,4
958505,3.0,4
958509,3.0,4
958513,3.0,4
958517,3.0,4
958522,4.0,5
958526,3.0,4
958530,3.0,4
958534,3.0,4
958539,4.0,5
958543,3.0,4
958547,3.0,4
958551,3.0,4
958555,3.0,4
958559,3.0,4
958563,3.0,4
958567,3.0,4
958571,3.0,4
958575,3.0,4
958579,3.0,4
958583,3.0,4
958587,3.0,4
958591,3.0,4
958595,3.0,4
958599,3.0,4
958603,3.0,4
958607,3.0,4
958611,3.0,4
958615,3.0,4
958619,3.0,4
958623,3.0,4
958627,3.0,4
958631,3.0,4
958635,3.0,4
958639,3.0,4
958643,3.0,4
958647,3.0,4
958651,3.0,4
958655,3.0,4
958659,3.0,4
958663,3.0,4
958667,3.0,4
958671,3.0,4
958675,3.0,4
958679,3.0,4
958684,4.0,5
958688,3.0,4
958692,3.0,4
958696,3.0,4
958700,3.0,4
958704,3.0,4
958708,3.0,4
958712,3.0,4
958716,3.0,4
958720,3.0,4
958724,3.0,4
958728,3.0,4
958732,3.0,4
958736,3.0,4
958741,4.0,5
958745,3.0,4
958749,3.0,4
958753,3.0,4
958757,3.0,4
958761,3.0,4
958765,3.0,4
958769,3.0,4
958773,3.0,4
958777,3.0,4
958781,3.0,4
958785,3.0,4
958789,3.0,4
958793,3.0,4
958798,4.0,5
958802,3.0,4
958806,3.0,4
958810,3.0,4
958814,3.0,4
958818,3.0,4
958822,3.0,4
958826,3.0,4
958830,3.0,4
958834,3.0,4
958838,3.0,4
958842,3.0,4
958846,3.0,4
958850,3.0,4
958854,3.0,4
958858,3.0,4
958862,3.0,4
958867,4.0,5
958871,3.0,4
958875,3.0,4
958880,4.0,5
958884,3.0,4
958888,3.0,4
958892,3.0,4
958896,3.0,4
958900,3.0,4
958905,4.0,5
958909,3.0,4
958913,3.0,4
958917,3.0,4
958921,3.0,4
958925,3.0,4
958929,3.0,4
958933,3.0,4
958937,3.0,4
958941,3.0,4
958945,3.0,4
958950,4.0,5
958954,3.0,4
958958,3.0,4
958962,3.0,4
958966,3.0,4
958970,3.0,4
958974,3.0,4
958978,3.0,4
958982,3.0,4
958986,3.0,4
958990,3.0,4
958994,3.0,4
958998,3.0,4
959002,3.0,4
959006,3.0,4
959010,3.0,4
959014,3.0,4
959018,3.0,4
959022,3.0,4
959026,3.0,4
959030,3.0,4
959034,3.0,4
959038,3.0,4
959043,4.0,5
959047,3.0,4
959051,3.0,4
959055,3.0,4
959059,3.0,4
959064,4.0,5
959068,3.0,4
959072,3.0,4
959076,3.0,4
959080,3.0,4
959084,3.0,4
959088,3.0,4
959092,3.0,4
959096,3.0,4
959100,3.0,4
959104,3.0,4
959108,3.0,4
959112,3.0,4
959116,3.0,4
959120,3.0,4
959124,3.0,4
959128,3.0,4
959132,3.0,4
959136,3.0,4
959140,3.0,4
959144,3.0,4
959148,3.0,4
959152,3.0,4
959157,4.0,5
959161,3.0,4
959165,3.0,4
959170,4.0,5
959174,3.0,4
959178,3.0,4
959182,3.0,4
959186,3.0,4
959191,4.0,5
959195,3.0,4
959199,3.0,4
959203,3.0,4
959208,4.0,5
959213,4.0,5
959217,3.0,4
959221,3.0,4
959225,3.0,4
959229,3.0,4
959233,3.0,4
959237,3.0,4
959241,3.0,4
959246,4.0,5
959250,3.0,4
959254,3.0,4
959258,3.0,4
959263,4.0,5
959267,3.0,4
959271,3.0,4
959275,3.0,4
959279,3.0,4
959283,3.0,4
959287,3.0,4
959292,4.0,5
959297,4.0,5
959301,3.0,4
959305,3.0,4
959309,3.0,4
959314,4.0,5
959318,3.0,4
959322,3.0,4
959327,4.0,5
959331,3.0,4
959335,3.0,4
959339,3.0,4
959343,3.0,4
959347,3.0,4
959351,3.0,4
959355,3.0,4
959360,4.0,5
959364,3.0,4
959368,3.0,4
959372,3.0,4
959376,3.0,4
959380,3.0,4
959384,3.0,4
959389,4.0,5
959393,3.0,4
959397,3.0,4
959401,3.0,4
959406,4.0,5
959410,3.0,4
959415,4.0,5
959419,3.0,4
959423,3.0,4
959427,3.0,4
959431,3.0,4
959436,4.0,5
959440,3.0,4
959444,3.0,4
959448,3.0,4
959452,3.0,4
959456,3.0,4
959460,3.0,4
959464,3.0,4
959468,3.0,4
959472,3.0,4
959477,4.0,5
959482,4.0,5
959486,3.0,4
959490,3.0,4
959494,3.0,4
959498,3.0,4
959502,3.0,4
959506,3.0,4
959510,3.0,4
959514,3.0,4
959519,4.0,5
959523,3.0,4
959527,3.0,4
959532,4.0,5
959536,3.0,4
959540,3.0,4
959544,3.0,4
959548,3.0,4
959552,3.0,4
959556,3.0,4
959560,3.0,4
959565,4.0,5
959569,3.0,4
959573,3.0,4
959577,3.0,4
959581,3.0,4
959585,3.0,4
959589,3.0,4
959593,3.0,4
959597,3.0,4
959601,3.0,4
959605,3.0,4
959609,3.0,4
959613,3.0,4
959617,3.0,4
959621,3.0,4
959625,3.0,4
959629,3.0,4
959633,3.0,4
959637,3.0,4
959641,3.0,4
959645,3.0,4
959649,3.0,4
959654,4.0,5
959658,3.0,4
959662,3.0,4
959666,3.0,4
959670,3.0,4
959674,3.0,4
959678,3.0,4
959682,3.0,4
959686,3.0,4
959691,4.0,5
959695,3.0,4
959699,3.0,4
959703,3.0,4
959708,4.0,5
959712,3.0,4
959716,3.0,4
959720,3.0,4
959724,3.0,4
959728,3.0,4
959732,3.0,4
959736,3.0,4
959740,3.0,4
959744,3.0,4
959749,4.0,5
959753,3.0,4
959757,3.0,4
959761,3.0,4
959765,3.0,4
959769,3.0,4
959773,3.0,4
959777,3.0,4
959781,3.0,4
959785,3.0,4
959789,3.0,4
959793,3.0,4
959797,3.0,4
959801,3.0,4
959805,3.0,4
959810,4.0,5
959814,3.0,4
959818,3.0,4
959822,3.0,4
959826,3.0,4
959830,3.0,4
959834,3.0,4
959838,3.0,4
959842,3.0,4
959846,3.0,4
959850,3.0,4
959854,3.0,4
959858,3.0,4
959862,3.0,4
959867,4.0,5
959871,3.0,4
959875,3.0,4
959880,4.0,5
959884,3.0,4
959888,3.0,4
959892,3.0,4
959896,3.0,4
959900,3.0,4
959904,3.0,4
959908,3.0,4
959912,3.0,4
959916,3.0,4
959920,3.0,4
959924,3.0,4
959928,3.0,4
959932,3.0,4
959936,3.0,4
959940,3.0,4
959944,3.0,4
959948,3.0,4
959952,3.0,4
959956,3.0,4
959960,3.0,4
959964,3.0,4
959968,3.0,4
959972,3.0,4
959977,4.0,5
959981,3.0,4
959985,3.0,4
959989,3.0,4
959993,3.0,4
959998,4.0,5
960002,3.0,4
960006,3.0,4
960010,3.0,4
960014,3.0,4
960018,3.0,4
960023,4.0,5
960027,3.0,4
960031,3.0,4
960036,4.0,5
960041,4.0,5
960045,3.0,4
960049,3.0,4
960053,3.0,4
960057,3.0,4
960061,3.0,4
960065,3.0,4
960069,3.0,4
960073,3.0,4
960077,3.0,4
960081,3.0,4
960085,3.0,4
960089,3.0,4
960093,3.0,4
960097,3.0,4
960101,3.0,4
960105,3.0,4
960109,3.0,4
960113,3.0,4
960117,3.0,4
960121,3.0,4
960125,3.0,4
960129,3.0,4
960133,3.0,4
960137,3.0,4
960141,3.0,4
960146,4.0,5
960150,3.0,4
960154,3.0,4
960158,3.0,4
960162,3.0,4
960167,4.0,5
960172,4.0,5
960177,4.0,5
960181,3.0,4
960185,3.0,4
960189,3.0,4
960193,3.0,4
960197,3.0,4
960201,3.0,4
960206,4.0,5
960210,3.0,4
960214,3.0,4
960218,3.0,4
960222,3.0,4
960226,3.0,4
960230,3.0,4
960234,3.0,4
960238,3.0,4
960242,3.0,4
960246,3.0,4
960250,3.0,4
960255,4.0,5
960259,3.0,4
960264,4.0,5
960268,3.0,4
960272,3.0,4
960276,3.0,4
960280,3.0,4
960284,3.0,4
960288,3.0,4
960292,3.0,4
960296,3.0,4
960300,3.0,4
960304,3.0,4
960308,3.0,4
960312,3.0,4
960316,3.0,4
960320,3.0,4
960324,3.0,4
960329,4.0,5
960334,4.0,5
960338,3.0,4
960342,3.0,4
960346,3.0,4
960350,3.0,4
960354,3.0,4
960358,3.0,4
960363,4.0,5
960367,3.0,4
960371,3.0,4
960375,3.0,4
960379,3.0,4
960383,3.0,4
960387,3.0,4
960392,4.0,5
960396,3.0,4
960400,3.0,4
960404,3.0,4
960408,3.0,4
960412,3.0,4
960416,3.0,4
960420,3.0,4
960424,3.0,4
960428,3.0,4
960432,3.0,4
960436,3.0,4
960441,4.0,5
960445,3.0,4
960450,4.0,5
960454,3.0,4
960458,3.0,4
960462,3.0,4
960466,3.0,4
960470,3.0,4
960474,3.0,4
960478,3.0,4
960483,4.0,5
960487,3.0,4
960491,3.0,4
960495,3.0,4
960499,3.0,4
960503,3.0,4
960507,3.0,4
960511,3.0,4
960515,3.0,4
960519,3.0,4
960523,3.0,4
960527,3.0,4
960531,3.0,4
960535,3.0,4
960540,4.0,5
960544,3.0,4
960548,3.0,4
960552,3.0,4
960556,3.0,4
960560,3.0,4
960564,3.0,4
960568,3.0,4
960572,3.0,4
960576,3.0,4
960580,3.0,4
960584,3.0,4
960588,3.0,4
960592,3.0,4
960596,3.0,4
960600,3.0,4
960604,3.0,4
960608,3.0,4
960612,3.0,4
960616,3.0,4
960620,3.0,4
960624,3.0,4
960628,3.0,4
960632,3.0,4
960637,4.0,5
960641,3.0,4
960645,3.0,4
960649,3.0,4
960653,3.0,4
960657,3.0,4
960661,3.0,4
960665,3.0,4
960669,3.0,4
960673,3.0,4
960678,4.0,5
960682,3.0,4
960686,3.0,4
960690,3.0,4
960694,3.0,4
960698,3.0,4
960702,3.0,4
960706,3.0,4
960710,3.0,4
960714,3.0,4
960718,3.0,4
960722,3.0,4
960726,3.0,4
960730,3.0,4
960734,3.0,4
960738,3.0,4
960742,3.0,4
960746,3.0,4
960750,3.0,4
960754,3.0,4
960759,4.0,5
960763,3.0,4
960767,3.0,4
960771,3.0,4
960775,3.0,4
960780,4.0,5
960784,3.0,4
960788,3.0,4
960792,3.0,4
960796,3.0,4
960800,3.0,4
960804,3.0,4
960808,3.0,4
960812,3.0,4
960816,3.0,4
960820,3.0,4
960825,4.0,5
960829,3.0,4
960833,3.0,4
960837,3.0,4
960842,4.0,5
960846,3.0,4
960850,3.0,4
960854,3.0,4
960858,3.0,4
960862,3.0,4
960866,3.0,4
960870,3.0,4
960874,3.0,4
960878,3.0,4
960882,3.0,4
960886,3.0,4
960890,3.0,4
960894,3.0,4
960899,4.0,5
960903,3.0,4
960907,3.0,4
960911,3.0,4
960915,3.0,4
960920,4.0,5
960925,4.0,5
960929,3.0,4
960933,3.0,4
960937,3.0,4
960941,3.0,4
960945,3.0,4
960949,3.0,4
960953,3.0,4
960957,3.0,4
960961,3.0,4
960965,3.0,4
960969,3.0,4
960974,4.0,5
960979,4.0,5
960983,3.0,4
960988,4.0,5
960992,3.0,4
960996,3.0,4
961000,3.0,4
961004,3.0,4
961008,3.0,4
961012,3.0,4
961016,3.0,4
961020,3.0,4
961024,3.0,4
961028,3.0,4
961032,3.0,4
961036,3.0,4
961040,3.0,4
961044,3.0,4
961048,3.0,4
961052,3.0,4
961056,3.0,4
961060,3.0,4
961064,3.0,4
961068,3.0,4
961072,3.0,4
961076,3.0,4
961080,3.0,4
961085,4.0,5
961089,3.0,4
961093,3.0,4
961097,3.0,4
961101,3.0,4
961105,3.0,4
961109,3.0,4
961113,3.0,4
961117,3.0,4
961122,4.0,5
961126,3.0,4
961130,3.0,4
961134,3.0,4
961138,3.0,4
961142,3.0,4
961147,4.0,5
961151,3.0,4
961156,4.0,5
961160,3.0,4
961164,3.0,4
961168,3.0,4
961172,3.0,4
961176,3.0,4
961180,3.0,4
961184,3.0,4
961189,4.0,5
961193,3.0,4
961197,3.0,4
961201,3.0,4
961206,4.0,5
961210,3.0,4
961214,3.0,4
961218,3.0,4
961222,3.0,4
961226,3.0,4
961230,3.0,4
961234,3.0,4
961239,4.0,5
961243,3.0,4
961247,3.0,4
961251,3.0,4
961256,4.0,5
961260,3.0,4
961264,3.0,4
961268,3.0,4
961272,3.0,4
961276,3.0,4
961280,3.0,4
961284,3.0,4
961288,3.0,4
961292,3.0,4
961296,3.0,4
961300,3.0,4
961304,3.0,4
961308,3.0,4
961312,3.0,4
961316,3.0,4
961320,3.0,4
961324,3.0,4
961329,4.0,5
961333,3.0,4
961337,3.0,4
961342,4.0,5
961347,4.0,5
961351,3.0,4
961356,4.0,5
961360,3.0,4
961365,4.0,5
961369,3.0,4
961373,3.0,4
961377,3.0,4
961381,3.0,4
961385,3.0,4
961389,3.0,4
961393,3.0,4
961397,3.0,4
961401,3.0,4
961405,3.0,4
961409,3.0,4
961413,3.0,4
961417,3.0,4
961421,3.0,4
961425,3.0,4
961429,3.0,4
961433,3.0,4
961437,3.0,4
961441,3.0,4
961445,3.0,4
961450,4.0,5
961454,3.0,4
961458,3.0,4
961462,3.0,4
961466,3.0,4
961471,4.0,5
961475,3.0,4
961479,3.0,4
961483,3.0,4
961487,3.0,4
961491,3.0,4
961495,3.0,4
961499,3.0,4
961503,3.0,4
961508,4.0,5
961513,4.0,5
961518,4.0,5
961523,4.0,5
961527,3.0,4
961532,4.0,5
961536,3.0,4
961540,3.0,4
961544,3.0,4
961548,3.0,4
961552,3.0,4
961556,3.0,4
961561,4.0,5
961565,3.0,4
961569,3.0,4
961573,3.0,4
961577,3.0,4
961581,3.0,4
961585,3.0,4
961589,3.0,4
961593,3.0,4
961598,4.0,5
961602,3.0,4
961607,4.0,5
961612,4.0,5
961617,4.0,5
961621,3.0,4
961625,3.0,4
961629,3.0,4
961633,3.0,4
961637,3.0,4
961642,4.0,5
961647,4.0,5
961651,3.0,4
961656,4.0,5
961660,3.0,4
961664,3.0,4
961668,3.0,4
961672,3.0,4
961676,3.0,4
961680,3.0,4
961684,3.0,4
961688,3.0,4
961692,3.0,4
961696,3.0,4
961700,3.0,4
961704,3.0,4
961708,3.0,4
961713,4.0,5
961718,4.0,5
961723,4.0,5
961728,4.0,5
961732,3.0,4
961736,3.0,4
961740,3.0,4
961744,3.0,4
961748,3.0,4
961753,4.0,5
961757,3.0,4
961761,3.0,4
961765,3.0,4
961770,4.0,5
961774,3.0,4
961779,4.0,5
961783,3.0,4
961788,4.0,5
961792,3.0,4
961796,3.0,4
961800,3.0,4
961804,3.0,4
961808,3.0,4
961812,3.0,4
961816,3.0,4
961820,3.0,4
961825,4.0,5
961829,3.0,4
961833,3.0,4
961837,3.0,4
961841,3.0,4
961845,3.0,4
961849,3.0,4
961853,3.0,4
961857,3.0,4
961862,4.0,5
961866,3.0,4
961870,3.0,4
961874,3.0,4
961878,3.0,4
961882,3.0,4
961886,3.0,4
961890,3.0,4
961894,3.0,4
961898,3.0,4
961902,3.0,4
961906,3.0,4
961910,3.0,4
961914,3.0,4
961918,3.0,4
961923,4.0,5
961927,3.0,4
961931,3.0,4
961936,4.0,5
961940,3.0,4
961944,3.0,4
961949,4.0,5
961954,4.0,5
961958,3.0,4
961962,3.0,4
961966,3.0,4
961971,4.0,5
961975,3.0,4
961979,3.0,4
961983,3.0,4
961987,3.0,4
961991,3.0,4
961996,4.0,5
962000,3.0,4
962004,3.0,4
962008,3.0,4
962012,3.0,4
962016,3.0,4
962020,3.0,4
962025,4.0,5
962029,3.0,4
962034,4.0,5
962038,3.0,4
962042,3.0,4
962046,3.0,4
962050,3.0,4
962054,3.0,4
962058,3.0,4
962062,3.0,4
962066,3.0,4
962071,4.0,5
962076,4.0,5
962080,3.0,4
962084,3.0,4
962088,3.0,4
962092,3.0,4
962096,3.0,4
962101,4.0,5
962105,3.0,4
962109,3.0,4
962113,3.0,4
962117,3.0,4
962122,4.0,5
962126,3.0,4
962130,3.0,4
962134,3.0,4
962138,3.0,4
962142,3.0,4
962146,3.0,4
962151,4.0,5
962155,3.0,4
962159,3.0,4
962163,3.0,4
962168,4.0,5
962172,3.0,4
962176,3.0,4
962181,4.0,5
962185,3.0,4
962190,4.0,5
962194,3.0,4
962198,3.0,4
962202,3.0,4
962206,3.0,4
962210,3.0,4
962215,4.0,5
962219,3.0,4
962223,3.0,4
962227,3.0,4
962231,3.0,4
962236,4.0,5
962240,3.0,4
962244,3.0,4
962248,3.0,4
962252,3.0,4
962256,3.0,4
962260,3.0,4
962265,4.0,5
962269,3.0,4
962274,4.0,5
962278,3.0,4
962282,3.0,4
962286,3.0,4
962291,4.0,5
962295,3.0,4
962299,3.0,4
962303,3.0,4
962307,3.0,4
962311,3.0,4
962315,3.0,4
962319,3.0,4
962323,3.0,4
962327,3.0,4
962331,3.0,4
962335,3.0,4
962339,3.0,4
962343,3.0,4
962347,3.0,4
962352,4.0,5
962356,3.0,4
962360,3.0,4
962364,3.0,4
962368,3.0,4
962372,3.0,4
962376,3.0,4
962381,4.0,5
962385,3.0,4
962389,3.0,4
962393,3.0,4
962397,3.0,4
962401,3.0,4
962405,3.0,4
962409,3.0,4
962413,3.0,4
962417,3.0,4
962421,3.0,4
962425,3.0,4
962429,3.0,4
962433,3.0,4
962437,3.0,4
962441,3.0,4
962445,3.0,4
962449,3.0,4
962453,3.0,4
962457,3.0,4
962461,3.0,4
962465,3.0,4
962469,3.0,4
962474,4.0,5
962478,3.0,4
962482,3.0,4
962486,3.0,4
962490,3.0,4
962494,3.0,4
962498,3.0,4
962502,3.0,4
962506,3.0,4
962510,3.0,4
962514,3.0,4
962518,3.0,4
962522,3.0,4
962527,4.0,5
962532,4.0,5
962536,3.0,4
962540,3.0,4
962544,3.0,4
962548,3.0,4
962552,3.0,4
962556,3.0,4
962560,3.0,4
962564,3.0,4
962568,3.0,4
962572,3.0,4
962576,3.0,4
962580,3.0,4
962584,3.0,4
962588,3.0,4
962592,3.0,4
962596,3.0,4
962600,3.0,4
962604,3.0,4
962608,3.0,4
962612,3.0,4
962616,3.0,4
962621,4.0,5
962625,3.0,4
962629,3.0,4
962633,3.0,4
962637,3.0,4
962642,4.0,5
962646,3.0,4
962650,3.0,4
962654,3.0,4
962658,3.0,4
962662,3.0,4
962666,3.0,4
962670,3.0,4
962674,3.0,4
962678,3.0,4
962682,3.0,4
962686,3.0,4
962690,3.0,4
962694,3.0,4
962698,3.0,4
962702,3.0,4
962706,3.0,4
962710,3.0,4
962714,3.0,4
962718,3.0,4
962722,3.0,4
962726,3.0,4
962730,3.0,4
962735,4.0,5
962739,3.0,4
962743,3.0,4
962747,3.0,4
962751,3.0,4
962755,3.0,4
962759,3.0,4
962764,4.0,5
962768,3.0,4
962772,3.0,4
962776,3.0,4
962780,3.0,4
962784,3.0,4
962788,3.0,4
962792,3.0,4
962796,3.0,4
962801,4.0,5
962805,3.0,4
962809,3.0,4
962813,3.0,4
962818,4.0,5
962822,3.0,4
962826,3.0,4
962830,3.0,4
962834,3.0,4
962838,3.0,4
962842,3.0,4
962846,3.0,4
962850,3.0,4
962854,3.0,4
962859,4.0,5
962863,3.0,4
962867,3.0,4
962872,4.0,5
962876,3.0,4
962880,3.0,4
962884,3.0,4
962888,3.0,4
962892,3.0,4
962896,3.0,4
962900,3.0,4
962904,3.0,4
962908,3.0,4
962912,3.0,4
962916,3.0,4
962920,3.0,4
962924,3.0,4
962929,4.0,5
962934,4.0,5
962938,3.0,4
962942,3.0,4
962946,3.0,4
962950,3.0,4
962954,3.0,4
962958,3.0,4
962962,3.0,4
962967,4.0,5
962971,3.0,4
962975,3.0,4
962979,3.0,4
962983,3.0,4
962987,3.0,4
962991,3.0,4
962995,3.0,4
962999,3.0,4
963003,3.0,4
963007,3.0,4
963012,4.0,5
963016,3.0,4
963020,3.0,4
963024,3.0,4
963028,3.0,4
963032,3.0,4
963036,3.0,4
963040,3.0,4
963044,3.0,4
963048,3.0,4
963052,3.0,4
963056,3.0,4
963060,3.0,4
963064,3.0,4
963068,3.0,4
963072,3.0,4
963077,4.0,5
963081,3.0,4
963085,3.0,4
963089,3.0,4
963093,3.0,4
963097,3.0,4
963101,3.0,4
963105,3.0,4
963109,3.0,4
963113,3.0,4
963117,3.0,4
963122,4.0,5
963126,3.0,4
963130,3.0,4
963134,3.0,4
963138,3.0,4
963142,3.0,4
963146,3.0,4
963150,3.0,4
963154,3.0,4
963159,4.0,5
963164,4.0,5
963168,3.0,4
963172,3.0,4
963176,3.0,4
963180,3.0,4
963184,3.0,4
963188,3.0,4
963192,3.0,4
963196,3.0,4
963200,3.0,4
963204,3.0,4
963208,3.0,4
963212,3.0,4
963216,3.0,4
963220,3.0,4
963224,3.0,4
963228,3.0,4
963232,3.0,4
963236,3.0,4
963240,3.0,4
963244,3.0,4
963248,3.0,4
963252,3.0,4
963256,3.0,4
963261,4.0,5
963265,3.0,4
963270,4.0,5
963274,3.0,4
963278,3.0,4
963282,3.0,4
963286,3.0,4
963290,3.0,4
963294,3.0,4
963298,3.0,4
963302,3.0,4
963306,3.0,4
963310,3.0,4
963315,4.0,5
963320,4.0,5
963324,3.0,4
963328,3.0,4
963332,3.0,4
963336,3.0,4
963340,3.0,4
963345,4.0,5
963349,3.0,4
963353,3.0,4
963357,3.0,4
963362,4.0,5
963366,3.0,4
963370,3.0,4
963374,3.0,4
963379,4.0,5
963384,4.0,5
963388,3.0,4
963392,3.0,4
963396,3.0,4
963400,3.0,4
963404,3.0,4
963409,4.0,5
963413,3.0,4
963417,3.0,4
963421,3.0,4
963426,4.0,5
963430,3.0,4
963434,3.0,4
963438,3.0,4
963442,3.0,4
963446,3.0,4
963450,3.0,4
963454,3.0,4
963458,3.0,4
963462,3.0,4
963466,3.0,4
963470,3.0,4
963474,3.0,4
963478,3.0,4
963482,3.0,4
963487,4.0,5
963491,3.0,4
963495,3.0,4
963499,3.0,4
963503,3.0,4
963507,3.0,4
963512,4.0,5
963516,3.0,4
963521,4.0,5
963525,3.0,4
963529,3.0,4
963533,3.0,4
963537,3.0,4
963541,3.0,4
963545,3.0,4
963550,4.0,5
963554,3.0,4
963558,3.0,4
963562,3.0,4
963566,3.0,4
963570,3.0,4
963575,4.0,5
963579,3.0,4
963583,3.0,4
963587,3.0,4
963592,4.0,5
963596,3.0,4
963600,3.0,4
963604,3.0,4
963608,3.0,4
963612,3.0,4
963616,3.0,4
963621,4.0,5
963625,3.0,4
963629,3.0,4
963634,4.0,5
963638,3.0,4
963643,4.0,5
963648,4.0,5
963652,3.0,4
963656,3.0,4
963660,3.0,4
963664,3.0,4
963668,3.0,4
963672,3.0,4
963676,3.0,4
963680,3.0,4
963684,3.0,4
963689,4.0,5
963693,3.0,4
963697,3.0,4
963701,3.0,4
963705,3.0,4
963709,3.0,4
963714,4.0,5
963718,3.0,4
963722,3.0,4
963726,3.0,4
963730,3.0,4
963734,3.0,4
963738,3.0,4
963742,3.0,4
963746,3.0,4
963750,3.0,4
963754,3.0,4
963759,4.0,5
963763,3.0,4
963768,4.0,5
963772,3.0,4
963776,3.0,4
963781,4.0,5
963786,4.0,5
963790,3.0,4
963795,4.0,5
963799,3.0,4
963804,4.0,5
963808,3.0,4
963812,3.0,4
963817,4.0,5
963821,3.0,4
963825,3.0,4
963829,3.0,4
963833,3.0,4
963837,3.0,4
963841,3.0,4
963845,3.0,4
963849,3.0,4
963853,3.0,4
963857,3.0,4
963861,3.0,4
963865,3.0,4
963870,4.0,5
963874,3.0,4
963878,3.0,4
963882,3.0,4
963886,3.0,4
963890,3.0,4
963894,3.0,4
963898,3.0,4
963902,3.0,4
963906,3.0,4
963910,3.0,4
963914,3.0,4
963918,3.0,4
963922,3.0,4
963926,3.0,4
963930,3.0,4
963935,4.0,5
963939,3.0,4
963943,3.0,4
963948,4.0,5
963952,3.0,4
963957,4.0,5
963961,3.0,4
963966,4.0,5
963970,3.0,4
963974,3.0,4
963978,3.0,4
963982,3.0,4
963986,3.0,4
963990,3.0,4
963994,3.0,4
963998,3.0,4
964002,3.0,4
964006,3.0,4
964010,3.0,4
964014,3.0,4
964018,3.0,4
964022,3.0,4
964026,3.0,4
964030,3.0,4
964035,4.0,5
964039,3.0,4
964044,4.0,5
964048,3.0,4
964052,3.0,4
964056,3.0,4
964060,3.0,4
964064,3.0,4
964068,3.0,4
964072,3.0,4
964076,3.0,4
964080,3.0,4
964085,4.0,5
964089,3.0,4
964093,3.0,4
964097,3.0,4
964101,3.0,4
964106,4.0,5
964111,4.0,5
964116,4.0,5
964120,3.0,4
964124,3.0,4
964128,3.0,4
964132,3.0,4
964136,3.0,4
964140,3.0,4
964144,3.0,4
964148,3.0,4
964152,3.0,4
964156,3.0,4
964160,3.0,4
964165,4.0,5
964169,3.0,4
964173,3.0,4
964177,3.0,4
964181,3.0,4
964186,4.0,5
964190,3.0,4
964194,3.0,4
964199,4.0,5
964203,3.0,4
964207,3.0,4
964211,3.0,4
964215,3.0,4
964219,3.0,4
964224,4.0,5
964229,4.0,5
964233,3.0,4
964237,3.0,4
964241,3.0,4
964246,4.0,5
964250,3.0,4
964254,3.0,4
964258,3.0,4
964262,3.0,4
964266,3.0,4
964270,3.0,4
964274,3.0,4
964278,3.0,4
964282,3.0,4
964287,4.0,5
964291,3.0,4
964295,3.0,4
964299,3.0,4
964303,3.0,4
964307,3.0,4
964311,3.0,4
964315,3.0,4
964320,4.0,5
964324,3.0,4
964328,3.0,4
964332,3.0,4
964336,3.0,4
964340,3.0,4
964344,3.0,4
964348,3.0,4
964352,3.0,4
964356,3.0,4
964360,3.0,4
964365,4.0,5
964369,3.0,4
964373,3.0,4
964377,3.0,4
964381,3.0,4
964385,3.0,4
964389,3.0,4
964393,3.0,4
964397,3.0,4
964401,3.0,4
964405,3.0,4
964409,3.0,4
964413,3.0,4
964417,3.0,4
964421,3.0,4
964425,3.0,4
964429,3.0,4
964434,4.0,5
964438,3.0,4
964442,3.0,4
964446,3.0,4
964450,3.0,4
964454,3.0,4
964458,3.0,4
964462,3.0,4
964467,4.0,5
964471,3.0,4
964476,4.0,5
964480,3.0,4
964485,4.0,5
964489,3.0,4
964493,3.0,4
964498,4.0,5
964502,3.0,4
964507,4.0,5
964512,4.0,5
964516,3.0,4
964520,3.0,4
964524,3.0,4
964528,3.0,4
964532,3.0,4
964536,3.0,4
964540,3.0,4
964544,3.0,4
964548,3.0,4
964553,4.0,5
964558,4.0,5
964562,3.0,4
964567,4.0,5
964571,3.0,4
964575,3.0,4
964579,3.0,4
964584,4.0,5
964588,3.0,4
964592,3.0,4
964596,3.0,4
964600,3.0,4
964604,3.0,4
964608,3.0,4
964612,3.0,4
964617,4.0,5
964621,3.0,4
964625,3.0,4
964630,4.0,5
964634,3.0,4
964638,3.0,4
964642,3.0,4
964646,3.0,4
964650,3.0,4
964654,3.0,4
964658,3.0,4
964662,3.0,4
964666,3.0,4
964670,3.0,4
964674,3.0,4
964678,3.0,4
964682,3.0,4
964686,3.0,4
964690,3.0,4
964694,3.0,4
964698,3.0,4
964702,3.0,4
964707,4.0,5
964711,3.0,4
964715,3.0,4
964719,3.0,4
964723,3.0,4
964727,3.0,4
964731,3.0,4
964735,3.0,4
964739,3.0,4
964743,3.0,4
964747,3.0,4
964751,3.0,4
964755,3.0,4
964759,3.0,4
964763,3.0,4
964767,3.0,4
964771,3.0,4
964775,3.0,4
964780,4.0,5
964784,3.0,4
964788,3.0,4
964793,4.0,5
964797,3.0,4
964801,3.0,4
964805,3.0,4
964809,3.0,4
964813,3.0,4
964817,3.0,4
964821,3.0,4
964825,3.0,4
964829,3.0,4
964834,4.0,5
964838,3.0,4
964842,3.0,4
964846,3.0,4
964850,3.0,4
964854,3.0,4
964858,3.0,4
964862,3.0,4
964866,3.0,4
964870,3.0,4
964874,3.0,4
964879,4.0,5
964884,4.0,5
964888,3.0,4
964893,4.0,5
964897,3.0,4
964901,3.0,4
964905,3.0,4
964909,3.0,4
964913,3.0,4
964917,3.0,4
964921,3.0,4
964925,3.0,4
964929,3.0,4
964934,4.0,5
964938,3.0,4
964942,3.0,4
964946,3.0,4
964950,3.0,4
964954,3.0,4
964958,3.0,4
964962,3.0,4
964966,3.0,4
964970,3.0,4
964974,3.0,4
964979,4.0,5
964983,3.0,4
964988,4.0,5
964992,3.0,4
964996,3.0,4
965000,3.0,4
965004,3.0,4
965008,3.0,4
965013,4.0,5
965018,4.0,5
965022,3.0,4
965026,3.0,4
965030,3.0,4
965035,4.0,5
965039,3.0,4
965043,3.0,4
965047,3.0,4
965052,4.0,5
965056,3.0,4
965060,3.0,4
965064,3.0,4
965068,3.0,4
965072,3.0,4
965076,3.0,4
965081,4.0,5
965085,3.0,4
965090,4.0,5
965094,3.0,4
965098,3.0,4
965102,3.0,4
965106,3.0,4
965110,3.0,4
965114,3.0,4
965118,3.0,4
965123,4.0,5
965127,3.0,4
965131,3.0,4
965135,3.0,4
965139,3.0,4
965143,3.0,4
965148,4.0,5
965152,3.0,4
965156,3.0,4
965160,3.0,4
965164,3.0,4
965169,4.0,5
965173,3.0,4
965178,4.0,5
965182,3.0,4
965186,3.0,4
965190,3.0,4
965194,3.0,4
965198,3.0,4
965202,3.0,4
965206,3.0,4
965210,3.0,4
965214,3.0,4
965218,3.0,4
965222,3.0,4
965227,4.0,5
965232,4.0,5
965236,3.0,4
965240,3.0,4
965244,3.0,4
965248,3.0,4
965252,3.0,4
965256,3.0,4
965260,3.0,4
965265,4.0,5
965269,3.0,4
965273,3.0,4
965277,3.0,4
965282,4.0,5
965286,3.0,4
965290,3.0,4
965295,4.0,5
965299,3.0,4
965304,4.0,5
965308,3.0,4
965312,3.0,4
965316,3.0,4
965320,3.0,4
965325,4.0,5
965329,3.0,4
965333,3.0,4
965337,3.0,4
965341,3.0,4
965345,3.0,4
965350,4.0,5
965355,4.0,5
965359,3.0,4
965363,3.0,4
965367,3.0,4
965371,3.0,4
965375,3.0,4
965379,3.0,4
965383,3.0,4
965387,3.0,4
965391,3.0,4
965395,3.0,4
965399,3.0,4
965403,3.0,4
965407,3.0,4
965411,3.0,4
965415,3.0,4
965419,3.0,4
965423,3.0,4
965428,4.0,5
965432,3.0,4
965437,4.0,5
965441,3.0,4
965445,3.0,4
965450,4.0,5
965455,4.0,5
965459,3.0,4
965463,3.0,4
965468,4.0,5
965472,3.0,4
965476,3.0,4
965480,3.0,4
965485,4.0,5
965489,3.0,4
965493,3.0,4
965497,3.0,4
965501,3.0,4
965505,3.0,4
965510,4.0,5
965514,3.0,4
965518,3.0,4
965522,3.0,4
965526,3.0,4
965530,3.0,4
965535,4.0,5
965539,3.0,4
965543,3.0,4
965547,3.0,4
965551,3.0,4
965556,4.0,5
965560,3.0,4
965564,3.0,4
965568,3.0,4
965573,4.0,5
965577,3.0,4
965581,3.0,4
965585,3.0,4
965589,3.0,4
965593,3.0,4
965597,3.0,4
965601,3.0,4
965605,3.0,4
965609,3.0,4
965613,3.0,4
965617,3.0,4
965621,3.0,4
965625,3.0,4
965630,4.0,5
965634,3.0,4
965639,4.0,5
965643,3.0,4
965647,3.0,4
965651,3.0,4
965655,3.0,4
965659,3.0,4
965663,3.0,4
965667,3.0,4
965671,3.0,4
965675,3.0,4
965679,3.0,4
965683,3.0,4
965687,3.0,4
965691,3.0,4
965695,3.0,4
965699,3.0,4
965703,3.0,4
965707,3.0,4
965711,3.0,4
965715,3.0,4
965719,3.0,4
965723,3.0,4
965728,4.0,5
965732,3.0,4
965736,3.0,4
965740,3.0,4
965744,3.0,4
965748,3.0,4
965752,3.0,4
965757,4.0,5
965761,3.0,4
965766,4.0,5
965770,3.0,4
965774,3.0,4
965778,3.0,4
965782,3.0,4
965787,4.0,5
965791,3.0,4
965795,3.0,4
965799,3.0,4
965803,3.0,4
965807,3.0,4
965811,3.0,4
965815,3.0,4
965819,3.0,4
965823,3.0,4
965827,3.0,4
965831,3.0,4
965835,3.0,4
965840,4.0,5
965845,4.0,5
965849,3.0,4
965853,3.0,4
965857,3.0,4
965861,3.0,4
965865,3.0,4
965869,3.0,4
965873,3.0,4
965878,4.0,5
965882,3.0,4
965886,3.0,4
965890,3.0,4
965895,4.0,5
965899,3.0,4
965903,3.0,4
965907,3.0,4
965911,3.0,4
965916,4.0,5
965920,3.0,4
965924,3.0,4
965929,4.0,5
965934,4.0,5
965938,3.0,4
965942,3.0,4
965946,3.0,4
965950,3.0,4
965955,4.0,5
965960,4.0,5
965964,3.0,4
965968,3.0,4
965972,3.0,4
965976,3.0,4
965980,3.0,4
965984,3.0,4
965988,3.0,4
965992,3.0,4
965996,3.0,4
966000,3.0,4
966004,3.0,4
966008,3.0,4
966012,3.0,4
966017,4.0,5
966021,3.0,4
966025,3.0,4
966029,3.0,4
966033,3.0,4
966037,3.0,4
966041,3.0,4
966045,3.0,4
966049,3.0,4
966053,3.0,4
966057,3.0,4
966062,4.0,5
966066,3.0,4
966070,3.0,4
966074,3.0,4
966078,3.0,4
966082,3.0,4
966086,3.0,4
966090,3.0,4
966094,3.0,4
966099,4.0,5
966104,4.0,5
966108,3.0,4
966112,3.0,4
966116,3.0,4
966120,3.0,4
966124,3.0,4
966128,3.0,4
966132,3.0,4
966136,3.0,4
966141,4.0,5
966145,3.0,4
966149,3.0,4
966153,3.0,4
966157,3.0,4
966161,3.0,4
966165,3.0,4
966169,3.0,4
966173,3.0,4
966177,3.0,4
966181,3.0,4
966185,3.0,4
966189,3.0,4
966193,3.0,4
966197,3.0,4
966201,3.0,4
966205,3.0,4
966209,3.0,4
966213,3.0,4
966218,4.0,5
966222,3.0,4
966226,3.0,4
966230,3.0,4
966234,3.0,4
966239,4.0,5
966244,4.0,5
966248,3.0,4
966252,3.0,4
966256,3.0,4
966260,3.0,4
966264,3.0,4
966268,3.0,4
966272,3.0,4
966276,3.0,4
966281,4.0,5
966285,3.0,4
966289,3.0,4
966294,4.0,5
966298,3.0,4
966302,3.0,4
966307,4.0,5
966311,3.0,4
966315,3.0,4
966319,3.0,4
966323,3.0,4
966327,3.0,4
966331,3.0,4
966335,3.0,4
966339,3.0,4
966343,3.0,4
966347,3.0,4
966351,3.0,4
966355,3.0,4
966359,3.0,4
966363,3.0,4
966367,3.0,4
966371,3.0,4
966375,3.0,4
966379,3.0,4
966383,3.0,4
966388,4.0,5
966392,3.0,4
966397,4.0,5
966401,3.0,4
966406,4.0,5
966410,3.0,4
966414,3.0,4
966418,3.0,4
966422,3.0,4
966426,3.0,4
966430,3.0,4
966434,3.0,4
966438,3.0,4
966442,3.0,4
966446,3.0,4
966450,3.0,4
966454,3.0,4
966458,3.0,4
966462,3.0,4
966466,3.0,4
966470,3.0,4
966474,3.0,4
966478,3.0,4
966482,3.0,4
966486,3.0,4
966490,3.0,4
966494,3.0,4
966498,3.0,4
966503,4.0,5
966507,3.0,4
966511,3.0,4
966516,4.0,5
966520,3.0,4
966524,3.0,4
966529,4.0,5
966533,3.0,4
966537,3.0,4
966541,3.0,4
966545,3.0,4
966549,3.0,4
966553,3.0,4
966557,3.0,4
966562,4.0,5
966566,3.0,4
966570,3.0,4
966574,3.0,4
966578,3.0,4
966582,3.0,4
966586,3.0,4
966590,3.0,4
966594,3.0,4
966598,3.0,4
966602,3.0,4
966606,3.0,4
966610,3.0,4
966614,3.0,4
966618,3.0,4
966623,4.0,5
966627,3.0,4
966631,3.0,4
966635,3.0,4
966639,3.0,4
966643,3.0,4
966647,3.0,4
966651,3.0,4
966655,3.0,4
966659,3.0,4
966663,3.0,4
966667,3.0,4
966671,3.0,4
966675,3.0,4
966679,3.0,4
966683,3.0,4
966687,3.0,4
966691,3.0,4
966695,3.0,4
966699,3.0,4
966703,3.0,4
966707,3.0,4
966711,3.0,4
966716,4.0,5
966720,3.0,4
966724,3.0,4
966728,3.0,4
966733,4.0,5
966737,3.0,4
966742,4.0,5
966747,4.0,5
966751,3.0,4
966755,3.0,4
966760,4.0,5
966764,3.0,4
966768,3.0,4
966773,4.0,5
966777,3.0,4
966781,3.0,4
966785,3.0,4
966789,3.0,4
966793,3.0,4
966797,3.0,4
966801,3.0,4
966805,3.0,4
966809,3.0,4
966813,3.0,4
966817,3.0,4
966821,3.0,4
966825,3.0,4
966829,3.0,4
966833,3.0,4
966837,3.0,4
966841,3.0,4
966845,3.0,4
966849,3.0,4
966853,3.0,4
966857,3.0,4
966861,3.0,4
966865,3.0,4
966869,3.0,4
966873,3.0,4
966877,3.0,4
966882,4.0,5
966887,4.0,5
966891,3.0,4
966896,4.0,5
966900,3.0,4
966904,3.0,4
966909,4.0,5
966913,3.0,4
966917,3.0,4
966921,3.0,4
966925,3.0,4
966930,4.0,5
966934,3.0,4
966938,3.0,4
966943,4.0,5
966948,4.0,5
966952,3.0,4
966956,3.0,4
966960,3.0,4
966964,3.0,4
966968,3.0,4
966972,3.0,4
966977,4.0,5
966982,4.0,5
966986,3.0,4
966990,3.0,4
966994,3.0,4
966998,3.0,4
967002,3.0,4
967006,3.0,4
967010,3.0,4
967014,3.0,4
967018,3.0,4
967022,3.0,4
967027,4.0,5
967031,3.0,4
967035,3.0,4
967039,3.0,4
967044,4.0,5
967048,3.0,4
967052,3.0,4
967056,3.0,4
967060,3.0,4
967064,3.0,4
967068,3.0,4
967072,3.0,4
967076,3.0,4
967080,3.0,4
967084,3.0,4
967088,3.0,4
967092,3.0,4
967096,3.0,4
967100,3.0,4
967104,3.0,4
967108,3.0,4
967112,3.0,4
967116,3.0,4
967121,4.0,5
967125,3.0,4
967129,3.0,4
967133,3.0,4
967138,4.0,5
967142,3.0,4
967147,4.0,5
967151,3.0,4
967155,3.0,4
967159,3.0,4
967163,3.0,4
967167,3.0,4
967171,3.0,4
967175,3.0,4
967180,4.0,5
967184,3.0,4
967188,3.0,4
967192,3.0,4
967196,3.0,4
967200,3.0,4
967204,3.0,4
967208,3.0,4
967212,3.0,4
967216,3.0,4
967220,3.0,4
967224,3.0,4
967228,3.0,4
967233,4.0,5
967238,4.0,5
967242,3.0,4
967246,3.0,4
967250,3.0,4
967255,4.0,5
967260,4.0,5
967264,3.0,4
967268,3.0,4
967272,3.0,4
967276,3.0,4
967280,3.0,4
967284,3.0,4
967289,4.0,5
967293,3.0,4
967297,3.0,4
967301,3.0,4
967305,3.0,4
967309,3.0,4
967313,3.0,4
967318,4.0,5
967322,3.0,4
967326,3.0,4
967330,3.0,4
967334,3.0,4
967339,4.0,5
967343,3.0,4
967347,3.0,4
967351,3.0,4
967355,3.0,4
967359,3.0,4
967363,3.0,4
967367,3.0,4
967371,3.0,4
967375,3.0,4
967379,3.0,4
967383,3.0,4
967387,3.0,4
967391,3.0,4
967395,3.0,4
967399,3.0,4
967403,3.0,4
967407,3.0,4
967412,4.0,5
967416,3.0,4
967420,3.0,4
967424,3.0,4
967428,3.0,4
967432,3.0,4
967436,3.0,4
967440,3.0,4
967445,4.0,5
967449,3.0,4
967453,3.0,4
967458,4.0,5
967462,3.0,4
967467,4.0,5
967471,3.0,4
967475,3.0,4
967479,3.0,4
967484,4.0,5
967488,3.0,4
967492,3.0,4
967497,4.0,5
967502,4.0,5
967506,3.0,4
967510,3.0,4
967514,3.0,4
967518,3.0,4
967523,4.0,5
967527,3.0,4
967531,3.0,4
967535,3.0,4
967539,3.0,4
967543,3.0,4
967547,3.0,4
967551,3.0,4
967555,3.0,4
967559,3.0,4
967563,3.0,4
967567,3.0,4
967571,3.0,4
967575,3.0,4
967579,3.0,4
967583,3.0,4
967588,4.0,5
967592,3.0,4
967597,4.0,5
967601,3.0,4
967606,4.0,5
967611,4.0,5
967615,3.0,4
967619,3.0,4
967623,3.0,4
967628,4.0,5
967632,3.0,4
967636,3.0,4
967640,3.0,4
967644,3.0,4
967648,3.0,4
967652,3.0,4
967656,3.0,4
967660,3.0,4
967664,3.0,4
967668,3.0,4
967672,3.0,4
967676,3.0,4
967680,3.0,4
967684,3.0,4
967688,3.0,4
967692,3.0,4
967696,3.0,4
967700,3.0,4
967704,3.0,4
967708,3.0,4
967712,3.0,4
967716,3.0,4
967720,3.0,4
967725,4.0,5
967730,4.0,5
967734,3.0,4
967738,3.0,4
967742,3.0,4
967746,3.0,4
967750,3.0,4
967754,3.0,4
967758,3.0,4
967762,3.0,4
967766,3.0,4
967770,3.0,4
967774,3.0,4
967778,3.0,4
967782,3.0,4
967786,3.0,4
967790,3.0,4
967794,3.0,4
967799,4.0,5
967803,3.0,4
967807,3.0,4
967811,3.0,4
967815,3.0,4
967819,3.0,4
967823,3.0,4
967828,4.0,5
967832,3.0,4
967836,3.0,4
967840,3.0,4
967844,3.0,4
967849,4.0,5
967853,3.0,4
967857,3.0,4
967861,3.0,4
967866,4.0,5
967870,3.0,4
967874,3.0,4
967879,4.0,5
967883,3.0,4
967887,3.0,4
967891,3.0,4
967896,4.0,5
967900,3.0,4
967904,3.0,4
967909,4.0,5
967913,3.0,4
967917,3.0,4
967921,3.0,4
967925,3.0,4
967929,3.0,4
967933,3.0,4
967937,3.0,4
967941,3.0,4
967945,3.0,4
967949,3.0,4
967953,3.0,4
967958,4.0,5
967962,3.0,4
967966,3.0,4
967971,4.0,5
967975,3.0,4
967979,3.0,4
967983,3.0,4
967987,3.0,4
967991,3.0,4
967995,3.0,4
967999,3.0,4
968003,3.0,4
968007,3.0,4
968011,3.0,4
968015,3.0,4
968019,3.0,4
968023,3.0,4
968027,3.0,4
968031,3.0,4
968036,4.0,5
968041,4.0,5
968045,3.0,4
968049,3.0,4
968053,3.0,4
968057,3.0,4
968061,3.0,4
968065,3.0,4
968069,3.0,4
968073,3.0,4
968078,4.0,5
968082,3.0,4
968086,3.0,4
968090,3.0,4
968095,4.0,5
968099,3.0,4
968104,4.0,5
968109,4.0,5
968113,3.0,4
968117,3.0,4
968121,3.0,4
968125,3.0,4
968129,3.0,4
968133,3.0,4
968137,3.0,4
968141,3.0,4
968145,3.0,4
968149,3.0,4
968153,3.0,4
968157,3.0,4
968161,3.0,4
968166,4.0,5
968170,3.0,4
968174,3.0,4
968178,3.0,4
968182,3.0,4
968186,3.0,4
968190,3.0,4
968194,3.0,4
968198,3.0,4
968202,3.0,4
968206,3.0,4
968210,3.0,4
968214,3.0,4
968218,3.0,4
968223,4.0,5
968227,3.0,4
968232,4.0,5
968236,3.0,4
968240,3.0,4
968245,4.0,5
968249,3.0,4
968253,3.0,4
968257,3.0,4
968261,3.0,4
968265,3.0,4
968269,3.0,4
968273,3.0,4
968277,3.0,4
968281,3.0,4
968286,4.0,5
968290,3.0,4
968294,3.0,4
968298,3.0,4
968303,4.0,5
968307,3.0,4
968311,3.0,4
968315,3.0,4
968319,3.0,4
968323,3.0,4
968327,3.0,4
968331,3.0,4
968335,3.0,4
968340,4.0,5
968344,3.0,4
968348,3.0,4
968352,3.0,4
968357,4.0,5
968361,3.0,4
968366,4.0,5
968370,3.0,4
968375,4.0,5
968380,4.0,5
968384,3.0,4
968388,3.0,4
968392,3.0,4
968396,3.0,4
968400,3.0,4
968404,3.0,4
968408,3.0,4
968412,3.0,4
968416,3.0,4
968421,4.0,5
968425,3.0,4
968429,3.0,4
968433,3.0,4
968437,3.0,4
968441,3.0,4
968445,3.0,4
968449,3.0,4
968454,4.0,5
968458,3.0,4
968462,3.0,4
968466,3.0,4
968470,3.0,4
968474,3.0,4
968479,4.0,5
968484,4.0,5
968488,3.0,4
968492,3.0,4
968496,3.0,4
968500,3.0,4
968504,3.0,4
968508,3.0,4
968512,3.0,4
968516,3.0,4
968521,4.0,5
968525,3.0,4
968529,3.0,4
968533,3.0,4
968537,3.0,4
968541,3.0,4
968545,3.0,4
968549,3.0,4
968554,4.0,5
968559,4.0,5
968563,3.0,4
968567,3.0,4
968571,3.0,4
968575,3.0,4
968579,3.0,4
968584,4.0,5
968588,3.0,4
968592,3.0,4
968596,3.0,4
968600,3.0,4
968604,3.0,4
968608,3.0,4
968612,3.0,4
968616,3.0,4
968620,3.0,4
968624,3.0,4
968628,3.0,4
968633,4.0,5
968637,3.0,4
968641,3.0,4
968645,3.0,4
968649,3.0,4
968653,3.0,4
968657,3.0,4
968661,3.0,4
968666,4.0,5
968670,3.0,4
968674,3.0,4
968679,4.0,5
968683,3.0,4
968687,3.0,4
968691,3.0,4
968695,3.0,4
968699,3.0,4
968703,3.0,4
968707,3.0,4
968712,4.0,5
968716,3.0,4
968720,3.0,4
968724,3.0,4
968728,3.0,4
968732,3.0,4
968736,3.0,4
968740,3.0,4
968744,3.0,4
968748,3.0,4
968753,4.0,5
968757,3.0,4
968761,3.0,4
968765,3.0,4
968769,3.0,4
968773,3.0,4
968777,3.0,4
968781,3.0,4
968785,3.0,4
968790,4.0,5
968794,3.0,4
968798,3.0,4
968802,3.0,4
968806,3.0,4
968810,3.0,4
968814,3.0,4
968818,3.0,4
968822,3.0,4
968826,3.0,4
968830,3.0,4
968834,3.0,4
968838,3.0,4
968842,3.0,4
968846,3.0,4
968850,3.0,4
968855,4.0,5
968859,3.0,4
968863,3.0,4
968867,3.0,4
968871,3.0,4
968875,3.0,4
968879,3.0,4
968883,3.0,4
968887,3.0,4
968891,3.0,4
968895,3.0,4
968899,3.0,4
968903,3.0,4
968907,3.0,4
968911,3.0,4
968916,4.0,5
968920,3.0,4
968925,4.0,5
968929,3.0,4
968933,3.0,4
968938,4.0,5
968942,3.0,4
968946,3.0,4
968950,3.0,4
968954,3.0,4
968958,3.0,4
968962,3.0,4
968966,3.0,4
968971,4.0,5
968975,3.0,4
968979,3.0,4
968983,3.0,4
968987,3.0,4
968991,3.0,4
968995,3.0,4
968999,3.0,4
969003,3.0,4
969007,3.0,4
969011,3.0,4
969015,3.0,4
969020,4.0,5
969024,3.0,4
969028,3.0,4
969032,3.0,4
969036,3.0,4
969040,3.0,4
969044,3.0,4
969048,3.0,4
969052,3.0,4
969057,4.0,5
969061,3.0,4
969065,3.0,4
969069,3.0,4
969073,3.0,4
969077,3.0,4
969081,3.0,4
969085,3.0,4
969089,3.0,4
969093,3.0,4
969098,4.0,5
969102,3.0,4
969106,3.0,4
969110,3.0,4
969114,3.0,4
969118,3.0,4
969122,3.0,4
969126,3.0,4
969131,4.0,5
969135,3.0,4
969139,3.0,4
969143,3.0,4
969148,4.0,5
969152,3.0,4
969156,3.0,4
969160,3.0,4
969164,3.0,4
969168,3.0,4
969172,3.0,4
969176,3.0,4
969180,3.0,4
969184,3.0,4
969188,3.0,4
969192,3.0,4
969196,3.0,4
969200,3.0,4
969204,3.0,4
969208,3.0,4
969212,3.0,4
969217,4.0,5
969221,3.0,4
969226,4.0,5
969230,3.0,4
969234,3.0,4
969238,3.0,4
969242,3.0,4
969246,3.0,4
969250,3.0,4
969254,3.0,4
969258,3.0,4
969262,3.0,4
969266,3.0,4
969270,3.0,4
969275,4.0,5
969280,4.0,5
969285,4.0,5
969289,3.0,4
969293,3.0,4
969297,3.0,4
969301,3.0,4
969305,3.0,4
969309,3.0,4
969313,3.0,4
969317,3.0,4
969321,3.0,4
969326,4.0,5
969331,4.0,5
969335,3.0,4
969339,3.0,4
969343,3.0,4
969347,3.0,4
969351,3.0,4
969355,3.0,4
969359,3.0,4
969363,3.0,4
969367,3.0,4
969371,3.0,4
969375,3.0,4
969379,3.0,4
969383,3.0,4
969388,4.0,5
969392,3.0,4
969396,3.0,4
969400,3.0,4
969404,3.0,4
969408,3.0,4
969412,3.0,4
969416,3.0,4
969420,3.0,4
969424,3.0,4
969428,3.0,4
969432,3.0,4
969437,4.0,5
969441,3.0,4
969445,3.0,4
969449,3.0,4
969453,3.0,4
969458,4.0,5
969462,3.0,4
969466,3.0,4
969470,3.0,4
969474,3.0,4
969478,3.0,4
969482,3.0,4
969486,3.0,4
969490,3.0,4
969494,3.0,4
969498,3.0,4
969502,3.0,4
969506,3.0,4
969510,3.0,4
969514,3.0,4
969518,3.0,4
969522,3.0,4
969526,3.0,4
969531,4.0,5
969535,3.0,4
969539,3.0,4
969543,3.0,4
969547,3.0,4
969551,3.0,4
969555,3.0,4
969559,3.0,4
969563,3.0,4
969567,3.0,4
969571,3.0,4
969575,3.0,4
969579,3.0,4
969583,3.0,4
969587,3.0,4
969591,3.0,4
969595,3.0,4
969599,3.0,4
969603,3.0,4
969607,3.0,4
969611,3.0,4
969615,3.0,4
969619,3.0,4
969623,3.0,4
969627,3.0,4
969631,3.0,4
969635,3.0,4
969639,3.0,4
969644,4.0,5
969649,4.0,5
969653,3.0,4
969657,3.0,4
969661,3.0,4
969665,3.0,4
969669,3.0,4
969674,4.0,5
969678,3.0,4
969682,3.0,4
969686,3.0,4
969691,4.0,5
969695,3.0,4
969699,3.0,4
969703,3.0,4
969707,3.0,4
969711,3.0,4
969715,3.0,4
969719,3.0,4
969723,3.0,4
969727,3.0,4
969732,4.0,5
969736,3.0,4
969740,3.0,4
969744,3.0,4
969748,3.0,4
969752,3.0,4
969757,4.0,5
969761,3.0,4
969765,3.0,4
969769,3.0,4
969773,3.0,4
969777,3.0,4
969781,3.0,4
969785,3.0,4
969789,3.0,4
969793,3.0,4
969797,3.0,4
969801,3.0,4
969805,3.0,4
969810,4.0,5
969814,3.0,4
969818,3.0,4
969822,3.0,4
969826,3.0,4
969830,3.0,4
969834,3.0,4
969838,3.0,4
969842,3.0,4
969847,4.0,5
969851,3.0,4
969855,3.0,4
969859,3.0,4
969863,3.0,4
969867,3.0,4
969871,3.0,4
969875,3.0,4
969879,3.0,4
969883,3.0,4
969887,3.0,4
969891,3.0,4
969895,3.0,4
969899,3.0,4
969904,4.0,5
969908,3.0,4
969912,3.0,4
969916,3.0,4
969920,3.0,4
969925,4.0,5
969929,3.0,4
969933,3.0,4
969937,3.0,4
969941,3.0,4
969945,3.0,4
969950,4.0,5
969954,3.0,4
969958,3.0,4
969962,3.0,4
969966,3.0,4
969970,3.0,4
969974,3.0,4
969978,3.0,4
969982,3.0,4
969987,4.0,5
969991,3.0,4
969996,4.0,5
970000,3.0,4
970004,3.0,4
970008,3.0,4
970012,3.0,4
970016,3.0,4
970020,3.0,4
970024,3.0,4
970028,3.0,4
970032,3.0,4
970036,3.0,4
970040,3.0,4
970044,3.0,4
970048,3.0,4
970052,3.0,4
970056,3.0,4
970061,4.0,5
970065,3.0,4
970069,3.0,4
970074,4.0,5
970079,4.0,5
970084,4.0,5
970089,4.0,5
970093,3.0,4
970097,3.0,4
970101,3.0,4
970105,3.0,4
970110,4.0,5
970114,3.0,4
970118,3.0,4
970122,3.0,4
970126,3.0,4
970131,4.0,5
970135,3.0,4
970139,3.0,4
970143,3.0,4
970147,3.0,4
970151,3.0,4
970155,3.0,4
970159,3.0,4
970163,3.0,4
970167,3.0,4
970171,3.0,4
970175,3.0,4
970179,3.0,4
970183,3.0,4
970187,3.0,4
970191,3.0,4
970195,3.0,4
970199,3.0,4
970203,3.0,4
970207,3.0,4
970212,4.0,5
970216,3.0,4
970220,3.0,4
970224,3.0,4
970228,3.0,4
970233,4.0,5
970237,3.0,4
970241,3.0,4
970245,3.0,4
970249,3.0,4
970253,3.0,4
970258,4.0,5
970262,3.0,4
970266,3.0,4
970271,4.0,5
970275,3.0,4
970279,3.0,4
970283,3.0,4
970287,3.0,4
970291,3.0,4
970296,4.0,5
970300,3.0,4
970304,3.0,4
970308,3.0,4
970312,3.0,4
970316,3.0,4
970321,4.0,5
970325,3.0,4
970329,3.0,4
970333,3.0,4
970337,3.0,4
970341,3.0,4
970345,3.0,4
970349,3.0,4
970353,3.0,4
970357,3.0,4
970361,3.0,4
970365,3.0,4
970369,3.0,4
970374,4.0,5
970378,3.0,4
970382,3.0,4
970386,3.0,4
970390,3.0,4
970394,3.0,4
970398,3.0,4
970402,3.0,4
970406,3.0,4
970410,3.0,4
970414,3.0,4
970419,4.0,5
970423,3.0,4
970428,4.0,5
970432,3.0,4
970436,3.0,4
970440,3.0,4
970444,3.0,4
970448,3.0,4
970452,3.0,4
970456,3.0,4
970460,3.0,4
970464,3.0,4
970468,3.0,4
970472,3.0,4
970477,4.0,5
970481,3.0,4
970485,3.0,4
970489,3.0,4
970493,3.0,4
970497,3.0,4
970501,3.0,4
970505,3.0,4
970509,3.0,4
970513,3.0,4
970518,4.0,5
970522,3.0,4
970526,3.0,4
970530,3.0,4
970534,3.0,4
970538,3.0,4
970542,3.0,4
970546,3.0,4
970550,3.0,4
970554,3.0,4
970558,3.0,4
970562,3.0,4
970567,4.0,5
970571,3.0,4
970575,3.0,4
970579,3.0,4
970583,3.0,4
970587,3.0,4
970591,3.0,4
970595,3.0,4
970600,4.0,5
970605,4.0,5
970609,3.0,4
970613,3.0,4
970617,3.0,4
970621,3.0,4
970625,3.0,4
970629,3.0,4
970633,3.0,4
970637,3.0,4
970641,3.0,4
970645,3.0,4
970650,4.0,5
970654,3.0,4
970658,3.0,4
970662,3.0,4
970666,3.0,4
970670,3.0,4
970674,3.0,4
970678,3.0,4
970682,3.0,4
970686,3.0,4
970690,3.0,4
970694,3.0,4
970699,4.0,5
970703,3.0,4
970707,3.0,4
970711,3.0,4
970715,3.0,4
970719,3.0,4
970723,3.0,4
970727,3.0,4
970731,3.0,4
970735,3.0,4
970739,3.0,4
970743,3.0,4
970747,3.0,4
970751,3.0,4
970755,3.0,4
970759,3.0,4
970763,3.0,4
970767,3.0,4
970771,3.0,4
970775,3.0,4
970779,3.0,4
970783,3.0,4
970787,3.0,4
970791,3.0,4
970795,3.0,4
970799,3.0,4
970803,3.0,4
970807,3.0,4
970811,3.0,4
970816,4.0,5
970820,3.0,4
970824,3.0,4
970828,3.0,4
970832,3.0,4
970836,3.0,4
970840,3.0,4
970844,3.0,4
970849,4.0,5
970853,3.0,4
970857,3.0,4
970861,3.0,4
970865,3.0,4
970869,3.0,4
970873,3.0,4
970878,4.0,5
970882,3.0,4
970886,3.0,4
970890,3.0,4
970894,3.0,4
970898,3.0,4
970902,3.0,4
970906,3.0,4
970910,3.0,4
970914,3.0,4
970918,3.0,4
970922,3.0,4
970926,3.0,4
970930,3.0,4
970934,3.0,4
970939,4.0,5
970943,3.0,4
970947,3.0,4
970951,3.0,4
970955,3.0,4
970959,3.0,4
970963,3.0,4
970967,3.0,4
970971,3.0,4
970975,3.0,4
970979,3.0,4
970983,3.0,4
970987,3.0,4
970991,3.0,4
970995,3.0,4
970999,3.0,4
971003,3.0,4
971007,3.0,4
971011,3.0,4
971015,3.0,4
971019,3.0,4
971024,4.0,5
971028,3.0,4
971032,3.0,4
971036,3.0,4
971040,3.0,4
971044,3.0,4
971049,4.0,5
971053,3.0,4
971058,4.0,5
971062,3.0,4
971066,3.0,4
971070,3.0,4
971074,3.0,4
971078,3.0,4
971082,3.0,4
971086,3.0,4
971090,3.0,4
971094,3.0,4
971098,3.0,4
971102,3.0,4
971106,3.0,4
971111,4.0,5
971115,3.0,4
971119,3.0,4
971123,3.0,4
971127,3.0,4
971131,3.0,4
971135,3.0,4
971139,3.0,4
971143,3.0,4
971147,3.0,4
971151,3.0,4
971155,3.0,4
971160,4.0,5
971164,3.0,4
971168,3.0,4
971172,3.0,4
971176,3.0,4
971181,4.0,5
971185,3.0,4
971190,4.0,5
971195,4.0,5
971199,3.0,4
971203,3.0,4
971207,3.0,4
971211,3.0,4
971215,3.0,4
971219,3.0,4
971224,4.0,5
971228,3.0,4
971232,3.0,4
971236,3.0,4
971241,4.0,5
971246,4.0,5
971250,3.0,4
971255,4.0,5
971259,3.0,4
971263,3.0,4
971267,3.0,4
971271,3.0,4
971275,3.0,4
971279,3.0,4
971284,4.0,5
971288,3.0,4
971292,3.0,4
971297,4.0,5
971301,3.0,4
971305,3.0,4
971309,3.0,4
971314,4.0,5
971319,4.0,5
971323,3.0,4
971328,4.0,5
971332,3.0,4
971336,3.0,4
971340,3.0,4
971344,3.0,4
971348,3.0,4
971352,3.0,4
971356,3.0,4
971360,3.0,4
971364,3.0,4
971368,3.0,4
971372,3.0,4
971376,3.0,4
971380,3.0,4
971384,3.0,4
971388,3.0,4
971392,3.0,4
971396,3.0,4
971400,3.0,4
971405,4.0,5
971409,3.0,4
971413,3.0,4
971417,3.0,4
971421,3.0,4
971426,4.0,5
971430,3.0,4
971434,3.0,4
971438,3.0,4
971442,3.0,4
971446,3.0,4
971450,3.0,4
971454,3.0,4
971458,3.0,4
971462,3.0,4
971466,3.0,4
971470,3.0,4
971475,4.0,5
971479,3.0,4
971483,3.0,4
971487,3.0,4
971491,3.0,4
971495,3.0,4
971500,4.0,5
971504,3.0,4
971508,3.0,4
971513,4.0,5
971517,3.0,4
971521,3.0,4
971526,4.0,5
971531,4.0,5
971535,3.0,4
971539,3.0,4
971543,3.0,4
971547,3.0,4
971551,3.0,4
971555,3.0,4
971559,3.0,4
971563,3.0,4
971567,3.0,4
971571,3.0,4
971575,3.0,4
971579,3.0,4
971583,3.0,4
971587,3.0,4
971592,4.0,5
971596,3.0,4
971600,3.0,4
971604,3.0,4
971608,3.0,4
971613,4.0,5
971617,3.0,4
971621,3.0,4
971625,3.0,4
971629,3.0,4
971633,3.0,4
971637,3.0,4
971642,4.0,5
971646,3.0,4
971650,3.0,4
971654,3.0,4
971658,3.0,4
971662,3.0,4
971666,3.0,4
971670,3.0,4
971674,3.0,4
971678,3.0,4
971682,3.0,4
971686,3.0,4
971690,3.0,4
971694,3.0,4
971698,3.0,4
971702,3.0,4
971707,4.0,5
971711,3.0,4
971715,3.0,4
971719,3.0,4
971723,3.0,4
971727,3.0,4
971731,3.0,4
971735,3.0,4
971739,3.0,4
971743,3.0,4
971748,4.0,5
971752,3.0,4
971756,3.0,4
971760,3.0,4
971764,3.0,4
971768,3.0,4
971772,3.0,4
971776,3.0,4
971780,3.0,4
971784,3.0,4
971788,3.0,4
971792,3.0,4
971796,3.0,4
971800,3.0,4
971804,3.0,4
971809,4.0,5
971813,3.0,4
971817,3.0,4
971821,3.0,4
971825,3.0,4
971829,3.0,4
971833,3.0,4
971837,3.0,4
971841,3.0,4
971845,3.0,4
971849,3.0,4
971853,3.0,4
971857,3.0,4
971861,3.0,4
971865,3.0,4
971869,3.0,4
971873,3.0,4
971877,3.0,4
971881,3.0,4
971885,3.0,4
971889,3.0,4
971893,3.0,4
971897,3.0,4
971901,3.0,4
971905,3.0,4
971909,3.0,4
971913,3.0,4
971917,3.0,4
971921,3.0,4
971925,3.0,4
971929,3.0,4
971933,3.0,4
971937,3.0,4
971941,3.0,4
971945,3.0,4
971949,3.0,4
971953,3.0,4
971958,4.0,5
971962,3.0,4
971966,3.0,4
971970,3.0,4
971974,3.0,4
971978,3.0,4
971982,3.0,4
971986,3.0,4
971991,4.0,5
971995,3.0,4
972000,4.0,5
972004,3.0,4
972009,4.0,5
972013,3.0,4
972017,3.0,4
972021,3.0,4
972025,3.0,4
972029,3.0,4
972033,3.0,4
972037,3.0,4
972041,3.0,4
972045,3.0,4
972049,3.0,4
972053,3.0,4
972057,3.0,4
972061,3.0,4
972065,3.0,4
972069,3.0,4
972073,3.0,4
972077,3.0,4
972081,3.0,4
972085,3.0,4
972089,3.0,4
972093,3.0,4
972097,3.0,4
972101,3.0,4
972105,3.0,4
972109,3.0,4
972113,3.0,4
972117,3.0,4
972121,3.0,4
972126,4.0,5
972131,4.0,5
972135,3.0,4
972139,3.0,4
972143,3.0,4
972148,4.0,5
972152,3.0,4
972156,3.0,4
972160,3.0,4
972164,3.0,4
972168,3.0,4
972172,3.0,4
972176,3.0,4
972180,3.0,4
972184,3.0,4
972188,3.0,4
972192,3.0,4
972196,3.0,4
972200,3.0,4
972204,3.0,4
972208,3.0,4
972213,4.0,5
972217,3.0,4
972222,4.0,5
972226,3.0,4
972230,3.0,4
972235,4.0,5
972240,4.0,5
972244,3.0,4
972248,3.0,4
972252,3.0,4
972256,3.0,4
972260,3.0,4
972264,3.0,4
972268,3.0,4
972272,3.0,4
972276,3.0,4
972280,3.0,4
972284,3.0,4
972288,3.0,4
972292,3.0,4
972296,3.0,4
972300,3.0,4
972304,3.0,4
972308,3.0,4
972312,3.0,4
972316,3.0,4
972320,3.0,4
972324,3.0,4
972328,3.0,4
972333,4.0,5
972337,3.0,4
972341,3.0,4
972345,3.0,4
972349,3.0,4
972353,3.0,4
972357,3.0,4
972361,3.0,4
972365,3.0,4
972369,3.0,4
972374,4.0,5
972378,3.0,4
972382,3.0,4
972386,3.0,4
972390,3.0,4
972394,3.0,4
972398,3.0,4
972402,3.0,4
972406,3.0,4
972410,3.0,4
972414,3.0,4
972418,3.0,4
972422,3.0,4
972427,4.0,5
972431,3.0,4
972435,3.0,4
972439,3.0,4
972444,4.0,5
972449,4.0,5
972454,4.0,5
972458,3.0,4
972463,4.0,5
972467,3.0,4
972471,3.0,4
972475,3.0,4
972479,3.0,4
972483,3.0,4
972487,3.0,4
972491,3.0,4
972495,3.0,4
972499,3.0,4
972503,3.0,4
972507,3.0,4
972511,3.0,4
972515,3.0,4
972519,3.0,4
972523,3.0,4
972527,3.0,4
972531,3.0,4
972535,3.0,4
972539,3.0,4
972543,3.0,4
972547,3.0,4
972551,3.0,4
972555,3.0,4
972559,3.0,4
972563,3.0,4
972567,3.0,4
972571,3.0,4
972575,3.0,4
972579,3.0,4
972583,3.0,4
972588,4.0,5
972592,3.0,4
972596,3.0,4
972600,3.0,4
972604,3.0,4
972608,3.0,4
972612,3.0,4
972616,3.0,4
972620,3.0,4
972624,3.0,4
972628,3.0,4
972633,4.0,5
972638,4.0,5
972642,3.0,4
972646,3.0,4
972650,3.0,4
972654,3.0,4
972659,4.0,5
972663,3.0,4
972667,3.0,4
972671,3.0,4
972675,3.0,4
972679,3.0,4
972683,3.0,4
972687,3.0,4
972691,3.0,4
972695,3.0,4
972699,3.0,4
972703,3.0,4
972707,3.0,4
972711,3.0,4
972715,3.0,4
972719,3.0,4
972723,3.0,4
972728,4.0,5
972733,4.0,5
972737,3.0,4
972741,3.0,4
972745,3.0,4
972749,3.0,4
972753,3.0,4
972757,3.0,4
972761,3.0,4
972765,3.0,4
972769,3.0,4
972773,3.0,4
972777,3.0,4
972781,3.0,4
972785,3.0,4
972789,3.0,4
972793,3.0,4
972797,3.0,4
972801,3.0,4
972805,3.0,4
972810,4.0,5
972815,4.0,5
972820,4.0,5
972824,3.0,4
972829,4.0,5
972833,3.0,4
972837,3.0,4
972841,3.0,4
972845,3.0,4
972849,3.0,4
972853,3.0,4
972857,3.0,4
972861,3.0,4
972865,3.0,4
972870,4.0,5
972874,3.0,4
972878,3.0,4
972882,3.0,4
972886,3.0,4
972890,3.0,4
972894,3.0,4
972899,4.0,5
972903,3.0,4
972907,3.0,4
972911,3.0,4
972915,3.0,4
972919,3.0,4
972923,3.0,4
972927,3.0,4
972932,4.0,5
972936,3.0,4
972940,3.0,4
972944,3.0,4
972948,3.0,4
972952,3.0,4
972957,4.0,5
972961,3.0,4
972965,3.0,4
972969,3.0,4
972973,3.0,4
972977,3.0,4
972981,3.0,4
972985,3.0,4
972989,3.0,4
972993,3.0,4
972997,3.0,4
973001,3.0,4
973005,3.0,4
973009,3.0,4
973013,3.0,4
973017,3.0,4
973021,3.0,4
973025,3.0,4
973029,3.0,4
973033,3.0,4
973037,3.0,4
973041,3.0,4
973045,3.0,4
973049,3.0,4
973053,3.0,4
973057,3.0,4
973061,3.0,4
973065,3.0,4
973069,3.0,4
973073,3.0,4
973077,3.0,4
973081,3.0,4
973085,3.0,4
973089,3.0,4
973093,3.0,4
973098,4.0,5
973102,3.0,4
973106,3.0,4
973110,3.0,4
973115,4.0,5
973119,3.0,4
973124,4.0,5
973128,3.0,4
973132,3.0,4
973136,3.0,4
973140,3.0,4
973145,4.0,5
973149,3.0,4
973153,3.0,4
973157,3.0,4
973161,3.0,4
973165,3.0,4
973169,3.0,4
973173,3.0,4
973177,3.0,4
973181,3.0,4
973185,3.0,4
973189,3.0,4
973193,3.0,4
973197,3.0,4
973201,3.0,4
973206,4.0,5
973210,3.0,4
973214,3.0,4
973219,4.0,5
973224,4.0,5
973228,3.0,4
973232,3.0,4
973236,3.0,4
973240,3.0,4
973244,3.0,4
973249,4.0,5
973253,3.0,4
973257,3.0,4
973261,3.0,4
973265,3.0,4
973269,3.0,4
973273,3.0,4
973277,3.0,4
973281,3.0,4
973285,3.0,4
973289,3.0,4
973293,3.0,4
973297,3.0,4
973301,3.0,4
973305,3.0,4
973309,3.0,4
973313,3.0,4
973318,4.0,5
973322,3.0,4
973326,3.0,4
973330,3.0,4
973334,3.0,4
973338,3.0,4
973342,3.0,4
973346,3.0,4
973350,3.0,4
973355,4.0,5
973359,3.0,4
973363,3.0,4
973367,3.0,4
973371,3.0,4
973375,3.0,4
973379,3.0,4
973383,3.0,4
973387,3.0,4
973391,3.0,4
973396,4.0,5
973400,3.0,4
973404,3.0,4
973408,3.0,4
973412,3.0,4
973416,3.0,4
973421,4.0,5
973425,3.0,4
973429,3.0,4
973433,3.0,4
973437,3.0,4
973441,3.0,4
973445,3.0,4
973449,3.0,4
973453,3.0,4
973458,4.0,5
973462,3.0,4
973466,3.0,4
973470,3.0,4
973474,3.0,4
973478,3.0,4
973482,3.0,4
973486,3.0,4
973491,4.0,5
973495,3.0,4
973500,4.0,5
973504,3.0,4
973508,3.0,4
973512,3.0,4
973516,3.0,4
973520,3.0,4
973524,3.0,4
973528,3.0,4
973532,3.0,4
973536,3.0,4
973540,3.0,4
973544,3.0,4
973549,4.0,5
973553,3.0,4
973558,4.0,5
973562,3.0,4
973567,4.0,5
973571,3.0,4
973575,3.0,4
973579,3.0,4
973583,3.0,4
973588,4.0,5
973592,3.0,4
973596,3.0,4
973600,3.0,4
973604,3.0,4
973608,3.0,4
973612,3.0,4
973616,3.0,4
973620,3.0,4
973624,3.0,4
973628,3.0,4
973632,3.0,4
973636,3.0,4
973640,3.0,4
973644,3.0,4
973649,4.0,5
973654,4.0,5
973658,3.0,4
973662,3.0,4
973666,3.0,4
973670,3.0,4
973674,3.0,4
973678,3.0,4
973683,4.0,5
973687,3.0,4
973691,3.0,4
973695,3.0,4
973699,3.0,4
973703,3.0,4
973707,3.0,4
973711,3.0,4
973715,3.0,4
973719,3.0,4
973724,4.0,5
973728,3.0,4
973732,3.0,4
973736,3.0,4
973740,3.0,4
973744,3.0,4
973748,3.0,4
973752,3.0,4
973756,3.0,4
973761,4.0,5
973765,3.0,4
973769,3.0,4
973773,3.0,4
973777,3.0,4
973781,3.0,4
973785,3.0,4
973789,3.0,4
973793,3.0,4
973797,3.0,4
973801,3.0,4
973805,3.0,4
973809,3.0,4
973813,3.0,4
973817,3.0,4
973822,4.0,5
973827,4.0,5
973831,3.0,4
973835,3.0,4
973839,3.0,4
973843,3.0,4
973848,4.0,5
973852,3.0,4
973857,4.0,5
973861,3.0,4
973866,4.0,5
973870,3.0,4
973874,3.0,4
973878,3.0,4
973882,3.0,4
973886,3.0,4
973890,3.0,4
973894,3.0,4
973898,3.0,4
973902,3.0,4
973906,3.0,4
973910,3.0,4
973914,3.0,4
973918,3.0,4
973922,3.0,4
973926,3.0,4
973931,4.0,5
973935,3.0,4
973939,3.0,4
973943,3.0,4
973947,3.0,4
973952,4.0,5
973956,3.0,4
973960,3.0,4
973964,3.0,4
973968,3.0,4
973972,3.0,4
973976,3.0,4
973981,4.0,5
973985,3.0,4
973989,3.0,4
973994,4.0,5
973998,3.0,4
974002,3.0,4
974007,4.0,5
974011,3.0,4
974015,3.0,4
974019,3.0,4
974023,3.0,4
974027,3.0,4
974031,3.0,4
974035,3.0,4
974039,3.0,4
974044,4.0,5
974048,3.0,4
974052,3.0,4
974056,3.0,4
974060,3.0,4
974064,3.0,4
974068,3.0,4
974072,3.0,4
974076,3.0,4
974081,4.0,5
974085,3.0,4
974089,3.0,4
974093,3.0,4
974097,3.0,4
974101,3.0,4
974105,3.0,4
974109,3.0,4
974113,3.0,4
974118,4.0,5
974122,3.0,4
974126,3.0,4
974130,3.0,4
974134,3.0,4
974138,3.0,4
974142,3.0,4
974146,3.0,4
974150,3.0,4
974154,3.0,4
974158,3.0,4
974163,4.0,5
974167,3.0,4
974171,3.0,4
974175,3.0,4
974180,4.0,5
974185,4.0,5
974189,3.0,4
974193,3.0,4
974197,3.0,4
974201,3.0,4
974205,3.0,4
974209,3.0,4
974213,3.0,4
974217,3.0,4
974221,3.0,4
974225,3.0,4
974230,4.0,5
974235,4.0,5
974240,4.0,5
974244,3.0,4
974248,3.0,4
974252,3.0,4
974256,3.0,4
974260,3.0,4
974264,3.0,4
974268,3.0,4
974272,3.0,4
974277,4.0,5
974281,3.0,4
974285,3.0,4
974289,3.0,4
974293,3.0,4
974297,3.0,4
974301,3.0,4
974305,3.0,4
974310,4.0,5
974314,3.0,4
974318,3.0,4
974322,3.0,4
974327,4.0,5
974331,3.0,4
974335,3.0,4
974339,3.0,4
974343,3.0,4
974347,3.0,4
974351,3.0,4
974355,3.0,4
974359,3.0,4
974363,3.0,4
974367,3.0,4
974371,3.0,4
974376,4.0,5
974380,3.0,4
974384,3.0,4
974388,3.0,4
974393,4.0,5
974397,3.0,4
974401,3.0,4
974406,4.0,5
974410,3.0,4
974414,3.0,4
974418,3.0,4
974423,4.0,5
974427,3.0,4
974431,3.0,4
974436,4.0,5
974441,4.0,5
974445,3.0,4
974449,3.0,4
974453,3.0,4
974457,3.0,4
974461,3.0,4
974465,3.0,4
974469,3.0,4
974474,4.0,5
974478,3.0,4
974482,3.0,4
974486,3.0,4
974490,3.0,4
974494,3.0,4
974498,3.0,4
974503,4.0,5
974507,3.0,4
974511,3.0,4
974515,3.0,4
974519,3.0,4
974523,3.0,4
974527,3.0,4
974531,3.0,4
974535,3.0,4
974539,3.0,4
974543,3.0,4
974547,3.0,4
974552,4.0,5
974556,3.0,4
974560,3.0,4
974564,3.0,4
974568,3.0,4
974572,3.0,4
974576,3.0,4
974580,3.0,4
974584,3.0,4
974589,4.0,5
974593,3.0,4
974597,3.0,4
974602,4.0,5
974606,3.0,4
974610,3.0,4
974614,3.0,4
974618,3.0,4
974623,4.0,5
974627,3.0,4
974631,3.0,4
974635,3.0,4
974639,3.0,4
974644,4.0,5
974649,4.0,5
974653,3.0,4
974657,3.0,4
974661,3.0,4
974665,3.0,4
974669,3.0,4
974673,3.0,4
974677,3.0,4
974681,3.0,4
974685,3.0,4
974690,4.0,5
974694,3.0,4
974698,3.0,4
974702,3.0,4
974706,3.0,4
974710,3.0,4
974714,3.0,4
974718,3.0,4
974722,3.0,4
974726,3.0,4
974730,3.0,4
974734,3.0,4
974738,3.0,4
974742,3.0,4
974746,3.0,4
974750,3.0,4
974754,3.0,4
974758,3.0,4
974762,3.0,4
974766,3.0,4
974770,3.0,4
974774,3.0,4
974778,3.0,4
974782,3.0,4
974786,3.0,4
974790,3.0,4
974794,3.0,4
974798,3.0,4
974802,3.0,4
974806,3.0,4
974811,4.0,5
974815,3.0,4
974819,3.0,4
974823,3.0,4
974827,3.0,4
974831,3.0,4
974835,3.0,4
974839,3.0,4
974843,3.0,4
974847,3.0,4
974851,3.0,4
974855,3.0,4
974860,4.0,5
974864,3.0,4
974869,4.0,5
974873,3.0,4
974877,3.0,4
974881,3.0,4
974885,3.0,4
974889,3.0,4
974893,3.0,4
974897,3.0,4
974902,4.0,5
974906,3.0,4
974910,3.0,4
974914,3.0,4
974918,3.0,4
974922,3.0,4
974926,3.0,4
974930,3.0,4
974934,3.0,4
974938,3.0,4
974942,3.0,4
974946,3.0,4
974950,3.0,4
974954,3.0,4
974958,3.0,4
974962,3.0,4
974966,3.0,4
974971,4.0,5
974975,3.0,4
974979,3.0,4
974983,3.0,4
974987,3.0,4
974991,3.0,4
974995,3.0,4
974999,3.0,4
975003,3.0,4
975007,3.0,4
975011,3.0,4
975015,3.0,4
975019,3.0,4
975023,3.0,4
975027,3.0,4
975031,3.0,4
975035,3.0,4
975039,3.0,4
975044,4.0,5
975049,4.0,5
975053,3.0,4
975057,3.0,4
975061,3.0,4
975065,3.0,4
975069,3.0,4
975073,3.0,4
975077,3.0,4
975081,3.0,4
975085,3.0,4
975089,3.0,4
975093,3.0,4
975098,4.0,5
975103,4.0,5
975107,3.0,4
975111,3.0,4
975116,4.0,5
975120,3.0,4
975124,3.0,4
975128,3.0,4
975133,4.0,5
975138,4.0,5
975142,3.0,4
975146,3.0,4
975150,3.0,4
975155,4.0,5
975159,3.0,4
975163,3.0,4
975167,3.0,4
975171,3.0,4
975175,3.0,4
975180,4.0,5
975184,3.0,4
975188,3.0,4
975192,3.0,4
975196,3.0,4
975200,3.0,4
975204,3.0,4
975208,3.0,4
975213,4.0,5
975217,3.0,4
975221,3.0,4
975225,3.0,4
975229,3.0,4
975233,3.0,4
975237,3.0,4
975241,3.0,4
975245,3.0,4
975249,3.0,4
975253,3.0,4
975257,3.0,4
975261,3.0,4
975266,4.0,5
975270,3.0,4
975274,3.0,4
975278,3.0,4
975282,3.0,4
975286,3.0,4
975290,3.0,4
975295,4.0,5
975299,3.0,4
975304,4.0,5
975309,4.0,5
975313,3.0,4
975317,3.0,4
975321,3.0,4
975326,4.0,5
975330,3.0,4
975334,3.0,4
975338,3.0,4
975342,3.0,4
975347,4.0,5
975351,3.0,4
975356,4.0,5
975360,3.0,4
975364,3.0,4
975368,3.0,4
975372,3.0,4
975376,3.0,4
975381,4.0,5
975386,4.0,5
975390,3.0,4
975394,3.0,4
975398,3.0,4
975402,3.0,4
975406,3.0,4
975411,4.0,5
975415,3.0,4
975419,3.0,4
975423,3.0,4
975428,4.0,5
975433,4.0,5
975437,3.0,4
975441,3.0,4
975445,3.0,4
975449,3.0,4
975453,3.0,4
975457,3.0,4
975461,3.0,4
975465,3.0,4
975469,3.0,4
975473,3.0,4
975477,3.0,4
975481,3.0,4
975486,4.0,5
975490,3.0,4
975494,3.0,4
975498,3.0,4
975502,3.0,4
975506,3.0,4
975511,4.0,5
975515,3.0,4
975519,3.0,4
975523,3.0,4
975527,3.0,4
975531,3.0,4
975535,3.0,4
975539,3.0,4
975543,3.0,4
975547,3.0,4
975551,3.0,4
975556,4.0,5
975560,3.0,4
975564,3.0,4
975568,3.0,4
975572,3.0,4
975577,4.0,5
975582,4.0,5
975587,4.0,5
975591,3.0,4
975595,3.0,4
975599,3.0,4
975604,4.0,5
975608,3.0,4
975613,4.0,5
975617,3.0,4
975621,3.0,4
975625,3.0,4
975629,3.0,4
975633,3.0,4
975637,3.0,4
975641,3.0,4
975645,3.0,4
975650,4.0,5
975654,3.0,4
975658,3.0,4
975662,3.0,4
975666,3.0,4
975670,3.0,4
975674,3.0,4
975678,3.0,4
975682,3.0,4
975686,3.0,4
975691,4.0,5
975695,3.0,4
975699,3.0,4
975704,4.0,5
975708,3.0,4
975712,3.0,4
975717,4.0,5
975722,4.0,5
975726,3.0,4
975730,3.0,4
975734,3.0,4
975739,4.0,5
975743,3.0,4
975747,3.0,4
975751,3.0,4
975756,4.0,5
975760,3.0,4
975764,3.0,4
975768,3.0,4
975773,4.0,5
975777,3.0,4
975781,3.0,4
975785,3.0,4
975789,3.0,4
975793,3.0,4
975797,3.0,4
975801,3.0,4
975805,3.0,4
975810,4.0,5
975814,3.0,4
975819,4.0,5
975824,4.0,5
975828,3.0,4
975832,3.0,4
975836,3.0,4
975840,3.0,4
975844,3.0,4
975848,3.0,4
975852,3.0,4
975856,3.0,4
975860,3.0,4
975864,3.0,4
975868,3.0,4
975872,3.0,4
975877,4.0,5
975881,3.0,4
975885,3.0,4
975889,3.0,4
975894,4.0,5
975898,3.0,4
975902,3.0,4
975906,3.0,4
975910,3.0,4
975914,3.0,4
975919,4.0,5
975923,3.0,4
975927,3.0,4
975931,3.0,4
975935,3.0,4
975939,3.0,4
975943,3.0,4
975947,3.0,4
975952,4.0,5
975956,3.0,4
975961,4.0,5
975965,3.0,4
975969,3.0,4
975973,3.0,4
975977,3.0,4
975982,4.0,5
975986,3.0,4
975990,3.0,4
975994,3.0,4
975998,3.0,4
976002,3.0,4
976006,3.0,4
976010,3.0,4
976014,3.0,4
976018,3.0,4
976022,3.0,4
976026,3.0,4
976030,3.0,4
976034,3.0,4
976038,3.0,4
976042,3.0,4
976046,3.0,4
976050,3.0,4
976054,3.0,4
976058,3.0,4
976063,4.0,5
976067,3.0,4
976071,3.0,4
976075,3.0,4
976079,3.0,4
976083,3.0,4
976087,3.0,4
976091,3.0,4
976095,3.0,4
976100,4.0,5
976104,3.0,4
976108,3.0,4
976112,3.0,4
976116,3.0,4
976120,3.0,4
976124,3.0,4
976128,3.0,4
976132,3.0,4
976136,3.0,4
976140,3.0,4
976144,3.0,4
976148,3.0,4
976152,3.0,4
976156,3.0,4
976160,3.0,4
976164,3.0,4
976169,4.0,5
976173,3.0,4
976177,3.0,4
976181,3.0,4
976185,3.0,4
976190,4.0,5
976194,3.0,4
976198,3.0,4
976203,4.0,5
976207,3.0,4
976211,3.0,4
976215,3.0,4
976220,4.0,5
976224,3.0,4
976228,3.0,4
976232,3.0,4
976236,3.0,4
976240,3.0,4
976244,3.0,4
976248,3.0,4
976252,3.0,4
976256,3.0,4
976260,3.0,4
976264,3.0,4
976269,4.0,5
976273,3.0,4
976277,3.0,4
976281,3.0,4
976285,3.0,4
976289,3.0,4
976293,3.0,4
976297,3.0,4
976301,3.0,4
976305,3.0,4
976309,3.0,4
976313,3.0,4
976317,3.0,4
976321,3.0,4
976325,3.0,4
976330,4.0,5
976334,3.0,4
976338,3.0,4
976342,3.0,4
976346,3.0,4
976350,3.0,4
976354,3.0,4
976359,4.0,5
976363,3.0,4
976367,3.0,4
976372,4.0,5
976377,4.0,5
976381,3.0,4
976385,3.0,4
976389,3.0,4
976393,3.0,4
976398,4.0,5
976402,3.0,4
976406,3.0,4
976410,3.0,4
976414,3.0,4
976419,4.0,5
976423,3.0,4
976427,3.0,4
976431,3.0,4
976435,3.0,4
976440,4.0,5
976444,3.0,4
976448,3.0,4
976452,3.0,4
976456,3.0,4
976461,4.0,5
976465,3.0,4
976469,3.0,4
976473,3.0,4
976477,3.0,4
976481,3.0,4
976485,3.0,4
976490,4.0,5
976494,3.0,4
976499,4.0,5
976503,3.0,4
976508,4.0,5
976512,3.0,4
976516,3.0,4
976520,3.0,4
976525,4.0,5
976530,4.0,5
976535,4.0,5
976539,3.0,4
976543,3.0,4
976547,3.0,4
976551,3.0,4
976555,3.0,4
976559,3.0,4
976563,3.0,4
976567,3.0,4
976571,3.0,4
976575,3.0,4
976579,3.0,4
976583,3.0,4
976587,3.0,4
976591,3.0,4
976595,3.0,4
976599,3.0,4
976604,4.0,5
976608,3.0,4
976613,4.0,5
976617,3.0,4
976621,3.0,4
976626,4.0,5
976631,4.0,5
976636,4.0,5
976640,3.0,4
976644,3.0,4
976649,4.0,5
976653,3.0,4
976657,3.0,4
976662,4.0,5
976666,3.0,4
976670,3.0,4
976674,3.0,4
976679,4.0,5
976684,4.0,5
976688,3.0,4
976692,3.0,4
976696,3.0,4
976700,3.0,4
976704,3.0,4
976708,3.0,4
976712,3.0,4
976716,3.0,4
976721,4.0,5
976725,3.0,4
976729,3.0,4
976733,3.0,4
976737,3.0,4
976741,3.0,4
976746,4.0,5
976750,3.0,4
976754,3.0,4
976758,3.0,4
976762,3.0,4
976766,3.0,4
976770,3.0,4
976774,3.0,4
976778,3.0,4
976782,3.0,4
976787,4.0,5
976791,3.0,4
976795,3.0,4
976799,3.0,4
976803,3.0,4
976807,3.0,4
976811,3.0,4
976815,3.0,4
976819,3.0,4
976823,3.0,4
976827,3.0,4
976831,3.0,4
976835,3.0,4
976839,3.0,4
976843,3.0,4
976847,3.0,4
976851,3.0,4
976855,3.0,4
976859,3.0,4
976863,3.0,4
976867,3.0,4
976871,3.0,4
976875,3.0,4
976879,3.0,4
976883,3.0,4
976887,3.0,4
976891,3.0,4
976895,3.0,4
976900,4.0,5
976904,3.0,4
976908,3.0,4
976912,3.0,4
976917,4.0,5
976921,3.0,4
976925,3.0,4
976929,3.0,4
976933,3.0,4
976937,3.0,4
976941,3.0,4
976945,3.0,4
976949,3.0,4
976954,4.0,5
976958,3.0,4
976962,3.0,4
976966,3.0,4
976970,3.0,4
976974,3.0,4
976978,3.0,4
976983,4.0,5
976987,3.0,4
976991,3.0,4
976995,3.0,4
976999,3.0,4
977003,3.0,4
977007,3.0,4
977011,3.0,4
977015,3.0,4
977019,3.0,4
977023,3.0,4
977027,3.0,4
977031,3.0,4
977035,3.0,4
977039,3.0,4
977043,3.0,4
977047,3.0,4
977052,4.0,5
977056,3.0,4
977060,3.0,4
977064,3.0,4
977068,3.0,4
977072,3.0,4
977076,3.0,4
977080,3.0,4
977084,3.0,4
977088,3.0,4
977092,3.0,4
977096,3.0,4
977100,3.0,4
977104,3.0,4
977108,3.0,4
977113,4.0,5
977117,3.0,4
977121,3.0,4
977125,3.0,4
977129,3.0,4
977133,3.0,4
977137,3.0,4
977141,3.0,4
977145,3.0,4
977149,3.0,4
977153,3.0,4
977157,3.0,4
977161,3.0,4
977165,3.0,4
977170,4.0,5
977174,3.0,4
977178,3.0,4
977182,3.0,4
977186,3.0,4
977190,3.0,4
977194,3.0,4
977198,3.0,4
977202,3.0,4
977206,3.0,4
977210,3.0,4
977214,3.0,4
977218,3.0,4
977223,4.0,5
977227,3.0,4
977231,3.0,4
977235,3.0,4
977239,3.0,4
977243,3.0,4
977248,4.0,5
977253,4.0,5
977257,3.0,4
977261,3.0,4
977265,3.0,4
977269,3.0,4
977273,3.0,4
977277,3.0,4
977281,3.0,4
977285,3.0,4
977289,3.0,4
977293,3.0,4
977297,3.0,4
977301,3.0,4
977305,3.0,4
977309,3.0,4
977314,4.0,5
977318,3.0,4
977322,3.0,4
977326,3.0,4
977331,4.0,5
977335,3.0,4
977339,3.0,4
977343,3.0,4
977347,3.0,4
977351,3.0,4
977355,3.0,4
977359,3.0,4
977364,4.0,5
977369,4.0,5
977373,3.0,4
977377,3.0,4
977381,3.0,4
977385,3.0,4
977389,3.0,4
977393,3.0,4
977397,3.0,4
977402,4.0,5
977406,3.0,4
977410,3.0,4
977414,3.0,4
977419,4.0,5
977423,3.0,4
977427,3.0,4
977431,3.0,4
977435,3.0,4
977439,3.0,4
977443,3.0,4
977447,3.0,4
977451,3.0,4
977455,3.0,4
977459,3.0,4
977463,3.0,4
977467,3.0,4
977471,3.0,4
977476,4.0,5
977480,3.0,4
977484,3.0,4
977488,3.0,4
977492,3.0,4
977496,3.0,4
977500,3.0,4
977504,3.0,4
977508,3.0,4
977512,3.0,4
977516,3.0,4
977520,3.0,4
977524,3.0,4
977528,3.0,4
977532,3.0,4
977536,3.0,4
977540,3.0,4
977544,3.0,4
977548,3.0,4
977552,3.0,4
977557,4.0,5
977561,3.0,4
977565,3.0,4
977569,3.0,4
977573,3.0,4
977578,4.0,5
977582,3.0,4
977586,3.0,4
977590,3.0,4
977594,3.0,4
977598,3.0,4
977602,3.0,4
977606,3.0,4
977610,3.0,4
977614,3.0,4
977618,3.0,4
977622,3.0,4
977627,4.0,5
977632,4.0,5
977636,3.0,4
977640,3.0,4
977644,3.0,4
977648,3.0,4
977652,3.0,4
977656,3.0,4
977660,3.0,4
977664,3.0,4
977668,3.0,4
977673,4.0,5
977678,4.0,5
977682,3.0,4
977686,3.0,4
977690,3.0,4
977694,3.0,4
977698,3.0,4
977702,3.0,4
977706,3.0,4
977710,3.0,4
977714,3.0,4
977718,3.0,4
977722,3.0,4
977726,3.0,4
977730,3.0,4
977735,4.0,5
977739,3.0,4
977743,3.0,4
977747,3.0,4
977751,3.0,4
977755,3.0,4
977759,3.0,4
977763,3.0,4
977767,3.0,4
977772,4.0,5
977776,3.0,4
977781,4.0,5
977785,3.0,4
977789,3.0,4
977793,3.0,4
977798,4.0,5
977802,3.0,4
977806,3.0,4
977810,3.0,4
977814,3.0,4
977819,4.0,5
977823,3.0,4
977828,4.0,5
977832,3.0,4
977836,3.0,4
977840,3.0,4
977844,3.0,4
977848,3.0,4
977852,3.0,4
977856,3.0,4
977860,3.0,4
977865,4.0,5
977869,3.0,4
977873,3.0,4
977877,3.0,4
977881,3.0,4
977885,3.0,4
977890,4.0,5
977894,3.0,4
977898,3.0,4
977902,3.0,4
977906,3.0,4
977910,3.0,4
977914,3.0,4
977918,3.0,4
977922,3.0,4
977926,3.0,4
977930,3.0,4
977934,3.0,4
977938,3.0,4
977942,3.0,4
977946,3.0,4
977950,3.0,4
977954,3.0,4
977958,3.0,4
977962,3.0,4
977966,3.0,4
977970,3.0,4
977974,3.0,4
977978,3.0,4
977982,3.0,4
977986,3.0,4
977990,3.0,4
977994,3.0,4
977998,3.0,4
978002,3.0,4
978006,3.0,4
978010,3.0,4
978015,4.0,5
978020,4.0,5
978025,4.0,5
978030,4.0,5
978034,3.0,4
978038,3.0,4
978042,3.0,4
978046,3.0,4
978050,3.0,4
978054,3.0,4
978058,3.0,4
978063,4.0,5
978068,4.0,5
978072,3.0,4
978076,3.0,4
978080,3.0,4
978084,3.0,4
978088,3.0,4
978093,4.0,5
978097,3.0,4
978101,3.0,4
978106,4.0,5
978110,3.0,4
978114,3.0,4
978118,3.0,4
978122,3.0,4
978126,3.0,4
978130,3.0,4
978134,3.0,4
978139,4.0,5
978143,3.0,4
978147,3.0,4
978151,3.0,4
978155,3.0,4
978159,3.0,4
978163,3.0,4
978168,4.0,5
978172,3.0,4
978176,3.0,4
978180,3.0,4
978184,3.0,4
978188,3.0,4
978192,3.0,4
978196,3.0,4
978200,3.0,4
978204,3.0,4
978208,3.0,4
978213,4.0,5
978217,3.0,4
978221,3.0,4
978225,3.0,4
978229,3.0,4
978233,3.0,4
978238,4.0,5
978242,3.0,4
978246,3.0,4
978250,3.0,4
978255,4.0,5
978259,3.0,4
978263,3.0,4
978267,3.0,4
978271,3.0,4
978275,3.0,4
978279,3.0,4
978284,4.0,5
978288,3.0,4
978292,3.0,4
978297,4.0,5
978301,3.0,4
978306,4.0,5
978310,3.0,4
978314,3.0,4
978318,3.0,4
978322,3.0,4
978327,4.0,5
978331,3.0,4
978335,3.0,4
978339,3.0,4
978343,3.0,4
978348,4.0,5
978352,3.0,4
978356,3.0,4
978360,3.0,4
978364,3.0,4
978368,3.0,4
978372,3.0,4
978376,3.0,4
978381,4.0,5
978385,3.0,4
978389,3.0,4
978393,3.0,4
978397,3.0,4
978401,3.0,4
978405,3.0,4
978409,3.0,4
978413,3.0,4
978417,3.0,4
978421,3.0,4
978425,3.0,4
978429,3.0,4
978434,4.0,5
978438,3.0,4
978442,3.0,4
978446,3.0,4
978451,4.0,5
978456,4.0,5
978460,3.0,4
978464,3.0,4
978469,4.0,5
978473,3.0,4
978477,3.0,4
978481,3.0,4
978485,3.0,4
978489,3.0,4
978493,3.0,4
978497,3.0,4
978501,3.0,4
978505,3.0,4
978509,3.0,4
978513,3.0,4
978517,3.0,4
978521,3.0,4
978525,3.0,4
978529,3.0,4
978533,3.0,4
978537,3.0,4
978541,3.0,4
978545,3.0,4
978549,3.0,4
978553,3.0,4
978557,3.0,4
978561,3.0,4
978565,3.0,4
978569,3.0,4
978573,3.0,4
978577,3.0,4
978581,3.0,4
978585,3.0,4
978589,3.0,4
978593,3.0,4
978597,3.0,4
978602,4.0,5
978606,3.0,4
978610,3.0,4
978614,3.0,4
978618,3.0,4
978622,3.0,4
978627,4.0,5
978631,3.0,4
978635,3.0,4
978639,3.0,4
978643,3.0,4
978647,3.0,4
978651,3.0,4
978655,3.0,4
978659,3.0,4
978663,3.0,4
978667,3.0,4
978671,3.0,4
978675,3.0,4
978679,3.0,4
978683,3.0,4
978687,3.0,4
978691,3.0,4
978695,3.0,4
978699,3.0,4
978703,3.0,4
978707,3.0,4
978712,4.0,5
978716,3.0,4
978721,4.0,5
978726,4.0,5
978730,3.0,4
978734,3.0,4
978738,3.0,4
978742,3.0,4
978746,3.0,4
978750,3.0,4
978754,3.0,4
978759,4.0,5
978763,3.0,4
978767,3.0,4
978771,3.0,4
978775,3.0,4
978779,3.0,4
978783,3.0,4
978787,3.0,4
978791,3.0,4
978795,3.0,4
978799,3.0,4
978803,3.0,4
978807,3.0,4
978811,3.0,4
978815,3.0,4
978819,3.0,4
978823,3.0,4
978827,3.0,4
978831,3.0,4
978835,3.0,4
978839,3.0,4
978843,3.0,4
978848,4.0,5
978852,3.0,4
978857,4.0,5
978861,3.0,4
978866,4.0,5
978870,3.0,4
978874,3.0,4
978878,3.0,4
978882,3.0,4
978886,3.0,4
978890,3.0,4
978894,3.0,4
978898,3.0,4
978903,4.0,5
978907,3.0,4
978911,3.0,4
978915,3.0,4
978919,3.0,4
978923,3.0,4
978927,3.0,4
978931,3.0,4
978935,3.0,4
978940,4.0,5
978944,3.0,4
978948,3.0,4
978952,3.0,4
978956,3.0,4
978960,3.0,4
978964,3.0,4
978968,3.0,4
978972,3.0,4
978976,3.0,4
978980,3.0,4
978985,4.0,5
978989,3.0,4
978994,4.0,5
978998,3.0,4
979002,3.0,4
979006,3.0,4
979010,3.0,4
979014,3.0,4
979018,3.0,4
979022,3.0,4
979026,3.0,4
979031,4.0,5
979035,3.0,4
979039,3.0,4
979043,3.0,4
979047,3.0,4
979051,3.0,4
979055,3.0,4
979059,3.0,4
979063,3.0,4
979067,3.0,4
979071,3.0,4
979075,3.0,4
979079,3.0,4
979083,3.0,4
979087,3.0,4
979091,3.0,4
979095,3.0,4
979099,3.0,4
979103,3.0,4
979107,3.0,4
979111,3.0,4
979115,3.0,4
979119,3.0,4
979123,3.0,4
979127,3.0,4
979131,3.0,4
979135,3.0,4
979139,3.0,4
979143,3.0,4
979147,3.0,4
979151,3.0,4
979155,3.0,4
979159,3.0,4
979163,3.0,4
979167,3.0,4
979171,3.0,4
979175,3.0,4
979179,3.0,4
979184,4.0,5
979189,4.0,5
979193,3.0,4
979197,3.0,4
979201,3.0,4
979205,3.0,4
979209,3.0,4
979214,4.0,5
979218,3.0,4
979222,3.0,4
979226,3.0,4
979231,4.0,5
979235,3.0,4
979239,3.0,4
979243,3.0,4
979247,3.0,4
979251,3.0,4
979255,3.0,4
979259,3.0,4
979263,3.0,4
979267,3.0,4
979271,3.0,4
979275,3.0,4
979279,3.0,4
979283,3.0,4
979287,3.0,4
979291,3.0,4
979295,3.0,4
979299,3.0,4
979304,4.0,5
979308,3.0,4
979312,3.0,4
979316,3.0,4
979320,3.0,4
979325,4.0,5
979329,3.0,4
979333,3.0,4
979337,3.0,4
979341,3.0,4
979345,3.0,4
979350,4.0,5
979354,3.0,4
979358,3.0,4
979362,3.0,4
979366,3.0,4
979371,4.0,5
979375,3.0,4
979379,3.0,4
979383,3.0,4
979387,3.0,4
979391,3.0,4
979395,3.0,4
979399,3.0,4
979403,3.0,4
979407,3.0,4
979411,3.0,4
979415,3.0,4
979419,3.0,4
979423,3.0,4
979427,3.0,4
979431,3.0,4
979436,4.0,5
979440,3.0,4
979444,3.0,4
979448,3.0,4
979452,3.0,4
979456,3.0,4
979461,4.0,5
979465,3.0,4
979469,3.0,4
979474,4.0,5
979478,3.0,4
979482,3.0,4
979486,3.0,4
979491,4.0,5
979496,4.0,5
979500,3.0,4
979505,4.0,5
979509,3.0,4
979514,4.0,5
979518,3.0,4
979522,3.0,4
979526,3.0,4
979530,3.0,4
979534,3.0,4
979538,3.0,4
979542,3.0,4
979546,3.0,4
979550,3.0,4
979554,3.0,4
979558,3.0,4
979562,3.0,4
979567,4.0,5
979571,3.0,4
979575,3.0,4
979579,3.0,4
979584,4.0,5
979588,3.0,4
979592,3.0,4
979597,4.0,5
979601,3.0,4
979605,3.0,4
979610,4.0,5
979614,3.0,4
979618,3.0,4
979622,3.0,4
979627,4.0,5
979631,3.0,4
979635,3.0,4
979639,3.0,4
979643,3.0,4
979647,3.0,4
979651,3.0,4
979655,3.0,4
979659,3.0,4
979663,3.0,4
979667,3.0,4
979671,3.0,4
979675,3.0,4
979679,3.0,4
979683,3.0,4
979688,4.0,5
979692,3.0,4
979696,3.0,4
979701,4.0,5
979705,3.0,4
979709,3.0,4
979713,3.0,4
979717,3.0,4
979721,3.0,4
979726,4.0,5
979730,3.0,4
979734,3.0,4
979738,3.0,4
979743,4.0,5
979747,3.0,4
979751,3.0,4
979755,3.0,4
979759,3.0,4
979764,4.0,5
979768,3.0,4
979773,4.0,5
979777,3.0,4
979781,3.0,4
979785,3.0,4
979789,3.0,4
979793,3.0,4
979798,4.0,5
979802,3.0,4
979806,3.0,4
979811,4.0,5
979815,3.0,4
979820,4.0,5
979824,3.0,4
979828,3.0,4
979832,3.0,4
979836,3.0,4
979840,3.0,4
979844,3.0,4
979848,3.0,4
979852,3.0,4
979857,4.0,5
979862,4.0,5
979866,3.0,4
979870,3.0,4
979874,3.0,4
979879,4.0,5
979883,3.0,4
979887,3.0,4
979891,3.0,4
979895,3.0,4
979899,3.0,4
979903,3.0,4
979907,3.0,4
979911,3.0,4
979915,3.0,4
979920,4.0,5
979924,3.0,4
979928,3.0,4
979933,4.0,5
979937,3.0,4
979941,3.0,4
979945,3.0,4
979949,3.0,4
979953,3.0,4
979957,3.0,4
979961,3.0,4
979965,3.0,4
979969,3.0,4
979973,3.0,4
979977,3.0,4
979982,4.0,5
979986,3.0,4
979990,3.0,4
979994,3.0,4
979998,3.0,4
980002,3.0,4
980006,3.0,4
980011,4.0,5
980015,3.0,4
980019,3.0,4
980023,3.0,4
980027,3.0,4
980031,3.0,4
980035,3.0,4
980039,3.0,4
980043,3.0,4
980047,3.0,4
980052,4.0,5
980056,3.0,4
980060,3.0,4
980065,4.0,5
980069,3.0,4
980073,3.0,4
980077,3.0,4
980081,3.0,4
980085,3.0,4
980089,3.0,4
980093,3.0,4
980097,3.0,4
980101,3.0,4
980105,3.0,4
980109,3.0,4
980113,3.0,4
980117,3.0,4
980121,3.0,4
980125,3.0,4
980129,3.0,4
980133,3.0,4
980137,3.0,4
980141,3.0,4
980145,3.0,4
980149,3.0,4
980153,3.0,4
980157,3.0,4
980161,3.0,4
980165,3.0,4
980169,3.0,4
980173,3.0,4
980177,3.0,4
980181,3.0,4
980185,3.0,4
980189,3.0,4
980193,3.0,4
980197,3.0,4
980201,3.0,4
980205,3.0,4
980209,3.0,4
980213,3.0,4
980217,3.0,4
980222,4.0,5
980226,3.0,4
980230,3.0,4
980235,4.0,5
980239,3.0,4
980243,3.0,4
980247,3.0,4
980251,3.0,4
980255,3.0,4
980259,3.0,4
980263,3.0,4
980268,4.0,5
980272,3.0,4
980276,3.0,4
980280,3.0,4
980285,4.0,5
980289,3.0,4
980293,3.0,4
980297,3.0,4
980301,3.0,4
980305,3.0,4
980310,4.0,5
980315,4.0,5
980319,3.0,4
980324,4.0,5
980328,3.0,4
980332,3.0,4
980336,3.0,4
980341,4.0,5
980345,3.0,4
980349,3.0,4
980353,3.0,4
980357,3.0,4
980361,3.0,4
980365,3.0,4
980369,3.0,4
980373,3.0,4
980377,3.0,4
980382,4.0,5
980386,3.0,4
980391,4.0,5
980395,3.0,4
980399,3.0,4
980404,4.0,5
980408,3.0,4
980412,3.0,4
980416,3.0,4
980421,4.0,5
980425,3.0,4
980429,3.0,4
980433,3.0,4
980437,3.0,4
980441,3.0,4
980445,3.0,4
980449,3.0,4
980453,3.0,4
980457,3.0,4
980461,3.0,4
980465,3.0,4
980469,3.0,4
980473,3.0,4
980477,3.0,4
980481,3.0,4
980485,3.0,4
980489,3.0,4
980493,3.0,4
980497,3.0,4
980502,4.0,5
980506,3.0,4
980510,3.0,4
980514,3.0,4
980519,4.0,5
980523,3.0,4
980527,3.0,4
980531,3.0,4
980536,4.0,5
980540,3.0,4
980544,3.0,4
980548,3.0,4
980553,4.0,5
980557,3.0,4
980561,3.0,4
980565,3.0,4
980569,3.0,4
980573,3.0,4
980577,3.0,4
980581,3.0,4
980585,3.0,4
980589,3.0,4
980593,3.0,4
980597,3.0,4
980601,3.0,4
980605,3.0,4
980609,3.0,4
980613,3.0,4
980617,3.0,4
980621,3.0,4
980625,3.0,4
980629,3.0,4
980633,3.0,4
980637,3.0,4
980642,4.0,5
980646,3.0,4
980650,3.0,4
980654,3.0,4
980658,3.0,4
980662,3.0,4
980666,3.0,4
980670,3.0,4
980674,3.0,4
980678,3.0,4
980683,4.0,5
980688,4.0,5
980692,3.0,4
980696,3.0,4
980700,3.0,4
980704,3.0,4
980708,3.0,4
980712,3.0,4
980716,3.0,4
980720,3.0,4
980724,3.0,4
980728,3.0,4
980732,3.0,4
980736,3.0,4
980740,3.0,4
980745,4.0,5
980749,3.0,4
980753,3.0,4
980757,3.0,4
980761,3.0,4
980765,3.0,4
980769,3.0,4
980774,4.0,5
980778,3.0,4
980783,4.0,5
980787,3.0,4
980791,3.0,4
980795,3.0,4
980799,3.0,4
980803,3.0,4
980807,3.0,4
980812,4.0,5
980816,3.0,4
980820,3.0,4
980825,4.0,5
980829,3.0,4
980833,3.0,4
980837,3.0,4
980841,3.0,4
980845,3.0,4
980849,3.0,4
980853,3.0,4
980858,4.0,5
980862,3.0,4
980867,4.0,5
980871,3.0,4
980875,3.0,4
980879,3.0,4
980883,3.0,4
980887,3.0,4
980892,4.0,5
980897,4.0,5
980901,3.0,4
980905,3.0,4
980909,3.0,4
980913,3.0,4
980917,3.0,4
980921,3.0,4
980925,3.0,4
980930,4.0,5
980934,3.0,4
980938,3.0,4
980942,3.0,4
980947,4.0,5
980951,3.0,4
980955,3.0,4
980959,3.0,4
980963,3.0,4
980967,3.0,4
980971,3.0,4
980975,3.0,4
980979,3.0,4
980983,3.0,4
980987,3.0,4
980992,4.0,5
980996,3.0,4
981000,3.0,4
981004,3.0,4
981008,3.0,4
981012,3.0,4
981017,4.0,5
981021,3.0,4
981026,4.0,5
981030,3.0,4
981035,4.0,5
981039,3.0,4
981043,3.0,4
981047,3.0,4
981051,3.0,4
981056,4.0,5
981060,3.0,4
981064,3.0,4
981068,3.0,4
981072,3.0,4
981076,3.0,4
981080,3.0,4
981084,3.0,4
981088,3.0,4
981092,3.0,4
981096,3.0,4
981100,3.0,4
981104,3.0,4
981108,3.0,4
981112,3.0,4
981116,3.0,4
981120,3.0,4
981124,3.0,4
981128,3.0,4
981132,3.0,4
981136,3.0,4
981140,3.0,4
981144,3.0,4
981148,3.0,4
981152,3.0,4
981156,3.0,4
981161,4.0,5
981165,3.0,4
981169,3.0,4
981173,3.0,4
981177,3.0,4
981181,3.0,4
981185,3.0,4
981189,3.0,4
981193,3.0,4
981197,3.0,4
981201,3.0,4
981205,3.0,4
981209,3.0,4
981214,4.0,5
981218,3.0,4
981222,3.0,4
981226,3.0,4
981231,4.0,5
981235,3.0,4
981239,3.0,4
981244,4.0,5
981248,3.0,4
981253,4.0,5
981257,3.0,4
981261,3.0,4
981265,3.0,4
981269,3.0,4
981273,3.0,4
981277,3.0,4
981281,3.0,4
981285,3.0,4
981289,3.0,4
981293,3.0,4
981297,3.0,4
981301,3.0,4
981305,3.0,4
981309,3.0,4
981314,4.0,5
981318,3.0,4
981322,3.0,4
981326,3.0,4
981330,3.0,4
981334,3.0,4
981338,3.0,4
981342,3.0,4
981346,3.0,4
981350,3.0,4
981355,4.0,5
981360,4.0,5
981364,3.0,4
981368,3.0,4
981372,3.0,4
981376,3.0,4
981380,3.0,4
981384,3.0,4
981388,3.0,4
981392,3.0,4
981397,4.0,5
981401,3.0,4
981405,3.0,4
981409,3.0,4
981414,4.0,5
981418,3.0,4
981422,3.0,4
981426,3.0,4
981431,4.0,5
981435,3.0,4
981439,3.0,4
981443,3.0,4
981447,3.0,4
981451,3.0,4
981456,4.0,5
981461,4.0,5
981466,4.0,5
981470,3.0,4
981474,3.0,4
981479,4.0,5
981483,3.0,4
981487,3.0,4
981491,3.0,4
981495,3.0,4
981499,3.0,4
981503,3.0,4
981507,3.0,4
981511,3.0,4
981515,3.0,4
981519,3.0,4
981523,3.0,4
981528,4.0,5
981532,3.0,4
981536,3.0,4
981541,4.0,5
981545,3.0,4
981550,4.0,5
981554,3.0,4
981558,3.0,4
981562,3.0,4
981566,3.0,4
981570,3.0,4
981574,3.0,4
981578,3.0,4
981583,4.0,5
981588,4.0,5
981592,3.0,4
981596,3.0,4
981600,3.0,4
981604,3.0,4
981608,3.0,4
981612,3.0,4
981616,3.0,4
981620,3.0,4
981624,3.0,4
981629,4.0,5
981633,3.0,4
981637,3.0,4
981641,3.0,4
981645,3.0,4
981649,3.0,4
981653,3.0,4
981657,3.0,4
981662,4.0,5
981667,4.0,5
981672,4.0,5
981676,3.0,4
981680,3.0,4
981685,4.0,5
981689,3.0,4
981693,3.0,4
981697,3.0,4
981701,3.0,4
981706,4.0,5
981710,3.0,4
981714,3.0,4
981718,3.0,4
981723,4.0,5
981727,3.0,4
981731,3.0,4
981735,3.0,4
981740,4.0,5
981744,3.0,4
981748,3.0,4
981752,3.0,4
981756,3.0,4
981760,3.0,4
981765,4.0,5
981769,3.0,4
981773,3.0,4
981777,3.0,4
981781,3.0,4
981785,3.0,4
981790,4.0,5
981794,3.0,4
981798,3.0,4
981802,3.0,4
981807,4.0,5
981811,3.0,4
981816,4.0,5
981820,3.0,4
981824,3.0,4
981828,3.0,4
981833,4.0,5
981837,3.0,4
981841,3.0,4
981845,3.0,4
981849,3.0,4
981853,3.0,4
981858,4.0,5
981862,3.0,4
981866,3.0,4
981871,4.0,5
981875,3.0,4
981879,3.0,4
981883,3.0,4
981887,3.0,4
981891,3.0,4
981895,3.0,4
981900,4.0,5
981904,3.0,4
981909,4.0,5
981914,4.0,5
981918,3.0,4
981923,4.0,5
981927,3.0,4
981931,3.0,4
981935,3.0,4
981939,3.0,4
981943,3.0,4
981948,4.0,5
981952,3.0,4
981956,3.0,4
981961,4.0,5
981965,3.0,4
981969,3.0,4
981973,3.0,4
981977,3.0,4
981981,3.0,4
981985,3.0,4
981989,3.0,4
981993,3.0,4
981997,3.0,4
982001,3.0,4
982006,4.0,5
982010,3.0,4
982014,3.0,4
982018,3.0,4
982022,3.0,4
982026,3.0,4
982030,3.0,4
982034,3.0,4
982038,3.0,4
982043,4.0,5
982047,3.0,4
982051,3.0,4
982055,3.0,4
982059,3.0,4
982063,3.0,4
982067,3.0,4
982072,4.0,5
982076,3.0,4
982081,4.0,5
982085,3.0,4
982090,4.0,5
982095,4.0,5
982099,3.0,4
982103,3.0,4
982107,3.0,4
982112,4.0,5
982116,3.0,4
982120,3.0,4
982124,3.0,4
982129,4.0,5
982133,3.0,4
982137,3.0,4
982141,3.0,4
982145,3.0,4
982149,3.0,4
982153,3.0,4
982157,3.0,4
982161,3.0,4
982165,3.0,4
982170,4.0,5
982174,3.0,4
982178,3.0,4
982182,3.0,4
982186,3.0,4
982190,3.0,4
982194,3.0,4
982198,3.0,4
982203,4.0,5
982207,3.0,4
982211,3.0,4
982215,3.0,4
982220,4.0,5
982225,4.0,5
982229,3.0,4
982233,3.0,4
982237,3.0,4
982241,3.0,4
982245,3.0,4
982249,3.0,4
982253,3.0,4
982257,3.0,4
982261,3.0,4
982265,3.0,4
982269,3.0,4
982273,3.0,4
982277,3.0,4
982281,3.0,4
982285,3.0,4
982290,4.0,5
982294,3.0,4
982298,3.0,4
982303,4.0,5
982307,3.0,4
982311,3.0,4
982315,3.0,4
982319,3.0,4
982323,3.0,4
982327,3.0,4
982331,3.0,4
982335,3.0,4
982339,3.0,4
982343,3.0,4
982347,3.0,4
982351,3.0,4
982355,3.0,4
982359,3.0,4
982363,3.0,4
982367,3.0,4
982372,4.0,5
982376,3.0,4
982381,4.0,5
982385,3.0,4
982389,3.0,4
982394,4.0,5
982398,3.0,4
982402,3.0,4
982406,3.0,4
982410,3.0,4
982415,4.0,5
982419,3.0,4
982423,3.0,4
982427,3.0,4
982431,3.0,4
982435,3.0,4
982439,3.0,4
982444,4.0,5
982448,3.0,4
982453,4.0,5
982457,3.0,4
982461,3.0,4
982465,3.0,4
982469,3.0,4
982474,4.0,5
982478,3.0,4
982482,3.0,4
982486,3.0,4
982490,3.0,4
982494,3.0,4
982498,3.0,4
982502,3.0,4
982506,3.0,4
982511,4.0,5
982515,3.0,4
982519,3.0,4
982523,3.0,4
982527,3.0,4
982531,3.0,4
982536,4.0,5
982541,4.0,5
982545,3.0,4
982550,4.0,5
982554,3.0,4
982558,3.0,4
982562,3.0,4
982567,4.0,5
982571,3.0,4
982575,3.0,4
982579,3.0,4
982584,4.0,5
982588,3.0,4
982593,4.0,5
982597,3.0,4
982601,3.0,4
982605,3.0,4
982610,4.0,5
982614,3.0,4
982618,3.0,4
982622,3.0,4
982626,3.0,4
982630,3.0,4
982634,3.0,4
982638,3.0,4
982642,3.0,4
982646,3.0,4
982650,3.0,4
982655,4.0,5
982660,4.0,5
982664,3.0,4
982669,4.0,5
982673,3.0,4
982677,3.0,4
982681,3.0,4
982685,3.0,4
982689,3.0,4
982694,4.0,5
982698,3.0,4
982702,3.0,4
982706,3.0,4
982710,3.0,4
982714,3.0,4
982718,3.0,4
982722,3.0,4
982726,3.0,4
982730,3.0,4
982734,3.0,4
982738,3.0,4
982742,3.0,4
982746,3.0,4
982750,3.0,4
982754,3.0,4
982758,3.0,4
982762,3.0,4
982767,4.0,5
982771,3.0,4
982775,3.0,4
982779,3.0,4
982783,3.0,4
982787,3.0,4
982791,3.0,4
982795,3.0,4
982799,3.0,4
982803,3.0,4
982807,3.0,4
982811,3.0,4
982815,3.0,4
982819,3.0,4
982823,3.0,4
982827,3.0,4
982831,3.0,4
982836,4.0,5
982840,3.0,4
982844,3.0,4
982848,3.0,4
982852,3.0,4
982856,3.0,4
982861,4.0,5
982866,4.0,5
982870,3.0,4
982874,3.0,4
982878,3.0,4
982882,3.0,4
982887,4.0,5
982891,3.0,4
982895,3.0,4
982899,3.0,4
982903,3.0,4
982907,3.0,4
982911,3.0,4
982915,3.0,4
982919,3.0,4
982923,3.0,4
982927,3.0,4
982931,3.0,4
982935,3.0,4
982939,3.0,4
982943,3.0,4
982947,3.0,4
982951,3.0,4
982955,3.0,4
982959,3.0,4
982963,3.0,4
982967,3.0,4
982971,3.0,4
982975,3.0,4
982979,3.0,4
982983,3.0,4
982987,3.0,4
982991,3.0,4
982995,3.0,4
983000,4.0,5
983004,3.0,4
983008,3.0,4
983012,3.0,4
983016,3.0,4
983020,3.0,4
983024,3.0,4
983028,3.0,4
983032,3.0,4
983036,3.0,4
983040,3.0,4
983044,3.0,4
983048,3.0,4
983052,3.0,4
983056,3.0,4
983060,3.0,4
983064,3.0,4
983068,3.0,4
983072,3.0,4
983076,3.0,4
983080,3.0,4
983084,3.0,4
983088,3.0,4
983092,3.0,4
983096,3.0,4
983100,3.0,4
983104,3.0,4
983109,4.0,5
983113,3.0,4
983117,3.0,4
983121,3.0,4
983125,3.0,4
983129,3.0,4
983133,3.0,4
983137,3.0,4
983141,3.0,4
983145,3.0,4
983149,3.0,4
983153,3.0,4
983158,4.0,5
983163,4.0,5
983167,3.0,4
983171,3.0,4
983175,3.0,4
983179,3.0,4
983184,4.0,5
983188,3.0,4
983192,3.0,4
983196,3.0,4
983201,4.0,5
983206,4.0,5
983210,3.0,4
983214,3.0,4
983218,3.0,4
983222,3.0,4
983226,3.0,4
983230,3.0,4
983235,4.0,5
983239,3.0,4
983243,3.0,4
983248,4.0,5
983253,4.0,5
983257,3.0,4
983261,3.0,4
983265,3.0,4
983269,3.0,4
983273,3.0,4
983277,3.0,4
983281,3.0,4
983285,3.0,4
983289,3.0,4
983294,4.0,5
983298,3.0,4
983302,3.0,4
983306,3.0,4
983310,3.0,4
983315,4.0,5
983319,3.0,4
983323,3.0,4
983327,3.0,4
983331,3.0,4
983335,3.0,4
983339,3.0,4
983343,3.0,4
983347,3.0,4
983351,3.0,4
983355,3.0,4
983360,4.0,5
983365,4.0,5
983369,3.0,4
983373,3.0,4
983377,3.0,4
983381,3.0,4
983386,4.0,5
983390,3.0,4
983394,3.0,4
983399,4.0,5
983403,3.0,4
983408,4.0,5
983412,3.0,4
983416,3.0,4
983420,3.0,4
983424,3.0,4
983428,3.0,4
983432,3.0,4
983436,3.0,4
983440,3.0,4
983445,4.0,5
983449,3.0,4
983453,3.0,4
983457,3.0,4
983461,3.0,4
983465,3.0,4
983470,4.0,5
983474,3.0,4
983478,3.0,4
983482,3.0,4
983486,3.0,4
983490,3.0,4
983494,3.0,4
983498,3.0,4
983502,3.0,4
983506,3.0,4
983510,3.0,4
983514,3.0,4
983518,3.0,4
983522,3.0,4
983526,3.0,4
983530,3.0,4
983534,3.0,4
983538,3.0,4
983542,3.0,4
983546,3.0,4
983550,3.0,4
983554,3.0,4
983558,3.0,4
983562,3.0,4
983566,3.0,4
983570,3.0,4
983574,3.0,4
983578,3.0,4
983583,4.0,5
983587,3.0,4
983591,3.0,4
983595,3.0,4
983599,3.0,4
983604,4.0,5
983609,4.0,5
983613,3.0,4
983617,3.0,4
983621,3.0,4
983625,3.0,4
983629,3.0,4
983634,4.0,5
983638,3.0,4
983642,3.0,4
983646,3.0,4
983650,3.0,4
983654,3.0,4
983658,3.0,4
983662,3.0,4
983666,3.0,4
983670,3.0,4
983675,4.0,5
983679,3.0,4
983683,3.0,4
983687,3.0,4
983692,4.0,5
983696,3.0,4
983700,3.0,4
983704,3.0,4
983708,3.0,4
983712,3.0,4
983716,3.0,4
983721,4.0,5
983725,3.0,4
983729,3.0,4
983733,3.0,4
983737,3.0,4
983741,3.0,4
983745,3.0,4
983749,3.0,4
983753,3.0,4
983757,3.0,4
983762,4.0,5
983766,3.0,4
983770,3.0,4
983774,3.0,4
983778,3.0,4
983782,3.0,4
983786,3.0,4
983790,3.0,4
983794,3.0,4
983799,4.0,5
983803,3.0,4
983807,3.0,4
983811,3.0,4
983815,3.0,4
983819,3.0,4
983823,3.0,4
983827,3.0,4
983831,3.0,4
983835,3.0,4
983839,3.0,4
983843,3.0,4
983847,3.0,4
983851,3.0,4
983855,3.0,4
983860,4.0,5
983864,3.0,4
983868,3.0,4
983873,4.0,5
983877,3.0,4
983881,3.0,4
983885,3.0,4
983890,4.0,5
983894,3.0,4
983898,3.0,4
983903,4.0,5
983907,3.0,4
983911,3.0,4
983915,3.0,4
983919,3.0,4
983923,3.0,4
983927,3.0,4
983931,3.0,4
983935,3.0,4
983939,3.0,4
983943,3.0,4
983947,3.0,4
983951,3.0,4
983955,3.0,4
983960,4.0,5
983964,3.0,4
983968,3.0,4
983972,3.0,4
983976,3.0,4
983980,3.0,4
983984,3.0,4
983988,3.0,4
983992,3.0,4
983996,3.0,4
984000,3.0,4
984004,3.0,4
984008,3.0,4
984012,3.0,4
984016,3.0,4
984020,3.0,4
984024,3.0,4
984029,4.0,5
984033,3.0,4
984038,4.0,5
984042,3.0,4
984046,3.0,4
984050,3.0,4
984055,4.0,5
984059,3.0,4
984064,4.0,5
984068,3.0,4
984072,3.0,4
984077,4.0,5
984081,3.0,4
984085,3.0,4
984089,3.0,4
984093,3.0,4
984097,3.0,4
984101,3.0,4
984105,3.0,4
984109,3.0,4
984114,4.0,5
984119,4.0,5
984123,3.0,4
984127,3.0,4
984132,4.0,5
984136,3.0,4
984141,4.0,5
984145,3.0,4
984149,3.0,4
984153,3.0,4
984157,3.0,4
984161,3.0,4
984166,4.0,5
984170,3.0,4
984174,3.0,4
984178,3.0,4
984182,3.0,4
984186,3.0,4
984190,3.0,4
984195,4.0,5
984199,3.0,4
984203,3.0,4
984207,3.0,4
984212,4.0,5
984216,3.0,4
984220,3.0,4
984225,4.0,5
984229,3.0,4
984233,3.0,4
984237,3.0,4
984241,3.0,4
984245,3.0,4
984249,3.0,4
984253,3.0,4
984257,3.0,4
984261,3.0,4
984266,4.0,5
984270,3.0,4
984274,3.0,4
984278,3.0,4
984283,4.0,5
984287,3.0,4
984292,4.0,5
984296,3.0,4
984300,3.0,4
984304,3.0,4
984308,3.0,4
984312,3.0,4
984316,3.0,4
984320,3.0,4
984325,4.0,5
984329,3.0,4
984334,4.0,5
984338,3.0,4
984342,3.0,4
984346,3.0,4
984350,3.0,4
984354,3.0,4
984359,4.0,5
984363,3.0,4
984367,3.0,4
984372,4.0,5
984376,3.0,4
984380,3.0,4
984384,3.0,4
984388,3.0,4
984392,3.0,4
984396,3.0,4
984400,3.0,4
984404,3.0,4
984408,3.0,4
984412,3.0,4
984416,3.0,4
984420,3.0,4
984424,3.0,4
984428,3.0,4
984433,4.0,5
984437,3.0,4
984441,3.0,4
984446,4.0,5
984450,3.0,4
984455,4.0,5
984459,3.0,4
984463,3.0,4
984468,4.0,5
984472,3.0,4
984476,3.0,4
984480,3.0,4
984484,3.0,4
984488,3.0,4
984493,4.0,5
984497,3.0,4
984501,3.0,4
984505,3.0,4
984509,3.0,4
984513,3.0,4
984517,3.0,4
984521,3.0,4
984526,4.0,5
984530,3.0,4
984534,3.0,4
984538,3.0,4
984543,4.0,5
984547,3.0,4
984551,3.0,4
984555,3.0,4
984559,3.0,4
984563,3.0,4
984567,3.0,4
984571,3.0,4
984576,4.0,5
984581,4.0,5
984586,4.0,5
984590,3.0,4
984594,3.0,4
984598,3.0,4
984602,3.0,4
984606,3.0,4
984610,3.0,4
984614,3.0,4
984618,3.0,4
984622,3.0,4
984626,3.0,4
984631,4.0,5
984635,3.0,4
984640,4.0,5
984644,3.0,4
984648,3.0,4
984652,3.0,4
984656,3.0,4
984661,4.0,5
984665,3.0,4
984669,3.0,4
984673,3.0,4
984677,3.0,4
984681,3.0,4
984685,3.0,4
984689,3.0,4
984693,3.0,4
984697,3.0,4
984701,3.0,4
984705,3.0,4
984709,3.0,4
984713,3.0,4
984718,4.0,5
984723,4.0,5
984727,3.0,4
984731,3.0,4
984735,3.0,4
984739,3.0,4
984744,4.0,5
984748,3.0,4
984753,4.0,5
984757,3.0,4
984762,4.0,5
984766,3.0,4
984770,3.0,4
984774,3.0,4
984778,3.0,4
984783,4.0,5
984787,3.0,4
984791,3.0,4
984796,4.0,5
984800,3.0,4
984804,3.0,4
984808,3.0,4
984812,3.0,4
984816,3.0,4
984820,3.0,4
984824,3.0,4
984829,4.0,5
984833,3.0,4
984837,3.0,4
984841,3.0,4
984845,3.0,4
984850,4.0,5
984855,4.0,5
984859,3.0,4
984863,3.0,4
984868,4.0,5
984872,3.0,4
984877,4.0,5
984881,3.0,4
984885,3.0,4
984889,3.0,4
984893,3.0,4
984897,3.0,4
984901,3.0,4
984905,3.0,4
984909,3.0,4
984913,3.0,4
984917,3.0,4
984921,3.0,4
984925,3.0,4
984930,4.0,5
984935,4.0,5
984940,4.0,5
984944,3.0,4
984949,4.0,5
984953,3.0,4
984958,4.0,5
984962,3.0,4
984966,3.0,4
984970,3.0,4
984974,3.0,4
984978,3.0,4
984982,3.0,4
984986,3.0,4
984990,3.0,4
984994,3.0,4
984998,3.0,4
985002,3.0,4
985006,3.0,4
985011,4.0,5
985015,3.0,4
985020,4.0,5
985024,3.0,4
985028,3.0,4
985032,3.0,4
985036,3.0,4
985040,3.0,4
985045,4.0,5
985049,3.0,4
985053,3.0,4
985057,3.0,4
985061,3.0,4
985065,3.0,4
985069,3.0,4
985073,3.0,4
985077,3.0,4
985081,3.0,4
985085,3.0,4
985090,4.0,5
985094,3.0,4
985098,3.0,4
985102,3.0,4
985106,3.0,4
985110,3.0,4
985114,3.0,4
985118,3.0,4
985122,3.0,4
985126,3.0,4
985131,4.0,5
985135,3.0,4
985140,4.0,5
985144,3.0,4
985148,3.0,4
985152,3.0,4
985156,3.0,4
985160,3.0,4
985164,3.0,4
985168,3.0,4
985172,3.0,4
985176,3.0,4
985180,3.0,4
985184,3.0,4
985188,3.0,4
985192,3.0,4
985197,4.0,5
985201,3.0,4
985205,3.0,4
985209,3.0,4
985213,3.0,4
985217,3.0,4
985221,3.0,4
985226,4.0,5
985230,3.0,4
985234,3.0,4
985238,3.0,4
985242,3.0,4
985246,3.0,4
985250,3.0,4
985255,4.0,5
985259,3.0,4
985263,3.0,4
985267,3.0,4
985271,3.0,4
985275,3.0,4
985279,3.0,4
985284,4.0,5
985288,3.0,4
985293,4.0,5
985297,3.0,4
985301,3.0,4
985305,3.0,4
985309,3.0,4
985313,3.0,4
985317,3.0,4
985321,3.0,4
985326,4.0,5
985330,3.0,4
985334,3.0,4
985338,3.0,4
985342,3.0,4
985346,3.0,4
985350,3.0,4
985354,3.0,4
985358,3.0,4
985362,3.0,4
985366,3.0,4
985370,3.0,4
985374,3.0,4
985378,3.0,4
985382,3.0,4
985386,3.0,4
985390,3.0,4
985394,3.0,4
985399,4.0,5
985403,3.0,4
985407,3.0,4
985411,3.0,4
985415,3.0,4
985419,3.0,4
985423,3.0,4
985427,3.0,4
985431,3.0,4
985435,3.0,4
985439,3.0,4
985443,3.0,4
985447,3.0,4
985452,4.0,5
985456,3.0,4
985460,3.0,4
985464,3.0,4
985468,3.0,4
985472,3.0,4
985477,4.0,5
985481,3.0,4
985485,3.0,4
985489,3.0,4
985493,3.0,4
985497,3.0,4
985502,4.0,5
985506,3.0,4
985510,3.0,4
985514,3.0,4
985518,3.0,4
985522,3.0,4
985526,3.0,4
985530,3.0,4
985534,3.0,4
985538,3.0,4
985542,3.0,4
985546,3.0,4
985550,3.0,4
985554,3.0,4
985558,3.0,4
985562,3.0,4
985566,3.0,4
985570,3.0,4
985574,3.0,4
985578,3.0,4
985582,3.0,4
985586,3.0,4
985590,3.0,4
985594,3.0,4
985598,3.0,4
985602,3.0,4
985606,3.0,4
985610,3.0,4
985614,3.0,4
985618,3.0,4
985623,4.0,5
985627,3.0,4
985631,3.0,4
985635,3.0,4
985640,4.0,5
985644,3.0,4
985648,3.0,4
985652,3.0,4
985656,3.0,4
985660,3.0,4
985664,3.0,4
985668,3.0,4
985673,4.0,5
985677,3.0,4
985681,3.0,4
985685,3.0,4
985689,3.0,4
985693,3.0,4
985697,3.0,4
985701,3.0,4
985705,3.0,4
985709,3.0,4
985713,3.0,4
985717,3.0,4
985721,3.0,4
985725,3.0,4
985730,4.0,5
985734,3.0,4
985738,3.0,4
985742,3.0,4
985746,3.0,4
985750,3.0,4
985754,3.0,4
985758,3.0,4
985762,3.0,4
985766,3.0,4
985770,3.0,4
985775,4.0,5
985780,4.0,5
985784,3.0,4
985788,3.0,4
985792,3.0,4
985796,3.0,4
985800,3.0,4
985804,3.0,4
985809,4.0,5
985813,3.0,4
985817,3.0,4
985821,3.0,4
985825,3.0,4
985829,3.0,4
985834,4.0,5
985838,3.0,4
985842,3.0,4
985846,3.0,4
985850,3.0,4
985854,3.0,4
985858,3.0,4
985862,3.0,4
985866,3.0,4
985870,3.0,4
985875,4.0,5
985879,3.0,4
985883,3.0,4
985887,3.0,4
985891,3.0,4
985895,3.0,4
985899,3.0,4
985903,3.0,4
985907,3.0,4
985912,4.0,5
985916,3.0,4
985920,3.0,4
985924,3.0,4
985929,4.0,5
985933,3.0,4
985938,4.0,5
985942,3.0,4
985946,3.0,4
985950,3.0,4
985954,3.0,4
985958,3.0,4
985962,3.0,4
985966,3.0,4
985970,3.0,4
985974,3.0,4
985978,3.0,4
985982,3.0,4
985986,3.0,4
985990,3.0,4
985994,3.0,4
985998,3.0,4
986002,3.0,4
986007,4.0,5
986011,3.0,4
986016,4.0,5
986021,4.0,5
986025,3.0,4
986030,4.0,5
986034,3.0,4
986038,3.0,4
986042,3.0,4
986046,3.0,4
986051,4.0,5
986055,3.0,4
986059,3.0,4
986063,3.0,4
986067,3.0,4
986072,4.0,5
986076,3.0,4
986081,4.0,5
986085,3.0,4
986089,3.0,4
986093,3.0,4
986097,3.0,4
986101,3.0,4
986105,3.0,4
986110,4.0,5
986114,3.0,4
986118,3.0,4
986122,3.0,4
986126,3.0,4
986130,3.0,4
986135,4.0,5
986139,3.0,4
986143,3.0,4
986147,3.0,4
986151,3.0,4
986155,3.0,4
986159,3.0,4
986163,3.0,4
986167,3.0,4
986171,3.0,4
986175,3.0,4
986179,3.0,4
986183,3.0,4
986187,3.0,4
986191,3.0,4
986195,3.0,4
986200,4.0,5
986204,3.0,4
986208,3.0,4
986212,3.0,4
986216,3.0,4
986220,3.0,4
986224,3.0,4
986228,3.0,4
986232,3.0,4
986236,3.0,4
986240,3.0,4
986244,3.0,4
986248,3.0,4
986252,3.0,4
986256,3.0,4
986260,3.0,4
986264,3.0,4
986268,3.0,4
986272,3.0,4
986276,3.0,4
986280,3.0,4
986284,3.0,4
986288,3.0,4
986292,3.0,4
986297,4.0,5
986301,3.0,4
986306,4.0,5
986310,3.0,4
986315,4.0,5
986319,3.0,4
986323,3.0,4
986327,3.0,4
986331,3.0,4
986335,3.0,4
986339,3.0,4
986343,3.0,4
986347,3.0,4
986351,3.0,4
986356,4.0,5
986360,3.0,4
986365,4.0,5
986369,3.0,4
986373,3.0,4
986377,3.0,4
986381,3.0,4
986385,3.0,4
986389,3.0,4
986394,4.0,5
986399,4.0,5
986403,3.0,4
986407,3.0,4
986411,3.0,4
986415,3.0,4
986419,3.0,4
986423,3.0,4
986427,3.0,4
986432,4.0,5
986436,3.0,4
986440,3.0,4
986444,3.0,4
986448,3.0,4
986453,4.0,5
986457,3.0,4
986461,3.0,4
986465,3.0,4
986469,3.0,4
986473,3.0,4
986478,4.0,5
986482,3.0,4
986487,4.0,5
986491,3.0,4
986496,4.0,5
986500,3.0,4
986504,3.0,4
986509,4.0,5
986513,3.0,4
986517,3.0,4
986521,3.0,4
986525,3.0,4
986529,3.0,4
986533,3.0,4
986537,3.0,4
986541,3.0,4
986545,3.0,4
986549,3.0,4
986553,3.0,4
986557,3.0,4
986561,3.0,4
986565,3.0,4
986569,3.0,4
986573,3.0,4
986577,3.0,4
986581,3.0,4
986585,3.0,4
986589,3.0,4
986593,3.0,4
986597,3.0,4
986601,3.0,4
986606,4.0,5
986610,3.0,4
986614,3.0,4
986619,4.0,5
986623,3.0,4
986628,4.0,5
986632,3.0,4
986636,3.0,4
986640,3.0,4
986644,3.0,4
986648,3.0,4
986652,3.0,4
986656,3.0,4
986660,3.0,4
986664,3.0,4
986668,3.0,4
986672,3.0,4
986676,3.0,4
986680,3.0,4
986684,3.0,4
986688,3.0,4
986692,3.0,4
986696,3.0,4
986701,4.0,5
986705,3.0,4
986709,3.0,4
986713,3.0,4
986717,3.0,4
986722,4.0,5
986726,3.0,4
986730,3.0,4
986734,3.0,4
986738,3.0,4
986742,3.0,4
986746,3.0,4
986750,3.0,4
986754,3.0,4
986758,3.0,4
986762,3.0,4
986766,3.0,4
986770,3.0,4
986774,3.0,4
986778,3.0,4
986782,3.0,4
986786,3.0,4
986790,3.0,4
986794,3.0,4
986798,3.0,4
986802,3.0,4
986806,3.0,4
986811,4.0,5
986815,3.0,4
986819,3.0,4
986823,3.0,4
986827,3.0,4
986831,3.0,4
986835,3.0,4
986839,3.0,4
986844,4.0,5
986848,3.0,4
986852,3.0,4
986856,3.0,4
986860,3.0,4
986864,3.0,4
986868,3.0,4
986873,4.0,5
986877,3.0,4
986881,3.0,4
986885,3.0,4
986889,3.0,4
986893,3.0,4
986897,3.0,4
986901,3.0,4
986906,4.0,5
986910,3.0,4
986914,3.0,4
986918,3.0,4
986922,3.0,4
986926,3.0,4
986931,4.0,5
986935,3.0,4
986939,3.0,4
986944,4.0,5
986948,3.0,4
986952,3.0,4
986956,3.0,4
986960,3.0,4
986964,3.0,4
986969,4.0,5
986973,3.0,4
986977,3.0,4
986981,3.0,4
986985,3.0,4
986989,3.0,4
986994,4.0,5
986998,3.0,4
987002,3.0,4
987006,3.0,4
987010,3.0,4
987014,3.0,4
987018,3.0,4
987022,3.0,4
987026,3.0,4
987030,3.0,4
987035,4.0,5
987039,3.0,4
987044,4.0,5
987048,3.0,4
987052,3.0,4
987057,4.0,5
987061,3.0,4
987065,3.0,4
987069,3.0,4
987073,3.0,4
987077,3.0,4
987081,3.0,4
987086,4.0,5
987091,4.0,5
987095,3.0,4
987099,3.0,4
987103,3.0,4
987108,4.0,5
987112,3.0,4
987116,3.0,4
987121,4.0,5
987125,3.0,4
987129,3.0,4
987133,3.0,4
987137,3.0,4
987142,4.0,5
987147,4.0,5
987151,3.0,4
987155,3.0,4
987159,3.0,4
987163,3.0,4
987168,4.0,5
987172,3.0,4
987177,4.0,5
987181,3.0,4
987185,3.0,4
987189,3.0,4
987193,3.0,4
987197,3.0,4
987201,3.0,4
987205,3.0,4
987209,3.0,4
987213,3.0,4
987217,3.0,4
987221,3.0,4
987225,3.0,4
987230,4.0,5
987234,3.0,4
987238,3.0,4
987242,3.0,4
987246,3.0,4
987250,3.0,4
987254,3.0,4
987258,3.0,4
987262,3.0,4
987266,3.0,4
987270,3.0,4
987274,3.0,4
987278,3.0,4
987282,3.0,4
987286,3.0,4
987290,3.0,4
987294,3.0,4
987298,3.0,4
987302,3.0,4
987306,3.0,4
987310,3.0,4
987314,3.0,4
987318,3.0,4
987322,3.0,4
987326,3.0,4
987330,3.0,4
987334,3.0,4
987338,3.0,4
987342,3.0,4
987347,4.0,5
987351,3.0,4
987355,3.0,4
987359,3.0,4
987363,3.0,4
987368,4.0,5
987372,3.0,4
987376,3.0,4
987380,3.0,4
987384,3.0,4
987388,3.0,4
987393,4.0,5
987397,3.0,4
987401,3.0,4
987405,3.0,4
987409,3.0,4
987413,3.0,4
987417,3.0,4
987421,3.0,4
987425,3.0,4
987429,3.0,4
987433,3.0,4
987437,3.0,4
987441,3.0,4
987445,3.0,4
987449,3.0,4
987453,3.0,4
987457,3.0,4
987461,3.0,4
987465,3.0,4
987469,3.0,4
987473,3.0,4
987477,3.0,4
987481,3.0,4
987485,3.0,4
987489,3.0,4
987493,3.0,4
987497,3.0,4
987501,3.0,4
987506,4.0,5
987510,3.0,4
987515,4.0,5
987519,3.0,4
987523,3.0,4
987527,3.0,4
987532,4.0,5
987536,3.0,4
987540,3.0,4
987545,4.0,5
987549,3.0,4
987553,3.0,4
987557,3.0,4
987561,3.0,4
987565,3.0,4
987569,3.0,4
987573,3.0,4
987577,3.0,4
987582,4.0,5
987586,3.0,4
987590,3.0,4
987595,4.0,5
987599,3.0,4
987604,4.0,5
987608,3.0,4
987612,3.0,4
987617,4.0,5
987621,3.0,4
987625,3.0,4
987630,4.0,5
987634,3.0,4
987638,3.0,4
987642,3.0,4
987647,4.0,5
987651,3.0,4
987656,4.0,5
987660,3.0,4
987664,3.0,4
987668,3.0,4
987673,4.0,5
987677,3.0,4
987681,3.0,4
987685,3.0,4
987689,3.0,4
987693,3.0,4
987698,4.0,5
987702,3.0,4
987706,3.0,4
987710,3.0,4
987714,3.0,4
987718,3.0,4
987723,4.0,5
987727,3.0,4
987731,3.0,4
987735,3.0,4
987739,3.0,4
987743,3.0,4
987747,3.0,4
987751,3.0,4
987755,3.0,4
987759,3.0,4
987763,3.0,4
987768,4.0,5
987772,3.0,4
987776,3.0,4
987780,3.0,4
987784,3.0,4
987788,3.0,4
987792,3.0,4
987797,4.0,5
987801,3.0,4
987805,3.0,4
987809,3.0,4
987813,3.0,4
987817,3.0,4
987821,3.0,4
987825,3.0,4
987829,3.0,4
987833,3.0,4
987837,3.0,4
987841,3.0,4
987845,3.0,4
987849,3.0,4
987853,3.0,4
987858,4.0,5
987862,3.0,4
987867,4.0,5
987871,3.0,4
987876,4.0,5
987880,3.0,4
987884,3.0,4
987888,3.0,4
987892,3.0,4
987896,3.0,4
987901,4.0,5
987905,3.0,4
987909,3.0,4
987913,3.0,4
987917,3.0,4
987921,3.0,4
987925,3.0,4
987929,3.0,4
987933,3.0,4
987937,3.0,4
987942,4.0,5
987947,4.0,5
987951,3.0,4
987955,3.0,4
987959,3.0,4
987964,4.0,5
987969,4.0,5
987973,3.0,4
987977,3.0,4
987982,4.0,5
987986,3.0,4
987990,3.0,4
987994,3.0,4
987998,3.0,4
988003,4.0,5
988007,3.0,4
988011,3.0,4
988015,3.0,4
988019,3.0,4
988023,3.0,4
988028,4.0,5
988032,3.0,4
988036,3.0,4
988040,3.0,4
988044,3.0,4
988048,3.0,4
988052,3.0,4
988056,3.0,4
988060,3.0,4
988064,3.0,4
988068,3.0,4
988072,3.0,4
988076,3.0,4
988080,3.0,4
988084,3.0,4
988088,3.0,4
988092,3.0,4
988096,3.0,4
988100,3.0,4
988104,3.0,4
988108,3.0,4
988112,3.0,4
988116,3.0,4
988120,3.0,4
988124,3.0,4
988128,3.0,4
988132,3.0,4
988136,3.0,4
988140,3.0,4
988145,4.0,5
988149,3.0,4
988153,3.0,4
988157,3.0,4
988161,3.0,4
988165,3.0,4
988169,3.0,4
988173,3.0,4
988177,3.0,4
988181,3.0,4
988185,3.0,4
988189,3.0,4
988193,3.0,4
988197,3.0,4
988201,3.0,4
988205,3.0,4
988209,3.0,4
988213,3.0,4
988217,3.0,4
988221,3.0,4
988225,3.0,4
988229,3.0,4
988233,3.0,4
988237,3.0,4
988241,3.0,4
988245,3.0,4
988249,3.0,4
988253,3.0,4
988257,3.0,4
988262,4.0,5
988266,3.0,4
988270,3.0,4
988274,3.0,4
988278,3.0,4
988283,4.0,5
988287,3.0,4
988291,3.0,4
988296,4.0,5
988300,3.0,4
988305,4.0,5
988309,3.0,4
988313,3.0,4
988317,3.0,4
988321,3.0,4
988325,3.0,4
988329,3.0,4
988333,3.0,4
988337,3.0,4
988341,3.0,4
988345,3.0,4
988350,4.0,5
988354,3.0,4
988358,3.0,4
988362,3.0,4
988366,3.0,4
988371,4.0,5
988375,3.0,4
988380,4.0,5
988384,3.0,4
988388,3.0,4
988392,3.0,4
988397,4.0,5
988401,3.0,4
988405,3.0,4
988410,4.0,5
988415,4.0,5
988419,3.0,4
988423,3.0,4
988427,3.0,4
988431,3.0,4
988436,4.0,5
988440,3.0,4
988444,3.0,4
988448,3.0,4
988452,3.0,4
988456,3.0,4
988461,4.0,5
988465,3.0,4
988469,3.0,4
988473,3.0,4
988477,3.0,4
988481,3.0,4
988485,3.0,4
988489,3.0,4
988493,3.0,4
988497,3.0,4
988501,3.0,4
988505,3.0,4
988510,4.0,5
988514,3.0,4
988518,3.0,4
988522,3.0,4
988526,3.0,4
988530,3.0,4
988534,3.0,4
988538,3.0,4
988542,3.0,4
988546,3.0,4
988550,3.0,4
988554,3.0,4
988558,3.0,4
988562,3.0,4
988566,3.0,4
988570,3.0,4
988574,3.0,4
988578,3.0,4
988582,3.0,4
988586,3.0,4
988590,3.0,4
988594,3.0,4
988598,3.0,4
988602,3.0,4
988606,3.0,4
988611,4.0,5
988615,3.0,4
988619,3.0,4
988623,3.0,4
988628,4.0,5
988632,3.0,4
988637,4.0,5
988641,3.0,4
988646,4.0,5
988651,4.0,5
988655,3.0,4
988659,3.0,4
988664,4.0,5
988669,4.0,5
988673,3.0,4
988677,3.0,4
988682,4.0,5
988686,3.0,4
988690,3.0,4
988694,3.0,4
988698,3.0,4
988702,3.0,4
988706,3.0,4
988711,4.0,5
988715,3.0,4
988720,4.0,5
988724,3.0,4
988729,4.0,5
988734,4.0,5
988738,3.0,4
988743,4.0,5
988747,3.0,4
988752,4.0,5
988756,3.0,4
988760,3.0,4
988764,3.0,4
988768,3.0,4
988773,4.0,5
988778,4.0,5
988782,3.0,4
988786,3.0,4
988791,4.0,5
988795,3.0,4
988799,3.0,4
988803,3.0,4
988807,3.0,4
988811,3.0,4
988815,3.0,4
988819,3.0,4
988823,3.0,4
988827,3.0,4
988831,3.0,4
988835,3.0,4
988839,3.0,4
988843,3.0,4
988847,3.0,4
988851,3.0,4
988855,3.0,4
988859,3.0,4
988863,3.0,4
988867,3.0,4
988871,3.0,4
988875,3.0,4
988879,3.0,4
988883,3.0,4
988887,3.0,4
988891,3.0,4
988895,3.0,4
988899,3.0,4
988903,3.0,4
988907,3.0,4
988911,3.0,4
988915,3.0,4
988919,3.0,4
988923,3.0,4
988927,3.0,4
988931,3.0,4
988935,3.0,4
988939,3.0,4
988943,3.0,4
988948,4.0,5
988952,3.0,4
988957,4.0,5
988961,3.0,4
988965,3.0,4
988969,3.0,4
988973,3.0,4
988977,3.0,4
988981,3.0,4
988985,3.0,4
988989,3.0,4
988993,3.0,4
988997,3.0,4
989001,3.0,4
989005,3.0,4
989009,3.0,4
989014,4.0,5
989018,3.0,4
989022,3.0,4
989027,4.0,5
989032,4.0,5
989036,3.0,4
989040,3.0,4
989044,3.0,4
989048,3.0,4
989052,3.0,4
989056,3.0,4
989061,4.0,5
989066,4.0,5
989070,3.0,4
989074,3.0,4
989078,3.0,4
989082,3.0,4
989086,3.0,4
989090,3.0,4
989094,3.0,4
989098,3.0,4
989102,3.0,4
989107,4.0,5
989111,3.0,4
989115,3.0,4
989119,3.0,4
989123,3.0,4
989127,3.0,4
989131,3.0,4
989136,4.0,5
989140,3.0,4
989144,3.0,4
989148,3.0,4
989152,3.0,4
989156,3.0,4
989160,3.0,4
989164,3.0,4
989168,3.0,4
989172,3.0,4
989176,3.0,4
989180,3.0,4
989184,3.0,4
989189,4.0,5
989193,3.0,4
989197,3.0,4
989201,3.0,4
989205,3.0,4
989209,3.0,4
989213,3.0,4
989217,3.0,4
989221,3.0,4
989225,3.0,4
989229,3.0,4
989233,3.0,4
989237,3.0,4
989241,3.0,4
989245,3.0,4
989249,3.0,4
989253,3.0,4
989257,3.0,4
989261,3.0,4
989265,3.0,4
989269,3.0,4
989273,3.0,4
989277,3.0,4
989282,4.0,5
989286,3.0,4
989290,3.0,4
989294,3.0,4
989298,3.0,4
989302,3.0,4
989306,3.0,4
989310,3.0,4
989314,3.0,4
989318,3.0,4
989323,4.0,5
989327,3.0,4
989331,3.0,4
989335,3.0,4
989339,3.0,4
989343,3.0,4
989347,3.0,4
989351,3.0,4
989355,3.0,4
989360,4.0,5
989365,4.0,5
989369,3.0,4
989373,3.0,4
989378,4.0,5
989382,3.0,4
989386,3.0,4
989390,3.0,4
989394,3.0,4
989398,3.0,4
989402,3.0,4
989406,3.0,4
989410,3.0,4
989414,3.0,4
989419,4.0,5
989423,3.0,4
989427,3.0,4
989431,3.0,4
989436,4.0,5
989440,3.0,4
989444,3.0,4
989449,4.0,5
989453,3.0,4
989457,3.0,4
989461,3.0,4
989465,3.0,4
989469,3.0,4
989473,3.0,4
989477,3.0,4
989481,3.0,4
989485,3.0,4
989489,3.0,4
989493,3.0,4
989497,3.0,4
989501,3.0,4
989505,3.0,4
989509,3.0,4
989513,3.0,4
989517,3.0,4
989521,3.0,4
989525,3.0,4
989529,3.0,4
989533,3.0,4
989537,3.0,4
989541,3.0,4
989545,3.0,4
989549,3.0,4
989553,3.0,4
989557,3.0,4
989561,3.0,4
989565,3.0,4
989569,3.0,4
989574,4.0,5
989578,3.0,4
989582,3.0,4
989586,3.0,4
989591,4.0,5
989595,3.0,4
989599,3.0,4
989603,3.0,4
989607,3.0,4
989611,3.0,4
989615,3.0,4
989619,3.0,4
989623,3.0,4
989627,3.0,4
989631,3.0,4
989636,4.0,5
989640,3.0,4
989645,4.0,5
989649,3.0,4
989653,3.0,4
989657,3.0,4
989661,3.0,4
989665,3.0,4
989669,3.0,4
989673,3.0,4
989677,3.0,4
989682,4.0,5
989686,3.0,4
989690,3.0,4
989694,3.0,4
989698,3.0,4
989702,3.0,4
989707,4.0,5
989711,3.0,4
989715,3.0,4
989719,3.0,4
989723,3.0,4
989728,4.0,5
989732,3.0,4
989736,3.0,4
989740,3.0,4
989744,3.0,4
989748,3.0,4
989752,3.0,4
989757,4.0,5
989761,3.0,4
989766,4.0,5
989770,3.0,4
989774,3.0,4
989778,3.0,4
989782,3.0,4
989787,4.0,5
989791,3.0,4
989795,3.0,4
989799,3.0,4
989803,3.0,4
989807,3.0,4
989811,3.0,4
989815,3.0,4
989819,3.0,4
989823,3.0,4
989828,4.0,5
989832,3.0,4
989836,3.0,4
989840,3.0,4
989844,3.0,4
989849,4.0,5
989854,4.0,5
989858,3.0,4
989862,3.0,4
989867,4.0,5
989871,3.0,4
989875,3.0,4
989879,3.0,4
989883,3.0,4
989887,3.0,4
989891,3.0,4
989895,3.0,4
989899,3.0,4
989904,4.0,5
989908,3.0,4
989912,3.0,4
989916,3.0,4
989920,3.0,4
989924,3.0,4
989928,3.0,4
989932,3.0,4
989936,3.0,4
989940,3.0,4
989944,3.0,4
989948,3.0,4
989952,3.0,4
989957,4.0,5
989961,3.0,4
989966,4.0,5
989970,3.0,4
989974,3.0,4
989979,4.0,5
989983,3.0,4
989987,3.0,4
989991,3.0,4
989995,3.0,4
989999,3.0,4
990003,3.0,4
990007,3.0,4
990011,3.0,4
990015,3.0,4
990019,3.0,4
990023,3.0,4
990027,3.0,4
990031,3.0,4
990036,4.0,5
990040,3.0,4
990044,3.0,4
990049,4.0,5
990053,3.0,4
990057,3.0,4
990061,3.0,4
990065,3.0,4
990069,3.0,4
990073,3.0,4
990077,3.0,4
990081,3.0,4
990085,3.0,4
990089,3.0,4
990094,4.0,5
990098,3.0,4
990102,3.0,4
990106,3.0,4
990110,3.0,4
990114,3.0,4
990119,4.0,5
990123,3.0,4
990127,3.0,4
990131,3.0,4
990135,3.0,4
990139,3.0,4
990143,3.0,4
990147,3.0,4
990151,3.0,4
990155,3.0,4
990159,3.0,4
990163,3.0,4
990167,3.0,4
990171,3.0,4
990175,3.0,4
990180,4.0,5
990184,3.0,4
990188,3.0,4
990192,3.0,4
990196,3.0,4
990200,3.0,4
990204,3.0,4
990208,3.0,4
990212,3.0,4
990216,3.0,4
990220,3.0,4
990224,3.0,4
990228,3.0,4
990232,3.0,4
990236,3.0,4
990241,4.0,5
990245,3.0,4
990249,3.0,4
990253,3.0,4
990257,3.0,4
990262,4.0,5
990267,4.0,5
990271,3.0,4
990275,3.0,4
990279,3.0,4
990283,3.0,4
990288,4.0,5
990292,3.0,4
990296,3.0,4
990300,3.0,4
990304,3.0,4
990309,4.0,5
990314,4.0,5
990318,3.0,4
990322,3.0,4
990326,3.0,4
990330,3.0,4
990334,3.0,4
990339,4.0,5
990343,3.0,4
990347,3.0,4
990351,3.0,4
990355,3.0,4
990359,3.0,4
990363,3.0,4
990367,3.0,4
990371,3.0,4
990376,4.0,5
990380,3.0,4
990384,3.0,4
990388,3.0,4
990392,3.0,4
990396,3.0,4
990400,3.0,4
990404,3.0,4
990408,3.0,4
990412,3.0,4
990416,3.0,4
990421,4.0,5
990425,3.0,4
990429,3.0,4
990434,4.0,5
990438,3.0,4
990442,3.0,4
990446,3.0,4
990450,3.0,4
990455,4.0,5
990459,3.0,4
990463,3.0,4
990467,3.0,4
990471,3.0,4
990476,4.0,5
990480,3.0,4
990484,3.0,4
990489,4.0,5
990493,3.0,4
990497,3.0,4
990501,3.0,4
990506,4.0,5
990510,3.0,4
990514,3.0,4
990518,3.0,4
990522,3.0,4
990526,3.0,4
990530,3.0,4
990534,3.0,4
990538,3.0,4
990542,3.0,4
990546,3.0,4
990550,3.0,4
990554,3.0,4
990558,3.0,4
990562,3.0,4
990566,3.0,4
990570,3.0,4
990574,3.0,4
990578,3.0,4
990582,3.0,4
990586,3.0,4
990590,3.0,4
990594,3.0,4
990598,3.0,4
990602,3.0,4
990606,3.0,4
990610,3.0,4
990614,3.0,4
990618,3.0,4
990622,3.0,4
990626,3.0,4
990630,3.0,4
990634,3.0,4
990638,3.0,4
990642,3.0,4
990646,3.0,4
990650,3.0,4
990654,3.0,4
990658,3.0,4
990662,3.0,4
990666,3.0,4
990670,3.0,4
990674,3.0,4
990678,3.0,4
990682,3.0,4
990686,3.0,4
990690,3.0,4
990694,3.0,4
990699,4.0,5
990703,3.0,4
990707,3.0,4
990711,3.0,4
990715,3.0,4
990719,3.0,4
990723,3.0,4
990727,3.0,4
990731,3.0,4
990735,3.0,4
990740,4.0,5
990744,3.0,4
990748,3.0,4
990753,4.0,5
990757,3.0,4
990762,4.0,5
990766,3.0,4
990770,3.0,4
990774,3.0,4
990778,3.0,4
990782,3.0,4
990786,3.0,4
990790,3.0,4
990794,3.0,4
990799,4.0,5
990803,3.0,4
990807,3.0,4
990812,4.0,5
990816,3.0,4
990820,3.0,4
990824,3.0,4
990828,3.0,4
990832,3.0,4
990836,3.0,4
990840,3.0,4
990845,4.0,5
990849,3.0,4
990853,3.0,4
990857,3.0,4
990862,4.0,5
990866,3.0,4
990871,4.0,5
990876,4.0,5
990880,3.0,4
990884,3.0,4
990888,3.0,4
990892,3.0,4
990896,3.0,4
990900,3.0,4
990904,3.0,4
990908,3.0,4
990912,3.0,4
990916,3.0,4
990920,3.0,4
990924,3.0,4
990928,3.0,4
990932,3.0,4
990936,3.0,4
990940,3.0,4
990944,3.0,4
990948,3.0,4
990952,3.0,4
990956,3.0,4
990960,3.0,4
990964,3.0,4
990968,3.0,4
990972,3.0,4
990976,3.0,4
990980,3.0,4
990984,3.0,4
990988,3.0,4
990992,3.0,4
990996,3.0,4
991000,3.0,4
991004,3.0,4
991008,3.0,4
991012,3.0,4
991016,3.0,4
991020,3.0,4
991024,3.0,4
991028,3.0,4
991032,3.0,4
991036,3.0,4
991040,3.0,4
991044,3.0,4
991048,3.0,4
991052,3.0,4
991056,3.0,4
991060,3.0,4
991064,3.0,4
991069,4.0,5
991073,3.0,4
991077,3.0,4
991081,3.0,4
991085,3.0,4
991089,3.0,4
991093,3.0,4
991097,3.0,4
991102,4.0,5
991106,3.0,4
991110,3.0,4
991114,3.0,4
991118,3.0,4
991122,3.0,4
991126,3.0,4
991130,3.0,4
991134,3.0,4
991138,3.0,4
991142,3.0,4
991146,3.0,4
991150,3.0,4
991154,3.0,4
991158,3.0,4
991162,3.0,4
991166,3.0,4
991171,4.0,5
991175,3.0,4
991179,3.0,4
991183,3.0,4
991187,3.0,4
991191,3.0,4
991195,3.0,4
991199,3.0,4
991203,3.0,4
991207,3.0,4
991211,3.0,4
991215,3.0,4
991219,3.0,4
991223,3.0,4
991227,3.0,4
991231,3.0,4
991235,3.0,4
991239,3.0,4
991243,3.0,4
991247,3.0,4
991251,3.0,4
991255,3.0,4
991259,3.0,4
991263,3.0,4
991267,3.0,4
991271,3.0,4
991276,4.0,5
991280,3.0,4
991284,3.0,4
991288,3.0,4
991292,3.0,4
991297,4.0,5
991301,3.0,4
991305,3.0,4
991309,3.0,4
991314,4.0,5
991318,3.0,4
991322,3.0,4
991326,3.0,4
991330,3.0,4
991334,3.0,4
991339,4.0,5
991343,3.0,4
991347,3.0,4
991351,3.0,4
991355,3.0,4
991359,3.0,4
991363,3.0,4
991367,3.0,4
991371,3.0,4
991375,3.0,4
991379,3.0,4
991383,3.0,4
991387,3.0,4
991391,3.0,4
991395,3.0,4
991399,3.0,4
991403,3.0,4
991407,3.0,4
991412,4.0,5
991416,3.0,4
991420,3.0,4
991424,3.0,4
991428,3.0,4
991432,3.0,4
991437,4.0,5
991441,3.0,4
991445,3.0,4
991450,4.0,5
991454,3.0,4
991458,3.0,4
991463,4.0,5
991468,4.0,5
991472,3.0,4
991476,3.0,4
991480,3.0,4
991484,3.0,4
991489,4.0,5
991493,3.0,4
991497,3.0,4
991501,3.0,4
991505,3.0,4
991509,3.0,4
991513,3.0,4
991517,3.0,4
991521,3.0,4
991525,3.0,4
991529,3.0,4
991533,3.0,4
991537,3.0,4
991541,3.0,4
991545,3.0,4
991549,3.0,4
991553,3.0,4
991557,3.0,4
991561,3.0,4
991565,3.0,4
991569,3.0,4
991573,3.0,4
991577,3.0,4
991581,3.0,4
991585,3.0,4
991589,3.0,4
991593,3.0,4
991597,3.0,4
991601,3.0,4
991605,3.0,4
991609,3.0,4
991613,3.0,4
991617,3.0,4
991621,3.0,4
991625,3.0,4
991630,4.0,5
991634,3.0,4
991638,3.0,4
991642,3.0,4
991646,3.0,4
991650,3.0,4
991654,3.0,4
991658,3.0,4
991662,3.0,4
991666,3.0,4
991670,3.0,4
991674,3.0,4
991678,3.0,4
991682,3.0,4
991686,3.0,4
991690,3.0,4
991694,3.0,4
991698,3.0,4
991702,3.0,4
991706,3.0,4
991710,3.0,4
991714,3.0,4
991718,3.0,4
991722,3.0,4
991726,3.0,4
991730,3.0,4
991734,3.0,4
991738,3.0,4
991742,3.0,4
991746,3.0,4
991750,3.0,4
991754,3.0,4
991758,3.0,4
991762,3.0,4
991766,3.0,4
991770,3.0,4
991774,3.0,4
991778,3.0,4
991782,3.0,4
991787,4.0,5
991791,3.0,4
991795,3.0,4
991799,3.0,4
991803,3.0,4
991807,3.0,4
991811,3.0,4
991815,3.0,4
991819,3.0,4
991823,3.0,4
991827,3.0,4
991831,3.0,4
991835,3.0,4
991839,3.0,4
991843,3.0,4
991847,3.0,4
991851,3.0,4
991855,3.0,4
991859,3.0,4
991863,3.0,4
991867,3.0,4
991871,3.0,4
991875,3.0,4
991879,3.0,4
991884,4.0,5
991888,3.0,4
991893,4.0,5
991897,3.0,4
991901,3.0,4
991905,3.0,4
991909,3.0,4
991913,3.0,4
991917,3.0,4
991921,3.0,4
991925,3.0,4
991929,3.0,4
991933,3.0,4
991937,3.0,4
991941,3.0,4
991945,3.0,4
991949,3.0,4
991953,3.0,4
991957,3.0,4
991961,3.0,4
991965,3.0,4
991969,3.0,4
991973,3.0,4
991977,3.0,4
991981,3.0,4
991985,3.0,4
991989,3.0,4
991993,3.0,4
991997,3.0,4
992001,3.0,4
992005,3.0,4
992010,4.0,5
992014,3.0,4
992018,3.0,4
992022,3.0,4
992026,3.0,4
992030,3.0,4
992034,3.0,4
992038,3.0,4
992043,4.0,5
992047,3.0,4
992051,3.0,4
992055,3.0,4
992059,3.0,4
992063,3.0,4
992067,3.0,4
992071,3.0,4
992075,3.0,4
992079,3.0,4
992083,3.0,4
992087,3.0,4
992091,3.0,4
992095,3.0,4
992100,4.0,5
992104,3.0,4
992108,3.0,4
992112,3.0,4
992116,3.0,4
992120,3.0,4
992124,3.0,4
992128,3.0,4
992132,3.0,4
992137,4.0,5
992141,3.0,4
992145,3.0,4
992149,3.0,4
992154,4.0,5
992158,3.0,4
992162,3.0,4
992166,3.0,4
992170,3.0,4
992174,3.0,4
992178,3.0,4
992182,3.0,4
992187,4.0,5
992192,4.0,5
992196,3.0,4
992200,3.0,4
992204,3.0,4
992209,4.0,5
992213,3.0,4
992217,3.0,4
992221,3.0,4
992225,3.0,4
992229,3.0,4
992233,3.0,4
992238,4.0,5
992242,3.0,4
992246,3.0,4
992250,3.0,4
992254,3.0,4
992258,3.0,4
992262,3.0,4
992266,3.0,4
992270,3.0,4
992274,3.0,4
992278,3.0,4
992283,4.0,5
992287,3.0,4
992291,3.0,4
992295,3.0,4
992300,4.0,5
992304,3.0,4
992308,3.0,4
992312,3.0,4
992316,3.0,4
992320,3.0,4
992324,3.0,4
992328,3.0,4
992332,3.0,4
992336,3.0,4
992341,4.0,5
992345,3.0,4
992349,3.0,4
992353,3.0,4
992357,3.0,4
992361,3.0,4
992365,3.0,4
992369,3.0,4
992373,3.0,4
992377,3.0,4
992381,3.0,4
992386,4.0,5
992390,3.0,4
992394,3.0,4
992398,3.0,4
992402,3.0,4
992406,3.0,4
992410,3.0,4
992414,3.0,4
992418,3.0,4
992422,3.0,4
992426,3.0,4
992430,3.0,4
992434,3.0,4
992438,3.0,4
992442,3.0,4
992446,3.0,4
992450,3.0,4
992455,4.0,5
992459,3.0,4
992463,3.0,4
992467,3.0,4
992471,3.0,4
992475,3.0,4
992479,3.0,4
992483,3.0,4
992487,3.0,4
992491,3.0,4
992495,3.0,4
992499,3.0,4
992503,3.0,4
992507,3.0,4
992512,4.0,5
992516,3.0,4
992521,4.0,5
992525,3.0,4
992529,3.0,4
992533,3.0,4
992538,4.0,5
992542,3.0,4
992546,3.0,4
992550,3.0,4
992555,4.0,5
992559,3.0,4
992563,3.0,4
992567,3.0,4
992571,3.0,4
992575,3.0,4
992579,3.0,4
992583,3.0,4
992588,4.0,5
992592,3.0,4
992596,3.0,4
992600,3.0,4
992604,3.0,4
992608,3.0,4
992612,3.0,4
992616,3.0,4
992620,3.0,4
992624,3.0,4
992629,4.0,5
992633,3.0,4
992637,3.0,4
992641,3.0,4
992646,4.0,5
992651,4.0,5
992655,3.0,4
992659,3.0,4
992663,3.0,4
992667,3.0,4
992671,3.0,4
992676,4.0,5
992680,3.0,4
992684,3.0,4
992688,3.0,4
992692,3.0,4
992696,3.0,4
992700,3.0,4
992704,3.0,4
992708,3.0,4
992712,3.0,4
992717,4.0,5
992721,3.0,4
992725,3.0,4
992729,3.0,4
992733,3.0,4
992737,3.0,4
992741,3.0,4
992745,3.0,4
992749,3.0,4
992753,3.0,4
992757,3.0,4
992761,3.0,4
992765,3.0,4
992769,3.0,4
992773,3.0,4
992777,3.0,4
992781,3.0,4
992785,3.0,4
992789,3.0,4
992793,3.0,4
992797,3.0,4
992801,3.0,4
992806,4.0,5
992810,3.0,4
992814,3.0,4
992818,3.0,4
992822,3.0,4
992827,4.0,5
992831,3.0,4
992835,3.0,4
992839,3.0,4
992843,3.0,4
992847,3.0,4
992851,3.0,4
992855,3.0,4
992860,4.0,5
992865,4.0,5
992869,3.0,4
992873,3.0,4
992878,4.0,5
992882,3.0,4
992886,3.0,4
992890,3.0,4
992894,3.0,4
992898,3.0,4
992902,3.0,4
992907,4.0,5
992911,3.0,4
992916,4.0,5
992920,3.0,4
992924,3.0,4
992928,3.0,4
992932,3.0,4
992936,3.0,4
992940,3.0,4
992944,3.0,4
992948,3.0,4
992952,3.0,4
992956,3.0,4
992960,3.0,4
992964,3.0,4
992968,3.0,4
992972,3.0,4
992976,3.0,4
992980,3.0,4
992985,4.0,5
992989,3.0,4
992993,3.0,4
992997,3.0,4
993002,4.0,5
993007,4.0,5
993011,3.0,4
993015,3.0,4
993019,3.0,4
993023,3.0,4
993027,3.0,4
993031,3.0,4
993035,3.0,4
993039,3.0,4
993043,3.0,4
993047,3.0,4
993052,4.0,5
993056,3.0,4
993060,3.0,4
993064,3.0,4
993069,4.0,5
993073,3.0,4
993077,3.0,4
993081,3.0,4
993085,3.0,4
993089,3.0,4
993093,3.0,4
993097,3.0,4
993101,3.0,4
993105,3.0,4
993109,3.0,4
993113,3.0,4
993117,3.0,4
993121,3.0,4
993125,3.0,4
993129,3.0,4
993133,3.0,4
993137,3.0,4
993141,3.0,4
993145,3.0,4
993149,3.0,4
993153,3.0,4
993158,4.0,5
993162,3.0,4
993166,3.0,4
993170,3.0,4
993174,3.0,4
993178,3.0,4
993182,3.0,4
993186,3.0,4
993190,3.0,4
993194,3.0,4
993198,3.0,4
993202,3.0,4
993206,3.0,4
993210,3.0,4
993214,3.0,4
993218,3.0,4
993222,3.0,4
993226,3.0,4
993230,3.0,4
993234,3.0,4
993238,3.0,4
993242,3.0,4
993246,3.0,4
993250,3.0,4
993254,3.0,4
993258,3.0,4
993262,3.0,4
993266,3.0,4
993270,3.0,4
993274,3.0,4
993278,3.0,4
993282,3.0,4
993286,3.0,4
993290,3.0,4
993294,3.0,4
993298,3.0,4
993302,3.0,4
993306,3.0,4
993310,3.0,4
993314,3.0,4
993318,3.0,4
993322,3.0,4
993326,3.0,4
993331,4.0,5
993335,3.0,4
993339,3.0,4
993343,3.0,4
993348,4.0,5
993352,3.0,4
993357,4.0,5
993362,4.0,5
993366,3.0,4
993370,3.0,4
993374,3.0,4
993378,3.0,4
993382,3.0,4
993386,3.0,4
993390,3.0,4
993394,3.0,4
993398,3.0,4
993403,4.0,5
993407,3.0,4
993411,3.0,4
993415,3.0,4
993419,3.0,4
993423,3.0,4
993427,3.0,4
993431,3.0,4
993435,3.0,4
993439,3.0,4
993443,3.0,4
993447,3.0,4
993452,4.0,5
993456,3.0,4
993460,3.0,4
993464,3.0,4
993468,3.0,4
993472,3.0,4
993476,3.0,4
993480,3.0,4
993484,3.0,4
993488,3.0,4
993492,3.0,4
993496,3.0,4
993500,3.0,4
993504,3.0,4
993508,3.0,4
993513,4.0,5
993517,3.0,4
993522,4.0,5
993526,3.0,4
993530,3.0,4
993535,4.0,5
993539,3.0,4
993543,3.0,4
993547,3.0,4
993552,4.0,5
993556,3.0,4
993560,3.0,4
993564,3.0,4
993568,3.0,4
993572,3.0,4
993576,3.0,4
993580,3.0,4
993584,3.0,4
993588,3.0,4
993592,3.0,4
993596,3.0,4
993600,3.0,4
993604,3.0,4
993608,3.0,4
993612,3.0,4
993616,3.0,4
993620,3.0,4
993624,3.0,4
993628,3.0,4
993632,3.0,4
993636,3.0,4
993640,3.0,4
993644,3.0,4
993648,3.0,4
993652,3.0,4
993656,3.0,4
993660,3.0,4
993664,3.0,4
993668,3.0,4
993673,4.0,5
993677,3.0,4
993681,3.0,4
993685,3.0,4
993689,3.0,4
993693,3.0,4
993697,3.0,4
993701,3.0,4
993705,3.0,4
993709,3.0,4
993714,4.0,5
993718,3.0,4
993722,3.0,4
993726,3.0,4
993730,3.0,4
993735,4.0,5
993739,3.0,4
993743,3.0,4
993747,3.0,4
993751,3.0,4
993755,3.0,4
993759,3.0,4
993763,3.0,4
993767,3.0,4
993771,3.0,4
993775,3.0,4
993779,3.0,4
993783,3.0,4
993787,3.0,4
993791,3.0,4
993795,3.0,4
993800,4.0,5
993804,3.0,4
993808,3.0,4
993812,3.0,4
993816,3.0,4
993820,3.0,4
993824,3.0,4
993828,3.0,4
993832,3.0,4
993836,3.0,4
993840,3.0,4
993844,3.0,4
993848,3.0,4
993852,3.0,4
993856,3.0,4
993860,3.0,4
993864,3.0,4
993868,3.0,4
993872,3.0,4
993876,3.0,4
993881,4.0,5
993885,3.0,4
993889,3.0,4
993893,3.0,4
993898,4.0,5
993902,3.0,4
993906,3.0,4
993910,3.0,4
993914,3.0,4
993918,3.0,4
993922,3.0,4
993927,4.0,5
993931,3.0,4
993935,3.0,4
993939,3.0,4
993944,4.0,5
993948,3.0,4
993952,3.0,4
993956,3.0,4
993960,3.0,4
993964,3.0,4
993968,3.0,4
993972,3.0,4
993976,3.0,4
993981,4.0,5
993985,3.0,4
993989,3.0,4
993993,3.0,4
993998,4.0,5
994002,3.0,4
994006,3.0,4
994010,3.0,4
994014,3.0,4
994019,4.0,5
994023,3.0,4
994027,3.0,4
994031,3.0,4
994035,3.0,4
994039,3.0,4
994043,3.0,4
994047,3.0,4
994051,3.0,4
994056,4.0,5
994060,3.0,4
994064,3.0,4
994068,3.0,4
994072,3.0,4
994076,3.0,4
994080,3.0,4
994084,3.0,4
994088,3.0,4
994092,3.0,4
994096,3.0,4
994100,3.0,4
994104,3.0,4
994108,3.0,4
994112,3.0,4
994117,4.0,5
994121,3.0,4
994125,3.0,4
994129,3.0,4
994133,3.0,4
994137,3.0,4
994141,3.0,4
994145,3.0,4
994150,4.0,5
994154,3.0,4
994158,3.0,4
994162,3.0,4
994167,4.0,5
994171,3.0,4
994175,3.0,4
994179,3.0,4
994184,4.0,5
994188,3.0,4
994192,3.0,4
994196,3.0,4
994200,3.0,4
994204,3.0,4
994209,4.0,5
994214,4.0,5
994218,3.0,4
994222,3.0,4
994226,3.0,4
994230,3.0,4
994234,3.0,4
994239,4.0,5
994243,3.0,4
994247,3.0,4
994251,3.0,4
994255,3.0,4
994260,4.0,5
994264,3.0,4
994269,4.0,5
994273,3.0,4
994277,3.0,4
994282,4.0,5
994286,3.0,4
994290,3.0,4
994294,3.0,4
994298,3.0,4
994302,3.0,4
994306,3.0,4
994310,3.0,4
994314,3.0,4
994318,3.0,4
994322,3.0,4
994326,3.0,4
994330,3.0,4
994334,3.0,4
994338,3.0,4
994342,3.0,4
994347,4.0,5
994351,3.0,4
994355,3.0,4
994359,3.0,4
994363,3.0,4
994367,3.0,4
994372,4.0,5
994376,3.0,4
994380,3.0,4
994385,4.0,5
994389,3.0,4
994393,3.0,4
994397,3.0,4
994401,3.0,4
994405,3.0,4
994409,3.0,4
994413,3.0,4
994417,3.0,4
994421,3.0,4
994425,3.0,4
994429,3.0,4
994433,3.0,4
994437,3.0,4
994441,3.0,4
994445,3.0,4
994450,4.0,5
994454,3.0,4
994459,4.0,5
994463,3.0,4
994467,3.0,4
994471,3.0,4
994475,3.0,4
994479,3.0,4
994483,3.0,4
994487,3.0,4
994491,3.0,4
994495,3.0,4
994499,3.0,4
994503,3.0,4
994507,3.0,4
994511,3.0,4
994515,3.0,4
994519,3.0,4
994523,3.0,4
994527,3.0,4
994531,3.0,4
994535,3.0,4
994539,3.0,4
994544,4.0,5
994548,3.0,4
994552,3.0,4
994556,3.0,4
994560,3.0,4
994564,3.0,4
994568,3.0,4
994572,3.0,4
994576,3.0,4
994581,4.0,5
994585,3.0,4
994589,3.0,4
994593,3.0,4
994597,3.0,4
994601,3.0,4
994605,3.0,4
994609,3.0,4
994614,4.0,5
994618,3.0,4
994622,3.0,4
994626,3.0,4
994630,3.0,4
994634,3.0,4
994638,3.0,4
994642,3.0,4
994646,3.0,4
994651,4.0,5
994655,3.0,4
994659,3.0,4
994663,3.0,4
994667,3.0,4
994671,3.0,4
994675,3.0,4
994680,4.0,5
994684,3.0,4
994689,4.0,5
994693,3.0,4
994697,3.0,4
994702,4.0,5
994706,3.0,4
994710,3.0,4
994714,3.0,4
994718,3.0,4
994723,4.0,5
994727,3.0,4
994731,3.0,4
994735,3.0,4
994739,3.0,4
994743,3.0,4
994747,3.0,4
994752,4.0,5
994756,3.0,4
994760,3.0,4
994764,3.0,4
994768,3.0,4
994772,3.0,4
994776,3.0,4
994780,3.0,4
994784,3.0,4
994788,3.0,4
994792,3.0,4
994796,3.0,4
994800,3.0,4
994804,3.0,4
994808,3.0,4
994812,3.0,4
994816,3.0,4
994820,3.0,4
994824,3.0,4
994828,3.0,4
994833,4.0,5
994837,3.0,4
994841,3.0,4
994845,3.0,4
994849,3.0,4
994853,3.0,4
994857,3.0,4
994861,3.0,4
994865,3.0,4
994869,3.0,4
994873,3.0,4
994877,3.0,4
994881,3.0,4
994885,3.0,4
994889,3.0,4
994893,3.0,4
994897,3.0,4
994901,3.0,4
994905,3.0,4
994909,3.0,4
994913,3.0,4
994917,3.0,4
994921,3.0,4
994925,3.0,4
994929,3.0,4
994933,3.0,4
994937,3.0,4
994941,3.0,4
994945,3.0,4
994949,3.0,4
994953,3.0,4
994957,3.0,4
994961,3.0,4
994965,3.0,4
994969,3.0,4
994973,3.0,4
994978,4.0,5
994982,3.0,4
994986,3.0,4
994990,3.0,4
994994,3.0,4
994998,3.0,4
995002,3.0,4
995006,3.0,4
995010,3.0,4
995014,3.0,4
995018,3.0,4
995022,3.0,4
995026,3.0,4
995030,3.0,4
995034,3.0,4
995038,3.0,4
995042,3.0,4
995046,3.0,4
995050,3.0,4
995054,3.0,4
995058,3.0,4
995062,3.0,4
995066,3.0,4
995070,3.0,4
995074,3.0,4
995079,4.0,5
995083,3.0,4
995087,3.0,4
995091,3.0,4
995095,3.0,4
995099,3.0,4
995103,3.0,4
995107,3.0,4
995111,3.0,4
995115,3.0,4
995119,3.0,4
995123,3.0,4
995128,4.0,5
995132,3.0,4
995136,3.0,4
995140,3.0,4
995144,3.0,4
995148,3.0,4
995152,3.0,4
995156,3.0,4
995160,3.0,4
995164,3.0,4
995168,3.0,4
995172,3.0,4
995176,3.0,4
995180,3.0,4
995185,4.0,5
995190,4.0,5
995194,3.0,4
995198,3.0,4
995202,3.0,4
995207,4.0,5
995211,3.0,4
995215,3.0,4
995220,4.0,5
995224,3.0,4
995228,3.0,4
995232,3.0,4
995236,3.0,4
995241,4.0,5
995246,4.0,5
995250,3.0,4
995255,4.0,5
995259,3.0,4
995263,3.0,4
995267,3.0,4
995271,3.0,4
995275,3.0,4
995280,4.0,5
995284,3.0,4
995288,3.0,4
995292,3.0,4
995296,3.0,4
995300,3.0,4
995305,4.0,5
995310,4.0,5
995314,3.0,4
995318,3.0,4
995322,3.0,4
995326,3.0,4
995330,3.0,4
995334,3.0,4
995338,3.0,4
995342,3.0,4
995347,4.0,5
995351,3.0,4
995355,3.0,4
995360,4.0,5
995365,4.0,5
995369,3.0,4
995373,3.0,4
995377,3.0,4
995381,3.0,4
995385,3.0,4
995389,3.0,4
995393,3.0,4
995397,3.0,4
995401,3.0,4
995405,3.0,4
995409,3.0,4
995413,3.0,4
995417,3.0,4
995421,3.0,4
995425,3.0,4
995429,3.0,4
995434,4.0,5
995438,3.0,4
995442,3.0,4
995447,4.0,5
995451,3.0,4
995455,3.0,4
995459,3.0,4
995464,4.0,5
995468,3.0,4
995472,3.0,4
995476,3.0,4
995480,3.0,4
995484,3.0,4
995488,3.0,4
995492,3.0,4
995497,4.0,5
995501,3.0,4
995505,3.0,4
995509,3.0,4
995513,3.0,4
995517,3.0,4
995521,3.0,4
995525,3.0,4
995529,3.0,4
995533,3.0,4
995537,3.0,4
995541,3.0,4
995545,3.0,4
995549,3.0,4
995553,3.0,4
995557,3.0,4
995562,4.0,5
995566,3.0,4
995570,3.0,4
995574,3.0,4
995578,3.0,4
995583,4.0,5
995587,3.0,4
995591,3.0,4
995595,3.0,4
995599,3.0,4
995604,4.0,5
995608,3.0,4
995612,3.0,4
995616,3.0,4
995620,3.0,4
995624,3.0,4
995628,3.0,4
995632,3.0,4
995636,3.0,4
995640,3.0,4
995644,3.0,4
995648,3.0,4
995652,3.0,4
995657,4.0,5
995661,3.0,4
995665,3.0,4
995669,3.0,4
995674,4.0,5
995678,3.0,4
995682,3.0,4
995686,3.0,4
995690,3.0,4
995694,3.0,4
995698,3.0,4
995702,3.0,4
995706,3.0,4
995710,3.0,4
995714,3.0,4
995719,4.0,5
995723,3.0,4
995727,3.0,4
995732,4.0,5
995736,3.0,4
995740,3.0,4
995744,3.0,4
995748,3.0,4
995752,3.0,4
995756,3.0,4
995760,3.0,4
995764,3.0,4
995768,3.0,4
995772,3.0,4
995777,4.0,5
995781,3.0,4
995785,3.0,4
995789,3.0,4
995794,4.0,5
995799,4.0,5
995803,3.0,4
995807,3.0,4
995811,3.0,4
995815,3.0,4
995819,3.0,4
995823,3.0,4
995827,3.0,4
995831,3.0,4
995835,3.0,4
995839,3.0,4
995844,4.0,5
995848,3.0,4
995853,4.0,5
995857,3.0,4
995861,3.0,4
995865,3.0,4
995869,3.0,4
995873,3.0,4
995877,3.0,4
995881,3.0,4
995885,3.0,4
995889,3.0,4
995893,3.0,4
995897,3.0,4
995901,3.0,4
995905,3.0,4
995909,3.0,4
995913,3.0,4
995917,3.0,4
995921,3.0,4
995925,3.0,4
995929,3.0,4
995933,3.0,4
995937,3.0,4
995941,3.0,4
995945,3.0,4
995949,3.0,4
995953,3.0,4
995958,4.0,5
995962,3.0,4
995966,3.0,4
995970,3.0,4
995974,3.0,4
995979,4.0,5
995983,3.0,4
995987,3.0,4
995991,3.0,4
995995,3.0,4
995999,3.0,4
996003,3.0,4
996007,3.0,4
996011,3.0,4
996015,3.0,4
996019,3.0,4
996023,3.0,4
996027,3.0,4
996031,3.0,4
996036,4.0,5
996040,3.0,4
996044,3.0,4
996048,3.0,4
996053,4.0,5
996057,3.0,4
996061,3.0,4
996065,3.0,4
996069,3.0,4
996073,3.0,4
996077,3.0,4
996081,3.0,4
996085,3.0,4
996089,3.0,4
996093,3.0,4
996097,3.0,4
996101,3.0,4
996105,3.0,4
996109,3.0,4
996113,3.0,4
996117,3.0,4
996121,3.0,4
996125,3.0,4
996129,3.0,4
996133,3.0,4
996137,3.0,4
996141,3.0,4
996146,4.0,5
996150,3.0,4
996154,3.0,4
996158,3.0,4
996162,3.0,4
996166,3.0,4
996170,3.0,4
996175,4.0,5
996179,3.0,4
996183,3.0,4
996187,3.0,4
996191,3.0,4
996195,3.0,4
996199,3.0,4
996203,3.0,4
996207,3.0,4
996211,3.0,4
996215,3.0,4
996220,4.0,5
996224,3.0,4
996228,3.0,4
996232,3.0,4
996236,3.0,4
996240,3.0,4
996244,3.0,4
996248,3.0,4
996252,3.0,4
996256,3.0,4
996261,4.0,5
996265,3.0,4
996269,3.0,4
996273,3.0,4
996278,4.0,5
996282,3.0,4
996287,4.0,5
996291,3.0,4
996295,3.0,4
996299,3.0,4
996303,3.0,4
996307,3.0,4
996311,3.0,4
996315,3.0,4
996319,3.0,4
996323,3.0,4
996327,3.0,4
996331,3.0,4
996335,3.0,4
996339,3.0,4
996343,3.0,4
996347,3.0,4
996351,3.0,4
996355,3.0,4
996359,3.0,4
996363,3.0,4
996367,3.0,4
996371,3.0,4
996375,3.0,4
996379,3.0,4
996383,3.0,4
996387,3.0,4
996391,3.0,4
996395,3.0,4
996399,3.0,4
996403,3.0,4
996408,4.0,5
996412,3.0,4
996416,3.0,4
996420,3.0,4
996424,3.0,4
996428,3.0,4
996432,3.0,4
996437,4.0,5
996441,3.0,4
996445,3.0,4
996449,3.0,4
996453,3.0,4
996458,4.0,5
996462,3.0,4
996466,3.0,4
996470,3.0,4
996474,3.0,4
996478,3.0,4
996482,3.0,4
996486,3.0,4
996490,3.0,4
996494,3.0,4
996498,3.0,4
996502,3.0,4
996506,3.0,4
996510,3.0,4
996515,4.0,5
996519,3.0,4
996523,3.0,4
996527,3.0,4
996531,3.0,4
996535,3.0,4
996539,3.0,4
996543,3.0,4
996547,3.0,4
996551,3.0,4
996555,3.0,4
996559,3.0,4
996563,3.0,4
996567,3.0,4
996571,3.0,4
996575,3.0,4
996580,4.0,5
996584,3.0,4
996588,3.0,4
996592,3.0,4
996596,3.0,4
996601,4.0,5
996605,3.0,4
996609,3.0,4
996613,3.0,4
996617,3.0,4
996622,4.0,5
996627,4.0,5
996631,3.0,4
996635,3.0,4
996639,3.0,4
996644,4.0,5
996648,3.0,4
996652,3.0,4
996656,3.0,4
996661,4.0,5
996665,3.0,4
996669,3.0,4
996673,3.0,4
996677,3.0,4
996681,3.0,4
996685,3.0,4
996689,3.0,4
996693,3.0,4
996697,3.0,4
996701,3.0,4
996705,3.0,4
996709,3.0,4
996713,3.0,4
996717,3.0,4
996721,3.0,4
996725,3.0,4
996730,4.0,5
996734,3.0,4
996738,3.0,4
996742,3.0,4
996746,3.0,4
996750,3.0,4
996754,3.0,4
996759,4.0,5
996763,3.0,4
996768,4.0,5
996772,3.0,4
996776,3.0,4
996780,3.0,4
996784,3.0,4
996788,3.0,4
996792,3.0,4
996796,3.0,4
996800,3.0,4
996804,3.0,4
996808,3.0,4
996812,3.0,4
996816,3.0,4
996820,3.0,4
996824,3.0,4
996828,3.0,4
996832,3.0,4
996837,4.0,5
996842,4.0,5
996846,3.0,4
996851,4.0,5
996856,4.0,5
996861,4.0,5
996865,3.0,4
996869,3.0,4
996873,3.0,4
996877,3.0,4
996881,3.0,4
996886,4.0,5
996890,3.0,4
996894,3.0,4
996898,3.0,4
996902,3.0,4
996906,3.0,4
996910,3.0,4
996914,3.0,4
996918,3.0,4
996922,3.0,4
996926,3.0,4
996930,3.0,4
996934,3.0,4
996938,3.0,4
996942,3.0,4
996946,3.0,4
996950,3.0,4
996954,3.0,4
996958,3.0,4
996962,3.0,4
996967,4.0,5
996971,3.0,4
996975,3.0,4
996979,3.0,4
996984,4.0,5
996988,3.0,4
996992,3.0,4
996996,3.0,4
997000,3.0,4
997005,4.0,5
997009,3.0,4
997013,3.0,4
997017,3.0,4
997021,3.0,4
997025,3.0,4
997029,3.0,4
997034,4.0,5
997038,3.0,4
997043,4.0,5
997047,3.0,4
997051,3.0,4
997055,3.0,4
997059,3.0,4
997063,3.0,4
997067,3.0,4
997071,3.0,4
997075,3.0,4
997079,3.0,4
997083,3.0,4
997088,4.0,5
997092,3.0,4
997096,3.0,4
997100,3.0,4
997104,3.0,4
997108,3.0,4
997112,3.0,4
997116,3.0,4
997120,3.0,4
997125,4.0,5
997129,3.0,4
997133,3.0,4
997137,3.0,4
997141,3.0,4
997145,3.0,4
997149,3.0,4
997153,3.0,4
997157,3.0,4
997161,3.0,4
997166,4.0,5
997170,3.0,4
997174,3.0,4
997178,3.0,4
997182,3.0,4
997186,3.0,4
997190,3.0,4
997194,3.0,4
997199,4.0,5
997203,3.0,4
997207,3.0,4
997211,3.0,4
997215,3.0,4
997220,4.0,5
997224,3.0,4
997228,3.0,4
997232,3.0,4
997236,3.0,4
997240,3.0,4
997244,3.0,4
997248,3.0,4
997252,3.0,4
997256,3.0,4
997260,3.0,4
997264,3.0,4
997268,3.0,4
997273,4.0,5
997277,3.0,4
997281,3.0,4
997285,3.0,4
997289,3.0,4
997293,3.0,4
997297,3.0,4
997301,3.0,4
997305,3.0,4
997310,4.0,5
997314,3.0,4
997318,3.0,4
997322,3.0,4
997326,3.0,4
997330,3.0,4
997334,3.0,4
997338,3.0,4
997342,3.0,4
997346,3.0,4
997350,3.0,4
997355,4.0,5
997359,3.0,4
997363,3.0,4
997367,3.0,4
997371,3.0,4
997375,3.0,4
997379,3.0,4
997383,3.0,4
997387,3.0,4
997391,3.0,4
997395,3.0,4
997399,3.0,4
997403,3.0,4
997407,3.0,4
997411,3.0,4
997415,3.0,4
997419,3.0,4
997423,3.0,4
997427,3.0,4
997431,3.0,4
997435,3.0,4
997439,3.0,4
997443,3.0,4
997447,3.0,4
997451,3.0,4
997455,3.0,4
997459,3.0,4
997463,3.0,4
997467,3.0,4
997471,3.0,4
997475,3.0,4
997479,3.0,4
997483,3.0,4
997487,3.0,4
997491,3.0,4
997496,4.0,5
997501,4.0,5
997505,3.0,4
997509,3.0,4
997514,4.0,5
997518,3.0,4
997522,3.0,4
997526,3.0,4
997530,3.0,4
997534,3.0,4
997538,3.0,4
997542,3.0,4
997546,3.0,4
997550,3.0,4
997554,3.0,4
997558,3.0,4
997562,3.0,4
997566,3.0,4
997570,3.0,4
997574,3.0,4
997579,4.0,5
997583,3.0,4
997587,3.0,4
997592,4.0,5
997596,3.0,4
997600,3.0,4
997604,3.0,4
997608,3.0,4
997612,3.0,4
997616,3.0,4
997620,3.0,4
997624,3.0,4
997629,4.0,5
997633,3.0,4
997638,4.0,5
997642,3.0,4
997647,4.0,5
997652,4.0,5
997656,3.0,4
997661,4.0,5
997665,3.0,4
997669,3.0,4
997673,3.0,4
997677,3.0,4
997681,3.0,4
997686,4.0,5
997690,3.0,4
997695,4.0,5
997699,3.0,4
997703,3.0,4
997707,3.0,4
997711,3.0,4
997716,4.0,5
997720,3.0,4
997725,4.0,5
997730,4.0,5
997734,3.0,4
997738,3.0,4
997742,3.0,4
997746,3.0,4
997750,3.0,4
997754,3.0,4
997758,3.0,4
997762,3.0,4
997766,3.0,4
997770,3.0,4
997774,3.0,4
997779,4.0,5
997783,3.0,4
997788,4.0,5
997792,3.0,4
997796,3.0,4
997800,3.0,4
997804,3.0,4
997808,3.0,4
997812,3.0,4
997817,4.0,5
997821,3.0,4
997825,3.0,4
997829,3.0,4
997833,3.0,4
997838,4.0,5
997843,4.0,5
997847,3.0,4
997851,3.0,4
997855,3.0,4
997859,3.0,4
997863,3.0,4
997867,3.0,4
997871,3.0,4
997875,3.0,4
997879,3.0,4
997883,3.0,4
997887,3.0,4
997891,3.0,4
997896,4.0,5
997900,3.0,4
997904,3.0,4
997908,3.0,4
997912,3.0,4
997916,3.0,4
997920,3.0,4
997924,3.0,4
997928,3.0,4
997932,3.0,4
997936,3.0,4
997940,3.0,4
997944,3.0,4
997948,3.0,4
997952,3.0,4
997956,3.0,4
997960,3.0,4
997964,3.0,4
997968,3.0,4
997972,3.0,4
997976,3.0,4
997980,3.0,4
997984,3.0,4
997988,3.0,4
997993,4.0,5
997997,3.0,4
998001,3.0,4
998005,3.0,4
998009,3.0,4
998013,3.0,4
998017,3.0,4
998021,3.0,4
998025,3.0,4
998029,3.0,4
998033,3.0,4
998037,3.0,4
998041,3.0,4
998045,3.0,4
998049,3.0,4
998053,3.0,4
998057,3.0,4
998061,3.0,4
998065,3.0,4
998069,3.0,4
998073,3.0,4
998077,3.0,4
998081,3.0,4
998086,4.0,5
998090,3.0,4
998095,4.0,5
998099,3.0,4
998104,4.0,5
998108,3.0,4
998112,3.0,4
998116,3.0,4
998120,3.0,4
998124,3.0,4
998128,3.0,4
998132,3.0,4
998136,3.0,4
998140,3.0,4
998144,3.0,4
998148,3.0,4
998152,3.0,4
998156,3.0,4
998160,3.0,4
998164,3.0,4
998168,3.0,4
998172,3.0,4
998176,3.0,4
998180,3.0,4
998184,3.0,4
998188,3.0,4
998192,3.0,4
998196,3.0,4
998201,4.0,5
998205,3.0,4
998209,3.0,4
998213,3.0,4
998217,3.0,4
998221,3.0,4
998225,3.0,4
998229,3.0,4
998233,3.0,4
998237,3.0,4
998241,3.0,4
998245,3.0,4
998249,3.0,4
998253,3.0,4
998257,3.0,4
998261,3.0,4
998265,3.0,4
998269,3.0,4
998273,3.0,4
998277,3.0,4
998281,3.0,4
998285,3.0,4
998289,3.0,4
998293,3.0,4
998297,3.0,4
998302,4.0,5
998307,4.0,5
998311,3.0,4
998315,3.0,4
998320,4.0,5
998324,3.0,4
998328,3.0,4
998332,3.0,4
998336,3.0,4
998340,3.0,4
998344,3.0,4
998348,3.0,4
998352,3.0,4
998356,3.0,4
998360,3.0,4
998364,3.0,4
998369,4.0,5
998373,3.0,4
998377,3.0,4
998382,4.0,5
998387,4.0,5
998391,3.0,4
998396,4.0,5
998400,3.0,4
998404,3.0,4
998408,3.0,4
998412,3.0,4
998416,3.0,4
998420,3.0,4
998424,3.0,4
998429,4.0,5
998433,3.0,4
998438,4.0,5
998442,3.0,4
998447,4.0,5
998451,3.0,4
998455,3.0,4
998459,3.0,4
998463,3.0,4
998467,3.0,4
998471,3.0,4
998475,3.0,4
998479,3.0,4
998483,3.0,4
998487,3.0,4
998491,3.0,4
998495,3.0,4
998499,3.0,4
998504,4.0,5
998508,3.0,4
998513,4.0,5
998517,3.0,4
998521,3.0,4
998525,3.0,4
998529,3.0,4
998533,3.0,4
998538,4.0,5
998542,3.0,4
998546,3.0,4
998550,3.0,4
998554,3.0,4
998558,3.0,4
998562,3.0,4
998566,3.0,4
998570,3.0,4
998575,4.0,5
998579,3.0,4
998583,3.0,4
998588,4.0,5
998592,3.0,4
998596,3.0,4
998600,3.0,4
998604,3.0,4
998608,3.0,4
998612,3.0,4
998616,3.0,4
998620,3.0,4
998624,3.0,4
998628,3.0,4
998632,3.0,4
998636,3.0,4
998640,3.0,4
998644,3.0,4
998648,3.0,4
998652,3.0,4
998656,3.0,4
998660,3.0,4
998664,3.0,4
998668,3.0,4
998672,3.0,4
998676,3.0,4
998680,3.0,4
998684,3.0,4
998688,3.0,4
998692,3.0,4
998697,4.0,5
998702,4.0,5
998706,3.0,4
998711,4.0,5
998715,3.0,4
998719,3.0,4
998723,3.0,4
998727,3.0,4
998731,3.0,4
998735,3.0,4
998739,3.0,4
998743,3.0,4
998747,3.0,4
998752,4.0,5
998756,3.0,4
998760,3.0,4
998764,3.0,4
998768,3.0,4
998772,3.0,4
998776,3.0,4
998780,3.0,4
998784,3.0,4
998788,3.0,4
998792,3.0,4
998796,3.0,4
998800,3.0,4
998804,3.0,4
998808,3.0,4
998812,3.0,4
998816,3.0,4
998820,3.0,4
998824,3.0,4
998828,3.0,4
998832,3.0,4
998836,3.0,4
998840,3.0,4
998845,4.0,5
998849,3.0,4
998853,3.0,4
998857,3.0,4
998862,4.0,5
998866,3.0,4
998870,3.0,4
998874,3.0,4
998879,4.0,5
998883,3.0,4
998887,3.0,4
998891,3.0,4
998895,3.0,4
998899,3.0,4
998903,3.0,4
998907,3.0,4
998911,3.0,4
998915,3.0,4
998919,3.0,4
998923,3.0,4
998927,3.0,4
998932,4.0,5
998936,3.0,4
998940,3.0,4
998944,3.0,4
998948,3.0,4
998953,4.0,5
998957,3.0,4
998961,3.0,4
998965,3.0,4
998969,3.0,4
998973,3.0,4
998977,3.0,4
998981,3.0,4
998985,3.0,4
998989,3.0,4
998993,3.0,4
998997,3.0,4
999001,3.0,4
999005,3.0,4
999009,3.0,4
999013,3.0,4
999017,3.0,4
999021,3.0,4
999025,3.0,4
999029,3.0,4
999033,3.0,4
999037,3.0,4
999041,3.0,4
999045,3.0,4
999049,3.0,4
999053,3.0,4
999057,3.0,4
999061,3.0,4
999066,4.0,5
999070,3.0,4
999074,3.0,4
999078,3.0,4
999082,3.0,4
999087,4.0,5
999091,3.0,4
999095,3.0,4
999099,3.0,4
999103,3.0,4
999107,3.0,4
999111,3.0,4
999115,3.0,4
999119,3.0,4
999123,3.0,4
999127,3.0,4
999131,3.0,4
999135,3.0,4
999139,3.0,4
999143,3.0,4
999147,3.0,4
999151,3.0,4
999155,3.0,4
999159,3.0,4
999163,3.0,4
999167,3.0,4
999171,3.0,4
999175,3.0,4
999179,3.0,4
999183,3.0,4
999187,3.0,4
999192,4.0,5
999196,3.0,4
999200,3.0,4
999205,4.0,5
999209,3.0,4
999213,3.0,4
999217,3.0,4
999221,3.0,4
999225,3.0,4
999229,3.0,4
999233,3.0,4
999237,3.0,4
999241,3.0,4
999245,3.0,4
999249,3.0,4
999253,3.0,4
999258,4.0,5
999262,3.0,4
999266,3.0,4
999270,3.0,4
999274,3.0,4
999278,3.0,4
999282,3.0,4
999286,3.0,4
999290,3.0,4
999294,3.0,4
999298,3.0,4
999302,3.0,4
999306,3.0,4
999310,3.0,4
999314,3.0,4
999318,3.0,4
999322,3.0,4
999326,3.0,4
999330,3.0,4
999334,3.0,4
999338,3.0,4
999342,3.0,4
999346,3.0,4
999350,3.0,4
999354,3.0,4
999359,4.0,5
999363,3.0,4
999367,3.0,4
999371,3.0,4
999375,3.0,4
999379,3.0,4
999383,3.0,4
999387,3.0,4
999391,3.0,4
999395,3.0,4
999400,4.0,5
999404,3.0,4
999408,3.0,4
999412,3.0,4
999416,3.0,4
999420,3.0,4
999424,3.0,4
