global_step,return,length
50,-60.33868459447222,50
100,-62.611685525852344,50
150,-58.02748974283295,50
200,-62.673465368108054,50
250,-66.18666673758818,50
300,-56.2053754262948,50
350,-59.935371054722395,50
400,-59.06030788506844,50
450,-51.21746203185959,50
500,-63.45890084951971,50
550,-58.61526227102991,50
600,-73.00214737921902,50
650,-56.61889909700806,50
700,-60.16127956837844,50
750,-64.70157467708775,50
800,-69.36532370973215,50
850,-59.5291801916915,50
900,-68.84870668625061,50
950,-55.928317240163835,50
1000,-57.267493379708654,50
1050,-57.03598920581893,50
1100,-59.51182205272472,50
1150,-67.74112758851562,50
1200,-57.711038835859874,50
1250,-60.85652363584321,50
1300,-62.19963969431015,50
1350,-62.26615251159859,50
1400,-64.75513635571252,50
1450,-61.36680520206129,50
1500,-70.39814055337783,50
1550,-62.63022831826863,50
1600,-64.34201536579192,50
1650,-55.2195556870818,50
1700,-64.65916690710264,50
1750,-59.76525708867244,50
1800,-56.601995745970584,50
1850,-63.45279373290708,50
1900,-63.29402931249712,50
1950,-59.10530218749538,50
2000,-50.31881345276212,50
2050,-53.516809476113544,50
2100,-59.79154902956844,50
2150,-63.45234187628884,50
2200,-59.595668687513054,50
2250,-63.783720444429086,50
2300,-59.88164860453307,50
2350,-55.1617075480163,50
2400,-58.02417373182906,50
2450,-57.80639832342486,50
2500,-58.767452044547355,50
2550,-53.13031605280809,50
2600,-55.45933961683867,50
2650,-73.68199094578375,50
2700,-62.011007548541166,50
2750,-58.84668843407151,50
2800,-63.012149073970335,50
2850,-63.81113552564227,50
2900,-58.86455013054738,50
2950,-69.25742727733564,50
3000,-68.1242338308378,50
3050,-61.32150069209275,50
3100,-59.42419837223799,50
3150,-62.38018168967631,50
3200,-54.94008133462817,50
3250,-62.71633910525505,50
3300,-63.63265742907678,50
3350,-58.63485695102849,50
3400,-61.41597016576269,50
3450,-55.599713842968775,50
3500,-67.81915420560165,50
3550,-62.714268130214954,50
3600,-58.11714526730183,50
3650,-65.95859018257762,50
3700,-63.964743354478195,50
3750,-67.47771814795082,50
3800,-59.303190867438,50
3850,-66.48549571447094,50
3900,-58.529128342365745,50
3950,-56.94477059721952,50
4000,-57.81362819991789,50
4050,-57.139867026878825,50
4100,-66.18710193466022,50
4150,-64.01097507966807,50
4200,-55.7762760629718,50
4250,-57.81836559593839,50
4300,-63.726007758721664,50
4350,-54.19704109055444,50
4400,-68.55933940202863,50
4450,-59.971759356785874,50
4500,-67.12739885146776,50
4550,-64.76145589822114,50
4600,-57.85380260309299,50
4650,-51.908167902277945,50
4700,-64.50153939496875,50
4750,-59.20602866314067,50
4800,-58.880610244042074,50
4850,-62.58484424374998,50
4900,-57.27415776442769,50
4950,-64.26097050931787,50
5000,-54.59413202464826,50
5050,-55.90590973056907,50
5100,-61.583817691161556,50
5150,-51.827019239697215,50
5200,-54.865909623670184,50
5250,-59.734128017018314,50
5300,-58.68338929309778,50
5350,-64.96142485301554,50
5400,-53.54218327851414,50
5450,-51.971147554279106,50
5500,-63.87300228660808,50
5550,-52.54542606793223,50
5600,-61.251310057282645,50
5650,-62.11682137325335,50
5700,-60.87645194389474,50
5750,-59.04626996910596,50
5800,-60.298835427655035,50
5850,-63.44292728410407,50
5900,-57.59983441304346,50
5950,-53.703177727772825,50
6000,-57.39515217400578,50
6050,-54.656242712427094,50
6100,-52.540169824488466,50
6150,-58.283618167252044,50
6200,-65.20668234229528,50
6250,-58.25811887642244,50
6300,-63.35610347465618,50
6350,-65.38018958805272,50
6400,-62.46514497936609,50
6450,-60.40829485357571,50
6500,-60.68134536060586,50
6550,-57.33607400624257,50
6600,-53.31795319232138,50
6650,-62.18883639302825,50
6700,-61.29511824048127,50
6750,-69.47098142302488,50
6800,-59.28141904559595,50
6850,-56.93908887143051,50
6900,-53.23736077966479,50
6950,-56.47100996542855,50
7000,-55.15368469258322,50
7050,-54.631511109838854,50
7100,-59.23790340418367,50
7150,-63.81107988355573,50
7200,-58.042864409729596,50
7250,-60.58508733307605,50
7300,-61.822812145908784,50
7350,-65.68024758862681,50
7400,-59.577458921984835,50
7450,-54.831819307771504,50
7500,-50.80897881813409,50
7550,-56.538353134185954,50
7600,-59.23019342854048,50
7650,-56.37984384826721,50
7700,-56.575788740859906,50
7750,-58.325256474632276,50
7800,-55.09370019564983,50
7850,-52.64721141263756,50
7900,-65.71317181534465,50
7950,-64.57856879136308,50
8000,-60.95874422895906,50
8050,-59.25221230027049,50
8100,-67.18565952031084,50
8150,-57.22739333816139,50
8200,-65.63787689305246,50
8250,-61.20361096784034,50
8300,-54.12495498057939,50
8350,-68.58135477231666,50
8400,-60.57155281956404,50
8450,-62.850802230327105,50
8500,-55.39283578575128,50
8550,-65.73245165103626,50
8600,-57.99602568347609,50
8650,-59.97804095566002,50
8700,-59.02678488267293,50
8750,-66.09523990639121,50
8800,-55.81476125515213,50
8850,-63.204971579553934,50
8900,-57.61363069626525,50
8950,-62.59021881239279,50
9000,-67.67122642167998,50
9050,-58.598890594954526,50
9100,-53.95616781716248,50
9150,-60.2212081835135,50
9200,-50.92861822332281,50
9250,-53.178032852753276,50
9300,-56.19422539908434,50
9350,-64.6151256800153,50
9400,-58.71020716453651,50
9450,-52.95499426141923,50
9500,-59.14887985207776,50
9550,-51.99001007457867,50
9600,-60.12683413102212,50
9650,-66.55308682763454,50
9700,-57.097099539805996,50
9750,-57.85416188775679,50
9800,-57.630799943251034,50
9850,-56.99388796471754,50
9900,-68.98085170752084,50
9950,-50.18394329091755,50
10000,-58.884032730942536,50
10050,-54.01370260420302,50
10100,-64.36762790726391,50
10150,-57.29259833013376,50
10200,-49.00692373012456,50
10250,-63.49612459049445,50
10300,-58.49954018339819,50
10350,-58.95434478832474,50
10400,-61.08260318677208,50
10450,-56.287979890198784,50
10500,-60.218278091059354,50
10550,-59.93526280915423,50
10600,-62.95759658633305,50
10650,-61.285437247123774,50
10700,-56.35332222687595,50
10750,-53.16704863329985,50
10800,-60.472195023919475,50
10850,-58.62487556976315,50
10900,-57.63233043434232,50
10950,-59.4993377066896,50
11000,-57.58720240960321,50
11050,-60.42347148981973,50
11100,-53.71362011227603,50
11150,-62.3996551885652,50
11200,-56.35722274813581,50
11250,-55.61265735592979,50
11300,-57.81841398077623,50
11350,-55.82755264839298,50
11400,-54.84995337177953,50
11450,-56.55621905214076,50
11500,-61.51444978188523,50
11550,-52.547134797089875,50
11600,-52.43492458106953,50
11650,-54.1309210662613,50
11700,-49.94772883226609,50
11750,-60.03168094090659,50
11800,-61.119432875797976,50
11850,-60.76214178483542,50
11900,-65.01806836012598,50
11950,-61.3860970642933,50
12000,-55.23515352919926,50
12050,-59.10652478862689,50
12100,-51.55463735266824,50
12150,-64.19329823755719,50
12200,-53.025690049901414,50
12250,-50.594044006429606,50
12300,-58.16148093998414,50
12350,-58.58180727676805,50
12400,-60.93653652991554,50
12450,-49.83258491261057,50
12500,-60.863666861368856,50
12550,-59.81059540637558,50
12600,-55.441290457052354,50
12650,-59.84379582332721,50
12700,-55.18700573385249,50
12750,-50.65894707357122,50
12800,-56.972604609396406,50
12850,-63.02353348605879,50
12900,-51.95251374382102,50
12950,-51.02191401988224,50
13000,-55.694511262312965,50
13050,-56.708049353793335,50
13100,-55.6822258492315,50
13150,-58.95880207626314,50
13200,-57.758665299849106,50
13250,-57.01909957218105,50
13300,-59.18588896485397,50
13350,-51.754514164962,50
13400,-57.889804367460385,50
13450,-61.86291472110144,50
13500,-53.329649838189646,50
13550,-53.621855382560994,50
13600,-60.90648906177228,50
13650,-62.189103492626586,50
13700,-52.5556873673347,50
13750,-56.980477574407246,50
13800,-50.18999545940251,50
13850,-54.40317061329921,50
13900,-54.3168063485463,50
13950,-55.319990855004285,50
14000,-62.914209524636725,50
14050,-57.101243706088326,50
14100,-58.29004560641196,50
14150,-52.58689209216293,50
14200,-58.78994398438867,50
14250,-64.95128487060744,50
14300,-54.84731426397184,50
14350,-57.78615719078763,50
14400,-65.77692818693235,50
14450,-63.593526651257285,50
14500,-56.597082548103785,50
14550,-56.74227408374986,50
14600,-53.73219039174368,50
14650,-50.431442618828854,50
14700,-59.99496589501881,50
14750,-60.77602096495955,50
14800,-51.500469916377895,50
14850,-53.559249174192,50
14900,-59.66586088846594,50
14950,-55.340295137971005,50
15000,-51.04501759747222,50
15050,-52.560345608524855,50
15100,-46.25479268179858,50
15150,-61.48035684865761,50
15200,-59.090172635123594,50
15250,-54.632423062979136,50
15300,-61.593154771248166,50
15350,-60.68427569246693,50
15400,-53.60636780194059,50
15450,-63.534303811549904,50
15500,-50.2733981853412,50
15550,-48.12979026649529,50
15600,-58.200947437892914,50
15650,-52.36563320029583,50
15700,-49.81938536080254,50
15750,-57.0921388154112,50
15800,-61.60855976514088,50
15850,-52.889818017206146,50
15900,-64.63178516646109,50
15950,-53.981781371222,50
16000,-57.45761798669901,50
16050,-59.696073337875866,50
16100,-49.58896317781139,50
16150,-52.1765521421806,50
16200,-57.238663032269194,50
16250,-54.63748089621975,50
16300,-54.9403213261062,50
16350,-55.45460762324904,50
16400,-55.96838712116542,50
16450,-52.55885663832065,50
16500,-47.18360372536089,50
16550,-51.81013067276507,50
16600,-55.22053731014618,50
16650,-54.50811565188275,50
16700,-56.22982860675219,50
16750,-53.19032766795947,50
16800,-51.387116815047236,50
16850,-51.94195409837489,50
16900,-56.43216901491245,50
16950,-60.37222851277831,50
17000,-52.29844375671526,50
17050,-51.05951023294762,50
17100,-55.30216848380432,50
17150,-51.864249310329384,50
17200,-57.50361937453202,50
17250,-53.44058581954916,50
17300,-53.994488749560304,50
17350,-60.60544341502566,50
17400,-49.50089370259363,50
17450,-57.92573155413914,50
17500,-48.48969540056952,50
17550,-58.521109445654105,50
17600,-59.354994729001994,50
17650,-50.290957550139424,50
17700,-47.57285218649202,50
17750,-56.69164279198022,50
17800,-53.98360446912251,50
17850,-51.03772415182109,50
17900,-55.61513328661896,50
17950,-52.747701407257935,50
18000,-53.755324224660455,50
18050,-57.21373726448638,50
18100,-53.35066385482365,50
18150,-64.00925788542246,50
18200,-51.155090992587674,50
18250,-52.02923539332634,50
18300,-48.728067971033845,50
18350,-62.02357731826004,50
18400,-56.34221082928736,50
18450,-57.84393499411883,50
18500,-49.52784157795426,50
18550,-55.59670112789599,50
18600,-52.985893864779335,50
18650,-50.92169865573864,50
18700,-51.76844787177126,50
18750,-56.30634533778664,50
18800,-62.18972451604741,50
18850,-62.43717098481528,50
18900,-49.908073394501315,50
18950,-49.485992739242946,50
19000,-56.23498849413896,50
19050,-54.521073694516794,50
19100,-55.85477334661185,50
19150,-61.21219181944984,50
19200,-55.62098120331681,50
19250,-51.498667252433236,50
19300,-55.943223346581576,50
19350,-51.94540982061704,50
19400,-49.985018807876884,50
19450,-53.46686375702668,50
19500,-59.18456029877526,50
19550,-57.23419598926848,50
19600,-53.87665797471598,50
19650,-45.712765039489,50
19700,-52.013979550849896,50
19750,-55.38714864090941,50
19800,-48.7458453728049,50
19850,-47.063417140420455,50
19900,-48.585156228045534,50
19950,-62.04610940228517,50
20000,-60.10780446719062,50
20050,-48.13525343184567,50
20100,-56.200310539590525,50
20150,-61.128191139220434,50
20200,-48.4078634302856,50
20250,-51.05824182050367,50
20300,-59.83598680756952,50
20350,-51.84606840996344,50
20400,-60.48848211005257,50
20450,-53.97215318139551,50
20500,-60.49677828612389,50
20550,-54.092268282629725,50
20600,-50.68292229584928,50
20650,-47.223601722843256,50
20700,-56.23481131269915,50
20750,-53.90251558949792,50
20800,-67.0805500395902,50
20850,-52.708948629358225,50
20900,-59.73970885528606,50
20950,-53.50051676925735,50
21000,-48.24909590520042,50
21050,-49.77055872212867,50
21100,-56.002689773950344,50
21150,-52.13269813853239,50
21200,-52.253398753883864,50
21250,-51.34568440476815,50
21300,-59.78106577728828,50
21350,-55.49374774030903,50
21400,-62.234265378066624,50
21450,-52.55028230396633,50
21500,-54.86233062432894,50
21550,-52.45241555049822,50
21600,-49.84476805051721,50
21650,-50.75506182781865,50
21700,-57.85383081085853,50
21750,-60.989851602628136,50
21800,-48.96280132039322,50
21850,-61.66027416542004,50
21900,-50.6474608359024,50
21950,-59.9057172388537,50
22000,-51.44075648912911,50
22050,-63.13324748871271,50
22100,-59.68420606557246,50
22150,-53.52876626503069,50
22200,-58.167838073007296,50
22250,-47.92845637401307,50
22300,-58.98331438872279,50
22350,-53.855484845009656,50
22400,-55.922802147579965,50
22450,-46.223334086286876,50
22500,-55.22476332723036,50
22550,-49.23370727137413,50
22600,-68.63030161873904,50
22650,-55.79383854927622,50
22700,-51.37608234086594,50
22750,-53.89220401118668,50
22800,-53.16116532417064,50
22850,-51.288753229288304,50
22900,-56.19681876010073,50
22950,-58.73124124936662,50
23000,-51.94580702351076,50
23050,-63.45249828835639,50
23100,-51.37296206415347,50
23150,-50.35835181049695,50
23200,-59.190244811653955,50
23250,-55.202278301428755,50
23300,-51.34292820100763,50
23350,-57.99736528268695,50
23400,-50.704945451695586,50
23450,-59.60656116164002,50
23500,-47.086846142506324,50
23550,-58.548581547980184,50
23600,-50.27267541274334,50
23650,-51.563349135794454,50
23700,-52.05902999562156,50
23750,-51.1330621029793,50
23800,-53.82784007430106,50
23850,-55.15508872042888,50
23900,-52.406373514565104,50
23950,-48.20948447161081,50
24000,-53.78822324719056,50
24050,-60.086393610389926,50
24100,-57.94988365706264,50
24150,-52.85512066556321,50
24200,-64.1815141262362,50
24250,-49.41247892266109,50
24300,-52.00609672120041,50
24350,-48.8291535539812,50
24400,-52.92150275433613,50
24450,-46.97724300216418,50
24500,-49.70400766985822,50
24550,-57.13377129045475,50
24600,-58.445953087803325,50
24650,-47.77734508087594,50
24700,-46.71122351629971,50
24750,-59.941752360364234,50
24800,-59.00510265188525,50
24850,-49.36631700012026,50
24900,-53.53003339572468,50
24950,-49.63088649201529,50
25000,-50.984855065993905,50
25050,-62.8172993939128,50
25100,-54.63700382608034,50
25150,-59.562554109205486,50
25200,-54.705560081635234,50
25250,-51.103544046757435,50
25300,-47.89231341565785,50
25350,-51.00934491479703,50
25400,-56.72239376514939,50
25450,-48.855568545961056,50
25500,-55.16583017887088,50
25550,-50.21900784685773,50
25600,-58.923560931813235,50
25650,-54.66624026421756,50
25700,-54.11338014096423,50
25750,-58.71389364352935,50
25800,-57.31529660036981,50
25850,-62.20393791054467,50
25900,-52.89912485436914,50
25950,-50.062704897080074,50
26000,-52.827640080968116,50
26050,-58.019144683486694,50
26100,-46.59174342898509,50
26150,-57.43101187963146,50
26200,-65.3877469011335,50
26250,-50.08035914207044,50
26300,-52.26040628540991,50
26350,-45.01565795607576,50
26400,-53.39251914912057,50
26450,-49.305140858559234,50
26500,-51.338986494774645,50
26550,-57.701173658047914,50
26600,-55.86625424846579,50
26650,-50.13422084685938,50
26700,-52.97606547732492,50
26750,-44.14436756773314,50
26800,-50.25283843972997,50
26850,-48.47537525598606,50
26900,-48.61356027864603,50
26950,-60.03122768509924,50
27000,-54.262517079697005,50
27050,-54.121660085741425,50
27100,-48.73965804773648,50
27150,-48.80790671900348,50
27200,-51.72327998321165,50
27250,-59.95927558919584,50
27300,-50.10125770060968,50
27350,-56.96136400485575,50
27400,-48.90885901200224,50
27450,-59.16709127762573,50
27500,-54.71414038533205,50
27550,-54.24560792189305,50
27600,-59.21764203387413,50
27650,-50.5822276356846,50
27700,-53.27456893813727,50
27750,-63.83916511870492,50
27800,-57.99343784032728,50
27850,-54.26068271031533,50
27900,-57.534934906059824,50
27950,-51.923825016640684,50
28000,-50.66841688012483,50
28050,-55.346517602404965,50
28100,-45.66363141283127,50
28150,-55.29534346843404,50
28200,-46.82920049158691,50
28250,-47.557843268127016,50
28300,-48.33192706480745,50
28350,-56.19872997484195,50
28400,-49.72689977370985,50
28450,-42.879243975265766,50
28500,-51.459876694620895,50
28550,-48.28564455133265,50
28600,-46.148385764381224,50
28650,-54.7736732651274,50
28700,-52.14694714439345,50
28750,-51.531305246006426,50
28800,-56.67561840600367,50
28850,-58.70740677486966,50
28900,-56.87751543530039,50
28950,-58.31074679744896,50
29000,-38.35463917575718,50
29050,-58.18995418366593,50
29100,-48.31223687241218,50
29150,-52.55303663547933,50
29200,-57.54700845598309,50
29250,-49.0261118807018,50
29300,-56.071628841514915,50
29350,-58.615476176182526,50
29400,-53.33937535982531,50
29450,-47.4202012952381,50
29500,-55.873623392960866,50
29550,-46.44830628553173,50
29600,-57.14969103984834,50
29650,-52.95673270212809,50
29700,-49.0412208363248,50
29750,-51.26080270496239,50
29800,-51.5448183132037,50
29850,-58.77900181892754,50
29900,-50.56012660901092,50
29950,-52.87479438643538,50
30000,-49.91219460597092,50
30050,-51.139695540009484,50
30100,-62.48731080189677,50
30150,-46.07903818414044,50
30200,-51.5029003990785,50
30250,-53.42960890143176,50
30300,-58.882265746252486,50
30350,-50.58467886474291,50
30400,-43.701423258580846,50
30450,-48.931679164052305,50
30500,-61.52361653600687,50
30550,-43.7468866558361,50
30600,-50.31779428201084,50
30650,-51.832690203757124,50
30700,-54.77108750287266,50
30750,-38.10398793871337,50
30800,-51.52739853944837,50
30850,-50.91839229152861,50
30900,-48.65041244949145,50
30950,-50.76285222744005,50
31000,-54.00901786392971,50
31050,-47.13537699777718,50
31100,-51.0273481612722,50
31150,-51.29292612204723,50
31200,-52.208966147993856,50
31250,-44.958508582935224,50
31300,-40.23319540795115,50
31350,-48.63926604892942,50
31400,-43.71771000688844,50
31450,-45.54162239414631,50
31500,-39.8243584847618,50
31550,-46.00337311412193,50
31600,-43.866983269819016,50
31650,-50.93804646893963,50
31700,-58.95036926176692,50
31750,-50.103567804297555,50
31800,-46.588656477219644,50
31850,-53.3172001800365,50
31900,-49.70972680107718,50
31950,-53.40028960364147,50
32000,-57.68026875406688,50
32050,-44.00593936430438,50
32100,-46.22397131292256,50
32150,-50.83902489005363,50
32200,-48.311093715340064,50
32250,-47.345540974142246,50
32300,-48.59379054065578,50
32350,-48.156231542171675,50
32400,-50.60337124543357,50
32450,-50.107190847101,50
32500,-52.65253519981076,50
32550,-47.519341945745005,50
32600,-47.52985975598866,50
32650,-51.59148692702095,50
32700,-57.62535153158906,50
32750,-43.95867342787135,50
32800,-53.11299469309936,50
32850,-51.2313217295528,50
32900,-44.121661747568965,50
32950,-54.161122290987166,50
33000,-52.23456139201561,50
33050,-51.49472371043133,50
33100,-57.67601589626199,50
33150,-40.308341877124015,50
33200,-53.896684598977586,50
33250,-54.413760603318245,50
33300,-54.051346592802,50
33350,-48.57609336808007,50
33400,-61.86427361821207,50
33450,-43.71966256062131,50
33500,-50.911271759029454,50
33550,-46.549730795309706,50
33600,-51.92428769725617,50
33650,-49.13958674546497,50
33700,-49.267036856858496,50
33750,-41.80858262740243,50
33800,-47.58944343040744,50
33850,-56.55682942874051,50
33900,-54.42813096552981,50
33950,-54.81003624867958,50
34000,-52.33870971717884,50
34050,-54.19591375681683,50
34100,-51.45911330147287,50
34150,-52.18068769077298,50
34200,-49.36659066458529,50
34250,-53.67010068400414,50
34300,-50.86922894830392,50
34350,-50.40409514228075,50
34400,-52.44339162170911,50
34450,-54.25412486723887,50
34500,-41.018286238349525,50
34550,-49.51224310798211,50
34600,-61.076327414366226,50
34650,-53.31256107665135,50
34700,-46.02103404909126,50
34750,-46.717480470049985,50
34800,-53.32109944835001,50
34850,-57.70684568018069,50
34900,-56.87129282358964,50
34950,-47.14952470048809,50
35000,-44.61553794250453,50
35050,-50.51960553678406,50
35100,-57.05541174713554,50
35150,-43.5010506801067,50
35200,-54.96749563453401,50
35250,-50.456447041059526,50
35300,-40.06990129457935,50
35350,-40.196340872104564,50
35400,-46.650769446187724,50
35450,-40.65483493627446,50
35500,-47.82121486241452,50
35550,-48.40841926184416,50
35600,-49.808788394799286,50
35650,-50.4270906082539,50
35700,-48.32795758524169,50
35750,-43.29900028392066,50
35800,-47.606431934779934,50
35850,-42.99568299910691,50
35900,-46.446643892309716,50
35950,-50.18748900738022,50
36000,-53.224839235813,50
36050,-50.19845641089696,50
36100,-47.023363368987376,50
36150,-47.97769547578712,50
36200,-47.17512759322804,50
36250,-48.97153577257624,50
36300,-36.329451076058994,50
36350,-47.77562578861362,50
36400,-49.98360174977362,50
36450,-45.78225356216508,50
36500,-54.52516961115956,50
36550,-51.072795532071154,50
36600,-48.97102913303588,50
36650,-48.48045728351933,50
36700,-41.243179422229765,50
36750,-48.66349053146486,50
36800,-56.18801419866991,50
36850,-45.05638227728241,50
36900,-42.6723099453553,50
36950,-41.5978104650796,50
37000,-45.41386020368349,50
37050,-39.58912783128928,50
37100,-44.018214426279656,50
37150,-51.84284020463131,50
37200,-41.47108794907912,50
37250,-43.29945355517262,50
37300,-54.04459782352443,50
37350,-45.800440669604356,50
37400,-49.57668009083729,50
37450,-50.73420624423707,50
37500,-53.76043610316634,50
37550,-45.414538618272196,50
37600,-43.92405573156042,50
37650,-48.18715188275179,50
37700,-48.63298443036039,50
37750,-42.5296065099749,50
37800,-49.49697172668592,50
37850,-45.15357185670695,50
37900,-43.15291013662688,50
37950,-46.48860589472314,50
38000,-50.52973406860355,50
38050,-48.83042065878685,50
38100,-49.33359916862388,50
38150,-42.004255166029125,50
38200,-50.55552124504063,50
38250,-51.59564996921677,50
38300,-45.69682889501419,50
38350,-42.036830459364445,50
38400,-50.64446456246659,50
38450,-40.22448717025878,50
38500,-53.726230136204094,50
38550,-52.88416601193699,50
38600,-46.067408142325434,50
38650,-49.469888762177334,50
38700,-58.721590550983365,50
38750,-45.31387972215653,50
38800,-53.202840258564294,50
38850,-39.600046512477164,50
38900,-41.08063459936508,50
38950,-49.266677364954454,50
39000,-51.37913319611045,50
39050,-49.91434840197642,50
39100,-50.67849825792992,50
39150,-56.66430372059515,50
39200,-42.458072632202125,50
39250,-41.73061258876924,50
39300,-45.14671440453398,50
39350,-56.934301001304846,50
39400,-51.52415460064272,50
39450,-45.85251497682069,50
39500,-54.41123433919462,50
39550,-50.924914306596584,50
39600,-48.6623469644046,50
39650,-45.643072214959034,50
39700,-51.93280026426657,50
39750,-49.68912404470948,50
39800,-48.77170722102683,50
39850,-41.23520132346553,50
39900,-50.64813455952246,50
39950,-42.51626479377378,50
40000,-48.25109989614085,50
40050,-51.03898444794902,50
40100,-43.62712905262355,50
40150,-44.95888353810683,50
40200,-52.160813221575424,50
40250,-50.66820599407147,50
40300,-44.77760473026362,50
40350,-47.987317102683924,50
40400,-46.90281275035209,50
40450,-44.29723736047126,50
40500,-54.73103733339413,50
40550,-42.167935433956686,50
40600,-53.78093162995197,50
40650,-46.11343084822068,50
40700,-56.30288239612349,50
40750,-51.55456978080413,50
40800,-49.53808943946701,50
40850,-42.922494458434144,50
40900,-47.67332505622308,50
40950,-53.13218784106826,50
41000,-48.68666398071545,50
41050,-45.44909910386619,50
41100,-54.43233504713248,50
41150,-47.74985798377278,50
41200,-44.93526678087573,50
41250,-45.39946944753256,50
41300,-50.14028601692476,50
41350,-53.2775509721605,50
41400,-53.69659974580622,50
41450,-43.384185342247065,50
41500,-45.14928430653901,50
41550,-50.74065386133284,50
41600,-45.57115038801283,50
41650,-45.25149953700716,50
41700,-49.50270626969694,50
41750,-49.53926410799849,50
41800,-53.089055731329,50
41850,-43.91716345750891,50
41900,-43.915966057268925,50
41950,-51.97404777539279,50
42000,-57.36392338733048,50
42050,-38.37789405831181,50
42100,-45.09170928067623,50
42150,-50.98626310896694,50
42200,-52.686989665129516,50
42250,-53.524166295947204,50
42300,-38.413254320759386,50
42350,-41.2716142030329,50
42400,-55.61772315118054,50
42450,-50.04735238613823,50
42500,-48.01318953763489,50
42550,-46.88064085247635,50
42600,-49.71037188440066,50
42650,-48.11778470710466,50
42700,-47.721485780952776,50
42750,-47.31488371957907,50
42800,-46.11569532101245,50
42850,-48.834922494599205,50
42900,-47.7612691092805,50
42950,-46.72685045872061,50
43000,-40.633273711007675,50
43050,-43.236642668759295,50
43100,-53.1910906177321,50
43150,-43.6455845448923,50
43200,-43.05578058033853,50
43250,-50.23902035957802,50
43300,-46.88858787765655,50
43350,-41.223050529651395,50
43400,-46.55421148001635,50
43450,-50.41769585807192,50
43500,-45.5204125198866,50
43550,-57.71782636423324,50
43600,-48.99691069347516,50
43650,-48.490995694789724,50
43700,-41.23905271599924,50
43750,-50.57558294630053,50
43800,-44.47444714956735,50
43850,-42.3557019125523,50
43900,-48.03810398686335,50
43950,-46.75227362386249,50
44000,-50.27634379242061,50
44050,-53.059256465639855,50
44100,-55.242442365429525,50
44150,-43.12429195411866,50
44200,-49.83020086144724,50
44250,-51.568316738788596,50
44300,-48.31700524473216,50
44350,-52.394408528483645,50
44400,-46.979562281875026,50
44450,-48.97889366731366,50
44500,-37.95046319453071,50
44550,-41.5620980506032,50
44600,-43.64566544293178,50
44650,-40.5793720730955,50
44700,-48.48181398368212,50
44750,-45.425403892630406,50
44800,-44.99616596056792,50
44850,-53.58045081992646,50
44900,-42.61292578027381,50
44950,-44.11686578946035,50
45000,-45.86559226030349,50
45050,-41.23076309755413,50
45100,-46.940076371491294,50
45150,-43.29899684455167,50
45200,-47.05509523979962,50
45250,-42.02383266985373,50
45300,-49.11183688770684,50
45350,-47.25615818811763,50
45400,-46.57436832805312,50
45450,-44.52936016586014,50
45500,-43.69340062183384,50
45550,-45.32446324071175,50
45600,-41.72725022266719,50
45650,-43.46809089007828,50
45700,-47.84198955121368,50
45750,-48.990297359140094,50
45800,-43.451101162811455,50
45850,-52.77086739264221,50
45900,-42.3713609567548,50
45950,-49.18530818072815,50
46000,-48.42727552329614,50
46050,-46.97265245671032,50
46100,-44.97996873631558,50
46150,-44.96538100443412,50
46200,-47.465713193814196,50
46250,-44.42618449971073,50
46300,-45.24063781109836,50
46350,-48.32205351431657,50
46400,-46.79329854829659,50
46450,-42.69526892980438,50
46500,-55.61669396640058,50
46550,-47.04892831870959,50
46600,-37.816699524667925,50
46650,-45.62437639174656,50
46700,-45.54807323004444,50
46750,-43.34413328498063,50
46800,-47.10672715624263,50
46850,-41.051958873499615,50
46900,-49.35036363266809,50
46950,-41.25171677388214,50
47000,-49.1976395309937,50
47050,-46.001626503390824,50
47100,-46.20755450231365,50
47150,-51.28960179884669,50
47200,-44.8394416616093,50
47250,-40.82257241657764,50
47300,-41.229940496645625,50
47350,-40.901064575695415,50
47400,-37.56981554197492,50
47450,-45.133920553669405,50
47500,-48.604325689924906,50
47550,-51.10945466210632,50
47600,-41.99262717402034,50
47650,-45.219454476828474,50
47700,-48.790402441481994,50
47750,-42.616327647976405,50
47800,-47.371366210815246,50
47850,-44.91646581731326,50
47900,-39.93782613274361,50
47950,-52.1743317898845,50
48000,-44.45582957437982,50
48050,-48.50809928670343,50
48100,-44.27254896428258,50
48150,-48.323823540575845,50
48200,-42.5025451729339,50
48250,-40.85973693963378,50
48300,-43.616790462279404,50
48350,-45.11270717369324,50
48400,-41.52472587285983,50
48450,-43.8237758643202,50
48500,-45.340602227268015,50
48550,-47.093490039322944,50
48600,-48.10217174074325,50
48650,-46.52699385045569,50
48700,-50.20334700334674,50
48750,-39.017898957803574,50
48800,-43.715247593375864,50
48850,-46.16329334735184,50
48900,-42.0907960047237,50
48950,-47.07480380596203,50
49000,-41.766748981217816,50
49050,-37.875418818325215,50
49100,-51.65856689514834,50
49150,-41.277489326192025,50
49200,-45.99487041306641,50
49250,-47.621438132553855,50
49300,-46.37040397858744,50
49350,-39.428044549460125,50
49400,-48.200446031656924,50
49450,-45.274214425682544,50
49500,-41.674294532590174,50
49550,-38.65138961442136,50
49600,-48.25890530448247,50
49650,-48.14939090497233,50
49700,-40.458833576212875,50
49750,-41.75168286399426,50
49800,-51.047704259395935,50
49850,-41.19956924229633,50
49900,-50.42364941501545,50
49950,-50.304815007341375,50
50000,-36.68364956074801,50
50050,-43.16956498379648,50
50100,-42.48495704048963,50
50150,-43.48326390457959,50
50200,-43.2481628132941,50
50250,-48.74086667164223,50
50300,-43.68642896913235,50
50350,-46.87471031672916,50
50400,-43.28973168820686,50
50450,-41.32435284561555,50
50500,-31.99003217566042,50
50550,-39.34460670909661,50
50600,-43.41116157333044,50
50650,-39.39417651917306,50
50700,-38.94400096513435,50
50750,-40.274862029588625,50
50800,-48.38187199550195,50
50850,-36.40900949554463,50
50900,-46.088034638088196,50
50950,-48.09521373547901,50
51000,-41.47352824772443,50
51050,-47.064993234942186,50
51100,-41.03286756013861,50
51150,-47.19314099948053,50
51200,-48.62105085767095,50
51250,-45.259851623732324,50
51300,-48.15000951833694,50
51350,-42.635645656249146,50
51400,-41.147309714388655,50
51450,-39.067958761543366,50
51500,-38.31781846611522,50
51550,-47.834884521053,50
51600,-38.21864232069568,50
51650,-45.729863162050314,50
51700,-32.5879949386608,50
51750,-46.07356077786649,50
51800,-45.769387255235806,50
51850,-44.35566016577359,50
51900,-52.0057242561121,50
51950,-43.021699066953666,50
52000,-45.83750508488588,50
52050,-44.33167731703306,50
52100,-42.946008785171664,50
52150,-48.277267826461504,50
52200,-43.42648150577697,50
52250,-39.70444945807426,50
52300,-42.130088293097025,50
52350,-52.42801816464625,50
52400,-44.01106997035535,50
52450,-46.007109618773065,50
52500,-46.54791016561091,50
52550,-39.2258223251944,50
52600,-41.254568476652125,50
52650,-43.87731343579628,50
52700,-39.4989920386815,50
52750,-41.15981375788989,50
52800,-41.55592532949698,50
52850,-42.921900480907006,50
52900,-34.15011414522571,50
52950,-36.76724091049437,50
53000,-46.29340145500241,50
53050,-47.37882203235501,50
53100,-31.362987960936223,50
53150,-40.14484039124328,50
53200,-46.471056077425416,50
53250,-52.01502407602247,50
53300,-36.869591174225654,50
53350,-41.108480511774836,50
53400,-40.83844623213769,50
53450,-49.36708737126092,50
53500,-38.93244648770585,50
53550,-43.21693560710631,50
53600,-41.872935479510694,50
53650,-48.222060416591226,50
53700,-45.466652987095635,50
53750,-40.81906602005176,50
53800,-42.56068201475172,50
53850,-30.822710696790274,50
53900,-36.03763937919014,50
53950,-36.96354611202076,50
54000,-33.25328689945809,50
54050,-40.981310306833905,50
54100,-38.967104240879536,50
54150,-45.35296387881001,50
54200,-43.198443393250805,50
54250,-41.63955196951858,50
54300,-49.53011112061612,50
54350,-41.76550493432512,50
54400,-49.378297584282954,50
54450,-42.23402044601629,50
54500,-42.67750791097339,50
54550,-45.193869232131775,50
54600,-40.55243940493369,50
54650,-40.836201867884675,50
54700,-37.68004636278129,50
54750,-46.73190277754569,50
54800,-48.87040580059203,50
54850,-42.47439546281321,50
54900,-38.26391120871916,50
54950,-43.74902912623916,50
55000,-40.77793627222712,50
55050,-43.78691598725215,50
55100,-40.87713644666997,50
55150,-41.77010825439735,50
55200,-44.584708465374604,50
55250,-40.98408103890942,50
55300,-46.3433125949021,50
55350,-36.95797454682393,50
55400,-40.10460705209893,50
55450,-39.486207020685015,50
55500,-43.654864551056725,50
55550,-47.3304196000399,50
55600,-37.26347038911008,50
55650,-43.41906973061803,50
55700,-44.8179841618144,50
55750,-40.77694449529451,50
55800,-37.08370434805189,50
55850,-45.58488013097962,50
55900,-48.097904461801484,50
55950,-43.016564896189735,50
56000,-39.310517374611166,50
56050,-47.52742414342223,50
56100,-34.18657858650272,50
56150,-47.31803636072263,50
56200,-44.924173622334784,50
56250,-38.7365291411778,50
56300,-37.46173905617767,50
56350,-42.77817658509752,50
56400,-49.38394542049864,50
56450,-35.07684881301486,50
56500,-44.5474465182547,50
56550,-49.59886996883688,50
56600,-34.24775123308132,50
56650,-41.09668213249407,50
56700,-42.949127831235906,50
56750,-41.44916855458865,50
56800,-38.83634804355015,50
56850,-47.99720693580011,50
56900,-42.913765013240166,50
56950,-42.21529489790266,50
57000,-43.846450955278414,50
57050,-45.987905586960935,50
57100,-45.48613256387155,50
57150,-41.51304459787754,50
57200,-47.27962150193449,50
57250,-46.37608414467798,50
57300,-38.45817860358375,50
57350,-39.81115367222251,50
57400,-43.67913220259033,50
57450,-43.27633462060147,50
57500,-37.643997757346085,50
57550,-34.74992439067362,50
57600,-44.95688637481668,50
57650,-39.735626031227696,50
57700,-40.38728854310815,50
57750,-45.691741790193454,50
57800,-42.97712395864404,50
57850,-38.36753103139608,50
57900,-44.02464141022742,50
57950,-42.84262503104702,50
58000,-33.759157071493064,50
58050,-35.66428741510501,50
58100,-33.32994027919999,50
58150,-43.858113862085496,50
58200,-39.767695539771424,50
58250,-46.19501224412002,50
58300,-44.21584714106251,50
58350,-53.4188266168014,50
58400,-49.74160525206143,50
58450,-46.40393145429025,50
58500,-47.39166493252304,50
58550,-51.79152649465927,50
58600,-36.79987797134885,50
58650,-33.86924228459151,50
58700,-31.629894528429706,50
58750,-40.44380904982208,50
58800,-33.005977577632166,50
58850,-40.59354372964171,50
58900,-41.21665718682957,50
58950,-44.596231212850824,50
59000,-34.60853228316883,50
59050,-33.881208076164114,50
59100,-42.14993808354018,50
59150,-47.65253640171832,50
59200,-44.00443966884299,50
59250,-39.22849661455194,50
59300,-36.4299659805748,50
59350,-43.76196814126838,50
59400,-50.642691022211174,50
59450,-45.44042930327469,50
59500,-39.88263449329088,50
59550,-46.813440170394344,50
59600,-43.37325744395458,50
59650,-36.50716593417692,50
59700,-46.1844288356159,50
59750,-39.700583639502945,50
59800,-39.68394368033343,50
59850,-40.896060008995185,50
59900,-44.55292940048352,50
59950,-35.581161238234436,50
60000,-44.26977988757567,50
60050,-45.53897412838642,50
60100,-42.453814654805754,50
60150,-39.362046123133496,50
60200,-37.1988174694583,50
60250,-38.13587413090735,50
60300,-29.837107136543654,50
60350,-39.10241980319611,50
60400,-42.63467212926539,50
60450,-33.72193478763164,50
60500,-43.9233344927989,50
60550,-34.280432643048336,50
60600,-37.10328988101816,50
60650,-45.121362150101334,50
60700,-34.882489603752795,50
60750,-43.17927792690165,50
60800,-46.66968717368773,50
60850,-33.86879787913799,50
60900,-40.006533934527525,50
60950,-42.13543273413587,50
61000,-48.39862440315284,50
61050,-39.437359693573555,50
61100,-45.23274727496632,50
61150,-38.66713339357644,50
61200,-47.53371715080431,50
61250,-36.266171494477085,50
61300,-35.157502934111875,50
61350,-44.67384738113805,50
61400,-39.15781658168389,50
61450,-34.43535308396322,50
61500,-29.21504898392451,50
61550,-44.19641866058896,50
61600,-42.166854365374796,50
61650,-35.51772884578426,50
61700,-34.4435083572743,50
61750,-32.66993664393398,50
61800,-39.616209453266116,50
61850,-32.96816177857682,50
61900,-32.21952656081988,50
61950,-32.334999111662114,50
62000,-37.21600394926679,50
62050,-42.943172145444116,50
62100,-29.76965388460574,50
62150,-42.502681561323676,50
62200,-44.18804319344379,50
62250,-32.39908644602125,50
62300,-43.54059093171591,50
62350,-41.6349227565337,50
62400,-45.72026203006828,50
62450,-39.52995156487526,50
62500,-32.5141414826454,50
62550,-40.468265470228964,50
62600,-35.09464382428915,50
62650,-30.377897584384833,50
62700,-45.848753498634245,50
62750,-40.10186472547088,50
62800,-39.80508253515551,50
62850,-37.049313132667116,50
62900,-35.9255269666174,50
62950,-37.66003983185847,50
63000,-34.104462504193094,50
63050,-37.45225907795682,50
63100,-44.08352420967324,50
63150,-40.20461822161798,50
63200,-38.21459305260147,50
63250,-31.680963614102552,50
63300,-40.034020230896104,50
63350,-53.96556995373095,50
63400,-33.364322549345694,50
63450,-37.18125697629591,50
63500,-45.219462348816705,50
63550,-36.948972496422144,50
63600,-45.762769101291184,50
63650,-47.28827304311148,50
63700,-39.34160493498323,50
63750,-47.33315075576623,50
63800,-41.460457434804034,50
63850,-43.430148746054456,50
63900,-40.10973956345989,50
63950,-33.92502226202679,50
64000,-42.77292075543266,50
64050,-45.358370988064195,50
64100,-33.144696755072694,50
64150,-49.335804583048606,50
64200,-35.09347680832169,50
64250,-42.233693609659426,50
64300,-40.72123446714054,50
64350,-45.995188875591055,50
64400,-47.48122559631122,50
64450,-28.74408688781324,50
64500,-34.89261920819409,50
64550,-35.5910491469785,50
64600,-42.0497353145504,50
64650,-38.95301613209702,50
64700,-46.43636219598558,50
64750,-42.55150204527471,50
64800,-45.61756462293011,50
64850,-39.21840920029442,50
64900,-44.44682502340878,50
64950,-40.952709228869665,50
65000,-46.18496585425497,50
65050,-45.926804508914586,50
65100,-38.49031194373053,50
65150,-34.62221628525582,50
65200,-40.31377578990338,50
65250,-50.28192413980231,50
65300,-36.5211261904801,50
65350,-37.418741180498095,50
65400,-46.3860855731538,50
65450,-37.45910739442266,50
65500,-35.840997790042444,50
65550,-44.23211066683451,50
65600,-42.46075298791152,50
65650,-37.57879265496208,50
65700,-40.661442787033266,50
65750,-45.97584274730515,50
65800,-30.91041382308292,50
65850,-31.968815151667084,50
65900,-32.765453074330935,50
65950,-32.3433952981811,50
66000,-41.80389184957437,50
66050,-42.127479582166984,50
66100,-38.25047841329155,50
66150,-36.47482726389317,50
66200,-32.198967119379,50
66250,-36.728574272359076,50
66300,-43.69013288173443,50
66350,-34.35801086833482,50
66400,-36.63488671326449,50
66450,-42.25867487467434,50
66500,-40.71722515808165,50
66550,-31.711643888901968,50
66600,-36.11457308578708,50
66650,-39.36781587415683,50
66700,-36.12757825716276,50
66750,-42.581434554557454,50
66800,-41.075325158024945,50
66850,-41.91462865922494,50
66900,-40.78411926421586,50
66950,-33.01031982715312,50
67000,-35.1616086925834,50
67050,-44.51475401857752,50
67100,-41.231614274052895,50
67150,-32.08517303302534,50
67200,-50.78247127824464,50
67250,-40.455178556309974,50
67300,-45.99973420057542,50
67350,-33.414350526767045,50
67400,-41.68407162471743,50
67450,-42.38893008921357,50
67500,-37.69648550860567,50
67550,-39.656714702266626,50
67600,-43.69046031866894,50
67650,-37.73640597787241,50
67700,-42.62947223505586,50
67750,-37.02859395849591,50
67800,-34.836132176488185,50
67850,-34.559286664170656,50
67900,-40.17051308266755,50
67950,-40.807940700963286,50
68000,-35.243739907239714,50
68050,-42.284928806249866,50
68100,-31.109143405921824,50
68150,-36.21756091529221,50
68200,-44.11649194902724,50
68250,-41.51478443672082,50
68300,-38.06186142112649,50
68350,-37.47375138487798,50
68400,-33.08340973129889,50
68450,-36.76314008964126,50
68500,-32.66563395128206,50
68550,-36.084815045393455,50
68600,-39.403285195116524,50
68650,-33.865552251752504,50
68700,-42.18866286171376,50
68750,-42.57465741220764,50
68800,-38.672349478013125,50
68850,-40.53662516087031,50
68900,-34.31726343898895,50
68950,-34.531266051809425,50
69000,-43.13208395005069,50
69050,-39.90752077696389,50
69100,-38.83164096677644,50
69150,-40.26617979487746,50
69200,-44.30170112180775,50
69250,-37.88553976718817,50
69300,-34.93692032390853,50
69350,-37.788142019395636,50
69400,-38.84843338377677,50
69450,-28.43010372988621,50
69500,-39.3675861831134,50
69550,-33.51704464861055,50
69600,-30.38099938367406,50
69650,-38.30825884582258,50
69700,-40.5488931099072,50
69750,-33.17049952518906,50
69800,-28.59476720230292,50
69850,-44.4408020207995,50
69900,-29.463195312289447,50
69950,-34.54498713681055,50
70000,-34.42519197891365,50
70050,-43.19536120463617,50
70100,-29.732704650379624,50
70150,-36.23672852182318,50
70200,-34.886707408644675,50
70250,-30.4095489308694,50
70300,-35.53751503530515,50
70350,-35.79305419899218,50
70400,-40.34501582936741,50
70450,-44.91850366250321,50
70500,-36.379732866290595,50
70550,-24.50816443576448,50
70600,-32.01467135578841,50
70650,-39.09308834502395,50
70700,-35.10793275472751,50
70750,-32.099923434988916,50
70800,-31.13153945244539,50
70850,-46.09159427934513,50
70900,-41.920509549641736,50
70950,-26.976587048978065,50
71000,-42.11892140027083,50
71050,-42.666250592627435,50
71100,-36.389502786904714,50
71150,-31.13343514343242,50
71200,-27.230267733202275,50
71250,-31.7005267948071,50
71300,-39.09703178359695,50
71350,-33.843676935098756,50
71400,-42.45220659283631,50
71450,-33.17763572320099,50
71500,-28.91102031686105,50
71550,-44.07751347443697,50
71600,-41.24107402562206,50
71650,-30.283070746558558,50
71700,-33.79048076562996,50
71750,-36.07500623746909,50
71800,-34.28790143127123,50
71850,-28.555776848378994,50
71900,-33.3545226794169,50
71950,-35.113582206581675,50
72000,-30.790230086595905,50
72050,-38.32540418805479,50
72100,-29.77911524559016,50
72150,-39.76063361361495,50
72200,-34.55329175354972,50
72250,-27.22686139303843,50
72300,-31.452013297014744,50
72350,-40.42179122005929,50
72400,-31.147319432352774,50
72450,-38.49721083332383,50
72500,-34.547379436959346,50
72550,-37.46183435889355,50
72600,-40.45738880304194,50
72650,-35.185871956678604,50
72700,-28.530053940430008,50
72750,-42.280416469161146,50
72800,-32.86413649825351,50
72850,-36.29342927563971,50
72900,-43.311221334055226,50
72950,-41.437423210012234,50
73000,-32.51187976223544,50
73050,-32.52528357284974,50
73100,-32.75041251270069,50
73150,-39.63228706660068,50
73200,-38.35833753084624,50
73250,-33.56137693347192,50
73300,-36.391931171026854,50
73350,-35.535822950587246,50
73400,-32.05710135523612,50
73450,-41.18985800913456,50
73500,-39.42441213601828,50
73550,-30.93393459541567,50
73600,-38.81349801710914,50
73650,-32.0836879012747,50
73700,-41.73179813536985,50
73750,-37.57639659265659,50
73800,-38.93000445789059,50
73850,-30.22769192137126,50
73900,-33.77088138841488,50
73950,-44.208021556257606,50
74000,-38.68257500436009,50
74050,-30.865482043379448,50
74100,-32.967648734983506,50
74150,-31.683206350636468,50
74200,-33.061413797440125,50
74250,-38.21591244010789,50
74300,-44.08122349380948,50
74350,-31.485523194746566,50
74400,-34.28933981043119,50
74450,-33.83875210886544,50
74500,-32.75181855573801,50
74550,-40.314638245628885,50
74600,-38.81080092368393,50
74650,-42.14711627780229,50
74700,-34.99062114590637,50
74750,-28.644590398992534,50
74800,-38.11236049694615,50
74850,-35.81279271078616,50
74900,-25.657434634377346,50
74950,-32.39051946984305,50
75000,-33.69433399107711,50
75050,-31.00361219028558,50
75100,-28.00676907627903,50
75150,-39.80802945229354,50
75200,-41.04332252674446,50
75250,-37.03871195713156,50
75300,-33.75401527818115,50
75350,-36.88796855579379,50
75400,-36.105562087921065,50
75450,-43.272717990144294,50
75500,-27.458170583992562,50
75550,-37.47957336990371,50
75600,-46.076815179608566,50
75650,-35.78383867651792,50
75700,-41.17891639453052,50
75750,-34.1274389458292,50
75800,-33.526490558370284,50
75850,-30.322802468195636,50
75900,-38.85546762091242,50
75950,-32.75788815350605,50
76000,-33.11919405711222,50
76050,-35.01125845119596,50
76100,-28.938034779981127,50
76150,-43.26229214443328,50
76200,-33.89510823200312,50
76250,-34.32408941100902,50
76300,-22.62344502142646,50
76350,-31.584230557263314,50
76400,-29.564393245907418,50
76450,-31.086915187143926,50
76500,-28.0440545687692,50
76550,-27.739128200685386,50
76600,-30.53391756427435,50
76650,-31.410582473551766,50
76700,-33.28351192245428,50
76750,-37.53096244979053,50
76800,-38.40869993637468,50
76850,-24.59071728472257,50
76900,-31.016687507715314,50
76950,-32.45949779223015,50
77000,-30.403174173086676,50
77050,-35.31728956525264,50
77100,-28.173956130145484,50
77150,-31.142587614092328,50
77200,-37.72170904287803,50
77250,-28.615346695892747,50
77300,-37.549100483839005,50
77350,-25.758997930572356,50
77400,-36.481434362327995,50
77450,-39.68326568660755,50
77500,-24.179703918552924,50
77550,-34.15417821824344,50
77600,-30.06799236178655,50
77650,-34.66100107515682,50
77700,-34.05718774261082,50
77750,-26.479078244293753,50
77800,-40.90414956750189,50
77850,-33.95762148302746,50
77900,-25.56529145066487,50
77950,-29.69287912462799,50
78000,-30.648708345686813,50
78050,-30.912571227057654,50
78100,-31.25577089406894,50
78150,-33.3017143801962,50
78200,-26.215929839300017,50
78250,-29.459596126825893,50
78300,-28.875697377774088,50
78350,-25.796504450792302,50
78400,-30.316526640645378,50
78450,-41.38878839824267,50
78500,-28.64614833600944,50
78550,-42.67751712218572,50
78600,-32.306572065100404,50
78650,-30.568328197650946,50
78700,-34.911641615753894,50
78750,-32.05205893081231,50
78800,-37.89221561864634,50
78850,-26.537278412838084,50
78900,-47.826057123106125,50
78950,-34.119240831505316,50
79000,-39.3273610491519,50
79050,-35.00330880785153,50
79100,-41.21790471266468,50
79150,-31.363231823698904,50
79200,-27.88363359351594,50
79250,-31.965268456509513,50
79300,-31.397476755907398,50
79350,-28.373003232408482,50
79400,-30.64647485303769,50
79450,-28.387501292875612,50
79500,-36.99314653946758,50
79550,-36.37720031745949,50
79600,-27.30877874796194,50
79650,-28.185708859217502,50
79700,-33.41883409874246,50
79750,-42.78349693154703,50
79800,-30.991168748593278,50
79850,-36.93671537809281,50
79900,-32.785521275461775,50
79950,-30.624435084765775,50
80000,-24.73905244347982,50
80050,-31.627515580418073,50
80100,-37.42880242068578,50
80150,-41.08249518459961,50
80200,-26.714407193401748,50
80250,-24.38461115136131,50
80300,-31.0559120239676,50
80350,-30.27863976723125,50
80400,-27.346745049154045,50
80450,-31.700329526966353,50
80500,-34.21516892299819,50
80550,-28.9806904947628,50
80600,-34.678736290211496,50
80650,-30.99548503887227,50
80700,-26.928525831301403,50
80750,-29.28181737053843,50
80800,-31.94735963659452,50
80850,-39.10629693377664,50
80900,-32.62594176900053,50
80950,-35.34028707267608,50
81000,-31.698604468658434,50
81050,-35.783215829861206,50
81100,-29.903439031697502,50
81150,-25.94596520543709,50
81200,-29.164335804105086,50
81250,-38.49725105971268,50
81300,-30.954347480435267,50
81350,-38.89738394996645,50
81400,-23.744174946793983,50
81450,-34.5557194165854,50
81500,-33.17055096353814,50
81550,-30.79562090609366,50
81600,-33.22188820363193,50
81650,-33.63445590413344,50
81700,-33.57562714298016,50
81750,-38.933045342033545,50
81800,-32.04308184692677,50
81850,-33.528638959477185,50
81900,-34.16824084534997,50
81950,-26.777790139232984,50
82000,-32.62292592273769,50
82050,-32.140182804947194,50
82100,-31.55168253279595,50
82150,-30.209205886577646,50
82200,-25.65674676101472,50
82250,-34.8805692434619,50
82300,-24.73739875322123,50
82350,-34.90462182898026,50
82400,-26.50673767689605,50
82450,-29.416958651073628,50
82500,-24.75100865997963,50
82550,-34.90731509257711,50
82600,-33.8084303063275,50
82650,-25.788312836712418,50
82700,-34.638764512682286,50
82750,-42.618820714868285,50
82800,-31.53241858502989,50
82850,-30.23590095038772,50
82900,-35.24675565982231,50
82950,-25.29285730471521,50
83000,-31.75752531050617,50
83050,-34.57509508940982,50
83100,-36.46980903300781,50
83150,-34.498969732136544,50
83200,-28.13268786206504,50
83250,-35.50187584630555,50
83300,-30.00935981296227,50
83350,-31.861169858166814,50
83400,-36.77264553436702,50
83450,-35.18056523931498,50
83500,-27.586376740334167,50
83550,-28.896313105740095,50
83600,-31.16488558355365,50
83650,-29.11444678305798,50
83700,-34.90855417069458,50
83750,-33.662683554783854,50
83800,-34.220301512937915,50
83850,-32.602220649515395,50
83900,-39.98052713386157,50
83950,-31.3947185991039,50
84000,-37.644016376948784,50
84050,-35.64974925003318,50
84100,-30.176633424846145,50
84150,-31.980590319805433,50
84200,-31.77970101843961,50
84250,-26.64262390423535,50
84300,-33.655450090621365,50
84350,-30.16336420876481,50
84400,-26.14447379623237,50
84450,-33.12974148441166,50
84500,-23.69244994466863,50
84550,-30.12608247762457,50
84600,-33.83931295776471,50
84650,-29.64473159311657,50
84700,-27.043723113830293,50
84750,-30.634150409103924,50
84800,-24.725072918332685,50
84850,-32.32849175360432,50
84900,-30.062382238727775,50
84950,-27.5596145608298,50
85000,-27.520795311013956,50
85050,-27.69304957279675,50
85100,-25.2285697783009,50
85150,-24.370303111406326,50
85200,-26.092056648819746,50
85250,-24.432260829128058,50
85300,-25.89646047969952,50
85350,-33.965083812153345,50
85400,-28.890815954020884,50
85450,-26.582829133907563,50
85500,-29.511424327545047,50
85550,-32.20245640453512,50
85600,-24.927153070798326,50
85650,-27.655001070579566,50
85700,-32.28353924321354,50
85750,-36.386911198013294,50
85800,-32.68832435738569,50
85850,-34.42492196546361,50
85900,-23.078028205141344,50
85950,-29.108339783283686,50
86000,-32.29940955124412,50
86050,-29.52308059460227,50
86100,-27.57993383387034,50
86150,-26.78606138539741,50
86200,-31.510333428835,50
86250,-26.60468535405725,50
86300,-35.85798405771641,50
86350,-37.975290580734224,50
86400,-29.055743726739756,50
86450,-33.51403603545702,50
86500,-35.12500482479971,50
86550,-36.234533672978166,50
86600,-29.50695972805123,50
86650,-20.222744669299427,50
86700,-25.567053123514746,50
86750,-28.5047794307789,50
86800,-34.25793716819839,50
86850,-28.27347057611552,50
86900,-23.179839225662086,50
86950,-33.08360933847526,50
87000,-31.81978589441445,50
87050,-27.240356810433074,50
87100,-32.46061335643704,50
87150,-32.85604899133635,50
87200,-28.76601782709141,50
87250,-29.2383276186606,50
87300,-30.16329657557223,50
87350,-24.686024573753574,50
87400,-29.535577300327592,50
87450,-35.88856397246895,50
87500,-32.63078396141392,50
87550,-18.72124196577982,50
87600,-28.947576395805502,50
87650,-33.642284684337874,50
87700,-35.509509076882665,50
87750,-25.285406116167753,50
87800,-25.392862290890264,50
87850,-26.049037765415548,50
87900,-24.97417432284256,50
87950,-33.551325797027076,50
88000,-28.331892096940585,50
88050,-31.04262536257664,50
88100,-29.01979679145477,50
88150,-27.70507392836283,50
88200,-29.804489377799666,50
88250,-25.761402067349916,50
88300,-25.69398311398741,50
88350,-31.861609037615384,50
88400,-26.38002935703278,50
88450,-27.02340517872661,50
88500,-28.778462509617825,50
88550,-27.587374135591357,50
88600,-35.49624433902644,50
88650,-27.122127167768664,50
88700,-20.600523336153447,50
88750,-36.95694295038223,50
88800,-31.762055277027684,50
88850,-29.392728378108842,50
88900,-22.231492548350833,50
88950,-27.791783595579776,50
89000,-22.434420533162026,50
89050,-22.72557985812521,50
89100,-22.852177417500965,50
89150,-38.279124577798896,50
89200,-29.147805495350916,50
89250,-32.32431361083809,50
89300,-26.37011017469011,50
89350,-27.28745898710251,50
89400,-33.41319290615348,50
89450,-23.341671030522974,50
89500,-33.925170142926994,50
89550,-24.933078023339142,50
89600,-32.570588082696766,50
89650,-27.08898930685214,50
89700,-28.98671850448557,50
89750,-25.60656242169307,50
89800,-24.449301552573633,50
89850,-23.989161129336814,50
89900,-22.450214967078445,50
89950,-28.622756881807906,50
90000,-32.2496971807777,50
90050,-26.03545010849204,50
90100,-28.51709109511385,50
90150,-28.46121140562521,50
90200,-26.65080444744791,50
90250,-30.469213196717934,50
90300,-31.42259468809424,50
90350,-41.84735536889248,50
90400,-26.261911849994576,50
90450,-30.925452138423893,50
90500,-18.293427032325447,50
90550,-23.870599457681607,50
90600,-31.517045821222336,50
90650,-25.569476272151803,50
90700,-23.369229367122415,50
90750,-29.959718518065216,50
90800,-30.274931036739527,50
90850,-28.353017373209497,50
90900,-26.765004541825213,50
90950,-31.359297407862524,50
91000,-21.50462520829284,50
91050,-20.205946954131875,50
91100,-26.130008790141222,50
91150,-34.417188936561764,50
91200,-19.85026011653183,50
91250,-34.25110287794922,50
91300,-28.267415221711587,50
91350,-34.95676612621221,50
91400,-29.15212751122528,50
91450,-25.281825583111527,50
91500,-35.79942205693664,50
91550,-31.509325352250425,50
91600,-22.964069082286823,50
91650,-23.02611669812562,50
91700,-22.558084395314495,50
91750,-29.751073475600922,50
91800,-20.06058430453413,50
91850,-24.04691692634505,50
91900,-26.900904316680865,50
91950,-25.643431862884068,50
92000,-31.579974083591193,50
92050,-25.031671561930082,50
92100,-34.827146111427005,50
92150,-28.417245152439225,50
92200,-34.02056242833817,50
92250,-26.54141088847352,50
92300,-37.38411956776495,50
92350,-34.21292419323449,50
92400,-30.096838633393542,50
92450,-21.057349331240527,50
92500,-22.97039229354153,50
92550,-25.20263622368959,50
92600,-19.487268484205167,50
92650,-29.076434771058608,50
92700,-32.08228625694865,50
92750,-31.18864166656693,50
92800,-32.117552609266546,50
92850,-35.70482666277895,50
92900,-22.75943626920528,50
92950,-29.444599114261592,50
93000,-28.919568689197966,50
93050,-33.74367805671168,50
93100,-26.899479925678822,50
93150,-23.259742335953,50
93200,-32.320087686500315,50
93250,-22.363048069173853,50
93300,-22.69283532427725,50
93350,-33.65218272782073,50
93400,-32.295534552981024,50
93450,-31.314561436032065,50
93500,-36.951366231984146,50
93550,-23.824371366451523,50
93600,-35.051214847332794,50
93650,-29.76199885332975,50
93700,-27.896827041069265,50
93750,-20.01406521081163,50
93800,-23.102461961634894,50
93850,-35.995657056478535,50
93900,-31.657672203174666,50
93950,-33.705711801359406,50
94000,-27.03018387816923,50
94050,-23.077998894404647,50
94100,-20.85655803727811,50
94150,-20.44356431290197,50
94200,-25.480978442780028,50
94250,-26.43031131189319,50
94300,-34.572993720638074,50
94350,-23.81415233537746,50
94400,-28.05768590553116,50
94450,-25.03947794109844,50
94500,-24.248578170237845,50
94550,-26.840697214703496,50
94600,-24.474686739684646,50
94650,-18.785382299333335,50
94700,-21.24026620966989,50
94750,-24.308270516250506,50
94800,-23.40641726329882,50
94850,-31.922608094857136,50
94900,-32.04002146916135,50
94950,-18.46184286714707,50
95000,-23.99783751365077,50
95050,-28.473074632480202,50
95100,-29.794879454123016,50
95150,-25.622403676104557,50
95200,-25.846145119473494,50
95250,-19.830012960148352,50
95300,-26.543061772443583,50
95350,-28.532970921914117,50
95400,-28.328853467798282,50
95450,-27.091476173665974,50
95500,-27.31399394470651,50
95550,-32.73141580416523,50
95600,-30.65470562858576,50
95650,-24.505969448632005,50
95700,-22.707642808731777,50
95750,-25.375207801896376,50
95800,-19.74853473519821,50
95850,-30.179364501685793,50
95900,-29.440225319410832,50
95950,-29.320070646582323,50
96000,-22.867507016052336,50
96050,-31.616275911732615,50
96100,-29.150583793115434,50
96150,-31.13263054897613,50
96200,-31.265993938807313,50
96250,-27.89647980366564,50
96300,-29.511521122982057,50
96350,-34.632725528259314,50
96400,-26.539461417345777,50
96450,-27.160606111195822,50
96500,-29.668030792414697,50
96550,-25.952289511970548,50
96600,-25.6160258955816,50
96650,-30.34999687409028,50
96700,-32.934858292259555,50
96750,-24.431506602233025,50
96800,-21.34044005648363,50
96850,-30.796357664798194,50
96900,-24.17126532220895,50
96950,-28.587688562684704,50
97000,-36.77093502296996,50
97050,-26.59992354042555,50
97100,-19.763066487529972,50
97150,-20.742614194893207,50
97200,-29.657618905968576,50
97250,-22.582117920346228,50
97300,-30.5871289193022,50
97350,-35.456139902387676,50
97400,-32.07211412342213,50
97450,-32.912014425703724,50
97500,-32.379540288547005,50
97550,-22.692437189404497,50
97600,-26.254076056580928,50
97650,-31.965270397239703,50
97700,-31.116506605491566,50
97750,-24.74741572257525,50
97800,-21.409518610360738,50
97850,-29.698461632169668,50
97900,-33.14842327891378,50
97950,-28.438426406313333,50
98000,-24.183673865001047,50
98050,-25.77950601990314,50
98100,-19.69637676912778,50
98150,-23.089558749903066,50
98200,-19.891823342109596,50
98250,-36.82866066131966,50
98300,-19.38030447884632,50
98350,-16.727795967356126,50
98400,-22.678664863914435,50
98450,-24.231988031521787,50
98500,-23.889397554654153,50
98550,-32.34572158472836,50
98600,-25.96196658949154,50
98650,-27.33330327467881,50
98700,-19.737401907131733,50
98750,-29.841657509983563,50
98800,-17.583750473252874,50
98850,-21.374535041324688,50
98900,-23.658794837633682,50
98950,-20.705432529328657,50
99000,-35.3325401520274,50
99050,-17.593646070080577,50
99100,-25.89525599723496,50
99150,-31.641340746540273,50
99200,-21.478399368845672,50
99250,-20.43512394237448,50
99300,-25.144909935426035,50
99350,-23.172651480673693,50
99400,-33.642839976200285,50
99450,-23.461300108255553,50
99500,-23.700642843866444,50
99550,-26.92820810769494,50
99600,-35.44054110307905,50
99650,-32.0541617383956,50
99700,-21.77013069644039,50
99750,-23.844257179963904,50
99800,-32.513321328380776,50
99850,-32.02913568086566,50
99900,-21.899634461162435,50
99950,-25.226063773039957,50
100000,-30.854569446009844,50
100050,-24.86809544351903,50
100100,-28.112793355635755,50
100150,-28.72068537278514,50
100200,-24.663048989563517,50
100250,-26.034220250714014,50
100300,-33.05705052057871,50
100350,-32.304772014203145,50
100400,-16.711228915997893,50
100450,-24.81882621622674,50
100500,-19.117398322761904,50
100550,-29.575251855456173,50
100600,-31.16553572922272,50
100650,-27.298327476376798,50
100700,-30.664408657617567,50
100750,-28.768217486964602,50
100800,-28.514898663999315,50
100850,-31.620139122536024,50
100900,-27.090679321044668,50
100950,-20.01598590155555,50
101000,-18.81316053889406,50
101050,-18.181335054467297,50
101100,-30.65407323374993,50
101150,-20.2784202332001,50
101200,-24.255290862852,50
101250,-28.551732090471248,50
101300,-14.057294976093525,50
101350,-33.64340115033306,50
101400,-33.989382867347246,50
101450,-24.038553541814007,50
101500,-23.832903931426262,50
101550,-21.960544724537627,50
101600,-20.162549688058178,50
101650,-23.765183878679352,50
101700,-31.611590210607723,50
101750,-20.73775711442751,50
101800,-27.00550815183882,50
101850,-22.49257222794693,50
101900,-22.21300015826761,50
101950,-26.460884177887003,50
102000,-31.03028887609553,50
102050,-30.210703986535805,50
102100,-24.759240570660836,50
102150,-21.32655923093528,50
102200,-15.057509335513107,50
102250,-30.190394331543775,50
102300,-15.549697073049787,50
102350,-23.759471283767173,50
102400,-18.508631168152714,50
102450,-24.223132065300348,50
102500,-24.675180873495567,50
102550,-21.511017363319652,50
102600,-21.46067756654048,50
102650,-26.44660770873683,50
102700,-20.69102514889843,50
102750,-21.503759293295495,50
102800,-21.279392387339858,50
102850,-18.50463416572229,50
102900,-21.549203248604712,50
102950,-27.988856913160955,50
103000,-25.903694749410192,50
103050,-23.479615424538537,50
103100,-25.39158230939912,50
103150,-19.75857403136697,50
103200,-20.46861406582384,50
103250,-26.708619007236635,50
103300,-26.20684183442438,50
103350,-24.659321733397924,50
103400,-31.816996249166145,50
103450,-29.26363189111218,50
103500,-29.68401863261106,50
103550,-19.21574796758066,50
103600,-29.840051130081722,50
103650,-25.909978070546543,50
103700,-25.8788599765291,50
103750,-20.995313662251462,50
103800,-30.058564414061703,50
103850,-20.633147680045383,50
103900,-28.31500743347172,50
103950,-18.812849089419,50
104000,-28.95519698711749,50
104050,-25.92308922109935,50
104100,-31.98326661612604,50
104150,-17.82545971478483,50
104200,-20.933661012103347,50
104250,-33.75662818443363,50
104300,-24.791427207522457,50
104350,-33.486019879945395,50
104400,-24.348595905770853,50
104450,-24.651424983460362,50
104500,-16.15801388248965,50
104550,-22.003921472057826,50
104600,-22.60124110197355,50
104650,-29.157945498788223,50
104700,-28.082492700688512,50
104750,-28.88999360908946,50
104800,-24.995084423473237,50
104850,-27.55226157553731,50
104900,-25.048996631681156,50
104950,-25.932482393695793,50
105000,-27.494002271174793,50
105050,-28.648538214600656,50
105100,-15.893697000823297,50
105150,-22.911387482770113,50
105200,-27.2765837811244,50
105250,-22.431428148556417,50
105300,-21.995161650096428,50
105350,-26.084929777464946,50
105400,-24.958559287373664,50
105450,-20.409670482273167,50
105500,-23.687505587978553,50
105550,-20.462627789556233,50
105600,-18.08185449616486,50
105650,-22.354199880093194,50
105700,-23.707796199169522,50
105750,-22.202986311231054,50
105800,-22.627962345750024,50
105850,-28.417786471135713,50
105900,-21.615461883195913,50
105950,-27.7900188356494,50
106000,-21.408209635546143,50
106050,-19.593937788106256,50
106100,-19.627456298200343,50
106150,-28.0466852110673,50
106200,-24.082433168979648,50
106250,-19.67413939208267,50
106300,-26.823415883832546,50
106350,-19.752461734958388,50
106400,-19.161645163786226,50
106450,-30.417490961983138,50
106500,-26.129567263930884,50
106550,-20.955682919751727,50
106600,-27.284119127952483,50
106650,-24.624404265699003,50
106700,-20.867832372405882,50
106750,-18.434818188644243,50
106800,-27.055965436954644,50
106850,-18.79831076140584,50
106900,-17.762761865775925,50
106950,-16.78866167041083,50
107000,-21.20146091801736,50
107050,-15.521627121916017,50
107100,-22.073137629184153,50
107150,-26.3260683391902,50
107200,-17.822801812194477,50
107250,-20.150463877956728,50
107300,-28.44169329705648,50
107350,-28.48148068454941,50
107400,-17.641995677243827,50
107450,-16.33071377462135,50
107500,-29.748972824112364,50
107550,-22.529170766976385,50
107600,-16.93603161609599,50
107650,-22.093322047747595,50
107700,-22.278851326556335,50
107750,-18.735878107979897,50
107800,-22.64074553597209,50
107850,-24.595468744374813,50
107900,-16.230534937752296,50
107950,-23.676177294638002,50
108000,-20.998160833247514,50
108050,-21.11699568268187,50
108100,-17.186398608572745,50
108150,-17.53734893754053,50
108200,-18.437526279692158,50
108250,-21.731958096975426,50
108300,-25.801394493495625,50
108350,-30.073077372676774,50
108400,-20.006112989334294,50
108450,-16.717269289644257,50
108500,-16.805642513289914,50
108550,-21.141658349593943,50
108600,-21.49808053675096,50
108650,-25.253517201390313,50
108700,-25.642444899539505,50
108750,-26.290066529224525,50
108800,-25.49896136463557,50
108850,-20.0203473921767,50
108900,-15.260090428952697,50
108950,-15.77369799225971,50
109000,-29.872685528455545,50
109050,-25.022897218081088,50
109100,-24.952279759389402,50
109150,-19.74696472436514,50
109200,-25.631945383259463,50
109250,-21.609734915284726,50
109300,-26.57155062504467,50
109350,-17.589831306414382,50
109400,-20.207419874191856,50
109450,-19.81330746852639,50
109500,-19.9386151162477,50
109550,-23.4723001457095,50
109600,-25.044836025896604,50
109650,-14.924846404648084,50
109700,-16.022860604009487,50
109750,-19.67122925831771,50
109800,-15.59111106949484,50
109850,-24.723239403135995,50
109900,-18.74958061351208,50
109950,-26.755819351339415,50
110000,-22.135344041734346,50
110050,-25.370572351283144,50
110100,-26.074402642034357,50
110150,-21.678304736001568,50
110200,-20.713518827620387,50
110250,-17.871677961863767,50
110300,-27.14611559415493,50
110350,-28.35755522342945,50
110400,-16.399720473719512,50
110450,-20.90452678509643,50
110500,-27.378900190652608,50
110550,-27.679861579915457,50
110600,-18.93322969696032,50
110650,-24.287673209685746,50
110700,-18.496804432939346,50
110750,-25.08571347630231,50
110800,-19.615372137359145,50
110850,-19.773075826205808,50
110900,-22.954265097580087,50
110950,-17.71200778179035,50
111000,-26.972721570630835,50
111050,-25.55373891912737,50
111100,-23.942753934400727,50
111150,-21.209174849132502,50
111200,-29.632803210614348,50
111250,-21.868843823768113,50
111300,-25.759776232957673,50
111350,-22.75836149879477,50
111400,-19.544219637735964,50
111450,-21.111102751261587,50
111500,-19.51212700387041,50
111550,-27.734757210896092,50
111600,-25.99158811711783,50
111650,-20.75962305731016,50
111700,-19.895669893619612,50
111750,-17.380427963052355,50
111800,-19.417656241375035,50
111850,-25.96839886296425,50
111900,-24.662766243252552,50
111950,-21.76465165437446,50
112000,-17.95254488382835,50
112050,-24.554709854587813,50
112100,-21.61263972757548,50
112150,-24.384317038499475,50
112200,-17.56141959090015,50
112250,-24.689726948603393,50
112300,-19.419410564701035,50
112350,-28.966753392999205,50
112400,-16.602799305851036,50
112450,-15.764925202306609,50
112500,-19.1232615387248,50
112550,-21.804885820555512,50
112600,-19.715572044047505,50
112650,-22.544217578542508,50
112700,-20.168571653276413,50
112750,-21.815015179119662,50
112800,-18.733899530578316,50
112850,-21.76517080783872,50
112900,-28.467009997993106,50
112950,-22.06137229616769,50
113000,-24.63621370320513,50
113050,-20.46758008840162,50
113100,-17.73230680058647,50
113150,-20.200562084201085,50
113200,-24.640819688496453,50
113250,-22.93345891421824,50
113300,-17.56725242509659,50
113350,-16.12254598301814,50
113400,-20.839109495371698,50
113450,-19.67676070910511,50
113500,-23.330982726130824,50
113550,-27.821359485085058,50
113600,-27.346278706867654,50
113650,-22.488457138964527,50
113700,-24.4861276116909,50
113750,-23.60456989821595,50
113800,-24.002015918510075,50
113850,-19.824325591368957,50
113900,-17.020937528345417,50
113950,-20.015357140676734,50
114000,-22.449216512780808,50
114050,-19.426343981446106,50
114100,-16.468645453364783,50
114150,-22.55703887706069,50
114200,-20.91121220317303,50
114250,-21.43157415052027,50
114300,-22.98767559633349,50
114350,-27.329170865343098,50
114400,-25.279456178506322,50
114450,-20.9831548239505,50
114500,-23.581674638089755,50
114550,-21.901881220424997,50
114600,-17.00696912611952,50
114650,-20.101512740977846,50
114700,-18.108645706446822,50
114750,-22.664354220430962,50
114800,-19.114506283468092,50
114850,-16.222770228333918,50
114900,-20.03531599286632,50
114950,-27.26258233516986,50
115000,-20.736800464433973,50
115050,-20.80406278038479,50
115100,-22.575283748873268,50
115150,-20.50416484655954,50
115200,-21.136267058482613,50
115250,-17.112862066739712,50
115300,-15.23205318230139,50
115350,-21.8368022858007,50
115400,-21.729590874291148,50
115450,-16.873888138542544,50
115500,-16.9802358414929,50
115550,-17.310142100429825,50
115600,-15.072975157408463,50
115650,-20.41301668116112,50
115700,-16.51552250869932,50
115750,-19.299946663131163,50
115800,-24.684246852021197,50
115850,-24.55481585005382,50
115900,-25.21611355962196,50
115950,-18.769724035460975,50
116000,-25.387966068477635,50
116050,-18.41224031850671,50
116100,-21.308086190746135,50
116150,-21.65916198906632,50
116200,-17.262430956457745,50
116250,-17.373887459599167,50
116300,-20.8681569276762,50
116350,-20.498031855001926,50
116400,-22.558081587060954,50
116450,-20.8623511161249,50
116500,-23.713112071227997,50
116550,-18.04666952541292,50
116600,-24.779782943612407,50
116650,-25.24247844578382,50
116700,-15.283217007754995,50
116750,-26.525518755689017,50
116800,-23.90796334833804,50
116850,-18.567540611787585,50
116900,-15.909966674876548,50
116950,-26.297197599763425,50
117000,-25.01324950651462,50
117050,-24.925131038833197,50
117100,-27.963366562257438,50
117150,-22.29967779035373,50
117200,-15.120160845431704,50
117250,-15.07211280612208,50
117300,-24.032636567102735,50
117350,-22.255962362667336,50
117400,-20.25343071301787,50
117450,-17.870113077085826,50
117500,-20.99102771696037,50
117550,-21.157544600280783,50
117600,-14.94411715066326,50
117650,-27.324299148394154,50
117700,-21.950844838411093,50
117750,-22.00428968125207,50
117800,-27.90243338006745,50
117850,-24.873620917306138,50
117900,-21.36933202943638,50
117950,-27.387151481459373,50
118000,-23.690184848282986,50
118050,-16.29449290245746,50
118100,-18.169758561578032,50
118150,-20.430034564183263,50
118200,-21.70950435507527,50
118250,-20.664711307835017,50
118300,-27.143959298724052,50
118350,-18.58946577382166,50
118400,-27.131596066403997,50
118450,-20.742068688541178,50
118500,-21.341298989758805,50
118550,-25.31476997695547,50
118600,-25.870527781348148,50
118650,-21.25641610469162,50
118700,-21.350909362270848,50
118750,-23.35900293026107,50
118800,-24.631556446985435,50
118850,-19.74682930302317,50
118900,-18.764740755209075,50
118950,-15.33848619795695,50
119000,-21.015719441553724,50
119050,-18.383501455576383,50
119100,-24.35975644877483,50
119150,-19.952279493596404,50
119200,-20.753532705726492,50
119250,-22.376288181234848,50
119300,-16.522111649211094,50
119350,-16.6159868550836,50
119400,-18.903747342055475,50
119450,-24.26899187995317,50
119500,-19.429209297519254,50
119550,-21.739566388978556,50
119600,-23.24772780585092,50
119650,-14.42146308960581,50
119700,-21.75757883544634,50
119750,-18.201342217703424,50
119800,-24.875125559632338,50
119850,-15.7340816280361,50
119900,-18.304594080412723,50
119950,-23.865405237902202,50
120000,-22.420402952092395,50
120050,-20.89955768953573,50
120100,-20.485091933963513,50
120150,-18.30945208983024,50
120200,-18.27578173061014,50
120250,-20.059872471207456,50
120300,-15.233850662676263,50
120350,-16.493093217233184,50
120400,-20.329067494379025,50
120450,-21.33054055969046,50
120500,-21.09944152012452,50
120550,-23.056784351904337,50
120600,-23.90575746498572,50
120650,-17.341314330779305,50
120700,-18.50246491800804,50
120750,-17.578870188851646,50
120800,-15.587433267645135,50
120850,-17.485250964427678,50
120900,-17.15452443229524,50
120950,-16.269294520062772,50
121000,-25.567070822403647,50
121050,-18.324596981549846,50
121100,-22.396292661460816,50
121150,-17.068039310564778,50
121200,-13.152056367740013,50
121250,-14.887321397584556,50
121300,-19.915312232485924,50
121350,-22.745290168496446,50
121400,-14.503814755591655,50
121450,-25.059913458235403,50
121500,-18.711075656550854,50
121550,-15.740198885084702,50
121600,-20.261503572470964,50
121650,-20.29450748113075,50
121700,-26.8252301306292,50
121750,-20.738955748116275,50
121800,-22.91599457191863,50
121850,-20.05572419322601,50
121900,-18.727733705606404,50
121950,-22.54454553436417,50
122000,-16.401469846075216,50
122050,-20.42971344178757,50
122100,-15.149794018163842,50
122150,-18.604560117945557,50
122200,-24.442392874731404,50
122250,-21.5763881145619,50
122300,-16.972800691856392,50
122350,-15.40276386755541,50
122400,-20.13364110939404,50
122450,-19.899955283178635,50
122500,-25.591177933935175,50
122550,-20.763837655543174,50
122600,-20.57118379674416,50
122650,-19.783046616364754,50
122700,-25.30443639333993,50
122750,-20.65465361448066,50
122800,-19.028298795622582,50
122850,-21.359963808269594,50
122900,-21.272432142236305,50
122950,-18.337912594836613,50
123000,-16.247104016514122,50
123050,-17.007187265736356,50
123100,-12.792250573726427,50
123150,-14.907618256396379,50
123200,-21.05523648665178,50
123250,-17.590742139833576,50
123300,-20.827363931047145,50
123350,-16.246896946625224,50
123400,-19.2997852587701,50
123450,-19.970058807069094,50
123500,-18.2506478817077,50
123550,-20.016859965777,50
123600,-18.730762763437827,50
123650,-21.393625997455352,50
123700,-20.3718794326756,50
123750,-23.090276479189782,50
123800,-20.115424665880358,50
123850,-21.8972832531752,50
123900,-16.158764849258233,50
123950,-20.50263207808498,50
124000,-27.66075946485345,50
124050,-21.00710265514606,50
124100,-14.960976346750195,50
124150,-22.180955752563936,50
124200,-15.6774663630983,50
124250,-20.391390060651677,50
124300,-18.44334378989309,50
124350,-17.407141283575303,50
124400,-17.1721245883606,50
124450,-14.681022731257583,50
124500,-19.792088518344524,50
124550,-20.79361433587495,50
124600,-21.002271360497787,50
124650,-17.324246689683324,50
124700,-20.856827418982572,50
124750,-15.887596563463871,50
124800,-19.336167557037996,50
124850,-19.767229909770414,50
124900,-13.87204487187926,50
124950,-19.776082714496823,50
125000,-24.06833214805395,50
125050,-21.34878804410409,50
125100,-23.17167627775905,50
125150,-20.04593447352172,50
125200,-20.048574580169934,50
125250,-20.995458989805805,50
125300,-15.399836979292846,50
125350,-23.031118120605413,50
125400,-21.42830957597289,50
125450,-20.335641170714332,50
125500,-17.028310237607474,50
125550,-18.176159803294926,50
125600,-23.426557766020665,50
125650,-15.405168805180537,50
125700,-16.5124591733341,50
125750,-14.618473669387546,50
125800,-24.636718754286065,50
125850,-17.980882013798436,50
125900,-20.154475937430544,50
125950,-14.72780572321487,50
126000,-17.95145032573669,50
126050,-17.48522779177694,50
126100,-20.472046472457215,50
126150,-17.541792560248982,50
126200,-16.587425009285326,50
126250,-24.875336157889173,50
126300,-16.822222508242117,50
126350,-14.605961554411945,50
126400,-13.51004659660728,50
126450,-15.201882272768833,50
126500,-19.12863262714127,50
126550,-19.23194150491806,50
126600,-15.980566476084492,50
126650,-15.408727767714595,50
126700,-14.549198747434842,50
126750,-20.42317446724233,50
126800,-15.169922772254884,50
126850,-14.906845156847012,50
126900,-20.79471233414445,50
126950,-16.376685213700956,50
127000,-18.164034000339093,50
127050,-20.217143559841475,50
127100,-12.330051179268903,50
127150,-15.17058552342556,50
127200,-18.185006345017847,50
127250,-18.45854048674691,50
127300,-20.548482279075934,50
127350,-21.61125495174942,50
127400,-12.604184901438195,50
127450,-12.134649225659855,50
127500,-14.799263875305815,50
127550,-16.218058917085912,50
127600,-19.507141181693925,50
127650,-18.99560324810295,50
127700,-17.186490914097703,50
127750,-13.7128141377346,50
127800,-15.114070268770504,50
127850,-16.036850423410375,50
127900,-20.805243016348385,50
127950,-20.168718716421232,50
128000,-17.84232049281864,50
128050,-21.612813202909475,50
128100,-13.930814074468584,50
128150,-19.667196963914233,50
128200,-20.92981855102068,50
128250,-20.19821152072386,50
128300,-20.64504798369528,50
128350,-21.589038896074776,50
128400,-18.353987975781486,50
128450,-25.925472142438824,50
128500,-21.76728474641621,50
128550,-18.17578808502949,50
128600,-16.148145696237723,50
128650,-13.894736405884428,50
128700,-20.149219400196984,50
128750,-21.290798516535656,50
128800,-19.161005613156576,50
128850,-19.092782139087547,50
128900,-19.507777918501745,50
128950,-16.837735544717518,50
129000,-22.77830852340759,50
129050,-18.11097868625016,50
129100,-14.37598799025105,50
129150,-13.966629652640743,50
129200,-18.0271374822536,50
129250,-13.112032684832318,50
129300,-21.271473631663053,50
129350,-17.5210881467238,50
129400,-18.422772692982477,50
129450,-14.635014808584005,50
129500,-15.89572458153628,50
129550,-14.339607511071296,50
129600,-17.099690487851802,50
129650,-14.601221608376878,50
129700,-19.385805295479937,50
129750,-15.972671886143464,50
129800,-16.36039955948581,50
129850,-19.851022183783208,50
129900,-15.496434409544483,50
129950,-19.31764873933254,50
130000,-10.78605749371538,50
130050,-17.37311081930822,50
130100,-20.988730169808075,50
130150,-11.956332477608393,50
130200,-16.5632580202634,50
130250,-20.753250737850912,50
130300,-20.05372336301299,50
130350,-11.711665114527007,50
130400,-19.28188965708434,50
130450,-15.526854032322516,50
130500,-15.334721998232032,50
130550,-24.166157626585125,50
130600,-17.38424388754231,50
130650,-15.767784242122273,50
130700,-16.777667209992966,50
130750,-13.022249209108395,50
130800,-18.21710030597672,50
130850,-20.35404544257335,50
130900,-16.97873402865347,50
130950,-14.589108944091404,50
131000,-21.265479765544903,50
131050,-15.123906250161623,50
131100,-11.23354538203078,50
131150,-11.627272648522835,50
131200,-20.549572306085228,50
131250,-19.51997519216192,50
131300,-16.625508787642744,50
131350,-18.287027225015017,50
131400,-23.28191928889877,50
131450,-14.858859383820029,50
131500,-13.333533816792295,50
131550,-14.24614973623648,50
131600,-16.75532056106127,50
131650,-19.795298645070787,50
131700,-15.23343781506522,50
131750,-12.309626554315642,50
131800,-16.563593921890064,50
131850,-21.719252718382993,50
131900,-14.464893952501635,50
131950,-14.364001505917443,50
132000,-16.473963611038062,50
132050,-17.966183814793094,50
132100,-14.150931243334208,50
132150,-17.315864153725123,50
132200,-21.802948069551263,50
132250,-15.577157753725977,50
132300,-20.133390937521572,50
132350,-18.602536028978548,50
132400,-16.52456617947234,50
132450,-16.602059959776348,50
132500,-18.65657371592883,50
132550,-16.81636417633845,50
132600,-15.938710417042264,50
132650,-16.0009636751319,50
132700,-17.08575248026615,50
132750,-14.962853255710783,50
132800,-16.595044923348063,50
132850,-14.845244655611992,50
132900,-17.90396641041685,50
132950,-16.914321042833667,50
133000,-12.949806866979168,50
133050,-14.315653618531623,50
133100,-15.080263529411164,50
133150,-12.549048427985486,50
133200,-16.26790709938597,50
133250,-14.294016874873893,50
133300,-16.925675112738052,50
133350,-14.582918092235566,50
133400,-18.347280915922745,50
133450,-15.38490620844556,50
133500,-17.705577403262108,50
133550,-16.9371708892069,50
133600,-16.284156067464266,50
133650,-13.03506788256136,50
133700,-18.483344540927718,50
133750,-17.788696814427176,50
133800,-11.962192405484044,50
133850,-21.01608519419749,50
133900,-13.944740309530223,50
133950,-14.223776993705126,50
134000,-20.39570749375252,50
134050,-13.158037375893851,50
134100,-17.92909738701666,50
134150,-20.91769392185228,50
134200,-18.110974282178912,50
134250,-15.794331909760691,50
134300,-18.320618679408444,50
134350,-18.352496453188486,50
134400,-15.584754138627849,50
134450,-15.94284575689644,50
134500,-23.294048468451198,50
134550,-19.206776248539366,50
134600,-11.28782020322784,50
134650,-16.195240407019003,50
134700,-17.55528563693919,50
134750,-15.070566101812563,50
134800,-9.658272702706935,50
134850,-19.03710333826501,50
134900,-20.40479991422993,50
134950,-19.1766499181109,50
135000,-12.519915064806476,50
135050,-16.81317374681407,50
135100,-17.95626591866748,50
135150,-17.654790321490506,50
135200,-13.522564770465314,50
135250,-20.533713680753195,50
135300,-17.290597786051322,50
135350,-15.577713367857408,50
135400,-14.66544928239801,50
135450,-17.910059486539403,50
135500,-18.175511861820898,50
135550,-15.618581856805747,50
135600,-12.67958745880468,50
135650,-13.287972576490848,50
135700,-17.7391139662917,50
135750,-16.67769134710051,50
135800,-14.858011559359529,50
135850,-14.448064800974203,50
135900,-19.68667448172086,50
135950,-16.83401142932673,50
136000,-19.042046338698995,50
136050,-14.910003472542293,50
136100,-14.460035476045073,50
136150,-13.56724515634336,50
136200,-17.80434154692432,50
136250,-17.548751779653415,50
136300,-12.45000994090642,50
136350,-15.04411979944252,50
136400,-21.543213866710524,50
136450,-20.896833202326338,50
136500,-15.252841069092183,50
136550,-16.29623699506759,50
136600,-10.602713050296668,50
136650,-21.87189440568054,50
136700,-12.752311075097122,50
136750,-23.75064772231225,50
136800,-21.46989973885561,50
136850,-15.030906695265555,50
136900,-17.428966312718757,50
136950,-15.48660894495721,50
137000,-13.869165464009821,50
137050,-15.922080966029462,50
137100,-23.35532342744758,50
137150,-12.267261946005828,50
137200,-17.12755527481301,50
137250,-16.15302354898521,50
137300,-14.316311836832346,50
137350,-16.52296609895073,50
137400,-16.396236388197387,50
137450,-17.54126589166845,50
137500,-11.54766830348666,50
137550,-17.358533520805988,50
137600,-12.436050110536913,50
137650,-12.624844730192638,50
137700,-13.064677744272489,50
137750,-16.237592919018333,50
137800,-17.190641955877336,50
137850,-13.668936899701206,50
137900,-12.613703434583574,50
137950,-15.75141355179125,50
138000,-16.405092521725603,50
138050,-15.50350315539826,50
138100,-15.424037059010661,50
138150,-12.177353177800097,50
138200,-15.642695310628847,50
138250,-11.49722390979364,50
138300,-13.584287879524688,50
138350,-15.003857440417507,50
138400,-13.321250448833426,50
138450,-17.356328656852646,50
138500,-18.923588881301164,50
138550,-20.505893214835428,50
138600,-15.426961165497291,50
138650,-18.900684598835216,50
138700,-16.729776366814,50
138750,-17.132829968911828,50
138800,-12.736422059405978,50
138850,-19.109641425624726,50
138900,-23.425216245865528,50
138950,-25.669482474708882,50
139000,-12.302085293131263,50
139050,-15.051639914500479,50
139100,-23.23377341139922,50
139150,-12.588265181223539,50
139200,-14.715447861408341,50
139250,-15.754085117551043,50
139300,-11.171518329268876,50
139350,-13.315508921033464,50
139400,-23.507076109041495,50
139450,-15.986974194563688,50
139500,-13.596125186438723,50
139550,-19.47379542805255,50
139600,-16.292532039659502,50
139650,-14.828440250232111,50
139700,-16.367746310276754,50
139750,-16.47539331898518,50
139800,-19.128500316401393,50
139850,-18.621609706926954,50
139900,-16.3450142294265,50
139950,-19.27020887006398,50
140000,-13.54317894870879,50
140050,-16.88600131403925,50
140100,-11.026856351208615,50
140150,-9.370579901913057,50
140200,-14.923544755160174,50
140250,-16.801172626548702,50
140300,-17.086207107034813,50
140350,-20.85563680700284,50
140400,-15.431102899774308,50
140450,-10.658789232246408,50
140500,-13.770932489990912,50
140550,-19.4423923193645,50
140600,-14.451275275542045,50
140650,-12.085765927875798,50
140700,-17.21585017379136,50
140750,-15.25436940089217,50
140800,-16.769104590685274,50
140850,-18.49594950379527,50
140900,-15.624183000942486,50
140950,-13.584425723148211,50
141000,-15.683845518215467,50
141050,-17.01352757029827,50
141100,-10.731857289820512,50
141150,-14.275733284976832,50
141200,-15.606395718941336,50
141250,-15.70866330567068,50
141300,-9.95186409195766,50
141350,-16.82638253240028,50
141400,-15.573178443163028,50
141450,-13.999716044786924,50
141500,-14.066399987918109,50
141550,-13.905670887944597,50
141600,-11.77259251955337,50
141650,-18.85266905217207,50
141700,-14.065305351083154,50
141750,-14.148442208708536,50
141800,-17.44531969576762,50
141850,-19.180768402922045,50
141900,-12.26076834375852,50
141950,-16.53985866459332,50
142000,-13.566669837993812,50
142050,-15.084102280002874,50
142100,-12.875035292532704,50
142150,-13.763011500555876,50
142200,-18.853051431404232,50
142250,-17.026551155627967,50
142300,-13.916030594448545,50
142350,-17.891195839303688,50
142400,-16.234457457011757,50
142450,-11.893743143685645,50
142500,-16.0562948930061,50
142550,-12.924092503834089,50
142600,-14.577351021208134,50
142650,-12.425908181694837,50
142700,-15.246819190274314,50
142750,-12.420671080729685,50
142800,-8.859504687686716,50
142850,-16.431283764269953,50
142900,-16.549443624448763,50
142950,-16.487497478091946,50
143000,-13.935668932158624,50
143050,-14.842940050414898,50
143100,-14.081513568803931,50
143150,-11.381304798970302,50
143200,-16.203328759122154,50
143250,-17.893951404329382,50
143300,-14.996075185510778,50
143350,-19.738227473972522,50
143400,-16.120278610563506,50
143450,-13.62146892391317,50
143500,-14.228562759621912,50
143550,-9.901498259718974,50
143600,-12.891299603115966,50
143650,-12.317559458341087,50
143700,-14.791816983751463,50
143750,-11.952916551928562,50
143800,-14.771391449950308,50
143850,-13.262233983163462,50
143900,-13.974542120976427,50
143950,-17.65111790718983,50
144000,-13.70674064941518,50
144050,-15.151030966930035,50
144100,-16.397892578399745,50
144150,-16.209065021561393,50
144200,-17.5264493171061,50
144250,-10.178011198652676,50
144300,-11.876139798513327,50
144350,-15.723750845544906,50
144400,-18.000341590705165,50
144450,-14.988721930389287,50
144500,-12.153559041960229,50
144550,-16.18371646600957,50
144600,-13.668690471503169,50
144650,-14.581126414470168,50
144700,-18.57616472919134,50
144750,-11.4181783021496,50
144800,-14.720439545029294,50
144850,-16.45480208092194,50
144900,-16.816436892051268,50
144950,-15.134229695836108,50
145000,-14.015894268857929,50
145050,-16.901377493134905,50
145100,-13.526380559394314,50
145150,-14.348895954098545,50
145200,-12.829274309893323,50
145250,-16.690003556858137,50
145300,-19.518011655662324,50
145350,-15.763448149238833,50
145400,-17.333985926250346,50
145450,-12.460166440055398,50
145500,-11.084872666976404,50
145550,-14.930770728071588,50
145600,-14.847922568719493,50
145650,-15.709766151812744,50
145700,-14.51205965427641,50
145750,-13.591463184232186,50
145800,-17.500159302095142,50
145850,-13.457057527465983,50
145900,-18.299078574199168,50
145950,-11.846580357164298,50
146000,-13.39142421690391,50
146050,-13.848507421483475,50
146100,-13.793619053370437,50
146150,-13.82015990154737,50
146200,-17.266082881792954,50
146250,-9.634866034110477,50
146300,-14.945741514211198,50
146350,-15.06926794116817,50
146400,-11.882093045920044,50
146450,-11.951433333828659,50
146500,-16.36763041689613,50
146550,-9.654096555704246,50
146600,-17.81489694492975,50
146650,-13.788781638931022,50
146700,-16.4260551484907,50
146750,-13.589174791579268,50
146800,-15.964098211438658,50
146850,-10.300446889790706,50
146900,-12.679168897177412,50
146950,-17.328898879825974,50
147000,-13.306836709566392,50
147050,-14.700634440912427,50
147100,-16.107849989165143,50
147150,-14.135348569710997,50
147200,-17.11436851609747,50
147250,-14.561084823212854,50
147300,-11.792730549282433,50
147350,-11.68122169061306,50
147400,-17.38891115841563,50
147450,-14.392266576511057,50
147500,-11.51878461155583,50
147550,-13.413793485052192,50
147600,-15.837794422469836,50
147650,-15.920804643905683,50
147700,-15.690604713006575,50
147750,-15.968283693276295,50
147800,-13.701533235864229,50
147850,-11.669669392581183,50
147900,-13.106647796351693,50
147950,-16.105712910586025,50
148000,-14.042388354862352,50
148050,-10.847373519574033,50
148100,-14.524283453515181,50
148150,-16.838799696600585,50
148200,-13.167197854990857,50
148250,-14.350250408612755,50
148300,-12.757401385432066,50
148350,-16.520256463360106,50
148400,-10.345202849979996,50
148450,-14.382176557287606,50
148500,-16.647104188961475,50
148550,-9.537419816099614,50
148600,-11.598006443641692,50
148650,-10.21367531688875,50
148700,-14.973206106207034,50
148750,-14.815883049327562,50
148800,-13.031892940901761,50
148850,-14.084382090973685,50
148900,-12.427291885061653,50
148950,-16.28545502008973,50
149000,-11.614423965448106,50
149050,-13.528697836658313,50
149100,-16.415519392304567,50
149150,-14.367919914447185,50
149200,-15.653611229330611,50
149250,-13.119353884106424,50
149300,-18.373845295259144,50
149350,-9.995855918046564,50
149400,-12.160193301700684,50
149450,-12.00738393188498,50
149500,-13.481695959500493,50
149550,-12.32352078084802,50
149600,-14.014516795005237,50
149650,-11.990459189045874,50
149700,-11.184826800802002,50
149750,-15.860731090040582,50
149800,-15.73758602998869,50
149850,-8.829277758959622,50
149900,-10.514931334730521,50
149950,-11.709219625621863,50
150000,-10.328920000224597,50
150050,-13.091166888198192,50
150100,-10.164144943081222,50
150150,-15.409664906694092,50
150200,-12.817477441672382,50
150250,-12.035888608927896,50
150300,-16.629906592666277,50
150350,-13.396217008679388,50
150400,-11.437839786716555,50
150450,-13.20502032939039,50
150500,-11.283185719719802,50
150550,-12.248532710325936,50
150600,-9.726332156321293,50
150650,-16.371963096927367,50
150700,-13.562956361804043,50
150750,-10.936139987694334,50
150800,-16.09550495909088,50
150850,-16.267208274886976,50
150900,-15.366256132182082,50
150950,-10.081041319331543,50
151000,-16.65332326505881,50
151050,-9.38684125793114,50
151100,-13.613768933366018,50
151150,-15.478278867348576,50
151200,-15.159061681786334,50
151250,-15.080140450955033,50
151300,-17.742532787288482,50
151350,-12.516702238904932,50
151400,-13.27884288357562,50
151450,-15.237839425161825,50
151500,-11.435010997704264,50
151550,-9.185019253169932,50
151600,-12.521642332556713,50
151650,-10.49800976258581,50
151700,-12.054715886140723,50
151750,-11.083689266067754,50
151800,-12.217776204259618,50
151850,-12.773715050020632,50
151900,-15.54697240797087,50
151950,-16.852881642653056,50
152000,-11.947893988860226,50
152050,-15.970566167876903,50
152100,-13.380356097202922,50
152150,-12.180866377359788,50
152200,-15.945026306758564,50
152250,-11.313310292855958,50
152300,-14.681167327715182,50
152350,-12.546459301055085,50
152400,-9.7270854474855,50
152450,-16.174708464708605,50
152500,-12.56712251915696,50
152550,-16.11876928817692,50
152600,-13.078051087750927,50
152650,-15.42231862479346,50
152700,-14.03534633865676,50
152750,-11.445652012722343,50
152800,-15.536049167105304,50
152850,-15.790056824524417,50
152900,-9.780245570647416,50
152950,-15.855149374862341,50
153000,-10.359772682497804,50
153050,-11.02688707643756,50
153100,-15.814416232345403,50
153150,-14.032257081673647,50
153200,-12.193528658987399,50
153250,-13.779666971015919,50
153300,-13.943787166551862,50
153350,-12.070498341343932,50
153400,-15.229454393486161,50
153450,-16.525118926294294,50
153500,-14.004931554341782,50
153550,-13.95434081433285,50
153600,-16.787597371783992,50
153650,-10.079573511509686,50
153700,-10.768876859231206,50
153750,-11.099351811142933,50
153800,-16.923257419853172,50
153850,-17.649672204767104,50
153900,-11.030182537660082,50
153950,-11.485298287876324,50
154000,-10.232862380611444,50
154050,-10.726793411868915,50
154100,-13.597112424743884,50
154150,-9.633734356608644,50
154200,-18.9543363628135,50
154250,-15.570697082123734,50
154300,-10.864260331266614,50
154350,-12.998082944971523,50
154400,-10.523789041571087,50
154450,-13.439842673425822,50
154500,-12.63263623712962,50
154550,-13.836145449972935,50
154600,-8.500572812253171,50
154650,-10.117155281275002,50
154700,-13.901391209920655,50
154750,-14.127082988012187,50
154800,-13.218624830330306,50
154850,-14.488599797895356,50
154900,-14.627821920397132,50
154950,-12.548455674167812,50
155000,-12.68131601903839,50
155050,-10.442611427966476,50
155100,-16.71000575139391,50
155150,-10.816060304924132,50
155200,-12.498014679749273,50
155250,-13.889239583934167,50
155300,-14.085144274733729,50
155350,-15.473296760499487,50
155400,-9.184721055494457,50
155450,-12.947714989131024,50
155500,-12.62163531832569,50
155550,-12.17546772854962,50
155600,-12.158125100175656,50
155650,-12.558441608901155,50
155700,-11.747845744261543,50
155750,-16.675206620163124,50
155800,-16.84026066226864,50
155850,-16.499249802753532,50
155900,-15.911636484673844,50
155950,-14.598477877988982,50
156000,-16.51197889794982,50
156050,-9.658252812372398,50
156100,-9.926396132483092,50
156150,-15.76836969416276,50
156200,-16.108306035003668,50
156250,-16.1371810046521,50
156300,-16.239434162797007,50
156350,-12.49743877061144,50
156400,-13.896519584821634,50
156450,-13.810019558208571,50
156500,-8.406529891069788,50
156550,-18.51491856070896,50
156600,-13.362251406698848,50
156650,-15.175137346907798,50
156700,-14.499000143412227,50
156750,-10.49835585543884,50
156800,-13.55241230038751,50
156850,-11.36111465371543,50
156900,-11.875760454425794,50
156950,-15.586102684194525,50
157000,-13.126468566574237,50
157050,-17.850037307702532,50
157100,-14.149160774603793,50
157150,-11.686435118655085,50
157200,-16.624267371902366,50
157250,-9.009941655250342,50
157300,-12.443895666685803,50
157350,-18.55661834811315,50
157400,-12.786496786860248,50
157450,-11.426130018091127,50
157500,-9.47839672142847,50
157550,-12.462273676967785,50
157600,-17.173284573891316,50
157650,-13.271538170653649,50
157700,-10.950143103126733,50
157750,-17.347336698760508,50
157800,-14.478664503306257,50
157850,-15.179992455117718,50
157900,-16.214730131790056,50
157950,-15.137988859233758,50
158000,-20.372572562454913,50
158050,-11.892691146450693,50
158100,-11.002280443761988,50
158150,-9.723959401157893,50
158200,-11.721227127743235,50
158250,-13.82986902460459,50
158300,-13.39417922769929,50
158350,-8.967639078299566,50
158400,-12.844412248782275,50
158450,-18.585363616947063,50
158500,-14.631405544544817,50
158550,-10.21472194247273,50
158600,-9.445195434753916,50
158650,-10.331797814423016,50
158700,-18.03617637067158,50
158750,-10.135712652807921,50
158800,-14.164892853734269,50
158850,-9.081891660858107,50
158900,-10.28677254141034,50
158950,-10.121467558257882,50
159000,-11.834844007275862,50
159050,-13.502112801795041,50
159100,-16.808578674172068,50
159150,-12.934144986060739,50
159200,-12.878627726058646,50
159250,-15.69422449041244,50
159300,-14.163174714214067,50
159350,-13.690657806369524,50
159400,-14.90274286574128,50
159450,-14.054392935568696,50
159500,-14.56730657802335,50
159550,-12.412997236549975,50
159600,-12.32410094007801,50
159650,-18.744046771708756,50
159700,-12.967881429652081,50
159750,-11.040863613501863,50
159800,-12.633765143404009,50
159850,-10.599625233844678,50
159900,-11.878997369182414,50
159950,-13.819423969263434,50
160000,-8.694956927262544,50
160050,-10.50182203212097,50
160100,-12.057045694457578,50
160150,-13.941461719252082,50
160200,-13.231883396126513,50
160250,-10.677029626470134,50
160300,-11.353892938466949,50
160350,-13.549773134357013,50
160400,-13.881863125393313,50
160450,-12.188702568761638,50
160500,-13.610280821342196,50
160550,-16.575866342032214,50
160600,-8.436949294762298,50
160650,-13.458826352139322,50
160700,-10.745527134296184,50
160750,-12.205869966087603,50
160800,-8.328640384699387,50
160850,-9.408054351889318,50
160900,-14.607674290393433,50
160950,-11.79043215856625,50
161000,-11.24243841869937,50
161050,-16.147074301826905,50
161100,-15.169241301424492,50
161150,-12.996974430963034,50
161200,-16.058267959838414,50
161250,-15.717097286723913,50
161300,-10.459137186366915,50
161350,-10.448711036329668,50
161400,-15.699021576902293,50
161450,-14.500504078326605,50
161500,-11.002305019961549,50
161550,-11.552261797989521,50
161600,-11.392811693480153,50
161650,-11.825369927356599,50
161700,-13.352771517624511,50
161750,-15.105140531764174,50
161800,-15.51888012921217,50
161850,-16.276752136319676,50
161900,-12.441248576005234,50
161950,-15.259112048361125,50
162000,-13.231743644783323,50
162050,-13.686713778909946,50
162100,-12.99861041565405,50
162150,-12.732565222726397,50
162200,-14.433325036730773,50
162250,-12.309860796320994,50
162300,-11.00385387296035,50
162350,-8.711551242641068,50
162400,-9.741235720830062,50
162450,-12.33009229042502,50
162500,-16.357966585033534,50
162550,-10.004753968359358,50
162600,-16.93360616788255,50
162650,-9.981054282474247,50
162700,-13.643256475083916,50
162750,-16.776747835205448,50
162800,-13.547273720307373,50
162850,-18.088140163366443,50
162900,-12.612945395760509,50
162950,-16.49552082279769,50
163000,-9.546897410042527,50
163050,-16.326926653124378,50
163100,-9.650499211145231,50
163150,-12.823645939490387,50
163200,-12.907735902991188,50
163250,-12.191731785520526,50
163300,-18.10627023968358,50
163350,-17.965331398548994,50
163400,-10.167584416115101,50
163450,-8.944156732800604,50
163500,-14.327356922158952,50
163550,-10.783404521820941,50
163600,-11.536987038409688,50
163650,-14.035056135502455,50
163700,-11.45856387410576,50
163750,-11.715895868233503,50
163800,-10.814363061870338,50
163850,-17.828144634539218,50
163900,-9.724304989972309,50
163950,-15.442408478163518,50
164000,-10.601802867180956,50
164050,-12.757544263155335,50
164100,-10.847414550042293,50
164150,-9.882932776028547,50
164200,-11.840359917944388,50
164250,-15.919882582637282,50
164300,-15.206457211464235,50
164350,-11.553080596197193,50
164400,-11.543135795494637,50
164450,-10.17815786326091,50
164500,-9.636178592107193,50
164550,-10.817024599839351,50
164600,-9.756783958811265,50
164650,-8.644431862719882,50
164700,-11.685676594007925,50
164750,-15.578636925183078,50
164800,-16.54163635083825,50
164850,-17.599345907087034,50
164900,-13.512832196820334,50
164950,-9.802192328956933,50
165000,-12.12228668032061,50
165050,-16.54349114980755,50
165100,-15.45247133544877,50
165150,-16.391883939365375,50
165200,-10.451397698468485,50
165250,-10.295688688341773,50
165300,-14.877107199016002,50
165350,-11.019734130040723,50
165400,-13.731464401911829,50
165450,-10.552641660714531,50
165500,-8.210082592931899,50
165550,-14.598144009583782,50
165600,-11.662930370125826,50
165650,-11.487636479719905,50
165700,-13.376718659545926,50
165750,-13.038162238451902,50
165800,-14.481276579884897,50
165850,-17.2272573022664,50
165900,-11.756678983378858,50
165950,-14.394304411089877,50
166000,-9.10135499725424,50
166050,-13.459926013380516,50
166100,-9.599394888412634,50
166150,-13.522600769098691,50
166200,-8.751832968904475,50
166250,-15.868695893637994,50
166300,-12.323507081892224,50
166350,-11.682962360792002,50
166400,-12.238141953227796,50
166450,-9.45244019230951,50
166500,-14.863784015282825,50
166550,-14.094716881141022,50
166600,-9.90750994679144,50
166650,-12.726101527905357,50
166700,-14.693759291329803,50
166750,-14.741726609806058,50
166800,-14.033990755949235,50
166850,-12.267423214349291,50
166900,-17.577758719219077,50
166950,-13.182613194089836,50
167000,-15.67718057312464,50
167050,-11.389889980861966,50
167100,-14.579232877269025,50
167150,-18.657729179863342,50
167200,-9.48423844735632,50
167250,-16.811719023673096,50
167300,-12.587608906543197,50
167350,-11.719701624200443,50
167400,-10.759984605905698,50
167450,-15.575551969425842,50
167500,-13.378410877479773,50
167550,-14.298238161822235,50
167600,-8.850833469767826,50
167650,-15.06703422849258,50
167700,-16.465293210788634,50
167750,-15.692203377944644,50
167800,-14.992657636491801,50
167850,-12.954675610468227,50
167900,-10.197370403179555,50
167950,-9.450790799311074,50
168000,-14.765035021931986,50
168050,-10.4871729683415,50
168100,-13.96415593571567,50
168150,-14.1805981524333,50
168200,-16.026787705271897,50
168250,-11.488928471161179,50
168300,-15.669607727441514,50
168350,-11.168195842534763,50
168400,-9.81637525262298,50
168450,-14.160206932734456,50
168500,-11.122953912424155,50
168550,-10.08222612609278,50
168600,-15.428503473206822,50
168650,-11.413700719661582,50
168700,-16.420013844899678,50
168750,-9.077842847304641,50
168800,-10.829832546614014,50
168850,-11.758289850010387,50
168900,-11.028646399185105,50
168950,-10.974943322642671,50
169000,-17.034327054147024,50
169050,-8.551986104931693,50
169100,-11.826595843179208,50
169150,-15.363494128090188,50
169200,-14.871199882441791,50
169250,-8.729538955942582,50
169300,-10.352509828555426,50
169350,-13.342408021442015,50
169400,-13.224412139073928,50
169450,-16.04124737073296,50
169500,-11.369859996112828,50
169550,-11.598049592931936,50
169600,-13.123541516475626,50
169650,-10.389999447954024,50
169700,-15.719622806628543,50
169750,-11.647790700630125,50
169800,-10.702558867840551,50
169850,-13.946357530609735,50
169900,-12.57906344193253,50
169950,-16.688994363841097,50
170000,-13.30007373206866,50
170050,-12.57245984676482,50
170100,-12.46622864273234,50
170150,-13.062127936388993,50
170200,-11.61958721520283,50
170250,-9.527190980263736,50
170300,-9.17380424411477,50
170350,-8.240976740393391,50
170400,-8.648420399013817,50
170450,-15.059070685154284,50
170500,-11.734921461295212,50
170550,-14.539565783137713,50
170600,-8.926716940523507,50
170650,-16.824091382706488,50
170700,-15.967578707954493,50
170750,-10.99535751975957,50
170800,-10.579693469881812,50
170850,-9.03060490851985,50
170900,-10.75255878093544,50
170950,-11.312817973611924,50
171000,-10.509040289554143,50
171050,-17.232556614827928,50
171100,-13.644828338101808,50
171150,-9.474758436607937,50
171200,-13.038888531135495,50
171250,-12.124900052081173,50
171300,-13.980319242911108,50
171350,-8.28247394186231,50
171400,-12.401373333232252,50
171450,-12.644301328122882,50
171500,-15.359504246310271,50
171550,-12.546188238167293,50
171600,-13.619331402603255,50
171650,-10.488278238886668,50
171700,-9.64945251178444,50
171750,-14.760027815226145,50
171800,-11.742939042863282,50
171850,-12.233693579511108,50
171900,-11.001870563845085,50
171950,-14.55239357705534,50
172000,-9.455044167457762,50
172050,-13.266296062882839,50
172100,-13.012457529803708,50
172150,-12.087021654203868,50
172200,-12.616137721825263,50
172250,-13.591865783527915,50
172300,-13.791204697167982,50
172350,-10.247973016204712,50
172400,-15.979397670203848,50
172450,-12.08594991418599,50
172500,-9.81905840362506,50
172550,-9.937292677040192,50
172600,-11.377906571934695,50
172650,-12.490436692562781,50
172700,-12.077344449388908,50
172750,-11.345015353278507,50
172800,-14.73854416948263,50
172850,-14.74842294287187,50
172900,-12.050201937170712,50
172950,-15.963488092575545,50
173000,-14.028083368756791,50
173050,-12.945222722651213,50
173100,-12.173853192343367,50
173150,-13.766076441580562,50
173200,-9.143689852529977,50
173250,-14.473194053539865,50
173300,-12.429447860089798,50
173350,-15.176753719476226,50
173400,-12.625705488481675,50
173450,-15.88657574165796,50
173500,-9.502811552089314,50
173550,-14.52863489223317,50
173600,-13.137199476985291,50
173650,-13.696976379895673,50
173700,-10.640738478344,50
173750,-17.529470784250208,50
173800,-12.753204238358043,50
173850,-10.35856767061434,50
173900,-13.943281123189461,50
173950,-11.913038667711179,50
174000,-15.235889549340282,50
174050,-15.389607847935112,50
174100,-8.89691733905334,50
174150,-14.364928322566456,50
174200,-12.833108977489044,50
174250,-14.939181630377865,50
174300,-10.859861016393582,50
174350,-11.282526282845962,50
174400,-17.160492966393157,50
174450,-14.150517068782325,50
174500,-12.591678574042682,50
174550,-18.2089599909023,50
174600,-11.007229144445704,50
174650,-14.194618312110311,50
174700,-13.449541855144663,50
174750,-10.79384630371711,50
174800,-13.512851650339128,50
174850,-13.04567137900231,50
174900,-9.5989047188892,50
174950,-14.741439828272807,50
175000,-14.335945907670597,50
175050,-12.598591840842206,50
175100,-12.474728637035124,50
175150,-11.611147518068583,50
175200,-14.502920915782052,50
175250,-9.75462579139812,50
175300,-12.16234820043561,50
175350,-12.383597770912612,50
175400,-12.806674702123228,50
175450,-12.230395274187224,50
175500,-11.794327552597588,50
175550,-15.243506907852442,50
175600,-13.836087214713677,50
175650,-8.937337267868326,50
175700,-11.9386161077426,50
175750,-9.221753272775615,50
175800,-10.793083377205344,50
175850,-8.59303766225737,50
175900,-12.249836808598769,50
175950,-13.469570127275306,50
176000,-14.920573018756702,50
176050,-11.181506548015621,50
176100,-11.638351674954935,50
176150,-10.033904913373794,50
176200,-11.937131353453564,50
176250,-9.759635728028856,50
176300,-13.493109895281272,50
176350,-13.641080000841633,50
176400,-9.118556575987267,50
176450,-12.202012339152876,50
176500,-12.883177106487759,50
176550,-12.26558196176224,50
176600,-11.487049880731625,50
176650,-13.183032163041275,50
176700,-12.815118320794596,50
176750,-14.011229501571865,50
176800,-12.847973046227091,50
176850,-10.346555993578251,50
176900,-10.213549553735835,50
176950,-15.596327547757813,50
177000,-11.739526474618026,50
177050,-15.334567344633916,50
177100,-8.180402625350943,50
177150,-11.195245219184708,50
177200,-13.335796242130874,50
177250,-13.416399028788696,50
177300,-13.312939311052594,50
177350,-10.347811181057633,50
177400,-16.768844674840633,50
177450,-10.085696883608207,50
177500,-13.639775315534031,50
177550,-14.29563793541916,50
177600,-8.914212814377754,50
177650,-12.887469038094693,50
177700,-13.80469431265871,50
177750,-8.202459271335536,50
177800,-8.827560697443607,50
177850,-12.104888539687538,50
177900,-9.551789595735709,50
177950,-14.144874580069118,50
178000,-15.203333983274588,50
178050,-13.296040459509944,50
178100,-11.025232385274666,50
178150,-11.160108619510991,50
178200,-13.45658523237323,50
178250,-11.202081397158722,50
178300,-10.038273273912989,50
178350,-12.783734873529136,50
178400,-14.929111545841609,50
178450,-11.735727861700282,50
178500,-14.847674493170452,50
178550,-11.975919491671938,50
178600,-13.547068182955917,50
178650,-12.898252938162878,50
178700,-9.978560625029658,50
178750,-12.864179626787797,50
178800,-13.95461810637072,50
178850,-17.56542426430391,50
178900,-14.385646981138807,50
178950,-11.094469508760271,50
179000,-9.411274806556731,50
179050,-9.818523782388592,50
179100,-13.032131752471818,50
179150,-9.721615196521181,50
179200,-9.964632694808415,50
179250,-10.87922132088326,50
179300,-8.235431016321161,50
179350,-13.92643288252652,50
179400,-14.6474332401441,50
179450,-15.919022865504989,50
179500,-10.915155555855117,50
179550,-12.931458500320472,50
179600,-10.508573503641255,50
179650,-8.843323926211507,50
179700,-12.664731940725858,50
179750,-10.956569359860028,50
179800,-10.925795938450955,50
179850,-11.18110189484023,50
179900,-9.03613947424835,50
179950,-12.131276376092668,50
180000,-11.774324846081367,50
180050,-13.068366743613895,50
180100,-13.34181215504209,50
180150,-10.051382773433811,50
180200,-9.941718727513058,50
180250,-11.047233060435463,50
180300,-10.676391267155342,50
180350,-15.766352519719842,50
180400,-14.180386277358163,50
180450,-12.513177373162053,50
180500,-12.190433925992286,50
180550,-11.511995111101756,50
180600,-11.58079220031393,50
180650,-9.716656357293385,50
180700,-11.643738837008518,50
180750,-12.067989114243748,50
180800,-13.665825290559022,50
180850,-12.44198386988366,50
180900,-9.214901717249438,50
180950,-10.803636126699548,50
181000,-12.709826173374893,50
181050,-10.846345379740818,50
181100,-13.916030619695515,50
181150,-12.004890930120435,50
181200,-15.983059811009733,50
181250,-12.04372313903988,50
181300,-13.152500589111574,50
181350,-13.54270024911015,50
181400,-10.899088675413104,50
181450,-11.467943652549113,50
181500,-10.474252888981747,50
181550,-12.385202513275644,50
181600,-10.576664270047749,50
181650,-12.094443584830481,50
181700,-15.48879236981348,50
181750,-14.86591399048995,50
181800,-11.44041560402969,50
181850,-10.24202814849061,50
181900,-10.20190946932608,50
181950,-10.82687030270874,50
182000,-12.833283528300242,50
182050,-12.760203382412337,50
182100,-11.176224282914664,50
182150,-14.869687338668463,50
182200,-11.077563879028117,50
182250,-7.686000993921423,50
182300,-13.441018814410052,50
182350,-14.655678993057094,50
182400,-9.236955053714242,50
182450,-9.218386055977703,50
182500,-9.207213924974454,50
182550,-9.90650820948606,50
182600,-13.059138061944099,50
182650,-11.85550622452897,50
182700,-9.180566580670012,50
182750,-12.923588287897037,50
182800,-12.397054126018284,50
182850,-9.185629046252537,50
182900,-14.53479127887962,50
182950,-12.665841723028096,50
183000,-10.241400744638687,50
183050,-12.201755133335297,50
183100,-13.89632893960389,50
183150,-15.552674769615589,50
183200,-10.227521963282372,50
183250,-10.223696190694284,50
183300,-11.392929635700417,50
183350,-7.50041467041583,50
183400,-13.05065348851808,50
183450,-14.137174426836374,50
183500,-9.204559996782155,50
183550,-10.68738278731852,50
183600,-15.012032652744326,50
183650,-7.743766319177259,50
183700,-8.839674029848057,50
183750,-12.449426974552024,50
183800,-7.804193758962597,50
183850,-10.55152480819482,50
183900,-9.082883689001777,50
183950,-7.976772624825051,50
184000,-8.885410415750911,50
184050,-9.956011167332148,50
184100,-12.72256007419707,50
184150,-12.223968574891924,50
184200,-8.483639236120672,50
184250,-9.420774946631452,50
184300,-11.933873284074153,50
184350,-15.20747520079576,50
184400,-11.726340708720793,50
184450,-9.394829284808445,50
184500,-11.31820411575531,50
184550,-12.310958497370157,50
184600,-7.602651224061425,50
184650,-8.600881073192086,50
184700,-10.342141886072664,50
184750,-12.50579349993368,50
184800,-13.699217359770344,50
184850,-9.298626849318236,50
184900,-12.252108689642528,50
184950,-10.37052287599347,50
185000,-9.668535948892643,50
185050,-10.735185882117895,50
185100,-13.17248131039013,50
185150,-11.115797449570515,50
185200,-14.359350536712885,50
185250,-10.955553664325647,50
185300,-14.380042940604568,50
185350,-11.180053458145464,50
185400,-14.972181642013489,50
185450,-12.549496095270504,50
185500,-13.058571227364743,50
185550,-14.404728283178851,50
185600,-12.74361334431893,50
185650,-11.796647634656038,50
185700,-10.002796208411871,50
185750,-12.39456609335905,50
185800,-14.323249846492697,50
185850,-14.8646713133466,50
185900,-11.034195487373676,50
185950,-9.047057142747365,50
186000,-9.631785766591312,50
186050,-12.534059604740499,50
186100,-9.826873923034482,50
186150,-14.481675016476496,50
186200,-11.805623762897715,50
186250,-11.276919128051103,50
186300,-14.277499713262982,50
186350,-10.71292921425669,50
186400,-9.591763994619908,50
186450,-13.721074474258385,50
186500,-11.210562620029915,50
186550,-12.830607165774513,50
186600,-11.24293782827988,50
186650,-15.264645166478054,50
186700,-9.447331313317724,50
186750,-14.32386587830322,50
186800,-14.787943395999617,50
186850,-14.507183311046246,50
186900,-9.64257184018,50
186950,-14.586647173063339,50
187000,-12.307680248735174,50
187050,-11.86653733434192,50
187100,-13.952804923453998,50
187150,-8.017930626351347,50
187200,-16.123924112106142,50
187250,-12.972157242057705,50
187300,-9.48718850666185,50
187350,-10.052621019297428,50
187400,-15.692500461426427,50
187450,-11.725138920453825,50
187500,-16.277076221850812,50
187550,-10.965515741260853,50
187600,-15.29982896822009,50
187650,-12.869148294066521,50
187700,-12.55047949291074,50
187750,-13.644920859639058,50
187800,-9.478475168412828,50
187850,-13.414906025956382,50
187900,-12.796416219225275,50
187950,-9.292966833682707,50
188000,-10.993172779327395,50
188050,-14.954955944921632,50
188100,-9.36476962105039,50
188150,-9.430967366937137,50
188200,-11.674765919672934,50
188250,-13.560043130240777,50
188300,-13.180118989920135,50
188350,-10.793081480564007,50
188400,-11.788137800366128,50
188450,-9.298237846149167,50
188500,-11.626079533917205,50
188550,-10.787845074617504,50
188600,-11.242183038326353,50
188650,-8.811102377350819,50
188700,-9.899592076379674,50
188750,-14.65551288471709,50
188800,-12.429187506839705,50
188850,-14.488469038503897,50
188900,-14.345381369216703,50
188950,-10.776547387297203,50
189000,-15.884240572042419,50
189050,-12.002928095507848,50
189100,-8.781894884714273,50
189150,-14.2091497066306,50
189200,-10.59853345966375,50
189250,-13.389943375254555,50
189300,-11.792976927811283,50
189350,-16.098630601127056,50
189400,-11.945005806691745,50
189450,-9.910160485877586,50
189500,-10.534773402271398,50
189550,-7.89074935942149,50
189600,-8.38193468694822,50
189650,-16.634918388867,50
189700,-14.097125313863462,50
189750,-9.647642913347914,50
189800,-14.039302519351518,50
189850,-10.6478654984883,50
189900,-13.253424731109504,50
189950,-12.855475127915378,50
190000,-9.523080350922783,50
190050,-9.161603292084662,50
190100,-15.034758060844823,50
190150,-12.824914914431607,50
190200,-10.981850405986902,50
190250,-9.808231513080823,50
190300,-10.557129436474508,50
190350,-13.208690996625249,50
190400,-7.598257876712396,50
190450,-9.262183089977286,50
190500,-14.444351810373947,50
190550,-12.63180142450392,50
190600,-9.620463337622835,50
190650,-9.14439842189249,50
190700,-8.483104372882305,50
190750,-13.927522529208277,50
190800,-11.317164154543322,50
190850,-10.260901997636154,50
190900,-15.124744086214116,50
190950,-7.9913933220792295,50
191000,-6.70250888867916,50
191050,-13.762795462466196,50
191100,-8.759999546978712,50
191150,-8.997848210984426,50
191200,-13.313810856619927,50
191250,-10.09373901466482,50
191300,-8.86106355117736,50
191350,-11.642651585409324,50
191400,-7.950041402153554,50
191450,-13.313648865640767,50
191500,-13.132779415476499,50
191550,-10.29155976671883,50
191600,-9.343685306914148,50
191650,-11.41953300547,50
191700,-14.491763314546386,50
191750,-11.363514972743591,50
191800,-12.273174422707466,50
191850,-11.98639542769331,50
191900,-10.378115799505276,50
191950,-9.967296779911509,50
192000,-14.948885889755598,50
192050,-13.588236518304829,50
192100,-14.688813457613989,50
192150,-8.861830909118332,50
192200,-8.485977582228752,50
192250,-13.650422166490882,50
192300,-8.682346818202744,50
192350,-15.029008879772784,50
192400,-14.415661417056059,50
192450,-9.717414472725656,50
192500,-11.047981215995579,50
192550,-11.965699194399598,50
192600,-14.899024572252232,50
192650,-10.32219775441282,50
192700,-8.826498040957256,50
192750,-11.696262497191306,50
192800,-7.841453866724417,50
192850,-12.584250200568617,50
192900,-10.424192850760122,50
192950,-10.983427446983084,50
193000,-7.69509645350164,50
193050,-10.39260317640124,50
193100,-9.248915155800024,50
193150,-11.082392866964948,50
193200,-8.051557741624233,50
193250,-12.152267809692828,50
193300,-8.596410152079281,50
193350,-9.157336100487694,50
193400,-8.316071182073689,50
193450,-11.143630044473674,50
193500,-11.9054819705977,50
193550,-14.105680055234371,50
193600,-12.409897483946482,50
193650,-9.108651840096062,50
193700,-15.76125631409426,50
193750,-10.399669152800492,50
193800,-7.706895062307876,50
193850,-9.167207126197555,50
193900,-8.885314699034433,50
193950,-11.164048276779647,50
194000,-9.469781415382384,50
194050,-15.419211933545396,50
194100,-11.21952020383488,50
194150,-14.44777964069232,50
194200,-11.497764868146847,50
194250,-7.822115524547779,50
194300,-14.689651387213726,50
194350,-14.394329970949977,50
194400,-10.725558535540138,50
194450,-8.308623289331836,50
194500,-12.41375825214029,50
194550,-12.162199304901801,50
194600,-7.790810801107154,50
194650,-11.604624013656396,50
194700,-10.319143830357804,50
194750,-13.012099256795704,50
194800,-10.70471227949182,50
194850,-10.933376470971004,50
194900,-13.573339831536234,50
194950,-9.193877185491955,50
195000,-8.004358600498358,50
195050,-9.030242949687079,50
195100,-9.760292422197091,50
195150,-10.886098084992355,50
195200,-11.700882098946206,50
195250,-9.847576682417394,50
195300,-7.644337498739162,50
195350,-9.150679560339414,50
195400,-10.102783747064347,50
195450,-8.052691778054347,50
195500,-10.958679498517993,50
195550,-10.786083196692019,50
195600,-12.047160425684739,50
195650,-8.968647178971603,50
195700,-10.744063985977155,50
195750,-13.38284509114055,50
195800,-12.338951292166294,50
195850,-9.747449428204268,50
195900,-7.632474205447856,50
195950,-10.761867478886895,50
196000,-10.166988106952719,50
196050,-9.87102962623739,50
196100,-8.126453360505467,50
196150,-13.670554276451341,50
196200,-8.691716807234,50
196250,-10.729286068161695,50
196300,-12.728899936317104,50
196350,-9.634544032178498,50
196400,-9.32211235413116,50
196450,-12.518778883658578,50
196500,-12.105331495463506,50
196550,-11.684358798499042,50
196600,-8.107197187983203,50
196650,-9.534909194509794,50
196700,-7.807595554011323,50
196750,-7.620032653149777,50
196800,-8.817246223607091,50
196850,-8.736617118198994,50
196900,-8.247293370306446,50
196950,-11.846885195334552,50
197000,-12.255980708051174,50
197050,-11.045795155048975,50
197100,-10.826637087094982,50
197150,-8.746089729481072,50
197200,-8.558089658730552,50
197250,-8.454449086127449,50
197300,-7.1325031772108645,50
197350,-9.539491164968657,50
197400,-7.943454920353806,50
197450,-12.301983405183744,50
197500,-15.053191314049803,50
197550,-13.852444863681018,50
197600,-12.4819818626505,50
197650,-11.006524882001397,50
197700,-15.3086638908317,50
197750,-8.815477663602854,50
197800,-10.494455913343748,50
197850,-10.832372741697931,50
197900,-5.286867948106315,50
197950,-8.806332827826427,50
198000,-10.724578793464264,50
198050,-9.38354808303231,50
198100,-8.3284559655497,50
198150,-10.816213343764465,50
198200,-15.33658053076938,50
198250,-12.688422320177668,50
198300,-12.611503712740847,50
198350,-10.036150008817058,50
198400,-12.91644010192616,50
198450,-11.995896800996249,50
198500,-12.453265202898088,50
198550,-11.152503602934658,50
198600,-8.266147922553861,50
198650,-8.132277185308055,50
198700,-12.544628135922196,50
198750,-8.917629118407252,50
198800,-5.07784546212055,50
198850,-8.967838916336843,50
198900,-9.405215724297927,50
198950,-7.673322785339266,50
199000,-10.98718330354974,50
199050,-9.5916446737385,50
199100,-14.134710604167077,50
199150,-8.936598111297592,50
199200,-8.304958029725526,50
199250,-10.84880579368036,50
199300,-8.067633496955619,50
199350,-10.379299454079032,50
199400,-10.063774936262947,50
199450,-11.57938910690212,50
199500,-14.219648375890003,50
199550,-6.801377052826697,50
199600,-13.25015451104914,50
199650,-9.65468917965764,50
199700,-8.78086689879597,50
199750,-11.775218930189856,50
199800,-8.16360110084477,50
199850,-9.780411371179529,50
199900,-8.456148737048858,50
199950,-8.501103718287942,50
200000,-8.081797981618594,50
200050,-14.031671978305367,50
200100,-9.781299586385455,50
200150,-11.344968987735296,50
200200,-6.248628076562,50
200250,-7.353030455037745,50
200300,-8.667261318490764,50
200350,-10.88437778253721,50
200400,-10.504858829757222,50
200450,-10.645605878471736,50
200500,-12.047989273603386,50
200550,-9.13330556252243,50
200600,-9.32023862830858,50
200650,-13.56158280281962,50
200700,-14.15917992909019,50
200750,-10.834601766699487,50
200800,-15.181271757423177,50
200850,-11.888346207033772,50
200900,-7.114556981138082,50
200950,-7.502582043389269,50
201000,-11.3176844033279,50
201050,-9.984414974427558,50
201100,-9.114805424407528,50
201150,-11.611894623615099,50
201200,-12.965229109095649,50
201250,-8.697258699636391,50
201300,-8.413237698155813,50
201350,-8.651418513767757,50
201400,-9.8572551132018,50
201450,-9.666010425114052,50
201500,-10.571684698634662,50
201550,-10.776161551911773,50
201600,-11.656812187541659,50
201650,-5.780254172488378,50
201700,-11.388942371871751,50
201750,-7.112326575769996,50
201800,-9.714398902030315,50
201850,-12.800216190606175,50
201900,-13.51668319178404,50
201950,-14.342034229605995,50
202000,-12.097005494130098,50
202050,-8.813135140236678,50
202100,-9.005649644445446,50
202150,-11.532204050213707,50
202200,-12.23220883765712,50
202250,-11.845695305975255,50
202300,-11.8490559785329,50
202350,-11.903920547185532,50
202400,-15.805771599887438,50
202450,-11.589945133887761,50
202500,-14.67612606505605,50
202550,-11.748160597223304,50
202600,-13.220948735992323,50
202650,-10.75296685830124,50
202700,-8.673498598433861,50
202750,-12.401289059592782,50
202800,-10.572679042503477,50
202850,-9.612394926039665,50
202900,-8.919049603248217,50
202950,-10.273448412146648,50
203000,-10.619409891537979,50
203050,-9.153372634997593,50
203100,-5.4374566198239584,50
203150,-13.813385674100445,50
203200,-9.022536881049271,50
203250,-7.8625448209472335,50
203300,-7.561383818305003,50
203350,-8.649533817421004,50
203400,-13.856444475803052,50
203450,-10.876273342293059,50
203500,-8.697053323226157,50
203550,-8.373239864755465,50
203600,-6.965651295279048,50
203650,-6.682387929059768,50
203700,-6.921050313755688,50
203750,-11.678084802778013,50
203800,-9.995391923990029,50
203850,-10.260866554883417,50
203900,-13.155146365982182,50
203950,-10.470457391123402,50
204000,-14.689645845331505,50
204050,-16.005530148059478,50
204100,-7.0848353190159665,50
204150,-10.178239445547916,50
204200,-10.803108836020195,50
204250,-10.560921769470644,50
204300,-12.19182141795935,50
204350,-7.584597976145483,50
204400,-8.166640185261544,50
204450,-10.68532515361054,50
204500,-10.677337167929755,50
204550,-10.460017165032006,50
204600,-9.186202900575225,50
204650,-7.444483509553318,50
204700,-8.782758508912439,50
204750,-7.424648488379672,50
204800,-6.787543908156795,50
204850,-11.0721798956417,50
204900,-6.278244890452052,50
204950,-12.527144098821482,50
205000,-12.343078969668346,50
205050,-8.605799007330058,50
205100,-9.795074622606837,50
205150,-6.820306672002792,50
205200,-12.290777851736886,50
205250,-11.24404063833279,50
205300,-13.006001528091607,50
205350,-10.675256965102594,50
205400,-7.8878045236882315,50
205450,-11.46516551059221,50
205500,-9.60083682084652,50
205550,-9.451513971574286,50
205600,-12.902700239758493,50
205650,-11.418362712085534,50
205700,-13.019357003044838,50
205750,-9.795918673012636,50
205800,-7.271605549155225,50
205850,-11.061673464227763,50
205900,-13.220915501131476,50
205950,-9.059034904405456,50
206000,-12.922173476876182,50
206050,-9.497940565265017,50
206100,-7.092280764950876,50
206150,-5.616524793870651,50
206200,-11.65603603351753,50
206250,-12.28011785761925,50
206300,-11.874747507530733,50
206350,-13.123704369044624,50
206400,-8.926154150113211,50
206450,-5.7443583997544305,50
206500,-10.157402756428306,50
206550,-12.1881389651899,50
206600,-12.461161739808244,50
206650,-9.611380457551931,50
206700,-11.192396966613828,50
206750,-12.280072834877165,50
206800,-11.797516139642042,50
206850,-9.119874768831815,50
206900,-8.526648718561324,50
206950,-7.791150635454318,50
207000,-10.897755062862203,50
207050,-10.345831692401898,50
207100,-7.859227421507864,50
207150,-11.012225632957065,50
207200,-9.950998680350027,50
207250,-8.749076878094307,50
207300,-9.159075985695873,50
207350,-8.528641474327951,50
207400,-7.104410083880332,50
207450,-5.9161642487698405,50
207500,-13.347552508530521,50
207550,-12.369270098775306,50
207600,-7.780148067912841,50
207650,-9.440035167007432,50
207700,-8.502607402264053,50
207750,-7.5297013555627395,50
207800,-10.932216376390564,50
207850,-12.24562493303158,50
207900,-6.736746986209145,50
207950,-11.73050007882348,50
208000,-8.563501610310759,50
208050,-6.92975591093324,50
208100,-5.0937407110093345,50
208150,-12.87343007774472,50
208200,-6.62059085841827,50
208250,-12.663622760454729,50
208300,-7.2182557255854345,50
208350,-9.378219096315744,50
208400,-12.187916269489145,50
208450,-10.020096959501704,50
208500,-9.836111643141438,50
208550,-14.973527880696317,50
208600,-6.217979904812563,50
208650,-7.896892016919725,50
208700,-12.7290676696578,50
208750,-7.152256405243797,50
208800,-12.33949212983383,50
208850,-10.753667689336696,50
208900,-8.325085688771232,50
208950,-10.409159943364427,50
209000,-6.296392829555743,50
209050,-12.925486985922822,50
209100,-10.893050016429704,50
209150,-6.76557039797292,50
209200,-11.297297402217088,50
209250,-8.205322697243519,50
209300,-6.412248167898518,50
209350,-12.833472953526522,50
209400,-10.818715615122164,50
209450,-8.613430563798962,50
209500,-9.652398220699327,50
209550,-6.14950518654822,50
209600,-6.13108353482946,50
209650,-15.208172359837977,50
209700,-6.186316821711852,50
209750,-5.726827427504387,50
209800,-9.72381528216292,50
209850,-9.429729639540017,50
209900,-6.332120510381179,50
209950,-7.686525257326021,50
210000,-8.70821854946069,50
210050,-9.71622792586417,50
210100,-11.31662205987154,50
210150,-6.142296851787884,50
210200,-10.368951631696877,50
210250,-13.188693213762992,50
210300,-6.043767253287481,50
210350,-9.086462692959888,50
210400,-7.210528296894727,50
210450,-11.94292003633265,50
210500,-5.923712737227455,50
210550,-9.061033685766862,50
210600,-14.00214411317289,50
210650,-6.799810943355468,50
210700,-9.612722261082482,50
210750,-9.431804633019356,50
210800,-11.554468126021574,50
210850,-8.51015875702477,50
210900,-10.913427321946756,50
210950,-6.976702469905346,50
211000,-8.75328009906203,50
211050,-9.705384713411638,50
211100,-10.17658139567107,50
211150,-8.711793040900856,50
211200,-12.973797566049758,50
211250,-9.164655621333244,50
211300,-11.510879360973371,50
211350,-15.272169744993562,50
211400,-14.82673356629563,50
211450,-14.694736896564384,50
211500,-11.388905217275942,50
211550,-6.323898965491968,50
211600,-9.903388500404008,50
211650,-8.950404840847197,50
211700,-10.075094584701674,50
211750,-9.70162573796387,50
211800,-6.435258987887734,50
211850,-10.776743944185153,50
211900,-8.925175152623037,50
211950,-5.708502819204798,50
212000,-6.212233934164205,50
212050,-10.414018142014692,50
212100,-8.451660136372142,50
212150,-9.80398434940746,50
212200,-8.220489414725384,50
212250,-11.649180861411143,50
212300,-5.514331018159716,50
212350,-13.275765658950322,50
212400,-8.268982422871808,50
212450,-9.968729552818068,50
212500,-9.447276477047344,50
212550,-11.45543207859393,50
212600,-10.368060473164224,50
212650,-11.990851060420022,50
212700,-10.62609386418011,50
212750,-8.121258719815714,50
212800,-13.103805537438877,50
212850,-8.801084664563211,50
212900,-11.004989025393142,50
212950,-8.37064098424622,50
213000,-12.101907495022676,50
213050,-15.24381196024804,50
213100,-9.886993245718802,50
213150,-12.239632440423295,50
213200,-8.528176778077599,50
213250,-12.678228175722639,50
213300,-14.921526417446193,50
213350,-13.59410107472435,50
213400,-10.272522154382271,50
213450,-9.417196289145961,50
213500,-5.775749545145048,50
213550,-8.004856092053068,50
213600,-7.671946222690709,50
213650,-9.993619862106899,50
213700,-10.868708444956788,50
213750,-10.950197678633604,50
213800,-11.283643024509193,50
213850,-8.462527045092283,50
213900,-6.2454659014073135,50
213950,-8.60322926444919,50
214000,-8.032804369304717,50
214050,-12.126197790030915,50
214100,-13.060803363519602,50
214150,-13.208300102553283,50
214200,-6.308356758505718,50
214250,-6.110223811091951,50
214300,-6.300340422137977,50
214350,-5.8248869303633075,50
214400,-8.706152760783848,50
214450,-9.53948609950253,50
214500,-6.11414755806834,50
214550,-8.924673698466995,50
214600,-8.909696917136804,50
214650,-12.096064454287355,50
214700,-15.275328335381818,50
214750,-6.933080625394258,50
214800,-5.7751655889533104,50
214850,-9.868767927675322,50
214900,-8.481470760847241,50
214950,-8.305789251560482,50
215000,-10.169719729407817,50
215050,-12.845018110189356,50
215100,-9.113282070428536,50
215150,-11.260061234389372,50
215200,-6.681666007149457,50
215250,-9.653141731770335,50
215300,-6.921771637236892,50
215350,-9.11863192969738,50
215400,-6.860449654162571,50
215450,-11.596921553313871,50
215500,-5.9248738543622865,50
215550,-5.795275236858574,50
215600,-9.342080293410614,50
215650,-11.155830553743858,50
215700,-6.724132682047883,50
215750,-7.828251769765658,50
215800,-8.752122451239336,50
215850,-6.981570472021099,50
215900,-13.58566832197101,50
215950,-10.026525397081633,50
216000,-9.17735759327471,50
216050,-8.70898570547004,50
216100,-10.575888786523544,50
216150,-11.166814820034466,50
216200,-11.836334324838825,50
216250,-13.857369724369612,50
216300,-6.505648869271269,50
216350,-11.539022725166747,50
216400,-11.526008141217895,50
216450,-13.68019823077509,50
216500,-8.608611282018662,50
216550,-7.121417284477522,50
216600,-8.596001896627298,50
216650,-11.008755929009663,50
216700,-8.419295525046953,50
216750,-7.765594019326639,50
216800,-7.473438441087656,50
216850,-13.223973872216346,50
216900,-10.896277257130665,50
216950,-11.370108047275314,50
217000,-9.052224676978796,50
217050,-10.598315783558785,50
217100,-7.256298309346021,50
217150,-6.607251637269521,50
217200,-11.845499494013493,50
217250,-13.980561653502642,50
217300,-12.837602253592435,50
217350,-7.420384123159841,50
217400,-8.274322998085422,50
217450,-12.043253411516758,50
217500,-15.101802771103596,50
217550,-5.92809441751867,50
217600,-6.808795229625886,50
217650,-7.990185208664493,50
217700,-7.741740893075623,50
217750,-8.495977311269964,50
217800,-10.196047550320715,50
217850,-6.658696318221489,50
217900,-10.788487567544578,50
217950,-8.354048263882817,50
218000,-12.311413498880587,50
218050,-7.192585437965051,50
218100,-7.539541061080891,50
218150,-7.381231584420126,50
218200,-12.164012948715621,50
218250,-7.8480201861443195,50
218300,-7.984935936037136,50
218350,-8.061979116472717,50
218400,-7.236883872909434,50
218450,-8.296124039354789,50
218500,-15.280715008104492,50
218550,-7.773391332289666,50
218600,-8.674677960534119,50
218650,-8.372127728512893,50
218700,-7.544285996821209,50
218750,-10.039718166173968,50
218800,-6.2406499119693555,50
218850,-13.028344873787052,50
218900,-7.5522815662217075,50
218950,-14.255639303545731,50
219000,-11.197994175219485,50
219050,-10.688974431024207,50
219100,-9.781963241128924,50
219150,-10.193598087277959,50
219200,-12.678833005812015,50
219250,-6.831913562293478,50
219300,-11.865511838008105,50
219350,-9.36439490140413,50
219400,-8.689393454111325,50
219450,-12.99415123368193,50
219500,-11.467239568438444,50
219550,-9.777627598605228,50
219600,-10.784781342660423,50
219650,-6.784139686147679,50
219700,-8.389043650261577,50
219750,-6.975635159333303,50
219800,-12.536402480970136,50
219850,-8.097638315580488,50
219900,-11.160929721301278,50
219950,-12.876798996571988,50
220000,-14.475639318976457,50
220050,-13.390632788037172,50
220100,-13.351401493812888,50
220150,-14.844389872272702,50
220200,-7.649786371923215,50
220250,-10.915645105241904,50
220300,-10.042178914714146,50
220350,-15.135893734481142,50
220400,-8.751601946602506,50
220450,-8.317058238228208,50
220500,-11.283235797928828,50
220550,-12.584891541921854,50
220600,-7.825973621976041,50
220650,-6.3532736901671285,50
220700,-12.326989984308723,50
220750,-12.161496992232363,50
220800,-10.978533385840345,50
220850,-14.003168148490392,50
220900,-13.007423587304098,50
220950,-14.654088286381981,50
221000,-8.264813474784024,50
221050,-14.839647416247116,50
221100,-9.60644841587602,50
221150,-10.119362028655537,50
221200,-7.302119139928122,50
221250,-8.85928715347977,50
221300,-9.88171751263889,50
221350,-9.074179370092796,50
221400,-7.998639699366893,50
221450,-6.977479931628888,50
221500,-11.815362370796944,50
221550,-7.711919904187902,50
221600,-8.459032655629287,50
221650,-6.608502461108771,50
221700,-7.857228334545097,50
221750,-8.230125233536764,50
221800,-7.818696289016558,50
221850,-9.66541002832144,50
221900,-7.475693898322764,50
221950,-9.59657299110276,50
222000,-6.972839401794123,50
222050,-15.676469207039826,50
222100,-6.859243632663733,50
222150,-7.415701867481111,50
222200,-7.311574414351304,50
222250,-10.680464658562155,50
222300,-7.510407771926924,50
222350,-7.948470424933319,50
222400,-9.365011347742785,50
222450,-6.637448785742687,50
222500,-6.942373821467096,50
222550,-8.435378214352614,50
222600,-5.597007644857253,50
222650,-8.339029076856523,50
222700,-13.680252022162495,50
222750,-7.56448399246745,50
222800,-6.622430813450125,50
222850,-9.687196413488465,50
222900,-9.117071440839288,50
222950,-13.658368874064028,50
223000,-13.66180992350784,50
223050,-7.121640410858792,50
223100,-6.480842981053566,50
223150,-12.327843283652854,50
223200,-10.422306583115024,50
223250,-7.849961657154943,50
223300,-12.294477615500234,50
223350,-7.448387705804428,50
223400,-11.664282902938037,50
223450,-5.239847164028023,50
223500,-11.804651753593069,50
223550,-9.62356059952893,50
223600,-8.010336698725993,50
223650,-15.115734321645347,50
223700,-10.055356837724352,50
223750,-6.499153396482549,50
223800,-9.112594184429822,50
223850,-9.39706106648325,50
223900,-7.9948777264388,50
223950,-10.196915738534237,50
224000,-10.392675777093988,50
224050,-8.013994807177149,50
224100,-7.664832941221454,50
224150,-13.59819548489321,50
224200,-9.509962331921216,50
224250,-9.282677825914405,50
224300,-7.5610260449796876,50
224350,-7.3269112164063355,50
224400,-10.34251740107773,50
224450,-7.045869042149579,50
224500,-6.104607597314206,50
224550,-7.058336145999486,50
224600,-7.455793290032743,50
224650,-13.144031038792455,50
224700,-6.792754210619822,50
224750,-14.935962698219733,50
224800,-10.192116859457187,50
224850,-11.708779388048574,50
224900,-12.629180393260661,50
224950,-8.86279762646677,50
225000,-6.645880281880968,50
225050,-9.015243698916205,50
225100,-7.701934429865033,50
225150,-9.733790310719904,50
225200,-8.312996213839615,50
225250,-13.175274693068324,50
225300,-9.360386672518977,50
225350,-8.07637793623715,50
225400,-8.190339522721429,50
225450,-7.673576451016673,50
225500,-10.072373915635842,50
225550,-10.825274341743672,50
225600,-7.168062311389472,50
225650,-5.719450217498738,50
225700,-11.013697871537968,50
225750,-6.952748304884751,50
225800,-8.582453642300141,50
225850,-15.473853252392246,50
225900,-8.783581883750351,50
225950,-16.203269694969073,50
226000,-9.935973129846966,50
226050,-14.016866023364779,50
226100,-6.6624157869733835,50
226150,-9.077006986320972,50
226200,-7.247249929827955,50
226250,-6.544611359638144,50
226300,-6.749713459560694,50
226350,-10.715164899549476,50
226400,-10.7375190854785,50
226450,-7.22116900329232,50
226500,-11.577701982788154,50
226550,-7.018360142197762,50
226600,-9.579891763203143,50
226650,-8.643972108290383,50
226700,-9.30669775918323,50
226750,-13.327599074582881,50
226800,-12.522750018445707,50
226850,-6.605691616270089,50
226900,-12.77076713333798,50
226950,-8.270333135743918,50
227000,-6.970178724427426,50
227050,-9.016630386236113,50
227100,-12.146686424891723,50
227150,-7.204887750539843,50
227200,-6.751552905480014,50
227250,-8.421816566435252,50
227300,-8.431603636965033,50
227350,-8.723096022227814,50
227400,-7.350554078264568,50
227450,-6.968717591018946,50
227500,-14.90800412011441,50
227550,-8.604650662318452,50
227600,-6.554990752916925,50
227650,-10.693095651986171,50
227700,-8.097068056761756,50
227750,-11.615143360672885,50
227800,-8.244854095216835,50
227850,-9.498870550408878,50
227900,-12.817974420048516,50
227950,-6.5189868843965915,50
228000,-7.7047884183098825,50
228050,-8.617535545111059,50
228100,-7.658169292906361,50
228150,-10.241645887603074,50
228200,-8.35146268864953,50
228250,-8.636983839339276,50
228300,-9.310862923950797,50
228350,-10.829320183677723,50
228400,-7.976796197591474,50
228450,-6.888154230552266,50
228500,-8.510342734238312,50
228550,-6.079741934829057,50
228600,-8.470238147910832,50
228650,-9.14556711670236,50
228700,-7.569905991831871,50
228750,-5.935680654393373,50
228800,-10.482746054768038,50
228850,-10.11625208682088,50
228900,-5.004030964644749,50
228950,-10.802817379071188,50
229000,-7.677072503029944,50
229050,-6.069780607481331,50
229100,-7.854688176794755,50
229150,-9.087639917078077,50
229200,-6.389629552405414,50
229250,-12.87507563455025,50
229300,-7.027111380752222,50
229350,-6.972709459105192,50
229400,-9.68322342617967,50
229450,-7.364692572798979,50
229500,-12.355887615046761,50
229550,-12.525265378271982,50
229600,-5.936502104113674,50
229650,-10.325700038245065,50
229700,-7.57522309879341,50
229750,-15.19740199806396,50
229800,-9.918694235387504,50
229850,-11.096020472322667,50
229900,-10.069533385634799,50
229950,-8.071114873997047,50
230000,-8.766424866270372,50
230050,-11.10448080529417,50
230100,-12.81689191461139,50
230150,-5.748638642498721,50
230200,-9.397199033573797,50
230250,-11.160659829937387,50
230300,-10.53961799660783,50
230350,-8.056427154785949,50
230400,-8.852786919942126,50
230450,-7.662974933108985,50
230500,-11.094075014951759,50
230550,-12.469255407899789,50
230600,-12.163124160691043,50
230650,-7.960253859040167,50
230700,-8.6394159948961,50
230750,-14.26817265906983,50
230800,-9.0119308546221,50
230850,-7.478627408146383,50
230900,-8.83344716661335,50
230950,-6.1711087843265995,50
231000,-8.112152223612037,50
231050,-11.732309841684291,50
231100,-10.820159042846697,50
231150,-14.525005156470181,50
231200,-6.566446503026247,50
231250,-6.589537476462742,50
231300,-10.768644580774607,50
231350,-13.262220851605289,50
231400,-9.020460923561005,50
231450,-8.354160495598574,50
231500,-9.990281848241617,50
231550,-7.115239906154209,50
231600,-11.471425656516901,50
231650,-12.111610378671635,50
231700,-5.6323006151936275,50
231750,-7.915975090178787,50
231800,-9.460669887996916,50
231850,-6.561601322558021,50
231900,-11.636594832171083,50
231950,-9.551502185586248,50
232000,-7.217077977010278,50
232050,-8.55009982134885,50
232100,-7.864486502808795,50
232150,-6.4228655561268795,50
232200,-9.542181714923823,50
232250,-6.925487881018279,50
232300,-5.6566346134833685,50
232350,-9.565192403505845,50
232400,-10.107295904232679,50
232450,-7.7393912543738645,50
232500,-6.655937986115673,50
232550,-11.42313018859497,50
232600,-9.604122917588011,50
232650,-6.390305063659466,50
232700,-8.276813183856627,50
232750,-7.590269553216585,50
232800,-10.288827323681039,50
232850,-7.366823764867355,50
232900,-6.735860590248917,50
232950,-10.894275949365266,50
233000,-8.96305546277476,50
233050,-9.827556893267008,50
233100,-14.254385680159858,50
233150,-14.374778377623148,50
233200,-9.263344018061959,50
233250,-9.310481770068145,50
233300,-8.714415297356283,50
233350,-9.109189996371887,50
233400,-9.873902625196372,50
233450,-7.797774187376047,50
233500,-13.231724582212818,50
233550,-10.389678352040542,50
233600,-6.46387872697454,50
233650,-12.334275647747035,50
233700,-9.616123129064789,50
233750,-10.768434670458083,50
233800,-11.242543236155539,50
233850,-10.242865014029725,50
233900,-8.42111950482772,50
233950,-11.599299641577625,50
234000,-11.503772964177111,50
234050,-10.91776890819353,50
234100,-12.487018030987528,50
234150,-8.318783937560008,50
234200,-7.60338224638051,50
234250,-6.818211010187074,50
234300,-12.884972337371671,50
234350,-8.689969239879549,50
234400,-8.59994079337639,50
234450,-5.5581679042053285,50
234500,-12.649989982154224,50
234550,-11.266691894384845,50
234600,-8.060033608186645,50
234650,-15.08337020696439,50
234700,-7.953237792981622,50
234750,-7.789854078484604,50
234800,-9.924189195074073,50
234850,-13.34789445583471,50
234900,-11.149110580585006,50
234950,-10.161271051175435,50
235000,-9.008676243809923,50
235050,-6.906664369343383,50
235100,-7.531735079519573,50
235150,-11.477577493791793,50
235200,-7.851001435788076,50
235250,-10.545001409555756,50
235300,-13.806127054847199,50
235350,-13.188051917669704,50
235400,-6.89656848457774,50
235450,-6.093683843204358,50
235500,-12.993089233503007,50
235550,-6.131326694753168,50
235600,-8.443383478253761,50
235650,-8.624976084580686,50
235700,-11.45481166062589,50
235750,-9.382411194907483,50
235800,-6.09489163916412,50
235850,-7.635585113151619,50
235900,-8.173307498837312,50
235950,-8.572491700959482,50
236000,-8.67544821708158,50
236050,-12.323780182694883,50
236100,-7.076072479489797,50
236150,-8.918092500554371,50
236200,-8.822027206543844,50
236250,-12.993355404494048,50
236300,-8.800621607626157,50
236350,-7.36185184723247,50
236400,-11.187178814311064,50
236450,-8.542581250769707,50
236500,-9.12167205394964,50
236550,-10.535748787601541,50
236600,-13.961134149106172,50
236650,-12.2776749366803,50
236700,-8.565961354388236,50
236750,-6.538752735494473,50
236800,-9.445216911795098,50
236850,-7.4497342242455336,50
236900,-7.366320569650637,50
236950,-6.872096473025354,50
237000,-11.199185520912398,50
237050,-7.776845027642479,50
237100,-9.954417026010262,50
237150,-8.998431144562678,50
237200,-6.661907536159479,50
237250,-6.616351733503691,50
237300,-5.135771019850259,50
237350,-8.105229187694933,50
237400,-6.5599022038889885,50
237450,-12.310790589943435,50
237500,-5.758324915779745,50
237550,-15.865425379479834,50
237600,-7.224699654780192,50
237650,-8.099049118068251,50
237700,-5.949906813085161,50
237750,-7.71363678211704,50
237800,-6.938412969053754,50
237850,-8.582602396164196,50
237900,-6.10179288606194,50
237950,-5.767498626870468,50
238000,-8.738975087929298,50
238050,-12.661925561661137,50
238100,-17.26772470280428,50
238150,-7.193985226118935,50
238200,-11.419950843494732,50
238250,-5.847378972698347,50
238300,-7.05495445452752,50
238350,-10.837812452152884,50
238400,-6.8112524702710395,50
238450,-10.590860227549229,50
238500,-8.85653718570122,50
238550,-8.170651642835317,50
238600,-9.700973974046546,50
238650,-10.70377728200575,50
238700,-10.275560889360719,50
238750,-5.288741930013755,50
238800,-6.275741475237524,50
238850,-7.4034064924240885,50
238900,-6.81505712461624,50
238950,-12.25595327336854,50
239000,-7.127927818385181,50
239050,-10.550772960344469,50
239100,-9.689203872058581,50
239150,-7.221418525155773,50
239200,-8.952418804461923,50
239250,-6.6005328065743445,50
239300,-12.512592946397671,50
239350,-8.653875469669698,50
239400,-11.616229204390239,50
239450,-6.65344147633246,50
239500,-7.0347244957580015,50
239550,-9.726652084043481,50
239600,-9.048806338510904,50
239650,-6.285908141798106,50
239700,-4.799167318351226,50
239750,-11.476881734931455,50
239800,-5.777253855851168,50
239850,-10.936631788847494,50
239900,-14.578538985457044,50
239950,-6.592613983563792,50
240000,-6.763061982511401,50
240050,-13.114909849573113,50
240100,-14.765976414387737,50
240150,-6.809270363531429,50
240200,-7.120200372128616,50
240250,-6.590368896445617,50
240300,-13.654660509140069,50
240350,-6.326640838554022,50
240400,-10.93076178775079,50
240450,-5.503431247914477,50
240500,-7.540015749353863,50
240550,-6.499305096749994,50
240600,-8.292356219177043,50
240650,-6.597460721242545,50
240700,-11.778895819590687,50
240750,-9.446150432034084,50
240800,-8.370459375396436,50
240850,-13.808565374415668,50
240900,-9.39228973879608,50
240950,-8.48902321789674,50
241000,-8.354859393677078,50
241050,-14.832837758383784,50
241100,-13.995760316847369,50
241150,-8.699733374087982,50
241200,-5.562652423879939,50
241250,-10.81197501999172,50
241300,-10.375037816695468,50
241350,-7.683870760146627,50
241400,-8.569593965211805,50
241450,-7.689490648266976,50
241500,-9.042076176652854,50
241550,-9.583562001728401,50
241600,-7.39012064978965,50
241650,-8.070491045947337,50
241700,-6.27678517767841,50
241750,-7.645715750128113,50
241800,-8.176415336792203,50
241850,-7.889526088907433,50
241900,-6.486501400969147,50
241950,-15.278663833985313,50
242000,-7.433516489317741,50
242050,-7.508244390518879,50
242100,-7.178257209381388,50
242150,-6.547934352564522,50
242200,-5.918411198575306,50
242250,-6.621829351975195,50
242300,-6.320139744998237,50
242350,-6.000349180612631,50
242400,-7.865717694567141,50
242450,-7.191920429876829,50
242500,-10.638701842139302,50
242550,-6.242956248650806,50
242600,-9.103708420955854,50
242650,-11.956851619317007,50
242700,-7.733501465917464,50
242750,-7.973952901866952,50
242800,-7.396805306248596,50
242850,-7.605582328070335,50
242900,-7.815074193094346,50
242950,-10.15489769700139,50
243000,-12.418472941567142,50
243050,-6.587559162359618,50
243100,-9.55373445243449,50
243150,-11.019813808659979,50
243200,-6.010871718175494,50
243250,-10.257582428637024,50
243300,-10.847999926689717,50
243350,-7.505041976980372,50
243400,-9.409735495031422,50
243450,-6.073701509808019,50
243500,-12.630299507887907,50
243550,-8.411160238075317,50
243600,-13.227606595156926,50
243650,-10.280444740068264,50
243700,-12.215212822232637,50
243750,-6.8744131382318745,50
243800,-7.947498871073898,50
243850,-9.457740318325023,50
243900,-5.812255770404451,50
243950,-15.01293169560132,50
244000,-10.326487360959245,50
244050,-9.420287649911778,50
244100,-12.088203425373283,50
244150,-8.278303528471806,50
244200,-9.598641638483041,50
244250,-10.074776061179495,50
244300,-7.547379160428901,50
244350,-11.31290371825013,50
244400,-5.731713395569487,50
244450,-7.906745900641537,50
244500,-5.565265263694118,50
244550,-6.878578259647339,50
244600,-9.1246886254097,50
244650,-5.931036092036471,50
244700,-6.736298305360097,50
244750,-6.874465965373347,50
244800,-14.484229328747785,50
244850,-12.0175503576106,50
244900,-7.700875431930823,50
244950,-10.610998817765774,50
245000,-9.223895656310104,50
245050,-5.575538902577687,50
245100,-11.725006042445901,50
245150,-8.13237320230801,50
245200,-11.722348627144715,50
245250,-9.071078675978269,50
245300,-10.434028272722001,50
245350,-7.076460059500022,50
245400,-9.851798150016343,50
245450,-9.481651907043844,50
245500,-7.736535999814946,50
245550,-6.763817284723352,50
245600,-14.273856324647456,50
245650,-10.032395595373258,50
245700,-12.17045925587437,50
245750,-6.247283167539822,50
245800,-12.6401422310552,50
245850,-5.46477543444376,50
245900,-8.133517737046988,50
245950,-10.721058953333719,50
246000,-10.057642029609775,50
246050,-10.563664143661857,50
246100,-9.777871263679026,50
246150,-8.86108803201251,50
246200,-6.248508786092978,50
246250,-7.687570190493842,50
246300,-8.346388894193336,50
246350,-12.76746935106224,50
246400,-10.682311924481944,50
246450,-7.66590930675136,50
246500,-12.08066991707404,50
246550,-12.834492577934244,50
246600,-13.833685616518022,50
246650,-6.434106979316172,50
246700,-11.920883073355924,50
246750,-5.713488260303156,50
246800,-11.185818413943132,50
246850,-7.459728568965942,50
246900,-8.385227966879722,50
246950,-11.791895196096513,50
247000,-5.903208894935978,50
247050,-6.867674341730069,50
247100,-7.4178969819365825,50
247150,-8.509941138527934,50
247200,-8.958619566665314,50
247250,-8.764869514949604,50
247300,-7.603423383860468,50
247350,-7.726067083867483,50
247400,-15.55965351791015,50
247450,-6.970485423910448,50
247500,-11.706993924791147,50
247550,-8.033760209553472,50
247600,-6.749709098165517,50
247650,-9.602575570472862,50
247700,-11.567537474224856,50
247750,-8.477263732278953,50
247800,-8.953192136433197,50
247850,-6.844362505382574,50
247900,-6.599850564346582,50
247950,-8.507397522816504,50
248000,-6.389652495477554,50
248050,-11.199687629905016,50
248100,-6.077695221102944,50
248150,-7.143362982816155,50
248200,-12.78061327390048,50
248250,-7.367374509701609,50
248300,-9.289343706896435,50
248350,-13.300044734119053,50
248400,-6.9966642943019774,50
248450,-10.27405158893843,50
248500,-12.121261648449208,50
248550,-9.722786211372478,50
248600,-13.898907109761888,50
248650,-8.587854801420013,50
248700,-7.661236033131687,50
248750,-12.797778942832037,50
248800,-9.510494953643846,50
248850,-7.070566257546459,50
248900,-6.744168901399493,50
248950,-4.886246215995366,50
249000,-5.7888590156775575,50
249050,-9.61246687586525,50
249100,-9.945297852832336,50
249150,-7.532580325578358,50
249200,-14.858585935042408,50
249250,-6.150293454846577,50
249300,-10.745905774997494,50
249350,-9.891936322606576,50
249400,-5.933338877123239,50
249450,-8.354316694836998,50
249500,-8.860197139548175,50
249550,-6.1220243901222755,50
249600,-8.856900165571822,50
249650,-7.693377942564173,50
249700,-6.10859055047537,50
249750,-12.450676343854004,50
249800,-11.224413812001078,50
249850,-6.421835655462303,50
249900,-8.851940448670332,50
249950,-11.957905326517471,50
250000,-11.853335712324384,50
250050,-12.159030785856574,50
250100,-8.883977763414926,50
250150,-10.147563909593032,50
250200,-9.930746427578418,50
250250,-6.508452152828997,50
250300,-6.879951083268827,50
250350,-5.668876541745786,50
250400,-7.408094814820734,50
250450,-11.586363529170786,50
250500,-9.627151344032782,50
250550,-6.371472585904897,50
250600,-6.767687929830346,50
250650,-9.133981056911946,50
250700,-5.899334873791255,50
250750,-9.19971956476153,50
250800,-9.406339509389344,50
250850,-8.847924309841687,50
250900,-10.463034037061183,50
250950,-6.739123699586267,50
251000,-10.344452039765685,50
251050,-10.894347653000946,50
251100,-6.046918192452117,50
251150,-7.6462381512920965,50
251200,-11.331504127479684,50
251250,-11.006921127461851,50
251300,-9.496708635306508,50
251350,-12.59414131087442,50
251400,-5.770515872468067,50
251450,-10.09447645035313,50
251500,-8.022519714001957,50
251550,-9.098259200404186,50
251600,-11.023634825700798,50
251650,-8.410880338675415,50
251700,-8.427092350351751,50
251750,-9.11235157315311,50
251800,-6.4347743184392225,50
251850,-8.013123202263195,50
251900,-6.528274631809537,50
251950,-11.600548014216047,50
252000,-7.591550017500948,50
252050,-8.356583518291965,50
252100,-9.466835470576825,50
252150,-12.852543369823328,50
252200,-7.648952924943646,50
252250,-6.865710054573786,50
252300,-12.805184868050109,50
252350,-8.810541875317226,50
252400,-12.644301805009253,50
252450,-5.771968476981686,50
252500,-8.597910653646137,50
252550,-11.091807159131154,50
252600,-5.984166876895204,50
252650,-9.336943429061693,50
252700,-10.572774126576146,50
252750,-10.117714242046635,50
252800,-9.29799039212375,50
252850,-7.190458351141873,50
252900,-10.89172594063338,50
252950,-7.172709435020039,50
253000,-12.181237585835685,50
253050,-10.87664386527857,50
253100,-10.467245799533956,50
253150,-8.906083499859058,50
253200,-10.023690334065453,50
253250,-9.617567592560512,50
253300,-10.849419814861362,50
253350,-10.43365743791017,50
253400,-5.668165804961681,50
253450,-13.593941998065274,50
253500,-8.844584341448021,50
253550,-10.753928141634153,50
253600,-8.967974672485438,50
253650,-9.897917377330199,50
253700,-5.519871440423884,50
253750,-6.156021966084384,50
253800,-7.7134266125255095,50
253850,-9.005327543683846,50
253900,-5.950992005855301,50
253950,-8.064596942563561,50
254000,-8.170292038922446,50
254050,-8.674109193316509,50
254100,-6.563217334287233,50
254150,-9.661222596453833,50
254200,-6.148072708281989,50
254250,-8.989630412302574,50
254300,-8.69967599721337,50
254350,-9.961861474521951,50
254400,-9.140424420725488,50
254450,-12.77846480450599,50
254500,-12.508723673956512,50
254550,-8.445970438169976,50
254600,-11.791084002166006,50
254650,-13.225049536613632,50
254700,-7.843337629916263,50
254750,-13.03562357936883,50
254800,-5.992537656736634,50
254850,-9.918536583911457,50
254900,-9.170923798810385,50
254950,-15.166490005291264,50
255000,-14.41862150991927,50
255050,-10.613891883336109,50
255100,-8.955280467112331,50
255150,-6.82284399039864,50
255200,-13.288844477382852,50
255250,-10.642754682751361,50
255300,-8.592079969093643,50
255350,-13.655255808534681,50
255400,-9.475679534659639,50
255450,-8.882868763882552,50
255500,-9.625566457499835,50
255550,-5.999705846891488,50
255600,-7.788429853834528,50
255650,-7.457333669499998,50
255700,-14.605212177622565,50
255750,-8.40395095954695,50
255800,-13.781838872146842,50
255850,-6.152725672190347,50
255900,-6.798825812080179,50
255950,-9.696615218077643,50
256000,-6.492373913096538,50
256050,-5.816514629687633,50
256100,-14.08300908469543,50
256150,-5.9523548363299135,50
256200,-8.393463739698952,50
256250,-6.991497743621984,50
256300,-9.231098327750113,50
256350,-14.32390781889497,50
256400,-16.221631137517953,50
256450,-6.375085174499699,50
256500,-9.134502317170954,50
256550,-6.067714063125,50
256600,-7.741967713727593,50
256650,-10.513085568850602,50
256700,-7.8589403245503275,50
256750,-7.061861607733566,50
256800,-14.303541373390939,50
256850,-11.202203262193681,50
256900,-12.376193098268505,50
256950,-7.7619426522572015,50
257000,-9.534732728492685,50
257050,-6.931480488912619,50
257100,-14.354408098755725,50
257150,-12.263154046900414,50
257200,-6.137949514475942,50
257250,-9.030003600979505,50
257300,-10.015876900890479,50
257350,-6.417713281100998,50
257400,-7.5007296665972305,50
257450,-5.389419578412204,50
257500,-9.709943968418548,50
257550,-7.981061723719245,50
257600,-9.548908057534616,50
257650,-8.522361785489643,50
257700,-6.62540591851584,50
257750,-9.653619902197983,50
257800,-11.899263451479117,50
257850,-10.103138769562406,50
257900,-10.637633427352494,50
257950,-7.970491488484427,50
258000,-5.827203949944481,50
258050,-10.442225086759029,50
258100,-7.056616975120214,50
258150,-11.227834365682346,50
258200,-12.696219746903413,50
258250,-6.894122039313502,50
258300,-10.127777421048695,50
258350,-12.290139933541143,50
258400,-9.341932029754615,50
258450,-7.329363452792608,50
258500,-5.5177224955331345,50
258550,-10.123663150742225,50
258600,-12.783811113005145,50
258650,-7.081142679183099,50
258700,-6.245906723294078,50
258750,-8.49266261844845,50
258800,-7.8233259231601995,50
258850,-12.566868361992306,50
258900,-13.808146324692792,50
258950,-8.581926830137279,50
259000,-8.683611540095699,50
259050,-7.941032274919881,50
259100,-7.4538009590995005,50
259150,-8.04970256987102,50
259200,-5.23681404551593,50
259250,-11.59568376840804,50
259300,-6.816781134960827,50
259350,-9.50696852275355,50
259400,-6.3397822094538805,50
259450,-6.819565099424408,50
259500,-6.771408912644771,50
259550,-10.51504938063557,50
259600,-11.098792927093474,50
259650,-6.86040191429667,50
259700,-8.959562937956767,50
259750,-12.218270601044852,50
259800,-7.83161463482425,50
259850,-10.878037405004497,50
259900,-9.178549164145082,50
259950,-9.334754602526191,50
260000,-6.78971470677108,50
260050,-6.8963439597590686,50
260100,-5.778952660911097,50
260150,-8.089724040011895,50
260200,-12.973850839724562,50
260250,-10.091157849262785,50
260300,-6.423630833380545,50
260350,-11.745673443582383,50
260400,-6.705536181988163,50
260450,-14.366880879122032,50
260500,-10.247206847029204,50
260550,-10.103174995668558,50
260600,-6.029410392977,50
260650,-6.226718955290537,50
260700,-7.813117108105426,50
260750,-6.134531009899037,50
260800,-11.890973018934066,50
260850,-6.736517709353209,50
260900,-6.133597925880163,50
260950,-7.664746164796329,50
261000,-7.916795218638116,50
261050,-7.384343965489443,50
261100,-7.432758281870792,50
261150,-9.645991974580054,50
261200,-7.013096626999504,50
261250,-6.942633186584495,50
261300,-6.442511387757909,50
261350,-7.740585404870207,50
261400,-11.133432196262973,50
261450,-5.580578333187817,50
261500,-7.357983238303968,50
261550,-5.592848221285842,50
261600,-8.037936631497814,50
261650,-6.274081062044318,50
261700,-9.361863253486174,50
261750,-6.5785487818396255,50
261800,-10.805735678180001,50
261850,-11.360819548532357,50
261900,-10.367685301527077,50
261950,-6.342947316755282,50
262000,-11.028937647214454,50
262050,-5.675952642185089,50
262100,-7.777667751702368,50
262150,-7.578437520173869,50
262200,-10.903199266493782,50
262250,-6.93733208732924,50
262300,-8.66430411694485,50
262350,-14.508677857450627,50
262400,-7.61770353715298,50
262450,-7.920499833662658,50
262500,-8.718871404623117,50
262550,-10.972426691968387,50
262600,-11.635205416500703,50
262650,-6.5652276731678905,50
262700,-5.985017913148982,50
262750,-5.276055548633856,50
262800,-5.806145465753487,50
262850,-7.687389470955887,50
262900,-8.611252520840198,50
262950,-9.085059150381202,50
263000,-6.245368150641713,50
263050,-7.6317141609971335,50
263100,-7.931018729129881,50
263150,-10.727443825454644,50
263200,-7.2629282774522785,50
263250,-11.35522001840151,50
263300,-13.117334336665587,50
263350,-7.351638671156833,50
263400,-9.297342792439386,50
263450,-6.594900199456378,50
263500,-10.910759574562881,50
263550,-7.391332904089082,50
263600,-7.24373533996656,50
263650,-14.51863820443891,50
263700,-7.533420805189401,50
263750,-6.658082309286393,50
263800,-5.954040166360189,50
263850,-8.824198933542707,50
263900,-8.04413150379229,50
263950,-12.781490091585974,50
264000,-7.62241302461568,50
264050,-5.942614808290867,50
264100,-8.118290520199702,50
264150,-10.570834232896367,50
264200,-7.596484106955398,50
264250,-8.678133968499147,50
264300,-14.597828416621804,50
264350,-6.688545751501789,50
264400,-9.854605050673197,50
264450,-7.003403140042151,50
264500,-13.850198804623412,50
264550,-8.296535448182532,50
264600,-7.954244116765757,50
264650,-14.531283032156658,50
264700,-13.514787096479633,50
264750,-6.091085667245283,50
264800,-9.952209507885678,50
264850,-9.895594951361241,50
264900,-9.504687298805221,50
264950,-6.998319813424695,50
265000,-7.075612847235192,50
265050,-7.685603982301578,50
265100,-8.684346998136373,50
265150,-9.688311330722744,50
265200,-9.810767199829353,50
265250,-6.748147530933851,50
265300,-11.824647436216093,50
265350,-10.414285073896586,50
265400,-8.804194229090157,50
265450,-9.461340320028741,50
265500,-5.771257239806098,50
265550,-8.119310057513193,50
265600,-11.583831463150835,50
265650,-14.672289464433872,50
265700,-10.592282512077045,50
265750,-11.157500153135004,50
265800,-10.74716978800412,50
265850,-9.778825145174634,50
265900,-8.845958799224718,50
265950,-8.229113217286793,50
266000,-8.357419718344849,50
266050,-7.688817504684633,50
266100,-6.328385446217922,50
266150,-8.280028191030766,50
266200,-9.59740599346599,50
266250,-5.355587927680656,50
266300,-8.61063587298368,50
266350,-5.2403236723025115,50
266400,-6.544176857971512,50
266450,-8.754911286232531,50
266500,-7.4339973482056,50
266550,-5.655530963436167,50
266600,-9.789816102224176,50
266650,-10.367741655775168,50
266700,-4.987310739531569,50
266750,-7.388207908826317,50
266800,-14.953789175593322,50
266850,-6.611437195744251,50
266900,-8.594930315535446,50
266950,-12.359977292500314,50
267000,-8.026959468957275,50
267050,-8.68716095181186,50
267100,-6.19601311408172,50
267150,-10.161721422623815,50
267200,-5.626413652285272,50
267250,-8.11900804189945,50
267300,-6.172017306701663,50
267350,-9.319615835493174,50
267400,-8.909004688202225,50
267450,-8.350923769900133,50
267500,-8.362120513037043,50
267550,-6.1081583932538095,50
267600,-9.09027607698776,50
267650,-10.930662078855283,50
267700,-7.4967698353725725,50
267750,-12.529401612818788,50
267800,-7.783281157326439,50
267850,-6.962208326965269,50
267900,-9.105163949312283,50
267950,-10.398512084825338,50
268000,-10.432362325958247,50
268050,-10.270955129434762,50
268100,-5.384208077076255,50
268150,-7.534882627843608,50
268200,-8.513723885127092,50
268250,-8.032435482012044,50
268300,-11.546576340980787,50
268350,-8.689281801655328,50
268400,-8.461780364439168,50
268450,-13.210932253882378,50
268500,-8.184623919657911,50
268550,-8.745427690999247,50
268600,-7.952441890633866,50
268650,-13.459300633214003,50
268700,-6.7540841711827095,50
268750,-13.909191414796066,50
268800,-8.075081628206036,50
268850,-11.512993381431498,50
268900,-7.05666951441252,50
268950,-8.513684703311378,50
269000,-11.811482130538627,50
269050,-5.994025984926319,50
269100,-8.964200899981554,50
269150,-8.867903266062624,50
269200,-6.322058527601745,50
269250,-11.54716883766009,50
269300,-6.504394623948358,50
269350,-8.723399110078788,50
269400,-6.79090955573318,50
269450,-7.197470735562956,50
269500,-8.091978041446573,50
269550,-6.130636549730064,50
269600,-10.769788658473527,50
269650,-5.526204137055535,50
269700,-7.738965439247619,50
269750,-6.612073714743951,50
269800,-8.362047193186818,50
269850,-8.93207297466508,50
269900,-7.966688315330844,50
269950,-8.714733146772476,50
270000,-6.270723957502102,50
270050,-7.598695282803268,50
270100,-8.432967860857632,50
270150,-5.746791568286945,50
270200,-6.224170161975307,50
270250,-12.429621435267226,50
270300,-12.33496666375772,50
270350,-6.238196085700638,50
270400,-7.687610290917168,50
270450,-9.07624880554033,50
270500,-5.005430920166961,50
270550,-6.16959182915893,50
270600,-7.561539502079073,50
270650,-5.372014866676601,50
270700,-4.67756398816422,50
270750,-10.186016583453066,50
270800,-6.110256835549473,50
270850,-9.361049528475748,50
270900,-9.628917728270187,50
270950,-8.67248942050601,50
271000,-11.32506767029817,50
271050,-9.556777472444729,50
271100,-7.610628374041999,50
271150,-6.177126508182673,50
271200,-5.682001917725087,50
271250,-10.011247969027876,50
271300,-5.373159035080741,50
271350,-12.935071527165846,50
271400,-11.087344741784666,50
271450,-8.32153149898469,50
271500,-12.157147346083994,50
271550,-10.76618985943416,50
271600,-8.964729259390339,50
271650,-5.8935001907531195,50
271700,-9.66813088626296,50
271750,-7.272878245876552,50
271800,-13.215332958958484,50
271850,-5.953369067535219,50
271900,-8.700745562441679,50
271950,-12.041537350520189,50
272000,-5.24277634800997,50
272050,-12.40014300238222,50
272100,-7.227358031429918,50
272150,-6.892279853950933,50
272200,-12.341106597851244,50
272250,-11.81248827010503,50
272300,-8.705027051372008,50
272350,-8.385757988920515,50
272400,-6.012957189389662,50
272450,-7.104805960862969,50
272500,-5.842726980349672,50
272550,-6.459958372136412,50
272600,-7.253613253569187,50
272650,-9.192309487330624,50
272700,-9.98079033329081,50
272750,-6.372665111871126,50
272800,-6.781858400850373,50
272850,-6.342340220311924,50
272900,-10.953397259000548,50
272950,-8.076817970830852,50
273000,-5.346354227512777,50
273050,-7.002664605140484,50
273100,-5.092480985322848,50
273150,-5.625179126357979,50
273200,-11.533257130941026,50
273250,-8.870470892925715,50
273300,-6.305355206935292,50
273350,-11.359629119713695,50
273400,-6.400488836917446,50
273450,-6.793425574479691,50
273500,-9.858274419863042,50
273550,-5.432746207692054,50
273600,-8.728928618344517,50
273650,-6.808074163325124,50
273700,-6.050869174226092,50
273750,-6.754556183164921,50
273800,-13.836410223353559,50
273850,-7.069699474451718,50
273900,-13.233449738885508,50
273950,-8.295182032243769,50
274000,-5.230002120565057,50
274050,-6.576159622760882,50
274100,-11.596253246767684,50
274150,-8.868828358718051,50
274200,-7.093342734145625,50
274250,-10.603604359112902,50
274300,-12.173458847195413,50
274350,-5.395261062631071,50
274400,-7.466072800925849,50
274450,-6.9434471511063816,50
274500,-8.191654440439562,50
274550,-11.768835270218121,50
274600,-5.962370577675938,50
274650,-7.773354588106695,50
274700,-7.205352046435051,50
274750,-6.534758957340636,50
274800,-10.547654640076358,50
274850,-6.685632299039128,50
274900,-6.546602929703291,50
274950,-8.914309365938282,50
275000,-11.80632873191775,50
275050,-10.564112628732262,50
275100,-5.810563560009746,50
275150,-6.496688920454316,50
275200,-7.194687788447114,50
275250,-5.762545353948865,50
275300,-8.154896213991375,50
275350,-7.3592425917087665,50
275400,-5.273000274927012,50
275450,-6.6800607161308525,50
275500,-8.857684499897372,50
275550,-8.90539979321024,50
275600,-5.27789900957126,50
275650,-10.887900072555807,50
275700,-12.796141474661354,50
275750,-5.518980842158138,50
275800,-10.779861643039368,50
275850,-7.6828209489856585,50
275900,-12.239861687320143,50
275950,-5.936489441070541,50
276000,-5.865958447617991,50
276050,-8.940449762758846,50
276100,-8.778737145199528,50
276150,-13.708856830792538,50
276200,-8.31893680604646,50
276250,-10.327773953318468,50
276300,-8.340620257218466,50
276350,-8.50281399465113,50
276400,-11.172619183647436,50
276450,-12.608776557435018,50
276500,-11.777506817479631,50
276550,-5.347837136025105,50
276600,-9.974107427814756,50
276650,-7.2716199267807875,50
276700,-13.919723322059232,50
276750,-8.613298936991532,50
276800,-7.201436197790022,50
276850,-5.865898628146104,50
276900,-6.546257377998943,50
276950,-5.791584509928128,50
277000,-5.709116940918013,50
277050,-4.9760348545592,50
277100,-9.34991204164055,50
277150,-9.335634780078557,50
277200,-6.352996806337581,50
277250,-9.405892499311777,50
277300,-10.007217499784023,50
277350,-6.601880640714025,50
277400,-7.452995794269183,50
277450,-4.982517534863139,50
277500,-13.153601595993704,50
277550,-6.694602132123007,50
277600,-7.184313555711947,50
277650,-8.78760797329723,50
277700,-7.362663178893067,50
277750,-9.422715808677141,50
277800,-12.67146212569426,50
277850,-5.297439062979258,50
277900,-7.93121404516294,50
277950,-7.498003510920205,50
278000,-7.0249449950025245,50
278050,-8.66604647165145,50
278100,-5.810770646075487,50
278150,-5.789516268761042,50
278200,-8.586365955355525,50
278250,-8.376566505336134,50
278300,-10.194820205034674,50
278350,-7.667174796205772,50
278400,-7.512391896959015,50
278450,-5.6771682913774555,50
278500,-9.268174151089434,50
278550,-9.313348930766065,50
278600,-9.169686305539773,50
278650,-5.366574009675962,50
278700,-7.549596004625297,50
278750,-14.164833574169515,50
278800,-7.1890278523927185,50
278850,-5.5724574437805705,50
278900,-10.47985174552321,50
278950,-10.158058168702603,50
279000,-6.772482093417897,50
279050,-6.7877392980469695,50
279100,-7.4971034112938915,50
279150,-6.831077372558329,50
279200,-9.002637038812388,50
279250,-5.948328735275114,50
279300,-8.125025272437323,50
279350,-11.43637232874666,50
279400,-8.854928023775125,50
279450,-9.04685871061461,50
279500,-9.761428073671658,50
279550,-8.305480154177344,50
279600,-10.823153673577002,50
279650,-7.037519267059814,50
279700,-12.382660898728886,50
279750,-8.809019252915444,50
279800,-9.591473631011583,50
279850,-6.451040847916571,50
279900,-11.12060715596562,50
279950,-7.7454007420793465,50
280000,-6.41917754252702,50
280050,-5.972695198552504,50
280100,-7.567327753800979,50
280150,-7.824060871882754,50
280200,-5.358933548230461,50
280250,-3.9356904174784852,50
280300,-12.964288255167126,50
280350,-8.636681347336431,50
280400,-7.506619750868359,50
280450,-12.161327008899594,50
280500,-8.852794083557628,50
280550,-9.742541173179013,50
280600,-5.384890518989833,50
280650,-6.804860982119933,50
280700,-9.723553744873936,50
280750,-8.088016408075525,50
280800,-10.456412660193457,50
280850,-8.938776560126522,50
280900,-10.283992598929107,50
280950,-4.792486973192376,50
281000,-6.589689535798208,50
281050,-7.859198420855218,50
281100,-11.034281670581786,50
281150,-7.943130851512162,50
281200,-4.944193584479765,50
281250,-11.511484462235236,50
281300,-5.939060472069174,50
281350,-7.607922650150076,50
281400,-13.797365397856352,50
281450,-7.865736997180793,50
281500,-6.002781659742352,50
281550,-10.552237900567436,50
281600,-14.151077680127555,50
281650,-6.822000507115097,50
281700,-6.984864529391027,50
281750,-11.116352836082257,50
281800,-5.44569258591438,50
281850,-6.537681404371052,50
281900,-8.077955407227822,50
281950,-13.406374798583949,50
282000,-11.355955539361123,50
282050,-9.821203273559092,50
282100,-6.229215491895631,50
282150,-7.977987003947265,50
282200,-5.201772189100738,50
282250,-5.901202194382752,50
282300,-10.056439336629591,50
282350,-12.098931406190646,50
282400,-8.238244571602767,50
282450,-5.940957996477547,50
282500,-5.5655297492476805,50
282550,-7.847171334098939,50
282600,-8.511870838842578,50
282650,-5.786768145138815,50
282700,-4.019587994947968,50
282750,-11.757550210284442,50
282800,-5.106634955689357,50
282850,-9.686616817398129,50
282900,-7.107139962007867,50
282950,-6.9592593190389,50
283000,-7.1501649395412565,50
283050,-4.81743472738524,50
283100,-9.001102008181766,50
283150,-5.811716940138957,50
283200,-8.307125213481907,50
283250,-7.694847477970164,50
283300,-7.34895989305525,50
283350,-9.233784642682354,50
283400,-7.674891031197995,50
283450,-7.264321213699188,50
283500,-9.14250084443931,50
283550,-9.34849260142789,50
283600,-5.855886249011312,50
283650,-9.47387033327925,50
283700,-6.915062590852757,50
283750,-10.740150051836235,50
283800,-5.190118544187681,50
283850,-9.855817874952171,50
283900,-12.028081690615286,50
283950,-5.707245196266441,50
284000,-6.14850938881132,50
284050,-5.41369325054658,50
284100,-12.569735031813273,50
284150,-7.322261707033128,50
284200,-12.830806506405834,50
284250,-7.180148707846714,50
284300,-10.47630317196937,50
284350,-7.846318689891561,50
284400,-12.466587534319922,50
284450,-9.696278296302879,50
284500,-5.120493796894514,50
284550,-10.73094821184658,50
284600,-9.808868708903722,50
284650,-13.067445334540208,50
284700,-6.053238423564103,50
284750,-5.357122112852682,50
284800,-9.070658645402917,50
284850,-6.0426060397743155,50
284900,-6.837242042204907,50
284950,-5.0452184590625055,50
285000,-8.922259612537573,50
285050,-8.239100104432197,50
285100,-7.008727332586242,50
285150,-9.233957283561471,50
285200,-5.141249373061876,50
285250,-10.426925991919894,50
285300,-9.066172088318922,50
285350,-7.508113495327021,50
285400,-11.896611581150333,50
285450,-6.241841576889763,50
285500,-5.801519742924883,50
285550,-7.053771270783862,50
285600,-8.408351777905231,50
285650,-5.769165447814974,50
285700,-9.656425613672875,50
285750,-6.4490158463545715,50
285800,-7.540784073761481,50
285850,-8.779112493932711,50
285900,-6.724677089149283,50
285950,-8.133143066472513,50
286000,-5.42869783904477,50
286050,-9.038497396232419,50
286100,-3.6595602666574307,50
286150,-7.562429493636821,50
286200,-7.971899567615702,50
286250,-6.981209790977629,50
286300,-5.955792919630132,50
286350,-6.817888652537639,50
286400,-7.685715043599442,50
286450,-5.874283654962983,50
286500,-4.8512131572360975,50
286550,-5.682989805523525,50
286600,-7.223055206385866,50
286650,-7.008402787670106,50
286700,-7.715389581405289,50
286750,-5.167813568338859,50
286800,-9.11756695545994,50
286850,-5.244193095683306,50
286900,-9.35127245070397,50
286950,-9.879314587776687,50
287000,-6.075003105027962,50
287050,-6.232732564238187,50
287100,-6.3002889113461205,50
287150,-5.915055912130636,50
287200,-12.159956462043715,50
287250,-11.559881731629119,50
287300,-6.121716698945877,50
287350,-6.500736617170799,50
287400,-7.86958109819821,50
287450,-6.217964657306755,50
287500,-11.641611401723639,50
287550,-3.153530370759967,50
287600,-5.509601661867717,50
287650,-4.887070280363324,50
287700,-7.862098892062317,50
287750,-8.893379043692564,50
287800,-9.800814131700438,50
287850,-8.704067528274345,50
287900,-6.332484361097291,50
287950,-8.899887862556882,50
288000,-5.259419118276395,50
288050,-5.644590059463688,50
288100,-7.75895659062401,50
288150,-8.692106774131336,50
288200,-11.449637211106607,50
288250,-5.001669211578686,50
288300,-11.475523940965918,50
288350,-11.611094107853084,50
288400,-4.299646225759205,50
288450,-10.41768728127652,50
288500,-6.746260457993461,50
288550,-5.202590149865254,50
288600,-5.377813870669538,50
288650,-9.154879096222952,50
288700,-12.581966638837736,50
288750,-7.1457741288874175,50
288800,-3.4124890053617554,50
288850,-10.187994895296423,50
288900,-9.079925745904251,50
288950,-6.4008239320360385,50
289000,-9.537739494699608,50
289050,-4.9027099380683765,50
289100,-4.872950807681977,50
289150,-5.929950714925244,50
289200,-4.844046480522499,50
289250,-3.7730451845810355,50
289300,-5.959037328850391,50
289350,-6.987026181561338,50
289400,-7.168834111402832,50
289450,-6.993458382543416,50
289500,-7.899709687913199,50
289550,-4.529530350825135,50
289600,-7.818551180048333,50
289650,-5.94886379364518,50
289700,-8.21535053578432,50
289750,-8.818750377682981,50
289800,-5.62010704812807,50
289850,-5.41820572283635,50
289900,-11.596024802386308,50
289950,-8.597368519669084,50
290000,-6.711047577476276,50
290050,-9.597063946685704,50
290100,-7.276599368957817,50
290150,-6.575887685924771,50
290200,-7.399386925941376,50
290250,-7.769893047111622,50
290300,-10.392469445951138,50
290350,-10.0242015045712,50
290400,-4.694701800694693,50
290450,-11.437896336787892,50
290500,-8.102806893947351,50
290550,-8.989313708446588,50
290600,-9.711975748078682,50
290650,-9.097544092711313,50
290700,-8.230885654945112,50
290750,-12.505682794001995,50
290800,-8.466839243354784,50
290850,-7.246434356372332,50
290900,-7.873521436468187,50
290950,-7.918687788050035,50
291000,-5.269974575257768,50
291050,-8.482808234010623,50
291100,-8.2961109292814,50
291150,-6.61067240082774,50
291200,-4.68116659684001,50
291250,-5.49631429192479,50
291300,-3.589623310505963,50
291350,-9.034210805337791,50
291400,-7.189459000943463,50
291450,-3.0224442371742843,50
291500,-13.329714223307962,50
291550,-10.57641285621191,50
291600,-7.894211441880263,50
291650,-6.18231223943062,50
291700,-4.385363647487759,50
291750,-7.659830823444247,50
291800,-10.960320261151091,50
291850,-3.8677852177986423,50
291900,-8.162128229863217,50
291950,-6.271702239289362,50
292000,-6.188655153606025,50
292050,-7.6236941772846505,50
292100,-4.1744623403846,50
292150,-8.393222828779201,50
292200,-10.750282970854203,50
292250,-8.767900381091327,50
292300,-3.6959544320792395,50
292350,-4.85633153978224,50
292400,-11.099378742032682,50
292450,-9.731191805168221,50
292500,-6.709376513430794,50
292550,-4.430244774671104,50
292600,-10.006070821596802,50
292650,-10.111377277792652,50
292700,-7.142631501293955,50
292750,-3.4853330140452967,50
292800,-5.774111959894572,50
292850,-5.34747143774362,50
292900,-7.115499539486619,50
292950,-7.124581324006413,50
293000,-11.612396058946,50
293050,-10.346311936538017,50
293100,-10.335273658982361,50
293150,-7.935438407039988,50
293200,-9.216074898176917,50
293250,-14.13351722882227,50
293300,-8.530470785429825,50
293350,-9.07484219607448,50
293400,-8.520057554042868,50
293450,-9.295873453661358,50
293500,-5.274492532217183,50
293550,-5.405612178399189,50
293600,-9.119397857556848,50
293650,-5.545771103285961,50
293700,-10.847279339870868,50
293750,-7.490564514311957,50
293800,-6.324560779649976,50
293850,-6.288230357641307,50
293900,-5.849887737959261,50
293950,-10.937917866836154,50
294000,-8.267115605931002,50
294050,-4.49220263259195,50
294100,-5.7693016009163625,50
294150,-5.908193384356729,50
294200,-10.026417069916729,50
294250,-5.410414450465195,50
294300,-7.233652050052503,50
294350,-7.213617625389832,50
294400,-7.373721252758848,50
294450,-7.619794764913483,50
294500,-5.327069047608469,50
294550,-5.992068989385237,50
294600,-14.571789658353104,50
294650,-9.844093679544137,50
294700,-10.02937094272912,50
294750,-9.762395416527188,50
294800,-5.082361782325045,50
294850,-6.264025765066072,50
294900,-12.456939911011998,50
294950,-9.24036918071239,50
295000,-4.11502828276909,50
295050,-6.19650344501696,50
295100,-9.217762870586842,50
295150,-10.186328370520503,50
295200,-8.943211448211423,50
295250,-8.693905187515037,50
295300,-9.822048794071753,50
295350,-5.81375652307575,50
295400,-9.514892022142138,50
295450,-4.120239265125265,50
295500,-6.087484617247635,50
295550,-8.049823029198777,50
295600,-8.284638036057874,50
295650,-12.471205051163794,50
295700,-5.256404318826077,50
295750,-4.209541139006292,50
295800,-8.541759324210966,50
295850,-10.934662392220245,50
295900,-8.743977659908676,50
295950,-8.295476373592217,50
296000,-8.006701267416519,50
296050,-4.851605254975837,50
296100,-8.24796958297746,50
296150,-10.138589991730928,50
296200,-6.719367217623583,50
296250,-12.08708998631424,50
296300,-6.797325199828534,50
296350,-3.2151041659179085,50
296400,-9.788224329767768,50
296450,-7.513832895525516,50
296500,-5.210348936640139,50
296550,-4.526294410887913,50
296600,-6.630861875760273,50
296650,-12.230393701743289,50
296700,-12.213871934732815,50
296750,-6.748767764538955,50
296800,-5.942277220375346,50
296850,-9.137682476674147,50
296900,-8.086880627548496,50
296950,-3.3558456981557034,50
297000,-6.995140321494743,50
297050,-8.730534113640374,50
297100,-9.349602914219746,50
297150,-6.136069847961124,50
297200,-6.5853036422788325,50
297250,-7.769329795060005,50
297300,-7.865156206922581,50
297350,-5.2058461752595395,50
297400,-7.716758011783876,50
297450,-4.666801881908583,50
297500,-12.922986591327975,50
297550,-8.257022250507884,50
297600,-8.814565569800054,50
297650,-8.081160402699995,50
297700,-7.571147911491752,50
297750,-8.51156973691417,50
297800,-2.8687296996535787,50
297850,-8.554206215539628,50
297900,-4.121714922373126,50
297950,-8.873023504732092,50
298000,-7.590618098982583,50
298050,-7.3932281594162985,50
298100,-12.375288611510523,50
298150,-9.121812793367281,50
298200,-12.148409142998057,50
298250,-4.849508427203932,50
298300,-10.328308430979353,50
298350,-7.539960775863263,50
298400,-6.716794686848721,50
298450,-4.174907383134596,50
298500,-7.257028133485184,50
298550,-8.731255196072922,50
298600,-8.900734542692616,50
298650,-9.894849746762619,50
298700,-7.966689367552824,50
298750,-6.495024900689289,50
298800,-6.9417060249883535,50
298850,-8.239939815220412,50
298900,-3.472559019175359,50
298950,-5.747507486425005,50
299000,-6.602556725921813,50
299050,-3.3933954316716806,50
299100,-3.8772228249467062,50
299150,-7.1799251122084735,50
299200,-11.167227328732285,50
299250,-9.492652838062337,50
299300,-6.833694798482221,50
299350,-5.179094995976996,50
299400,-5.630137034147854,50
299450,-9.540007467711296,50
299500,-7.251179056821077,50
299550,-2.6117395203316964,50
299600,-3.9064036469118246,50
299650,-11.0907445582933,50
299700,-2.3764990739429477,50
299750,-9.478672467330176,50
299800,-4.626097638422957,50
299850,-6.748694032520542,50
299900,-11.04673853503666,50
299950,-3.895538364760481,50
300000,-3.8305131434109754,50
300050,-10.154009062446015,50
300100,-8.704005505429802,50
300150,-10.610518792988627,50
300200,-6.047452421994501,50
300250,-3.931331867343199,50
300300,-13.593867211627042,50
300350,-9.732419082115909,50
300400,-12.223688584086629,50
300450,-9.516146937710632,50
300500,-7.196014806894776,50
300550,-10.508265664946377,50
300600,-3.937481973234667,50
300650,-8.721877982188678,50
300700,-7.818636235259882,50
300750,-6.130896338237714,50
300800,-7.913590185630026,50
300850,-7.789691161918758,50
300900,-7.191003897292595,50
300950,-5.908625988907338,50
301000,-7.494971705405287,50
301050,-4.212733861190855,50
301100,-8.338869378092479,50
301150,-6.181317202282348,50
301200,-6.457375864125921,50
301250,-3.4692352588205,50
301300,-10.255301237386183,50
301350,-7.854191060552619,50
301400,-6.659361365818093,50
301450,-6.958335508779625,50
301500,-10.431736729523022,50
301550,-8.544220355135298,50
301600,-8.411339584089239,50
301650,-5.71585680250713,50
301700,-5.577579120983537,50
301750,-10.157213783746462,50
301800,-5.947401413714277,50
301850,-3.233668564822461,50
301900,-8.84190397643632,50
301950,-4.222086182702702,50
302000,-6.954408256165407,50
302050,-6.30276099854383,50
302100,-9.660280487915866,50
302150,-6.715851020566777,50
302200,-7.9089000921334325,50
302250,-5.449314739563177,50
302300,-9.007766418696415,50
302350,-7.777471908610025,50
302400,-6.215761121690096,50
302450,-11.185546214725619,50
302500,-5.787400557935343,50
302550,-5.421022789884069,50
302600,-8.815462399531413,50
302650,-7.352128777994467,50
302700,-10.554817929433186,50
302750,-3.601220636442438,50
302800,-2.811800079137927,50
302850,-10.14383734972959,50
302900,-10.426491755890888,50
302950,-11.312797201477304,50
303000,-3.5658409027902693,50
303050,-5.1039935429463075,50
303100,-3.866805210115479,50
303150,-3.4092062942413324,50
303200,-3.5751073192900793,50
303250,-8.65161688863057,50
303300,-9.970054872402974,50
303350,-8.676277148376837,50
303400,-4.020478592110609,50
303450,-5.333262959046003,50
303500,-10.276826831524996,50
303550,-11.433792359912383,50
303600,-8.90071512563279,50
303650,-9.934261113799087,50
303700,-5.276479458363042,50
303750,-8.263599530525964,50
303800,-11.227316547626478,50
303850,-8.469870614802131,50
303900,-10.946077861052729,50
303950,-11.124940039225212,50
304000,-6.829477866642135,50
304050,-10.054969817695527,50
304100,-7.677442030735112,50
304150,-10.050681885012407,50
304200,-4.613169759783422,50
304250,-4.390223335714948,50
304300,-9.31836255263027,50
304350,-3.858839779887238,50
304400,-8.263772668703153,50
304450,-8.60132327455084,50
304500,-9.291995378818793,50
304550,-10.39591663644478,50
304600,-2.4700914263743,50
304650,-2.743618917047653,50
304700,-9.339455345069593,50
304750,-9.220597491592452,50
304800,-6.3658272926269035,50
304850,-4.043059930562482,50
304900,-7.897561071545491,50
304950,-7.984166429171152,50
305000,-3.7374177138969693,50
305050,-11.229336216275023,50
305100,-10.191669904422644,50
305150,-6.783980485680196,50
305200,-3.4081520345167404,50
305250,-8.459988409411634,50
305300,-4.181067082606902,50
305350,-9.580513716603267,50
305400,-6.058617109625381,50
305450,-9.24787154715152,50
305500,-11.25621743939037,50
305550,-13.221388814933162,50
305600,-10.25102319864628,50
305650,-8.257777983507076,50
305700,-4.115375703341262,50
305750,-2.634955318791483,50
305800,-7.803628171221436,50
305850,-7.969340508098146,50
305900,-4.924196674967352,50
305950,-3.2783699314695935,50
306000,-9.34040672233136,50
306050,-8.90905680016001,50
306100,-2.829618267173072,50
306150,-4.373464805140493,50
306200,-10.405603908686828,50
306250,-9.363471682417856,50
306300,-7.413930676452139,50
306350,-10.887555741031651,50
306400,-7.161791277659565,50
306450,-10.899709370491744,50
306500,-8.894879069780467,50
306550,-6.587808632305033,50
306600,-4.538998545093605,50
306650,-8.574301813070376,50
306700,-7.702785899938989,50
306750,-9.375865963938269,50
306800,-10.60916029300818,50
306850,-10.437812984140189,50
306900,-9.831342409301,50
306950,-7.9891429648312275,50
307000,-6.486407824540692,50
307050,-7.776048412821934,50
307100,-9.885661700141155,50
307150,-8.985068932997095,50
307200,-9.013672789587016,50
307250,-4.641583097746664,50
307300,-9.766591585562335,50
307350,-7.671913182721049,50
307400,-5.679079232980015,50
307450,-7.157673162143884,50
307500,-9.193741973354852,50
307550,-9.22614222784669,50
307600,-11.65075428423289,50
307650,-10.137180193570163,50
307700,-7.882246129241976,50
307750,-8.588068863139824,50
307800,-11.00242677282418,50
307850,-10.979186397619795,50
307900,-9.342376976817047,50
307950,-6.302454898171377,50
308000,-9.465342393216456,50
308050,-5.6467997290178715,50
308100,-5.594698782064841,50
308150,-9.950598048993726,50
308200,-10.456784603047012,50
308250,-3.7125691423518146,50
308300,-10.27319194179139,50
308350,-5.947945972669835,50
308400,-8.193868267187257,50
308450,-2.2618923956266923,50
308500,-4.861810490796911,50
308550,-2.1975972540660287,50
308600,-6.045508518457436,50
308650,-4.6673631665625175,50
308700,-6.285068226206232,50
308750,-4.37744622920924,50
308800,-9.521498306900153,50
308850,-7.1735236069213775,50
308900,-8.28347144303037,50
308950,-8.654978130412605,50
309000,-12.60788415035386,50
309050,-8.164774097626243,50
309100,-6.808943403228129,50
309150,-4.634944799349622,50
309200,-3.1478466193447288,50
309250,-6.465594486940969,50
309300,-7.523029215747496,50
309350,-5.279582753476686,50
309400,-9.846543671159296,50
309450,-9.708725054625758,50
309500,-8.194741839596297,50
309550,-6.425362206220812,50
309600,-6.323819673493613,50
309650,-4.861816646142092,50
309700,-4.422349515486583,50
309750,-9.055863949997633,50
309800,-3.480923595923077,50
309850,-3.6652479204282895,50
309900,-5.982858070891956,50
309950,-9.952566426661516,50
310000,-7.335654238719649,50
310050,-3.2018506163999243,50
310100,-2.923816859550258,50
310150,-7.8064487471727695,50
310200,-10.381436425967927,50
310250,-13.395551043811281,50
310300,-9.704079528832047,50
310350,-9.635686533966991,50
310400,-4.468940245311769,50
310450,-6.060112499301889,50
310500,-14.128995527265843,50
310550,-13.443861716877766,50
310600,-9.670062571252304,50
310650,-8.87805119294996,50
310700,-11.126311985083001,50
310750,-7.461479015505301,50
310800,-7.429904322467527,50
310850,-10.144778744253298,50
310900,-9.326443450413,50
310950,-7.600917016806287,50
311000,-5.612068659137004,50
311050,-7.892190841104251,50
311100,-7.1558759101224725,50
311150,-9.867617738613953,50
311200,-11.239912713633583,50
311250,-10.791422723877698,50
311300,-7.496767738065466,50
311350,-4.46319036696871,50
311400,-8.090716536292925,50
311450,-12.436027830945301,50
311500,-8.380414015719689,50
311550,-7.896926679970043,50
311600,-2.5481943368356106,50
311650,-6.554860100391807,50
311700,-5.376497798697928,50
311750,-3.5524525771844058,50
311800,-5.152901827072302,50
311850,-10.289064497320773,50
311900,-3.983001033678677,50
311950,-5.32430945215722,50
312000,-9.49612347011059,50
312050,-6.767570710798441,50
312100,-10.407553423043012,50
312150,-6.743233653366166,50
312200,-5.776756107883393,50
312250,-7.471380253660403,50
312300,-10.0630786283306,50
312350,-11.406364775179208,50
312400,-10.89704489068144,50
312450,-5.077620864566966,50
312500,-7.068483329688518,50
312550,-7.47231754483074,50
312600,-7.583238727324096,50
312650,-9.918192823969465,50
312700,-7.511610169495569,50
312750,-10.450552255652198,50
312800,-12.194103448036373,50
312850,-7.970763144152907,50
312900,-7.120668110593687,50
312950,-6.313158919617738,50
313000,-8.506801499372544,50
313050,-9.543837065418682,50
313100,-10.020787298964414,50
313150,-9.64132852258521,50
313200,-5.926063718429943,50
313250,-6.704442575443655,50
313300,-5.057483726708456,50
313350,-4.37271947514104,50
313400,-9.840288696113122,50
313450,-3.934461245557134,50
313500,-9.577409961964596,50
313550,-9.620159804848564,50
313600,-6.439338961247208,50
313650,-7.159514585146177,50
313700,-9.42988800977769,50
313750,-7.172134812415148,50
313800,-4.824692234899328,50
313850,-2.8799406723795515,50
313900,-6.54326563468083,50
313950,-7.215511431679371,50
314000,-3.2835531879268003,50
314050,-6.571430503297473,50
314100,-5.143441791770152,50
314150,-10.377688528218592,50
314200,-6.408311045035466,50
314250,-10.475290296363719,50
314300,-5.80296229657806,50
314350,-6.976861687607523,50
314400,-8.825983829603238,50
314450,-10.129676054151865,50
314500,-9.422890458147705,50
314550,-7.13752789918637,50
314600,-12.075391924692228,50
314650,-7.041032298622735,50
314700,-10.42835704040436,50
314750,-9.932434244360856,50
314800,-8.045236950779868,50
314850,-3.5755492869262917,50
314900,-6.9227649695710305,50
314950,-7.486248346828204,50
315000,-8.533770425161928,50
315050,-3.461358997697448,50
315100,-6.701007619514303,50
315150,-7.358019489125546,50
315200,-7.967096037314144,50
315250,-9.073462146738612,50
315300,-7.573089887864901,50
315350,-10.747152143257907,50
315400,-5.92811279684343,50
315450,-7.609868982364884,50
315500,-6.135245504216458,50
315550,-5.902751039599669,50
315600,-10.219538487628054,50
315650,-12.0135668085093,50
315700,-7.650283320015956,50
315750,-10.205270183050416,50
315800,-11.504918806438212,50
315850,-7.549136960319405,50
315900,-12.285888821891708,50
315950,-3.2052408255788043,50
316000,-12.623373559386323,50
316050,-3.7544975975041672,50
316100,-3.974605565307804,50
316150,-6.263322632602621,50
316200,-5.486658456434392,50
316250,-2.707709045045507,50
316300,-4.057877449133115,50
316350,-7.148864764176593,50
316400,-7.706198741089203,50
316450,-6.298562299318912,50
316500,-6.512643315139023,50
316550,-8.954261109172302,50
316600,-7.427625995033342,50
316650,-3.787299692402227,50
316700,-10.503703674749454,50
316750,-6.946704534823166,50
316800,-9.718641367394829,50
316850,-8.119108003072503,50
316900,-6.896079042876571,50
316950,-3.4093237183514518,50
317000,-5.237443019462974,50
317050,-10.66305234698251,50
317100,-4.316195395264984,50
317150,-4.091780471792906,50
317200,-9.38203135576856,50
317250,-10.438265441742287,50
317300,-8.845371132122507,50
317350,-5.178682309705213,50
317400,-3.763851133205364,50
317450,-6.526088591672145,50
317500,-6.9318881273025745,50
317550,-12.144833095493162,50
317600,-3.2434330067293273,50
317650,-9.52351107590876,50
317700,-8.861445076229723,50
317750,-3.996551052157708,50
317800,-3.328434520071378,50
317850,-5.712711904990459,50
317900,-4.028471079256291,50
317950,-9.973518259441084,50
318000,-6.832997742815343,50
318050,-10.336730808167351,50
318100,-6.233063128597408,50
318150,-7.646022053123002,50
318200,-6.733134503848114,50
318250,-5.749179941807716,50
318300,-9.67148212294031,50
318350,-8.400647633249639,50
318400,-7.441915377722292,50
318450,-9.379913221317677,50
318500,-12.702046261860248,50
318550,-9.060857609818314,50
318600,-5.9810698808167695,50
318650,-7.63023032912118,50
318700,-12.703948680837177,50
318750,-12.58472572701779,50
318800,-6.1317186424320145,50
318850,-3.6423144731165658,50
318900,-9.455164327596796,50
318950,-5.54395676929239,50
319000,-9.680944216568326,50
319050,-7.2405303581955165,50
319100,-6.593277618770865,50
319150,-10.124466671387713,50
319200,-13.095272163567254,50
319250,-5.45671726361178,50
319300,-8.116343810246619,50
319350,-11.430034137223473,50
319400,-9.370152771205815,50
319450,-5.7075263719940414,50
319500,-8.108986380004142,50
319550,-3.921755113774432,50
319600,-6.316662258612933,50
319650,-8.94478909576189,50
319700,-13.54857184455085,50
319750,-5.09951676664984,50
319800,-5.457302751709895,50
319850,-7.733396593071978,50
319900,-2.381377631933661,50
319950,-2.505201073155497,50
320000,-4.7435552853375,50
320050,-5.097595259308982,50
320100,-9.436694717307246,50
320150,-6.73051467241037,50
320200,-8.062438467514795,50
320250,-5.720311226445282,50
320300,-8.32115383170271,50
320350,-11.947523161847768,50
320400,-6.276945886370944,50
320450,-8.34460068511737,50
320500,-6.808014010213713,50
320550,-7.8153224067901,50
320600,-5.272760743171999,50
320650,-7.401495150489615,50
320700,-7.4938502902205695,50
320750,-5.871266146323503,50
320800,-6.324572733690045,50
320850,-7.116474000610835,50
320900,-2.4289546553590164,50
320950,-8.072403190485392,50
321000,-7.2313074681413125,50
321050,-12.633202363904955,50
321100,-8.8397745844469,50
321150,-5.3593914006944425,50
321200,-11.260807311066872,50
321250,-4.486861005206683,50
321300,-9.50626870888703,50
321350,-6.0905795681815995,50
321400,-8.032985664193868,50
321450,-4.095521289337852,50
321500,-8.852745457117438,50
321550,-6.2402149806707,50
321600,-8.894416546390637,50
321650,-7.247169509499213,50
321700,-4.96111075975762,50
321750,-5.414173548177534,50
321800,-8.186781802140102,50
321850,-9.025820743842994,50
321900,-9.00199666085815,50
321950,-9.273530909323327,50
322000,-7.767970143232126,50
322050,-4.2852341602035775,50
322100,-7.3610282448217195,50
322150,-4.123069498330968,50
322200,-7.028564905522602,50
322250,-10.190539641031608,50
322300,-7.287693862105994,50
322350,-11.0458583719718,50
322400,-5.686100492281398,50
322450,-8.132966954295846,50
322500,-12.37286231513798,50
322550,-3.4801561473864417,50
322600,-7.897060401121955,50
322650,-8.204881025358178,50
322700,-6.606588715173647,50
322750,-9.867846941586956,50
322800,-5.164736427304907,50
322850,-7.701720671591932,50
322900,-9.056605016394167,50
322950,-4.251044354702568,50
323000,-6.1735470605730205,50
323050,-9.121601499746273,50
323100,-6.128020880527772,50
323150,-9.746054913631474,50
323200,-4.8035616554509915,50
323250,-10.227507017311599,50
323300,-12.153998808236157,50
323350,-8.91671329581331,50
323400,-7.603082209668844,50
323450,-2.856168063795813,50
323500,-8.671141404635431,50
323550,-7.455752070108984,50
323600,-5.711788536569942,50
323650,-9.267432807309849,50
323700,-6.912139489709764,50
323750,-5.581417662103289,50
323800,-8.272114910125172,50
323850,-7.001813222613833,50
323900,-3.2756361018089386,50
323950,-8.100149383993102,50
324000,-4.937057004202826,50
324050,-9.741325307275385,50
324100,-9.122882356448306,50
324150,-5.698563016184857,50
324200,-7.36620064007955,50
324250,-6.2625996040930225,50
324300,-11.30698883872716,50
324350,-4.278684675838864,50
324400,-10.062938364336798,50
324450,-5.981567309140644,50
324500,-5.738418431882743,50
324550,-6.555315538973267,50
324600,-10.446756262672961,50
324650,-5.327597772098986,50
324700,-3.9956623597392484,50
324750,-6.84626385112096,50
324800,-11.572685081056898,50
324850,-3.691640346119103,50
324900,-8.571196628324545,50
324950,-5.500196359107224,50
325000,-6.235376832535756,50
325050,-7.9490241602252025,50
325100,-8.519851094343828,50
325150,-9.324080518135913,50
325200,-7.123309179515053,50
325250,-7.828810307904294,50
325300,-8.09457697399677,50
325350,-2.877707695233414,50
325400,-7.860638423561126,50
325450,-10.24803442014679,50
325500,-8.567060821029326,50
325550,-10.273477738066264,50
325600,-9.696786566245002,50
325650,-7.619934114285341,50
325700,-9.21402107367428,50
325750,-8.376002463042514,50
325800,-9.800348044997818,50
325850,-9.51521633914186,50
325900,-8.152846605636203,50
325950,-7.929021220672551,50
326000,-5.505141156903156,50
326050,-4.045336773916655,50
326100,-10.732351768743314,50
326150,-5.450500563619272,50
326200,-9.475339068746736,50
326250,-5.142948396840781,50
326300,-7.615222446585934,50
326350,-6.514965558154069,50
326400,-2.9602542029213885,50
326450,-6.5989342669184765,50
326500,-8.291886032887206,50
326550,-3.1739991602064643,50
326600,-10.509975480497815,50
326650,-8.122230570527808,50
326700,-5.214971184324531,50
326750,-6.43074754447493,50
326800,-11.231192758017853,50
326850,-5.789147506962752,50
326900,-9.553837965958591,50
326950,-8.292943669023346,50
327000,-7.50246813934186,50
327050,-6.751413603703464,50
327100,-11.065992262102744,50
327150,-8.951165389926143,50
327200,-4.355194919784668,50
327250,-11.3837408961712,50
327300,-4.334068710803718,50
327350,-6.010426772757247,50
327400,-3.4926501709681954,50
327450,-13.652231340641109,50
327500,-3.3271148556734,50
327550,-7.691020011466881,50
327600,-10.355187977715065,50
327650,-9.545260921125406,50
327700,-10.60743142882883,50
327750,-5.06868600133577,50
327800,-4.232024840320766,50
327850,-2.248469833229214,50
327900,-7.979653588195426,50
327950,-11.59351548849489,50
328000,-2.1517817699481276,50
328050,-3.4023728978708716,50
328100,-5.506890866675349,50
328150,-9.040528079897094,50
328200,-8.896817055645041,50
328250,-6.420735604941974,50
328300,-3.0456957167949184,50
328350,-8.412324774215438,50
328400,-6.825928864139721,50
328450,-10.255582806975324,50
328500,-6.492796538918357,50
328550,-9.449526777439255,50
328600,-7.850474375914441,50
328650,-6.76390958992267,50
328700,-5.947225122472865,50
328750,-5.646116175633551,50
328800,-8.30695023967624,50
328850,-12.982462570734743,50
328900,-7.703328418154118,50
328950,-10.737700501559544,50
329000,-12.111483743461,50
329050,-11.59732397768913,50
329100,-7.676516772664658,50
329150,-3.7339483433406593,50
329200,-5.436592817876999,50
329250,-7.074317859436735,50
329300,-5.419882524738789,50
329350,-5.599903733241355,50
329400,-8.304796149716992,50
329450,-8.458006691631574,50
329500,-8.615301989475109,50
329550,-8.794966965836911,50
329600,-6.406611187986681,50
329650,-2.6315989349699094,50
329700,-6.676487667265142,50
329750,-2.7375924890372194,50
329800,-5.245700878662429,50
329850,-5.891796195125595,50
329900,-10.272992285270687,50
329950,-11.549036807650483,50
330000,-3.8763495454638908,50
330050,-8.573839453619431,50
330100,-3.3033670042189964,50
330150,-6.7882793702963315,50
330200,-10.439086463706404,50
330250,-8.340263438883403,50
330300,-7.348239741654161,50
330350,-9.319999264977602,50
330400,-8.370034971374361,50
330450,-4.978658930843464,50
330500,-2.6664624807552695,50
330550,-8.79680430039582,50
330600,-6.640959963744433,50
330650,-3.547216124598681,50
330700,-6.479297126017013,50
330750,-5.669603480608269,50
330800,-7.535877252739159,50
330850,-8.335342305965648,50
330900,-13.18394494775609,50
330950,-2.3521571271794803,50
331000,-2.4055041468198395,50
331050,-6.884609467420094,50
331100,-7.726075902494405,50
331150,-7.520128020161698,50
331200,-9.676430946725725,50
331250,-9.068338623462145,50
331300,-5.322232784737553,50
331350,-5.20989597198314,50
331400,-2.5779715200726305,50
331450,-6.569233892889786,50
331500,-6.742896611508157,50
331550,-8.778750075453152,50
331600,-10.092316538982681,50
331650,-7.568501964248947,50
331700,-4.833710515214242,50
331750,-7.332176062827986,50
331800,-9.076830789835896,50
331850,-13.358464938397978,50
331900,-12.006373445365377,50
331950,-5.300800947475993,50
332000,-4.357130715970299,50
332050,-7.564584632289108,50
332100,-10.800247989086927,50
332150,-7.730031710735857,50
332200,-13.159984505805024,50
332250,-8.95263305020713,50
332300,-7.7377397609917615,50
332350,-2.9409973698310887,50
332400,-11.401119974568562,50
332450,-7.192685261981587,50
332500,-3.7652994351706264,50
332550,-5.558863558834547,50
332600,-8.2304236450399,50
332650,-13.243269730018218,50
332700,-10.366717173795701,50
332750,-5.367212844870085,50
332800,-6.185379567853801,50
332850,-3.664484368600873,50
332900,-2.88460695251404,50
332950,-5.454363578964486,50
333000,-10.92456030901806,50
333050,-3.7030301991685355,50
333100,-8.311748638650704,50
333150,-6.490960920134583,50
333200,-7.470033761031635,50
333250,-9.437856264336906,50
333300,-8.450568631419134,50
333350,-5.8897248492361145,50
333400,-11.611669525394475,50
333450,-10.242530389832725,50
333500,-9.740196852988642,50
333550,-4.949199223529617,50
333600,-7.925955456932604,50
333650,-7.011657515390234,50
333700,-8.802879301639063,50
333750,-5.937686171550695,50
333800,-3.9737220683821493,50
333850,-5.7070348759798275,50
333900,-4.806067538848231,50
333950,-12.92326079051384,50
334000,-8.723143743867595,50
334050,-3.9260296884457446,50
334100,-3.8040538708219973,50
334150,-2.232440001890129,50
334200,-7.606444908616867,50
334250,-10.362899096568643,50
334300,-2.5017652847879255,50
334350,-3.255670234977085,50
334400,-7.204679334726537,50
334450,-7.770857694047322,50
334500,-7.486387874907679,50
334550,-9.458985675883323,50
334600,-7.7066761798132335,50
334650,-5.661791472142464,50
334700,-8.156857449361885,50
334750,-4.712904582128219,50
334800,-3.402937150906944,50
334850,-7.422924577434633,50
334900,-2.5731438783622207,50
334950,-9.707055570140616,50
335000,-7.719024343528465,50
335050,-6.400899127214249,50
335100,-8.850342901679447,50
335150,-12.210509690090705,50
335200,-3.3618174695274,50
335250,-5.975109575405557,50
335300,-5.584110455553466,50
335350,-9.83034409159385,50
335400,-9.752244570043953,50
335450,-9.05640538559133,50
335500,-3.7195048541305322,50
335550,-5.970954592966706,50
335600,-5.647398852352045,50
335650,-7.537336175310774,50
335700,-8.584609355222309,50
335750,-10.832496140700318,50
335800,-10.637652111104568,50
335850,-7.125647756953657,50
335900,-10.380182987394255,50
335950,-3.2170073314562893,50
336000,-2.6813666968667254,50
336050,-7.4927998257605894,50
336100,-7.634483034041204,50
336150,-5.8217035727032,50
336200,-5.987443176950818,50
336250,-11.058661791198999,50
336300,-2.914781199254917,50
336350,-6.173877663888595,50
336400,-6.817566325374199,50
336450,-3.577579057449917,50
336500,-3.1999533586651947,50
336550,-7.462350878375822,50
336600,-4.189221072157538,50
336650,-6.556529624678661,50
336700,-10.471246483375323,50
336750,-8.61598316990968,50
336800,-4.771848536851323,50
336850,-3.5782949433889755,50
336900,-9.416572609710851,50
336950,-6.298274115659716,50
337000,-3.1265696912494474,50
337050,-8.025316726186388,50
337100,-7.606021737597829,50
337150,-8.80315717401256,50
337200,-5.513776802119014,50
337250,-11.850652829536235,50
337300,-5.390080253537047,50
337350,-10.151103456298458,50
337400,-7.312339824317162,50
337450,-5.342933529235951,50
337500,-4.510929549545192,50
337550,-6.508645305998694,50
337600,-4.8000309806618535,50
337650,-5.5741741073381315,50
337700,-3.6460858814278443,50
337750,-6.0720029073503285,50
337800,-5.468677880520905,50
337850,-12.14608958988892,50
337900,-7.902636643883099,50
337950,-10.201750735620887,50
338000,-5.95907958975442,50
338050,-3.2384155975516262,50
338100,-6.175893377682376,50
338150,-3.047411287660364,50
338200,-8.849292016834974,50
338250,-6.947173980843933,50
338300,-7.6627014976886505,50
338350,-7.818877669092608,50
338400,-5.2501500858654016,50
338450,-7.666075014643668,50
338500,-7.476324726324736,50
338550,-5.629303628185466,50
338600,-5.839341048013729,50
338650,-10.007583982518623,50
338700,-8.501161591626595,50
338750,-9.96364868319471,50
338800,-4.599658735452142,50
338850,-6.250051605827856,50
338900,-5.695528930240126,50
338950,-8.663523238996587,50
339000,-3.145546836746023,50
339050,-6.519862362197357,50
339100,-5.418339724627022,50
339150,-4.695723883340176,50
339200,-13.39410649357642,50
339250,-7.127440107034606,50
339300,-8.945776552968091,50
339350,-8.251051341285361,50
339400,-8.978375430712756,50
339450,-8.130203921452036,50
339500,-6.412149904006682,50
339550,-5.875483705565953,50
339600,-10.674846623442834,50
339650,-6.924452293871381,50
339700,-13.416534432298926,50
339750,-10.640864468893376,50
339800,-6.003717782350625,50
339850,-8.905250642697862,50
339900,-4.495627601902541,50
339950,-9.082673095886243,50
340000,-9.266784528283036,50
340050,-5.248031781550784,50
340100,-8.713408181889221,50
340150,-3.8312304163442517,50
340200,-11.785213765088308,50
340250,-5.550347648808883,50
340300,-4.822785343772211,50
340350,-6.605819441316734,50
340400,-6.2138493275680915,50
340450,-4.048702279406948,50
340500,-7.3558234082875105,50
340550,-7.712968988287344,50
340600,-7.197089916934328,50
340650,-3.6675600734772824,50
340700,-7.345648563103562,50
340750,-14.003081356749098,50
340800,-5.031899068864017,50
340850,-3.7130476234747807,50
340900,-7.209453716642595,50
340950,-11.038285871030622,50
341000,-7.142010294237913,50
341050,-6.902893148957842,50
341100,-6.027940097548807,50
341150,-10.133137190959946,50
341200,-7.588742699618444,50
341250,-7.699669702366992,50
341300,-6.527623777370937,50
341350,-3.49034971995684,50
341400,-9.0585778888984,50
341450,-6.230157966039498,50
341500,-11.939996364579029,50
341550,-4.419474584432688,50
341600,-10.357937926298005,50
341650,-6.937188723073838,50
341700,-8.152275418489774,50
341750,-5.870140015972725,50
341800,-7.889026697625613,50
341850,-7.733883879185023,50
341900,-7.43638726086768,50
341950,-8.601031413257623,50
342000,-7.7714753222783095,50
342050,-2.4354024727297494,50
342100,-7.054068236562267,50
342150,-8.363504463882979,50
342200,-5.168321007453245,50
342250,-5.224570233461839,50
342300,-3.855225200332652,50
342350,-8.838236046882466,50
342400,-6.959730027357869,50
342450,-4.503629593896504,50
342500,-10.691377106065817,50
342550,-8.260199784903621,50
342600,-7.099562941989147,50
342650,-5.270923776688306,50
342700,-5.447707687027446,50
342750,-8.322198473034087,50
342800,-14.394780589698735,50
342850,-14.411526418146213,50
342900,-9.208109379275854,50
342950,-2.494525022560628,50
343000,-2.997200317010083,50
343050,-7.617021652023622,50
343100,-8.305089752396661,50
343150,-8.832301404403555,50
343200,-6.249774015423676,50
343250,-10.365819379933116,50
343300,-6.84057312267269,50
343350,-3.06742507910741,50
343400,-9.340935482497166,50
343450,-5.590203261888417,50
343500,-6.252282285747963,50
343550,-11.598934182607657,50
343600,-5.943855923716389,50
343650,-4.95099564775898,50
343700,-2.6218917909099853,50
343750,-6.8235095715608125,50
343800,-14.015541511321993,50
343850,-8.676724551025996,50
343900,-8.99020697773327,50
343950,-5.748750762339863,50
344000,-2.6027553880388705,50
344050,-9.693336467226436,50
344100,-8.027826469576555,50
344150,-7.128465478100454,50
344200,-13.123153251192436,50
344250,-11.796180887548816,50
344300,-2.424280622602347,50
344350,-4.719415073506678,50
344400,-4.538592614696802,50
344450,-4.130183549385398,50
344500,-10.72257313434449,50
344550,-11.761229687559632,50
344600,-7.213294730861601,50
344650,-7.258088496849235,50
344700,-7.023889944266699,50
344750,-6.846795465242568,50
344800,-8.93773733357073,50
344850,-4.570170777240596,50
344900,-6.09022826062838,50
344950,-2.4632047870480465,50
345000,-5.3366547028847755,50
345050,-7.559000804644254,50
345100,-5.256199997903506,50
345150,-7.068792514977188,50
345200,-5.538498270977941,50
345250,-9.114816176199914,50
345300,-7.453935585068779,50
345350,-9.515824191040615,50
345400,-4.73730662200691,50
345450,-3.8078442351256383,50
345500,-5.387409406261646,50
345550,-11.268169010276125,50
345600,-7.016409990731966,50
345650,-7.083290928246861,50
345700,-6.6812705036007864,50
345750,-7.13379778311029,50
345800,-3.0218789519631923,50
345850,-7.991322595958515,50
345900,-10.445650130797283,50
345950,-9.091148050367915,50
346000,-9.51819918587367,50
346050,-6.175431115687949,50
346100,-8.098327015285083,50
346150,-8.729659739049005,50
346200,-5.747261450688884,50
346250,-5.9602265525941585,50
346300,-7.00880564615396,50
346350,-8.670645908501331,50
346400,-7.307708525059821,50
346450,-5.787946794211044,50
346500,-9.215783144283934,50
346550,-2.9997958211889286,50
346600,-7.610590532874259,50
346650,-6.909212360016412,50
346700,-6.05617024036072,50
346750,-13.031570854628503,50
346800,-11.131592545237652,50
346850,-5.325197524878242,50
346900,-4.724846811685114,50
346950,-5.972820049487117,50
347000,-6.849150931452219,50
347050,-6.000595588302936,50
347100,-5.9045149164814035,50
347150,-8.55037525205281,50
347200,-7.413714998244548,50
347250,-4.3961065027862505,50
347300,-8.200223937256121,50
347350,-4.672847307817867,50
347400,-8.57059610969362,50
347450,-6.484028935492789,50
347500,-5.410702030196271,50
347550,-3.6546425989676563,50
347600,-5.747196331238422,50
347650,-6.2935438650812285,50
347700,-7.914639340317739,50
347750,-6.39739498293427,50
347800,-10.194110484119284,50
347850,-7.078073438028219,50
347900,-7.9660557040154725,50
347950,-9.181049371119583,50
348000,-8.49743848522489,50
348050,-5.809400962221709,50
348100,-5.2100427030507115,50
348150,-5.700697192957529,50
348200,-9.724073770709538,50
348250,-3.1196608380868085,50
348300,-8.310502665571688,50
348350,-7.665694310538189,50
348400,-5.234722601351124,50
348450,-12.46740628960213,50
348500,-5.8804721023731155,50
348550,-6.407226449082866,50
348600,-8.452472366713057,50
348650,-10.475982059818131,50
348700,-7.102972961617655,50
348750,-8.228415425874786,50
348800,-5.9086484858589845,50
348850,-11.571849597982384,50
348900,-6.34170369863698,50
348950,-5.795509013832821,50
349000,-8.410634183647817,50
349050,-4.956624514030071,50
349100,-6.344844407921461,50
349150,-8.145354579970771,50
349200,-8.709892656624822,50
349250,-6.19363385734474,50
349300,-5.740153022168506,50
349350,-6.183970729431912,50
349400,-6.952153282098249,50
349450,-3.793791302421142,50
349500,-11.665155453912403,50
349550,-7.507106056437605,50
349600,-10.245721147727961,50
349650,-9.342760093271439,50
349700,-8.650930055172362,50
349750,-9.314504701802973,50
349800,-11.064274138010548,50
349850,-12.202895194620579,50
349900,-5.569260337977476,50
349950,-3.630546056967535,50
350000,-8.18588684502563,50
350050,-6.225865183067652,50
350100,-4.006855522772504,50
350150,-9.617965972930444,50
350200,-2.6417658774440644,50
350250,-9.125635923184118,50
350300,-7.287990212168452,50
350350,-6.274797391536427,50
350400,-3.3398907487815452,50
350450,-10.941896603299412,50
350500,-5.985414854851519,50
350550,-2.8281482877261808,50
350600,-3.7287475365844744,50
350650,-2.9567288809244605,50
350700,-11.270107939006262,50
350750,-3.334270741196283,50
350800,-5.601475103608726,50
350850,-11.52855107277306,50
350900,-2.700638836775881,50
350950,-6.706391261210226,50
351000,-4.963528255736038,50
351050,-8.363686686326831,50
351100,-7.387441506006924,50
351150,-6.120885679713296,50
351200,-5.439609041094268,50
351250,-5.394473947910061,50
351300,-4.046265886454222,50
351350,-7.725404440625046,50
351400,-7.967962732123735,50
351450,-7.129943399581796,50
351500,-6.901453096099276,50
351550,-2.90939006827036,50
351600,-5.673436342893867,50
351650,-8.593233769238545,50
351700,-8.574240912366465,50
351750,-7.612782409220501,50
351800,-11.422086789542705,50
351850,-6.848305953939358,50
351900,-8.689479066531808,50
351950,-6.5251843431967576,50
352000,-12.098682515487265,50
352050,-5.78623096284772,50
352100,-6.880159001667041,50
352150,-4.205209373887884,50
352200,-2.876102566532895,50
352250,-8.48600659774855,50
352300,-3.8101718695706235,50
352350,-8.50970027916591,50
352400,-5.2041759176517814,50
352450,-11.001282492264014,50
352500,-6.98727074986457,50
352550,-9.661872180332516,50
352600,-6.229279157919658,50
352650,-8.052187641402591,50
352700,-7.127438843277567,50
352750,-6.556947285468692,50
352800,-7.141653637553591,50
352850,-10.332954415128366,50
352900,-5.5791358805482645,50
352950,-8.773296247925586,50
353000,-7.209541654772855,50
353050,-7.985824531685363,50
353100,-9.916543616842718,50
353150,-11.23881504632292,50
353200,-3.0616218366675065,50
353250,-9.789766195688129,50
353300,-8.794007744062531,50
353350,-5.727549273007381,50
353400,-5.80009734437451,50
353450,-8.237305671949416,50
353500,-6.900554090874827,50
353550,-7.0584824517552915,50
353600,-9.887251606338321,50
353650,-6.588605153193791,50
353700,-7.798001531793044,50
353750,-8.622025240838722,50
353800,-6.789255248349957,50
353850,-7.4046921633217355,50
353900,-5.116949841511287,50
353950,-3.8822843774476006,50
354000,-5.321117905161573,50
354050,-1.8515477026457288,50
354100,-4.828417505660507,50
354150,-7.433126215758203,50
354200,-4.134845586740725,50
354250,-10.162724433204508,50
354300,-7.538563080581599,50
354350,-8.100248071262003,50
354400,-9.756548769371829,50
354450,-8.943128574533096,50
354500,-4.503690402836091,50
354550,-13.531787218866468,50
354600,-10.465981358564418,50
354650,-9.616919774527261,50
354700,-3.499856851911855,50
354750,-8.159227941313342,50
354800,-5.250886020857475,50
354850,-6.820042104357809,50
354900,-6.2124908701160315,50
354950,-9.505577055500492,50
355000,-4.901753184667484,50
355050,-13.024789618758158,50
355100,-12.183322204647931,50
355150,-3.127953495699723,50
355200,-8.541995888708222,50
355250,-5.162589730513004,50
355300,-8.870847806646891,50
355350,-7.7525805357280655,50
355400,-3.278966663411436,50
355450,-7.923052483372433,50
355500,-8.800371672152078,50
355550,-8.211919684804004,50
355600,-3.7334109019805246,50
355650,-3.4225357351021755,50
355700,-10.085024707325603,50
355750,-8.908360654458884,50
355800,-11.466276955072974,50
355850,-8.187046158838758,50
355900,-4.947906338540322,50
355950,-5.38922660608563,50
356000,-3.6894109854819646,50
356050,-10.403419253516162,50
356100,-4.044967709068677,50
356150,-7.047574943726099,50
356200,-6.73299224042337,50
356250,-6.153003222115733,50
356300,-7.123728209838912,50
356350,-6.3340413441290515,50
356400,-6.651760306450031,50
356450,-5.929695394871168,50
356500,-7.186331402275675,50
356550,-9.994352937605683,50
356600,-4.9882757118202345,50
356650,-5.78241769827127,50
356700,-8.896743315785173,50
356750,-7.134525215714485,50
356800,-9.280129415928567,50
356850,-9.368184649617563,50
356900,-6.265007336099107,50
356950,-9.9343394815597,50
357000,-6.1447053237091644,50
357050,-2.9570395493624897,50
357100,-11.798458256706544,50
357150,-5.887951937235397,50
357200,-6.205321232462007,50
357250,-3.380285718096246,50
357300,-2.3203387665735433,50
357350,-9.924525587376978,50
357400,-5.479918967701884,50
357450,-6.763964254215615,50
357500,-3.516506025470224,50
357550,-5.796910555583671,50
357600,-8.577352919816322,50
357650,-2.8469780803282676,50
357700,-2.7260187547808847,50
357750,-4.469599546071614,50
357800,-6.443286643874498,50
357850,-7.465832974805829,50
357900,-8.138634304391008,50
357950,-4.324726058067759,50
358000,-3.805865517656467,50
358050,-4.881665434758365,50
358100,-8.804700172944113,50
358150,-5.327620235267311,50
358200,-11.849335649664999,50
358250,-4.737708184279822,50
358300,-4.514541826679745,50
358350,-10.09051554788979,50
358400,-9.178238760097985,50
358450,-5.156324134021988,50
358500,-9.21341589568621,50
358550,-3.9823932110667997,50
358600,-5.915600118072734,50
358650,-8.017279043848578,50
358700,-3.3650689394363695,50
358750,-5.384766485450545,50
358800,-5.322491923242776,50
358850,-5.09331997278262,50
358900,-8.648086662063882,50
358950,-5.711382237642813,50
359000,-2.7998028556928043,50
359050,-6.7892818583110595,50
359100,-7.2726589464750795,50
359150,-3.426921164466093,50
359200,-8.395491348654925,50
359250,-6.267428645123001,50
359300,-4.740877042453813,50
359350,-6.216060152636239,50
359400,-3.585746991267749,50
359450,-4.3530586112638785,50
359500,-4.961108738678308,50
359550,-6.175742979863325,50
359600,-6.779863970513507,50
359650,-3.73524217692321,50
359700,-4.762737692467657,50
359750,-3.8950099468990382,50
359800,-5.2783871151795285,50
359850,-1.8786339718153797,50
359900,-6.234352131647531,50
359950,-9.144494532392416,50
360000,-10.443549092593088,50
360050,-10.267847553925774,50
360100,-8.172462706502928,50
360150,-8.323351020100208,50
360200,-8.46781981672886,50
360250,-7.6029176064834,50
360300,-10.09428392540546,50
360350,-9.470512649232193,50
360400,-4.935847195831056,50
360450,-7.0917851550628415,50
360500,-6.662179765942177,50
360550,-8.195788681501888,50
360600,-8.222424350197102,50
360650,-6.2760009401281165,50
360700,-4.854281612947361,50
360750,-1.7594731508729737,50
360800,-9.769382987077794,50
360850,-4.218346125794209,50
360900,-9.11748041791995,50
360950,-8.53103813208833,50
361000,-7.8218905243038535,50
361050,-9.072677413324271,50
361100,-7.961123776863854,50
361150,-5.581313416797425,50
361200,-8.89276534891686,50
361250,-7.085392065861012,50
361300,-4.869158102884338,50
361350,-1.73904368308677,50
361400,-8.218986980391731,50
361450,-7.113254526777238,50
361500,-10.58664173744561,50
361550,-1.8005869648875483,50
361600,-11.616866932375174,50
361650,-4.276196261358688,50
361700,-5.512955539865938,50
361750,-4.965013443940376,50
361800,-5.945557562176787,50
361850,-6.104504919332797,50
361900,-10.11061999036223,50
361950,-9.24773468684946,50
362000,-4.92824888707702,50
362050,-2.062820534056991,50
362100,-6.425631019919374,50
362150,-6.606814793672558,50
362200,-8.7247921678863,50
362250,-8.467344313848601,50
362300,-5.653795595787975,50
362350,-2.2979158697003865,50
362400,-5.7743207579591544,50
362450,-8.592772928983266,50
362500,-5.150329674412434,50
362550,-4.310149163837737,50
362600,-2.9228586072062024,50
362650,-8.161306041173688,50
362700,-6.967533195915294,50
362750,-10.122724334132602,50
362800,-7.222554414148538,50
362850,-4.711582720181058,50
362900,-7.66307580165889,50
362950,-7.474201665256648,50
363000,-8.853490766074792,50
363050,-5.387512032585644,50
363100,-6.29614357187056,50
363150,-4.362573341688713,50
363200,-2.837579345880205,50
363250,-6.41216736085879,50
363300,-9.25166142992492,50
363350,-10.834389098003966,50
363400,-6.438094533833264,50
363450,-3.5139593361844654,50
363500,-7.823196847627753,50
363550,-5.709169364544038,50
363600,-8.26490417451036,50
363650,-7.7774861713496515,50
363700,-9.741413264251863,50
363750,-8.329373416274567,50
363800,-6.1881754752264895,50
363850,-7.614405684909841,50
363900,-10.512589302107092,50
363950,-9.139050594790666,50
364000,-4.967243033164133,50
364050,-10.79144264767122,50
364100,-5.797524181832261,50
364150,-5.099732161784784,50
364200,-2.207247184158454,50
364250,-9.989016390494509,50
364300,-5.332949778091323,50
364350,-9.745363059029236,50
364400,-5.270321529494287,50
364450,-8.997704107630787,50
364500,-5.5769029218048844,50
364550,-4.05612385613557,50
364600,-9.386415132505684,50
364650,-4.6158321333811525,50
364700,-9.674838162209335,50
364750,-6.068398355493764,50
364800,-7.013564688519032,50
364850,-8.346376688297667,50
364900,-5.069058076098075,50
364950,-7.444602194251112,50
365000,-2.4445907679191534,50
365050,-4.104232872456853,50
365100,-7.5026578154606005,50
365150,-10.450131069667103,50
365200,-10.71047500590685,50
365250,-10.090875990085689,50
365300,-9.0369609600171,50
365350,-9.976511590547627,50
365400,-5.545338254762562,50
365450,-7.664995781552351,50
365500,-5.000873267399334,50
365550,-7.082272878573151,50
365600,-4.43596790860732,50
365650,-3.1096670215265867,50
365700,-9.813763709729503,50
365750,-8.61185413647152,50
365800,-8.040319534647146,50
365850,-10.970297542302562,50
365900,-5.569492026298521,50
365950,-5.846164343670337,50
366000,-3.9992965190878085,50
366050,-7.355687514808209,50
366100,-6.368106220395424,50
366150,-8.271390066884496,50
366200,-7.769335775151048,50
366250,-11.621565900874291,50
366300,-4.167258074160788,50
366350,-5.550830452545165,50
366400,-1.9403901280366231,50
366450,-6.804719990952376,50
366500,-4.5346063446011025,50
366550,-7.8366477370465875,50
366600,-5.386366597063789,50
366650,-8.00491255763266,50
366700,-3.7667513396028034,50
366750,-8.973112005619768,50
366800,-10.462270857860709,50
366850,-9.748874626478099,50
366900,-8.363556432303106,50
366950,-6.769218247251978,50
367000,-12.061188634626854,50
367050,-9.666599061188707,50
367100,-5.340695012734609,50
367150,-5.3439408212489825,50
367200,-1.5925632253311914,50
367250,-5.95951945972896,50
367300,-5.850543820931827,50
367350,-8.094852945942138,50
367400,-5.346602776797691,50
367450,-3.180202474564663,50
367500,-10.201866692341408,50
367550,-3.977215273166977,50
367600,-8.24059265928738,50
367650,-5.689864979412696,50
367700,-8.87730356095268,50
367750,-6.063186846744073,50
367800,-9.034999215140722,50
367850,-2.708714485041784,50
367900,-8.904492353007793,50
367950,-3.2856102885098757,50
368000,-7.848923346674546,50
368050,-4.122230910687684,50
368100,-5.3720190041146925,50
368150,-7.369154307631708,50
368200,-4.208048756345156,50
368250,-2.5798050272734496,50
368300,-10.66828667753598,50
368350,-3.6510433706271677,50
368400,-10.234664194186186,50
368450,-2.659196998956861,50
368500,-8.123808516876784,50
368550,-5.46922545452226,50
368600,-5.6683931623068915,50
368650,-7.511274570302447,50
368700,-10.48750123396343,50
368750,-6.554976004781784,50
368800,-13.643535732598746,50
368850,-8.50600983237528,50
368900,-11.523083465388607,50
368950,-5.060897247945091,50
369000,-8.689169933245529,50
369050,-5.737063782343204,50
369100,-7.293070531705879,50
369150,-5.847885617717233,50
369200,-9.204310804833764,50
369250,-5.166713096215957,50
369300,-1.3652098595676223,50
369350,-6.048069778590528,50
369400,-6.334264793196289,50
369450,-11.439201608349567,50
369500,-7.04384600417182,50
369550,-8.199351960369105,50
369600,-5.849661475839603,50
369650,-7.084340261505193,50
369700,-6.006844947982373,50
369750,-3.7690705991838134,50
369800,-1.7251073861105517,50
369850,-6.10790433215623,50
369900,-8.886395475797778,50
369950,-3.8676015369635603,50
370000,-8.23722351942511,50
370050,-5.498961885126316,50
370100,-6.486827391331078,50
370150,-4.897683436592497,50
370200,-10.506056256816729,50
370250,-11.942876766980946,50
370300,-10.150512632996156,50
370350,-5.5178530085853685,50
370400,-11.221012344909942,50
370450,-2.3896007013126024,50
370500,-5.641818026874976,50
370550,-6.3016350681593325,50
370600,-1.9507257042425097,50
370650,-5.23241495904479,50
370700,-3.4682930711870537,50
370750,-10.821106379653889,50
370800,-2.218058778481511,50
370850,-7.661617485900015,50
370900,-6.406053837129854,50
370950,-5.624276616968193,50
371000,-4.893990940566938,50
371050,-3.385360805712986,50
371100,-4.512261302838517,50
371150,-4.346258435602204,50
371200,-6.376183144010637,50
371250,-3.968039522531323,50
371300,-2.206450669239786,50
371350,-6.359647395711218,50
371400,-11.504550163291007,50
371450,-10.401739568325073,50
371500,-9.01719489159837,50
371550,-3.7441716081494953,50
371600,-3.0912852160986892,50
371650,-8.464096595002692,50
371700,-4.575005708260953,50
371750,-12.907049948851643,50
371800,-6.291284057796523,50
371850,-7.5480194724781935,50
371900,-2.166527135996009,50
371950,-6.420510813292663,50
372000,-9.95051484575041,50
372050,-2.6581945328860663,50
372100,-4.774200791116092,50
372150,-5.597937206727512,50
372200,-10.449838668459451,50
372250,-8.071181817629201,50
372300,-2.97524196355205,50
372350,-7.167944876833475,50
372400,-4.1224599452007915,50
372450,-9.210337815042383,50
372500,-4.057169142257426,50
372550,-5.322837759095988,50
372600,-8.915762463877932,50
372650,-8.154545918256478,50
372700,-4.682867489071528,50
372750,-9.652020902821636,50
372800,-4.040486806504943,50
372850,-6.175145784327679,50
372900,-10.333061737694685,50
372950,-2.208462816011261,50
373000,-10.207354094163602,50
373050,-11.358983699397445,50
373100,-4.371531691894332,50
373150,-13.993563697762744,50
373200,-10.473627556061142,50
373250,-6.820860966809584,50
373300,-9.519264135371621,50
373350,-7.384439587496519,50
373400,-5.97361970512346,50
373450,-5.513456482762943,50
373500,-9.191030112321172,50
373550,-7.679852619126088,50
373600,-5.240021832525231,50
373650,-6.52679287289652,50
373700,-6.34928545054295,50
373750,-10.43708208754564,50
373800,-3.5001159034126204,50
373850,-3.469148926898607,50
373900,-8.436711461958215,50
373950,-6.494998209744642,50
374000,-6.446088736014508,50
374050,-5.696554130158101,50
374100,-8.66125509648716,50
374150,-8.036256131995833,50
374200,-8.855586686410577,50
374250,-10.070901761570864,50
374300,-12.236211401749918,50
374350,-6.327666451861413,50
374400,-3.4369009198507694,50
374450,-9.956225641099243,50
374500,-4.557706795109769,50
374550,-8.869865272383345,50
374600,-5.5055460662201146,50
374650,-6.062013924258604,50
374700,-7.597870999709713,50
374750,-9.27615786827731,50
374800,-11.365411421591613,50
374850,-7.345500403286416,50
374900,-11.047464974937252,50
374950,-5.37131420143629,50
375000,-7.300851543620074,50
375050,-6.9779951335268855,50
375100,-5.66716443678054,50
375150,-6.820112866806305,50
375200,-7.861737034633879,50
375250,-3.466274779250722,50
375300,-10.387754344111155,50
375350,-10.499552061081909,50
375400,-2.6871393699884605,50
375450,-7.321562803156998,50
375500,-5.291863740242607,50
375550,-2.202281223745631,50
375600,-6.308192236237574,50
375650,-5.609350410673904,50
375700,-5.924737246601809,50
375750,-8.99392991382375,50
375800,-7.778496214925156,50
375850,-8.30692565279379,50
375900,-7.70147941398823,50
375950,-5.651235609365696,50
376000,-9.165434948891406,50
376050,-9.095912821505339,50
376100,-9.077356588145502,50
376150,-7.363855004856281,50
376200,-5.208559654172501,50
376250,-10.866710973381835,50
376300,-5.356969913642168,50
376350,-3.5823085334594644,50
376400,-8.34381437245619,50
376450,-5.866163006788138,50
376500,-7.5998052050262075,50
376550,-8.22579827371589,50
376600,-4.000054531157764,50
376650,-8.870392470629522,50
376700,-5.233930005162653,50
376750,-2.5842126864488475,50
376800,-8.491399578796347,50
376850,-10.124118566604205,50
376900,-7.600774269977959,50
376950,-5.489873093862175,50
377000,-6.25640672974673,50
377050,-5.804865172593491,50
377100,-3.6342024125649033,50
377150,-11.526094934698703,50
377200,-6.114941540114114,50
377250,-7.7794360006348295,50
377300,-3.728759006375439,50
377350,-9.845072128619007,50
377400,-3.293608806328573,50
377450,-12.3902130513229,50
377500,-2.7639032789095794,50
377550,-6.252957190839126,50
377600,-9.341591969666332,50
377650,-7.165922804148816,50
377700,-5.259949818355131,50
377750,-10.427400511247514,50
377800,-4.450730257845295,50
377850,-10.155797790152485,50
377900,-3.0087442715879984,50
377950,-6.775903100230726,50
378000,-8.453553508823804,50
378050,-5.939592234609392,50
378100,-7.7045817178327365,50
378150,-3.7031599955337597,50
378200,-9.87953919416194,50
378250,-8.903792422184024,50
378300,-5.446325017370326,50
378350,-5.740025988972852,50
378400,-6.190447322497146,50
378450,-1.4286452148112911,50
378500,-7.693881847477262,50
378550,-5.712856560345905,50
378600,-10.444275228767472,50
378650,-4.022651949339139,50
378700,-2.6793092215875833,50
378750,-5.099895416570369,50
378800,-6.54444291422039,50
378850,-12.535748985810898,50
378900,-7.182070898479137,50
378950,-2.2465884956634383,50
379000,-8.083749535163006,50
379050,-7.131745135911981,50
379100,-4.238319528575457,50
379150,-10.756096626979923,50
379200,-9.53864800024966,50
379250,-3.098174508583848,50
379300,-11.052167763609107,50
379350,-4.4410895450352275,50
379400,-5.492653357260371,50
379450,-9.75778784153724,50
379500,-5.486587329237465,50
379550,-4.038997670621116,50
379600,-9.459037566573903,50
379650,-9.772016486408512,50
379700,-7.750782165315744,50
379750,-5.453613578954216,50
379800,-5.12274788655541,50
379850,-9.186748576692528,50
379900,-4.936355244535217,50
379950,-1.5151219368028925,50
380000,-5.713430020474093,50
380050,-8.792405912651967,50
380100,-9.681865539613206,50
380150,-6.025842423014836,50
380200,-5.672584117360199,50
380250,-6.586904434221963,50
380300,-6.3173369782815545,50
380350,-5.7767274052170325,50
380400,-7.772062554033575,50
380450,-6.4180567142684675,50
380500,-8.952288755973726,50
380550,-1.3983407417689782,50
380600,-7.942022354015633,50
380650,-4.832040766938597,50
380700,-6.432775521856492,50
380750,-6.907314435575734,50
380800,-6.457288196942684,50
380850,-3.8719076576093188,50
380900,-9.648635583167074,50
380950,-7.761590848710525,50
381000,-4.211869348255838,50
381050,-4.690862122397986,50
381100,-8.82355945020427,50
381150,-6.127001929937156,50
381200,-9.367153663600858,50
381250,-6.664204878220945,50
381300,-4.528337114951822,50
381350,-7.8823080959102745,50
381400,-3.1989857800721833,50
381450,-7.63966599521617,50
381500,-6.315222956811265,50
381550,-8.365727007540533,50
381600,-5.872860018984154,50
381650,-5.903574985063939,50
381700,-10.911067350834958,50
381750,-10.456060257946902,50
381800,-7.988710976491546,50
381850,-2.5945755867667284,50
381900,-8.446784481863702,50
381950,-8.161918733257705,50
382000,-7.5506978745024185,50
382050,-2.432677613664624,50
382100,-7.526713787807557,50
382150,-5.859705949588394,50
382200,-8.41412754194932,50
382250,-7.592174120885277,50
382300,-8.961114637254813,50
382350,-6.673437557883936,50
382400,-7.879155673168264,50
382450,-9.490153677608026,50
382500,-5.647391614821228,50
382550,-12.707755473737183,50
382600,-9.309449211543402,50
382650,-5.263153937311536,50
382700,-1.4325062775657804,50
382750,-1.8433446216548846,50
382800,-11.608616410814054,50
382850,-4.951057357394901,50
382900,-5.624014006526804,50
382950,-2.7451830540449134,50
383000,-5.216618116294282,50
383050,-8.12677648197796,50
383100,-11.62209500030939,50
383150,-4.8932080672929175,50
383200,-8.055666371566536,50
383250,-6.867867084449251,50
383300,-8.521758769886098,50
383350,-6.301565637532677,50
383400,-4.273759232687987,50
383450,-5.218435923197529,50
383500,-6.511262131113245,50
383550,-3.4284393158094315,50
383600,-9.588083536754223,50
383650,-3.9894736152511134,50
383700,-4.325238968820198,50
383750,-5.733461444310438,50
383800,-8.491768448895613,50
383850,-5.449600215685621,50
383900,-5.741829596078489,50
383950,-5.592417763405276,50
384000,-9.008574443360827,50
384050,-11.734272738016694,50
384100,-1.5414347224363671,50
384150,-3.0754514859127546,50
384200,-7.37352347430139,50
384250,-4.633056917900457,50
384300,-2.3646176689941325,50
384350,-6.699734966625257,50
384400,-8.90617679033473,50
384450,-2.0594066096463903,50
384500,-7.458130413467158,50
384550,-4.829042403437594,50
384600,-2.613491185067813,50
384650,-7.802004103563578,50
384700,-5.365358760631557,50
384750,-5.498566433279973,50
384800,-5.566382147519536,50
384850,-11.326438335033012,50
384900,-2.942565581499646,50
384950,-4.739544630954878,50
385000,-4.051497469851433,50
385050,-3.118834548044896,50
385100,-5.824688825449374,50
385150,-7.585299119823561,50
385200,-6.504379444145527,50
385250,-6.432076956339411,50
385300,-11.231573876310257,50
385350,-12.434380675176708,50
385400,-8.176416516566917,50
385450,-8.9698491635248,50
385500,-8.794638790289515,50
385550,-6.391269735746819,50
385600,-7.372182709046951,50
385650,-9.287792939389512,50
385700,-8.546795761167843,50
385750,-4.664597180982314,50
385800,-9.630722303871305,50
385850,-4.431253528616092,50
385900,-4.8743507658214265,50
385950,-2.9964667201163193,50
386000,-5.07090127548377,50
386050,-7.045856184876541,50
386100,-9.15653832056441,50
386150,-6.46533732067044,50
386200,-12.34319485955043,50
386250,-7.296367394173759,50
386300,-9.335266936768713,50
386350,-9.054362399190197,50
386400,-6.192206321189506,50
386450,-6.921688253088613,50
386500,-11.25979494723054,50
386550,-6.982379147073318,50
386600,-5.644894021101093,50
386650,-5.041408501869949,50
386700,-14.041255596168252,50
386750,-8.953112129039447,50
386800,-5.566883641750327,50
386850,-8.244763399828711,50
386900,-5.231388957084902,50
386950,-7.013170963976822,50
387000,-10.095217338558346,50
387050,-9.621778630839131,50
387100,-8.542076898044002,50
387150,-8.0271872795275,50
387200,-4.853977982789725,50
387250,-6.208676640731886,50
387300,-7.99863787784952,50
387350,-6.029302691251617,50
387400,-1.3058197252695058,50
387450,-9.531707586052432,50
387500,-4.770805147693616,50
387550,-5.7534042902560065,50
387600,-2.855746736878287,50
387650,-3.9580361481046644,50
387700,-8.909614816845997,50
387750,-11.655279073539228,50
387800,-11.649158622104789,50
387850,-7.312538486070472,50
387900,-12.476067516524845,50
387950,-6.825410002669014,50
388000,-6.658167491137807,50
388050,-10.218080470413547,50
388100,-5.817229809478626,50
388150,-7.996563559318066,50
388200,-1.5137880582686543,50
388250,-3.5299979867880484,50
388300,-5.595208119276226,50
388350,-8.489622778392485,50
388400,-6.012564141241807,50
388450,-3.6769782458089444,50
388500,-6.558843664558324,50
388550,-4.0555854374948055,50
388600,-5.078375970171209,50
388650,-6.123581327059704,50
388700,-10.340534969785747,50
388750,-5.121970911903509,50
388800,-9.721011935392664,50
388850,-9.60861567733307,50
388900,-5.2467792575065095,50
388950,-6.090442144298598,50
389000,-9.273012766996407,50
389050,-6.441525485902079,50
389100,-7.16204583289992,50
389150,-13.440815890039081,50
389200,-8.751055916693364,50
389250,-6.5072602506963575,50
389300,-5.6741838428976425,50
389350,-9.909953868027124,50
389400,-5.627196837543131,50
389450,-5.89784064914176,50
389500,-3.799157988376496,50
389550,-7.648832316496248,50
389600,-7.116029766500523,50
389650,-8.89071295724351,50
389700,-6.496166755022741,50
389750,-5.895182529053597,50
389800,-6.196544030366336,50
389850,-6.701063408946504,50
389900,-10.574312669268382,50
389950,-5.980205964514452,50
390000,-12.769295984453505,50
390050,-9.972645834097085,50
390100,-6.1504007766085005,50
390150,-1.8994056829695005,50
390200,-8.81170364569194,50
390250,-6.9796199040953475,50
390300,-7.332336748026739,50
390350,-3.3401759782617537,50
390400,-6.968296141046036,50
390450,-5.633095265516655,50
390500,-8.518888154116771,50
390550,-5.800939549466308,50
390600,-6.762629329702938,50
390650,-7.194636442587164,50
390700,-6.1526208289999245,50
390750,-6.217587908408481,50
390800,-5.565338009283954,50
390850,-5.085459390877993,50
390900,-6.572043815430924,50
390950,-5.529017831980717,50
391000,-5.168423893908914,50
391050,-3.554272472360496,50
391100,-9.414535751964861,50
391150,-6.153786237701394,50
391200,-1.57510170597404,50
391250,-6.38552200815254,50
391300,-6.143295786604862,50
391350,-4.647682096204622,50
391400,-9.388456230661353,50
391450,-7.74209580070151,50
391500,-6.061818635041389,50
391550,-6.377103819390305,50
391600,-8.474139226993357,50
391650,-2.700634476320387,50
391700,-2.886294147270265,50
391750,-2.418496502177818,50
391800,-9.891129375826951,50
391850,-3.860935607511312,50
391900,-7.25189777861715,50
391950,-9.536923010718256,50
392000,-6.520077558120114,50
392050,-8.215832398713664,50
392100,-1.735301642006916,50
392150,-5.560734488544751,50
392200,-5.529313492146067,50
392250,-1.9623566651894366,50
392300,-6.394646235442663,50
392350,-6.656548212289129,50
392400,-7.740949438115814,50
392450,-2.9501026004940765,50
392500,-9.155706742617209,50
392550,-5.489511974095712,50
392600,-8.313495201236401,50
392650,-3.7019858014830795,50
392700,-5.315818879950923,50
392750,-7.495294305089547,50
392800,-8.368052048417569,50
392850,-6.86263783753118,50
392900,-8.041202538113208,50
392950,-5.217624258488898,50
393000,-9.670175894612587,50
393050,-5.528007692113856,50
393100,-8.384382839639253,50
393150,-2.228674623855353,50
393200,-8.245998644524656,50
393250,-10.455653319478722,50
393300,-5.6566930260029755,50
393350,-5.553822704451916,50
393400,-6.4911305619274335,50
393450,-6.984674518985035,50
393500,-10.962474144614733,50
393550,-5.93589579494059,50
393600,-8.330934820678879,50
393650,-10.41860067690839,50
393700,-13.73212236748645,50
393750,-5.021604814408338,50
393800,-4.2528563237430745,50
393850,-7.313501595094046,50
393900,-6.581225331394698,50
393950,-5.0856195139929055,50
394000,-11.408075205595122,50
394050,-6.339149981822937,50
394100,-6.871457298439458,50
394150,-10.096760213944192,50
394200,-9.365259876647693,50
394250,-7.450303074479552,50
394300,-6.03773773094962,50
394350,-8.630881959214568,50
394400,-10.985759903874543,50
394450,-8.600669708569583,50
394500,-4.357638553952794,50
394550,-7.844517041575126,50
394600,-5.6183119337597685,50
394650,-5.934202927308502,50
394700,-5.649466193148942,50
394750,-4.279571127016779,50
394800,-7.534667804384871,50
394850,-3.5969328030712795,50
394900,-9.722719318623794,50
394950,-7.579655821545003,50
395000,-9.918797554722987,50
395050,-4.667369449597576,50
395100,-6.392504147947388,50
395150,-13.090052912854496,50
395200,-6.381874265482382,50
395250,-5.643938045735846,50
395300,-5.036154872695978,50
395350,-5.805983871792652,50
395400,-7.477243069089555,50
395450,-9.80284042346398,50
395500,-6.958793861828187,50
395550,-8.882378078090118,50
395600,-10.750927755786437,50
395650,-8.596997009956182,50
395700,-12.537065231002202,50
395750,-12.524360922055788,50
395800,-7.741207829266221,50
395850,-10.136981830969049,50
395900,-5.8417579067802485,50
395950,-5.651539671195953,50
396000,-8.622408649892334,50
396050,-2.6142342579218845,50
396100,-5.553654557462968,50
396150,-9.245327197258952,50
396200,-5.191794555383811,50
396250,-2.7202554577934874,50
396300,-7.350866619352512,50
396350,-2.9015596795168155,50
396400,-5.112275215205562,50
396450,-9.346192752162858,50
396500,-6.630504791269239,50
396550,-5.496787185136419,50
396600,-8.166154401562768,50
396650,-8.1339716302254,50
396700,-5.524697124947335,50
396750,-9.902800760872172,50
396800,-6.46283424411108,50
396850,-7.189116518688932,50
396900,-4.403864924518112,50
396950,-4.763574763511485,50
397000,-3.5855546986211753,50
397050,-6.472224162504181,50
397100,-13.689265503364133,50
397150,-5.490817433561897,50
397200,-6.795875787989953,50
397250,-7.654394301161774,50
397300,-6.014047315406178,50
397350,-6.502878654299332,50
397400,-9.768028284219806,50
397450,-7.287617868778771,50
397500,-8.281340512258886,50
397550,-7.906607743507206,50
397600,-8.455596572424223,50
397650,-7.408151010658054,50
397700,-4.505633692985385,50
397750,-2.2887163946861864,50
397800,-6.794519024173746,50
397850,-8.616626478884175,50
397900,-2.3657944108671343,50
397950,-6.770406309874205,50
398000,-5.26670210202707,50
398050,-8.947684330145707,50
398100,-9.278649400380734,50
398150,-7.989823686422269,50
398200,-8.139450012647055,50
398250,-6.937123064403272,50
398300,-3.61534964601841,50
398350,-9.707799689434681,50
398400,-5.311096625505541,50
398450,-7.82296560800316,50
398500,-10.751459868617411,50
398550,-8.126630408729737,50
398600,-7.629971778896765,50
398650,-5.272894386625084,50
398700,-6.614483167086328,50
398750,-8.340450933249159,50
398800,-4.2510179584727785,50
398850,-13.047975041580049,50
398900,-2.8578794211047174,50
398950,-7.285340613109077,50
399000,-5.3337357525675255,50
399050,-9.033981568152562,50
399100,-9.753350794271396,50
399150,-6.4248656272781375,50
399200,-10.281564323918262,50
399250,-4.983010525857878,50
399300,-9.164797229508851,50
399350,-6.448299618295506,50
399400,-2.128850896433783,50
399450,-12.467951997300514,50
399500,-5.185624302795497,50
399550,-3.5790928433535187,50
399600,-8.62477631176853,50
399650,-1.2963556828354896,50
399700,-4.194560475054486,50
399750,-1.8407066994215682,50
399800,-7.43130006052522,50
399850,-6.344626112305857,50
399900,-5.411035906163546,50
399950,-7.216855429649316,50
400000,-4.484024587753205,50
400050,-5.931326840806225,50
400100,-14.071312865430576,50
400150,-3.596116951915916,50
400200,-8.89396973665794,50
400250,-9.92465691692636,50
400300,-11.644085359863261,50
400350,-7.867915161614304,50
400400,-3.078772565038766,50
400450,-4.910614275594058,50
400500,-5.054987998258993,50
400550,-6.6201481745488255,50
400600,-8.391242790436113,50
400650,-7.581326284527869,50
400700,-5.890851770672374,50
400750,-6.128008826692239,50
400800,-4.184243451582659,50
400850,-4.7998744135507705,50
400900,-7.773957059369834,50
400950,-5.217364963726618,50
401000,-4.21416834611525,50
401050,-6.593142141368828,50
401100,-7.002706076363919,50
401150,-6.703289593001147,50
401200,-3.807479189887542,50
401250,-6.416375505168127,50
401300,-5.439095046195167,50
401350,-1.6977021305732851,50
401400,-2.3127854144027262,50
401450,-6.3190522359366765,50
401500,-1.668430975583766,50
401550,-2.912125163629981,50
401600,-5.763666477805704,50
401650,-6.970773231033076,50
401700,-5.609524358078179,50
401750,-5.445704266453603,50
401800,-7.391823242988302,50
401850,-7.262010849235942,50
401900,-11.513744461427596,50
401950,-5.943580168675588,50
402000,-3.591846514862125,50
402050,-2.303107653358949,50
402100,-7.53772072928314,50
402150,-2.6108496326584656,50
402200,-5.7286330478659835,50
402250,-12.371872184446936,50
402300,-6.192849412966168,50
402350,-3.307732377159971,50
402400,-9.139730202163543,50
402450,-8.815568075499758,50
402500,-8.722607576873154,50
402550,-7.4292513304840995,50
402600,-9.722518500238655,50
402650,-9.647797960330188,50
402700,-7.66562917604408,50
402750,-9.490048052968351,50
402800,-5.723793324738618,50
402850,-9.2130052891723,50
402900,-5.676308971476898,50
402950,-4.537906884803643,50
403000,-3.4880649719999153,50
403050,-1.623134929059442,50
403100,-5.398610917988655,50
403150,-6.664268901203225,50
403200,-5.236960613876773,50
403250,-7.060582521033036,50
403300,-3.109025722788952,50
403350,-4.514263340274506,50
403400,-1.523743798464091,50
403450,-5.563447967425983,50
403500,-10.89042815439194,50
403550,-5.274835758172532,50
403600,-1.7971700004507898,50
403650,-7.6796533220366285,50
403700,-7.694941834788029,50
403750,-9.38126891426843,50
403800,-5.353696056286064,50
403850,-10.835245057496554,50
403900,-14.539763440452969,50
403950,-4.818587602110021,50
404000,-5.731980939094722,50
404050,-9.370318257195915,50
404100,-5.5879568722132165,50
404150,-8.925546377667908,50
404200,-5.635080247678903,50
404250,-9.186869987128954,50
404300,-6.146169167031357,50
404350,-5.7502492287617475,50
404400,-6.731219923563672,50
404450,-6.82722905754818,50
404500,-7.151672216458816,50
404550,-8.894152713533162,50
404600,-6.415925717639893,50
404650,-2.5628191910274136,50
404700,-9.873313628845036,50
404750,-8.995827754120779,50
404800,-3.355061307079078,50
404850,-2.9392700117352275,50
404900,-9.112829467498626,50
404950,-6.715372766010658,50
405000,-6.259825964552334,50
405050,-10.995314919355371,50
405100,-4.260393616496617,50
405150,-6.097989963235438,50
405200,-7.07002576292739,50
405250,-4.029391595215549,50
405300,-5.691355311041984,50
405350,-6.790981556804291,50
405400,-7.628047204931285,50
405450,-5.054873944595854,50
405500,-4.958697599505705,50
405550,-1.1618501541868076,50
405600,-3.481324366672953,50
405650,-3.2769952023739846,50
405700,-5.446171237764563,50
405750,-6.748562112004751,50
405800,-5.377144271770065,50
405850,-6.171626151704888,50
405900,-7.0732397256553865,50
405950,-4.755235122179663,50
406000,-10.036218557239257,50
406050,-9.765674723527844,50
406100,-6.497701880114878,50
406150,-3.068321757308461,50
406200,-4.156939355592097,50
406250,-7.02731488923844,50
406300,-4.373593095381965,50
406350,-5.990031967330882,50
406400,-2.799966139069133,50
406450,-9.479488061604044,50
406500,-5.967144296635046,50
406550,-10.459040989069802,50
406600,-10.459212864094878,50
406650,-5.536083514633519,50
406700,-11.909053923627642,50
406750,-5.6440056424566265,50
406800,-5.159830604968185,50
406850,-7.731849152126033,50
406900,-5.038912702101074,50
406950,-2.810456136158624,50
407000,-6.538770444116182,50
407050,-4.83692298618494,50
407100,-7.209596269516262,50
407150,-5.243097729156702,50
407200,-2.617766891438431,50
407250,-12.758342639519011,50
407300,-9.190672208612355,50
407350,-7.522122113529006,50
407400,-8.103076906647418,50
407450,-10.294013329755453,50
407500,-4.024314417018788,50
407550,-6.382948352794239,50
407600,-6.767983085697275,50
407650,-5.059746105596946,50
407700,-5.712617905053412,50
407750,-9.59247474868541,50
407800,-6.642933255367553,50
407850,-6.11814271926359,50
407900,-7.040086675586058,50
407950,-2.9057662057553952,50
408000,-6.97452219216961,50
408050,-14.756753540140656,50
408100,-1.7165606776224787,50
408150,-2.6904030846303297,50
408200,-7.811129246044504,50
408250,-13.835637300844837,50
408300,-3.3203068293168143,50
408350,-5.882770628351156,50
408400,-6.423089832948412,50
408450,-9.444244113188544,50
408500,-8.70779403239296,50
408550,-3.89723693010804,50
408600,-9.365017809064987,50
408650,-8.565711218173906,50
408700,-13.938757551951614,50
408750,-13.691766182311362,50
408800,-7.151846743626095,50
408850,-9.230332239918187,50
408900,-10.538961949947184,50
408950,-7.300968556714844,50
409000,-7.928398009893943,50
409050,-4.262064665384515,50
409100,-10.519432672954037,50
409150,-5.125636607581856,50
409200,-5.726412062860578,50
409250,-5.758535298943399,50
409300,-7.672553457997091,50
409350,-8.737195246890638,50
409400,-5.262530914038673,50
409450,-8.02338619564494,50
409500,-8.388863105062326,50
409550,-2.9617032268716637,50
409600,-6.110524067026404,50
409650,-5.8219805072875435,50
409700,-7.443498689260515,50
409750,-9.48177599493434,50
409800,-9.439785511726058,50
409850,-5.975671581584633,50
409900,-6.37746382846208,50
409950,-9.698403920300334,50
410000,-4.504953442623689,50
410050,-5.830757697193267,50
410100,-7.661267649697471,50
410150,-3.3454598817061423,50
410200,-5.9238827817029165,50
410250,-9.679113311234383,50
410300,-5.757560860353278,50
410350,-7.83186386343274,50
410400,-11.120061874266602,50
410450,-6.292507642403737,50
410500,-9.756496227410963,50
410550,-3.8450678115368278,50
410600,-6.453908426083122,50
410650,-3.6537791454164155,50
410700,-2.095300143147662,50
410750,-6.072088290575995,50
410800,-6.540904318110676,50
410850,-7.658624344878457,50
410900,-8.659528980482811,50
410950,-8.370590503556663,50
411000,-10.085546787471038,50
411050,-10.084101970548565,50
411100,-6.939811999135947,50
411150,-10.062352823945732,50
411200,-4.948067540789438,50
411250,-5.270606925540795,50
411300,-9.356222804010514,50
411350,-6.3307692610285455,50
411400,-3.27420315089879,50
411450,-6.8242596413910945,50
411500,-1.844029669868479,50
411550,-4.408264799571853,50
411600,-3.1588844366667934,50
411650,-5.758101081458394,50
411700,-5.976834011221613,50
411750,-11.15447003972324,50
411800,-1.4668516230109838,50
411850,-6.49220382451562,50
411900,-2.4684717382083523,50
411950,-8.786282658397662,50
412000,-9.121243423343254,50
412050,-14.002924538469966,50
412100,-7.989887966018815,50
412150,-5.866738621171357,50
412200,-3.6811782913290347,50
412250,-7.299092067136797,50
412300,-7.368842107342667,50
412350,-8.745737101474978,50
412400,-2.596157358942161,50
412450,-5.587138400346634,50
412500,-8.537835482441151,50
412550,-7.518232007644089,50
412600,-3.6307089139327524,50
412650,-7.833012919133634,50
412700,-7.348850682488736,50
412750,-3.1934117251068534,50
412800,-9.273289113528236,50
412850,-3.5074382645050646,50
412900,-7.77429528189646,50
412950,-6.252927681905956,50
413000,-4.581296843539249,50
413050,-7.983005056997922,50
413100,-8.919271694691082,50
413150,-5.966308811710304,50
413200,-5.784958245614291,50
413250,-7.726222554503362,50
413300,-6.799367901603029,50
413350,-6.019322083494734,50
413400,-10.343250439888772,50
413450,-6.331065179725089,50
413500,-1.9558800081189878,50
413550,-5.608903252410779,50
413600,-8.248045788734157,50
413650,-6.013326520782241,50
413700,-6.070797384355699,50
413750,-7.969937116767149,50
413800,-8.355810850899651,50
413850,-7.704391086623416,50
413900,-9.475818189889083,50
413950,-10.677108305622511,50
414000,-2.629041111731221,50
414050,-6.089623992818547,50
414100,-6.229233577567109,50
414150,-9.07292666489564,50
414200,-2.3082317366184664,50
414250,-12.17047980365262,50
414300,-9.668017151274183,50
414350,-4.835208911280679,50
414400,-6.096500285419929,50
414450,-7.461201752711357,50
414500,-8.885979475446012,50
414550,-6.646804467125407,50
414600,-4.35933382098995,50
414650,-6.428907192894797,50
414700,-9.572400704790011,50
414750,-5.894478564739774,50
414800,-6.770113713648817,50
414850,-5.109583343657738,50
414900,-10.142097068301053,50
414950,-4.495414802309805,50
415000,-10.897741816457126,50
415050,-0.9368883616308792,50
415100,-6.24063221062369,50
415150,-3.7995897677985617,50
415200,-8.657416705313391,50
415250,-3.005823028173521,50
415300,-8.415183637356618,50
415350,-10.753330177552131,50
415400,-10.849852780167824,50
415450,-8.439390520694824,50
415500,-6.6721915843782,50
415550,-2.9490540043165816,50
415600,-5.6934225292511265,50
415650,-14.098068460232389,50
415700,-7.836579327392359,50
415750,-6.1617469815603565,50
415800,-14.46936469888887,50
415850,-13.4079368807659,50
415900,-4.68991090878389,50
415950,-6.09211851942167,50
416000,-2.952457528974523,50
416050,-5.59432278218816,50
416100,-2.769318515380804,50
416150,-7.9953760590457374,50
416200,-6.316619728898897,50
416250,-6.858509439594534,50
416300,-9.45628263821057,50
416350,-10.389857741221888,50
416400,-9.995553688038319,50
416450,-5.232105758891324,50
416500,-8.74512533555311,50
416550,-14.182089680917016,50
416600,-6.851914349894825,50
416650,-3.2924219480933132,50
416700,-7.406971539480731,50
416750,-3.140887553589328,50
416800,-5.7439860339477775,50
416850,-1.4975753202500282,50
416900,-7.142949914691168,50
416950,-6.654789529589257,50
417000,-4.881418746783851,50
417050,-6.257924940088592,50
417100,-7.91610464895401,50
417150,-6.79995993024062,50
417200,-8.121055438768265,50
417250,-6.035446661188854,50
417300,-7.533272281505293,50
417350,-5.238689570750312,50
417400,-8.455231414547551,50
417450,-2.4550164903679565,50
417500,-3.351859329299778,50
417550,-8.162224468728768,50
417600,-4.317612156412059,50
417650,-10.735836072895962,50
417700,-8.50201499315913,50
417750,-9.174687149507475,50
417800,-2.2051653825665283,50
417850,-6.965733563991164,50
417900,-6.21767320787213,50
417950,-8.478132330537173,50
418000,-5.268388866836947,50
418050,-8.290193404095708,50
418100,-8.239120027588932,50
418150,-6.45253862115085,50
418200,-2.386845166766861,50
418250,-10.953605535777012,50
418300,-7.220891325822928,50
418350,-4.275605520248017,50
418400,-4.894928951018784,50
418450,-9.69750643987202,50
418500,-9.195079032870929,50
418550,-8.4092322794822,50
418600,-5.262565728900001,50
418650,-3.56628731233305,50
418700,-2.2650168691133947,50
418750,-5.571758331296733,50
418800,-7.746934361810187,50
418850,-6.390219640740938,50
418900,-5.557158412471215,50
418950,-1.765537387567628,50
419000,-11.842991823329063,50
419050,-7.548846862789245,50
419100,-6.405946336798424,50
419150,-7.780442832342953,50
419200,-9.702914370007276,50
419250,-6.843458796872414,50
419300,-5.4451988610370625,50
419350,-5.58613249693114,50
419400,-5.840694272619544,50
419450,-3.6670287068582916,50
419500,-4.424603511582331,50
419550,-7.427966701630394,50
419600,-8.59500650691899,50
419650,-5.7223537658614365,50
419700,-9.287044451904547,50
419750,-9.152762872699734,50
419800,-2.4826029810890424,50
419850,-6.577772075036028,50
419900,-4.046306701921121,50
419950,-6.462993258216721,50
420000,-8.470940079364965,50
420050,-8.089844157418922,50
420100,-2.8006136591528836,50
420150,-5.11826686756858,50
420200,-7.882928234186419,50
420250,-9.11591430856684,50
420300,-9.317097248783268,50
420350,-3.1418571682190968,50
420400,-6.616524575785407,50
420450,-3.708731167813031,50
420500,-5.033172185177094,50
420550,-2.3947931778362284,50
420600,-5.123907246771162,50
420650,-3.9678046548494215,50
420700,-7.751530587211868,50
420750,-4.591389467827235,50
420800,-6.8309420665350835,50
420850,-11.270525632703489,50
420900,-7.41897988704978,50
420950,-8.975331420024096,50
421000,-6.460128305249155,50
421050,-9.084474677181221,50
421100,-3.0373755262709983,50
421150,-6.988200604834123,50
421200,-5.311623509294213,50
421250,-12.152132876413566,50
421300,-8.342424850850481,50
421350,-9.669482091002632,50
421400,-6.3351235025060335,50
421450,-10.284228590049741,50
421500,-2.276487056800839,50
421550,-7.974184918850105,50
421600,-9.749431402584179,50
421650,-6.602479898982493,50
421700,-2.656147627055882,50
421750,-8.011948718293628,50
421800,-3.972848615324005,50
421850,-4.4505577660654225,50
421900,-13.132975016154642,50
421950,-5.149213173049554,50
422000,-6.717013969048132,50
422050,-9.525827666456836,50
422100,-4.613155791110447,50
422150,-5.135676593549794,50
422200,-8.46892498426128,50
422250,-5.416021666430587,50
422300,-9.255177126137765,50
422350,-7.816483567105752,50
422400,-13.116592098146171,50
422450,-6.605072986406807,50
422500,-7.112295484266343,50
422550,-5.575225562592662,50
422600,-5.4346461805991595,50
422650,-8.77868672567539,50
422700,-2.9476414443932093,50
422750,-4.302598816408065,50
422800,-9.952078388294309,50
422850,-8.600723465202112,50
422900,-11.133297640532517,50
422950,-8.27758623861043,50
423000,-8.830720303140648,50
423050,-10.969267565796638,50
423100,-3.4753366204226386,50
423150,-4.103329093571134,50
423200,-7.465429926860353,50
423250,-5.404720044840397,50
423300,-5.8070308252886065,50
423350,-7.532202486702029,50
423400,-7.303917798633484,50
423450,-4.48747812872031,50
423500,-8.125374540106609,50
423550,-8.015785534058704,50
423600,-2.67511709036283,50
423650,-5.449535936621469,50
423700,-7.580234896797812,50
423750,-3.35121825540349,50
423800,-4.067933916238488,50
423850,-8.827165095970205,50
423900,-10.122974296895073,50
423950,-7.944378196507024,50
424000,-4.25906231468913,50
424050,-9.145119848673184,50
424100,-8.686012524689842,50
424150,-6.718829462388528,50
424200,-4.560735174103461,50
424250,-9.267690935780971,50
424300,-5.346536841066665,50
424350,-8.647018316464552,50
424400,-10.130085778979595,50
424450,-4.528567761146615,50
424500,-7.648641871334231,50
424550,-3.1466232597562933,50
424600,-3.702436368935012,50
424650,-14.346148823139403,50
424700,-13.672156276895045,50
424750,-3.9072309953709623,50
424800,-7.772056277929422,50
424850,-5.229126043732508,50
424900,-8.803875792597363,50
424950,-10.702320621484898,50
425000,-8.333541996186955,50
425050,-5.630567170829424,50
425100,-8.619755332621978,50
425150,-6.131950061174771,50
425200,-1.6561836602845954,50
425250,-11.391348680615232,50
425300,-10.423543213255783,50
425350,-4.18536963443385,50
425400,-2.9584906614468434,50
425450,-9.12110994905701,50
425500,-1.8907015912079992,50
425550,-8.616636805850861,50
425600,-4.682928974724362,50
425650,-10.890697572831243,50
425700,-3.309018227488903,50
425750,-3.6563327020446867,50
425800,-5.098176857949997,50
425850,-4.640995548502129,50
425900,-3.0912863318156747,50
425950,-10.579319772143643,50
426000,-7.803840546365639,50
426050,-5.7917637677560565,50
426100,-2.0388745432040136,50
426150,-6.9865824359707736,50
426200,-12.800963509762587,50
426250,-9.691686694497614,50
426300,-5.915230029282826,50
426350,-10.233741434327921,50
426400,-3.630908425679351,50
426450,-9.135064627672516,50
426500,-14.329906395316359,50
426550,-12.629122366807591,50
426600,-3.401964837650677,50
426650,-10.890007584944277,50
426700,-5.880219408396937,50
426750,-5.172606845696594,50
426800,-6.9344076957554615,50
426850,-7.676423002236137,50
426900,-6.325011566932602,50
426950,-8.280523288346963,50
427000,-5.8661386195517045,50
427050,-1.7196214290281935,50
427100,-8.695965300461392,50
427150,-8.754719525648069,50
427200,-7.766309651242365,50
427250,-5.510471866781499,50
427300,-7.134256006069827,50
427350,-3.374585756524186,50
427400,-2.8378429281183317,50
427450,-12.889723178445202,50
427500,-8.471125278407005,50
427550,-5.625459143308939,50
427600,-2.739517848598157,50
427650,-7.232134098193871,50
427700,-9.40947484042547,50
427750,-1.751905245124858,50
427800,-8.509059445246473,50
427850,-11.344654618429105,50
427900,-7.854637659454665,50
427950,-6.857379405022612,50
428000,-4.757245316541069,50
428050,-9.613090048175971,50
428100,-5.945407284985845,50
428150,-6.852040282438957,50
428200,-6.330232319239933,50
428250,-9.060558043404358,50
428300,-3.581486350273005,50
428350,-5.374877947568151,50
428400,-5.894498878601221,50
428450,-10.131645968125433,50
428500,-5.511069142985157,50
428550,-7.706901314007744,50
428600,-1.9755842265177552,50
428650,-7.819487644252713,50
428700,-4.029026473321976,50
428750,-10.456196358307645,50
428800,-3.335088698994826,50
428850,-7.7116193968488735,50
428900,-5.113203434492498,50
428950,-7.5744289930750215,50
429000,-6.8270541829950515,50
429050,-7.399637749335275,50
429100,-5.445064767200458,50
429150,-6.045139507187257,50
429200,-8.358553737561644,50
429250,-1.4652682004260476,50
429300,-7.81310356603707,50
429350,-6.804900342879776,50
429400,-12.323224998212831,50
429450,-7.250939194912389,50
429500,-5.869150071923889,50
429550,-9.096018199139625,50
429600,-5.553547424153679,50
429650,-7.290209501404714,50
429700,-3.192753356447528,50
429750,-7.99664002616889,50
429800,-6.002095867293671,50
429850,-6.353070597789524,50
429900,-1.6019637488381855,50
429950,-7.504347634529407,50
430000,-7.525134546226268,50
430050,-1.3492463176003104,50
430100,-6.5121198475313635,50
430150,-8.232139400579209,50
430200,-5.986102150435514,50
430250,-7.945380427253834,50
430300,-6.3384830142520645,50
430350,-9.529008358168554,50
430400,-6.465769764224812,50
430450,-7.7633162539230405,50
430500,-3.1528357857759293,50
430550,-2.4063118145015667,50
430600,-7.6191816233141765,50
430650,-8.40381276869007,50
430700,-7.6482533016080145,50
430750,-9.909961292252495,50
430800,-7.575018591668889,50
430850,-6.934076898807124,50
430900,-7.832075774567454,50
430950,-2.5150890336975134,50
431000,-1.1025480178473108,50
431050,-9.135830810649527,50
431100,-9.307941422707614,50
431150,-2.6476165693915608,50
431200,-3.71123979725073,50
431250,-7.339457579348364,50
431300,-7.2892105965898955,50
431350,-14.309970579726274,50
431400,-12.799991412837173,50
431450,-4.281834272153407,50
431500,-8.733122588411913,50
431550,-8.806485709989136,50
431600,-4.068030583429254,50
431650,-6.2946220627950895,50
431700,-8.463541314165896,50
431750,-3.891513903122654,50
431800,-5.803163796455765,50
431850,-11.851921222016122,50
431900,-10.426741439345136,50
431950,-4.543857254335873,50
432000,-5.7319457429318295,50
432050,-8.268121922586014,50
432100,-9.357000759508535,50
432150,-0.9781217644966823,50
432200,-5.913589506515832,50
432250,-8.68427125907577,50
432300,-1.9583548668729154,50
432350,-7.401181135246858,50
432400,-7.540988187238376,50
432450,-3.9082385831983824,50
432500,-9.130968932861144,50
432550,-3.240630591005726,50
432600,-5.773646155192263,50
432650,-8.145633787757339,50
432700,-8.504042471316806,50
432750,-9.6633243740178,50
432800,-3.4065276378032974,50
432850,-8.300489310214292,50
432900,-2.469261664865637,50
432950,-9.017747796143414,50
433000,-2.04484378196569,50
433050,-5.740574277019003,50
433100,-8.010983360160848,50
433150,-7.306718125158753,50
433200,-14.809173177109688,50
433250,-7.3158516755302925,50
433300,-8.039967684130646,50
433350,-8.678891782519926,50
433400,-5.401315278061207,50
433450,-7.6762681414024,50
433500,-8.110009408387146,50
433550,-7.022336590019023,50
433600,-3.8750139029594535,50
433650,-6.942070102802538,50
433700,-7.30808893564138,50
433750,-8.902855175348433,50
433800,-8.184020677548942,50
433850,-5.801657401997051,50
433900,-9.419509214356603,50
433950,-5.807056376675977,50
434000,-8.098491303302076,50
434050,-3.6992012820231532,50
434100,-3.7954582270939228,50
434150,-7.072252123259153,50
434200,-8.097318968617877,50
434250,-7.8869923080328705,50
434300,-1.4740252550744635,50
434350,-7.2629206998331854,50
434400,-9.326281477298226,50
434450,-6.254798104060341,50
434500,-1.9081783785166715,50
434550,-7.599437376065147,50
434600,-6.022580388526239,50
434650,-12.781890929528261,50
434700,-5.7151984662639626,50
434750,-2.697316076964922,50
434800,-6.389965980190207,50
434850,-6.803196408272775,50
434900,-4.588692152752452,50
434950,-3.0321257940981856,50
435000,-5.928032187181629,50
435050,-1.757300975259101,50
435100,-8.282764412641324,50
435150,-8.23781983742921,50
435200,-1.0692691585842453,50
435250,-6.647521236721481,50
435300,-9.266824217538764,50
435350,-7.455243884328205,50
435400,-7.582698861521385,50
435450,-6.781236002902821,50
435500,-8.656980697530607,50
435550,-13.710361715166208,50
435600,-9.464376808127582,50
435650,-7.785699987220704,50
435700,-6.744834999314759,50
435750,-7.662620764434393,50
435800,-5.821449725709751,50
435850,-8.10426541842623,50
435900,-3.7101948019303395,50
435950,-10.130897768626996,50
436000,-9.197160690683774,50
436050,-2.733256289220602,50
436100,-1.919767330482319,50
436150,-11.191503338020699,50
436200,-3.444030937655051,50
436250,-8.991656050512365,50
436300,-10.022656982499255,50
436350,-3.0287347494401495,50
436400,-8.512180065135022,50
436450,-9.265552082646547,50
436500,-5.216507167785981,50
436550,-8.47931973489185,50
436600,-10.105588943787602,50
436650,-9.55992586019697,50
436700,-2.8413776901236316,50
436750,-11.644148117156362,50
436800,-4.156087566694767,50
436850,-8.341153882321462,50
436900,-5.229318306818155,50
436950,-5.7762790756022095,50
437000,-11.441564342226922,50
437050,-5.820280386779664,50
437100,-11.063411623423114,50
437150,-3.2112860541580717,50
437200,-6.118452356617058,50
437250,-8.414572591576125,50
437300,-4.283440323788139,50
437350,-6.644569433622052,50
437400,-7.16080137314578,50
437450,-4.897570994812591,50
437500,-5.1142030200321225,50
437550,-7.597679416632786,50
437600,-4.285155874899418,50
437650,-6.728374231600593,50
437700,-5.167225417844239,50
437750,-6.057564472748736,50
437800,-3.8373097824373006,50
437850,-9.07082037950259,50
437900,-11.385442335564111,50
437950,-5.065579037416154,50
438000,-7.21395969735417,50
438050,-8.739408362310801,50
438100,-7.650792141688577,50
438150,-6.506507436451154,50
438200,-4.255207216352461,50
438250,-3.0915733391904596,50
438300,-8.336321987176506,50
438350,-9.326072455452504,50
438400,-6.887921800943546,50
438450,-7.9601175070676495,50
438500,-9.355224921326057,50
438550,-4.706351456066222,50
438600,-5.696173960723695,50
438650,-3.5718942108403886,50
438700,-6.379870398888275,50
438750,-9.111676343990261,50
438800,-8.114127794320853,50
438850,-4.673689062772138,50
438900,-3.84080313612622,50
438950,-2.4117579581201722,50
439000,-6.379683501909348,50
439050,-9.10836682468472,50
439100,-7.58705117427286,50
439150,-5.805610664069161,50
439200,-3.038827218047302,50
439250,-7.4252247847919985,50
439300,-9.169321701853166,50
439350,-4.593017893604994,50
439400,-3.3307092811638292,50
439450,-2.251668756507364,50
439500,-5.575756965925476,50
439550,-4.410887475427192,50
439600,-3.4458974086653336,50
439650,-6.699630297330149,50
439700,-1.6415496741196458,50
439750,-5.074911316401713,50
439800,-7.826461965374342,50
439850,-2.7820733318566653,50
439900,-4.802632823550269,50
439950,-4.696475559166989,50
440000,-7.752268170942028,50
440050,-11.87456440722065,50
440100,-10.535911503646576,50
440150,-10.713060062730015,50
440200,-13.56165190972177,50
440250,-7.137383994588796,50
440300,-3.784238795592978,50
440350,-5.916628332095252,50
440400,-7.044203724083655,50
440450,-6.053955710737519,50
440500,-14.293436428072274,50
440550,-5.2465288900225096,50
440600,-6.296926305607788,50
440650,-5.835502090459715,50
440700,-6.435553276985333,50
440750,-1.378329708952132,50
440800,-11.671486424768204,50
440850,-14.476624892276433,50
440900,-11.139443889677127,50
440950,-2.1458191883213815,50
441000,-6.5858594874090155,50
441050,-13.437815966448271,50
441100,-6.6095441288627566,50
441150,-8.070087222130532,50
441200,-3.0142044304272178,50
441250,-1.9181685567863396,50
441300,-9.965410736816441,50
441350,-6.261001662604601,50
441400,-4.095377752498116,50
441450,-11.540981663955138,50
441500,-9.69002717115086,50
441550,-7.3892547926685666,50
441600,-9.575063087475677,50
441650,-2.558944467966949,50
441700,-8.795305356430184,50
441750,-12.803608269985483,50
441800,-8.239633054675815,50
441850,-6.776848593637898,50
441900,-8.072667821770551,50
441950,-7.289384586323918,50
442000,-8.081297795793212,50
442050,-5.864408790141093,50
442100,-13.436512892420733,50
442150,-8.428727706462823,50
442200,-3.839399066015811,50
442250,-2.4643449007234333,50
442300,-6.796022867830119,50
442350,-7.928725999953506,50
442400,-8.325164442809312,50
442450,-3.5242188685459572,50
442500,-6.855106747818049,50
442550,-7.961159427988569,50
442600,-7.909108111197092,50
442650,-4.999301211917677,50
442700,-8.588439502729049,50
442750,-9.321809911356207,50
442800,-4.449040956751071,50
442850,-8.389737329882141,50
442900,-11.874015297383606,50
442950,-8.490302439840985,50
443000,-9.540398057324573,50
443050,-8.526376927229398,50
443100,-4.374363568490202,50
443150,-6.804229185263019,50
443200,-10.322511518200672,50
443250,-14.766169244538672,50
443300,-5.6486364705377525,50
443350,-9.404439811391304,50
443400,-10.547188808100275,50
443450,-13.541357020103888,50
443500,-5.6950369073454254,50
443550,-14.077053651690866,50
443600,-5.055837181795875,50
443650,-5.821831565888372,50
443700,-5.970224826951942,50
443750,-2.1348270715564817,50
443800,-5.767223520951672,50
443850,-3.5323010224224736,50
443900,-8.403353300449195,50
443950,-3.1754752039738214,50
444000,-7.643453487206713,50
444050,-7.163939665763353,50
444100,-9.975834388786588,50
444150,-2.487526797703987,50
444200,-7.736006499418315,50
444250,-3.081205042268351,50
444300,-7.608671479994552,50
444350,-8.13142299502926,50
444400,-1.7286340531254007,50
444450,-6.517775214901411,50
444500,-10.10017168293831,50
444550,-4.9815024750494805,50
444600,-3.7947741839411826,50
444650,-13.907260624209446,50
444700,-9.668427636140763,50
444750,-6.159731174078267,50
444800,-8.584719718144214,50
444850,-6.051618474026504,50
444900,-6.946588947962026,50
444950,-6.406127847871091,50
445000,-3.458741180471768,50
445050,-8.347435713954622,50
445100,-5.382286443707953,50
445150,-9.467373590664176,50
445200,-5.846353622459661,50
445250,-8.049655823081745,50
445300,-9.435032939308915,50
445350,-5.9027859349993195,50
445400,-3.339096912533529,50
445450,-9.571761292936811,50
445500,-5.488297197870379,50
445550,-5.020272584012819,50
445600,-7.3866784718671425,50
445650,-8.410608899519266,50
445700,-2.313099222320585,50
445750,-5.088961271814372,50
445800,-5.654253722853477,50
445850,-3.240833319965056,50
445900,-6.625381908467119,50
445950,-10.81470256619171,50
446000,-6.872546469223608,50
446050,-10.675878309951786,50
446100,-3.5093486446743793,50
446150,-8.41022877405411,50
446200,-6.560383086602538,50
446250,-5.650543574298563,50
446300,-4.98021497125585,50
446350,-2.6899347134572094,50
446400,-12.456658059532803,50
446450,-5.874201238751256,50
446500,-7.282952166568895,50
446550,-6.088240425021902,50
446600,-1.4709102536692928,50
446650,-8.589777668034632,50
446700,-7.573304374593363,50
446750,-10.270425401993476,50
446800,-8.94263980368526,50
446850,-13.88080246034836,50
446900,-5.544560081807646,50
446950,-8.256328780250815,50
447000,-6.8239850162468,50
447050,-5.4549165526485535,50
447100,-6.5265920868447225,50
447150,-8.293440871688599,50
447200,-5.858548150443641,50
447250,-9.04645187966631,50
447300,-8.847964724578253,50
447350,-6.129945592686282,50
447400,-9.085172932777706,50
447450,-4.033752112531845,50
447500,-8.589551209451331,50
447550,-10.049596689381321,50
447600,-7.75549338656244,50
447650,-6.296142963398885,50
447700,-5.595266027691771,50
447750,-11.488647814861258,50
447800,-10.413738643020922,50
447850,-6.334014794344752,50
447900,-4.811294979299544,50
447950,-11.478409091682654,50
448000,-8.956292912798824,50
448050,-8.405232491782154,50
448100,-9.149774895518071,50
448150,-14.185169171614127,50
448200,-15.011922053416054,50
448250,-14.500828866861317,50
448300,-5.906446952143008,50
448350,-8.109668971989425,50
448400,-9.368797309000117,50
448450,-6.015857150032625,50
448500,-9.387070876197791,50
448550,-6.202916904851364,50
448600,-6.447196278613398,50
448650,-8.688599714771913,50
448700,-6.857472055228773,50
448750,-7.4687534368602435,50
448800,-9.00758028601278,50
448850,-6.305570033734378,50
448900,-7.192100585278078,50
448950,-14.568310071995446,50
449000,-6.228905674965424,50
449050,-7.051428052266675,50
449100,-7.505215352117223,50
449150,-1.6082869414012684,50
449200,-9.809583705605501,50
449250,-4.1497063068561175,50
449300,-5.797850058098519,50
449350,-6.046544464645564,50
449400,-9.631872854723355,50
449450,-5.999709383074307,50
449500,-2.4670267423650762,50
449550,-7.82138852212414,50
449600,-5.73631270621835,50
449650,-10.421305275691823,50
449700,-8.992177665205425,50
449750,-2.8339697644167368,50
449800,-8.569991295986899,50
449850,-7.495718559597664,50
449900,-6.106905193668241,50
449950,-8.004834963176135,50
450000,-8.732724647015793,50
450050,-2.85822443784577,50
450100,-5.608332139929936,50
450150,-3.8991085339446108,50
450200,-8.179608016721344,50
450250,-10.864841699270443,50
450300,-10.429074792292507,50
450350,-2.9119448386744176,50
450400,-10.24780561269582,50
450450,-5.796796422124437,50
450500,-2.26295314064879,50
450550,-4.013574047670085,50
450600,-8.779678068252707,50
450650,-7.9489910201199825,50
450700,-1.253497216146895,50
450750,-9.13461157211325,50
450800,-9.085619120637215,50
450850,-4.770971062511807,50
450900,-3.709362073402885,50
450950,-4.446530322597729,50
451000,-6.542272951582254,50
451050,-4.3464014315265045,50
451100,-5.301442103953499,50
451150,-8.124182512217567,50
451200,-8.783119358703429,50
451250,-2.781114102465054,50
451300,-7.6286758959039185,50
451350,-9.425925737983361,50
451400,-10.252285987272773,50
451450,-8.289520978360278,50
451500,-8.95390274408622,50
451550,-4.333374943322136,50
451600,-5.044735776990451,50
451650,-7.670358440665336,50
451700,-6.209165786947855,50
451750,-7.415450850925248,50
451800,-5.592443746094026,50
451850,-4.922448688225149,50
451900,-7.449722865247728,50
451950,-12.740941772036402,50
452000,-7.695483675841081,50
452050,-8.293734567553853,50
452100,-4.102715785743771,50
452150,-8.262264490338756,50
452200,-8.50761992888262,50
452250,-4.361212237754088,50
452300,-11.113836479587992,50
452350,-7.9044594105925405,50
452400,-4.7559969993495494,50
452450,-3.448998425376578,50
452500,-3.987699701476923,50
452550,-9.26251918588357,50
452600,-7.9892235731120405,50
452650,-7.164644718925872,50
452700,-8.657401551023796,50
452750,-5.779077437971877,50
452800,-13.044961684348792,50
452850,-7.14835381759618,50
452900,-8.874836421324149,50
452950,-7.251257561852682,50
453000,-5.176993047068511,50
453050,-6.591675973122722,50
453100,-2.6399687185561214,50
453150,-6.569906582872316,50
453200,-8.867262205635123,50
453250,-8.347773468375536,50
453300,-7.008611536062962,50
453350,-4.830278618221935,50
453400,-5.938271590185735,50
453450,-6.029785130937794,50
453500,-6.241169502611573,50
453550,-2.5028170303562423,50
453600,-10.49089191150393,50
453650,-5.9907191011526315,50
453700,-9.5841989759487,50
453750,-9.071994778915716,50
453800,-5.320311528316864,50
453850,-3.246373673626404,50
453900,-2.7616747401587856,50
453950,-8.016759690544141,50
454000,-12.155187189284261,50
454050,-2.99833256751562,50
454100,-8.343915086667014,50
454150,-5.536031483726004,50
454200,-8.740007758474972,50
454250,-3.641961976258235,50
454300,-2.249485472657999,50
454350,-2.6038316125366587,50
454400,-6.670433734832874,50
454450,-7.796684000081141,50
454500,-5.314946653184675,50
454550,-8.011630576054559,50
454600,-3.751110325709533,50
454650,-8.44579478240063,50
454700,-7.769827397972588,50
454750,-6.7688936999651315,50
454800,-5.77816594735368,50
454850,-7.106587200650537,50
454900,-4.6671594855838885,50
454950,-11.577621836058194,50
455000,-6.091245345026503,50
455050,-8.702864548506673,50
455100,-3.8132908500749254,50
455150,-2.5171660309180277,50
455200,-3.797152788172598,50
455250,-7.839218444051653,50
455300,-9.449265408293517,50
455350,-5.8034462840983565,50
455400,-6.926163254829744,50
455450,-3.1135037204313027,50
455500,-3.729478208170589,50
455550,-9.995233550402741,50
455600,-6.833584688390738,50
455650,-9.720869169329747,50
455700,-3.5232193541672507,50
455750,-5.870264489441497,50
455800,-12.559743112270711,50
455850,-8.899812313660744,50
455900,-8.365158138317874,50
455950,-5.253032410183179,50
456000,-7.927462596514907,50
456050,-10.112325064809866,50
456100,-7.872462958902268,50
456150,-2.4394251988018967,50
456200,-8.735507659459296,50
456250,-9.951069686521452,50
456300,-4.751237094340843,50
456350,-8.236770348594016,50
456400,-5.913526897671494,50
456450,-9.148596413833321,50
456500,-7.8327057892604515,50
456550,-8.672801534193553,50
456600,-8.777935467420157,50
456650,-6.986516151791969,50
456700,-8.438785155538183,50
456750,-6.682984786267237,50
456800,-5.138745642207377,50
456850,-12.685832968346844,50
456900,-1.8269179699846472,50
456950,-9.79330580812543,50
457000,-3.250677378862036,50
457050,-9.593672674115757,50
457100,-11.463428475929145,50
457150,-9.227960252087875,50
457200,-3.9085382918140525,50
457250,-10.926862871973903,50
457300,-6.091099117065201,50
457350,-10.67283964574531,50
457400,-6.9502938151226745,50
457450,-7.4153302027884305,50
457500,-11.876575485733696,50
457550,-8.706967170218043,50
457600,-8.852258642986065,50
457650,-6.678877860848492,50
457700,-3.6907686522450445,50
457750,-7.292103794416522,50
457800,-9.578685864019393,50
457850,-3.3818601908414334,50
457900,-9.574184674016909,50
457950,-10.537149505646768,50
458000,-10.409349285540472,50
458050,-7.847588219207041,50
458100,-9.532208909434583,50
458150,-13.34921442422802,50
458200,-4.025706957176365,50
458250,-8.171078249048518,50
458300,-1.753972789453731,50
458350,-3.238939682166696,50
458400,-5.01563282464705,50
458450,-5.485223026138296,50
458500,-10.007540706519691,50
458550,-7.407303934895075,50
458600,-8.187149725588153,50
458650,-9.741869497499014,50
458700,-8.834327935216079,50
458750,-4.852443470220515,50
458800,-8.41587003584825,50
458850,-3.131225006284831,50
458900,-2.701108295986422,50
458950,-3.347289156995253,50
459000,-10.057892400969397,50
459050,-5.8478370256044485,50
459100,-2.7992337196414807,50
459150,-3.5816370414256284,50
459200,-2.5703062137598214,50
459250,-9.177924987222493,50
459300,-7.571381770580972,50
459350,-8.433921824978823,50
459400,-9.09897793331069,50
459450,-6.207116872756804,50
459500,-10.357548116705642,50
459550,-2.4694537944488366,50
459600,-5.769977162918328,50
459650,-10.947384123317004,50
459700,-7.621905114784059,50
459750,-8.934751011651798,50
459800,-8.206381456443568,50
459850,-3.1007296360516063,50
459900,-7.846103063682593,50
459950,-9.488685299164162,50
460000,-7.121008697556463,50
460050,-10.018239959417562,50
460100,-13.890404583513945,50
460150,-8.644991341584527,50
460200,-5.863570598584392,50
460250,-6.1561213825445735,50
460300,-6.69715552461082,50
460350,-9.20826869985179,50
460400,-1.1452180098524243,50
460450,-7.739726250369376,50
460500,-8.001240413986427,50
460550,-3.2515918490592974,50
460600,-3.1507659983878367,50
460650,-6.411451853639162,50
460700,-9.37391029454695,50
460750,-7.566110432650426,50
460800,-10.540745114937492,50
460850,-7.687314976669528,50
460900,-13.073608455465507,50
460950,-8.668453938232862,50
461000,-0.9766563980750261,50
461050,-8.471474802614381,50
461100,-10.649422484370525,50
461150,-6.13278386381454,50
461200,-5.169820040506719,50
461250,-10.599654456017394,50
461300,-3.2155568009697455,50
461350,-4.617790823568107,50
461400,-3.7543600942022683,50
461450,-4.13920707615408,50
461500,-5.8789026812351795,50
461550,-9.288858840913528,50
461600,-9.932260024374106,50
461650,-8.286933337434094,50
461700,-4.318966978300719,50
461750,-9.194457922629002,50
461800,-5.766018236420946,50
461850,-9.544929674131089,50
461900,-7.395116120519514,50
461950,-10.258088811359244,50
462000,-7.638540503204291,50
462050,-3.6319025759030628,50
462100,-10.90663289758863,50
462150,-7.169319279169012,50
462200,-3.2934713602919428,50
462250,-8.003408074876893,50
462300,-8.179063477970644,50
462350,-7.73242137849588,50
462400,-7.734294357259529,50
462450,-8.086583219321026,50
462500,-5.826034388255632,50
462550,-10.793015847612415,50
462600,-6.78748705089965,50
462650,-4.857590581908571,50
462700,-10.182874861475616,50
462750,-7.409485136083774,50
462800,-5.716902704206929,50
462850,-10.3036169104882,50
462900,-2.6787719961280567,50
462950,-5.156475122403621,50
463000,-6.134471238270089,50
463050,-1.9334040998982025,50
463100,-7.246475449405912,50
463150,-5.805346852159732,50
463200,-1.9632653581790533,50
463250,-7.4291962359928885,50
463300,-6.486809979966071,50
463350,-6.927942193118306,50
463400,-2.363403293697305,50
463450,-5.50276587239642,50
463500,-7.421583183867413,50
463550,-6.171350165908802,50
463600,-3.979489065186235,50
463650,-3.3964603393497703,50
463700,-6.682219801467391,50
463750,-3.4828951899312197,50
463800,-7.060891695164277,50
463850,-10.312672630745181,50
463900,-8.52659194426348,50
463950,-3.790117114234653,50
464000,-3.123248534717403,50
464050,-4.605486829801328,50
464100,-9.130673495464427,50
464150,-8.967146220645576,50
464200,-6.7199037795088925,50
464250,-8.722998062164828,50
464300,-8.412854795297818,50
464350,-8.899332086793109,50
464400,-4.64433087393863,50
464450,-6.830206481613668,50
464500,-8.640122967875238,50
464550,-3.2942415690305364,50
464600,-9.311881903255571,50
464650,-6.062894896018289,50
464700,-7.875606668288648,50
464750,-8.368431319207025,50
464800,-10.659317679924035,50
464850,-6.336099497342809,50
464900,-6.848307667679903,50
464950,-2.4942458368902485,50
465000,-7.546229438904621,50
465050,-10.977426097824447,50
465100,-8.351380967129836,50
465150,-9.814985097099278,50
465200,-6.844359502234542,50
465250,-10.018254467452715,50
465300,-13.760302334673032,50
465350,-7.113630263716629,50
465400,-9.240078386961512,50
465450,-6.35789180004666,50
465500,-9.615938987933273,50
465550,-6.874363940847343,50
465600,-9.343388504017627,50
465650,-12.859818871870552,50
465700,-12.302995108257292,50
465750,-5.733640754888642,50
465800,-5.4786084702573055,50
465850,-2.2565902152846826,50
465900,-6.957399737500716,50
465950,-7.639910793885256,50
466000,-5.386577859160038,50
466050,-6.126136134455606,50
466100,-2.113055750701903,50
466150,-3.4901912874780363,50
466200,-5.619297726686439,50
466250,-8.362466887052319,50
466300,-9.950221042194897,50
466350,-4.131014768173556,50
466400,-6.466992221276913,50
466450,-9.389288528727906,50
466500,-2.115542345713013,50
466550,-6.455729704356568,50
466600,-3.7897998380332525,50
466650,-3.8886870341800175,50
466700,-12.586363553866793,50
466750,-10.183895137784898,50
466800,-2.972485359491351,50
466850,-7.21596678332415,50
466900,-8.283304223693529,50
466950,-3.694782716435923,50
467000,-5.508496427178258,50
467050,-8.075432312854906,50
467100,-2.635803495583017,50
467150,-2.539674719523088,50
467200,-9.319533640893754,50
467250,-11.040110417656997,50
467300,-5.767593360331219,50
467350,-3.2589097773720526,50
467400,-5.5064171735236025,50
467450,-7.122359623256001,50
467500,-9.35131542241023,50
467550,-7.726164190146078,50
467600,-6.333052313363873,50
467650,-4.989883472032833,50
467700,-5.661665913741178,50
467750,-4.457090971894287,50
467800,-11.347417483642204,50
467850,-9.496847715622781,50
467900,-7.457152634863329,50
467950,-3.0655568786638767,50
468000,-6.0709053270580045,50
468050,-5.390207710242973,50
468100,-7.665729610145264,50
468150,-8.730302352543031,50
468200,-4.850102516690584,50
468250,-9.879302224584459,50
468300,-8.415561567870265,50
468350,-9.162921265632118,50
468400,-6.7928628446947705,50
468450,-7.271380460062397,50
468500,-5.87444547529545,50
468550,-13.905465273836352,50
468600,-2.972577675300407,50
468650,-7.7515804383819935,50
468700,-5.266739794407375,50
468750,-6.696900031579563,50
468800,-5.202341205755671,50
468850,-9.614657823116598,50
468900,-5.487876468159277,50
468950,-2.9517748213669606,50
469000,-6.83333730588197,50
469050,-9.444374936492913,50
469100,-5.275839579011411,50
469150,-5.339649117875948,50
469200,-8.747681612316827,50
469250,-7.364357925525104,50
469300,-3.465420463019811,50
469350,-8.197073007689594,50
469400,-8.847779386149856,50
469450,-2.3314406754599313,50
469500,-4.58844028733597,50
469550,-4.830752642517396,50
469600,-5.725911606706234,50
469650,-9.462267552020263,50
469700,-8.39431035802935,50
469750,-3.3542508917509606,50
469800,-7.098865660719972,50
469850,-9.157046451559946,50
469900,-9.150945268082674,50
469950,-6.250442102933806,50
470000,-5.924350843420253,50
470050,-4.241748413677967,50
470100,-8.350190990203606,50
470150,-5.293347900131157,50
470200,-5.524980268536216,50
470250,-4.153310341523277,50
470300,-5.822013037663966,50
470350,-9.583062983163758,50
470400,-5.89682147716582,50
470450,-3.592176729585804,50
470500,-8.553910293584499,50
470550,-8.950972408330594,50
470600,-2.9215880678722654,50
470650,-7.1316565695571965,50
470700,-8.63552605138087,50
470750,-5.050295763029758,50
470800,-5.108487386562535,50
470850,-14.117327963888203,50
470900,-7.094488912845997,50
470950,-5.7217670355260495,50
471000,-1.943876383116352,50
471050,-10.09561769698155,50
471100,-9.259581870652802,50
471150,-7.30159298494929,50
471200,-4.820422559553968,50
471250,-10.135314598773727,50
471300,-2.852416908018561,50
471350,-10.410551678168686,50
471400,-6.021801037139532,50
471450,-7.354453923732121,50
471500,-10.813772160856704,50
471550,-5.0354495165121165,50
471600,-8.382561581795883,50
471650,-6.69473171585972,50
471700,-8.913643169385235,50
471750,-3.9801822371922335,50
471800,-4.890418622742478,50
471850,-9.720515739383826,50
471900,-6.457961563540936,50
471950,-6.589610511347136,50
472000,-4.915708371482574,50
472050,-7.012531110049418,50
472100,-6.077927143946985,50
472150,-7.150779541164432,50
472200,-7.607423541227326,50
472250,-8.957561797365393,50
472300,-2.4288259615688266,50
472350,-4.144701975509052,50
472400,-4.039342023432517,50
472450,-5.82959988955701,50
472500,-4.762098688148271,50
472550,-7.023211791905154,50
472600,-5.6467624508467695,50
472650,-6.272540278035792,50
472700,-6.320455942712216,50
472750,-8.149049165892434,50
472800,-3.1296551676501445,50
472850,-6.829216259090381,50
472900,-6.706790620390332,50
472950,-4.643082259987481,50
473000,-8.787120026015616,50
473050,-3.896496621309479,50
473100,-4.2373120738275025,50
473150,-3.6919712441128003,50
473200,-6.268258134101432,50
473250,-2.9685572923845345,50
473300,-7.55374616601049,50
473350,-8.994621090041985,50
473400,-3.7500956978726165,50
473450,-1.246133046480375,50
473500,-10.900774000171516,50
473550,-3.5550493802354683,50
473600,-5.022852608885652,50
473650,-6.595898548446536,50
473700,-8.369882209953264,50
473750,-7.357819283958098,50
473800,-9.472236713361239,50
473850,-5.467040989197942,50
473900,-1.4918774703266022,50
473950,-1.87127991674295,50
474000,-2.8731039526901028,50
474050,-4.586701117811312,50
474100,-4.748763061586383,50
474150,-5.421453920309743,50
474200,-7.0329087864587665,50
474250,-1.830437939972586,50
474300,-5.551181367759898,50
474350,-3.1983989277595484,50
474400,-3.8902722787590127,50
474450,-11.144092213391655,50
474500,-8.114793599801278,50
474550,-3.337912969617579,50
474600,-7.679764001507059,50
474650,-7.85526976578969,50
474700,-3.4602204038318978,50
474750,-7.179740314677029,50
474800,-7.640955704947955,50
474850,-8.525027300126137,50
474900,-9.182624983796106,50
474950,-3.9581913878989297,50
475000,-6.073625038772067,50
475050,-8.750688143186451,50
475100,-11.954102616078409,50
475150,-6.131628877339564,50
475200,-4.490568939185918,50
475250,-7.1200948455718,50
475300,-5.801496590379979,50
475350,-2.475731102913132,50
475400,-5.270232078707365,50
475450,-3.4830215625882675,50
475500,-12.176208821766318,50
475550,-4.565159407178854,50
475600,-1.6310970199924695,50
475650,-5.036745459442287,50
475700,-9.964734573532809,50
475750,-1.605898655882407,50
475800,-5.345824601809641,50
475850,-6.0805018906003365,50
475900,-8.895624416194513,50
475950,-8.474501178078478,50
476000,-10.300425993288034,50
476050,-6.739980883185006,50
476100,-6.647148026139386,50
476150,-8.631660619176547,50
476200,-3.5581412778560346,50
476250,-2.5835638997982833,50
476300,-11.151472724039857,50
476350,-6.769650154194384,50
476400,-7.907196790848103,50
476450,-2.342205553361895,50
476500,-5.2930993657282555,50
476550,-3.1919506576811862,50
476600,-11.593198242238373,50
476650,-5.260012622001881,50
476700,-8.17334884720656,50
476750,-1.1271112643611971,50
476800,-4.27953506318379,50
476850,-0.8755855285347929,50
476900,-3.6950815855726775,50
476950,-6.966640275934657,50
477000,-8.545233346545405,50
477050,-8.95795965727537,50
477100,-6.28512321757933,50
477150,-5.300796360211695,50
477200,-4.178546564436342,50
477250,-3.259982819798066,50
477300,-5.304745996607839,50
477350,-7.84836224397206,50
477400,-8.321681074426346,50
477450,-7.055947617246406,50
477500,-11.276789618786426,50
477550,-9.834348890082405,50
477600,-9.831931658918919,50
477650,-6.638065632995986,50
477700,-5.096898846822645,50
477750,-7.48649785724561,50
477800,-5.867092697672654,50
477850,-10.150127867779428,50
477900,-9.400067959517381,50
477950,-7.9257392665982085,50
478000,-8.61421364044018,50
478050,-5.219820683400155,50
478100,-8.477763060200807,50
478150,-10.961825020011984,50
478200,-13.694199118822187,50
478250,-7.3537458753709615,50
478300,-10.616110695074994,50
478350,-3.255471205310057,50
478400,-8.559429987682515,50
478450,-7.026497408513241,50
478500,-7.64372896862792,50
478550,-2.577803966201937,50
478600,-8.35971016947981,50
478650,-3.3498147110010157,50
478700,-11.19635285359455,50
478750,-7.4546058506719906,50
478800,-4.255548938214586,50
478850,-6.391509192408581,50
478900,-5.398872940198157,50
478950,-8.343580152270068,50
479000,-8.690134866385307,50
479050,-5.5548299707295135,50
479100,-6.348254136484596,50
479150,-10.660777542021728,50
479200,-9.279799396283568,50
479250,-7.947490304498883,50
479300,-5.706634146936125,50
479350,-5.443278036132063,50
479400,-3.3966167965623795,50
479450,-5.949002260348414,50
479500,-3.4957917259989424,50
479550,-5.8068340749954785,50
479600,-5.967378252968809,50
479650,-8.107717124935506,50
479700,-5.246167500243909,50
479750,-2.9378940353389664,50
479800,-11.14099770962725,50
479850,-2.6417888000589884,50
479900,-8.194763446941115,50
479950,-5.846787716540331,50
480000,-6.179406336720024,50
480050,-9.492837316630336,50
480100,-8.88232634258173,50
480150,-5.8822382227853005,50
480200,-1.736572051881301,50
480250,-5.640143619838599,50
480300,-5.574545641114811,50
480350,-11.30094350284731,50
480400,-5.932559586416875,50
480450,-6.453549230025538,50
480500,-7.102926024801806,50
480550,-6.37443865188123,50
480600,-8.300651993860859,50
480650,-6.732517251030928,50
480700,-9.022096888412424,50
480750,-10.339575152077138,50
480800,-0.7073709229424558,50
480850,-4.198552576534779,50
480900,-7.294622380168534,50
480950,-2.9288150932350923,50
481000,-12.199680988394888,50
481050,-6.501116752157415,50
481100,-9.77594098341892,50
481150,-6.603109857936687,50
481200,-11.045250279772326,50
481250,-8.771962547093208,50
481300,-9.199070701894279,50
481350,-13.296590778338938,50
481400,-10.158536336138313,50
481450,-4.21412118777085,50
481500,-9.332464776248367,50
481550,-9.444128839646082,50
481600,-9.869283749491661,50
481650,-6.297239834645102,50
481700,-8.404141595423031,50
481750,-8.709301624108157,50
481800,-6.635548959068212,50
481850,-9.203338232304727,50
481900,-5.79296103591642,50
481950,-7.7872614008080845,50
482000,-5.491195938514087,50
482050,-11.28603679752752,50
482100,-5.048786329111237,50
482150,-0.9369291361157972,50
482200,-3.274101325232792,50
482250,-6.601098552532647,50
482300,-3.799608981944067,50
482350,-3.4022718603826463,50
482400,-5.667221263395769,50
482450,-8.67677162469949,50
482500,-7.934202853747296,50
482550,-10.05190430943652,50
482600,-3.4717185973768103,50
482650,-1.256328519453739,50
482700,-3.0235348646001605,50
482750,-2.097372121838959,50
482800,-2.511040382323134,50
482850,-1.295395526906546,50
482900,-3.906500719474632,50
482950,-7.4671254940160035,50
483000,-2.834029521503315,50
483050,-9.572767120970655,50
483100,-8.29690158465093,50
483150,-8.956450290144163,50
483200,-3.894458285823953,50
483250,-10.256344105797307,50
483300,-4.037795696930579,50
483350,-5.465698789666534,50
483400,-3.3610238284741403,50
483450,-5.73325579763841,50
483500,-1.1353901584629165,50
483550,-5.158755952650489,50
483600,-2.489225724278731,50
483650,-6.984609069674416,50
483700,-9.236521919585245,50
483750,-8.477727434634675,50
483800,-11.179840893515607,50
483850,-6.158530071608234,50
483900,-8.890558698436488,50
483950,-7.425511018233809,50
484000,-6.907374915211877,50
484050,-9.048002666229543,50
484100,-6.442684946708776,50
484150,-9.89878468608872,50
484200,-6.265649780057008,50
484250,-4.4257058997190875,50
484300,-4.631569886191506,50
484350,-8.035004635936453,50
484400,-7.780061692890601,50
484450,-6.345421305317061,50
484500,-8.611390465194495,50
484550,-4.834844687989092,50
484600,-9.343108632359622,50
484650,-2.005714518038935,50
484700,-9.240970126286712,50
484750,-1.076908262730501,50
484800,-3.9784966327350997,50
484850,-5.615300560939537,50
484900,-3.11419372399249,50
484950,-8.38101954587046,50
485000,-6.962851991346667,50
485050,-4.241796992611844,50
485100,-10.11622371904344,50
485150,-3.15079477560559,50
485200,-8.723100240899733,50
485250,-7.755850249397797,50
485300,-6.745476832766108,50
485350,-7.850834440476943,50
485400,-8.130147716598415,50
485450,-7.022917172996753,50
485500,-9.550646444988683,50
485550,-4.11773235949762,50
485600,-3.377555649912026,50
485650,-7.747072094367878,50
485700,-5.807815598034511,50
485750,-10.042409323242717,50
485800,-5.508396823879879,50
485850,-4.814406012490174,50
485900,-9.376235332013984,50
485950,-3.861511826431813,50
486000,-3.816380272809766,50
486050,-6.581390108578062,50
486100,-4.453755097654653,50
486150,-6.514970577104497,50
486200,-8.142632501054619,50
486250,-6.189868835800807,50
486300,-1.7694350334320486,50
486350,-7.415667545416277,50
486400,-10.189101361662095,50
486450,-11.570870163378936,50
486500,-3.872805683846807,50
486550,-5.054070622370069,50
486600,-5.542377158865258,50
486650,-4.973383909480779,50
486700,-6.340028251585819,50
486750,-4.638573532165587,50
486800,-2.428227828536072,50
486850,-5.876155882927594,50
486900,-5.972908804588668,50
486950,-6.313641626931579,50
487000,-5.563064069466746,50
487050,-9.522194267976058,50
487100,-8.636166208898018,50
487150,-4.754847018925119,50
487200,-6.355807989311857,50
487250,-5.479590011141728,50
487300,-6.749725574367781,50
487350,-6.187983905896555,50
487400,-6.237511538412036,50
487450,-4.149466480894477,50
487500,-6.132501846810135,50
487550,-5.896801213089876,50
487600,-5.2415477091539735,50
487650,-8.248429840573067,50
487700,-3.00684293771385,50
487750,-9.24128665725705,50
487800,-5.565262059537635,50
487850,-4.579915825934356,50
487900,-6.905318512934255,50
487950,-5.6973065412949975,50
488000,-3.8598092303729246,50
488050,-7.089926803711129,50
488100,-9.26534770659174,50
488150,-1.6436929581271738,50
488200,-5.035170933368289,50
488250,-5.855128434250738,50
488300,-5.947607532971354,50
488350,-7.66275281060371,50
488400,-5.697628735995993,50
488450,-7.841764614998785,50
488500,-7.477406447788582,50
488550,-7.7758951531576725,50
488600,-5.131319409931594,50
488650,-4.058735990815642,50
488700,-4.782183607826127,50
488750,-5.71396751050056,50
488800,-5.872202147398695,50
488850,-8.687489923274104,50
488900,-4.327572750342092,50
488950,-10.33827204903675,50
489000,-4.376094460277902,50
489050,-8.55624040887706,50
489100,-8.14920457979211,50
489150,-8.269532198621526,50
489200,-7.879569805471072,50
489250,-1.6649208265961837,50
489300,-10.40005742441269,50
489350,-6.123946803240922,50
489400,-7.4485976452637495,50
489450,-6.150870702426573,50
489500,-8.273206688767372,50
489550,-5.796104229616952,50
489600,-3.8952573909123296,50
489650,-6.5116258324653415,50
489700,-7.946973958893441,50
489750,-7.125513879341121,50
489800,-3.466300638030846,50
489850,-6.5724598563452865,50
489900,-5.258419232541725,50
489950,-5.182760320294136,50
490000,-2.926144756598376,50
490050,-10.080554175505982,50
490100,-5.468544086010509,50
490150,-5.405335212665796,50
490200,-6.6582259109465705,50
490250,-9.857290295451186,50
490300,-12.221382434316144,50
490350,-3.493117307734844,50
490400,-5.596109416524308,50
490450,-5.552095675513938,50
490500,-2.1015715826777206,50
490550,-3.5262062344747314,50
490600,-5.450771671347481,50
490650,-3.2825488726257936,50
490700,-9.864298789849661,50
490750,-1.8653637284191305,50
490800,-5.923410162475848,50
490850,-3.1107383506394903,50
490900,-8.886096354544904,50
490950,-9.514452672030941,50
491000,-9.709249310195368,50
491050,-4.4218701549589685,50
491100,-7.078546528229442,50
491150,-5.983124357828401,50
491200,-8.11862133733111,50
491250,-7.872569142425487,50
491300,-7.603962766698655,50
491350,-6.975081173490907,50
491400,-9.517101839266273,50
491450,-7.618601502352733,50
491500,-6.1711770199114255,50
491550,-7.435879702749681,50
491600,-4.2240591571790365,50
491650,-7.423097460136443,50
491700,-11.144526516385355,50
491750,-8.24420476928175,50
491800,-6.403065565266406,50
491850,-2.9899482112105207,50
491900,-5.4615764648127145,50
491950,-4.817631937078094,50
492000,-6.324381824956725,50
492050,-7.616341903496257,50
492100,-7.5622162348514035,50
492150,-5.076302421693979,50
492200,-9.426542371157462,50
492250,-3.8597598177806787,50
492300,-6.162614002473463,50
492350,-9.00625890696317,50
492400,-9.098574517887599,50
492450,-6.569068399025225,50
492500,-5.491869876306671,50
492550,-5.362238273494814,50
492600,-8.509531658250157,50
492650,-5.604966469531697,50
492700,-9.246792505174746,50
492750,-4.985886821914622,50
492800,-9.323760915334548,50
492850,-6.753598074157305,50
492900,-11.937257463377094,50
492950,-9.040186786567222,50
493000,-2.69261886065239,50
493050,-9.07049611820247,50
493100,-11.74202575178726,50
493150,-5.452313556385473,50
493200,-2.568987123410939,50
493250,-5.624662966850183,50
493300,-5.952583120079786,50
493350,-9.863107106159987,50
493400,-9.170827927290153,50
493450,-14.270324159757728,50
493500,-1.6613123508505552,50
493550,-1.4501884931490485,50
493600,-7.487080803573492,50
493650,-12.020310373643884,50
493700,-4.815564485448939,50
493750,-6.162683810398611,50
493800,-5.601664311283792,50
493850,-8.92712459984565,50
493900,-9.48115411226842,50
493950,-9.128377229967601,50
494000,-9.668318811305754,50
494050,-8.236409650969968,50
494100,-8.465378302808839,50
494150,-9.548708389673697,50
494200,-1.758446172733453,50
494250,-4.138876122271265,50
494300,-6.807485842867915,50
494350,-4.940403202286072,50
494400,-3.892388684143433,50
494450,-8.55210829034795,50
494500,-3.105943888959259,50
494550,-5.122694545963025,50
494600,-4.858338166261248,50
494650,-7.222242104562475,50
494700,-6.384496350554491,50
494750,-5.115210062535884,50
494800,-9.11686549773939,50
494850,-9.519465820467113,50
494900,-4.626027217098722,50
494950,-11.71113752674433,50
495000,-9.373047803383901,50
495050,-2.54942073914975,50
495100,-10.500119493239467,50
495150,-6.9796194013507815,50
495200,-10.903550301941529,50
495250,-5.871325186917345,50
495300,-5.233944133492844,50
495350,-5.482551819919361,50
495400,-6.8040977832874345,50
495450,-9.379439660549684,50
495500,-6.513620022590083,50
495550,-9.33407646685393,50
495600,-5.80658418456243,50
495650,-3.6546470890192158,50
495700,-11.485579763657356,50
495750,-7.581570833368977,50
495800,-6.9975217821716305,50
495850,-5.211415302599719,50
495900,-6.498608397427991,50
495950,-6.526867245015294,50
496000,-9.339948904503178,50
496050,-5.024841731779338,50
496100,-3.0739815529560737,50
496150,-4.518991263792413,50
496200,-7.934245070461666,50
496250,-11.26394500434617,50
496300,-7.396205686789614,50
496350,-5.7256585297212474,50
496400,-1.655351798680118,50
496450,-8.216352634005776,50
496500,-3.7712897636129727,50
496550,-5.577782393574692,50
496600,-3.9299291324056407,50
496650,-9.13825419220838,50
496700,-6.9448436032859675,50
496750,-4.17573717446218,50
496800,-3.1423380161492456,50
496850,-9.60861319076785,50
496900,-5.543201695875259,50
496950,-2.624368403693609,50
497000,-7.364690391904174,50
497050,-10.620751836932188,50
497100,-4.601126978157626,50
497150,-8.75174817612912,50
497200,-9.76509677820209,50
497250,-5.041479285937041,50
497300,-5.605097232065179,50
497350,-8.695860746817177,50
497400,-5.70055158542451,50
497450,-8.056129412773881,50
497500,-6.284856041215584,50
497550,-6.856904152067169,50
497600,-9.769519505379753,50
497650,-6.822563234215949,50
497700,-9.017891597932067,50
497750,-5.748632081713398,50
497800,-8.525218905670576,50
497850,-7.826977125099295,50
497900,-3.1964984575728113,50
497950,-5.988118135514123,50
498000,-6.157451631434406,50
498050,-7.249262183636351,50
498100,-6.978975790592505,50
498150,-4.549956659987925,50
498200,-5.741158664601847,50
498250,-3.767479945814846,50
498300,-5.413793643607127,50
498350,-7.926341224169838,50
498400,-9.55164040685205,50
498450,-5.442699601279965,50
498500,-5.375582581294637,50
498550,-7.480011318195983,50
498600,-3.8002761963679577,50
498650,-8.7592032113734,50
498700,-9.962259810497352,50
498750,-6.4427585083673256,50
498800,-8.986193886787248,50
498850,-12.240860073418473,50
498900,-5.500961351143739,50
498950,-9.23251365448932,50
499000,-4.535541373619414,50
499050,-9.485962902410225,50
499100,-4.993078718458282,50
499150,-10.237304616454207,50
499200,-5.251137744529424,50
499250,-6.203529830319136,50
499300,-8.98115477256013,50
499350,-4.073000750562512,50
499400,-4.497309204051038,50
499450,-3.551509383188904,50
499500,-7.04600912839215,50
499550,-10.31963057646899,50
499600,-7.196944837583876,50
499650,-7.969159499304039,50
499700,-5.28270176774164,50
499750,-10.061424776372226,50
499800,-8.596811581879734,50
499850,-6.567766203897007,50
499900,-7.020619300655402,50
499950,-6.69844481251008,50
500000,-3.716115426653669,50
500050,-6.9820545393099955,50
500100,-2.675121364782604,50
500150,-8.827819925526537,50
500200,-7.90619898688354,50
500250,-5.645448960850582,50
500300,-6.202885768322613,50
500350,-5.483935528440913,50
500400,-7.993940580821987,50
500450,-9.473575351753505,50
500500,-9.533877046721127,50
500550,-6.428366805509599,50
500600,-7.838211313757889,50
500650,-6.176208219642958,50
500700,-6.579278217678225,50
500750,-3.7186281207971326,50
500800,-6.821086386480644,50
500850,-5.107676101911608,50
500900,-6.431919587029237,50
500950,-3.012642558066107,50
501000,-8.805964155944151,50
501050,-11.949799386915915,50
501100,-9.600839648048074,50
501150,-2.0739735749927335,50
501200,-6.156860280461213,50
501250,-4.998984863229805,50
501300,-5.303719957484369,50
501350,-4.441019955032432,50
501400,-4.591093740357781,50
501450,-5.196653933793281,50
501500,-7.597231644710324,50
501550,-8.50375423660046,50
501600,-10.543799155251218,50
501650,-3.48913672365517,50
501700,-11.586302495049368,50
501750,-4.439377007589267,50
501800,-9.924486625404995,50
501850,-3.3863047077360298,50
501900,-5.891471817751574,50
501950,-2.180870812826222,50
502000,-3.6687695948128383,50
502050,-6.477832125918809,50
502100,-10.18039238877624,50
502150,-4.5487548410561,50
502200,-4.732810644957998,50
502250,-5.853852591259728,50
502300,-10.991710404881761,50
502350,-5.995470102439565,50
502400,-3.8966019558651874,50
502450,-5.456756439094066,50
502500,-4.387502271296962,50
502550,-10.61906886610486,50
502600,-6.266967893247095,50
502650,-6.216067150120514,50
502700,-2.4917339216913588,50
502750,-5.102903861584816,50
502800,-9.551825941144624,50
502850,-5.186978742764653,50
502900,-1.2989750537719924,50
502950,-5.025319118161634,50
503000,-6.529656721265989,50
503050,-6.7227984220016594,50
503100,-5.780507361648602,50
503150,-8.141808328278184,50
503200,-8.162104245266375,50
503250,-4.972483396070654,50
503300,-4.275089491043459,50
503350,-9.368298255478079,50
503400,-4.411654843038568,50
503450,-8.59271802360003,50
503500,-5.524362553255567,50
503550,-9.895666779335365,50
503600,-6.391668268073094,50
503650,-5.268007560348751,50
503700,-7.768515392629601,50
503750,-4.714296754409932,50
503800,-5.729099287684558,50
503850,-9.895817180454527,50
503900,-7.415169627620007,50
503950,-5.967690802326057,50
504000,-6.2170687484965566,50
504050,-5.525312855177801,50
504100,-4.860408639609505,50
504150,-8.32000631989644,50
504200,-6.603295704764609,50
504250,-7.7093189770751795,50
504300,-7.590634586181884,50
504350,-7.6034854387230775,50
504400,-13.838231361854419,50
504450,-10.017305823712551,50
504500,-2.3679133307418847,50
504550,-3.0519153854693015,50
504600,-8.796617006944441,50
504650,-8.723990998653539,50
504700,-5.2983823524341584,50
504750,-9.402549012132074,50
504800,-4.94722993568025,50
504850,-8.267986098863354,50
504900,-9.017260903425594,50
504950,-9.614774654053207,50
505000,-4.2713195360773755,50
505050,-6.23155754629644,50
505100,-7.205831148918269,50
505150,-5.724118574286045,50
505200,-6.034362549132912,50
505250,-6.628441111443708,50
505300,-6.6146577860118665,50
505350,-8.890307324290289,50
505400,-14.174614072312513,50
505450,-5.894045659814196,50
505500,-7.74043808821997,50
505550,-5.482716154108406,50
505600,-5.96358481341589,50
505650,-5.80646771315978,50
505700,-9.845667304905612,50
505750,-11.021255674898507,50
505800,-5.52562059814449,50
505850,-3.007675705704861,50
505900,-8.421779839408552,50
505950,-6.252368094084698,50
506000,-9.64729826221093,50
506050,-8.335356375275108,50
506100,-6.9258554122685645,50
506150,-7.167387466045758,50
506200,-4.280782026450251,50
506250,-5.302250160632011,50
506300,-5.707932847485721,50
506350,-4.533596570777057,50
506400,-5.9514174303400145,50
506450,-5.572003400572104,50
506500,-6.295655467385751,50
506550,-5.783126465967725,50
506600,-6.805135315238193,50
506650,-8.493708184930433,50
506700,-5.150924138252784,50
506750,-2.9031778794154475,50
506800,-8.431356664807543,50
506850,-5.4937946990328514,50
506900,-7.091747387145838,50
506950,-3.9912763751484617,50
507000,-9.301452425247508,50
507050,-5.099641123167631,50
507100,-8.603875557369914,50
507150,-6.853907542523262,50
507200,-6.815961956096645,50
507250,-5.360959153102732,50
507300,-4.587140131662965,50
507350,-7.228283351004957,50
507400,-1.7216276208266599,50
507450,-8.445973810261567,50
507500,-10.760037299204635,50
507550,-8.397084536014194,50
507600,-7.3128367443592035,50
507650,-8.003251136956763,50
507700,-7.970993305918834,50
507750,-4.759760179305167,50
507800,-9.981256351063738,50
507850,-6.8827246603365815,50
507900,-7.907297248575879,50
507950,-1.049073052442755,50
508000,-8.44776030305073,50
508050,-9.263074431748487,50
508100,-9.02795938606703,50
508150,-2.868194679311363,50
508200,-5.722346765410763,50
508250,-2.7630177119135912,50
508300,-3.9485308951413787,50
508350,-7.7952685904624985,50
508400,-8.073955810725295,50
508450,-5.6412996663836195,50
508500,-5.010091182910194,50
508550,-5.7693962251080855,50
508600,-4.908536319233929,50
508650,-10.172755815298311,50
508700,-10.003201746242302,50
508750,-5.927497135053287,50
508800,-9.306827387540064,50
508850,-9.219437120242603,50
508900,-6.774463115532606,50
508950,-6.546595815310853,50
509000,-7.372916396890051,50
509050,-5.622607497725565,50
509100,-3.1909422475123677,50
509150,-1.8659332695577893,50
509200,-6.410072815631809,50
509250,-7.274564300689444,50
509300,-3.417165074390947,50
509350,-2.5273945716806736,50
509400,-7.226238156518269,50
509450,-2.325591349586904,50
509500,-5.09829356983461,50
509550,-7.9627332378092905,50
509600,-4.563906651328291,50
509650,-3.1899717691328306,50
509700,-5.666052933916409,50
509750,-9.462065805492086,50
509800,-5.631667313656119,50
509850,-9.131627249457212,50
509900,-5.344774126067024,50
509950,-8.372596098422678,50
510000,-13.286022569033387,50
510050,-3.449977565307243,50
510100,-9.434945851999474,50
510150,-9.491020943582349,50
510200,-9.7883220963947,50
510250,-5.1713718157591675,50
510300,-6.29003675747316,50
510350,-9.876444623676052,50
510400,-7.511009416258077,50
510450,-6.373905337156999,50
510500,-5.527128347331425,50
510550,-2.8950373144731456,50
510600,-12.88460016865545,50
510650,-9.540221681572605,50
510700,-5.768942563834398,50
510750,-5.6562362297000695,50
510800,-9.583531430890352,50
510850,-5.857405563949416,50
510900,-10.292873873240508,50
510950,-7.537128293643218,50
511000,-9.200801439414525,50
511050,-8.381536351906353,50
511100,-8.157884479546336,50
511150,-3.4031191662079374,50
511200,-6.040935630540221,50
511250,-6.268190141674178,50
511300,-7.994739522951709,50
511350,-6.250232407908303,50
511400,-7.335512042551195,50
511450,-4.526804387779417,50
511500,-4.812412967939024,50
511550,-5.184791002038128,50
511600,-7.554110195083904,50
511650,-6.887237059783319,50
511700,-4.062266099212735,50
511750,-7.631437663889958,50
511800,-5.383159218110749,50
511850,-4.8418189219453955,50
511900,-9.304698996157112,50
511950,-8.340298761816557,50
512000,-8.273293879094581,50
512050,-8.307856031058403,50
512100,-6.8172149341986295,50
512150,-5.028956093084915,50
512200,-10.931287335818523,50
512250,-5.771211052985786,50
512300,-1.899126863095335,50
512350,-8.640531061030284,50
512400,-5.497365325993516,50
512450,-5.8056787122599305,50
512500,-3.7098018158605455,50
512550,-10.137664878558283,50
512600,-7.900937598222708,50
512650,-12.665238445974943,50
512700,-8.819203501792709,50
512750,-0.7119449723331241,50
512800,-7.974517486564527,50
512850,-6.308117932145573,50
512900,-9.633607790628878,50
512950,-7.5838800507054644,50
513000,-5.515471972306167,50
513050,-7.458773129751753,50
513100,-4.52637266297132,50
513150,-5.497520964473472,50
513200,-7.967692469792912,50
513250,-4.821937674600547,50
513300,-10.387846296020191,50
513350,-6.684678928811079,50
513400,-10.027612154592477,50
513450,-6.608839973965243,50
513500,-3.3580346948291835,50
513550,-8.113374671051085,50
513600,-10.498626227799681,50
513650,-7.497204031461887,50
513700,-6.506488905016476,50
513750,-5.943324594211091,50
513800,-5.0507581911361505,50
513850,-7.186739718978076,50
513900,-11.168753276075497,50
513950,-7.984086431757335,50
514000,-5.901024390146467,50
514050,-1.4517095723281892,50
514100,-6.106264780929627,50
514150,-8.131935492096305,50
514200,-7.786398493304537,50
514250,-7.617095239546068,50
514300,-12.710001142008286,50
514350,-5.444754556649163,50
514400,-6.373579929566561,50
514450,-10.274842808045653,50
514500,-3.072875229058703,50
514550,-4.093332777354897,50
514600,-7.598394066692209,50
514650,-4.596041608814554,50
514700,-7.329314139132682,50
514750,-8.17267801349391,50
514800,-7.092791786202945,50
514850,-8.818271826678119,50
514900,-9.482251411481567,50
514950,-6.406486489334775,50
515000,-8.223798821199145,50
515050,-6.192895982086064,50
515100,-5.6351757689692805,50
515150,-13.01662338370999,50
515200,-7.8805004456248025,50
515250,-2.7184216754648887,50
515300,-7.528728198706313,50
515350,-5.813559195887176,50
515400,-9.54032880127737,50
515450,-6.098236417491485,50
515500,-4.980879794233366,50
515550,-4.80031037353319,50
515600,-11.113063312138793,50
515650,-10.106296483076978,50
515700,-6.381387806890927,50
515750,-3.3374505935194136,50
515800,-7.939739597968732,50
515850,-8.668463113169732,50
515900,-2.344807598633861,50
515950,-6.034134949884283,50
516000,-8.311961282453417,50
516050,-4.351927541588839,50
516100,-4.1840957693046485,50
516150,-8.220072282103867,50
516200,-8.93384592046336,50
516250,-5.708130592044301,50
516300,-6.265237976590471,50
516350,-9.249595262089658,50
516400,-5.110303597788761,50
516450,-5.857618033157668,50
516500,-10.461895308096238,50
516550,-3.769655146437087,50
516600,-6.897399573453536,50
516650,-9.482783374949603,50
516700,-5.911711026043934,50
516750,-8.492686020920857,50
516800,-7.830263849823021,50
516850,-6.744629357868958,50
516900,-9.384089821053786,50
516950,-1.309391585441877,50
517000,-3.596317673744699,50
517050,-2.457591333248943,50
517100,-6.478890452481176,50
517150,-6.334781359459628,50
517200,-5.968524595003599,50
517250,-6.220105761576363,50
517300,-5.902342530018712,50
517350,-5.534667740358021,50
517400,-8.136185021760536,50
517450,-5.017749026946009,50
517500,-4.91195680198931,50
517550,-6.693446566519837,50
517600,-5.994174170026349,50
517650,-6.868096005178525,50
517700,-8.93671530846776,50
517750,-1.7291481586057882,50
517800,-7.427744147953388,50
517850,-6.045414359423854,50
517900,-7.275720587487646,50
517950,-2.014010968895738,50
518000,-7.520799551673411,50
518050,-6.773614947076159,50
518100,-5.088359352995529,50
518150,-7.256734000584677,50
518200,-1.1289745650844447,50
518250,-4.2214240418043145,50
518300,-8.627529006376246,50
518350,-6.194213289811296,50
518400,-9.440738453823842,50
518450,-4.585095297145934,50
518500,-8.04730281497557,50
518550,-8.349947972378269,50
518600,-9.533976554158798,50
518650,-6.78540511012898,50
518700,-5.604141717259826,50
518750,-2.8075986603588974,50
518800,-2.7427452399816126,50
518850,-7.30349263146932,50
518900,-5.8894275826936004,50
518950,-7.262252868852753,50
519000,-7.9226919417937784,50
519050,-7.147749170677067,50
519100,-4.920066485347309,50
519150,-9.1501160822838,50
519200,-6.449724872635423,50
519250,-2.232020939585893,50
519300,-5.175525741466894,50
519350,-7.552877526405682,50
519400,-10.020067270055879,50
519450,-7.552106182518423,50
519500,-8.951062964633964,50
519550,-9.011426328603063,50
519600,-9.32810046637473,50
519650,-5.9259097538580505,50
519700,-6.349874557986178,50
519750,-8.311613195270537,50
519800,-5.9996173397198,50
519850,-10.463139567920901,50
519900,-8.8859138517418,50
519950,-3.517929957256651,50
520000,-9.40918127984847,50
520050,-2.11933595447348,50
520100,-7.1098492077020605,50
520150,-5.611023065455584,50
520200,-13.074399228524983,50
520250,-9.030836198445622,50
520300,-5.938748000571839,50
520350,-8.544836271945929,50
520400,-9.420193067049222,50
520450,-7.166214182496666,50
520500,-5.873312813043469,50
520550,-8.370282726885524,50
520600,-8.185432732663498,50
520650,-7.830910524234535,50
520700,-6.547038641187566,50
520750,-6.229679097326369,50
520800,-6.4657338040498225,50
520850,-5.073235764059935,50
520900,-5.3087801578423806,50
520950,-6.989009286497629,50
521000,-6.396609189008175,50
521050,-6.34848787153636,50
521100,-6.447681255576135,50
521150,-6.641004162771919,50
521200,-8.867151344455804,50
521250,-7.247901396094503,50
521300,-9.274814909060442,50
521350,-13.436542247201297,50
521400,-12.196466167443463,50
521450,-9.554985451582285,50
521500,-6.444585586216018,50
521550,-6.316259415624542,50
521600,-7.829659573709699,50
521650,-5.701245921258456,50
521700,-5.369956889023539,50
521750,-4.9606986706155265,50
521800,-5.714889489838659,50
521850,-6.744815372442597,50
521900,-8.347880307749016,50
521950,-2.9754545005895605,50
522000,-8.871731638029004,50
522050,-6.400071226401645,50
522100,-4.846206631784553,50
522150,-2.7018409599065993,50
522200,-4.239058854380119,50
522250,-3.2552286127586463,50
522300,-8.427415272676756,50
522350,-9.045280815842645,50
522400,-6.731862747245462,50
522450,-10.602330946787898,50
522500,-4.348504020176146,50
522550,-7.5523995390157275,50
522600,-8.281884510885172,50
522650,-4.081120968862141,50
522700,-13.3086413634432,50
522750,-7.54256120635354,50
522800,-8.991006554516186,50
522850,-5.507948763292949,50
522900,-6.61664472391276,50
522950,-3.0860912256640893,50
523000,-10.621709364764772,50
523050,-6.215183600195178,50
523100,-7.319114583401254,50
523150,-5.7544816744416964,50
523200,-2.6485858223024117,50
523250,-7.64594004053605,50
523300,-9.753783074392867,50
523350,-7.646273139396515,50
523400,-7.39472361711089,50
523450,-6.080515501240816,50
523500,-7.728529501233055,50
523550,-6.2607152332348806,50
523600,-4.063488355945876,50
523650,-3.9863112292233245,50
523700,-4.377208385184151,50
523750,-8.082263209670293,50
523800,-5.922000478131435,50
523850,-2.509306606040414,50
523900,-9.40530913533835,50
523950,-8.345959141175538,50
524000,-8.153771049935918,50
524050,-8.466100924873594,50
524100,-6.592491888776118,50
524150,-4.70589640758206,50
524200,-7.205366661389755,50
524250,-8.60298427933851,50
524300,-8.297165910002407,50
524350,-6.184441469437703,50
524400,-3.647160073766077,50
524450,-9.235943219551197,50
524500,-6.503261854322744,50
524550,-4.528945121498754,50
524600,-3.201748227358969,50
524650,-3.836557894202099,50
524700,-7.598005113217705,50
524750,-5.396596986345594,50
524800,-11.136431881767724,50
524850,-7.238529392561986,50
524900,-4.178770268377785,50
524950,-0.9080284961592788,50
525000,-0.9593209192191843,50
525050,-7.4518113207088215,50
525100,-6.389345295230269,50
525150,-6.696607742813533,50
525200,-5.012746445226048,50
525250,-9.89347945355898,50
525300,-7.316251309977774,50
525350,-8.767829485632086,50
525400,-5.468933298253417,50
525450,-8.165035375845033,50
525500,-7.2567274872937615,50
525550,-6.305227361102463,50
525600,-6.349769164542696,50
525650,-3.451109151768224,50
525700,-6.191830538407453,50
525750,-5.814822872838304,50
525800,-6.9339453044025685,50
525850,-11.170583071052532,50
525900,-11.383176227765722,50
525950,-7.832082974473915,50
526000,-12.592836254518488,50
526050,-5.085360747215083,50
526100,-5.7434652171609795,50
526150,-2.8529143295911585,50
526200,-5.022424030614414,50
526250,-3.953970457602853,50
526300,-9.489796147864975,50
526350,-7.890598807515991,50
526400,-7.667702010855472,50
526450,-4.597083895283636,50
526500,-7.707459391631769,50
526550,-8.676631380988043,50
526600,-6.597836068771839,50
526650,-6.088333009744722,50
526700,-6.415541621874702,50
526750,-6.344161861664659,50
526800,-8.35410363746382,50
526850,-7.433585821754168,50
526900,-10.011819205109115,50
526950,-3.9722484751564977,50
527000,-6.975081684041201,50
527050,-3.655413665565622,50
527100,-8.242206187658343,50
527150,-9.034866000331688,50
527200,-5.510903794759087,50
527250,-7.189940385349685,50
527300,-7.403410204479723,50
527350,-3.037289276782527,50
527400,-8.274803442379175,50
527450,-6.014200148283976,50
527500,-7.8083059743968235,50
527550,-5.871707520593975,50
527600,-6.9139093682265855,50
527650,-5.380528715042188,50
527700,-7.140863348705689,50
527750,-4.8309615257279575,50
527800,-6.362482186131805,50
527850,-7.828606299241381,50
527900,-5.0798774848220525,50
527950,-9.84431921299735,50
528000,-4.332939208063111,50
528050,-5.158874007597263,50
528100,-2.5114325674019633,50
528150,-4.061698545424446,50
528200,-2.205398578157839,50
528250,-3.7302142017897655,50
528300,-3.9229991794130292,50
528350,-5.7128225916787665,50
528400,-10.75591630718369,50
528450,-10.23281544819455,50
528500,-5.51300778666046,50
528550,-6.018437207824429,50
528600,-6.8312849439979955,50
528650,-8.451737692412198,50
528700,-7.067882133140559,50
528750,-7.967090998444706,50
528800,-8.498866083980777,50
528850,-5.339465140757371,50
528900,-7.117495606771022,50
528950,-5.74770072123453,50
529000,-10.022808279946933,50
529050,-6.647945085082081,50
529100,-7.488393611044887,50
529150,-6.148801124465044,50
529200,-4.851582430253937,50
529250,-7.115602342298463,50
529300,-9.70796915523517,50
529350,-9.120935318477587,50
529400,-11.042967525278758,50
529450,-6.987336543253897,50
529500,-4.217238852365346,50
529550,-7.387079946735913,50
529600,-10.326420432725243,50
529650,-7.70052450088563,50
529700,-8.524570447479157,50
529750,-4.244777961369848,50
529800,-11.953686414340096,50
529850,-4.769712597839215,50
529900,-13.025414893809478,50
529950,-5.820293180621187,50
530000,-8.765533894281194,50
530050,-5.876847479921668,50
530100,-6.7963107063704316,50
530150,-6.413118895438016,50
530200,-8.325997513979008,50
530250,-5.221499931588801,50
530300,-6.323345813234416,50
530350,-7.09226821818078,50
530400,-8.259496197346248,50
530450,-5.972004172916445,50
530500,-3.610002886422504,50
530550,-5.1611914194133925,50
530600,-4.905221828424184,50
530650,-5.340111442393265,50
530700,-3.98892540234716,50
530750,-6.462775928558896,50
530800,-7.108742268985042,50
530850,-8.256016767287985,50
530900,-7.403923025264858,50
530950,-7.909094133841096,50
531000,-8.316481466785744,50
531050,-6.448580522096559,50
531100,-6.723163699925496,50
531150,-9.91939389557852,50
531200,-6.334220537830968,50
531250,-13.261706686056998,50
531300,-6.3642810281613835,50
531350,-12.838377396146457,50
531400,-5.548126199434808,50
531450,-8.174764825638102,50
531500,-6.423282226471259,50
531550,-6.402279218002731,50
531600,-5.845321834480779,50
531650,-7.9216356508046815,50
531700,-8.356880322667068,50
531750,-5.49936229352291,50
531800,-6.150470141430266,50
531850,-5.754264049646658,50
531900,-8.554330421306156,50
531950,-5.769215430681929,50
532000,-3.764772957147122,50
532050,-7.517355510181896,50
532100,-7.162841168232061,50
532150,-7.556793115047738,50
532200,-12.544770346415845,50
532250,-5.0609266791605405,50
532300,-2.779716287410724,50
532350,-4.134810797634458,50
532400,-6.426181899005617,50
532450,-4.810121540087275,50
532500,-5.848401424943646,50
532550,-5.038802649179784,50
532600,-2.9656322155915076,50
532650,-4.470109260288508,50
532700,-7.759157749945838,50
532750,-6.812313691269418,50
532800,-3.6255387947624995,50
532850,-4.29813504892466,50
532900,-5.672255809753426,50
532950,-5.6815340048081096,50
533000,-8.115099018015133,50
533050,-9.53309637841306,50
533100,-7.263195408281171,50
533150,-3.2534335657923523,50
533200,-5.398411917275682,50
533250,-4.139138616611071,50
533300,-12.6744791626946,50
533350,-5.768778170052114,50
533400,-6.898306893629268,50
533450,-1.5726252579811024,50
533500,-6.753723971764243,50
533550,-5.902892471590916,50
533600,-7.656242696938238,50
533650,-5.372303822477792,50
533700,-9.229263345361025,50
533750,-6.00638458915461,50
533800,-9.770678231771912,50
533850,-7.965051622393069,50
533900,-9.271473961196346,50
533950,-6.724839990366448,50
534000,-5.698223375119535,50
534050,-8.200928473917129,50
534100,-6.5174001495521,50
534150,-5.7391274933789544,50
534200,-2.110579674714485,50
534250,-8.80419277721818,50
534300,-10.27531607447661,50
534350,-5.9268705227998915,50
534400,-7.246366510749695,50
534450,-8.51692893867766,50
534500,-6.939695111922354,50
534550,-10.404165700078403,50
534600,-4.563354962629313,50
534650,-4.253838406433967,50
534700,-8.395120537870126,50
534750,-5.607990585134565,50
534800,-9.43970958546474,50
534850,-1.153193167272685,50
534900,-6.391455456559535,50
534950,-8.598399290762673,50
535000,-7.732651558768833,50
535050,-11.12941645031766,50
535100,-6.105172124253522,50
535150,-6.5138060679242855,50
535200,-7.69232871974908,50
535250,-8.662167225996324,50
535300,-7.273041909847671,50
535350,-9.08887539918629,50
535400,-7.357712232775062,50
535450,-7.644613791120539,50
535500,-4.415555939369126,50
535550,-6.045715367334433,50
535600,-7.304854068342825,50
535650,-6.301137650265702,50
535700,-7.05216761717082,50
535750,-6.361657647457705,50
535800,-6.380934597229661,50
535850,-5.016843098633688,50
535900,-2.391146200275833,50
535950,-7.216174254181225,50
536000,-6.463396070648977,50
536050,-9.499009696080766,50
536100,-9.79929149766755,50
536150,-8.036217226176442,50
536200,-3.8152014847455713,50
536250,-7.933495118468132,50
536300,-8.110104046552255,50
536350,-5.249149296087622,50
536400,-6.5488668634171265,50
536450,-8.356353782853118,50
536500,-9.603798188872986,50
536550,-5.019831700561517,50
536600,-10.878525939126233,50
536650,-9.644173362080526,50
536700,-7.924055733032429,50
536750,-7.177916101740012,50
536800,-9.901235259910528,50
536850,-11.812308511749317,50
536900,-2.342918127033171,50
536950,-6.555394130507405,50
537000,-8.769277669160292,50
537050,-1.4826681484291324,50
537100,-7.745461770425857,50
537150,-8.074594904159216,50
537200,-4.830281209085724,50
537250,-10.365972807412332,50
537300,-7.199850325987502,50
537350,-6.004039206027959,50
537400,-8.40560994544061,50
537450,-7.969700983832962,50
537500,-11.304070084687122,50
537550,-10.3357882302056,50
537600,-10.395711562628412,50
537650,-10.502033386257565,50
537700,-8.57845602066755,50
537750,-8.916566527714611,50
537800,-5.97290063470877,50
537850,-7.952624949390043,50
537900,-7.3951389703765535,50
537950,-3.6606817151044555,50
538000,-6.918243303396734,50
538050,-7.448693165230129,50
538100,-9.843173203342307,50
538150,-8.9271096150432,50
538200,-6.0056047339542555,50
538250,-7.021536024065722,50
538300,-7.890212750403015,50
538350,-8.793070627694407,50
538400,-6.714075957816563,50
538450,-3.710734547596767,50
538500,-10.221519074580693,50
538550,-5.706483814509458,50
538600,-7.444330652397442,50
538650,-8.128489742711587,50
538700,-6.6525517984752796,50
538750,-4.575431796745455,50
538800,-4.15090347651961,50
538850,-5.220529271490955,50
538900,-7.172675677376425,50
538950,-11.40410890410231,50
539000,-7.267470201332417,50
539050,-3.6757553136968215,50
539100,-7.716755387276266,50
539150,-7.7854245953432795,50
539200,-5.462081786772148,50
539250,-6.966671470364318,50
539300,-7.081866643271673,50
539350,-8.810914842260706,50
539400,-3.359529652963695,50
539450,-9.03735428016165,50
539500,-5.52788351478487,50
539550,-9.791182383318747,50
539600,-3.6756480915623433,50
539650,-7.213352836417635,50
539700,-5.487787099250376,50
539750,-2.7865960893998523,50
539800,-5.102889271341953,50
539850,-8.837608196344972,50
539900,-7.36707195885386,50
539950,-2.253980484773326,50
540000,-6.293403246706287,50
540050,-13.96993820435939,50
540100,-1.6724423654844598,50
540150,-5.179693329175335,50
540200,-3.011149710433989,50
540250,-4.639340346582972,50
540300,-6.827256781067809,50
540350,-11.22083585822124,50
540400,-8.379664484790847,50
540450,-6.738736849728188,50
540500,-8.816188349489641,50
540550,-9.190539467111977,50
540600,-2.0834906906594717,50
540650,-5.124121396392917,50
540700,-8.28539457619667,50
540750,-7.292949328988568,50
540800,-1.555147941135184,50
540850,-3.7250042833016797,50
540900,-8.076523250226012,50
540950,-5.669537813764682,50
541000,-8.602856950910274,50
541050,-7.862932933610175,50
541100,-11.755761554861003,50
541150,-7.733343225567558,50
541200,-3.779622229047256,50
541250,-10.397319696372247,50
541300,-3.129269754946731,50
541350,-6.5569559219522935,50
541400,-6.384089689820939,50
541450,-6.888521243525476,50
541500,-9.578178882600954,50
541550,-5.377141010639014,50
541600,-9.25775260091665,50
541650,-8.371567387023077,50
541700,-5.92687791546088,50
541750,-8.034849363168838,50
541800,-5.579376838930703,50
541850,-8.026139009176738,50
541900,-5.047495748927725,50
541950,-2.657782341523625,50
542000,-6.770642853204478,50
542050,-5.984304986406226,50
542100,-3.6899619498968637,50
542150,-5.243066520026018,50
542200,-5.625334993253805,50
542250,-10.503842972772208,50
542300,-8.75129857818783,50
542350,-5.653180180052643,50
542400,-2.9209983724592727,50
542450,-7.30289806715901,50
542500,-9.40595235131664,50
542550,-1.9659792680778148,50
542600,-3.967760416306439,50
542650,-8.172308406129952,50
542700,-5.090162275697955,50
542750,-5.406330327028207,50
542800,-4.74791722861174,50
542850,-9.877606002171321,50
542900,-6.147816105961464,50
542950,-6.915033221278028,50
543000,-3.5466213314905715,50
543050,-4.093934588410092,50
543100,-9.034341905604203,50
543150,-8.300339012476742,50
543200,-5.299433071626316,50
543250,-5.0195950392345745,50
543300,-5.96353901753093,50
543350,-8.8542389699901,50
543400,-3.6789679151610803,50
543450,-5.499347164858564,50
543500,-10.799976794655324,50
543550,-8.57537631972127,50
543600,-8.39648805753185,50
543650,-7.4764065629664875,50
543700,-8.173575040805721,50
543750,-8.926715954857375,50
543800,-4.349872617599605,50
543850,-4.379000947171899,50
543900,-6.73305582855563,50
543950,-7.739570909008462,50
544000,-3.087903884764557,50
544050,-8.324626205636639,50
544100,-8.351600952651706,50
544150,-8.083993827929644,50
544200,-7.052687167770794,50
544250,-8.693219238875733,50
544300,-7.880674423713731,50
544350,-7.811382474923043,50
544400,-5.961352147086042,50
544450,-3.749124717576578,50
544500,-9.562526695478455,50
544550,-4.9298165993069185,50
544600,-7.7152809881352695,50
544650,-10.643219233007054,50
544700,-4.468414679363676,50
544750,-5.432787573557283,50
544800,-10.362676024327127,50
544850,-6.1586615022018405,50
544900,-10.8152583470654,50
544950,-3.630009238075918,50
545000,-5.167281311977061,50
545050,-7.04861807925489,50
545100,-5.087152711348239,50
545150,-9.03712279422691,50
545200,-5.636048701254695,50
545250,-6.0891428015149,50
545300,-7.12711636271499,50
545350,-7.924029355488102,50
545400,-8.000581408204264,50
545450,-3.8540130590678476,50
545500,-6.8558158827005915,50
545550,-4.871602500856419,50
545600,-7.630258464893029,50
545650,-8.295086757754543,50
545700,-1.5475409981392128,50
545750,-7.842507169281043,50
545800,-1.9171986057764177,50
545850,-4.475166968529069,50
545900,-8.542926283143622,50
545950,-7.319871001903413,50
546000,-3.992483892905555,50
546050,-7.536104777793894,50
546100,-9.097619756567848,50
546150,-6.218884010208368,50
546200,-8.164955192706545,50
546250,-8.983685373277133,50
546300,-6.823013094342159,50
546350,-4.080618982586277,50
546400,-7.278737345072915,50
546450,-5.587437262247756,50
546500,-3.8643233318088743,50
546550,-5.0250155133106995,50
546600,-6.372626245795891,50
546650,-7.66530407603895,50
546700,-8.792846087352354,50
546750,-4.330822580377059,50
546800,-7.465785988521326,50
546850,-8.616214110025478,50
546900,-5.641267540471798,50
546950,-3.3878096593695592,50
547000,-1.4514803020189817,50
547050,-6.892341322130229,50
547100,-5.621762289243449,50
547150,-6.408247786501615,50
547200,-6.280247636416191,50
547250,-6.262419296627146,50
547300,-9.098227794465124,50
547350,-5.381445278595608,50
547400,-6.82966387693989,50
547450,-3.569325825711529,50
547500,-5.572790397381059,50
547550,-5.636327196721094,50
547600,-8.43670698874325,50
547650,-9.902348148183918,50
547700,-6.3445389144602435,50
547750,-8.886529307934744,50
547800,-8.853907583800655,50
547850,-6.190431463324551,50
547900,-3.8285767952635745,50
547950,-6.649012084934791,50
548000,-7.356553419073237,50
548050,-6.56967936999063,50
548100,-5.516058480898764,50
548150,-5.957720574300933,50
548200,-6.2920922160872115,50
548250,-5.411520928225798,50
548300,-6.809304380191508,50
548350,-7.89265223041718,50
548400,-6.5445210515598955,50
548450,-5.153818990653177,50
548500,-6.4057519036927,50
548550,-12.889741057403699,50
548600,-8.51570619056121,50
548650,-2.5772273063684845,50
548700,-7.528129522242551,50
548750,-7.996559963767548,50
548800,-5.203068515847188,50
548850,-11.520591640903024,50
548900,-4.033692970116971,50
548950,-6.31908895703686,50
549000,-6.7897681568524275,50
549050,-4.3028026442236715,50
549100,-5.509086016691999,50
549150,-2.8873118346217828,50
549200,-7.05526384240254,50
549250,-6.6858126456841545,50
549300,-6.394496001438326,50
549350,-5.176823191487606,50
549400,-7.338469122587995,50
549450,-6.911391548049626,50
549500,-6.892165868562263,50
549550,-7.078373252690367,50
549600,-6.402884505228367,50
549650,-7.878095382883925,50
549700,-8.574638152998697,50
549750,-8.082431813821767,50
549800,-5.079840202849983,50
549850,-3.6567719605172995,50
549900,-2.3229619594136848,50
549950,-9.390680284419588,50
550000,-3.876090511534212,50
550050,-1.2142465987506843,50
550100,-6.9196063263664636,50
550150,-8.018987303114502,50
550200,-9.057964599051111,50
550250,-7.014150276737291,50
550300,-7.593372520564334,50
550350,-5.732578113935836,50
550400,-1.7400209139864171,50
550450,-9.348804629885382,50
550500,-7.907883615463397,50
550550,-6.09026694881992,50
550600,-4.960261135777324,50
550650,-4.871750338771969,50
550700,-6.093137068035025,50
550750,-3.2329331580579996,50
550800,-6.632231783165353,50
550850,-7.256059527024135,50
550900,-8.723861372735648,50
550950,-13.826845392256555,50
551000,-7.054402319606647,50
551050,-6.898177481520179,50
551100,-2.4715546508232342,50
551150,-6.748317625407934,50
551200,-5.766670639718524,50
551250,-6.992901338306566,50
551300,-6.792248069009334,50
551350,-4.85629317665778,50
551400,-9.672044157599574,50
551450,-5.226975774460095,50
551500,-4.413207019077413,50
551550,-3.647471498067017,50
551600,-8.049227845699154,50
551650,-6.613456244187339,50
551700,-3.021757546669764,50
551750,-5.290442944598012,50
551800,-1.9452483442465442,50
551850,-5.834116113363154,50
551900,-3.410352449922863,50
551950,-8.614521883585162,50
552000,-6.578348267633916,50
552050,-11.759844467538906,50
552100,-5.0741498480799985,50
552150,-9.211566542572369,50
552200,-6.124539986075325,50
552250,-6.696454515832775,50
552300,-9.680349505743647,50
552350,-5.731132396312606,50
552400,-7.640532631872078,50
552450,-1.4649839705652752,50
552500,-3.1991436619519598,50
552550,-10.292080177068593,50
552600,-9.231776813743764,50
552650,-6.569509128210287,50
552700,-7.243071949391587,50
552750,-7.333248096681683,50
552800,-4.192076743500621,50
552850,-8.70163227944912,50
552900,-4.01710761882908,50
552950,-8.710976606197452,50
553000,-9.93420539752042,50
553050,-9.391008272880912,50
553100,-2.295316527550029,50
553150,-3.3900886574110682,50
553200,-5.8662853702138795,50
553250,-4.779141517559465,50
553300,-8.115275746288937,50
553350,-5.4703176879486355,50
553400,-3.536326685704002,50
553450,-6.409907467144287,50
553500,-10.069508134032905,50
553550,-6.172912266273235,50
553600,-6.598972058570015,50
553650,-1.824274544590818,50
553700,-2.9892904885814753,50
553750,-5.863773132872428,50
553800,-5.698638214833334,50
553850,-5.125600411499028,50
553900,-9.47903401120613,50
553950,-8.642839892199511,50
554000,-6.848414969910047,50
554050,-10.868959518641164,50
554100,-7.625779866679115,50
554150,-4.0407099672812645,50
554200,-9.615862029774997,50
554250,-4.3596798998271105,50
554300,-7.1100989080530494,50
554350,-3.5885515622669715,50
554400,-7.653591763340785,50
554450,-8.374793248784464,50
554500,-6.047306009102699,50
554550,-10.56601859405527,50
554600,-8.58522819841793,50
554650,-9.929478523288434,50
554700,-3.2349432012156387,50
554750,-5.87160602700225,50
554800,-3.5473044426481115,50
554850,-3.7772048367485143,50
554900,-8.687246151058105,50
554950,-5.580512451967862,50
555000,-4.188113134836627,50
555050,-8.718596444552283,50
555100,-5.307348427718999,50
555150,-5.830757842027398,50
555200,-8.472625938490042,50
555250,-5.525810728532571,50
555300,-4.163083483644426,50
555350,-5.289478619000387,50
555400,-10.573147567209144,50
555450,-5.653674731759099,50
555500,-4.635028305304169,50
555550,-9.693737426031495,50
555600,-6.787094446374341,50
555650,-8.941599346154632,50
555700,-5.911716311593943,50
555750,-10.60966246530001,50
555800,-10.181976265341486,50
555850,-4.945566525138405,50
555900,-5.867285168960262,50
555950,-4.958945445354762,50
556000,-4.999112804909503,50
556050,-9.291368818352876,50
556100,-8.250429293017406,50
556150,-9.024941614966433,50
556200,-5.471894279807728,50
556250,-7.123397439284821,50
556300,-5.6104238630136285,50
556350,-10.107925493999533,50
556400,-6.901299930190015,50
556450,-6.238947902882874,50
556500,-7.073318260701861,50
556550,-9.471480921744991,50
556600,-4.688619283557612,50
556650,-6.4748124624453425,50
556700,-5.064651576682719,50
556750,-8.851427771436983,50
556800,-3.8129728232887765,50
556850,-11.114629739105148,50
556900,-6.560358797762309,50
556950,-9.07291818755665,50
557000,-6.954261174061662,50
557050,-6.58047092626631,50
557100,-7.488890212256597,50
557150,-3.378392206850928,50
557200,-6.203706510718286,50
557250,-6.72778688365911,50
557300,-8.03066059905388,50
557350,-10.033895122036311,50
557400,-7.167102040046132,50
557450,-7.046781697800235,50
557500,-5.912058993440172,50
557550,-9.757747178354798,50
557600,-7.6526174872800246,50
557650,-8.450860088607968,50
557700,-7.3932594957144335,50
557750,-8.849624480988739,50
557800,-9.780449930633775,50
557850,-2.425247293386781,50
557900,-3.9002421290341913,50
557950,-5.207446729530001,50
558000,-6.029349264210967,50
558050,-9.382962332539437,50
558100,-9.902794751181663,50
558150,-4.75905876799683,50
558200,-3.3622133970779498,50
558250,-6.735956598382232,50
558300,-7.364714737163777,50
558350,-7.229774207636443,50
558400,-1.5894730184043357,50
558450,-5.402825804731376,50
558500,-3.107661655088039,50
558550,-9.222141686990044,50
558600,-4.156710972079066,50
558650,-8.350695887481324,50
558700,-9.539644293335463,50
558750,-6.938393622548075,50
558800,-8.071625720383967,50
558850,-2.9978811660975007,50
558900,-5.410828278092668,50
558950,-3.6516532818346925,50
559000,-5.7149667478581385,50
559050,-9.026563408914045,50
559100,-8.620815363658428,50
559150,-6.011120057927707,50
559200,-6.830526905706898,50
559250,-5.133139010743646,50
559300,-3.241450473485213,50
559350,-6.663128764613451,50
559400,-6.750764004525189,50
559450,-3.285245775877813,50
559500,-6.204035218862442,50
559550,-7.561570912090396,50
559600,-10.823484279254805,50
559650,-5.890874741771345,50
559700,-8.718594798798488,50
559750,-6.308272473311343,50
559800,-8.694694779840521,50
559850,-6.8479577479000096,50
559900,-5.410396259443937,50
559950,-6.034769351881453,50
560000,-5.951599330835253,50
560050,-10.267756857648708,50
560100,-7.4068636290746,50
560150,-5.324884412275611,50
560200,-8.951233656941941,50
560250,-4.8877267245468685,50
560300,-5.103054549334825,50
560350,-5.792116629567426,50
560400,-3.911564329918464,50
560450,-3.2508649980868483,50
560500,-5.452442158698378,50
560550,-7.594609270081888,50
560600,-2.8527678478027303,50
560650,-5.112168859980958,50
560700,-3.43217938105462,50
560750,-8.949640918595781,50
560800,-3.1661182799618466,50
560850,-6.732587652103401,50
560900,-11.137243017081888,50
560950,-6.758867931756254,50
561000,-5.665109535008849,50
561050,-8.586040750840647,50
561100,-6.089852816098568,50
561150,-4.919543082315482,50
561200,-4.99415357997229,50
561250,-3.8864957377881932,50
561300,-7.915159842897707,50
561350,-7.481530254939362,50
561400,-8.413489701844018,50
561450,-10.796585958331013,50
561500,-3.421571431054298,50
561550,-9.74065286165905,50
561600,-7.149535987543423,50
561650,-9.721826480247701,50
561700,-8.588500577797815,50
561750,-8.169257743473107,50
561800,-10.961898136847335,50
561850,-6.126292598530401,50
561900,-9.213979993144234,50
561950,-4.845510166060556,50
562000,-9.523364065280681,50
562050,-5.576740995952636,50
562100,-1.8448045920901948,50
562150,-7.788607689021594,50
562200,-8.441439231903,50
562250,-2.8909572829366033,50
562300,-4.78458490228762,50
562350,-3.155605252557315,50
562400,-7.73931830527878,50
562450,-6.323236935695108,50
562500,-6.254909322180971,50
562550,-3.2369680378683987,50
562600,-8.304480103101605,50
562650,-5.483901813793113,50
562700,-4.365654553756669,50
562750,-7.927338043487392,50
562800,-10.740306299076043,50
562850,-5.0887334194670695,50
562900,-6.935909394369474,50
562950,-6.711946675762334,50
563000,-1.528824253852028,50
563050,-7.614358291541524,50
563100,-4.209199651675443,50
563150,-5.18308294159574,50
563200,-2.3624001192362276,50
563250,-7.3909937406149355,50
563300,-8.171822258211774,50
563350,-7.7703624470485,50
563400,-7.7139811268645255,50
563450,-8.071404845992951,50
563500,-7.595274754345939,50
563550,-3.3567699940298215,50
563600,-9.938721598929876,50
563650,-5.069498486528102,50
563700,-5.873160622693458,50
563750,-6.53055158336769,50
563800,-5.789494978078344,50
563850,-7.80504678733122,50
563900,-8.596803251509225,50
563950,-3.9464066405578775,50
564000,-5.957004661493174,50
564050,-3.864409333166959,50
564100,-6.3468610606420786,50
564150,-4.572288491354154,50
564200,-7.358187757394758,50
564250,-6.101890258382712,50
564300,-8.877476677126051,50
564350,-10.32531832137057,50
564400,-6.486211200792501,50
564450,-3.6284215925399685,50
564500,-8.654031225196865,50
564550,-5.691830221550676,50
564600,-6.568567172147397,50
564650,-5.432809890311099,50
564700,-5.702381580839931,50
564750,-8.029290876041319,50
564800,-7.156746107303393,50
564850,-7.241645293081475,50
564900,-5.510666168098823,50
564950,-1.4870414397561453,50
565000,-10.688644611388225,50
565050,-6.310760989360289,50
565100,-13.401534747947075,50
565150,-7.970567571103755,50
565200,-1.211006008988035,50
565250,-10.763663456538817,50
565300,-5.815102775707562,50
565350,-5.353975526008174,50
565400,-4.862683645487294,50
565450,-6.308925586712958,50
565500,-3.9871047923463174,50
565550,-5.870355240347547,50
565600,-6.074283871391856,50
565650,-6.511092298304098,50
565700,-6.971835676380568,50
565750,-5.326845118300053,50
565800,-8.396124924253446,50
565850,-6.294789477301154,50
565900,-7.703378046106127,50
565950,-6.53724480584313,50
566000,-4.1788344240085,50
566050,-7.4332950923656345,50
566100,-8.51343330907669,50
566150,-4.7007776708448334,50
566200,-5.349634907018016,50
566250,-5.415367061696006,50
566300,-8.62663129610207,50
566350,-2.1601102684835265,50
566400,-6.195369322385646,50
566450,-4.56918797389679,50
566500,-5.103152399941189,50
566550,-3.846718725155373,50
566600,-5.830460869854562,50
566650,-8.067190271367847,50
566700,-6.586575946873989,50
566750,-6.911250767739119,50
566800,-5.454627239592239,50
566850,-5.318521969297498,50
566900,-6.301881305148988,50
566950,-5.106050890954543,50
567000,-8.472922285960406,50
567050,-8.172285194022752,50
567100,-3.9722561141696,50
567150,-5.987799560064349,50
567200,-8.606784260068551,50
567250,-5.283947638762899,50
567300,-6.0468050878052795,50
567350,-6.013490094230744,50
567400,-11.531348360830714,50
567450,-7.01541739235214,50
567500,-8.162932364779909,50
567550,-5.899663761104661,50
567600,-4.515448331263917,50
567650,-1.3102222085231041,50
567700,-2.8105403370367905,50
567750,-3.9121889695456473,50
567800,-8.09155610390686,50
567850,-7.603093678421306,50
567900,-3.7343957960921466,50
567950,-7.322810645112611,50
568000,-5.663725700687784,50
568050,-3.6814411911013227,50
568100,-7.78600212051464,50
568150,-3.4107131905144032,50
568200,-7.600692862741801,50
568250,-4.5797363193681635,50
568300,-7.17944324541924,50
568350,-8.075953915062017,50
568400,-1.9318622609055838,50
568450,-11.611725173101878,50
568500,-4.05337033294808,50
568550,-2.189937166558307,50
568600,-7.748894437191223,50
568650,-5.663346494746949,50
568700,-6.084436221375897,50
568750,-7.677804864442673,50
568800,-5.584394211474772,50
568850,-6.777431676827093,50
568900,-5.408522498014266,50
568950,-5.048435714948619,50
569000,-9.432442111842409,50
569050,-5.1486908393950355,50
569100,-7.684752489575388,50
569150,-7.653903385644784,50
569200,-7.578671632945088,50
569250,-6.428572845568113,50
569300,-10.154433001448037,50
569350,-7.961454603727695,50
569400,-10.031854682148191,50
569450,-9.234712242850435,50
569500,-5.076853817460814,50
569550,-7.433613224369624,50
569600,-9.248875505470433,50
569650,-3.265533005823186,50
569700,-2.951397584355856,50
569750,-7.9775795882895935,50
569800,-10.606084383653796,50
569850,-7.579061367420821,50
569900,-4.4961369991928,50
569950,-5.260952012997325,50
570000,-8.22408380405563,50
570050,-7.196583587203219,50
570100,-6.115221500248778,50
570150,-5.742389987423842,50
570200,-3.4931942132813543,50
570250,-4.324455788806156,50
570300,-7.277454651872615,50
570350,-11.298023003339488,50
570400,-6.532932822633754,50
570450,-4.110526183561512,50
570500,-8.163981175920531,50
570550,-6.69877830213808,50
570600,-2.760164484430515,50
570650,-5.601823366473854,50
570700,-5.867491942000222,50
570750,-3.491178362034656,50
570800,-7.177593740787347,50
570850,-3.4147867745421467,50
570900,-6.414539406045561,50
570950,-10.516049561050473,50
571000,-6.594328552129813,50
571050,-5.195247368309753,50
571100,-8.270456077051135,50
571150,-1.543058464720458,50
571200,-6.503222440718332,50
571250,-5.729915493238547,50
571300,-3.757350268109908,50
571350,-4.676998691203644,50
571400,-10.285171526955596,50
571450,-5.3129682435506975,50
571500,-8.046301420409698,50
571550,-9.441662068056779,50
571600,-5.596675339656237,50
571650,-8.146234114314433,50
571700,-6.2973200752130465,50
571750,-2.848775574648661,50
571800,-6.69597481883108,50
571850,-6.052126427752923,50
571900,-3.189216028782527,50
571950,-5.566216022109555,50
572000,-6.149532106017861,50
572050,-7.369279675285771,50
572100,-10.063960073549246,50
572150,-2.4472038221033543,50
572200,-5.072524446151151,50
572250,-5.197767605719725,50
572300,-8.529737786833506,50
572350,-4.237682369456815,50
572400,-10.19651370112013,50
572450,-3.8312958745080965,50
572500,-7.846508536805602,50
572550,-8.425760514010223,50
572600,-5.484876766086276,50
572650,-4.5082082415436195,50
572700,-7.8916494593030215,50
572750,-3.423974739491686,50
572800,-4.294650393915019,50
572850,-5.118283995494364,50
572900,-4.799736359192144,50
572950,-8.627505908790335,50
573000,-5.517609672417795,50
573050,-5.555821541245658,50
573100,-5.318229114732427,50
573150,-6.117936976777948,50
573200,-4.1972665636617705,50
573250,-4.9453533519928845,50
573300,-6.502126068445449,50
573350,-9.07408804012839,50
573400,-4.408221723377422,50
573450,-1.8374459350644914,50
573500,-7.84440385417922,50
573550,-8.029615177716945,50
573600,-5.0989105519683555,50
573650,-9.97665369275138,50
573700,-2.078500767363163,50
573750,-5.448845099381201,50
573800,-10.201150738001477,50
573850,-9.576270450117493,50
573900,-9.113946874820742,50
573950,-9.343437064049796,50
574000,-7.729106426936581,50
574050,-7.242057673715864,50
574100,-8.626120425688612,50
574150,-9.999088031368,50
574200,-8.853750363219726,50
574250,-6.263693548568244,50
574300,-7.437676949899323,50
574350,-8.232303094330128,50
574400,-5.91917383444237,50
574450,-8.44495752696964,50
574500,-6.162334626932621,50
574550,-10.895168331767902,50
574600,-6.484423338404561,50
574650,-1.7226528741187046,50
574700,-7.490730387049296,50
574750,-9.878658862006374,50
574800,-4.619807525794549,50
574850,-6.2907457976069585,50
574900,-7.899988608940737,50
574950,-6.119128003701742,50
575000,-3.5251873088544237,50
575050,-1.7780660110754047,50
575100,-4.210976194205531,50
575150,-2.9272290589396515,50
575200,-3.1164968931586348,50
575250,-10.922192538308389,50
575300,-7.8555232677302005,50
575350,-7.4279754827415605,50
575400,-5.653856510941037,50
575450,-4.989622377462193,50
575500,-8.760093676522937,50
575550,-2.747996231237152,50
575600,-8.367062994254246,50
575650,-6.186242311122097,50
575700,-8.365077734811246,50
575750,-8.342526084651132,50
575800,-7.901341267626943,50
575850,-9.502032324311957,50
575900,-5.263805215428673,50
575950,-2.9732867660990676,50
576000,-11.666678474502604,50
576050,-2.0790187626136536,50
576100,-9.758995930808863,50
576150,-5.917450592441716,50
576200,-4.568182681983132,50
576250,-1.10546355279631,50
576300,-3.118046107956286,50
576350,-10.786321172844017,50
576400,-6.706894636707197,50
576450,-4.149163004603613,50
576500,-7.044920166752829,50
576550,-6.2557223854262,50
576600,-5.080733520140869,50
576650,-6.873098573169593,50
576700,-9.769419258919271,50
576750,-4.831325434528607,50
576800,-8.14308720678588,50
576850,-7.62705394078024,50
576900,-5.455064658410859,50
576950,-6.53589476918793,50
577000,-4.88418865086742,50
577050,-1.5569099370405841,50
577100,-2.2684296477830017,50
577150,-9.263479290150926,50
577200,-3.9239253742623235,50
577250,-3.865937307354074,50
577300,-7.766179426756294,50
577350,-4.243595226106018,50
577400,-3.9507742143328475,50
577450,-2.6259035397757784,50
577500,-5.6056936892509714,50
577550,-7.3403335918677435,50
577600,-6.2994847048009746,50
577650,-9.172523456760704,50
577700,-6.811726308707521,50
577750,-12.131280624145294,50
577800,-6.156790277238213,50
577850,-6.000133356449293,50
577900,-2.92469297748139,50
577950,-6.228711883577122,50
578000,-6.075457315963795,50
578050,-5.190885745407133,50
578100,-8.522739522196417,50
578150,-5.21939777347877,50
578200,-9.200255067938558,50
578250,-7.203876850083643,50
578300,-5.096585810057012,50
578350,-5.522829046852874,50
578400,-6.227429057371805,50
578450,-5.707877205447138,50
578500,-6.750158288205863,50
578550,-6.177313910846328,50
578600,-3.9630544876896776,50
578650,-3.3518437536607624,50
578700,-8.080190632203239,50
578750,-9.542474535367125,50
578800,-6.748997162703767,50
578850,-8.38109821019258,50
578900,-1.6080945583665247,50
578950,-3.6413324322042437,50
579000,-6.773539199769734,50
579050,-1.4047304604976258,50
579100,-8.350211950758979,50
579150,-7.376563720106223,50
579200,-4.718787314911273,50
579250,-6.554578988840964,50
579300,-7.722258785088764,50
579350,-9.511851548356974,50
579400,-9.785121176156181,50
579450,-4.73239945427278,50
579500,-5.895184732055963,50
579550,-7.88104388977227,50
579600,-5.432448059799437,50
579650,-6.127979393868133,50
579700,-7.753871426208619,50
579750,-10.282070683846898,50
579800,-4.179580767518209,50
579850,-3.1763099980485814,50
579900,-4.21288319543865,50
579950,-6.882415764803925,50
580000,-7.2659568750406525,50
580050,-6.483698773463432,50
580100,-5.474206138948623,50
580150,-8.002885398336199,50
580200,-1.5121027813193557,50
580250,-3.454192853609301,50
580300,-8.049210397345473,50
580350,-5.655468663681987,50
580400,-5.787437565853944,50
580450,-9.247915661553732,50
580500,-10.349998724901926,50
580550,-1.6924134602550884,50
580600,-8.304185849331867,50
580650,-5.093926035840365,50
580700,-8.078229451662578,50
580750,-6.326037652248372,50
580800,-6.166790695244652,50
580850,-6.21358827233542,50
580900,-8.717565382246327,50
580950,-5.563806335010908,50
581000,-9.457141446294987,50
581050,-5.1451605209814195,50
581100,-5.376077693741075,50
581150,-7.592782069748315,50
581200,-5.860114581855247,50
581250,-5.419194699554525,50
581300,-4.901303663646937,50
581350,-7.524257970864693,50
581400,-4.063783317813683,50
581450,-10.605833327063095,50
581500,-5.783514357276222,50
581550,-1.9674667642580665,50
581600,-5.404765208786523,50
581650,-10.791494149809598,50
581700,-3.2384730814885,50
581750,-6.195463953094328,50
581800,-5.053644355964839,50
581850,-7.294423799962155,50
581900,-1.9690978156691261,50
581950,-4.929802318512286,50
582000,-6.135196939484684,50
582050,-5.704384437857807,50
582100,-4.390396077939524,50
582150,-5.101896432258767,50
582200,-5.761091268431822,50
582250,-6.412003739111361,50
582300,-8.73135834778633,50
582350,-4.83517039503454,50
582400,-2.921013892966479,50
582450,-2.2893512425118985,50
582500,-5.371953838924886,50
582550,-4.531040187030263,50
582600,-9.733306172141756,50
582650,-5.32985881042018,50
582700,-5.131868638401923,50
582750,-8.667253273213236,50
582800,-6.256499986174326,50
582850,-6.683887592443419,50
582900,-3.8813856194466845,50
582950,-9.54514474281814,50
583000,-6.857698682453785,50
583050,-6.979452755286179,50
583100,-9.684736374977657,50
583150,-5.448266446507218,50
583200,-4.773494203406455,50
583250,-8.383028892600128,50
583300,-2.8909223117853373,50
583350,-6.110355462910172,50
583400,-2.601921835396857,50
583450,-6.668624404770646,50
583500,-9.683663220859858,50
583550,-7.39497052280462,50
583600,-9.605112024590184,50
583650,-7.230723396449208,50
583700,-2.985445950141834,50
583750,-9.371994474154029,50
583800,-7.797217360656408,50
583850,-5.194157073258146,50
583900,-5.243590305610793,50
583950,-7.191118532289265,50
584000,-9.458460059029424,50
584050,-4.080396132456442,50
584100,-5.977332093493208,50
584150,-4.547705919303082,50
584200,-11.810892531159329,50
584250,-8.46503785609892,50
584300,-5.98410516412392,50
584350,-5.763947152462088,50
584400,-5.281080882966084,50
584450,-5.498899279094055,50
584500,-1.3396738041915746,50
584550,-8.705204083145496,50
584600,-10.091410341187458,50
584650,-5.855935885682518,50
584700,-7.048543174888916,50
584750,-6.5956456399009395,50
584800,-9.928931067190007,50
584850,-9.407146645505113,50
584900,-4.012508101940959,50
584950,-8.89748594556754,50
585000,-7.346764968090714,50
585050,-5.220728772218113,50
585100,-10.043138090304103,50
585150,-5.920569072957954,50
585200,-6.051077313371281,50
585250,-2.198230546303276,50
585300,-4.147227905580158,50
585350,-5.374775853666067,50
585400,-8.639595665530422,50
585450,-3.986292519739322,50
585500,-9.03489933919201,50
585550,-7.822914853698738,50
585600,-7.356784100034248,50
585650,-6.554878717933006,50
585700,-7.453766302708411,50
585750,-6.364356623138962,50
585800,-5.63297919445428,50
585850,-5.157640454856398,50
585900,-9.95291897322133,50
585950,-5.357386660796281,50
586000,-6.5865852037903,50
586050,-4.982629639491302,50
586100,-9.519784377196048,50
586150,-1.4437716915126888,50
586200,-6.979818303785313,50
586250,-6.653835092592136,50
586300,-4.310459242505902,50
586350,-7.044003443277372,50
586400,-6.312640678259772,50
586450,-3.126441455446492,50
586500,-3.171169383114603,50
586550,-1.8962354018701397,50
586600,-4.009846646572122,50
586650,-6.031531928940994,50
586700,-8.176999002401727,50
586750,-3.891861663025228,50
586800,-5.337582284468669,50
586850,-2.6263302428171396,50
586900,-4.546338186410786,50
586950,-5.950691940122983,50
587000,-5.859417537637625,50
587050,-6.380125242353499,50
587100,-3.295704148376427,50
587150,-5.052048402332258,50
587200,-5.178127245131791,50
587250,-5.366631354532339,50
587300,-6.4644519893511285,50
587350,-8.173194811381283,50
587400,-1.8347208318256991,50
587450,-6.0885661528975925,50
587500,-10.378826314081607,50
587550,-6.382543579328057,50
587600,-8.94497110550349,50
587650,-3.0176088825431107,50
587700,-8.438320550736929,50
587750,-4.743283091736353,50
587800,-4.283935662944322,50
587850,-10.59783127495907,50
587900,-6.1342465119964835,50
587950,-4.051564239766821,50
588000,-5.173145318746536,50
588050,-4.658499596155545,50
588100,-2.7520569643876693,50
588150,-5.369372353053753,50
588200,-1.2944772672921054,50
588250,-3.511488193073099,50
588300,-4.044773198491268,50
588350,-9.445001769182708,50
588400,-1.8381603134662632,50
588450,-3.9472935302769057,50
588500,-7.143792381814686,50
588550,-6.23100808544352,50
588600,-4.0045379673385755,50
588650,-3.3387912435439357,50
588700,-5.011002681278943,50
588750,-5.2676160371329095,50
588800,-9.915842595390718,50
588850,-1.6509936010167994,50
588900,-9.089418139259637,50
588950,-9.324589370404373,50
589000,-1.3307853069980984,50
589050,-5.997627713007429,50
589100,-6.757395878438901,50
589150,-8.878884020955603,50
589200,-4.120868688784302,50
589250,-8.956864532688057,50
589300,-6.062954401205347,50
589350,-4.554061240553393,50
589400,-9.32629992979258,50
589450,-9.00080398932374,50
589500,-8.78351529386724,50
589550,-5.112413326529098,50
589600,-3.0720984660921316,50
589650,-6.671439095904919,50
589700,-3.7555816092921597,50
589750,-12.686143197885027,50
589800,-6.591550737033147,50
589850,-3.4181740897411874,50
589900,-6.861333154598223,50
589950,-7.112655447004597,50
590000,-8.5274467374007,50
590050,-5.088775626895402,50
590100,-5.528019723614677,50
590150,-9.73030122622985,50
590200,-5.987948547011066,50
590250,-6.541749368359308,50
590300,-6.316623094559515,50
590350,-8.994680953825597,50
590400,-12.058123192679346,50
590450,-4.649741127288396,50
590500,-5.061902104610658,50
590550,-5.745097302644066,50
590600,-9.036677760259137,50
590650,-4.98457605433664,50
590700,-1.75619561167739,50
590750,-5.002696632968842,50
590800,-11.303029334330594,50
590850,-4.194021697885333,50
590900,-5.796281262539386,50
590950,-6.969757449302222,50
591000,-3.6353276935214813,50
591050,-7.878096344591147,50
591100,-5.074926199595005,50
591150,-8.664108525891749,50
591200,-9.131401634994841,50
591250,-8.907223421572057,50
591300,-9.01807656562363,50
591350,-3.048110790994624,50
591400,-7.641637623956792,50
591450,-7.374878122841211,50
591500,-2.3163609771420623,50
591550,-9.903991249860379,50
591600,-1.548872831392367,50
591650,-8.701804845443242,50
591700,-8.735576609057402,50
591750,-4.099405342473807,50
591800,-5.800437969475342,50
591850,-3.88541207949615,50
591900,-5.723400946435299,50
591950,-4.966296412473911,50
592000,-8.585411531093566,50
592050,-12.000701644514319,50
592100,-3.8025330632280645,50
592150,-6.610563227134782,50
592200,-9.198624688854213,50
592250,-10.534557079103598,50
592300,-4.2041364476317895,50
592350,-4.063405662326191,50
592400,-5.4242170105199445,50
592450,-2.6034085362514836,50
592500,-10.01932850200444,50
592550,-6.543869562103099,50
592600,-3.233835411248101,50
592650,-6.57788134677637,50
592700,-1.9652764734834491,50
592750,-2.7867810128307275,50
592800,-9.89537214470764,50
592850,-6.863872980777352,50
592900,-5.936397642950074,50
592950,-3.725357782037058,50
593000,-5.564269692008133,50
593050,-4.92556773198753,50
593100,-9.389828661317837,50
593150,-7.244260455815035,50
593200,-7.275068357026727,50
593250,-9.717782777749564,50
593300,-8.514016889441034,50
593350,-8.615403591355191,50
593400,-3.7724481237058387,50
593450,-8.546098555986918,50
593500,-5.219560469283958,50
593550,-5.5855318091828,50
593600,-8.731420962441996,50
593650,-6.815139838354599,50
593700,-4.05385257935591,50
593750,-2.4529786882993285,50
593800,-7.926879145760849,50
593850,-7.742536530360993,50
593900,-9.001150637498842,50
593950,-3.396923068140268,50
594000,-5.310566239090216,50
594050,-8.302060808615188,50
594100,-5.1358073232852455,50
594150,-6.133344416311169,50
594200,-5.799991430529712,50
594250,-5.873074313562042,50
594300,-10.443964594282868,50
594350,-5.301267526705019,50
594400,-6.748182335538613,50
594450,-6.1597651865426055,50
594500,-4.525036252503801,50
594550,-6.772867373276737,50
594600,-7.207199305172666,50
594650,-2.4443260079244804,50
594700,-8.82110939214614,50
594750,-7.579207763193124,50
594800,-6.677271373877668,50
594850,-3.594702949593719,50
594900,-3.1277544004986506,50
594950,-8.353236339524239,50
595000,-8.421097833844982,50
595050,-6.579931530769563,50
595100,-9.948125895014206,50
595150,-5.492047902236202,50
595200,-7.1606311167633345,50
595250,-7.802306135137248,50
595300,-4.310188308020457,50
595350,-7.871750599576741,50
595400,-6.012112409366164,50
595450,-10.927692202695223,50
595500,-7.763093450956222,50
595550,-5.305152618634732,50
595600,-1.609250182797785,50
595650,-9.502140431928524,50
595700,-6.378774055740425,50
595750,-9.900909429797625,50
595800,-11.050978458749647,50
595850,-3.91165849751943,50
595900,-8.226436512755853,50
595950,-11.334329533763096,50
596000,-3.5612360215225802,50
596050,-6.5812942956585525,50
596100,-3.4268916214481693,50
596150,-9.447290360637998,50
596200,-5.083006466282263,50
596250,-2.5481259621722216,50
596300,-5.920031843139733,50
596350,-3.2667417761332653,50
596400,-6.050680184324804,50
596450,-11.688319427014784,50
596500,-5.621137465593694,50
596550,-3.7117522339209144,50
596600,-5.477506190283781,50
596650,-3.855244043926177,50
596700,-3.8578891055254934,50
596750,-5.691561288434434,50
596800,-3.9547853784279465,50
596850,-9.942920484754477,50
596900,-8.222342823908244,50
596950,-6.185165717781409,50
597000,-3.616260332476995,50
597050,-5.810066819386474,50
597100,-4.438612830361804,50
597150,-4.004749264185912,50
597200,-7.413045429625489,50
597250,-8.812260736473451,50
597300,-5.32298056162181,50
597350,-5.671527533081994,50
597400,-6.919461970031097,50
597450,-7.997731490616489,50
597500,-4.474488562198679,50
597550,-4.378844036875379,50
597600,-9.007779401243184,50
597650,-8.018853903089166,50
597700,-9.368060866766186,50
597750,-3.5842685237564487,50
597800,-7.3134022953323,50
597850,-9.260721741493661,50
597900,-2.822522826737375,50
597950,-4.032059651447522,50
598000,-4.11787332375742,50
598050,-8.186756317037872,50
598100,-5.4080667017394015,50
598150,-8.808084147475313,50
598200,-6.598804779368917,50
598250,-10.987689356686891,50
598300,-4.196300950001424,50
598350,-5.992448096384973,50
598400,-5.793240742086646,50
598450,-9.808012030901564,50
598500,-5.933468554298855,50
598550,-1.7216466513654218,50
598600,-7.522917712125093,50
598650,-9.23962848949407,50
598700,-6.047184969541322,50
598750,-5.046887158857704,50
598800,-6.562810355068889,50
598850,-9.618527820195334,50
598900,-4.579081612656103,50
598950,-5.923090243995707,50
599000,-7.554113843284415,50
599050,-7.211017956212313,50
599100,-8.975972819108625,50
599150,-4.2041222853941385,50
599200,-4.558327201954609,50
599250,-9.331044855749441,50
599300,-6.259357794526122,50
599350,-6.014293197542194,50
599400,-3.82356609172751,50
599450,-8.358488141724367,50
599500,-9.497734935405909,50
599550,-7.371915806428547,50
599600,-4.844388699158578,50
599650,-9.280288021407207,50
599700,-5.707394055431381,50
599750,-3.4857616005889627,50
599800,-8.098952914605752,50
599850,-7.4724336973303505,50
599900,-4.9858973545471486,50
599950,-8.02769271969499,50
600000,-5.918423213978209,50
600050,-5.509737143386198,50
600100,-6.5650319543483295,50
600150,-9.467165485061521,50
600200,-5.747259649081979,50
600250,-4.446020469122447,50
600300,-1.352969005569616,50
600350,-6.2395033666606565,50
600400,-10.007164133049352,50
600450,-6.057746929608343,50
600500,-10.462438686742159,50
600550,-6.928419229988335,50
600600,-4.0831077043875235,50
600650,-7.402022102083885,50
600700,-6.852788841100711,50
600750,-8.49190781896966,50
600800,-5.530961261225057,50
600850,-5.413508108446513,50
600900,-8.960859519423492,50
600950,-6.226654663709966,50
601000,-9.558721553221597,50
601050,-6.781344627982253,50
601100,-8.233432489517751,50
601150,-5.632226152282176,50
601200,-2.414118791800742,50
601250,-2.092516735527465,50
601300,-7.0925459006272185,50
601350,-5.707323479431851,50
601400,-4.067269230014867,50
601450,-10.470374761851438,50
601500,-5.8014746552507654,50
601550,-4.576464964868505,50
601600,-8.16751428348817,50
601650,-8.852704431100994,50
601700,-5.972901100682633,50
601750,-4.7963120013785385,50
601800,-4.5356862397806506,50
601850,-5.601977984111936,50
601900,-10.234847230780629,50
601950,-7.69928640554882,50
602000,-5.287460081461576,50
602050,-8.708342515217087,50
602100,-8.337671480201376,50
602150,-5.108628085284526,50
602200,-4.681181811687925,50
602250,-4.535397952030462,50
602300,-9.856513052125132,50
602350,-9.193339760961155,50
602400,-4.110166056744167,50
602450,-3.8761151396594493,50
602500,-8.633841604302338,50
602550,-1.996645818164713,50
602600,-6.725048241053872,50
602650,-5.739772823790111,50
602700,-3.1648806131299834,50
602750,-4.334017258022229,50
602800,-7.2369688484370265,50
602850,-7.914875671788697,50
602900,-4.225230113191466,50
602950,-8.245748775111787,50
603000,-6.771628774440154,50
603050,-5.5900119034530755,50
603100,-4.627129828167567,50
603150,-8.148539554913446,50
603200,-7.329161030291193,50
603250,-9.256286067309858,50
603300,-8.149618593772939,50
603350,-8.28277255011338,50
603400,-8.105215822049537,50
603450,-7.418941656136911,50
603500,-3.6798346897188567,50
603550,-4.185253326710544,50
603600,-6.127212616992892,50
603650,-5.205906793722042,50
603700,-10.134253856581001,50
603750,-6.472704505834534,50
603800,-5.729217729055773,50
603850,-5.3282561623814315,50
603900,-5.454840201235051,50
603950,-11.482692992114588,50
604000,-4.8168154780956245,50
604050,-3.877218266478938,50
604100,-3.8781766688232473,50
604150,-9.223179710711685,50
604200,-3.929731492941096,50
604250,-8.781457298083739,50
604300,-6.591255177479133,50
604350,-3.0505739252841813,50
604400,-9.940436702132088,50
604450,-7.244622775218503,50
604500,-7.800341675167514,50
604550,-10.044102850760005,50
604600,-6.618713925525799,50
604650,-5.012226179292486,50
604700,-3.4366847030007306,50
604750,-4.038210063352125,50
604800,-8.680230063300614,50
604850,-1.64799361049412,50
604900,-1.9639703482067958,50
604950,-7.498870652219959,50
605000,-6.514987357360784,50
605050,-10.278768959525529,50
605100,-6.217491367287025,50
605150,-10.555459253655478,50
605200,-8.474784057105671,50
605250,-5.3638386604511,50
605300,-3.6923609319187594,50
605350,-5.459515975369225,50
605400,-8.126362747303714,50
605450,-8.694790503714295,50
605500,-10.123879669033965,50
605550,-6.537714082693136,50
605600,-3.9851039946809124,50
605650,-4.166860156725572,50
605700,-10.340977988806056,50
605750,-4.379647751327949,50
605800,-2.5258554643892177,50
605850,-5.98631779568571,50
605900,-7.043650881175273,50
605950,-2.9155735005384904,50
606000,-4.185444925590111,50
606050,-4.115308784598986,50
606100,-9.431540094675132,50
606150,-1.4906942975928232,50
606200,-6.601179815960549,50
606250,-6.51629793158311,50
606300,-3.4374322140664004,50
606350,-5.5348224688556495,50
606400,-9.623153413986403,50
606450,-4.239714341562746,50
606500,-10.230637911169842,50
606550,-6.724518596567483,50
606600,-6.151145845031935,50
606650,-6.030544123580591,50
606700,-4.265125745007815,50
606750,-10.563925280947213,50
606800,-7.735261891451957,50
606850,-1.8705716885903514,50
606900,-6.620905581025787,50
606950,-5.944566377058437,50
607000,-8.787224924063366,50
607050,-5.588285755073827,50
607100,-9.225357185406532,50
607150,-3.5390194844059133,50
607200,-9.263047857814401,50
607250,-5.72489928811119,50
607300,-6.67001338731741,50
607350,-8.057442626399226,50
607400,-6.276887796008262,50
607450,-9.435332857126985,50
607500,-2.3629076093412373,50
607550,-6.306732986848759,50
607600,-8.28967598697614,50
607650,-4.28737344503066,50
607700,-8.524943347918704,50
607750,-6.275670560826404,50
607800,-8.334384966151587,50
607850,-6.230613743113445,50
607900,-3.9796698496882024,50
607950,-5.927260024702075,50
608000,-5.22066465444006,50
608050,-4.892945812064576,50
608100,-3.4548971105252235,50
608150,-5.054088931597988,50
608200,-8.834745429349434,50
608250,-5.34021468751526,50
608300,-7.897356719539694,50
608350,-6.643873758417602,50
608400,-6.751489936762213,50
608450,-6.3054046941821715,50
608500,-7.183726050362802,50
608550,-5.5259817908857745,50
608600,-5.173843559244928,50
608650,-6.779491794913909,50
608700,-6.934871000556835,50
608750,-9.316852781013493,50
608800,-2.364319483474506,50
608850,-7.682744251846203,50
608900,-10.97493054715452,50
608950,-8.600200522360874,50
609000,-8.753158990962584,50
609050,-5.024411145806154,50
609100,-2.8629986892359134,50
609150,-8.187303758082836,50
609200,-3.8215941544579746,50
609250,-5.492400241818705,50
609300,-3.794901639827814,50
609350,-8.18028943220425,50
609400,-6.132258431460543,50
609450,-9.053727323001917,50
609500,-4.140109489612395,50
609550,-4.792113256396275,50
609600,-3.4178349399671117,50
609650,-6.418196594689076,50
609700,-8.309726838669715,50
609750,-4.660243999697787,50
609800,-6.1954963578606534,50
609850,-10.102628253400333,50
609900,-8.364070939149823,50
609950,-11.322283018541544,50
610000,-1.9307255081364345,50
610050,-8.93748940209353,50
610100,-11.278958946154408,50
610150,-2.803879871020092,50
610200,-5.945530369590719,50
610250,-3.3887887874553613,50
610300,-10.268399775970169,50
610350,-3.7877247169744255,50
610400,-3.393184554305056,50
610450,-6.256627533234599,50
610500,-9.775477351292112,50
610550,-7.355694660124916,50
610600,-6.180096915725444,50
610650,-7.193926387834809,50
610700,-2.828718498594183,50
610750,-7.754961262494586,50
610800,-2.478345061011062,50
610850,-4.854396152772893,50
610900,-3.62074141240705,50
610950,-8.675887529046085,50
611000,-3.716911590664482,50
611050,-4.338587790581798,50
611100,-9.21115092061334,50
611150,-8.866640052803046,50
611200,-7.821151489822258,50
611250,-4.2950656096105035,50
611300,-5.654070230872196,50
611350,-5.393795647597422,50
611400,-5.95530538514655,50
611450,-10.635333136288223,50
611500,-3.875370298379506,50
611550,-6.821010333835364,50
611600,-7.98835320077735,50
611650,-3.708425445219171,50
611700,-6.968401599174315,50
611750,-5.649091117260976,50
611800,-2.9931884643075537,50
611850,-4.790433294500025,50
611900,-8.636282158565676,50
611950,-7.352058735679068,50
612000,-3.350285616686475,50
612050,-9.023917864741179,50
612100,-2.0840356166532854,50
612150,-7.1615432610968135,50
612200,-9.321378929850239,50
612250,-11.60304967928362,50
612300,-3.60198579760522,50
612350,-5.992200297279404,50
612400,-5.75351775893014,50
612450,-2.934107474141278,50
612500,-6.350375006459901,50
612550,-6.990975469145899,50
612600,-8.789940710227262,50
612650,-3.9486507029038798,50
612700,-7.047001487986824,50
612750,-5.395896548468196,50
612800,-8.299592907492379,50
612850,-6.160463498212738,50
612900,-7.728590299404408,50
612950,-6.520881483025295,50
613000,-3.507198651638483,50
613050,-4.414872463140446,50
613100,-8.892217014772347,50
613150,-2.314841870900468,50
613200,-6.94405692902118,50
613250,-7.6490647017245745,50
613300,-9.173221892139159,50
613350,-9.046423322122884,50
613400,-3.229657575528147,50
613450,-5.535933167905783,50
613500,-8.736564761669051,50
613550,-5.498865211317655,50
613600,-6.732367286346355,50
613650,-2.5587392004725533,50
613700,-7.013254751440113,50
613750,-10.93717249587479,50
613800,-5.193283272036697,50
613850,-1.3302777471859395,50
613900,-10.230619304557747,50
613950,-5.422551859178589,50
614000,-5.509300967294807,50
614050,-7.4043408138253515,50
614100,-3.916870568430622,50
614150,-8.66562583490407,50
614200,-8.029631763615965,50
614250,-6.464764615981701,50
614300,-8.505396478560886,50
614350,-2.484749923811911,50
614400,-1.6132998058109866,50
614450,-11.698057423179643,50
614500,-6.834527050453386,50
614550,-3.252880179956011,50
614600,-5.033915250144031,50
614650,-4.299960798598802,50
614700,-9.496748439606536,50
614750,-9.717220083293068,50
614800,-5.902037607427956,50
614850,-9.994477881719712,50
614900,-4.204100170687351,50
614950,-6.411287547852307,50
615000,-4.426163514183998,50
615050,-9.229039028596354,50
615100,-10.440378676178929,50
615150,-8.0616933872218,50
615200,-4.308540430635776,50
615250,-3.8248882382766527,50
615300,-0.988350814185498,50
615350,-9.865517140705832,50
615400,-6.034870996541883,50
615450,-9.02449732528546,50
615500,-9.275123001370476,50
615550,-2.9023279104638937,50
615600,-9.25554686345369,50
615650,-0.9749958509471601,50
615700,-1.9481556732138359,50
615750,-9.33757992754527,50
615800,-8.617870814158172,50
615850,-9.355735592719476,50
615900,-9.153092885898173,50
615950,-6.764427676606969,50
616000,-6.805110796862549,50
616050,-6.997076683095906,50
616100,-6.9328770006064095,50
616150,-2.537425252841651,50
616200,-6.274824930572556,50
616250,-7.689274624741405,50
616300,-7.916469100132,50
616350,-5.964274714524793,50
616400,-4.422810656365471,50
616450,-7.371751678538531,50
616500,-6.784955374338461,50
616550,-0.7020219774487224,50
616600,-6.102223870740329,50
616650,-6.81551708661582,50
616700,-6.593910893428308,50
616750,-2.2515411006830854,50
616800,-5.652749492860749,50
616850,-7.978882203550856,50
616900,-3.2879856301170296,50
616950,-9.098671553401068,50
617000,-13.535628269082506,50
617050,-2.3929884514299395,50
617100,-5.32015881738866,50
617150,-3.0723649661996832,50
617200,-8.400014490188171,50
617250,-10.367794772872672,50
617300,-3.8387122821869997,50
617350,-6.09024446592623,50
617400,-5.847115515696484,50
617450,-4.0318784373796195,50
617500,-8.249235349349613,50
617550,-3.450248382112107,50
617600,-6.773439316589671,50
617650,-5.633179922445981,50
617700,-10.07035316286181,50
617750,-6.334226132840946,50
617800,-4.759521136517479,50
617850,-7.906738369993351,50
617900,-5.678365630588825,50
617950,-8.44466197249473,50
618000,-7.381898455717075,50
618050,-3.082353261539412,50
618100,-5.543944484509262,50
618150,-2.71651655093167,50
618200,-1.575585861243768,50
618250,-5.527992955817965,50
618300,-7.62541026208218,50
618350,-7.373976553407216,50
618400,-8.856185105852381,50
618450,-8.954674564722993,50
618500,-4.720425151474047,50
618550,-3.1112022919043327,50
618600,-4.224990364807426,50
618650,-8.580500162089221,50
618700,-1.7082755204815712,50
618750,-5.839922077526322,50
618800,-8.974544514488183,50
618850,-7.102516455324693,50
618900,-7.646821515025178,50
618950,-3.080120514119489,50
619000,-5.664955181262549,50
619050,-2.2264748423241234,50
619100,-9.846653883689408,50
619150,-9.445983834106023,50
619200,-6.894252164377207,50
619250,-10.947979922060005,50
619300,-8.695857734982736,50
619350,-3.7051706813064653,50
619400,-7.934398269025584,50
619450,-10.248116662126403,50
619500,-1.0909984520212908,50
619550,-9.724693311013727,50
619600,-3.930310665099734,50
619650,-10.641333391105062,50
619700,-6.712213184502088,50
619750,-9.042075212949984,50
619800,-8.148959652605337,50
619850,-5.673737920489921,50
619900,-5.157501638780046,50
619950,-10.362431075279575,50
620000,-7.2758820505863815,50
620050,-4.718762396941559,50
620100,-10.744445836492039,50
620150,-6.238629256656152,50
620200,-9.169818623145266,50
620250,-6.04041460582364,50
620300,-11.094536474763668,50
620350,-5.877890943205268,50
620400,-4.287683460687657,50
620450,-4.78477855225157,50
620500,-3.908884167554582,50
620550,-8.86729268828626,50
620600,-6.437483765969403,50
620650,-2.3591073952154717,50
620700,-11.772363909666929,50
620750,-7.871496517272338,50
620800,-4.25394952640576,50
620850,-8.296016749722838,50
620900,-3.134575940607905,50
620950,-3.854572531316845,50
621000,-7.940903119547495,50
621050,-4.895022179682689,50
621100,-4.99255849844083,50
621150,-4.1400750856929465,50
621200,-5.491412743443816,50
621250,-3.850738422531722,50
621300,-8.042047250058898,50
621350,-3.3221369943483685,50
621400,-5.647956087166028,50
621450,-10.912311408257665,50
621500,-9.425824203420165,50
621550,-10.8158452228,50
621600,-7.101479104878195,50
621650,-9.602225627411393,50
621700,-3.936902073906437,50
621750,-2.505460904353246,50
621800,-5.432314366352266,50
621850,-10.156879331778176,50
621900,-7.928485390742298,50
621950,-1.640006079566428,50
622000,-5.031882734458055,50
622050,-4.56111305976687,50
622100,-4.035507795634322,50
622150,-5.107337499911474,50
622200,-10.131003444617434,50
622250,-7.5780533130094945,50
622300,-9.578906631277775,50
622350,-8.911071201066868,50
622400,-7.0385809731032465,50
622450,-8.049350454903434,50
622500,-8.036132118851064,50
622550,-5.684698267460701,50
622600,-5.430944359944003,50
622650,-6.61923888837748,50
622700,-4.720099747773592,50
622750,-9.460021429627545,50
622800,-7.990437635478641,50
622850,-6.813955812879861,50
622900,-8.261408784787232,50
622950,-3.8282239804294322,50
623000,-6.002546086472561,50
623050,-4.052010992298215,50
623100,-6.088951048704756,50
623150,-3.9986883166840683,50
623200,-6.943002982213428,50
623250,-1.9284907047676658,50
623300,-5.537590839963917,50
623350,-9.725747285615858,50
623400,-6.732514831741759,50
623450,-3.7129190609449694,50
623500,-1.6193742378179217,50
623550,-3.944160523483735,50
623600,-7.228970917669813,50
623650,-7.409010294376511,50
623700,-7.904981111686946,50
623750,-6.524817632183815,50
623800,-13.120546581100525,50
623850,-1.6992875786656685,50
623900,-3.599030897493094,50
623950,-7.242505153536822,50
624000,-5.524110712468166,50
624050,-2.200186762558188,50
624100,-7.247635732512443,50
624150,-6.1086133998421275,50
624200,-8.240288699628772,50
624250,-8.878188370363743,50
624300,-9.551784978005543,50
624350,-5.521202253923612,50
624400,-2.142684628315048,50
624450,-6.1459680545765485,50
624500,-6.412184268622138,50
624550,-5.3157612533509235,50
624600,-8.908992049718709,50
624650,-3.1670920637384827,50
624700,-5.22990741322925,50
624750,-9.718502205752202,50
624800,-9.717335219575018,50
624850,-6.157161269805118,50
624900,-5.556939084245868,50
624950,-5.408338048726864,50
625000,-4.075851309529263,50
625050,-6.202353407075369,50
625100,-8.486806056823948,50
625150,-10.900785704206992,50
625200,-10.813770159728346,50
625250,-4.374209011787921,50
625300,-7.26542494141093,50
625350,-8.855674056459643,50
625400,-7.002902054163155,50
625450,-5.86702698698572,50
625500,-9.716223673192937,50
625550,-2.0513470708030823,50
625600,-5.899315175789185,50
625650,-6.605597685524381,50
625700,-6.519282426829878,50
625750,-5.80603207594513,50
625800,-9.4800493780094,50
625850,-6.134790111899948,50
625900,-1.7558635461629333,50
625950,-5.600949887137093,50
626000,-9.991432721162186,50
626050,-6.0837513223277035,50
626100,-6.026909986434105,50
626150,-10.858643834854284,50
626200,-6.716623611074465,50
626250,-3.6383270960246286,50
626300,-12.02810212127284,50
626350,-4.61379407155016,50
626400,-6.141767783436827,50
626450,-6.4310283182743015,50
626500,-2.886183483446597,50
626550,-8.185535853254065,50
626600,-7.944989961223009,50
626650,-9.102704366573722,50
626700,-11.71495762724399,50
626750,-7.0889586153783055,50
626800,-4.024542844847487,50
626850,-8.25318340049357,50
626900,-5.452686744738395,50
626950,-5.7694675842620065,50
627000,-6.71071557026488,50
627050,-7.493462726347495,50
627100,-6.531047859243958,50
627150,-8.712307091447226,50
627200,-9.440056149637341,50
627250,-7.719608316182268,50
627300,-5.390922842402926,50
627350,-8.745276421729208,50
627400,-8.83274646033392,50
627450,-5.492429258696821,50
627500,-4.0259322644862605,50
627550,-6.955038124380387,50
627600,-8.650331131837468,50
627650,-2.406523441934877,50
627700,-5.250933658929111,50
627750,-4.405316222224053,50
627800,-5.4845127156327695,50
627850,-6.18262713062747,50
627900,-5.282740745910578,50
627950,-7.8720418253415305,50
628000,-10.474190976084643,50
628050,-9.088767526799652,50
628100,-8.389311531219931,50
628150,-7.370174108260444,50
628200,-8.636233973137614,50
628250,-5.226664896891278,50
628300,-5.749199277617212,50
628350,-8.275227880200278,50
628400,-9.332384503606901,50
628450,-9.482803919286061,50
628500,-3.186434350921603,50
628550,-6.481885743401684,50
628600,-5.294535455841079,50
628650,-5.424564970724099,50
628700,-12.960358591265667,50
628750,-8.029357346022108,50
628800,-5.169584867967847,50
628850,-2.7559170773402424,50
628900,-2.000316305971902,50
628950,-10.477260302047068,50
629000,-7.820137360851189,50
629050,-7.647977124197629,50
629100,-9.092042509187431,50
629150,-5.369835305086418,50
629200,-8.80626011848628,50
629250,-7.173271753571889,50
629300,-7.625393004848759,50
629350,-5.4313550911656305,50
629400,-3.7625032005721817,50
629450,-5.260949560366007,50
629500,-4.5012868116175735,50
629550,-10.844270951095083,50
629600,-6.255766935459218,50
629650,-7.010478588466367,50
629700,-7.799910247159542,50
629750,-9.94957358054302,50
629800,-3.1511525953543598,50
629850,-3.858036111853733,50
629900,-5.2211249390271925,50
629950,-5.570136460354489,50
630000,-9.818954824424265,50
630050,-4.013651852612468,50
630100,-5.326147170950246,50
630150,-7.284337643227383,50
630200,-4.442759602475086,50
630250,-1.4044085119139478,50
630300,-6.8346476978994835,50
630350,-7.622128713881064,50
630400,-9.958023930552997,50
630450,-10.114134893643499,50
630500,-6.671905297057808,50
630550,-4.049021300349179,50
630600,-9.007611705371739,50
630650,-8.172562262620884,50
630700,-3.833240139802129,50
630750,-11.478419083926381,50
630800,-8.481336874128885,50
630850,-7.907180718103295,50
630900,-7.7218045458017,50
630950,-7.211966815744459,50
631000,-7.084062126943548,50
631050,-7.598985528663261,50
631100,-7.0094828356021255,50
631150,-7.17322562130374,50
631200,-12.224588690246197,50
631250,-10.692985708780656,50
631300,-7.619440368597543,50
631350,-4.794216799430268,50
631400,-4.044559560221008,50
631450,-4.42810920956532,50
631500,-5.639149159768001,50
631550,-7.751454886419187,50
631600,-1.4251552119643947,50
631650,-7.150054062200519,50
631700,-9.90536591150051,50
631750,-9.93666028062576,50
631800,-4.259479469803918,50
631850,-9.449392299921112,50
631900,-10.687965225534168,50
631950,-3.9538480284256527,50
632000,-0.9913793959070875,50
632050,-10.99537947166952,50
632100,-8.363195697216765,50
632150,-5.253798338427311,50
632200,-7.090551807620226,50
632250,-10.927148782634333,50
632300,-7.628947805648852,50
632350,-8.682850783368131,50
632400,-9.901792434028145,50
632450,-7.323179837296167,50
632500,-4.244724050363847,50
632550,-7.115695309237875,50
632600,-5.225406399789471,50
632650,-2.578847600647521,50
632700,-1.981778908708255,50
632750,-9.228710507354126,50
632800,-6.155746026874179,50
632850,-4.952346162951916,50
632900,-13.112618011577695,50
632950,-6.175474661129308,50
633000,-7.102529049320016,50
633050,-5.949978164533128,50
633100,-6.520714410630926,50
633150,-11.61322772111701,50
633200,-5.806535119744187,50
633250,-6.810490667392796,50
633300,-3.7668159576398628,50
633350,-3.4355563009736874,50
633400,-4.211953209135335,50
633450,-4.138061022684443,50
633500,-7.324192644988058,50
633550,-7.922015084697891,50
633600,-7.117936675450842,50
633650,-6.8920183086887175,50
633700,-5.3847702126486405,50
633750,-5.263971053416749,50
633800,-9.266275657126084,50
633850,-5.28133933610083,50
633900,-7.743601045618995,50
633950,-6.463815083206609,50
634000,-13.887757417825998,50
634050,-8.478827164507713,50
634100,-5.675869252898528,50
634150,-3.0833478573906303,50
634200,-5.813694980893832,50
634250,-7.134301885086844,50
634300,-7.108534875724476,50
634350,-7.445677390272006,50
634400,-4.436599808492487,50
634450,-10.451658523482207,50
634500,-9.733890116856585,50
634550,-7.723445693546978,50
634600,-9.824629482552199,50
634650,-8.69364152565811,50
634700,-5.225486462079133,50
634750,-4.748186263768797,50
634800,-1.6670443430331578,50
634850,-6.46402901824277,50
634900,-8.238993617784374,50
634950,-5.161219713973414,50
635000,-8.86015885374058,50
635050,-2.6548964696436492,50
635100,-7.541603656933258,50
635150,-5.605036756414418,50
635200,-10.087717671406072,50
635250,-8.627107277890296,50
635300,-7.4342759019965206,50
635350,-10.404307938335245,50
635400,-6.7563689689016595,50
635450,-8.717653525247345,50
635500,-6.250223823089217,50
635550,-7.339691485109882,50
635600,-7.485657612444424,50
635650,-10.347888396674687,50
635700,-9.440948879887767,50
635750,-7.397084486335131,50
635800,-7.483280919473746,50
635850,-6.3413011335164065,50
635900,-9.53047542793214,50
635950,-3.993816372934994,50
636000,-3.290612759005152,50
636050,-10.00180775904474,50
636100,-5.511251044357113,50
636150,-7.816602038002244,50
636200,-4.021000921623802,50
636250,-7.6512481804832095,50
636300,-7.174544228847518,50
636350,-7.717709469429462,50
636400,-3.5619942468067065,50
636450,-2.6903495292544686,50
636500,-4.8030642745546555,50
636550,-9.641819141990043,50
636600,-6.428334106669163,50
636650,-8.820869072069376,50
636700,-9.328798819270984,50
636750,-5.502936861648195,50
636800,-6.133497666656308,50
636850,-6.924571382140127,50
636900,-9.617504228684984,50
636950,-3.865396681404998,50
637000,-5.534857289208174,50
637050,-9.495554125665098,50
637100,-5.357558351803291,50
637150,-2.3592020158152676,50
637200,-3.9386383244319276,50
637250,-9.24875165859567,50
637300,-5.32506875496459,50
637350,-5.732019314265541,50
637400,-8.57690459702657,50
637450,-12.79975515772879,50
637500,-8.394114639110452,50
637550,-6.977194056107674,50
637600,-5.446761716662751,50
637650,-7.555087645856956,50
637700,-6.249123217402343,50
637750,-3.6922252954845467,50
637800,-3.459380640093449,50
637850,-7.223641420306285,50
637900,-5.401309356926071,50
637950,-4.733450645736517,50
638000,-2.376978515683534,50
638050,-7.406262336410025,50
638100,-2.0489902695558584,50
638150,-2.973391504237382,50
638200,-7.023431101736379,50
638250,-6.716072390401196,50
638300,-4.90451040866056,50
638350,-7.650302846225059,50
638400,-5.894565158605715,50
638450,-5.606561299703,50
638500,-9.18660437249977,50
638550,-8.041616050211173,50
638600,-5.214825837353925,50
638650,-8.225837240369474,50
638700,-6.6487718624063685,50
638750,-3.1086916763407286,50
638800,-6.352549747206794,50
638850,-4.822161322152156,50
638900,-4.269463364236962,50
638950,-4.30025791133404,50
639000,-3.8651638340180017,50
639050,-8.15394199081676,50
639100,-5.559962527198685,50
639150,-7.263045235411921,50
639200,-8.518137110886594,50
639250,-4.273969922849625,50
639300,-6.254459156104121,50
639350,-6.825716125876191,50
639400,-9.50497467249395,50
639450,-5.838243729822239,50
639500,-4.8405543545787335,50
639550,-6.893964603294272,50
639600,-4.577380489573045,50
639650,-4.052350135920703,50
639700,-9.441375918343637,50
639750,-4.298420078564938,50
639800,-2.9440653521424363,50
639850,-4.78946149152388,50
639900,-9.666743402141464,50
639950,-4.525568848296454,50
640000,-7.930680157975551,50
640050,-6.292068576895381,50
640100,-8.636342170723148,50
640150,-11.037926667504529,50
640200,-10.443379549506783,50
640250,-11.45582624241499,50
640300,-7.090558187739375,50
640350,-4.843391329186389,50
640400,-5.492637463515167,50
640450,-10.007718811579513,50
640500,-5.458325967727664,50
640550,-5.317126235538545,50
640600,-8.511276984415101,50
640650,-6.9936261524816326,50
640700,-3.576183701245849,50
640750,-6.160908189261754,50
640800,-7.6586226418452075,50
640850,-7.937793517177299,50
640900,-3.668795055107583,50
640950,-7.341883757074235,50
641000,-8.603020288445286,50
641050,-10.12986870739477,50
641100,-5.880435325204603,50
641150,-5.969854844834401,50
641200,-5.210182130048765,50
641250,-3.763059155391263,50
641300,-5.394738204888647,50
641350,-10.172508092083069,50
641400,-5.631512345386003,50
641450,-5.5031325461201686,50
641500,-9.81735194466263,50
641550,-8.192269427673233,50
641600,-3.504005622288156,50
641650,-5.504055063243025,50
641700,-5.4265587164475235,50
641750,-5.7452457926816365,50
641800,-9.981613442533378,50
641850,-9.577427197088099,50
641900,-9.098284186739935,50
641950,-7.36672978201867,50
642000,-7.759083720288674,50
642050,-9.258962421164906,50
642100,-8.323668494068498,50
642150,-4.626153228311695,50
642200,-10.099683842473105,50
642250,-5.882828708532154,50
642300,-8.487080606168108,50
642350,-3.1940023242191993,50
642400,-2.0651117935164454,50
642450,-11.85342660639722,50
642500,-4.6597225693755355,50
642550,-3.856539118287146,50
642600,-6.932339721742816,50
642650,-12.701331945217921,50
642700,-7.277108588424099,50
642750,-9.373774869139952,50
642800,-2.4718544290691384,50
642850,-6.169286124969544,50
642900,-11.216830504618073,50
642950,-6.684255149190877,50
643000,-2.9370455597212595,50
643050,-9.757977249741778,50
643100,-5.877852875757217,50
643150,-8.157751176203744,50
643200,-6.909913261442204,50
643250,-6.563191503044166,50
643300,-4.08422175893374,50
643350,-8.95849399455473,50
643400,-7.180866829592548,50
643450,-8.193449901994219,50
643500,-9.650883380787565,50
643550,-5.880443038177176,50
643600,-7.25775458375383,50
643650,-7.493508877190453,50
643700,-7.977064424153079,50
643750,-5.7990290994408,50
643800,-9.601549828329906,50
643850,-4.376791379612504,50
643900,-3.719536829063194,50
643950,-6.098658847823556,50
644000,-5.1473429970453095,50
644050,-2.0302240126557343,50
644100,-5.553026440888655,50
644150,-10.081141131795986,50
644200,-7.742315444392567,50
644250,-5.322182464171173,50
644300,-1.7916758421934842,50
644350,-2.973125577435631,50
644400,-6.394484865860624,50
644450,-5.16242224936532,50
644500,-4.9542014032354205,50
644550,-10.268543026972983,50
644600,-7.6419357707210605,50
644650,-3.144871176007855,50
644700,-3.1000209203415436,50
644750,-7.250747866596496,50
644800,-6.295691850136877,50
644850,-7.390421159416049,50
644900,-6.693059795293676,50
644950,-5.363663471661128,50
645000,-9.083596553933578,50
645050,-10.003977684655501,50
645100,-13.173397908794186,50
645150,-3.2978342176663134,50
645200,-10.05037924692232,50
645250,-5.896257012907702,50
645300,-8.2142524146304,50
645350,-6.1870000162230605,50
645400,-5.954817963059603,50
645450,-5.352754473988953,50
645500,-9.05290245961679,50
645550,-7.108172355112625,50
645600,-10.745550615450933,50
645650,-2.3383607087184055,50
645700,-9.439061505191537,50
645750,-8.32824321375243,50
645800,-8.546309598870726,50
645850,-7.025770574645371,50
645900,-3.6745583596073144,50
645950,-13.382668896774417,50
646000,-6.075134387339757,50
646050,-8.471242950865305,50
646100,-2.758491507651933,50
646150,-10.0148236635665,50
646200,-9.627669271831055,50
646250,-7.3266656332679645,50
646300,-10.136270913360036,50
646350,-5.912024527706656,50
646400,-9.5811047141267,50
646450,-3.9263253424307787,50
646500,-5.840513628871133,50
646550,-4.153495145256429,50
646600,-10.23348766895562,50
646650,-6.33600661755056,50
646700,-1.7427913681391458,50
646750,-7.467018716668033,50
646800,-3.20185120108753,50
646850,-7.1912666211608265,50
646900,-5.137225049042265,50
646950,-8.097856348740288,50
647000,-10.149873152642499,50
647050,-6.244813680665506,50
647100,-9.192785622146578,50
647150,-2.5669891823326134,50
647200,-7.014313103248553,50
647250,-4.151611712018456,50
647300,-5.077299631450283,50
647350,-4.691942562507456,50
647400,-7.753869969414743,50
647450,-8.941712428428973,50
647500,-6.185180888585888,50
647550,-6.005979980389557,50
647600,-4.15434860495518,50
647650,-11.064186562989596,50
647700,-4.752492784628155,50
647750,-5.436241232014329,50
647800,-3.3549423731863324,50
647850,-5.5921544968050725,50
647900,-11.577434913138763,50
647950,-5.48812376030987,50
648000,-6.669893178909197,50
648050,-5.922468886498648,50
648100,-6.365020900885766,50
648150,-10.04048146784319,50
648200,-6.31735443886043,50
648250,-3.9419798055374557,50
648300,-9.147868069403362,50
648350,-6.628645502351626,50
648400,-9.492629849687352,50
648450,-5.374008851991137,50
648500,-1.702785221544689,50
648550,-5.0844073022526395,50
648600,-1.607948423915019,50
648650,-8.995198984857808,50
648700,-4.930153977693313,50
648750,-5.5360958416248645,50
648800,-8.955620527062175,50
648850,-3.99715841947401,50
648900,-5.938279729192907,50
648950,-7.5890742831895,50
649000,-9.3437769829085,50
649050,-8.598475042439619,50
649100,-9.665642543917974,50
649150,-5.603364138399917,50
649200,-7.089051193083841,50
649250,-4.16194291864403,50
649300,-6.7228607251045585,50
649350,-4.024220523179284,50
649400,-4.240871989525495,50
649450,-9.510197331120413,50
649500,-6.744092585296365,50
649550,-8.974111427734448,50
649600,-4.184187425483429,50
649650,-6.238788115579549,50
649700,-2.8860157264012063,50
649750,-8.274976630022248,50
649800,-7.024180470200612,50
649850,-9.034976262403246,50
649900,-4.272310151077273,50
649950,-7.3819414483942465,50
650000,-4.982134284888706,50
650050,-5.972777596090409,50
650100,-5.476827209718872,50
650150,-5.533425813193112,50
650200,-10.68846433105498,50
650250,-9.477651299950656,50
650300,-6.577551181941176,50
650350,-9.343920625449746,50
650400,-2.791076584550229,50
650450,-8.551384186723107,50
650500,-9.82030141363439,50
650550,-7.738016296509234,50
650600,-5.496429423595807,50
650650,-7.56124216378766,50
650700,-2.6688172439706395,50
650750,-5.967117109050154,50
650800,-4.70468260153534,50
650850,-8.026645476476437,50
650900,-5.655150533013061,50
650950,-6.85181646286696,50
651000,-11.020154952280393,50
651050,-7.151666817426393,50
651100,-3.5500646371716154,50
651150,-7.418624017239434,50
651200,-4.851522158141865,50
651250,-7.6842050044841175,50
651300,-4.453219118757097,50
651350,-3.611920545491138,50
651400,-7.355107434641276,50
651450,-6.69838375628191,50
651500,-2.4255928116683525,50
651550,-8.714854839974477,50
651600,-10.173797034314426,50
651650,-9.52243582962606,50
651700,-3.0949647926354285,50
651750,-8.18601750825294,50
651800,-8.83167454154427,50
651850,-4.081432112414891,50
651900,-9.20625143153318,50
651950,-6.71862444194275,50
652000,-3.453728877691004,50
652050,-6.280919764770945,50
652100,-7.250129394299499,50
652150,-7.606138985884247,50
652200,-7.590693709201261,50
652250,-9.40479638012562,50
652300,-3.575996377950581,50
652350,-6.184912614102257,50
652400,-6.351093450525478,50
652450,-6.426162134832458,50
652500,-6.301626812846415,50
652550,-3.8547477279692997,50
652600,-4.1303295967857405,50
652650,-6.381471770690951,50
652700,-4.761658957034351,50
652750,-2.8443707953657573,50
652800,-4.984275458448509,50
652850,-3.5324665857178212,50
652900,-3.5389728330125827,50
652950,-7.0499414265866625,50
653000,-3.32099828721403,50
653050,-4.993144591705004,50
653100,-5.368656343649004,50
653150,-3.4233898310222033,50
653200,-10.892134747617908,50
653250,-8.849547906019648,50
653300,-7.471159685225295,50
653350,-11.669559979794462,50
653400,-6.460045343622271,50
653450,-9.367147069333075,50
653500,-4.08917857962624,50
653550,-9.536600341437802,50
653600,-4.396899638450913,50
653650,-5.010895032650761,50
653700,-8.492283221797296,50
653750,-10.75333288284557,50
653800,-6.096859670342883,50
653850,-6.375550364120368,50
653900,-6.248403452323334,50
653950,-4.46502550462522,50
654000,-10.087463113364977,50
654050,-10.519767943372301,50
654100,-3.504979338540633,50
654150,-3.0209463644723398,50
654200,-2.2867711966222593,50
654250,-2.7529146608680026,50
654300,-3.4531786866753382,50
654350,-6.318474861312369,50
654400,-5.587759588619517,50
654450,-4.869443997090997,50
654500,-9.247967688671604,50
654550,-8.89042076353986,50
654600,-9.136171122033732,50
654650,-1.286732264645192,50
654700,-6.799790217473621,50
654750,-4.946041525466296,50
654800,-6.455324646871111,50
654850,-8.67164618976501,50
654900,-8.022547306300245,50
654950,-9.449591881526858,50
655000,-11.174316832088376,50
655050,-5.02754435836813,50
655100,-5.718829761962336,50
655150,-8.16644028215513,50
655200,-9.059351741545921,50
655250,-6.176428689150051,50
655300,-1.0589287363993802,50
655350,-10.404632721298224,50
655400,-7.516050663093341,50
655450,-7.220694544114707,50
655500,-5.779689908981058,50
655550,-9.212521705541437,50
655600,-3.6232097470392595,50
655650,-7.724035523742128,50
655700,-9.035118392014393,50
655750,-8.762097717243556,50
655800,-8.485183163919965,50
655850,-8.113166261731962,50
655900,-10.711635255235239,50
655950,-2.8437571198868468,50
656000,-3.6521157736084358,50
656050,-6.819317087917529,50
656100,-5.107939556185176,50
656150,-5.141973981484392,50
656200,-5.5072499276452165,50
656250,-10.260394934770865,50
656300,-1.5193567954485916,50
656350,-8.996187228572706,50
656400,-6.53911233927023,50
656450,-5.891788891896992,50
656500,-3.376127159843672,50
656550,-6.787577347569229,50
656600,-7.788052570314011,50
656650,-4.420850254619663,50
656700,-10.69995337820999,50
656750,-7.864331295235222,50
656800,-6.6682866573928345,50
656850,-7.764237398677746,50
656900,-3.8988088002695784,50
656950,-12.29898959702017,50
657000,-6.403415346084082,50
657050,-12.092110883876439,50
657100,-5.375956908826824,50
657150,-3.894753116331377,50
657200,-9.693642891336966,50
657250,-5.47930846873089,50
657300,-5.449680728674575,50
657350,-6.29576185862238,50
657400,-5.41367868655619,50
657450,-8.319713291143055,50
657500,-7.5248280743928655,50
657550,-10.39409702060409,50
657600,-4.281550046759544,50
657650,-2.727365729012972,50
657700,-2.8940464310844924,50
657750,-2.394377554910672,50
657800,-10.187353321469212,50
657850,-9.181595342510422,50
657900,-2.7025164491515983,50
657950,-7.973345199609142,50
658000,-8.644503226598001,50
658050,-2.9218219143907325,50
658100,-5.230973408928035,50
658150,-8.826659909420913,50
658200,-1.6882189338480331,50
658250,-5.813310947199223,50
658300,-3.997278161995617,50
658350,-8.978775085370078,50
658400,-8.066319131104523,50
658450,-4.62294554916749,50
658500,-9.875780031029493,50
658550,-9.848656069373517,50
658600,-13.785224040160992,50
658650,-6.37987385675246,50
658700,-6.078626091351903,50
658750,-5.01556432213575,50
658800,-1.520905186206007,50
658850,-2.6354360720686425,50
658900,-5.8988359812893965,50
658950,-7.513830665012406,50
659000,-8.445421617271416,50
659050,-9.614184822619835,50
659100,-8.506208995227237,50
659150,-3.5355299881554285,50
659200,-5.7683344716002205,50
659250,-6.990642877743407,50
659300,-10.694397264173414,50
659350,-8.595923249951458,50
659400,-8.588776077416501,50
659450,-8.814001619447152,50
659500,-5.0246644314598115,50
659550,-3.0521346237053257,50
659600,-7.719282251274891,50
659650,-9.797905979998728,50
659700,-9.991835140710565,50
659750,-3.9958355322217978,50
659800,-2.2641915476655377,50
659850,-5.245610163177043,50
659900,-9.189037541978932,50
659950,-3.5274290077557686,50
660000,-8.937806812186526,50
660050,-5.419905681489244,50
660100,-5.824409258815335,50
660150,-4.548003290176432,50
660200,-10.442402973874781,50
660250,-7.816207657309198,50
660300,-8.48514788218693,50
660350,-8.489426783760267,50
660400,-1.5808089812248487,50
660450,-7.4915098826992566,50
660500,-1.0166613025438893,50
660550,-9.994906849885819,50
660600,-5.300074133094941,50
660650,-5.920446592776385,50
660700,-7.006352693608569,50
660750,-5.4967411971453535,50
660800,-6.6169542429054005,50
660850,-6.973128871203374,50
660900,-3.9893501571505783,50
660950,-6.729719975294792,50
661000,-9.564802153203797,50
661050,-5.617895473386245,50
661100,-5.222103504118676,50
661150,-7.576649843376481,50
661200,-9.51817321017425,50
661250,-2.688503246060884,50
661300,-9.134702672976667,50
661350,-9.886868884671248,50
661400,-13.203167546272034,50
661450,-3.8965488169297986,50
661500,-5.205250313338213,50
661550,-4.4850748834952014,50
661600,-5.119449643961198,50
661650,-6.0815220242654995,50
661700,-5.38812015924304,50
661750,-7.68618438452297,50
661800,-5.598702989631622,50
661850,-7.910494252249607,50
661900,-7.418580264857127,50
661950,-3.757024978753883,50
662000,-3.3555903277182777,50
662050,-7.514343866655226,50
662100,-9.626946730620334,50
662150,-6.173713135551986,50
662200,-6.590899316077094,50
662250,-5.590004773570164,50
662300,-11.527490412973089,50
662350,-3.680228261539129,50
662400,-3.6108270297177967,50
662450,-6.070977968084062,50
662500,-9.230427854904665,50
662550,-7.90420361105087,50
662600,-2.9980754833727015,50
662650,-10.477577242023152,50
662700,-7.458147515323261,50
662750,-8.107719918375423,50
662800,-4.8211890096315555,50
662850,-4.4832222147703815,50
662900,-8.408525513116201,50
662950,-2.6916973229041257,50
663000,-6.060582138212704,50
663050,-10.298245695531453,50
663100,-4.867365822691154,50
663150,-6.3954888602870765,50
663200,-8.706825345604686,50
663250,-9.490135193474282,50
663300,-5.964116544426647,50
663350,-10.617864815969275,50
663400,-7.950565652481254,50
663450,-5.293750657969706,50
663500,-5.37669915898239,50
663550,-4.446039532897746,50
663600,-5.962254499370343,50
663650,-7.706832266049036,50
663700,-6.133118570554347,50
663750,-6.401765756078933,50
663800,-3.722073811409443,50
663850,-4.328111348815153,50
663900,-6.86902162793957,50
663950,-9.292606530548209,50
664000,-1.6361812539052232,50
664050,-8.093134776545675,50
664100,-10.42683276551409,50
664150,-6.056452732259816,50
664200,-3.7445566806848256,50
664250,-6.531406546952022,50
664300,-4.318420161975934,50
664350,-6.260888632269341,50
664400,-3.9165254880256635,50
664450,-7.816740241787772,50
664500,-5.556722791365702,50
664550,-3.0046476597878873,50
664600,-7.51746001525206,50
664650,-2.3205203298162242,50
664700,-9.836764847754473,50
664750,-3.171811818228421,50
664800,-2.3184186993246265,50
664850,-5.657560472888127,50
664900,-5.879721930793339,50
664950,-7.639572639483011,50
665000,-3.424457318509185,50
665050,-3.5858252045583603,50
665100,-8.162769412500655,50
665150,-9.439071331058475,50
665200,-7.607025354158544,50
665250,-6.941559442378325,50
665300,-10.032363167393491,50
665350,-9.252279533423042,50
665400,-6.233603738105988,50
665450,-9.656292069954645,50
665500,-7.174001634018949,50
665550,-10.242100348605746,50
665600,-7.361096851259373,50
665650,-5.463806074197283,50
665700,-9.109988814581676,50
665750,-7.989338658981969,50
665800,-10.2191161156116,50
665850,-7.307649247231284,50
665900,-2.3659407715659597,50
665950,-3.958124938734557,50
666000,-5.849591189219144,50
666050,-2.7929183413619834,50
666100,-1.2309097924000847,50
666150,-3.540604813438511,50
666200,-4.366869354249253,50
666250,-5.581438367707501,50
666300,-5.767731311121428,50
666350,-4.318060402775247,50
666400,-3.1428915473284413,50
666450,-4.6977055308876405,50
666500,-6.6375790662937195,50
666550,-4.655673708823604,50
666600,-3.29573601509839,50
666650,-8.383464306287484,50
666700,-5.291718534650649,50
666750,-9.26214171162187,50
666800,-5.796130555720595,50
666850,-6.620197018967184,50
666900,-7.787977872797295,50
666950,-6.146988988973459,50
667000,-7.802280422626631,50
667050,-5.794258408430825,50
667100,-3.3303027266749248,50
667150,-6.725203372156566,50
667200,-7.327164648711494,50
667250,-7.493782274211048,50
667300,-4.861377750200989,50
667350,-2.9823542973620496,50
667400,-8.731431185800933,50
667450,-7.958242804510954,50
667500,-9.37635068484605,50
667550,-9.360556000049028,50
667600,-6.2885822708375985,50
667650,-8.64782742989683,50
667700,-10.232583570099553,50
667750,-6.544917857366084,50
667800,-7.032205091987746,50
667850,-1.7224597183076231,50
667900,-8.38779162110543,50
667950,-4.516339179971494,50
668000,-4.444561804241412,50
668050,-4.47867688845813,50
668100,-4.440465270243988,50
668150,-3.9530679512994067,50
668200,-3.740460077964371,50
668250,-4.26416717459963,50
668300,-8.981195626488626,50
668350,-9.059466768398366,50
668400,-9.542775397298877,50
668450,-7.503951785978251,50
668500,-3.754286197735484,50
668550,-0.8914526866164056,50
668600,-9.00393538680894,50
668650,-2.4740408098606967,50
668700,-4.874844770268762,50
668750,-4.600561379179265,50
668800,-9.839792669279324,50
668850,-3.1578600278990843,50
668900,-5.791794158594165,50
668950,-4.06988569765223,50
669000,-3.3911920571894187,50
669050,-4.412962078182615,50
669100,-5.092976999762554,50
669150,-6.5528781270748295,50
669200,-6.760437322103707,50
669250,-3.281331801841216,50
669300,-3.731955550388702,50
669350,-9.465301043157444,50
669400,-4.484674927298589,50
669450,-4.396504550337809,50
669500,-5.8896488654376125,50
669550,-8.86538696790237,50
669600,-5.96622152628822,50
669650,-5.8808637276962905,50
669700,-6.6216063014050635,50
669750,-4.401563647353491,50
669800,-2.4767487270158246,50
669850,-5.488518081942774,50
669900,-2.0930406591977744,50
669950,-5.624428495151613,50
670000,-5.360495679275188,50
670050,-6.428101434449711,50
670100,-4.766061248598709,50
670150,-4.370200188298807,50
670200,-7.436051710224482,50
670250,-6.768002789546778,50
670300,-6.245774439563464,50
670350,-5.615972065337053,50
670400,-7.979736524800394,50
670450,-7.12332898902587,50
670500,-8.372458642240915,50
670550,-2.217252006366357,50
670600,-7.41563263598381,50
670650,-3.8377506756523334,50
670700,-3.686574312927652,50
670750,-8.86290246169048,50
670800,-6.759008125415854,50
670850,-5.957929007636366,50
670900,-6.943412898459457,50
670950,-9.776577095211252,50
671000,-7.175048648045917,50
671050,-5.170554367488627,50
671100,-6.014440642706435,50
671150,-9.724005912762296,50
671200,-8.703676162499704,50
671250,-5.3155922021859565,50
671300,-5.532115682113501,50
671350,-6.776559576028899,50
671400,-6.636221857349441,50
671450,-7.282365422630699,50
671500,-4.027237592844994,50
671550,-10.649598571074758,50
671600,-8.089440205622642,50
671650,-8.623501752181681,50
671700,-9.11092270558658,50
671750,-5.846340966401365,50
671800,-5.142411875422189,50
671850,-6.45785382106571,50
671900,-10.351480605171965,50
671950,-8.562451064179456,50
672000,-6.118208369591973,50
672050,-9.692078926441301,50
672100,-5.095160865300686,50
672150,-6.25064743030146,50
672200,-5.161845954965449,50
672250,-3.1252739190108265,50
672300,-6.148483371235072,50
672350,-4.095397279728636,50
672400,-1.8057355560092607,50
672450,-6.661432378220549,50
672500,-6.55016666847924,50
672550,-6.825827277072639,50
672600,-10.52195877643582,50
672650,-3.026970166939018,50
672700,-7.4427031372945365,50
672750,-6.03572483163137,50
672800,-5.749588656867491,50
672850,-8.826057062581434,50
672900,-5.405323603573275,50
672950,-4.886593936207699,50
673000,-6.8915359437964225,50
673050,-7.834613072246033,50
673100,-6.374462805855887,50
673150,-7.15456219607888,50
673200,-5.643576265118964,50
673250,-5.860676546107956,50
673300,-11.663628754940795,50
673350,-4.849879131690254,50
673400,-3.6598232810298668,50
673450,-8.346654605583309,50
673500,-9.819263703740303,50
673550,-5.979461719138183,50
673600,-7.3257791686647975,50
673650,-8.122401261417574,50
673700,-4.4019251634793966,50
673750,-5.750947994109398,50
673800,-4.529865989217277,50
673850,-9.691139599215857,50
673900,-6.099885698607832,50
673950,-3.884874946256815,50
674000,-8.757061992016213,50
674050,-8.745002764356135,50
674100,-10.976253638756534,50
674150,-2.281045336224644,50
674200,-4.126860609084965,50
674250,-9.499501911387206,50
674300,-11.248923686263694,50
674350,-2.70421735260315,50
674400,-5.773497328758553,50
674450,-7.574352196690052,50
674500,-4.664005910053929,50
674550,-9.5275156382169,50
674600,-6.626350564447371,50
674650,-7.780770638611663,50
674700,-4.431657170128613,50
674750,-4.441317560214069,50
674800,-6.260391982747441,50
674850,-1.8314170163988712,50
674900,-3.6116949102332123,50
674950,-5.979446222726137,50
675000,-2.6204370111869633,50
675050,-9.999702746047168,50
675100,-8.039424007531398,50
675150,-4.970467185882124,50
675200,-1.3682202995638333,50
675250,-8.989508562956745,50
675300,-5.574692099479769,50
675350,-6.0483086669155215,50
675400,-7.954147206380929,50
675450,-5.259990245053662,50
675500,-7.43548924353061,50
675550,-6.992485388646241,50
675600,-10.80885374894195,50
675650,-6.5325231020015435,50
675700,-8.973801856430173,50
675750,-5.182467479956253,50
675800,-7.312525027838455,50
675850,-6.993999893655743,50
675900,-4.4038248877904485,50
675950,-8.739123602747979,50
676000,-8.692270054465402,50
676050,-6.942429400287838,50
676100,-3.6171471393087002,50
676150,-3.74011939289854,50
676200,-4.243225538468458,50
676250,-7.763533146477822,50
676300,-6.003612458226372,50
676350,-8.926724025224052,50
676400,-9.0130820913591,50
676450,-7.177748586231271,50
676500,-8.375493226667455,50
676550,-7.926248993303566,50
676600,-6.348603130400101,50
676650,-5.232148468447333,50
676700,-5.510891944118425,50
676750,-5.199797984865104,50
676800,-3.7554100119090097,50
676850,-6.024436349743335,50
676900,-5.679849601146552,50
676950,-8.273833631651135,50
677000,-5.286134692542395,50
677050,-3.107019437180254,50
677100,-9.553469535466942,50
677150,-8.009582674624639,50
677200,-6.384077792490847,50
677250,-6.070695238922688,50
677300,-6.651548144015023,50
677350,-4.143595007100142,50
677400,-6.938375732660976,50
677450,-5.841208679929642,50
677500,-7.524853968713745,50
677550,-3.3304701459105517,50
677600,-3.500726446216846,50
677650,-6.899876161508243,50
677700,-10.767815043373743,50
677750,-10.453878943671036,50
677800,-3.023296324540793,50
677850,-7.119048896354882,50
677900,-4.506158641222574,50
677950,-4.15753840911882,50
678000,-9.88132025165842,50
678050,-7.875045873285242,50
678100,-9.0429024927332,50
678150,-7.527623572215357,50
678200,-4.857624741481454,50
678250,-2.988102643555798,50
678300,-10.685714885113862,50
678350,-5.700489532981918,50
678400,-3.8817083306527493,50
678450,-8.073082819278335,50
678500,-7.360971359042349,50
678550,-3.5794114503065413,50
678600,-4.872363841639401,50
678650,-6.02459262812039,50
678700,-1.0688689095991837,50
678750,-12.365056940551533,50
678800,-8.541672952212222,50
678850,-10.560572385161526,50
678900,-10.00630325821025,50
678950,-4.518346953421268,50
679000,-2.6288256190316086,50
679050,-8.487805552803225,50
679100,-7.205467923217478,50
679150,-3.710077888758382,50
679200,-8.913057309265172,50
679250,-5.841031537990137,50
679300,-7.273234114203487,50
679350,-8.712063505263822,50
679400,-6.96713552340828,50
679450,-6.247819870570572,50
679500,-8.813315511720717,50
679550,-4.721951491881733,50
679600,-3.0629230869910575,50
679650,-9.533236340940364,50
679700,-8.382049909033775,50
679750,-4.692830175540573,50
679800,-6.211427541790106,50
679850,-9.02540400245786,50
679900,-9.36655494966822,50
679950,-1.7145113792887707,50
680000,-6.016875280198767,50
680050,-4.495547266502469,50
680100,-2.8738875560065957,50
680150,-6.901613363126402,50
680200,-5.895213773524004,50
680250,-8.02590156666458,50
680300,-9.597801239468922,50
680350,-6.735782128797136,50
680400,-7.590605202261051,50
680450,-8.3706753837967,50
680500,-7.361425380746821,50
680550,-2.0778305571698663,50
680600,-4.165586007294427,50
680650,-9.058904373698152,50
680700,-5.723350973342522,50
680750,-7.335442487552896,50
680800,-9.685461345722846,50
680850,-5.128982603534723,50
680900,-7.43503642961819,50
680950,-4.6185617138420305,50
681000,-5.087085803937345,50
681050,-6.633210932312457,50
681100,-1.7462870115523257,50
681150,-6.964827416057246,50
681200,-5.342724513972766,50
681250,-9.73746846491475,50
681300,-5.342999516832848,50
681350,-9.264012110680978,50
681400,-6.72405153647012,50
681450,-8.15549451882701,50
681500,-7.73956262172562,50
681550,-6.857433737205815,50
681600,-4.880653340046045,50
681650,-5.7625726415797685,50
681700,-7.487577767299081,50
681750,-3.874588437434203,50
681800,-7.435723507762918,50
681850,-6.352307823417942,50
681900,-4.758422102250961,50
681950,-3.681695076420043,50
682000,-9.782207597056887,50
682050,-2.4155259915289675,50
682100,-3.573733656068018,50
682150,-4.875637355304203,50
682200,-3.881440951504749,50
682250,-4.9428759424893745,50
682300,-8.107729713326453,50
682350,-2.8808591368187044,50
682400,-8.694425207486528,50
682450,-7.291411307061861,50
682500,-7.66822876772218,50
682550,-5.516275983534217,50
682600,-3.1965564374038413,50
682650,-7.3076529313045455,50
682700,-4.982138459701084,50
682750,-4.411137706076324,50
682800,-7.02791028548872,50
682850,-5.848627125008623,50
682900,-4.064477313289339,50
682950,-2.4691629680112737,50
683000,-2.1758817601169076,50
683050,-8.492519558986002,50
683100,-7.5106480545900745,50
683150,-9.598732802384651,50
683200,-6.522680652762741,50
683250,-9.384850975361138,50
683300,-4.480921472989496,50
683350,-3.7812609849545873,50
683400,-9.305005791586705,50
683450,-7.709055450704143,50
683500,-5.601234761649496,50
683550,-8.607834031773177,50
683600,-5.380700898094735,50
683650,-5.1992392675478305,50
683700,-6.059746353547308,50
683750,-2.70507560556188,50
683800,-7.1629320138558725,50
683850,-6.76295931198513,50
683900,-8.615163252238396,50
683950,-8.857341278128834,50
684000,-3.4519100057613943,50
684050,-7.253077990986153,50
684100,-8.362039117918895,50
684150,-1.4852669694428409,50
684200,-7.456210057460403,50
684250,-6.793937482338371,50
684300,-5.6766639698824175,50
684350,-6.17716167798097,50
684400,-5.248857258593307,50
684450,-7.819370498913854,50
684500,-8.323389928282664,50
684550,-8.603151983537217,50
684600,-7.886201072973127,50
684650,-4.663873764040725,50
684700,-4.433370220849394,50
684750,-4.5847007743520845,50
684800,-7.727011113383946,50
684850,-9.701690977265704,50
684900,-9.943296364271285,50
684950,-4.079429126349326,50
685000,-13.609667449426475,50
685050,-3.881800444023856,50
685100,-6.646914174432862,50
685150,-3.898330364144466,50
685200,-1.7169093656755439,50
685250,-3.9631039839457727,50
685300,-6.897897028459233,50
685350,-8.154721731438356,50
685400,-5.030933188208754,50
685450,-3.70451605049746,50
685500,-7.2343286221036625,50
685550,-5.599788308750244,50
685600,-6.251858998831431,50
685650,-6.351316267433051,50
685700,-5.252829822866143,50
685750,-1.3612831042830214,50
685800,-8.658691765369296,50
685850,-5.1489585787069485,50
685900,-9.095577114652691,50
685950,-5.385205408200511,50
686000,-5.993809493134145,50
686050,-1.4027635933517493,50
686100,-7.115843634208396,50
686150,-6.6613445875467665,50
686200,-3.704106905417806,50
686250,-9.214923893253754,50
686300,-3.9808433605141866,50
686350,-10.392676828272721,50
686400,-13.724100978434308,50
686450,-3.2524863143205085,50
686500,-9.930193295818638,50
686550,-8.19765522667341,50
686600,-5.7779097975044795,50
686650,-5.3116557546939385,50
686700,-4.484888556972425,50
686750,-7.299320998053768,50
686800,-9.940514667351614,50
686850,-1.731384421526323,50
686900,-4.503004883099951,50
686950,-5.697490207985735,50
687000,-2.3803219811403955,50
687050,-3.4135735475378692,50
687100,-7.797145831191779,50
687150,-9.272012444349116,50
687200,-9.066096284026287,50
687250,-6.2787388674271005,50
687300,-2.2933540336527196,50
687350,-5.100635155954768,50
687400,-6.10588246749196,50
687450,-5.274669577102599,50
687500,-4.590559113584483,50
687550,-1.1630066182435768,50
687600,-4.944808720875523,50
687650,-6.030034791978145,50
687700,-7.147687529782304,50
687750,-2.3805696558618092,50
687800,-7.338827380931759,50
687850,-9.52245600786124,50
687900,-5.03150231581887,50
687950,-10.870453571812185,50
688000,-3.02509712226869,50
688050,-7.8469596753951745,50
688100,-7.011773124981177,50
688150,-9.221071677634892,50
688200,-9.367034977999555,50
688250,-6.360896784220882,50
688300,-5.077781635090617,50
688350,-7.9450698230860795,50
688400,-8.525784548029327,50
688450,-9.450968615086772,50
688500,-6.7940389514160895,50
688550,-8.35131041089885,50
688600,-6.330187090934432,50
688650,-1.5169762744407853,50
688700,-8.77089854542585,50
688750,-4.770153994197027,50
688800,-1.9675547106208535,50
688850,-4.136943865682462,50
688900,-7.8370662098942585,50
688950,-1.7512872140257156,50
689000,-3.7682225370322,50
689050,-8.934513724582247,50
689100,-5.27962759128918,50
689150,-6.803384364130934,50
689200,-5.194747933238487,50
689250,-4.61911157683682,50
689300,-4.233335306622719,50
689350,-9.055769243104786,50
689400,-8.541841410141908,50
689450,-5.359943829360466,50
689500,-8.557738378519597,50
689550,-5.741430583615526,50
689600,-3.677881088905677,50
689650,-3.203366377763735,50
689700,-3.9543590318751627,50
689750,-4.046991366323821,50
689800,-5.879237221663672,50
689850,-5.249316751670663,50
689900,-8.083803551945083,50
689950,-9.795448194131191,50
690000,-5.907660278690444,50
690050,-9.01075609354303,50
690100,-9.155982396446953,50
690150,-5.219917702776861,50
690200,-9.659505976251232,50
690250,-12.323406255146995,50
690300,-4.838650249193202,50
690350,-6.973736569219223,50
690400,-5.06844072921508,50
690450,-9.973696676970269,50
690500,-1.2935890886366128,50
690550,-3.0736997201423515,50
690600,-11.01576064222706,50
690650,-6.956184271048559,50
690700,-2.935103779691145,50
690750,-5.8297168690845895,50
690800,-10.172430348760205,50
690850,-5.764669647893124,50
690900,-3.1499584737947,50
690950,-9.975899362289748,50
691000,-10.110066204040828,50
691050,-5.289840437409417,50
691100,-4.737228473655515,50
691150,-6.021333513598026,50
691200,-7.255172045071943,50
691250,-3.4022631935841137,50
691300,-6.564809647726841,50
691350,-7.542700554113318,50
691400,-9.312955660749914,50
691450,-4.318909792515298,50
691500,-7.025056290765079,50
691550,-7.9194749726351885,50
691600,-4.711272971183844,50
691650,-10.103937823502608,50
691700,-3.3210310281271465,50
691750,-5.462494275050107,50
691800,-7.776371454732656,50
691850,-6.833442610890957,50
691900,-9.627254234412238,50
691950,-3.49314714133292,50
692000,-2.4146011409033825,50
692050,-3.6466942865702734,50
692100,-9.85237681768068,50
692150,-4.462754078562306,50
692200,-2.0465070811294344,50
692250,-2.648212123316045,50
692300,-1.6391938701028368,50
692350,-7.024485730341837,50
692400,-11.053185742178538,50
692450,-10.542428510837325,50
692500,-7.005005487625283,50
692550,-8.100235456498742,50
692600,-9.949444614954194,50
692650,-10.162639475520432,50
692700,-5.8233313772076505,50
692750,-2.0705921237088387,50
692800,-8.100338400021027,50
692850,-7.231943894719734,50
692900,-3.9502094129334644,50
692950,-6.102125494564327,50
693000,-5.720832102837016,50
693050,-3.228025125709901,50
693100,-4.1424777546581115,50
693150,-8.286300467302734,50
693200,-9.251835490718554,50
693250,-5.9559064435119975,50
693300,-8.372852117277162,50
693350,-8.236376717814595,50
693400,-5.042214728395776,50
693450,-6.235190907850923,50
693500,-2.5116187216290813,50
693550,-6.917908423106509,50
693600,-9.730134735835668,50
693650,-5.1705904164054965,50
693700,-7.025435573124606,50
693750,-6.884497259754465,50
693800,-6.223048656138136,50
693850,-1.4528246179605322,50
693900,-5.919746356402024,50
693950,-5.065194936784423,50
694000,-7.805786029543846,50
694050,-6.744938442683158,50
694100,-6.150706411944326,50
694150,-4.528934227871664,50
694200,-5.0446033076064305,50
694250,-5.507595249004937,50
694300,-10.9372980548894,50
694350,-4.258555712878163,50
694400,-4.049003421580565,50
694450,-8.489131084888545,50
694500,-11.65798579140823,50
694550,-5.620491574733454,50
694600,-6.391778279275717,50
694650,-7.60864845735081,50
694700,-8.24876119914654,50
694750,-8.409432475547927,50
694800,-13.3226872639354,50
694850,-9.899774452472766,50
694900,-5.617734421001145,50
694950,-10.072283845208728,50
695000,-4.76666456679832,50
695050,-7.181098252083044,50
695100,-6.781798174291881,50
695150,-6.219089559260505,50
695200,-5.603502853277531,50
695250,-3.0032173703754914,50
695300,-7.040480275155117,50
695350,-5.2638693779657375,50
695400,-9.724984185670799,50
695450,-9.1660945125536,50
695500,-2.5906452298662237,50
695550,-7.690366393863196,50
695600,-7.243665064093516,50
695650,-3.9643413662272033,50
695700,-5.234197671768128,50
695750,-7.99353999669016,50
695800,-8.205153577217402,50
695850,-2.724054254341016,50
695900,-3.8076596522933164,50
695950,-3.367956981494419,50
696000,-8.927225512652786,50
696050,-7.586521276931979,50
696100,-6.740894553211137,50
696150,-2.459377152862419,50
696200,-8.489414624489642,50
696250,-9.721203776805384,50
696300,-3.5842044879145702,50
696350,-5.188819956010157,50
696400,-5.775117634468299,50
696450,-4.965047906952314,50
696500,-5.2555600432324665,50
696550,-2.242410223549196,50
696600,-8.481153155654072,50
696650,-3.7860775421345823,50
696700,-4.697054284642152,50
696750,-2.5724212987064727,50
696800,-3.571170972549574,50
696850,-6.42155942680401,50
696900,-4.775127883110146,50
696950,-11.527381585731417,50
697000,-12.227988300839773,50
697050,-8.20797101186171,50
697100,-5.182169295388295,50
697150,-6.9755298386789315,50
697200,-9.680030745411552,50
697250,-5.581641193969247,50
697300,-7.174693272172273,50
697350,-4.926217317702565,50
697400,-9.128902015155093,50
697450,-9.704061447306032,50
697500,-6.986290202237493,50
697550,-9.780815371383891,50
697600,-6.975418927727782,50
697650,-7.902324031651489,50
697700,-5.847908162945793,50
697750,-8.379340005164769,50
697800,-6.735455566629665,50
697850,-8.076925203833737,50
697900,-7.32365924606237,50
697950,-4.329560192272686,50
698000,-4.026479942896152,50
698050,-8.843109158371982,50
698100,-4.366017733472429,50
698150,-4.490344654683017,50
698200,-8.111961803022506,50
698250,-3.3964308108137042,50
698300,-8.819830250678574,50
698350,-3.306409037120355,50
698400,-3.8493269154150833,50
698450,-5.219674923382894,50
698500,-7.91526098741635,50
698550,-6.815929502996699,50
698600,-9.653165410865952,50
698650,-3.3102200555804067,50
698700,-3.4093017236671788,50
698750,-9.142773444884503,50
698800,-2.7831292051443564,50
698850,-5.3964310044361,50
698900,-3.4827447565966705,50
698950,-7.208031419918294,50
699000,-9.800973208344814,50
699050,-4.005451011497069,50
699100,-5.598895775477448,50
699150,-5.853636135758717,50
699200,-7.40089409678609,50
699250,-3.8496779396336462,50
699300,-1.1461249090041816,50
699350,-4.177056522429784,50
699400,-9.772772315854784,50
699450,-4.563226870421547,50
699500,-8.44375546472448,50
699550,-4.261737707932095,50
699600,-8.856265632753075,50
699650,-8.856419889919373,50
699700,-5.926052014528984,50
699750,-3.482598224638708,50
699800,-10.658632198142923,50
699850,-5.134062838095764,50
699900,-9.399340218668426,50
699950,-3.070526078798952,50
700000,-8.210731467390454,50
700050,-8.539436747193236,50
700100,-2.296188058043553,50
700150,-5.740040994225081,50
700200,-8.031325015038858,50
700250,-4.136843587015147,50
700300,-6.830672502839369,50
700350,-8.02512711148602,50
700400,-4.423311395183946,50
700450,-8.169082117037313,50
700500,-7.8168432739645075,50
700550,-5.631457442258229,50
700600,-10.255939779787225,50
700650,-9.67176811519779,50
700700,-4.467515231074656,50
700750,-5.21856790976442,50
700800,-7.0098307500549675,50
700850,-2.5433675896523273,50
700900,-4.586408723959969,50
700950,-5.169398943730477,50
701000,-7.178947998850744,50
701050,-7.983558507939854,50
701100,-3.700236650965943,50
701150,-4.611032935473118,50
701200,-9.466857480542934,50
701250,-10.741460820171689,50
701300,-7.026848048141365,50
701350,-6.261129476996824,50
701400,-4.384392052975405,50
701450,-4.373429664704213,50
701500,-11.102589541344365,50
701550,-7.749079824827123,50
701600,-7.294377165894738,50
701650,-9.198577753504386,50
701700,-3.8968521777041176,50
701750,-8.409041401959456,50
701800,-6.709545037761731,50
701850,-3.389158370623579,50
701900,-5.854209697687334,50
701950,-9.59801840240605,50
702000,-5.466014634637214,50
702050,-2.887543088073245,50
702100,-9.757064791818172,50
702150,-5.240431977199787,50
702200,-7.59065106334245,50
702250,-6.5974764364091,50
702300,-6.127880389858062,50
702350,-12.460502759131401,50
702400,-7.9567087559193626,50
702450,-5.707029927045,50
702500,-10.285424819622817,50
702550,-8.672569696049548,50
702600,-8.695200944587604,50
702650,-9.652700919456864,50
702700,-8.583771917863919,50
702750,-6.863476431566609,50
702800,-5.068901196570909,50
702850,-7.3916029071757885,50
702900,-5.139395302222863,50
702950,-5.36017034348548,50
703000,-6.690470516093363,50
703050,-6.540916895891109,50
703100,-4.758357110508173,50
703150,-3.5284220324194226,50
703200,-4.350441949222738,50
703250,-3.0752662443544065,50
703300,-4.57356592899552,50
703350,-7.163371201254985,50
703400,-6.080853922734849,50
703450,-9.441947527446072,50
703500,-5.594607806534927,50
703550,-14.02878885867516,50
703600,-4.030747738182578,50
703650,-7.005693958374623,50
703700,-5.505683403704524,50
703750,-7.653384737989292,50
703800,-5.9101891185799,50
703850,-3.0034537846751443,50
703900,-7.371257469517639,50
703950,-7.997853380921601,50
704000,-9.863824563880135,50
704050,-6.971854692406742,50
704100,-5.743881388062915,50
704150,-3.741951449934385,50
704200,-3.8001902794952063,50
704250,-5.999474489185929,50
704300,-5.637534325205036,50
704350,-10.512161500496118,50
704400,-3.2265686474172153,50
704450,-7.5567778905263605,50
704500,-5.223821625746459,50
704550,-6.151555785063218,50
704600,-7.886154699375592,50
704650,-7.17200224067932,50
704700,-4.717348032281713,50
704750,-8.526000341845442,50
704800,-5.664495073258093,50
704850,-7.181150112693497,50
704900,-8.294981432253065,50
704950,-6.293381528375637,50
705000,-3.465663135833375,50
705050,-11.262423268798628,50
705100,-7.266742935475835,50
705150,-8.389003278373512,50
705200,-7.889701693088652,50
705250,-5.71020391927061,50
705300,-5.699560651745936,50
705350,-9.990677356353103,50
705400,-9.647399496641722,50
705450,-5.465573684290968,50
705500,-8.193464673493075,50
705550,-4.2765331124955095,50
705600,-4.543436671542828,50
705650,-10.95684230065736,50
705700,-8.761548405056628,50
705750,-7.338890195756003,50
705800,-8.316025505753215,50
705850,-9.670755892412268,50
705900,-4.337441713766346,50
705950,-7.065978611891531,50
706000,-5.377414125763409,50
706050,-2.9525056336167843,50
706100,-3.9668733523862953,50
706150,-9.628549350767047,50
706200,-6.435978497426626,50
706250,-2.501699326095091,50
706300,-4.849114074070761,50
706350,-7.259891421582636,50
706400,-2.3305558828506077,50
706450,-6.99917131594321,50
706500,-4.140713671949358,50
706550,-4.689661244594466,50
706600,-4.466379826123444,50
706650,-9.163242580450136,50
706700,-6.007872031852361,50
706750,-8.7376335847803,50
706800,-6.28402924454054,50
706850,-7.839765792126322,50
706900,-7.810797598121628,50
706950,-3.909315493367371,50
707000,-7.3559795582995955,50
707050,-5.5406036676140085,50
707100,-1.9055029982311766,50
707150,-3.9061227843495296,50
707200,-10.340488179048721,50
707250,-5.710052628797435,50
707300,-6.759516491779698,50
707350,-5.175370999271761,50
707400,-7.972180554891358,50
707450,-6.393814225816022,50
707500,-5.730700902909243,50
707550,-6.535460254594399,50
707600,-2.7516500571148703,50
707650,-2.2290024860073983,50
707700,-6.1024755731513025,50
707750,-5.432096934380517,50
707800,-7.170291315402325,50
707850,-2.7898161634451695,50
707900,-6.292291520439845,50
707950,-10.074836885456671,50
708000,-9.393280479753708,50
708050,-9.824645367203413,50
708100,-4.301340037928514,50
708150,-8.732114103314704,50
708200,-5.0504146270551455,50
708250,-6.680947411621418,50
708300,-5.891612007273163,50
708350,-9.086366323244214,50
708400,-7.498891012267854,50
708450,-6.751890305739646,50
708500,-9.79639351889104,50
708550,-8.695744938572796,50
708600,-4.943078118082011,50
708650,-8.598115550018566,50
708700,-3.7809806593009245,50
708750,-2.4511542972428173,50
708800,-6.57681931986306,50
708850,-7.862921645242791,50
708900,-10.523444241588347,50
708950,-10.945844025624769,50
709000,-4.867777970554239,50
709050,-6.157216639812222,50
709100,-10.41783112779847,50
709150,-4.191245921832124,50
709200,-6.701326633214388,50
709250,-7.273865686933845,50
709300,-6.318207609752339,50
709350,-4.043192961050878,50
709400,-8.225360589304106,50
709450,-5.336893948232156,50
709500,-5.9910687961992455,50
709550,-7.643347799441863,50
709600,-3.75186353007596,50
709650,-10.633652047956632,50
709700,-5.6720103544396245,50
709750,-4.406623681995874,50
709800,-6.617231640460329,50
709850,-5.966294582154272,50
709900,-6.619176768085459,50
709950,-4.1624771858627705,50
710000,-2.7308729870583117,50
710050,-3.9098043750349163,50
710100,-2.528143647527915,50
710150,-9.144811061672627,50
710200,-7.468929304093592,50
710250,-8.382108086652563,50
710300,-7.238538885112368,50
710350,-4.481690804803944,50
710400,-1.6352407470876864,50
710450,-5.083399226392553,50
710500,-3.965399701522147,50
710550,-4.983077464976603,50
710600,-10.089080261487776,50
710650,-7.521673014081887,50
710700,-5.053490960872279,50
710750,-5.326789519477422,50
710800,-8.000486385817005,50
710850,-4.396682718705805,50
710900,-7.514253751811031,50
710950,-6.016232446037133,50
711000,-8.481108193040777,50
711050,-4.211558098479937,50
711100,-3.095709487530003,50
711150,-3.8350521920556258,50
711200,-6.002019173926971,50
711250,-9.559296866933318,50
711300,-7.995731368517328,50
711350,-6.161376932875879,50
711400,-4.5275862108662865,50
711450,-6.871474795245491,50
711500,-4.935156344156921,50
711550,-5.9633317054742925,50
711600,-5.0267999173760165,50
711650,-4.7627878979445395,50
711700,-9.41933757487772,50
711750,-4.093544517198882,50
711800,-8.743438224774211,50
711850,-5.905780185675447,50
711900,-8.026235764120008,50
711950,-4.5322383330827565,50
712000,-4.033563637064037,50
712050,-7.965238006643554,50
712100,-6.434130791575944,50
712150,-2.7566268529015026,50
712200,-9.831843546075064,50
712250,-2.7387853068905104,50
712300,-4.086169988816559,50
712350,-6.222176485813536,50
712400,-5.168654242221032,50
712450,-11.115537418113583,50
712500,-3.1183090666506694,50
712550,-4.733796208080897,50
712600,-3.3424047822488734,50
712650,-5.585794140883024,50
712700,-4.804190190969837,50
712750,-3.9105868652300977,50
712800,-10.01839395018135,50
712850,-6.581299658401059,50
712900,-3.586830327887113,50
712950,-5.253508729735309,50
713000,-9.28975380419576,50
713050,-3.5007750089593603,50
713100,-2.2395290651336737,50
713150,-5.50539406320981,50
713200,-2.527932070603182,50
713250,-6.150261581423614,50
713300,-4.438212476062146,50
713350,-7.240193818043414,50
713400,-6.491815141876294,50
713450,-10.210661884661693,50
713500,-7.523181024987125,50
713550,-8.070097608237365,50
713600,-7.366354586171363,50
713650,-7.569409941133393,50
713700,-4.048950494866651,50
713750,-6.655392061440411,50
713800,-8.634890815398665,50
713850,-8.593089598572552,50
713900,-6.639574433628393,50
713950,-3.8975333635386655,50
714000,-6.435728883956997,50
714050,-7.941127939584994,50
714100,-1.9814826759985058,50
714150,-7.73863971120159,50
714200,-10.943336286885605,50
714250,-7.215847355949189,50
714300,-2.72032320469873,50
714350,-5.249117016247234,50
714400,-6.395452382287817,50
714450,-4.725531940059048,50
714500,-5.954388334744394,50
714550,-7.6255032164127075,50
714600,-9.016991073844665,50
714650,-4.5488441323914985,50
714700,-9.490013826400856,50
714750,-5.048584042573864,50
714800,-6.244556422142912,50
714850,-6.143468028096034,50
714900,-6.262958913473821,50
714950,-4.05750361661002,50
715000,-5.533813687774029,50
715050,-6.39169164216227,50
715100,-7.488807874663499,50
715150,-9.096734917982596,50
715200,-7.684139858312926,50
715250,-3.513840785442162,50
715300,-6.100358256090632,50
715350,-3.985548766354709,50
715400,-9.344894632489266,50
715450,-3.1734236464633243,50
715500,-6.389718485246486,50
715550,-3.976292097430126,50
715600,-8.463852573571446,50
715650,-9.407455891838053,50
715700,-5.642501566396966,50
715750,-5.67542808193622,50
715800,-7.674492219571376,50
715850,-10.100658733481065,50
715900,-3.650637441128761,50
715950,-4.00579654548163,50
716000,-7.1597821744979155,50
716050,-4.905413081209491,50
716100,-9.882629004325885,50
716150,-4.418385630766639,50
716200,-13.608379700200759,50
716250,-5.832111714770936,50
716300,-9.461832259120238,50
716350,-6.694970065456848,50
716400,-3.7475456459688163,50
716450,-7.262057822726865,50
716500,-5.409383326888842,50
716550,-12.749053823687973,50
716600,-6.619845400477321,50
716650,-5.586480042840944,50
716700,-3.8431845579124575,50
716750,-3.640283315019909,50
716800,-8.743862203736638,50
716850,-4.006712790426473,50
716900,-7.502180231798662,50
716950,-4.340439765540673,50
717000,-6.0166509725057935,50
717050,-7.863761857489497,50
717100,-4.794712096838482,50
717150,-4.896384226894349,50
717200,-8.056531541837465,50
717250,-1.6252438227803054,50
717300,-1.9048989110851786,50
717350,-5.057423165985927,50
717400,-6.571635276786096,50
717450,-6.074406148686123,50
717500,-8.730785490494156,50
717550,-9.110501919253561,50
717600,-4.248417316677267,50
717650,-5.250003092591132,50
717700,-4.486223962365139,50
717750,-4.270921889832353,50
717800,-4.884383591372123,50
717850,-7.348351879978156,50
717900,-5.5636261891065475,50
717950,-5.872237908325206,50
718000,-7.717009170017206,50
718050,-6.848614017321246,50
718100,-12.120853363528282,50
718150,-4.508548582763969,50
718200,-8.01383847012983,50
718250,-4.5349600359877815,50
718300,-3.4912482884971534,50
718350,-9.906761802551202,50
718400,-5.49976045133648,50
718450,-14.251408896281468,50
718500,-11.006733341688143,50
718550,-6.367430000842465,50
718600,-9.008404239256434,50
718650,-9.469416813037338,50
718700,-5.398932902584031,50
718750,-4.106672080609828,50
718800,-4.9584913167748,50
718850,-6.6479514476509625,50
718900,-2.4090067020715775,50
718950,-7.305600625315638,50
719000,-6.826586260273317,50
719050,-4.474399172488577,50
719100,-4.028585769529095,50
719150,-6.304924641657029,50
719200,-6.349611954625271,50
719250,-4.091049510786196,50
719300,-4.310968030844452,50
719350,-9.401070853472838,50
719400,-4.441678729855757,50
719450,-6.134671897236815,50
719500,-4.682128366852551,50
719550,-3.415043691670424,50
719600,-8.780463202555632,50
719650,-6.849980979640107,50
719700,-2.9711042925301814,50
719750,-1.2665505513920163,50
719800,-4.138018639160099,50
719850,-7.963099164338548,50
719900,-8.567524595646232,50
719950,-6.907718458736883,50
720000,-5.588694345094097,50
720050,-6.2233770596644025,50
720100,-5.793656940128984,50
720150,-9.220945774592032,50
720200,-9.571086004494171,50
720250,-5.209634680789229,50
720300,-9.54136869523831,50
720350,-7.018431058355717,50
720400,-4.040360928861841,50
720450,-6.210942659947731,50
720500,-2.66777640217437,50
720550,-6.3700890081234185,50
720600,-4.633935694761526,50
720650,-3.959373756206667,50
720700,-3.8270121800306254,50
720750,-3.52653757499881,50
720800,-1.2707906680703835,50
720850,-3.1685098454335825,50
720900,-5.690240832963913,50
720950,-4.367744780261697,50
721000,-8.347926478357046,50
721050,-9.243001646646047,50
721100,-4.944231726798703,50
721150,-5.4906010066654,50
721200,-10.925359449159739,50
721250,-5.219537242755178,50
721300,-10.295499487779379,50
721350,-6.729748059117345,50
721400,-2.092164237851075,50
721450,-5.495074417532425,50
721500,-8.700390453198816,50
721550,-4.837336886566876,50
721600,-7.151472174104095,50
721650,-6.92369059137117,50
721700,-9.141960439058634,50
721750,-7.942712645715199,50
721800,-9.56845434396845,50
721850,-4.802517999375464,50
721900,-6.116553666709797,50
721950,-1.9774572102175354,50
722000,-8.560698901901405,50
722050,-3.9696853139044657,50
722100,-4.669972773795311,50
722150,-11.208449379951857,50
722200,-1.3265421625843419,50
722250,-6.093885884149998,50
722300,-5.389804684203035,50
722350,-7.655594185885387,50
722400,-7.186172956078186,50
722450,-8.483517725818064,50
722500,-7.944414832945,50
722550,-3.0894949541005734,50
722600,-5.150469756201696,50
722650,-9.592068851582788,50
722700,-3.6420268365972825,50
722750,-7.583002534862212,50
722800,-6.782311941235015,50
722850,-5.09122912899897,50
722900,-5.39862555239832,50
722950,-5.927386808952118,50
723000,-2.7320703842392886,50
723050,-2.985255705046643,50
723100,-9.762933943510717,50
723150,-6.888911700657549,50
723200,-6.72791480708198,50
723250,-8.052799895305625,50
723300,-5.59089653343324,50
723350,-10.510100724246826,50
723400,-6.341887764015524,50
723450,-4.494556741862799,50
723500,-3.8718703279172746,50
723550,-5.813939887543224,50
723600,-4.05020331410599,50
723650,-9.176049533875746,50
723700,-4.352798940121533,50
723750,-9.21360420555979,50
723800,-6.820636621801542,50
723850,-10.07919852228051,50
723900,-5.374514281451261,50
723950,-6.868879087914375,50
724000,-5.947313168691236,50
724050,-7.800855734094297,50
724100,-7.102140254533439,50
724150,-8.891363484763838,50
724200,-1.3486757136800145,50
724250,-4.682094586131899,50
724300,-12.178123760828512,50
724350,-6.2116160364727655,50
724400,-9.207382951143723,50
724450,-5.829862606898005,50
724500,-5.359911548973587,50
724550,-5.329280193917153,50
724600,-2.1822239847147484,50
724650,-7.008485874545023,50
724700,-3.0568011818780256,50
724750,-4.203693484968766,50
724800,-11.325733226739098,50
724850,-1.547802819332174,50
724900,-6.6847967693089325,50
724950,-6.033158698900437,50
725000,-4.598162921925141,50
725050,-7.259761786996832,50
725100,-6.292038289169952,50
725150,-3.2819591110571396,50
725200,-8.72497433312174,50
725250,-7.824423331039636,50
725300,-6.914125223323484,50
725350,-3.895625335015845,50
725400,-4.263329761533548,50
725450,-7.155421222865135,50
725500,-4.595928586020439,50
725550,-5.471751273980274,50
725600,-5.9216013218165084,50
725650,-5.776073957968041,50
725700,-2.9583955837443505,50
725750,-2.3589399305744263,50
725800,-5.368539352859856,50
725850,-4.018270471521362,50
725900,-9.434896969284363,50
725950,-6.167145209626412,50
726000,-4.480233639600136,50
726050,-4.0798329358385015,50
726100,-9.220907727725038,50
726150,-3.913251979246834,50
726200,-5.493040667996656,50
726250,-6.6564256116042575,50
726300,-5.58380371630223,50
726350,-3.552379384916932,50
726400,-6.52056205799891,50
726450,-8.478445971389245,50
726500,-4.0862771621276455,50
726550,-3.079233303341435,50
726600,-2.144459573664794,50
726650,-3.83114019547981,50
726700,-9.73859238237332,50
726750,-3.2586049778178903,50
726800,-8.926059342811396,50
726850,-6.317524053154863,50
726900,-6.948826259446939,50
726950,-1.2389648861656826,50
727000,-6.689290116593231,50
727050,-5.419655611648372,50
727100,-6.041172416523427,50
727150,-14.933991120441657,50
727200,-8.73462603374628,50
727250,-6.531929878820111,50
727300,-4.037320056113775,50
727350,-4.784222640612276,50
727400,-6.953962681943345,50
727450,-6.263864855415838,50
727500,-8.602699387533098,50
727550,-5.936110456610523,50
727600,-6.527516471030456,50
727650,-10.293661043830937,50
727700,-1.181991114358868,50
727750,-10.415198983006187,50
727800,-4.828333377821242,50
727850,-5.727204452414641,50
727900,-6.579533639591773,50
727950,-5.486571727091327,50
728000,-5.124091705176423,50
728050,-5.801786912627438,50
728100,-9.025830672661282,50
728150,-1.9712428945689322,50
728200,-8.713796143900831,50
728250,-4.66422198017474,50
728300,-3.9173955832757543,50
728350,-7.282704363773858,50
728400,-9.644475824532014,50
728450,-2.019892083671852,50
728500,-3.1559981056065265,50
728550,-13.403345469683016,50
728600,-6.685582163159018,50
728650,-8.40510733026531,50
728700,-4.378745267407504,50
728750,-1.7136128976315874,50
728800,-10.321968808901854,50
728850,-5.784918951003285,50
728900,-9.965949507201703,50
728950,-4.6532625791128,50
729000,-3.5967815721191343,50
729050,-4.436168927453949,50
729100,-5.784002867459447,50
729150,-8.803583891699455,50
729200,-8.0576232263021,50
729250,-3.8979522236132866,50
729300,-2.3998281538480244,50
729350,-2.9958569267363035,50
729400,-6.031777898732091,50
729450,-3.400827052948476,50
729500,-5.440496878096294,50
729550,-5.621463930368703,50
729600,-4.1643617160180595,50
729650,-6.4281766185295215,50
729700,-5.376505471122168,50
729750,-8.003786162905566,50
729800,-6.206312274172512,50
729850,-3.3025035811499737,50
729900,-3.608718603769912,50
729950,-10.663653688484457,50
730000,-6.224755018787453,50
730050,-10.6380251470286,50
730100,-3.016586127896386,50
730150,-6.995494495480416,50
730200,-4.944861900493019,50
730250,-8.680449056612684,50
730300,-5.577987687968747,50
730350,-10.439698779124932,50
730400,-5.778432272730059,50
730450,-5.4961647017750686,50
730500,-5.817532374549257,50
730550,-1.641788174746254,50
730600,-10.163984890278913,50
730650,-5.231172509508899,50
730700,-7.6699449136894895,50
730750,-4.783025454626888,50
730800,-8.0653345520788,50
730850,-7.974162989804052,50
730900,-4.603956402321968,50
730950,-4.359850584436475,50
731000,-5.435120030195512,50
731050,-5.081530270242042,50
731100,-9.46591249922879,50
731150,-5.862612444301319,50
731200,-5.187976681316243,50
731250,-5.4570717557201895,50
731300,-9.134805256589381,50
731350,-4.762630536808332,50
731400,-5.838964838972935,50
731450,-3.944096425526763,50
731500,-6.415157161704728,50
731550,-6.904162013192043,50
731600,-6.781977374812575,50
731650,-7.583535975089289,50
731700,-6.342215944276926,50
731750,-5.417845015092181,50
731800,-9.780513286051324,50
731850,-1.7608952698655704,50
731900,-6.765600511170041,50
731950,-7.9018719247358264,50
732000,-3.2450052353856207,50
732050,-6.78392370031384,50
732100,-7.9714239462853085,50
732150,-9.27102552204588,50
732200,-5.332153609346314,50
732250,-4.051891049653944,50
732300,-7.4104871239761945,50
732350,-9.08492793428176,50
732400,-6.038144261370512,50
732450,-8.200857103215668,50
732500,-5.372421159747959,50
732550,-6.698297954376324,50
732600,-10.412578914835356,50
732650,-5.5991009900637225,50
732700,-6.533556787410648,50
732750,-3.2554101137290825,50
732800,-6.032708589033471,50
732850,-10.480982909027903,50
732900,-8.798352576221566,50
732950,-7.3038452939433425,50
733000,-9.427568284155425,50
733050,-4.981501578937876,50
733100,-9.337297129384485,50
733150,-6.130131806503168,50
733200,-5.100935191695069,50
733250,-10.5901898462107,50
733300,-11.422149467931122,50
733350,-4.826524872743966,50
733400,-10.35915633716722,50
733450,-8.556679062351874,50
733500,-7.874249885013801,50
733550,-5.606675953712473,50
733600,-4.557562468006031,50
733650,-9.276239169435579,50
733700,-5.958037306608963,50
733750,-7.963738150769567,50
733800,-8.113314108246568,50
733850,-8.835362329144266,50
733900,-3.8035065376308292,50
733950,-1.1922329694189147,50
734000,-7.156117309305229,50
734050,-5.177979127486829,50
734100,-5.349302671709329,50
734150,-6.5095811544438815,50
734200,-8.436605029036775,50
734250,-8.205374976697664,50
734300,-3.2711516574888475,50
734350,-5.2062363560394544,50
734400,-9.813213497101955,50
734450,-3.9145387634303264,50
734500,-4.8914160833211495,50
734550,-9.309670601195705,50
734600,-3.8276226297735234,50
734650,-4.927632544858167,50
734700,-4.965114905612787,50
734750,-4.280435840724782,50
734800,-5.610201782822297,50
734850,-8.163787213054011,50
734900,-8.492985175358037,50
734950,-4.20328331684779,50
735000,-5.911141235289904,50
735050,-5.56000837719614,50
735100,-4.202698707616981,50
735150,-5.497262258952803,50
735200,-11.199602740801717,50
735250,-5.029987400645369,50
735300,-4.859237236062308,50
735350,-8.536617289937135,50
735400,-5.103450007996759,50
735450,-6.783452115746224,50
735500,-7.5592541471009875,50
735550,-5.575510401941587,50
735600,-6.334521709446105,50
735650,-4.079561618274995,50
735700,-8.665321078489331,50
735750,-1.959508468930617,50
735800,-7.964082136340632,50
735850,-7.575887298190975,50
735900,-4.185474385311018,50
735950,-7.013022385497613,50
736000,-4.571338680637562,50
736050,-4.087330682205495,50
736100,-9.82765503330238,50
736150,-5.971909915027692,50
736200,-10.673366920853855,50
736250,-5.402714273004609,50
736300,-6.786737180407499,50
736350,-6.4070532465728895,50
736400,-3.680170225909876,50
736450,-5.528853546997009,50
736500,-8.5081150399787,50
736550,-5.879473890792752,50
736600,-9.960947260232135,50
736650,-4.0193794797007785,50
736700,-10.70617929406255,50
736750,-7.76355796646121,50
736800,-10.509799206074838,50
736850,-10.054866913994653,50
736900,-5.718121516034907,50
736950,-7.115943066264258,50
737000,-2.803997394386065,50
737050,-5.269006248488189,50
737100,-6.425944457245586,50
737150,-5.2527348020858,50
737200,-8.586584385972598,50
737250,-7.170698811915469,50
737300,-4.054405610378192,50
737350,-5.301555188782722,50
737400,-5.303389160807734,50
737450,-10.859789344308775,50
737500,-8.918197502721899,50
737550,-6.171390791965411,50
737600,-1.22711722549165,50
737650,-3.161473286992084,50
737700,-7.173148434628107,50
737750,-5.633447555858697,50
737800,-1.9747819354410716,50
737850,-10.20472625094246,50
737900,-5.07863965156806,50
737950,-4.785727685314013,50
738000,-2.873493274655313,50
738050,-6.369449217662998,50
738100,-5.337456301789243,50
738150,-2.8122865181275536,50
738200,-5.353903576720195,50
738250,-9.683929196993658,50
738300,-4.0289582279408105,50
738350,-4.143898703455023,50
738400,-10.12296009873467,50
738450,-7.795103279258848,50
738500,-10.81252112914899,50
738550,-6.424401791375337,50
738600,-5.320403396520188,50
738650,-5.424994929481383,50
738700,-8.008097582271013,50
738750,-7.452834043404728,50
738800,-7.511686510014549,50
738850,-6.872730694400256,50
738900,-8.795023119226201,50
738950,-8.40903606001664,50
739000,-8.855262749852079,50
739050,-5.196032077248993,50
739100,-5.184299107774381,50
739150,-1.737003394757708,50
739200,-6.033119534418774,50
739250,-3.568165461486247,50
739300,-2.946609358223966,50
739350,-7.2210729221967815,50
739400,-7.737360642465924,50
739450,-3.431662202513756,50
739500,-4.809576164348082,50
739550,-5.675047613611812,50
739600,-3.9348574767864157,50
739650,-4.634906626113803,50
739700,-6.044119092031276,50
739750,-6.1622049640148395,50
739800,-3.8649339390515602,50
739850,-5.654783587897111,50
739900,-6.963591016157728,50
739950,-7.0994017072990365,50
740000,-5.648386327198741,50
740050,-6.682313680919566,50
740100,-4.306426138044284,50
740150,-3.599836487927167,50
740200,-5.983196847286157,50
740250,-5.7840171467399975,50
740300,-5.271885408738429,50
740350,-4.931231310841787,50
740400,-2.9102458359664793,50
740450,-4.435290614334607,50
740500,-5.027679939162158,50
740550,-4.447687344834502,50
740600,-6.033293941246287,50
740650,-6.659786841044219,50
740700,-3.667038441361363,50
740750,-8.335287962920717,50
740800,-9.254069950256067,50
740850,-4.901269020147053,50
740900,-6.309703509124784,50
740950,-5.4555289252353285,50
741000,-4.345319755969691,50
741050,-4.9458392224411964,50
741100,-4.957301681343837,50
741150,-8.04386179566133,50
741200,-8.383138079853326,50
741250,-5.301940086023585,50
741300,-7.382231632593776,50
741350,-3.1135296861036776,50
741400,-6.6626260769621055,50
741450,-8.409346873686347,50
741500,-8.131610579419977,50
741550,-6.529149138445739,50
741600,-4.368113136439577,50
741650,-6.6960566721435395,50
741700,-10.320384253246113,50
741750,-6.44177132010378,50
741800,-4.3735436853367835,50
741850,-5.517325419633172,50
741900,-10.383766721642695,50
741950,-3.624925680635121,50
742000,-6.6814485866555255,50
742050,-4.8581685791685825,50
742100,-6.995515947820301,50
742150,-12.97772406592111,50
742200,-6.7415188887063024,50
742250,-6.048959987172862,50
742300,-4.692961460570107,50
742350,-3.523638882709037,50
742400,-4.693774732828871,50
742450,-5.483342745027467,50
742500,-9.698771078661483,50
742550,-5.156567952268698,50
742600,-10.403186943496227,50
742650,-7.7954425948072235,50
742700,-6.468097716597824,50
742750,-11.17727311494652,50
742800,-8.990984073422393,50
742850,-3.752085827548251,50
742900,-8.817644812739777,50
742950,-7.151894011024667,50
743000,-8.227667337568354,50
743050,-6.0292712816825516,50
743100,-6.187683822823692,50
743150,-7.114614509434719,50
743200,-5.826293321266354,50
743250,-7.766778073799028,50
743300,-2.2598110217661302,50
743350,-2.4868845684602072,50
743400,-9.591359961795566,50
743450,-5.64571293705883,50
743500,-7.664169066512799,50
743550,-9.572690694407761,50
743600,-10.650742725667348,50
743650,-9.297931645329001,50
743700,-12.787109584416944,50
743750,-5.532667869099636,50
743800,-10.096272476498823,50
743850,-6.575786858580169,50
743900,-8.28010510693311,50
743950,-6.289647169462763,50
744000,-4.297478731512177,50
744050,-9.083493492675144,50
744100,-5.750467045153911,50
744150,-8.235438064024143,50
744200,-5.5845016459947,50
744250,-7.6249854304695495,50
744300,-7.188417674141311,50
744350,-10.319107675164098,50
744400,-3.311227825366259,50
744450,-7.816668565871966,50
744500,-9.977233762871226,50
744550,-6.1476330983415295,50
744600,-5.815982921866931,50
744650,-5.02590951351395,50
744700,-2.7915494062848283,50
744750,-13.093433562841632,50
744800,-8.70791690911513,50
744850,-9.195823228152586,50
744900,-8.64401414235361,50
744950,-4.749794014895852,50
745000,-4.591102895659426,50
745050,-8.78255103975279,50
745100,-3.0012653577474357,50
745150,-3.4883481807844463,50
745200,-4.220324838792115,50
745250,-5.810100729474587,50
745300,-2.0035554873903063,50
745350,-6.9530005364561935,50
745400,-4.700204284444438,50
745450,-8.925273285697786,50
745500,-5.985343802222394,50
745550,-8.287540237573205,50
745600,-5.628066604532719,50
745650,-4.522996552936855,50
745700,-7.208253271056445,50
745750,-6.206098619686193,50
745800,-6.0391742972886995,50
745850,-6.011480406260684,50
745900,-8.421684978775955,50
745950,-5.400534365124925,50
746000,-5.59089554340381,50
746050,-5.599769688671506,50
746100,-4.546462231932409,50
746150,-7.201490093870562,50
746200,-6.550338377460386,50
746250,-2.9733630122668635,50
746300,-10.817719267052826,50
746350,-8.824597697553086,50
746400,-4.944317353043825,50
746450,-4.817155139798609,50
746500,-7.470364965025433,50
746550,-5.663666453271209,50
746600,-9.033008095632963,50
746650,-11.175825936103267,50
746700,-4.4621778365190155,50
746750,-7.066852899535972,50
746800,-5.850720249029657,50
746850,-4.4975829227208814,50
746900,-1.0511283747081313,50
746950,-5.746192775744331,50
747000,-3.5136512712869967,50
747050,-10.775605965045568,50
747100,-5.807267284941428,50
747150,-6.299607277697396,50
747200,-4.8367163384917005,50
747250,-6.044903294702014,50
747300,-4.463335080786683,50
747350,-6.868675445368201,50
747400,-3.195345476280263,50
747450,-5.511227070139232,50
747500,-7.977788909677874,50
747550,-6.698704917525904,50
747600,-4.7023221340828885,50
747650,-4.167123018317641,50
747700,-8.84251964269296,50
747750,-6.586963244592406,50
747800,-5.435617955955193,50
747850,-5.767311872332195,50
747900,-10.138141185742484,50
747950,-7.403568194393187,50
748000,-5.897023630535739,50
748050,-7.950090117700047,50
748100,-4.781373074347168,50
748150,-8.139065389215517,50
748200,-5.2102343879389865,50
748250,-7.0921924776912295,50
748300,-5.068900980297753,50
748350,-9.602110976142107,50
748400,-2.1258992203480185,50
748450,-4.725630318280752,50
748500,-5.379020911776293,50
748550,-9.838984388689289,50
748600,-4.232633507869884,50
748650,-7.713922330710579,50
748700,-9.715451611938414,50
748750,-6.908788165273248,50
748800,-6.398281430465622,50
748850,-4.416953644377544,50
748900,-5.794631367591836,50
748950,-4.714370678144305,50
749000,-4.643842715097751,50
749050,-6.126654334474579,50
749100,-5.484320467685698,50
749150,-3.76701383854494,50
749200,-6.603402294277212,50
749250,-5.912223715329249,50
749300,-4.418075009283012,50
749350,-8.658068295375568,50
749400,-2.96978380998534,50
749450,-10.148948657083405,50
749500,-4.048501488995074,50
749550,-2.9013622174937477,50
749600,-9.221719720696244,50
749650,-5.367285048062329,50
749700,-1.5282187658690083,50
749750,-5.724055386603765,50
749800,-9.121672193241347,50
749850,-9.784639484180953,50
749900,-9.771467722663168,50
749950,-4.005390958459607,50
750000,-6.573827558793894,50
750050,-7.699449417131695,50
750100,-6.5628283917558905,50
750150,-5.345588400391436,50
750200,-2.0817901591020376,50
750250,-8.383508779706249,50
750300,-4.2168210720476855,50
750350,-7.783009042619944,50
750400,-6.094780190602759,50
750450,-3.1076664036260317,50
750500,-7.3102448433692695,50
750550,-12.555495330161039,50
750600,-6.424969203972652,50
750650,-6.3211772791764895,50
750700,-1.4890277655451722,50
750750,-5.65624980763841,50
750800,-4.016371586833369,50
750850,-4.841345629135366,50
750900,-3.7812556290390575,50
750950,-10.831682626587073,50
751000,-4.653427743804219,50
751050,-2.7112347552738587,50
751100,-7.033639096175875,50
751150,-7.881669106821862,50
751200,-5.7258814560265625,50
751250,-4.411876693092416,50
751300,-4.261235393205531,50
751350,-5.53474260545756,50
751400,-5.033646051909437,50
751450,-4.019977352749762,50
751500,-8.08010926958174,50
751550,-8.447666391371706,50
751600,-4.7094177487790745,50
751650,-1.5144961342057013,50
751700,-4.696739937409632,50
751750,-2.667084211559735,50
751800,-2.3983731024962096,50
751850,-4.938827886811484,50
751900,-7.267806289769477,50
751950,-4.129763227482204,50
752000,-10.8651002663233,50
752050,-7.471146161031289,50
752100,-5.281089352162384,50
752150,-3.787790939132297,50
752200,-1.9540562413007148,50
752250,-6.020453456345713,50
752300,-5.191838653635495,50
752350,-1.7432877846148338,50
752400,-6.52870357347871,50
752450,-8.113473410879829,50
752500,-3.888192270579384,50
752550,-4.091449800720821,50
752600,-3.020148609779833,50
752650,-9.156447860816444,50
752700,-9.838326643513238,50
752750,-1.41207742621926,50
752800,-9.57195071553864,50
752850,-9.350152187613633,50
752900,-11.679083011385877,50
752950,-6.560573809689686,50
753000,-5.023232500470121,50
753050,-3.608516941122101,50
753100,-6.308071343905694,50
753150,-6.303171477354136,50
753200,-3.6642953926562574,50
753250,-7.82522563705306,50
753300,-6.707176670449889,50
753350,-10.89628542355168,50
753400,-4.672116059297152,50
753450,-7.241820552080948,50
753500,-7.585325354949175,50
753550,-7.721239146635472,50
753600,-7.2855735632023855,50
753650,-3.6344742534703016,50
753700,-4.754699024015516,50
753750,-4.154873569326449,50
753800,-4.496849787802221,50
753850,-4.90193277094452,50
753900,-4.975516925655453,50
753950,-3.669216868184814,50
754000,-5.850892093473016,50
754050,-4.405785414947291,50
754100,-5.72004319675839,50
754150,-8.719567385989377,50
754200,-5.701434545173028,50
754250,-6.398771580234272,50
754300,-4.967661039041435,50
754350,-6.453686036438098,50
754400,-7.393371043232061,50
754450,-6.3450788124821855,50
754500,-2.346184192814263,50
754550,-6.658592005777961,50
754600,-5.445855856536033,50
754650,-9.125726274533093,50
754700,-9.366448282466337,50
754750,-7.53280495699789,50
754800,-9.22619394536485,50
754850,-5.692901939307006,50
754900,-7.494955179614375,50
754950,-4.26538146653887,50
755000,-9.789773737875935,50
755050,-6.068429759468838,50
755100,-4.480630684304315,50
755150,-5.897042402477538,50
755200,-9.436089927788696,50
755250,-10.164684199819144,50
755300,-5.592644870600651,50
755350,-5.395874718848374,50
755400,-4.9457391916758136,50
755450,-7.406991430624901,50
755500,-4.98216845275551,50
755550,-7.997759917259917,50
755600,-7.152546496789986,50
755650,-9.710656170399497,50
755700,-2.441847531462547,50
755750,-4.332364967944354,50
755800,-1.9758997433613854,50
755850,-4.388433817303541,50
755900,-5.3333896365995015,50
755950,-6.638629671825969,50
756000,-2.6907522989189125,50
756050,-3.8644801127840607,50
756100,-6.743743439487284,50
756150,-5.0888634614499955,50
756200,-5.160157875770857,50
756250,-5.776386909363895,50
756300,-7.365122490740609,50
756350,-4.953126414601661,50
756400,-5.390938698339259,50
756450,-3.2033571336352025,50
756500,-4.607873485956762,50
756550,-8.19268771242586,50
756600,-10.394328548363026,50
756650,-9.414557707276453,50
756700,-8.201496919476806,50
756750,-8.280782854002682,50
756800,-8.065499656297055,50
756850,-4.810894837416873,50
756900,-4.867124104853861,50
756950,-3.315254321077563,50
757000,-7.262278720389067,50
757050,-4.187792500688319,50
757100,-4.390386736448935,50
757150,-6.443307848708657,50
757200,-7.596011872260667,50
757250,-7.4623216776517,50
757300,-6.0144930333614575,50
757350,-13.884327133429997,50
757400,-6.48665719171062,50
757450,-4.120976733097957,50
757500,-4.253580630186992,50
757550,-5.268345996515988,50
757600,-9.258642715666753,50
757650,-10.855622290486625,50
757700,-7.398288859657184,50
757750,-5.974809106197881,50
757800,-6.164711910742422,50
757850,-4.690445029862521,50
757900,-7.888314595209997,50
757950,-3.3483345450757414,50
758000,-6.11740601267959,50
758050,-3.607859364643134,50
758100,-7.621780916096258,50
758150,-4.435488044229609,50
758200,-4.285776907675591,50
758250,-6.254524243342406,50
758300,-5.60917657527318,50
758350,-7.7144050768838,50
758400,-10.191798501025188,50
758450,-4.129542670084706,50
758500,-4.223838522526463,50
758550,-7.2967720030126975,50
758600,-3.255085347340578,50
758650,-10.155721668644711,50
758700,-2.6788598291809937,50
758750,-5.290701608255886,50
758800,-1.7461201900330916,50
758850,-7.306666472009333,50
758900,-10.40723586192254,50
758950,-5.484767038840977,50
759000,-11.140688947104984,50
759050,-5.575031394265087,50
759100,-3.727373069978483,50
759150,-10.036874850220684,50
759200,-1.5072340978795602,50
759250,-6.403240979492182,50
759300,-8.769113025554297,50
759350,-10.308682142410014,50
759400,-8.72367945698063,50
759450,-5.924766291190969,50
759500,-8.260462154299706,50
759550,-7.248208489570376,50
759600,-4.577796474303045,50
759650,-8.66338507267005,50
759700,-7.038783695430795,50
759750,-7.1715559310905155,50
759800,-5.465437331807305,50
759850,-5.485457566391345,50
759900,-7.746735797681181,50
759950,-6.629501448715924,50
760000,-4.823685631299669,50
760050,-6.800675481214455,50
760100,-7.586702235957838,50
760150,-7.597398553118989,50
760200,-5.911508518472725,50
760250,-8.83886340571912,50
760300,-3.7132743736794254,50
760350,-9.935374454518172,50
760400,-6.115812265580387,50
760450,-3.8554458141897796,50
760500,-4.199589302258391,50
760550,-6.087531384886081,50
760600,-3.677823196834283,50
760650,-4.952953089549643,50
760700,-9.28415104121555,50
760750,-5.1138627904550225,50
760800,-8.96086974825562,50
760850,-2.138567986639952,50
760900,-8.682580331665575,50
760950,-9.212507246337669,50
761000,-5.222977065511012,50
761050,-7.56622683361758,50
761100,-2.583243909269299,50
761150,-6.89120731311052,50
761200,-6.643581372714383,50
761250,-10.804575109573097,50
761300,-9.908492358864873,50
761350,-9.53534759809307,50
761400,-7.496893716720953,50
761450,-8.037075861554992,50
761500,-5.7688133433295565,50
761550,-8.015915503769401,50
761600,-4.665724918162416,50
761650,-9.712828746451926,50
761700,-4.430887687967966,50
761750,-5.434375302518771,50
761800,-8.901891972979133,50
761850,-7.529065370555231,50
761900,-8.579006343774394,50
761950,-8.786823067391726,50
762000,-6.980328281548415,50
762050,-8.680896046247229,50
762100,-8.515122892541417,50
762150,-6.042718795144523,50
762200,-5.386736066872127,50
762250,-9.424268678072085,50
762300,-5.033212133075807,50
762350,-11.096371565337547,50
762400,-2.5196195161803803,50
762450,-6.180708726411499,50
762500,-2.5421267290661382,50
762550,-4.97688665001075,50
762600,-4.938505633747734,50
762650,-13.355262322329782,50
762700,-5.170153723174041,50
762750,-3.4535045826474593,50
762800,-10.877322580089684,50
762850,-6.307254117504549,50
762900,-5.779366608873873,50
762950,-6.208603444040798,50
763000,-1.9456012446821735,50
763050,-4.138720949630999,50
763100,-9.998583112673044,50
763150,-6.755578576791752,50
763200,-7.786462985465483,50
763250,-6.791200489754091,50
763300,-8.29100583085767,50
763350,-1.5450476998804823,50
763400,-3.4858945199519247,50
763450,-7.048356310196057,50
763500,-10.021759876725051,50
763550,-3.6101067801598328,50
763600,-5.705012694563576,50
763650,-4.860725177612305,50
763700,-1.4688260425977282,50
763750,-3.589770037258848,50
763800,-4.839966641813779,50
763850,-10.748297667807575,50
763900,-3.1906107334093488,50
763950,-7.885462420477614,50
764000,-5.457377356559798,50
764050,-2.7510081909023674,50
764100,-7.930330822511794,50
764150,-6.863073875119043,50
764200,-6.937921827002238,50
764250,-11.137947113697335,50
764300,-8.975340070561229,50
764350,-10.720792328751493,50
764400,-7.70564356137267,50
764450,-8.592266033271867,50
764500,-7.003030934072218,50
764550,-5.961589654175101,50
764600,-14.331298871605597,50
764650,-5.066492842483239,50
764700,-8.189445984038224,50
764750,-6.487694129735047,50
764800,-6.1592335272128995,50
764850,-5.2930719230123975,50
764900,-8.565245462252868,50
764950,-6.412788914862342,50
765000,-9.452142125430525,50
765050,-8.349993270581285,50
765100,-9.874633596967076,50
765150,-9.865358480440355,50
765200,-6.6054844719389925,50
765250,-6.470650554103613,50
765300,-4.353531661904963,50
765350,-9.669208573144031,50
765400,-1.4037984462185928,50
765450,-4.533787656093392,50
765500,-3.3608374689965146,50
765550,-6.920097083850887,50
765600,-7.776799669823009,50
765650,-6.414167704501463,50
765700,-4.042124167295693,50
765750,-5.861466994849434,50
765800,-9.571427682885371,50
765850,-8.113955993474436,50
765900,-3.8937723469114847,50
765950,-9.478361716747669,50
766000,-5.845962407744382,50
766050,-9.657851746889678,50
766100,-3.2423847889594777,50
766150,-7.8228902676379874,50
766200,-7.68314474600189,50
766250,-2.622915710607332,50
766300,-7.511829878432213,50
766350,-5.347652353488865,50
766400,-7.2051262471726805,50
766450,-6.803009428959138,50
766500,-8.31094090652269,50
766550,-1.606912315137028,50
766600,-4.828279125248418,50
766650,-6.141876941226249,50
766700,-6.281809869717073,50
766750,-7.874078806591097,50
766800,-5.518438901333153,50
766850,-6.362813783126117,50
766900,-8.366621395554972,50
766950,-3.135648664254213,50
767000,-5.159828590661378,50
767050,-2.9313667039364675,50
767100,-11.607499834039961,50
767150,-3.2565284686357105,50
767200,-8.540261203523896,50
767250,-9.8254508472085,50
767300,-9.574483225058408,50
767350,-6.8374819305372405,50
767400,-5.195079535786611,50
767450,-4.694390128844782,50
767500,-9.01196674879665,50
767550,-4.052719788083873,50
767600,-4.240084095505753,50
767650,-5.668367843170818,50
767700,-9.577465842208222,50
767750,-3.8416296427765873,50
767800,-8.228374665326118,50
767850,-9.573455901414697,50
767900,-6.330655418186003,50
767950,-8.4464473114151,50
768000,-7.0201457984570474,50
768050,-3.022317058158524,50
768100,-8.613006042523214,50
768150,-5.3258037403812875,50
768200,-9.357032489877966,50
768250,-7.141445648134611,50
768300,-5.242676516488506,50
768350,-7.882846891818433,50
768400,-3.6408219043656223,50
768450,-5.335540299673178,50
768500,-8.60113706684183,50
768550,-8.299208202840155,50
768600,-5.195290480324455,50
768650,-10.183823238047577,50
768700,-6.17475752350013,50
768750,-4.920298868096997,50
768800,-2.2799768240121128,50
768850,-3.418407780764043,50
768900,-8.310034292827646,50
768950,-8.973390366908475,50
769000,-5.782773510955491,50
769050,-11.194589011779529,50
769100,-5.468928490126122,50
769150,-4.882397575545186,50
769200,-5.419143848754401,50
769250,-7.615826558318348,50
769300,-7.346356732370606,50
769350,-5.776543881785957,50
769400,-5.830995566585886,50
769450,-5.880419174372426,50
769500,-2.437609445248918,50
769550,-3.8221694051295563,50
769600,-5.454122750651566,50
769650,-2.0886204642104382,50
769700,-7.401604912150753,50
769750,-7.213399041030781,50
769800,-7.5845668649835,50
769850,-5.336601008615037,50
769900,-6.988879727117999,50
769950,-4.10921915067732,50
770000,-8.198126488869244,50
770050,-9.356371113445109,50
770100,-8.40970006647019,50
770150,-1.7512776298043513,50
770200,-4.585733540569465,50
770250,-7.913582628120585,50
770300,-9.283543102153212,50
770350,-5.0727644600770265,50
770400,-4.328422521168239,50
770450,-9.233746261222052,50
770500,-7.900426351384512,50
770550,-6.304495887137431,50
770600,-5.556269985862275,50
770650,-5.171935315194094,50
770700,-4.4354819171311615,50
770750,-6.284511450754789,50
770800,-10.55290774906958,50
770850,-4.8788751334235885,50
770900,-9.641661049923611,50
770950,-7.8166855258498105,50
771000,-6.264570979683766,50
771050,-7.168689831133075,50
771100,-4.459118448427641,50
771150,-6.690771477725258,50
771200,-8.366507817721086,50
771250,-4.943721599686071,50
771300,-8.477548184864457,50
771350,-5.751364788152307,50
771400,-9.61833986813466,50
771450,-9.327106739139357,50
771500,-11.404134542187402,50
771550,-8.242065856184205,50
771600,-3.3677698073665985,50
771650,-5.78495890601603,50
771700,-6.825580343721755,50
771750,-4.496862675900774,50
771800,-5.759680994723431,50
771850,-6.011685074690461,50
771900,-8.639694597031282,50
771950,-4.299738266169383,50
772000,-7.700819829616081,50
772050,-5.4776486765357815,50
772100,-7.021391989287586,50
772150,-5.005264184250524,50
772200,-9.94064547215655,50
772250,-11.59903916795693,50
772300,-8.775930948847565,50
772350,-6.15628500235227,50
772400,-8.076727532799568,50
772450,-5.507019394235621,50
772500,-5.118408395360876,50
772550,-4.215569260202835,50
772600,-4.478937095034217,50
772650,-8.699106925751254,50
772700,-9.48386133178717,50
772750,-6.405123628095588,50
772800,-4.125687294222618,50
772850,-11.426086139447047,50
772900,-10.388162020855766,50
772950,-4.5726008587842095,50
773000,-8.984740487924245,50
773050,-5.938343730815644,50
773100,-5.907449550991451,50
773150,-5.14171684646615,50
773200,-4.003354901248694,50
773250,-2.0535072298417645,50
773300,-5.955396454562805,50
773350,-8.782663753566677,50
773400,-10.483764676894241,50
773450,-9.157049927822339,50
773500,-5.5169029235052855,50
773550,-5.1007313950900945,50
773600,-7.9319327696266795,50
773650,-4.057047080219289,50
773700,-3.3460726121626174,50
773750,-5.117923767904507,50
773800,-3.3048227878798357,50
773850,-4.829135805706157,50
773900,-7.206322142202689,50
773950,-8.27242305336095,50
774000,-5.27318083202469,50
774050,-2.5095335650268766,50
774100,-5.462986473808117,50
774150,-8.084180959145082,50
774200,-3.0219629237229526,50
774250,-11.910135610290313,50
774300,-5.403902940987223,50
774350,-6.922653066125185,50
774400,-8.192294693357459,50
774450,-3.641538468923597,50
774500,-6.803268017671839,50
774550,-1.780440626322204,50
774600,-7.523397110184766,50
774650,-4.948236775145865,50
774700,-1.7923217029539358,50
774750,-4.888058546079556,50
774800,-8.738873975151357,50
774850,-6.290157039168757,50
774900,-3.51918311098791,50
774950,-8.092827636867467,50
775000,-2.829603531898352,50
775050,-9.314909205060065,50
775100,-5.779549434500281,50
775150,-2.447319258170053,50
775200,-9.43997775695226,50
775250,-8.2504452468357,50
775300,-6.096574044076107,50
775350,-5.38470760537355,50
775400,-7.824440530394831,50
775450,-9.319730004338771,50
775500,-5.5807303231255405,50
775550,-8.642420641946577,50
775600,-3.9090281771494246,50
775650,-8.605864139446787,50
775700,-5.600928897397008,50
775750,-7.780769565941714,50
775800,-5.49241602028473,50
775850,-7.120599874431812,50
775900,-5.432803500381078,50
775950,-6.063865993643096,50
776000,-2.7998938821180746,50
776050,-6.554610302035667,50
776100,-7.250796887835424,50
776150,-5.475280693248698,50
776200,-3.0165204019604026,50
776250,-8.654734094824297,50
776300,-7.474841996040321,50
776350,-8.59013010314538,50
776400,-10.212893534649533,50
776450,-3.329081459762627,50
776500,-7.28276449581735,50
776550,-7.335543274243299,50
776600,-5.5906237949657696,50
776650,-9.041744055810321,50
776700,-4.597961563313637,50
776750,-6.197716710744805,50
776800,-5.234751569114568,50
776850,-5.400192677825233,50
776900,-10.36799568054429,50
776950,-4.851952966454743,50
777000,-5.167734714549772,50
777050,-3.9216656476906824,50
777100,-11.636197480306802,50
777150,-2.7721690724662986,50
777200,-3.585804067782361,50
777250,-9.002403960838675,50
777300,-7.284057998439581,50
777350,-2.1133967151979527,50
777400,-11.071996708393112,50
777450,-5.499242652378084,50
777500,-7.550402913717853,50
777550,-4.744397633099756,50
777600,-4.192632703876747,50
777650,-3.1946018462505985,50
777700,-9.548391031332915,50
777750,-4.435860314063661,50
777800,-3.4030440598439706,50
777850,-6.531675801524065,50
777900,-9.948290566068525,50
777950,-5.382680873516179,50
778000,-10.877757101674545,50
778050,-7.5292168321542965,50
778100,-1.6758543791401947,50
778150,-8.795209839032982,50
778200,-6.296557451742358,50
778250,-4.3035537405384465,50
778300,-6.873131997962873,50
778350,-8.439350964946769,50
778400,-3.3687269950553196,50
778450,-5.251190290799585,50
778500,-6.420473884631609,50
778550,-8.163120106779369,50
778600,-9.137268339524606,50
778650,-5.935389645239503,50
778700,-3.003773372782702,50
778750,-4.447559880000192,50
778800,-5.397058239218757,50
778850,-11.695428504079164,50
778900,-5.981415087253027,50
778950,-7.406207409333284,50
779000,-5.699826151872647,50
779050,-6.5416717847017205,50
779100,-5.968337928919291,50
779150,-6.2253337476901365,50
779200,-4.677368259682028,50
779250,-6.775028681803494,50
779300,-8.288653318423687,50
779350,-7.511901739551528,50
779400,-4.095547049740601,50
779450,-8.20894560962709,50
779500,-5.963716472909597,50
779550,-2.377081513367872,50
779600,-4.2005564103665725,50
779650,-5.160356685744737,50
779700,-7.535082383606548,50
779750,-10.442817167131762,50
779800,-8.114773044114724,50
779850,-9.528936219332184,50
779900,-3.948774198382008,50
779950,-5.950515589857291,50
780000,-5.12742738569795,50
780050,-9.640288943719181,50
780100,-9.787521960276964,50
780150,-6.653226133516121,50
780200,-4.247634435325839,50
780250,-2.8668516041353906,50
780300,-11.037481336626747,50
780350,-8.469754452224668,50
780400,-4.315989302889986,50
780450,-7.718006456619767,50
780500,-9.60307856990325,50
780550,-5.861816252892345,50
780600,-9.39779859588309,50
780650,-8.027504570268164,50
780700,-5.357273023196217,50
780750,-1.9349214397266319,50
780800,-5.093296846676978,50
780850,-3.8190923641763153,50
780900,-3.813883263507371,50
780950,-10.704009770015553,50
781000,-7.540328731181807,50
781050,-3.0309185570789063,50
781100,-3.894667638271206,50
781150,-3.6834902013017805,50
781200,-6.362990445306545,50
781250,-4.128466919822393,50
781300,-5.851370717900693,50
781350,-6.96759281223358,50
781400,-3.6000729645772385,50
781450,-4.558355169908445,50
781500,-9.12350550133816,50
781550,-7.933914867808466,50
781600,-5.335416357116635,50
781650,-8.197283776625223,50
781700,-6.232644720678688,50
781750,-7.624220090864035,50
781800,-6.484633147386838,50
781850,-4.724989853338463,50
781900,-7.388309679588943,50
781950,-5.733943106848487,50
782000,-7.339457717617131,50
782050,-8.518026229006319,50
782100,-9.219831059350524,50
782150,-3.805029036869908,50
782200,-2.985253075617086,50
782250,-2.2845708873836457,50
782300,-6.702470433716205,50
782350,-1.9469794867689005,50
782400,-9.818823371596784,50
782450,-7.472543871699564,50
782500,-9.68452180459271,50
782550,-7.000089018538734,50
782600,-8.685135748473908,50
782650,-7.559352744341038,50
782700,-2.5423963258029545,50
782750,-3.7495151307917527,50
782800,-8.231719230801135,50
782850,-5.886586742498897,50
782900,-5.868871131245422,50
782950,-5.895143859435002,50
783000,-5.798906938009307,50
783050,-4.173783559538626,50
783100,-5.889023715636047,50
783150,-4.04438040064143,50
783200,-1.5729549099249596,50
783250,-9.06956186915842,50
783300,-7.617231681452176,50
783350,-7.120906664745037,50
783400,-4.965900753641864,50
783450,-7.779128857622761,50
783500,-10.142628618897618,50
783550,-6.369304155175624,50
783600,-7.6505402839591445,50
783650,-6.415981750189645,50
783700,-7.199084494534687,50
783750,-2.989446955690044,50
783800,-5.1799713871584885,50
783850,-6.195711251038452,50
783900,-5.663795631139137,50
783950,-9.017409239577303,50
784000,-12.080151754568401,50
784050,-4.900792783152174,50
784100,-10.467905246905488,50
784150,-7.040802262869327,50
784200,-5.008402262443243,50
784250,-4.291696665575347,50
784300,-7.46270222241832,50
784350,-6.72366600733394,50
784400,-5.469289259831971,50
784450,-6.4435266940228875,50
784500,-4.038834840798407,50
784550,-10.709432090064498,50
784600,-8.963031191239937,50
784650,-10.055452305811606,50
784700,-10.23229317148917,50
784750,-5.601310737275666,50
784800,-1.9664578849301841,50
784850,-5.042522727824752,50
784900,-6.035533421722196,50
784950,-1.4394394521485199,50
785000,-8.582375379907882,50
785050,-7.144340458060457,50
785100,-7.105092783363413,50
785150,-3.624491224360156,50
785200,-10.34387107526507,50
785250,-2.9890208818279547,50
785300,-5.527754377290801,50
785350,-5.603537306323818,50
785400,-5.003143018823741,50
785450,-7.6577883942145,50
785500,-5.286993733096134,50
785550,-9.426845564372645,50
785600,-9.269775833060185,50
785650,-8.832676418007615,50
785700,-5.080305380533124,50
785750,-2.698766222096746,50
785800,-9.87502141733242,50
785850,-8.765045478240282,50
785900,-5.392707671873314,50
785950,-7.2518170475446775,50
786000,-6.032352085839934,50
786050,-3.7807471978647222,50
786100,-5.432723208964797,50
786150,-8.400783806097994,50
786200,-2.0820945635895045,50
786250,-2.6096919439654074,50
786300,-10.844345961971312,50
786350,-5.350327497347142,50
786400,-2.8000911690613783,50
786450,-6.300069635970672,50
786500,-8.088692292193652,50
786550,-4.809101929066533,50
786600,-2.4698466644654733,50
786650,-5.564327780762572,50
786700,-7.516991028859016,50
786750,-1.6495103763669177,50
786800,-10.409058446264217,50
786850,-4.676544752028196,50
786900,-8.979685403337463,50
786950,-6.748860065431906,50
787000,-5.145124370016225,50
787050,-1.272964015229694,50
787100,-6.024655143523754,50
787150,-5.903956776628202,50
787200,-8.06303607200178,50
787250,-3.60836986531092,50
787300,-6.834278754986436,50
787350,-10.342043469956561,50
787400,-3.482746707896726,50
787450,-4.64517579676407,50
787500,-6.940718283361684,50
787550,-10.370371394510462,50
787600,-8.894713827061624,50
787650,-5.095381400784586,50
787700,-7.481594260745491,50
787750,-5.482173530111156,50
787800,-6.811839409528334,50
787850,-4.942982514211291,50
787900,-5.534702235908297,50
787950,-7.826557767246435,50
788000,-1.9036509727761306,50
788050,-5.869801548140842,50
788100,-5.2024018718888,50
788150,-5.675182739446987,50
788200,-7.47206552046799,50
788250,-8.438584908535583,50
788300,-4.081319371912614,50
788350,-11.020911159223807,50
788400,-8.859637749096983,50
788450,-1.4805981645949948,50
788500,-5.911631709584277,50
788550,-4.945391565416216,50
788600,-8.356218867942987,50
788650,-5.091321977912501,50
788700,-5.460531798693952,50
788750,-4.886246114171936,50
788800,-9.811704220844188,50
788850,-4.573893305208845,50
788900,-7.449491548915775,50
788950,-5.426523521571474,50
789000,-8.47403937724929,50
789050,-8.351641672281614,50
789100,-4.004362872932707,50
789150,-2.2151367343301667,50
789200,-3.0120509004827456,50
789250,-8.482970209414125,50
789300,-3.783727763298305,50
789350,-5.114497568428687,50
789400,-6.288086599525758,50
789450,-6.087556421869569,50
789500,-5.658429365714327,50
789550,-7.460676473461739,50
789600,-6.759295370219046,50
789650,-1.4246231842592854,50
789700,-7.230450129608786,50
789750,-7.482685191546108,50
789800,-8.433047552703712,50
789850,-5.817586372571548,50
789900,-2.79135017292669,50
789950,-10.22962905207041,50
790000,-7.375020855850238,50
790050,-9.637764050577983,50
790100,-4.307314271540979,50
790150,-7.41407682146337,50
790200,-6.988481078949921,50
790250,-4.563472330391892,50
790300,-7.3893723999713945,50
790350,-6.915568933393533,50
790400,-2.54877492500537,50
790450,-5.454228102119441,50
790500,-5.290032877595852,50
790550,-4.5657400932565935,50
790600,-9.8990772920837,50
790650,-6.521125960807113,50
790700,-10.17171814454109,50
790750,-10.963481234989779,50
790800,-5.310389323931944,50
790850,-5.770434622051733,50
790900,-4.535539543839626,50
790950,-6.41171126684156,50
791000,-5.579636198524843,50
791050,-3.897670337327566,50
791100,-5.516050654162996,50
791150,-4.70918244455256,50
791200,-5.539149947942045,50
791250,-5.5041800576950735,50
791300,-7.639071172186462,50
791350,-5.783922181004279,50
791400,-6.269223192671421,50
791450,-6.668383820995288,50
791500,-8.516782534686156,50
791550,-4.708223951403342,50
791600,-5.361577282383335,50
791650,-5.231581700053799,50
791700,-5.083035974741626,50
791750,-9.539960064166163,50
791800,-9.760921569178482,50
791850,-5.371955406348485,50
791900,-4.053607013984352,50
791950,-11.308253022858233,50
792000,-8.40423499219754,50
792050,-2.34239352366752,50
792100,-1.8210487740183958,50
792150,-1.7572493086225,50
792200,-2.1815395059358385,50
792250,-2.436853606491178,50
792300,-4.766344596799279,50
792350,-7.506807031928256,50
792400,-5.094176194017296,50
792450,-4.3280037194254435,50
792500,-3.6289253073464756,50
792550,-3.9266857905090036,50
792600,-8.496599065306773,50
792650,-6.957660270515809,50
792700,-3.7588418985637615,50
792750,-10.96236288816875,50
792800,-7.462898080978793,50
792850,-5.688162759514575,50
792900,-9.647909591446446,50
792950,-2.637752862555426,50
793000,-3.270676445730785,50
793050,-6.710216142058069,50
793100,-9.910563226577766,50
793150,-10.727328224120285,50
793200,-6.97837526087372,50
793250,-5.168067845569721,50
793300,-5.168203556459602,50
793350,-4.590988031261559,50
793400,-4.281917747044424,50
793450,-6.3455833228526,50
793500,-8.346604272771813,50
793550,-6.346964123913339,50
793600,-8.656208255592281,50
793650,-7.664683062594435,50
793700,-3.80343243476995,50
793750,-3.157532977339918,50
793800,-7.283681497345597,50
793850,-5.552013361348649,50
793900,-4.150569365048216,50
793950,-7.803954396489443,50
794000,-9.104541723058604,50
794050,-5.971106312167806,50
794100,-10.17356754742723,50
794150,-5.779154706185625,50
794200,-2.195993919777823,50
794250,-7.198293926767145,50
794300,-3.5333697270793625,50
794350,-8.271576284005672,50
794400,-4.55433077573158,50
794450,-9.639015184699337,50
794500,-7.186542987929477,50
794550,-5.117946458809287,50
794600,-7.129190861564745,50
794650,-9.797641102611363,50
794700,-6.324623263933855,50
794750,-7.4415776448197315,50
794800,-4.807415100909804,50
794850,-7.948808778764749,50
794900,-3.5951296028191817,50
794950,-4.909709592684484,50
795000,-3.290484305619619,50
795050,-4.643690688260788,50
795100,-7.719949420340322,50
795150,-5.505380645058739,50
795200,-4.671428014659826,50
795250,-7.703862360535241,50
795300,-6.076929482717333,50
795350,-4.844745623028903,50
795400,-5.2120450581308235,50
795450,-6.094440822706919,50
795500,-5.975351683014492,50
795550,-5.565437698267285,50
795600,-11.078825772482464,50
795650,-8.433235812219268,50
795700,-5.514625605743836,50
795750,-7.891175250059502,50
795800,-6.330617897545726,50
795850,-2.43171593876421,50
795900,-6.650870198006568,50
795950,-6.333530669930538,50
796000,-5.372380049369953,50
796050,-7.472451971689035,50
796100,-4.090566010330672,50
796150,-6.773571318632277,50
796200,-3.408622473635814,50
796250,-5.791054258878466,50
796300,-7.342285656135259,50
796350,-6.299744247074551,50
796400,-2.2493762284164722,50
796450,-7.577433389762476,50
796500,-7.29039685106016,50
796550,-7.71294956364964,50
796600,-10.659286622781181,50
796650,-6.0097041515314285,50
796700,-7.061312892262628,50
796750,-7.552713415556471,50
796800,-8.049196835979284,50
796850,-7.347263139714893,50
796900,-9.553756554602629,50
796950,-9.375860416011431,50
797000,-10.562949955786008,50
797050,-7.755696344753506,50
797100,-4.324766128302768,50
797150,-8.94776351594523,50
797200,-4.702608375962238,50
797250,-2.0948948060084054,50
797300,-9.062625155071025,50
797350,-4.80566104417022,50
797400,-9.952257848000217,50
797450,-9.003564746227218,50
797500,-6.922422806048586,50
797550,-8.047101804755568,50
797600,-3.4948135607249218,50
797650,-4.688961915435995,50
797700,-9.165722190789648,50
797750,-6.629929550050628,50
797800,-11.081652085160114,50
797850,-4.840660415364463,50
797900,-2.4112273757468037,50
797950,-10.644918202075123,50
798000,-3.7378866758217932,50
798050,-8.331482359253338,50
798100,-6.113157806155957,50
798150,-6.040979154469108,50
798200,-5.915031937349677,50
798250,-4.28033248963981,50
798300,-2.9513654734844237,50
798350,-2.106360444650429,50
798400,-5.793489815370555,50
798450,-5.7479896849442,50
798500,-6.898796747219312,50
798550,-5.297120135654224,50
798600,-7.622727888557533,50
798650,-5.653113235285351,50
798700,-5.590595274875869,50
798750,-1.9085231553028348,50
798800,-3.9707963962668247,50
798850,-5.2071676173418435,50
798900,-6.792163336199984,50
798950,-7.146687083672908,50
799000,-5.848017249685047,50
799050,-5.525066484030952,50
799100,-6.6566885988602404,50
799150,-2.371706794486808,50
799200,-8.404962303742556,50
799250,-4.464618533429595,50
799300,-8.789276583193507,50
799350,-9.10831445903795,50
799400,-3.4446735694632062,50
799450,-5.053567944681521,50
799500,-7.243622995172349,50
799550,-3.763437854983122,50
799600,-8.567737253832087,50
799650,-8.588651986865598,50
799700,-8.604526754039444,50
799750,-4.109989350214489,50
799800,-5.590325029966043,50
799850,-8.583007971664372,50
799900,-5.285657031887871,50
799950,-10.213524479173358,50
800000,-6.254660284635882,50
800050,-7.527571188420129,50
800100,-4.372598036886871,50
800150,-9.215132022076821,50
800200,-3.005842490919346,50
800250,-7.486955923966187,50
800300,-7.484088303928174,50
800350,-9.673066004013787,50
800400,-1.619072478178261,50
800450,-7.160125371766727,50
800500,-7.383842448897094,50
800550,-3.6401895874683623,50
800600,-7.4488612372356595,50
800650,-5.704424141725349,50
800700,-11.737862855177358,50
800750,-9.783494351170171,50
800800,-10.445093765044719,50
800850,-5.705409417408412,50
800900,-1.857600849167599,50
800950,-7.699687298884888,50
801000,-4.731628924473978,50
801050,-8.375860432932017,50
801100,-5.325868622157133,50
801150,-4.363662390687738,50
801200,-9.568010532882502,50
801250,-7.115555818711682,50
801300,-2.0790891548321637,50
801350,-5.282724425717422,50
801400,-5.932523464096604,50
801450,-5.588435372584256,50
801500,-6.750171727542018,50
801550,-5.031011171804988,50
801600,-11.212509603699443,50
801650,-2.807293738807189,50
801700,-7.175883513669556,50
801750,-3.5100972519289075,50
801800,-8.491553740091577,50
801850,-7.959036621164328,50
801900,-10.605805317683718,50
801950,-6.5097536210407005,50
802000,-9.765778503319412,50
802050,-4.980597191101518,50
802100,-2.51259671902719,50
802150,-7.592559100346287,50
802200,-5.811003338170719,50
802250,-10.472695728958058,50
802300,-8.544173177221579,50
802350,-6.8131055894106956,50
802400,-6.064120453332465,50
802450,-5.931243039032654,50
802500,-6.3292472079976125,50
802550,-3.981349600766789,50
802600,-3.367707806954844,50
802650,-7.978034037533435,50
802700,-10.161847109505604,50
802750,-8.385187240143832,50
802800,-8.513497289813035,50
802850,-10.572235515861456,50
802900,-5.671878062299092,50
802950,-4.160454449402213,50
803000,-4.232140775082504,50
803050,-7.940035555166986,50
803100,-4.601039791542833,50
803150,-3.8080745188577017,50
803200,-4.098039960626085,50
803250,-3.880159467662342,50
803300,-11.733354278348996,50
803350,-7.3298102523610575,50
803400,-5.180648980561221,50
803450,-3.8132567378292626,50
803500,-11.015340437133277,50
803550,-7.421790979659558,50
803600,-10.054890694153764,50
803650,-2.654306011827785,50
803700,-10.660788756947984,50
803750,-8.893020146325059,50
803800,-6.077142898217905,50
803850,-12.997103046357292,50
803900,-7.458877180125901,50
803950,-3.248316556051815,50
804000,-6.710795932510808,50
804050,-3.1804076239564942,50
804100,-6.741807463277633,50
804150,-2.4814969410825563,50
804200,-8.054266464023144,50
804250,-2.4953330214563962,50
804300,-8.220833411903099,50
804350,-7.5825656256129825,50
804400,-5.146414625387184,50
804450,-4.5225800857870455,50
804500,-4.573716624686291,50
804550,-5.037539244661684,50
804600,-6.301346524531459,50
804650,-6.595284497150149,50
804700,-8.01276450534053,50
804750,-11.01347251522356,50
804800,-3.7109821495316893,50
804850,-4.749225080166736,50
804900,-8.6714495182614,50
804950,-6.761971368717339,50
805000,-4.242451073878062,50
805050,-7.120288495620284,50
805100,-8.940431822746369,50
805150,-8.612703428617953,50
805200,-9.078180087648985,50
805250,-6.653178566939458,50
805300,-5.761455533916556,50
805350,-6.806180922621432,50
805400,-7.104658272426589,50
805450,-8.32613920970287,50
805500,-8.703990089344122,50
805550,-2.8008345529328835,50
805600,-8.275246765537295,50
805650,-9.114556080529356,50
805700,-3.0123528649115157,50
805750,-10.591320042304375,50
805800,-7.839427570639879,50
805850,-8.034961940312051,50
805900,-9.706567758624404,50
805950,-6.318647525924023,50
806000,-5.087008492454444,50
806050,-5.775707465389455,50
806100,-12.219826886672537,50
806150,-6.253219981988248,50
806200,-5.546826578760909,50
806250,-4.928835892157388,50
806300,-3.6518058909929287,50
806350,-8.7974058963188,50
806400,-4.105906042896236,50
806450,-10.938987599170733,50
806500,-2.6605869045308235,50
806550,-3.8071334150718745,50
806600,-6.297779824595974,50
806650,-3.676046996566833,50
806700,-5.994365691412328,50
806750,-8.013962156113285,50
806800,-3.599052295463663,50
806850,-5.049006064628965,50
806900,-8.354958282588566,50
806950,-2.2782974323637375,50
807000,-8.423411651368491,50
807050,-6.705814890281666,50
807100,-5.61713105844506,50
807150,-6.217214709446372,50
807200,-2.035215495909713,50
807250,-5.4587270030274375,50
807300,-5.711469761530913,50
807350,-5.205292521426878,50
807400,-10.703870006371918,50
807450,-4.908691356614309,50
807500,-9.58944982407397,50
807550,-5.14448001348345,50
807600,-5.259717140837537,50
807650,-4.454288524954088,50
807700,-3.2941496196251716,50
807750,-5.711671618190908,50
807800,-7.7498253422720795,50
807850,-4.473037641872523,50
807900,-8.125105907931864,50
807950,-4.7982606911804515,50
808000,-6.735620374998355,50
808050,-4.980416644721243,50
808100,-7.315823650715376,50
808150,-7.451759455529857,50
808200,-7.033915029803548,50
808250,-5.353922556379238,50
808300,-6.622162980155433,50
808350,-5.686708888055637,50
808400,-9.237285377193125,50
808450,-7.233409952834242,50
808500,-7.483359215347036,50
808550,-8.127303037311286,50
808600,-9.210266568444908,50
808650,-7.4556715436377115,50
808700,-6.997833705277789,50
808750,-10.704694921537723,50
808800,-4.993990228347031,50
808850,-9.344356728038758,50
808900,-5.029142588917169,50
808950,-4.457413502711349,50
809000,-5.860893415143879,50
809050,-7.941060037074097,50
809100,-6.117475613947298,50
809150,-4.402403419860964,50
809200,-5.564277561113843,50
809250,-8.368945544595405,50
809300,-7.421017141085604,50
809350,-7.350462713776289,50
809400,-6.773242110844989,50
809450,-4.592977986127924,50
809500,-7.942018130533548,50
809550,-7.728143395347466,50
809600,-7.380439583431453,50
809650,-3.817619330245229,50
809700,-8.865936322781156,50
809750,-11.010189383767255,50
809800,-5.980964462453621,50
809850,-6.430414122482891,50
809900,-5.929774189575311,50
809950,-2.1762391213183405,50
810000,-5.998180313341847,50
810050,-12.066658089075094,50
810100,-7.761690915690336,50
810150,-2.395492629457928,50
810200,-10.832125825389376,50
810250,-10.436746682005046,50
810300,-7.583226829204356,50
810350,-10.90162594492797,50
810400,-2.443393621729158,50
810450,-4.254505707560252,50
810500,-6.515425760501076,50
810550,-6.332052049348588,50
810600,-5.271082857243604,50
810650,-1.6539871450811106,50
810700,-6.93010594030571,50
810750,-5.070442494281365,50
810800,-7.257497449585326,50
810850,-2.9875228734236057,50
810900,-9.41654162529095,50
810950,-9.69974284207274,50
811000,-5.248512788532841,50
811050,-3.8017608248413617,50
811100,-6.534315763599344,50
811150,-10.156595262357248,50
811200,-6.720639245658821,50
811250,-5.442617772937616,50
811300,-5.964508310359594,50
811350,-8.649414430848461,50
811400,-6.574769389274897,50
811450,-7.37726366622913,50
811500,-10.897124140855327,50
811550,-5.27850227962733,50
811600,-5.8029577475592395,50
811650,-5.757687103160926,50
811700,-8.510893515614143,50
811750,-8.049757809003314,50
811800,-4.958034983286935,50
811850,-4.479280363112116,50
811900,-5.37877606472037,50
811950,-4.750080733133891,50
812000,-7.826030008203747,50
812050,-5.017659150048019,50
812100,-8.978842112872753,50
812150,-7.221688950274743,50
812200,-3.992210196881928,50
812250,-6.136601727861528,50
812300,-4.762412087964023,50
812350,-1.9779011018818438,50
812400,-7.761800853796556,50
812450,-9.173551930772403,50
812500,-10.108184764947552,50
812550,-5.449401048829076,50
812600,-1.5642465836048798,50
812650,-3.244847816434602,50
812700,-7.00677625840196,50
812750,-4.997826609120117,50
812800,-7.824427534171066,50
812850,-5.071902086026858,50
812900,-4.406101064357602,50
812950,-6.590650589898615,50
813000,-5.213704734756777,50
813050,-8.777864719784498,50
813100,-7.0284999621601685,50
813150,-3.843805705992312,50
813200,-5.313196198389875,50
813250,-1.727463490349181,50
813300,-3.0982570163847396,50
813350,-4.2301900414813804,50
813400,-6.66434874334749,50
813450,-5.347347988317505,50
813500,-5.747869407668018,50
813550,-6.487209397766978,50
813600,-5.788949536401484,50
813650,-4.681575586521786,50
813700,-5.342676591450275,50
813750,-4.8260709610545,50
813800,-6.108840531803071,50
813850,-5.4108097914841675,50
813900,-3.3983049627979165,50
813950,-4.3668549851561025,50
814000,-5.042779254351921,50
814050,-8.937884617346645,50
814100,-6.00199546119813,50
814150,-7.363524113003593,50
814200,-3.4939208745810424,50
814250,-2.688220229944736,50
814300,-5.6130048463655875,50
814350,-7.279853970795672,50
814400,-8.212152770643304,50
814450,-6.0542425050106,50
814500,-8.72274560589225,50
814550,-9.09870702105845,50
814600,-4.809149026026464,50
814650,-10.129858438820355,50
814700,-8.550887992718666,50
814750,-9.632597815035338,50
814800,-7.7219660265314465,50
814850,-4.981579584657477,50
814900,-7.916447706776647,50
814950,-5.776426784887068,50
815000,-6.994098317975225,50
815050,-3.0050185731121672,50
815100,-1.6157978887680093,50
815150,-9.345639973533867,50
815200,-5.149905884926506,50
815250,-6.108796035282021,50
815300,-10.440484726074148,50
815350,-9.026226434092417,50
815400,-4.964088090418656,50
815450,-7.412278049232724,50
815500,-3.7111352995293627,50
815550,-3.8754854595176473,50
815600,-5.587211035712008,50
815650,-4.490797531091496,50
815700,-11.286863565044035,50
815750,-5.0965867012226616,50
815800,-5.378884130738038,50
815850,-7.490720108536162,50
815900,-7.090672971785708,50
815950,-1.8590695568109634,50
816000,-5.125097605781682,50
816050,-8.768392943579235,50
816100,-5.362776580013003,50
816150,-2.7276106640575057,50
816200,-3.5862253847599717,50
816250,-4.439113611470194,50
816300,-9.033185239993669,50
816350,-8.211631420535285,50
816400,-3.0303515510788874,50
816450,-5.709675927029041,50
816500,-4.565071206236867,50
816550,-3.490712647010352,50
816600,-6.2250354126153855,50
816650,-5.346989581043381,50
816700,-7.524455511667367,50
816750,-8.904850491152741,50
816800,-4.369416070831063,50
816850,-6.43706617912923,50
816900,-6.720969129279703,50
816950,-2.472572926483151,50
817000,-8.0616500199499,50
817050,-2.733828926512656,50
817100,-5.240347799822367,50
817150,-6.13341466751166,50
817200,-7.839531552133387,50
817250,-8.613380893086083,50
817300,-8.091464709120615,50
817350,-10.485996250492581,50
817400,-6.759491659390292,50
817450,-7.362720086050707,50
817500,-5.967466741029015,50
817550,-3.8629995236636985,50
817600,-5.3838753424450925,50
817650,-8.300270161014883,50
817700,-3.2654625155461496,50
817750,-5.436433504450052,50
817800,-5.398102008150043,50
817850,-9.160563422701602,50
817900,-6.6498990565832825,50
817950,-5.785874794274025,50
818000,-5.275422466697024,50
818050,-6.619430352255124,50
818100,-5.762750656900447,50
818150,-5.512202988550495,50
818200,-10.360739363256188,50
818250,-6.416685214076853,50
818300,-7.65539310229286,50
818350,-6.196956554438043,50
818400,-7.6172309700067675,50
818450,-10.842099345726016,50
818500,-10.613819153874756,50
818550,-1.682724356109367,50
818600,-5.579590494251309,50
818650,-5.190177004402324,50
818700,-5.944602526157677,50
818750,-7.72327861853525,50
818800,-6.213242536839308,50
818850,-5.220150700657998,50
818900,-5.063215446383555,50
818950,-5.588103324853222,50
819000,-4.846874113704373,50
819050,-8.691679951068712,50
819100,-7.760990731433338,50
819150,-6.3916687891674915,50
819200,-5.204300026856914,50
819250,-7.268663097935698,50
819300,-4.997615141336926,50
819350,-10.269923706198924,50
819400,-9.6833077588869,50
819450,-6.848399299518403,50
819500,-7.974742315444193,50
819550,-6.2232065991679395,50
819600,-11.384648126112802,50
819650,-1.788591039595527,50
819700,-5.825030892268367,50
819750,-5.064635657476776,50
819800,-5.436714549524423,50
819850,-2.360523190923067,50
819900,-6.4262162892987975,50
819950,-6.237209566543779,50
820000,-9.075019981031513,50
820050,-5.924495859644307,50
820100,-7.277012889420673,50
820150,-5.398765722435497,50
820200,-2.6634193308489578,50
820250,-4.107162543944039,50
820300,-3.8421563751322285,50
820350,-4.445597664103991,50
820400,-5.6393895866674635,50
820450,-8.243397088707226,50
820500,-4.509010810855769,50
820550,-6.890206624882704,50
820600,-7.123877971910864,50
820650,-4.668454135785387,50
820700,-2.522315142306358,50
820750,-9.933583506458087,50
820800,-7.5434398838592065,50
820850,-3.8562758907964394,50
820900,-7.971353035078527,50
820950,-1.7205463661684357,50
821000,-4.82955599196245,50
821050,-7.462359573398796,50
821100,-6.196483151826394,50
821150,-3.043256981588201,50
821200,-5.574492283848291,50
821250,-9.982444272671776,50
821300,-4.106661886287894,50
821350,-6.581233824082147,50
821400,-1.765069255930328,50
821450,-5.399424156409103,50
821500,-6.249301415746715,50
821550,-3.249733827549508,50
821600,-3.879046890144224,50
821650,-2.956593826533761,50
821700,-7.7927118310665415,50
821750,-9.429063736164954,50
821800,-9.287358999217744,50
821850,-7.063958785913932,50
821900,-6.042910896243974,50
821950,-1.3876411021040087,50
822000,-9.365883048120226,50
822050,-4.956843761721127,50
822100,-8.219066682643968,50
822150,-3.878590432222426,50
822200,-5.82868263999234,50
822250,-6.594052980633726,50
822300,-9.610069921482753,50
822350,-5.735134774727914,50
822400,-1.8137257392601864,50
822450,-4.19907267533842,50
822500,-6.432548415866831,50
822550,-8.550922387013445,50
822600,-3.6037858475868636,50
822650,-5.657133788271406,50
822700,-5.626961092772313,50
822750,-5.475718138339553,50
822800,-8.269388171611347,50
822850,-5.396409705124806,50
822900,-5.236526912994728,50
822950,-10.741849578679085,50
823000,-3.460741452417584,50
823050,-6.010505660184981,50
823100,-2.420866733987028,50
823150,-9.085044552050395,50
823200,-1.3296231720166285,50
823250,-5.471122422307553,50
823300,-7.6693697479728336,50
823350,-7.268866964005876,50
823400,-3.3726922225584444,50
823450,-10.880503576369447,50
823500,-6.447976085797324,50
823550,-3.8478589111612505,50
823600,-7.748161936116993,50
823650,-3.042666206851236,50
823700,-2.577561295941753,50
823750,-4.922792307105961,50
823800,-3.603436561244531,50
823850,-8.183737748586982,50
823900,-5.748574416707124,50
823950,-10.640733478773969,50
824000,-5.5174251350070085,50
824050,-6.767687285563938,50
824100,-8.635444007255074,50
824150,-7.058191196256804,50
824200,-2.6736932356726473,50
824250,-5.277179404927703,50
824300,-6.166599632668133,50
824350,-13.067231050781054,50
824400,-4.362845529495056,50
824450,-4.801813279731573,50
824500,-9.201476266404736,50
824550,-6.60410142146932,50
824600,-4.742147276981068,50
824650,-5.022627564144871,50
824700,-5.238730090587726,50
824750,-6.41856183266587,50
824800,-6.453589934282673,50
824850,-2.154806667182495,50
824900,-3.944072318327224,50
824950,-5.1767202602113365,50
825000,-2.888811809418801,50
825050,-4.0111578900515115,50
825100,-6.150319060362223,50
825150,-4.076649844341388,50
825200,-7.675218190621633,50
825250,-10.335338526194901,50
825300,-4.139726121720368,50
825350,-8.330614580293114,50
825400,-2.6613215866780546,50
825450,-7.204852795265731,50
825500,-6.907758882017092,50
825550,-9.976056186194697,50
825600,-8.27561774744664,50
825650,-5.886447186025262,50
825700,-11.119311416574995,50
825750,-10.356564741504377,50
825800,-5.2510975192841975,50
825850,-6.729197665495921,50
825900,-10.930532310939732,50
825950,-4.07284090161298,50
826000,-9.08697259918467,50
826050,-7.520982745241652,50
826100,-8.902215030808465,50
826150,-2.5684591671527772,50
826200,-5.390318832024643,50
826250,-7.93223472692055,50
826300,-5.5711835442322295,50
826350,-8.550646513397279,50
826400,-4.900393747675438,50
826450,-7.46087229617423,50
826500,-4.244396765426113,50
826550,-7.087723282913315,50
826600,-7.0670615610434995,50
826650,-2.932923815545129,50
826700,-8.157391692391384,50
826750,-8.3952508272942,50
826800,-6.4040927048317675,50
826850,-8.037547507415132,50
826900,-5.681043042620285,50
826950,-4.693923135047696,50
827000,-5.665279720358189,50
827050,-5.320265808553251,50
827100,-6.6153633519706485,50
827150,-9.427385165661075,50
827200,-5.376250296365666,50
827250,-8.279119632216407,50
827300,-8.318523085487367,50
827350,-8.062445754384086,50
827400,-5.721604214705938,50
827450,-9.40973312619959,50
827500,-6.041697124844246,50
827550,-9.929496749599197,50
827600,-7.432288225083145,50
827650,-5.865081376078466,50
827700,-6.3106656219454935,50
827750,-5.947537336929353,50
827800,-1.5283419636078295,50
827850,-5.659304177980906,50
827900,-5.545173389005791,50
827950,-4.291891613196157,50
828000,-2.1482934455599008,50
828050,-5.577632120046269,50
828100,-5.2188442498821,50
828150,-1.9991055706169196,50
828200,-8.536854553738149,50
828250,-9.81308257222269,50
828300,-5.482496420453911,50
828350,-10.619327708869855,50
828400,-5.409129030387212,50
828450,-4.8692031175622414,50
828500,-7.849218792397741,50
828550,-5.234709124303442,50
828600,-4.355845046504503,50
828650,-9.30050972799539,50
828700,-9.052822608995617,50
828750,-10.527730354149407,50
828800,-6.205158039681086,50
828850,-7.683272013307588,50
828900,-3.252249617781183,50
828950,-5.534041078368104,50
829000,-7.942883847617515,50
829050,-3.7784769045540543,50
829100,-3.6264114931474434,50
829150,-7.005193863046416,50
829200,-4.385929636568028,50
829250,-4.690284189338898,50
829300,-4.018691982165064,50
829350,-4.904890572365704,50
829400,-9.165753898515703,50
829450,-10.05855509154905,50
829500,-5.2782592276378875,50
829550,-7.963146264672983,50
829600,-7.476562254695955,50
829650,-4.072029232510711,50
829700,-8.785694934598931,50
829750,-6.195938061168631,50
829800,-7.958660357683054,50
829850,-5.051907686040012,50
829900,-7.988081924816375,50
829950,-5.780266085429831,50
830000,-7.345541731655742,50
830050,-7.019309712986325,50
830100,-3.7479014296831177,50
830150,-1.9886153393622372,50
830200,-3.2603726035677902,50
830250,-6.614218547737662,50
830300,-6.792074306396473,50
830350,-10.2686792104374,50
830400,-8.12743153817598,50
830450,-11.63923492892618,50
830500,-2.888799576562924,50
830550,-5.665695382550935,50
830600,-8.911382047263524,50
830650,-7.086484403514405,50
830700,-9.58290466265504,50
830750,-5.295036921059804,50
830800,-2.8457861340091126,50
830850,-5.790372909327378,50
830900,-7.066235529468077,50
830950,-2.783857988932901,50
831000,-5.083725122222888,50
831050,-9.53119792829838,50
831100,-8.56224126375694,50
831150,-11.081927890131396,50
831200,-4.6271793260333975,50
831250,-6.739250763635171,50
831300,-8.93543945165547,50
831350,-9.354792682506295,50
831400,-7.032546778086758,50
831450,-3.0719465209982353,50
831500,-7.160629307215882,50
831550,-4.613892105144832,50
831600,-3.635640244563999,50
831650,-5.22786974567803,50
831700,-4.263599386619644,50
831750,-6.421339386749287,50
831800,-5.569739424804668,50
831850,-8.052079381233419,50
831900,-2.9313195046655354,50
831950,-10.19665732296044,50
832000,-1.8876989878842354,50
832050,-6.800053701083395,50
832100,-5.229665055866885,50
832150,-8.847894831500323,50
832200,-9.545011246411732,50
832250,-3.942286671264423,50
832300,-8.346676226096273,50
832350,-2.934261775039149,50
832400,-8.979395838349703,50
832450,-6.059060634630245,50
832500,-10.089308514095784,50
832550,-10.008202529295712,50
832600,-7.651374443646161,50
832650,-7.530235788301723,50
832700,-6.822278031929876,50
832750,-11.148496178727248,50
832800,-9.830378568775846,50
832850,-7.836704765103041,50
832900,-4.80602754888293,50
832950,-6.214588650211959,50
833000,-6.319527294954406,50
833050,-10.0203270002183,50
833100,-5.024062061241648,50
833150,-2.8686686576494327,50
833200,-9.571510039075092,50
833250,-7.890990872187136,50
833300,-5.450139611769124,50
833350,-5.150059633829198,50
833400,-5.467802839689324,50
833450,-8.875023209114211,50
833500,-8.12168111077505,50
833550,-8.807899387501537,50
833600,-6.902836026381547,50
833650,-8.597579127354562,50
833700,-3.0809891872205024,50
833750,-2.620211950233032,50
833800,-9.62225116771408,50
833850,-7.7908447824008515,50
833900,-9.356026724588393,50
833950,-9.403037253430856,50
834000,-6.920954423755195,50
834050,-5.075765657251392,50
834100,-8.838172014708965,50
834150,-6.516569739098162,50
834200,-7.818884164696203,50
834250,-9.944442098184313,50
834300,-5.372739943931573,50
834350,-5.8140447136796825,50
834400,-8.061599815852146,50
834450,-4.708403710485645,50
834500,-1.718857321107072,50
834550,-6.777138672864529,50
834600,-10.638956165558499,50
834650,-2.729271122298568,50
834700,-8.427231272569307,50
834750,-8.784690440175208,50
834800,-1.1704732751256588,50
834850,-6.419215474141807,50
834900,-4.303805177391568,50
834950,-9.733879878425649,50
835000,-1.9852540277777502,50
835050,-8.530508123522026,50
835100,-6.387048881714806,50
835150,-1.9389391378454355,50
835200,-5.876361198289049,50
835250,-4.468707000606356,50
835300,-2.5560399002193486,50
835350,-6.202426809024712,50
835400,-7.132854196393806,50
835450,-1.886270719548303,50
835500,-10.129313933161878,50
835550,-6.170085217051207,50
835600,-3.154107026061261,50
835650,-3.7005638137308807,50
835700,-8.982688059101372,50
835750,-5.52827767428033,50
835800,-6.5568452389553356,50
835850,-6.497392877377389,50
835900,-2.758003450645779,50
835950,-3.2881869052270605,50
836000,-3.8816824803928367,50
836050,-11.011716245528222,50
836100,-7.377287832411875,50
836150,-4.777555036510122,50
836200,-2.9849873918680445,50
836250,-2.5076311419319195,50
836300,-6.154664672582322,50
836350,-3.86037357467925,50
836400,-7.24225177593603,50
836450,-8.12480244775172,50
836500,-13.384961814697267,50
836550,-9.140268916758089,50
836600,-4.001628452039301,50
836650,-4.805010974914423,50
836700,-8.987723604383632,50
836750,-2.040499568523215,50
836800,-3.2529474150121143,50
836850,-7.1289495142067745,50
836900,-9.114218377161395,50
836950,-6.402378431403414,50
837000,-5.766872898079758,50
837050,-5.75351287840923,50
837100,-7.712903151261476,50
837150,-6.7130845309375555,50
837200,-5.573216947449975,50
837250,-5.920303125126885,50
837300,-1.8243254975656953,50
837350,-3.259399365662973,50
837400,-7.116552683519427,50
837450,-6.295187632854073,50
837500,-8.621009615605043,50
837550,-5.584039542571059,50
837600,-4.991547211952358,50
837650,-5.116789694310001,50
837700,-5.922560758924107,50
837750,-8.95067685132949,50
837800,-9.211079360345785,50
837850,-6.3851598700021155,50
837900,-7.588866877128275,50
837950,-8.228311902714411,50
838000,-8.091412127813358,50
838050,-7.560282657945945,50
838100,-7.73229331472502,50
838150,-7.718495098961658,50
838200,-3.086029032705091,50
838250,-11.188207605910486,50
838300,-10.017331198459088,50
838350,-7.800270960702969,50
838400,-7.147805476624368,50
838450,-5.75168542891649,50
838500,-7.561750111157251,50
838550,-8.316791532587171,50
838600,-6.496893807875344,50
838650,-6.381920998366999,50
838700,-9.58047995289981,50
838750,-5.742299490606483,50
838800,-6.282021910641342,50
838850,-4.606983772215157,50
838900,-1.9310249824435413,50
838950,-3.037919688935876,50
839000,-2.0039193804882887,50
839050,-5.252240351625834,50
839100,-8.927185754787445,50
839150,-7.06509573292057,50
839200,-6.5879335129949155,50
839250,-5.5747822939657485,50
839300,-9.28867849844212,50
839350,-7.1229199118261475,50
839400,-8.1960169296642,50
839450,-7.563225577940548,50
839500,-6.759165359376662,50
839550,-5.367780171598401,50
839600,-3.325681483444765,50
839650,-6.723310348034483,50
839700,-8.254518611020401,50
839750,-4.9595950469049965,50
839800,-5.447614657202826,50
839850,-8.305150032000046,50
839900,-4.594180014032965,50
839950,-5.345676491129539,50
840000,-7.1204999938199025,50
840050,-3.803146950116339,50
840100,-5.507583870819103,50
840150,-7.519572322944531,50
840200,-9.016557770047221,50
840250,-5.83551885822804,50
840300,-2.3619547538938592,50
840350,-1.1345592255174248,50
840400,-2.7194952535609973,50
840450,-9.680699552315716,50
840500,-4.821421695553773,50
840550,-7.089744838777917,50
840600,-7.177714920300331,50
840650,-6.418683734493706,50
840700,-10.07364673890503,50
840750,-3.25822014165081,50
840800,-6.330735249412282,50
840850,-4.674304945189343,50
840900,-3.6599064263850862,50
840950,-9.822380833330424,50
841000,-6.645080208723146,50
841050,-1.3985136814500423,50
841100,-6.546271836058898,50
841150,-4.784455235360658,50
841200,-9.457480183984764,50
841250,-9.39840976154584,50
841300,-3.387779554665805,50
841350,-6.532851592030285,50
841400,-8.484866113004127,50
841450,-9.949255284103668,50
841500,-5.699416327938472,50
841550,-5.727751931474867,50
841600,-1.0390827259082336,50
841650,-5.6966290824175045,50
841700,-5.772237453105985,50
841750,-8.389800011562771,50
841800,-10.693281982634117,50
841850,-10.104748389088918,50
841900,-8.06937599065574,50
841950,-5.55948947701453,50
842000,-9.951720727379046,50
842050,-3.002004783857639,50
842100,-6.4640026781542685,50
842150,-4.066697515049488,50
842200,-5.407930578122691,50
842250,-2.755476877259759,50
842300,-7.234729837707461,50
842350,-5.29134072067107,50
842400,-4.53563597108198,50
842450,-3.6029457079599725,50
842500,-8.356877978961906,50
842550,-4.994312506014336,50
842600,-8.471714464354907,50
842650,-7.3022680186236855,50
842700,-6.015834222378278,50
842750,-2.645971193719707,50
842800,-9.052719574615008,50
842850,-3.731938541394507,50
842900,-10.256429820270352,50
842950,-7.099855560265254,50
843000,-11.001349746569362,50
843050,-9.53561953706883,50
843100,-9.100490891035856,50
843150,-3.0248665763093445,50
843200,-5.349815356546331,50
843250,-7.5049363056033345,50
843300,-6.633031928565361,50
843350,-5.624779812782598,50
843400,-9.86006600242965,50
843450,-2.2574276399991247,50
843500,-2.9806066475596675,50
843550,-4.446179693052441,50
843600,-1.6496645413780928,50
843650,-7.424656905469248,50
843700,-5.86417777852684,50
843750,-7.742715203286704,50
843800,-8.485873352209087,50
843850,-11.572770774567958,50
843900,-10.127427529022956,50
843950,-6.697288519642502,50
844000,-3.2936720856068495,50
844050,-5.732742784857319,50
844100,-5.6104052625374985,50
844150,-6.7896386155447175,50
844200,-7.442752573629596,50
844250,-7.798378477545953,50
844300,-6.162825778187696,50
844350,-2.117219663415424,50
844400,-8.723783919040065,50
844450,-6.931165264662448,50
844500,-5.538415224159575,50
844550,-6.037155643516169,50
844600,-5.657324516171032,50
844650,-8.1112183725532,50
844700,-5.459616611922389,50
844750,-6.505683769403264,50
844800,-4.8480228070236615,50
844850,-2.776134700440749,50
844900,-6.643620359299729,50
844950,-6.803397452686514,50
845000,-6.637411496682465,50
845050,-2.863216413515301,50
845100,-5.359100702260675,50
845150,-6.470274927931686,50
845200,-8.134691456306603,50
845250,-9.95867108366101,50
845300,-7.769064334488579,50
845350,-5.890814104508383,50
845400,-8.38212560083834,50
845450,-2.769584265042284,50
845500,-5.8187173712563265,50
845550,-5.6060564990460655,50
845600,-8.28979651217436,50
845650,-7.9739313291411635,50
845700,-10.002344956319554,50
845750,-5.077082623626706,50
845800,-5.826957303806848,50
845850,-5.854843766936821,50
845900,-6.161881619995055,50
845950,-6.034991706893557,50
846000,-10.081166834475065,50
846050,-4.322133110398988,50
846100,-8.955992095375025,50
846150,-7.276015044491532,50
846200,-6.813202950197004,50
846250,-8.812506390326195,50
846300,-10.676396050439504,50
846350,-5.374588503094562,50
846400,-6.34045659148749,50
846450,-2.0612814450668524,50
846500,-7.207948217195586,50
846550,-11.220692936706058,50
846600,-6.108997739004629,50
846650,-9.186776199876943,50
846700,-2.667363956572516,50
846750,-5.2422780690265665,50
846800,-7.841378287643021,50
846850,-11.315031314376702,50
846900,-8.211793792212047,50
846950,-5.744899242638273,50
847000,-11.212087205606172,50
847050,-7.783206761241088,50
847100,-7.203518914409964,50
847150,-5.2222528880603605,50
847200,-1.1772747017926553,50
847250,-9.604410387322798,50
847300,-6.268075009564326,50
847350,-6.631812917323716,50
847400,-3.269543439821465,50
847450,-6.584393216129325,50
847500,-5.395614252206396,50
847550,-5.662462429299128,50
847600,-6.834777864864059,50
847650,-5.708627625050832,50
847700,-2.556490788068739,50
847750,-10.676676364204885,50
847800,-8.81932868432648,50
847850,-4.506761595528928,50
847900,-4.090424981621611,50
847950,-9.707805297449442,50
848000,-5.5354780787273805,50
848050,-6.926543165584903,50
848100,-7.523845669781263,50
848150,-6.593385656196202,50
848200,-5.617021980697877,50
848250,-1.6307655881485346,50
848300,-5.485545842407733,50
848350,-5.164009473048094,50
848400,-4.947708697977355,50
848450,-5.496518434249933,50
848500,-3.574186924815145,50
848550,-7.520739041264018,50
848600,-6.184891086898315,50
848650,-4.976643548578764,50
848700,-4.871008839155261,50
848750,-7.5495132927141615,50
848800,-5.573061880555167,50
848850,-7.284327382314997,50
848900,-6.138421633381545,50
848950,-7.952010923489389,50
849000,-5.230334110123245,50
849050,-3.2116896551027714,50
849100,-2.1840784344060475,50
849150,-8.616112604868658,50
849200,-9.43625226807679,50
849250,-7.947851903420541,50
849300,-3.9480311454203414,50
849350,-9.026783404128453,50
849400,-11.127060527093327,50
849450,-6.346993083199298,50
849500,-5.63187486764966,50
849550,-11.788988838670164,50
849600,-5.424353368683778,50
849650,-6.97145250255974,50
849700,-4.752774553339861,50
849750,-3.961293306414126,50
849800,-10.196617354518779,50
849850,-4.258455023303871,50
849900,-6.153567315629166,50
849950,-5.472378723313692,50
850000,-8.308710128121048,50
850050,-10.03602640012762,50
850100,-4.942851322149107,50
850150,-4.702701507354033,50
850200,-4.326164230279744,50
850250,-8.056444619195695,50
850300,-9.945219085666876,50
850350,-6.218147351194137,50
850400,-11.040926216474864,50
850450,-6.889065326057024,50
850500,-3.047235449443093,50
850550,-8.497812691612618,50
850600,-4.774157657920883,50
850650,-3.3064026795992505,50
850700,-9.140588949480625,50
850750,-9.233525128122261,50
850800,-2.347054350460811,50
850850,-5.242511946002916,50
850900,-5.610835062815037,50
850950,-10.220950989900862,50
851000,-4.992686551388287,50
851050,-5.108706157634973,50
851100,-7.22511816256173,50
851150,-8.352957298388743,50
851200,-5.904230759477627,50
851250,-8.524962415466629,50
851300,-4.809320549950412,50
851350,-10.25652307591654,50
851400,-9.987898554969599,50
851450,-5.317743679094416,50
851500,-5.2317106455634255,50
851550,-8.255307016669573,50
851600,-2.997185351588436,50
851650,-5.899059287537055,50
851700,-6.177526856724541,50
851750,-8.860775175968646,50
851800,-5.322437848497189,50
851850,-2.776937628823298,50
851900,-10.324568377884063,50
851950,-2.4198921433313143,50
852000,-5.1098534515287,50
852050,-1.9605371398166356,50
852100,-5.604178226220454,50
852150,-9.99578186307271,50
852200,-8.005204214234425,50
852250,-5.315591559448885,50
852300,-10.113237466814924,50
852350,-8.915520306416576,50
852400,-9.096968713215789,50
852450,-6.121543063998642,50
852500,-6.98551456249446,50
852550,-9.561026777013415,50
852600,-1.2994591666849826,50
852650,-9.85073186040826,50
852700,-7.991803717567295,50
852750,-4.942502479258606,50
852800,-5.584297486442625,50
852850,-8.123722450356748,50
852900,-5.857020384288671,50
852950,-8.100396419539383,50
853000,-5.716116794169023,50
853050,-5.734041372116335,50
853100,-3.457280623675235,50
853150,-7.215082241761136,50
853200,-6.20736634116495,50
853250,-7.843257190680579,50
853300,-8.176166465519572,50
853350,-5.811046610834485,50
853400,-8.288892108651412,50
853450,-4.94948687757118,50
853500,-5.153221045004566,50
853550,-8.799218602299678,50
853600,-7.790207794340374,50
853650,-4.5587043546674915,50
853700,-3.356212848436556,50
853750,-10.696981899891881,50
853800,-9.554614653958234,50
853850,-8.107182258821865,50
853900,-2.800636847107718,50
853950,-9.117189757914684,50
854000,-9.389258313345952,50
854050,-9.736262651789271,50
854100,-7.382518988591419,50
854150,-6.367144746394797,50
854200,-7.419409493154237,50
854250,-8.247799345357869,50
854300,-6.961257159735667,50
854350,-9.207564286021414,50
854400,-9.541252558438215,50
854450,-6.358599125385725,50
854500,-8.138298163718533,50
854550,-7.044913142838601,50
854600,-1.5884116682039462,50
854650,-3.9275261976184934,50
854700,-4.934788234516652,50
854750,-7.774895725168403,50
854800,-4.516308209446417,50
854850,-6.943654476258905,50
854900,-2.923018218608991,50
854950,-6.158173496896449,50
855000,-4.958223063369997,50
855050,-9.56068988296124,50
855100,-7.990418234570671,50
855150,-7.963033463850227,50
855200,-3.7223427789603996,50
855250,-7.4108146074479855,50
855300,-12.596555348575173,50
855350,-5.924011219336803,50
855400,-5.960565498090801,50
855450,-8.820972840324947,50
855500,-3.2030394435400753,50
855550,-8.410739158344755,50
855600,-8.036502835269744,50
855650,-9.883136396892732,50
855700,-2.124374857699529,50
855750,-5.742630359891144,50
855800,-8.300463808345809,50
855850,-4.713249181802753,50
855900,-3.0734825393187633,50
855950,-8.95305954122952,50
856000,-5.509035619988229,50
856050,-10.190562525856366,50
856100,-4.3985489021877315,50
856150,-2.6549592859466475,50
856200,-9.916816570557362,50
856250,-7.756411832781011,50
856300,-4.947489573087241,50
856350,-7.631713017557567,50
856400,-3.6520915821325004,50
856450,-7.169875302769793,50
856500,-2.410018286322972,50
856550,-3.2111981035295165,50
856600,-9.404006911833386,50
856650,-6.385782488509599,50
856700,-6.821422906467791,50
856750,-6.885506988944694,50
856800,-5.396055996304898,50
856850,-6.299937188600016,50
856900,-3.65181279216231,50
856950,-7.418488752694059,50
857000,-6.186475154276971,50
857050,-2.3272286093081522,50
857100,-7.823789483634687,50
857150,-11.231904895096774,50
857200,-2.7315944744809744,50
857250,-4.754893808526368,50
857300,-8.406895046098317,50
857350,-4.673444912951692,50
857400,-7.116031186188123,50
857450,-8.812136915712447,50
857500,-4.717854921048158,50
857550,-1.8611641448242455,50
857600,-4.6023652436958615,50
857650,-10.488687703923645,50
857700,-6.579957748196385,50
857750,-8.330882883342394,50
857800,-10.034154918536126,50
857850,-5.3942706810000525,50
857900,-2.4360581688278415,50
857950,-8.235796955177126,50
858000,-5.391190058823598,50
858050,-4.818673491523654,50
858100,-10.696229308026815,50
858150,-1.0352266067431914,50
858200,-9.17514941107651,50
858250,-1.7433445597318626,50
858300,-9.52622134722765,50
858350,-7.681641440513312,50
858400,-14.461709562239,50
858450,-10.911053085624827,50
858500,-6.325320442160272,50
858550,-6.438426321892836,50
858600,-6.1617733019106735,50
858650,-8.601910952461262,50
858700,-7.546248698516218,50
858750,-7.737654879977953,50
858800,-6.084867430379943,50
858850,-2.403189735237787,50
858900,-10.480215134290567,50
858950,-7.2610149246401,50
859000,-5.436116085022926,50
859050,-5.577640953578568,50
859100,-4.736871938973801,50
859150,-1.4145412194642897,50
859200,-5.016498018469519,50
859250,-5.6353098354600295,50
859300,-1.14315181375076,50
859350,-7.254445653042456,50
859400,-10.346411630946674,50
859450,-6.3758395816209505,50
859500,-8.8072781579565,50
859550,-5.476936021263845,50
859600,-0.9264428358827702,50
859650,-6.892629755889893,50
859700,-5.600900253724452,50
859750,-6.646683596089129,50
859800,-3.7043243351587707,50
859850,-7.5496957984664546,50
859900,-5.400282037204487,50
859950,-7.135753779920812,50
860000,-8.941349116881472,50
860050,-7.758730534766523,50
860100,-8.491634090379078,50
860150,-3.1810333375440445,50
860200,-3.7131559763405684,50
860250,-10.01952126694585,50
860300,-4.608130663495833,50
860350,-6.549425515665752,50
860400,-5.363086079573379,50
860450,-9.178791058747807,50
860500,-6.175134760389422,50
860550,-10.062503041948803,50
860600,-9.101977422592654,50
860650,-5.817645377317386,50
860700,-3.3134426012178926,50
860750,-7.622583759572489,50
860800,-6.229402171336631,50
860850,-6.349805891382433,50
860900,-1.8762345454598321,50
860950,-2.054315760506267,50
861000,-3.993989568390862,50
861050,-3.447385541185936,50
861100,-8.6843302300407,50
861150,-0.7716673311687969,50
861200,-7.243002338100381,50
861250,-3.330485501504354,50
861300,-10.19325660878622,50
861350,-3.0077364429682096,50
861400,-6.8494317335642,50
861450,-6.495990524569779,50
861500,-9.883242181705446,50
861550,-8.29868352524194,50
861600,-4.441225912049632,50
861650,-4.601052175479961,50
861700,-6.047643909188105,50
861750,-9.421469447129565,50
861800,-9.690322255882052,50
861850,-9.442463794955998,50
861900,-4.094095877847457,50
861950,-6.114408654744706,50
862000,-4.254256879244495,50
862050,-4.2087490796714375,50
862100,-3.594316117632302,50
862150,-10.128370491520316,50
862200,-4.619249119673269,50
862250,-6.325083759701771,50
862300,-7.124581663040529,50
862350,-2.5686225849018327,50
862400,-2.770674593493971,50
862450,-7.460849337832477,50
862500,-5.301831279525923,50
862550,-5.761305320106578,50
862600,-5.0595765775401045,50
862650,-9.113634053228143,50
862700,-2.7104728221790917,50
862750,-8.915723460563346,50
862800,-4.253971248419338,50
862850,-10.681780241126758,50
862900,-5.790534623943104,50
862950,-8.78035573975557,50
863000,-9.333484524378145,50
863050,-7.680887321390873,50
863100,-5.354001501387587,50
863150,-4.565952328376207,50
863200,-10.10814727809661,50
863250,-5.685044747797403,50
863300,-5.522641691530637,50
863350,-6.548920575643172,50
863400,-2.319989000103013,50
863450,-8.218091430620742,50
863500,-8.622451969568344,50
863550,-9.152462023696197,50
863600,-2.1403259232918077,50
863650,-3.8802019119868985,50
863700,-8.74632137682668,50
863750,-4.861892932236209,50
863800,-8.502987519108274,50
863850,-6.785823404300933,50
863900,-5.849836325896705,50
863950,-4.557960702012089,50
864000,-9.716090370664489,50
864050,-8.024690433881336,50
864100,-11.213768262970042,50
864150,-9.63711591884418,50
864200,-9.248699181725867,50
864250,-3.2969176441088064,50
864300,-10.4665681453785,50
864350,-8.092409122992937,50
864400,-7.872690605780069,50
864450,-10.07219250546143,50
864500,-8.210257252229527,50
864550,-9.8948907577745,50
864600,-3.729171290474301,50
864650,-10.11637178842161,50
864700,-5.726681030461123,50
864750,-3.7296735373304517,50
864800,-9.207381019981128,50
864850,-8.771829022610184,50
864900,-6.535388700342077,50
864950,-2.0056024018033827,50
865000,-5.129678808381557,50
865050,-7.7130621008059,50
865100,-3.0292118989757464,50
865150,-8.245714812570801,50
865200,-6.480546893544766,50
865250,-9.954077607738324,50
865300,-6.446274336045034,50
865350,-5.726696092736152,50
865400,-7.628189031987275,50
865450,-5.043837320813659,50
865500,-5.54950486402847,50
865550,-4.668810584205946,50
865600,-6.158743038964392,50
865650,-2.2007722725791075,50
865700,-5.43769427824329,50
865750,-11.530264996684503,50
865800,-9.7697626216021,50
865850,-3.461026922937871,50
865900,-9.991461030600425,50
865950,-5.640134388067435,50
866000,-4.870811761469759,50
866050,-5.609279138408733,50
866100,-4.949501849414577,50
866150,-10.395217326694961,50
866200,-3.4442997316060224,50
866250,-5.591785067010307,50
866300,-6.557916647039975,50
866350,-5.83602655525798,50
866400,-9.00565434046465,50
866450,-5.747923881870071,50
866500,-3.1320613706079494,50
866550,-6.463770440679985,50
866600,-11.092591019344987,50
866650,-9.166961909240948,50
866700,-8.587020272615021,50
866750,-4.093095666162732,50
866800,-8.007644175195498,50
866850,-7.540961038935271,50
866900,-4.844924740185609,50
866950,-7.898310230828025,50
867000,-2.363500975717689,50
867050,-11.350458130016618,50
867100,-7.834155318110358,50
867150,-4.13370688578614,50
867200,-9.18191997765194,50
867250,-5.853795871285354,50
867300,-5.973818571666094,50
867350,-6.9577498281772066,50
867400,-4.6188750962040865,50
867450,-8.31688376744534,50
867500,-9.812937960994185,50
867550,-3.110857645467531,50
867600,-7.61760107849539,50
867650,-7.4686216802482575,50
867700,-10.490593209138703,50
867750,-9.085711633302747,50
867800,-5.127437848621802,50
867850,-3.4998296439547927,50
867900,-8.431184222580804,50
867950,-8.164975990712565,50
868000,-9.287109983127552,50
868050,-6.161032581611385,50
868100,-9.575313392649441,50
868150,-6.130146284038998,50
868200,-4.808925638286715,50
868250,-4.881094240293088,50
868300,-5.697997673307305,50
868350,-4.8336930068188515,50
868400,-7.000025861323443,50
868450,-7.225166966000341,50
868500,-6.953448017267292,50
868550,-1.9356420259289875,50
868600,-7.172980019633507,50
868650,-0.6906287568552166,50
868700,-7.522064425011529,50
868750,-6.496949733552345,50
868800,-7.858120309471093,50
868850,-7.839768699357395,50
868900,-5.677011924650937,50
868950,-9.57485731737551,50
869000,-6.789599079105626,50
869050,-8.266243620784023,50
869100,-9.513900172757142,50
869150,-9.720369435842695,50
869200,-10.054194562788892,50
869250,-6.389036430191226,50
869300,-9.149002344155614,50
869350,-5.684720186452216,50
869400,-10.662779497342441,50
869450,-6.899921345263767,50
869500,-5.594136302915154,50
869550,-4.999409734667512,50
869600,-10.069024205989782,50
869650,-5.557368813828494,50
869700,-8.261045667937282,50
869750,-2.6294395475766987,50
869800,-6.445298825450036,50
869850,-1.6848084492313131,50
869900,-9.8443010416942,50
869950,-5.230412566363193,50
870000,-8.62949386460407,50
870050,-6.868236930943857,50
870100,-4.807938540586742,50
870150,-3.8479063988687416,50
870200,-1.9761575207107278,50
870250,-1.135519550320163,50
870300,-2.5015175605993636,50
870350,-4.451020445411459,50
870400,-9.046049163701957,50
870450,-9.542064438247811,50
870500,-5.228554371351074,50
870550,-9.281609511984309,50
870600,-8.989888361077783,50
870650,-5.722244965340794,50
870700,-8.380506191592996,50
870750,-4.824147238272661,50
870800,-5.912187222312489,50
870850,-9.180967149186511,50
870900,-9.176133215474923,50
870950,-8.91640042903495,50
871000,-4.510359590173942,50
871050,-4.584617609473373,50
871100,-3.9029775423091895,50
871150,-4.892001013393834,50
871200,-10.892795002019982,50
871250,-6.639079253582314,50
871300,-5.70238307918731,50
871350,-6.439040398430844,50
871400,-6.962521054962613,50
871450,-6.656459312018491,50
871500,-4.274188215952245,50
871550,-7.121602969054827,50
871600,-6.211571413297991,50
871650,-4.552754325456395,50
871700,-6.939292092032118,50
871750,-4.481927763513264,50
871800,-9.567084007917474,50
871850,-5.004242734990358,50
871900,-13.081998946904529,50
871950,-9.843983212867036,50
872000,-9.0150660303171,50
872050,-4.915169319356285,50
872100,-5.807517481813418,50
872150,-9.358562167289982,50
872200,-8.030085680975095,50
872250,-5.024345140999724,50
872300,-5.995168869594401,50
872350,-8.724773018379034,50
872400,-4.672189648342447,50
872450,-4.9999507322379815,50
872500,-4.97813599177443,50
872550,-2.02950868548057,50
872600,-3.1974574023080407,50
872650,-4.028850121975326,50
872700,-5.525590274058194,50
872750,-6.657186268839829,50
872800,-7.643251481337099,50
872850,-4.930810466982591,50
872900,-4.972712843796789,50
872950,-3.526007924995149,50
873000,-1.675484136623676,50
873050,-6.676111392963959,50
873100,-6.433165161810714,50
873150,-3.3508126913108405,50
873200,-7.649797930315058,50
873250,-5.580080629481239,50
873300,-5.961889867649645,50
873350,-9.20821348783126,50
873400,-7.816233103950294,50
873450,-11.041344670536269,50
873500,-5.614137918695039,50
873550,-6.7092605542234285,50
873600,-6.752700795362673,50
873650,-2.088318646809618,50
873700,-11.070523106163135,50
873750,-5.736607915540822,50
873800,-3.2590253880998756,50
873850,-4.249826844353962,50
873900,-4.855751678029528,50
873950,-2.225130076451362,50
874000,-6.997883000921028,50
874050,-9.920394170837623,50
874100,-9.838113158613757,50
874150,-9.579875947802252,50
874200,-5.5296478412894565,50
874250,-2.6507607244396016,50
874300,-8.368524662720448,50
874350,-6.399439586690422,50
874400,-6.411876723712944,50
874450,-7.460435966034971,50
874500,-7.055089149621644,50
874550,-8.9922701738736,50
874600,-6.811220653179946,50
874650,-3.08816251667849,50
874700,-8.366965592813857,50
874750,-4.7928796829240765,50
874800,-11.025647470451588,50
874850,-4.544423516060693,50
874900,-5.118404396679678,50
874950,-3.060433837678425,50
875000,-6.109820626615757,50
875050,-9.043465165657775,50
875100,-9.187190367128133,50
875150,-8.313131993691023,50
875200,-8.436940213419089,50
875250,-10.054501169582144,50
875300,-7.035554622722949,50
875350,-9.083160225322601,50
875400,-1.4069168120732767,50
875450,-4.239976689976636,50
875500,-7.614539082249262,50
875550,-10.894045843384573,50
875600,-9.093465844344552,50
875650,-5.033288533729937,50
875700,-5.358105941902047,50
875750,-6.037889957046411,50
875800,-3.764440713292803,50
875850,-3.892590553862681,50
875900,-3.6212693121406847,50
875950,-2.4961844519985066,50
876000,-4.322804319529512,50
876050,-4.962346528974949,50
876100,-8.915164420540412,50
876150,-5.824282356240742,50
876200,-8.9874937858684,50
876250,-1.849802314597475,50
876300,-3.9822020525195385,50
876350,-6.8133775672203685,50
876400,-2.4194244667029614,50
876450,-6.010844712372311,50
876500,-4.328886857645001,50
876550,-7.786741719903885,50
876600,-6.441149383825458,50
876650,-6.3560333018048984,50
876700,-2.1669921992055343,50
876750,-9.634567171621384,50
876800,-9.996108351743667,50
876850,-2.000625951888771,50
876900,-7.544786814073942,50
876950,-6.290211212560305,50
877000,-1.5343937474121352,50
877050,-10.626600633316137,50
877100,-4.101486940672077,50
877150,-6.873112358796468,50
877200,-5.606826094893545,50
877250,-8.204952907091988,50
877300,-5.89544064571716,50
877350,-10.00928900900541,50
877400,-7.43762708341157,50
877450,-8.22743800273783,50
877500,-10.271424228230194,50
877550,-4.446318154270226,50
877600,-4.335636041149991,50
877650,-3.1040750133216446,50
877700,-5.939381270754855,50
877750,-8.202528535578384,50
877800,-8.538344350711425,50
877850,-5.710199670813102,50
877900,-7.564784185187592,50
877950,-5.74582805226173,50
878000,-8.815397843312459,50
878050,-9.519386113971313,50
878100,-9.100041232352346,50
878150,-6.226247047664332,50
878200,-2.290064328053287,50
878250,-4.116766205141126,50
878300,-8.595471631860871,50
878350,-7.158466467933697,50
878400,-10.749345548104198,50
878450,-6.4198801412505135,50
878500,-2.0531149414734875,50
878550,-3.000360645788903,50
878600,-2.6795892149842677,50
878650,-8.179306166799789,50
878700,-4.1396085137927745,50
878750,-5.235297581699926,50
878800,-3.762420938727104,50
878850,-8.980025444571393,50
878900,-9.121803776200869,50
878950,-5.9891608762798985,50
879000,-10.173011595216899,50
879050,-1.8485733322773734,50
879100,-9.998682486349127,50
879150,-7.856602465521502,50
879200,-9.221127559761731,50
879250,-7.429112816707282,50
879300,-6.341994685460799,50
879350,-2.8959266553745904,50
879400,-11.890508851402751,50
879450,-9.533184542449305,50
879500,-6.1960893809126345,50
879550,-3.1953993190097982,50
879600,-5.065422097180889,50
879650,-2.679826940040165,50
879700,-4.530343460804119,50
879750,-1.9341783422811558,50
879800,-11.142203928725104,50
879850,-5.808800856417546,50
879900,-7.525714762814854,50
879950,-5.605586243859414,50
880000,-6.167319647149811,50
880050,-4.651954145673322,50
880100,-7.683139962809471,50
880150,-5.568258707497029,50
880200,-7.369143529233538,50
880250,-6.243675149342581,50
880300,-5.211353202654334,50
880350,-7.16219316351103,50
880400,-6.339818528058652,50
880450,-4.539333476746709,50
880500,-7.122909837298713,50
880550,-4.63700112957853,50
880600,-4.295366928431597,50
880650,-6.4553718393293575,50
880700,-5.457199101742956,50
880750,-3.4719406584588306,50
880800,-4.604400356670548,50
880850,-5.62109902669655,50
880900,-7.197859480593954,50
880950,-8.609124883323906,50
881000,-7.574537600122827,50
881050,-6.466989219778072,50
881100,-6.090623825111862,50
881150,-2.5735515205389827,50
881200,-8.773062962998983,50
881250,-4.212341977184075,50
881300,-3.1512341702261013,50
881350,-3.8085618906722427,50
881400,-9.003703606050902,50
881450,-8.694839253642051,50
881500,-5.361070196819566,50
881550,-10.052929678078348,50
881600,-3.9708861480162425,50
881650,-7.842333800311026,50
881700,-3.3038434962287053,50
881750,-5.726160175755924,50
881800,-0.9047991912652882,50
881850,-4.090434008156621,50
881900,-6.256668204995805,50
881950,-6.938734091157345,50
882000,-2.5794318416563393,50
882050,-6.337594859876752,50
882100,-9.709491139502266,50
882150,-4.557017307730563,50
882200,-3.8662098489911534,50
882250,-3.532236103774496,50
882300,-5.251891412184925,50
882350,-8.063588321691146,50
882400,-6.2190420092053476,50
882450,-10.550134830713128,50
882500,-9.965960570061824,50
882550,-9.32158914941862,50
882600,-0.8584203574116924,50
882650,-8.590614121882794,50
882700,-10.27970964555564,50
882750,-10.376631778993143,50
882800,-9.943508250670744,50
882850,-8.284368842672917,50
882900,-6.987673922037733,50
882950,-4.492488402100249,50
883000,-8.265255157598036,50
883050,-4.0256138257652205,50
883100,-5.26269997149742,50
883150,-4.320512836619342,50
883200,-1.5706356329416291,50
883250,-5.016232397570266,50
883300,-4.967451647940732,50
883350,-4.1287123126562175,50
883400,-4.995464722608692,50
883450,-9.971286121677169,50
883500,-5.7800138472238025,50
883550,-10.12118252645221,50
883600,-7.865676922518574,50
883650,-9.973022582869524,50
883700,-3.998375836044453,50
883750,-5.6792672888999,50
883800,-6.057001077956982,50
883850,-2.9940537057624557,50
883900,-8.065279702573122,50
883950,-9.544470255150154,50
884000,-5.607231735821112,50
884050,-5.520605297516264,50
884100,-9.125650724940112,50
884150,-7.622464865530571,50
884200,-5.08726220836513,50
884250,-7.123360316784246,50
884300,-7.804158080768924,50
884350,-5.8071990313344966,50
884400,-9.859379467951229,50
884450,-7.663948072089871,50
884500,-6.997482540713594,50
884550,-9.397812276991381,50
884600,-6.809838448369054,50
884650,-1.933626825963652,50
884700,-3.7767016311243533,50
884750,-9.875012550947202,50
884800,-2.8878276145696176,50
884850,-5.2716063520850085,50
884900,-5.476462911696783,50
884950,-9.755765038639879,50
885000,-6.245921731180191,50
885050,-5.595994940237265,50
885100,-5.221044395524007,50
885150,-5.156562558901814,50
885200,-3.141259077450877,50
885250,-4.603755365024653,50
885300,-9.90734062219581,50
885350,-3.324122403931691,50
885400,-7.532933001093751,50
885450,-4.405247726725059,50
885500,-4.5540452716369915,50
885550,-8.375345586626086,50
885600,-9.205617003181889,50
885650,-5.844895551955358,50
885700,-6.500749990266639,50
885750,-9.54576655215636,50
885800,-10.02168526895845,50
885850,-3.8644239925830477,50
885900,-4.2362759283962115,50
885950,-8.431743884942739,50
886000,-8.763129618775412,50
886050,-9.587288328265785,50
886100,-9.928969783953427,50
886150,-7.555770331774126,50
886200,-8.830602927412135,50
886250,-7.116555162557814,50
886300,-3.5501414373307054,50
886350,-5.094613010069543,50
886400,-10.243473513262973,50
886450,-1.2887230426426806,50
886500,-4.548309477198313,50
886550,-5.569808397683019,50
886600,-5.678759414146347,50
886650,-7.078463411729135,50
886700,-5.836584027821543,50
886750,-8.575831657266004,50
886800,-7.327736251337536,50
886850,-7.716687416796727,50
886900,-5.230884937862616,50
886950,-5.49051418032592,50
887000,-10.290689192130234,50
887050,-7.819133417275486,50
887100,-7.72622161416865,50
887150,-2.393943871881512,50
887200,-4.695098251958732,50
887250,-6.397603136434494,50
887300,-6.521790816412362,50
887350,-4.542005366938162,50
887400,-6.425135347755519,50
887450,-8.361337980921682,50
887500,-4.972329361810313,50
887550,-7.080441165726506,50
887600,-6.000561603076335,50
887650,-6.664917821250174,50
887700,-4.276583294218577,50
887750,-6.439924634544492,50
887800,-4.8203845565199215,50
887850,-6.529572448640994,50
887900,-6.736284976838093,50
887950,-6.911417673227535,50
888000,-5.235045808410363,50
888050,-2.5031197702986336,50
888100,-6.530495396189208,50
888150,-5.1709840259362805,50
888200,-4.919249985084686,50
888250,-5.69643891575807,50
888300,-7.276090929461713,50
888350,-2.6979873233595564,50
888400,-6.813549719168926,50
888450,-7.170528691264442,50
888500,-4.440596163341019,50
888550,-8.742052119466718,50
888600,-4.7264957692658935,50
888650,-6.650842972928186,50
888700,-8.585070644941172,50
888750,-4.245318031656326,50
888800,-8.17019694811655,50
888850,-6.73666423149697,50
888900,-8.594926486830984,50
888950,-1.8244599462355224,50
889000,-6.036510815929823,50
889050,-9.206065474109069,50
889100,-6.284860535155778,50
889150,-3.5377483658067432,50
889200,-3.0546346153502606,50
889250,-5.271190786400865,50
889300,-5.641397759183219,50
889350,-9.805548561322906,50
889400,-2.5816401563573113,50
889450,-6.527801130002255,50
889500,-8.284753760573654,50
889550,-9.3188575988863,50
889600,-4.559465798337203,50
889650,-8.200627604936265,50
889700,-2.940696936789639,50
889750,-10.649626542937497,50
889800,-8.429894908915465,50
889850,-8.959901840477524,50
889900,-10.807194372952017,50
889950,-2.852921320728175,50
890000,-5.110144846951905,50
890050,-9.890238875230994,50
890100,-10.204546485972863,50
890150,-2.476045759610689,50
890200,-10.762625046756824,50
890250,-4.332276226171506,50
890300,-7.466154031746522,50
890350,-4.112272896102159,50
890400,-2.0071664520706793,50
890450,-4.563348832027,50
890500,-8.286762315383369,50
890550,-11.019101336339503,50
890600,-8.622697887004373,50
890650,-8.352757794733506,50
890700,-4.145632206992147,50
890750,-7.229247196355194,50
890800,-5.119569397752135,50
890850,-2.572789019829646,50
890900,-7.407367203168685,50
890950,-4.1369996557034545,50
891000,-3.5123095877984873,50
891050,-6.832928810307291,50
891100,-7.3228393402264915,50
891150,-6.7633349519615855,50
891200,-6.604108520397802,50
891250,-5.284223890490958,50
891300,-6.515505281149893,50
891350,-7.107534213476221,50
891400,-7.19527085761498,50
891450,-7.261860465798537,50
891500,-1.2006583693128245,50
891550,-10.072422650824125,50
891600,-5.298573176405887,50
891650,-5.579581891366448,50
891700,-6.094699868481616,50
891750,-7.855810505993524,50
891800,-1.5585239672546691,50
891850,-4.541800967241433,50
891900,-4.419484095749071,50
891950,-4.721531871929838,50
892000,-3.4085315649837784,50
892050,-6.2475876840983355,50
892100,-8.677327245847883,50
892150,-2.7653631066723463,50
892200,-3.933261954928379,50
892250,-9.665375116083926,50
892300,-6.409351875686961,50
892350,-4.57275255495893,50
892400,-8.165646979072376,50
892450,-2.6071713789075166,50
892500,-5.900915437496269,50
892550,-7.5992147934125205,50
892600,-4.860264975155301,50
892650,-5.430637903784399,50
892700,-9.370513317036771,50
892750,-9.473322809928046,50
892800,-3.848169197400585,50
892850,-4.652468361847884,50
892900,-1.921384284318819,50
892950,-4.1944949349848155,50
893000,-9.464967779219826,50
893050,-4.954506474075005,50
893100,-9.151569473473097,50
893150,-5.3942713176856305,50
893200,-6.075971914526768,50
893250,-5.242297669780787,50
893300,-5.164169473008834,50
893350,-9.805561454276535,50
893400,-3.803230970342893,50
893450,-2.107105758285115,50
893500,-7.961525357631339,50
893550,-3.7069245740394288,50
893600,-8.117506187476119,50
893650,-7.5328343044146004,50
893700,-4.658926731798396,50
893750,-4.15832318002382,50
893800,-6.335913965571482,50
893850,-2.2978083971378345,50
893900,-11.17394164608533,50
893950,-7.6497005065863535,50
894000,-5.582031125618134,50
894050,-2.7005252966189746,50
894100,-9.346495836791703,50
894150,-10.45065147611186,50
894200,-5.692250790504452,50
894250,-2.245791871011731,50
894300,-8.271600711335443,50
894350,-9.809859616153643,50
894400,-4.846401154000939,50
894450,-11.83876992713726,50
894500,-8.911531341642323,50
894550,-5.971300811493413,50
894600,-6.558409047278497,50
894650,-4.703071224149743,50
894700,-5.433252104623168,50
894750,-3.5590240553972374,50
894800,-7.113129001673248,50
894850,-2.9189115972850845,50
894900,-2.7214198441541617,50
894950,-2.4818177468740377,50
895000,-7.266807069016181,50
895050,-6.090210234439913,50
895100,-5.677106675557007,50
895150,-5.351861312595642,50
895200,-2.4054662392683706,50
895250,-5.961025518830924,50
895300,-10.258219373379548,50
895350,-8.370379342687908,50
895400,-5.955952345923113,50
895450,-3.824101752526471,50
895500,-4.582281847713982,50
895550,-4.5523969884020214,50
895600,-5.441717356924453,50
895650,-5.200729120875794,50
895700,-7.878889011025059,50
895750,-3.4683660742780487,50
895800,-9.210886419333272,50
895850,-5.649355936028975,50
895900,-5.586306177912308,50
895950,-3.7015728913086083,50
896000,-10.866082187651866,50
896050,-4.2851369922976605,50
896100,-8.617418124632696,50
896150,-10.227541265234954,50
896200,-9.819982981187149,50
896250,-9.753645782373926,50
896300,-3.5006288489894395,50
896350,-6.630063187424216,50
896400,-4.706558747599479,50
896450,-6.162529828900844,50
896500,-4.47981518857641,50
896550,-4.795075365126145,50
896600,-8.259387497247058,50
896650,-9.986340524088035,50
896700,-5.58327235847768,50
896750,-6.854138311109032,50
896800,-2.5494857442384924,50
896850,-4.6350823684749995,50
896900,-5.234112662793375,50
896950,-9.282920521481804,50
897000,-7.354344866669126,50
897050,-3.0978709031669296,50
897100,-5.190226510493013,50
897150,-6.731532990282621,50
897200,-7.231535148769209,50
897250,-4.987908591331032,50
897300,-8.985023658961664,50
897350,-5.980735927052685,50
897400,-11.004305746328168,50
897450,-2.427027028634209,50
897500,-2.337179189472101,50
897550,-8.489291689016145,50
897600,-9.764856158356642,50
897650,-5.830005229677612,50
897700,-9.050567362040153,50
897750,-7.554067351366577,50
897800,-5.530780506185705,50
897850,-9.04123001090032,50
897900,-4.602546112877828,50
897950,-5.265837758532004,50
898000,-6.423227067160358,50
898050,-3.904371999638935,50
898100,-5.042858792932943,50
898150,-5.078322508594908,50
898200,-4.861703562852291,50
898250,-9.329000437777685,50
898300,-9.3755117444096,50
898350,-8.97171601760635,50
898400,-8.81839037496308,50
898450,-5.193887699618067,50
898500,-7.717911284407817,50
898550,-8.378653416739596,50
898600,-5.410630256015967,50
898650,-10.466033350661549,50
898700,-7.805250149536195,50
898750,-8.650187827611449,50
898800,-9.770800493582675,50
898850,-5.904337835398658,50
898900,-9.478730151931837,50
898950,-4.4003194165333985,50
899000,-10.198667359990896,50
899050,-9.03821872565185,50
899100,-1.8773627583242067,50
899150,-6.470105436271649,50
899200,-5.8639595964392,50
899250,-4.0053131383197895,50
899300,-5.126720306226634,50
899350,-1.0292593643553538,50
899400,-5.53495769003231,50
899450,-7.606668500766111,50
899500,-5.460579271014975,50
899550,-9.319560208342084,50
899600,-6.101863453366365,50
899650,-7.395723208540812,50
899700,-5.651712459628422,50
899750,-4.77054585467566,50
899800,-10.578712124626694,50
899850,-1.0942072932307056,50
899900,-6.058749563785163,50
899950,-4.702797677202118,50
900000,-6.570380952500686,50
900050,-4.952221533240246,50
900100,-8.382663621816562,50
900150,-7.432554133527561,50
900200,-4.610856362864849,50
900250,-6.221876078475817,50
900300,-4.3895867607357,50
900350,-4.384967621960795,50
900400,-8.709217223452418,50
900450,-4.2260508411695055,50
900500,-5.267816225868239,50
900550,-8.923302568515592,50
900600,-5.802626078915107,50
900650,-5.779624781195616,50
900700,-4.295491169200269,50
900750,-5.57477420469087,50
900800,-5.650944857986539,50
900850,-2.9369585886078537,50
900900,-7.065793451021334,50
900950,-5.893502038881692,50
901000,-7.463239141380696,50
901050,-1.3663606900602288,50
901100,-7.005544582132866,50
901150,-3.87874560245316,50
901200,-9.498141750102691,50
901250,-7.920825681415543,50
901300,-4.843974663103454,50
901350,-4.3240543678549885,50
901400,-2.3672343065833084,50
901450,-10.649290657405523,50
901500,-5.914424157861719,50
901550,-5.467176983567878,50
901600,-8.941626736764585,50
901650,-1.9519293308922825,50
901700,-5.17607583522425,50
901750,-3.970190271753721,50
901800,-6.215626808140618,50
901850,-1.3802633466692018,50
901900,-2.723108727491652,50
901950,-8.908487085802252,50
902000,-7.026473628224414,50
902050,-1.3643790760043757,50
902100,-9.192537488132889,50
902150,-5.443045981369288,50
902200,-7.308357273046021,50
902250,-8.956611750157496,50
902300,-10.094769087726883,50
902350,-4.800207921777709,50
902400,-7.942649703288455,50
902450,-5.863032890609713,50
902500,-5.881992332822061,50
902550,-5.597807067933008,50
902600,-4.306318336315625,50
902650,-8.62400468065247,50
902700,-6.415759208185641,50
902750,-8.184661595091084,50
902800,-5.241330863900226,50
902850,-6.573191468451838,50
902900,-4.519202133268942,50
902950,-8.850401933483864,50
903000,-9.517810962561693,50
903050,-1.3910047844671574,50
903100,-9.801490918919267,50
903150,-6.482273569563766,50
903200,-6.789826742805478,50
903250,-5.283259484042778,50
903300,-3.8729435215361,50
903350,-11.807219020252145,50
903400,-8.76486970256588,50
903450,-5.596362242255139,50
903500,-10.315888282177434,50
903550,-5.222464006694412,50
903600,-7.4867926765552,50
903650,-5.942457103616603,50
903700,-3.391614462806445,50
903750,-8.400314053488955,50
903800,-9.288645979556124,50
903850,-5.83003934648161,50
903900,-4.720517692562691,50
903950,-9.016550693041019,50
904000,-3.3013051242108697,50
904050,-5.998357975175245,50
904100,-9.203127613384158,50
904150,-2.7951727511629305,50
904200,-9.26782586646715,50
904250,-7.079342924803186,50
904300,-2.7890508837114667,50
904350,-2.190857170130024,50
904400,-4.5688335112722545,50
904450,-7.476202466577281,50
904500,-8.826867897203776,50
904550,-0.9578382953540692,50
904600,-4.806630099042185,50
904650,-6.119426633992897,50
904700,-3.5913543621317414,50
904750,-6.693649789405828,50
904800,-5.6513399094005585,50
904850,-6.750663007746186,50
904900,-6.030926351194467,50
904950,-2.192570744494112,50
905000,-4.168873243159784,50
905050,-5.588361415431246,50
905100,-5.678022275086423,50
905150,-4.941893501653286,50
905200,-5.623488700181479,50
905250,-6.066659928298596,50
905300,-7.542241926129646,50
905350,-8.031474861367835,50
905400,-4.637740468597101,50
905450,-10.987369992187217,50
905500,-9.030342864272434,50
905550,-8.226103148102354,50
905600,-7.529240449654312,50
905650,-8.190855818679738,50
905700,-6.136858621696774,50
905750,-8.583046568935522,50
905800,-8.554266059291466,50
905850,-8.662433971757187,50
905900,-2.1368746228611806,50
905950,-8.539775296855588,50
906000,-6.316064869921091,50
906050,-9.23041072153185,50
906100,-9.550272468266197,50
906150,-3.852588096896734,50
906200,-9.689169657492483,50
906250,-6.176016988887438,50
906300,-4.217590479638478,50
906350,-7.428259573640921,50
906400,-9.627573443347625,50
906450,-4.76780848756142,50
906500,-4.529065614106616,50
906550,-8.513346479321223,50
906600,-6.809253293663194,50
906650,-10.572072637076033,50
906700,-10.43402762615938,50
906750,-2.3772293136499703,50
906800,-4.541868946895107,50
906850,-8.025951190776842,50
906900,-9.199767297886723,50
906950,-8.673175921660592,50
907000,-5.1189003519145055,50
907050,-9.929597726956887,50
907100,-8.536250693586537,50
907150,-9.606337105203915,50
907200,-5.439409673813076,50
907250,-9.357365523765463,50
907300,-2.1920592910023773,50
907350,-1.1062907641362951,50
907400,-7.788629692316669,50
907450,-5.3255594163327835,50
907500,-7.047851518673292,50
907550,-6.5762441545705945,50
907600,-3.7641170840020117,50
907650,-6.6908938768624795,50
907700,-7.877651217371621,50
907750,-8.28409710334522,50
907800,-9.070910523032026,50
907850,-5.060529157031519,50
907900,-8.517607028924072,50
907950,-4.489690115172807,50
908000,-8.478399801413213,50
908050,-3.6440109758893198,50
908100,-4.2389704654266485,50
908150,-4.696931583421925,50
908200,-7.90633146595973,50
908250,-9.562314178150382,50
908300,-2.8409282086450798,50
908350,-4.383823240740664,50
908400,-4.851815165155171,50
908450,-10.323841704978557,50
908500,-6.023947716043495,50
908550,-5.639191488792543,50
908600,-5.346031153892777,50
908650,-7.86179356895544,50
908700,-6.6126800075089145,50
908750,-4.38478428003405,50
908800,-7.39844300313681,50
908850,-10.479220027276696,50
908900,-4.648427629679519,50
908950,-7.144974608319358,50
909000,-1.0909004965342308,50
909050,-9.646726824056886,50
909100,-10.867657995290061,50
909150,-3.812899816860143,50
909200,-5.184089942002958,50
909250,-8.20470965192078,50
909300,-8.298249434786525,50
909350,-4.263885130911187,50
909400,-6.4156511657187725,50
909450,-8.012307201625052,50
909500,-8.852588272553927,50
909550,-2.2822519370323637,50
909600,-4.317551742264566,50
909650,-6.6803292545658355,50
909700,-4.085667409113819,50
909750,-5.315095799089728,50
909800,-5.316632631664145,50
909850,-8.158232813494198,50
909900,-8.513671892845423,50
909950,-7.1340838899035806,50
910000,-7.267887729466151,50
910050,-6.278994338894781,50
910100,-9.579778130316495,50
910150,-9.979127408300206,50
910200,-10.175193332031558,50
910250,-4.912941208707081,50
910300,-10.587400961769477,50
910350,-3.5278325126537493,50
910400,-5.150424312914299,50
910450,-6.033094391446979,50
910500,-4.176406130815122,50
910550,-7.06207555866434,50
910600,-4.096771936031108,50
910650,-4.917367566254202,50
910700,-5.457294834303683,50
910750,-3.583177483092234,50
910800,-5.932920749611727,50
910850,-6.075651139785051,50
910900,-4.7628416037900045,50
910950,-7.746890917181211,50
911000,-8.424105880085117,50
911050,-5.410264052359637,50
911100,-5.7900111653780675,50
911150,-7.920268743107145,50
911200,-8.307389947755079,50
911250,-6.868240045707171,50
911300,-4.416599529195269,50
911350,-9.720563515219466,50
911400,-8.176356978149492,50
911450,-7.605910688653857,50
911500,-3.0454980860252365,50
911550,-7.323897184471881,50
911600,-5.751448620179539,50
911650,-5.189045414668078,50
911700,-2.046482740551814,50
911750,-5.230681783165544,50
911800,-9.963009092313447,50
911850,-3.90028732051253,50
911900,-6.356572009712488,50
911950,-4.845804048154434,50
912000,-7.989822617948285,50
912050,-9.034715453882573,50
912100,-8.294150887192638,50
912150,-4.830990508862175,50
912200,-9.208333964522947,50
912250,-7.535823625833504,50
912300,-8.904255915793334,50
912350,-5.5253230860073685,50
912400,-6.955403818692854,50
912450,-5.821601843620347,50
912500,-6.648421390535626,50
912550,-2.3768049611902438,50
912600,-7.140895374922393,50
912650,-8.150088591035647,50
912700,-8.418369565707009,50
912750,-9.898661383803574,50
912800,-9.04353048257163,50
912850,-7.532479425551967,50
912900,-3.1852825662306303,50
912950,-10.077589388136024,50
913000,-3.2445658212786004,50
913050,-7.753342470019549,50
913100,-6.939117487135583,50
913150,-8.682090061757599,50
913200,-1.5917794914686159,50
913250,-8.600349075775233,50
913300,-5.716808527560632,50
913350,-4.011153037769779,50
913400,-5.3321056939776135,50
913450,-3.8955244939003313,50
913500,-4.668177643686628,50
913550,-4.099113733485742,50
913600,-3.838214543534073,50
913650,-8.593950675958366,50
913700,-3.5778587677399147,50
913750,-7.020594831444767,50
913800,-4.797837257815727,50
913850,-3.178036885405666,50
913900,-6.592446483082162,50
913950,-4.4097877480189025,50
914000,-10.753191799994783,50
914050,-7.913996007944934,50
914100,-4.155709106426742,50
914150,-7.807390880808516,50
914200,-4.244469826911077,50
914250,-8.434113001085594,50
914300,-4.377228923525755,50
914350,-6.830855269192355,50
914400,-3.7381231222000144,50
914450,-7.2719961369287285,50
914500,-6.008058523397805,50
914550,-4.165418208048275,50
914600,-4.41529594619002,50
914650,-6.126801324838138,50
914700,-7.720116471302325,50
914750,-5.465877659970561,50
914800,-7.123516250354504,50
914850,-4.638376899404734,50
914900,-6.5051593535082635,50
914950,-6.000008212596713,50
915000,-10.420370125009704,50
915050,-2.2480186600026517,50
915100,-7.620813196874634,50
915150,-6.082514918953252,50
915200,-4.521317882604524,50
915250,-4.1302061314249645,50
915300,-5.561201320046737,50
915350,-4.152036112601536,50
915400,-5.81689579073312,50
915450,-10.397495555801168,50
915500,-7.392285660140839,50
915550,-5.653501203405731,50
915600,-5.261279176830583,50
915650,-6.060081437660207,50
915700,-3.926523723711315,50
915750,-5.595498480966863,50
915800,-5.722478201949065,50
915850,-6.212522153946377,50
915900,-6.3566953986488866,50
915950,-7.19261145691264,50
916000,-4.690781909394398,50
916050,-7.767153802967874,50
916100,-7.809553220779611,50
916150,-8.419848546577324,50
916200,-3.7807296954016514,50
916250,-8.163400204187766,50
916300,-3.0887792863965773,50
916350,-9.079280426797261,50
916400,-2.3104250893753835,50
916450,-8.104275210359814,50
916500,-1.8388821569234737,50
916550,-5.148258643901556,50
916600,-6.742978637765636,50
916650,-5.219346134416732,50
916700,-5.112585107635479,50
916750,-9.661475491466092,50
916800,-1.2110821451488367,50
916850,-5.687127892610985,50
916900,-7.097812592216206,50
916950,-8.201939299636287,50
917000,-6.409969571077195,50
917050,-9.563702742132069,50
917100,-6.254758145696106,50
917150,-4.93964918428642,50
917200,-1.7119138904536753,50
917250,-10.328884699009409,50
917300,-9.370048901079546,50
917350,-5.5588054330294145,50
917400,-7.657644931026148,50
917450,-8.818568481012534,50
917500,-3.340833926499782,50
917550,-6.887058564984854,50
917600,-8.988889727546862,50
917650,-1.7262880869262895,50
917700,-5.1197802293819175,50
917750,-8.236550484037414,50
917800,-2.7391456834486614,50
917850,-6.345252696324248,50
917900,-6.15144348068591,50
917950,-3.1052251397040713,50
918000,-8.10293538609364,50
918050,-3.538092452064105,50
918100,-9.673628462942155,50
918150,-9.273355221868549,50
918200,-2.776429459384818,50
918250,-3.8136465003737436,50
918300,-4.479763234551011,50
918350,-6.872050503626512,50
918400,-2.548407600531633,50
918450,-3.6408702961736132,50
918500,-10.191962320551152,50
918550,-4.2297750542643735,50
918600,-8.08525272935014,50
918650,-5.109778444468632,50
918700,-8.403211467678684,50
918750,-4.661073358532125,50
918800,-5.983719799605841,50
918850,-7.336548332957246,50
918900,-7.9636617543055666,50
918950,-6.0220603439008515,50
919000,-7.308553983544401,50
919050,-3.3534332958300483,50
919100,-5.54814774343758,50
919150,-5.472517939159724,50
919200,-5.871860398113864,50
919250,-9.793789668140152,50
919300,-10.246650101319057,50
919350,-2.7131077373784684,50
919400,-1.6135405316969402,50
919450,-5.410627525572181,50
919500,-4.321210402811172,50
919550,-2.112622837140421,50
919600,-10.277048838495045,50
919650,-4.7744965664280015,50
919700,-5.015970495572921,50
919750,-9.659977712351441,50
919800,-5.690054906177954,50
919850,-9.791248404371652,50
919900,-7.699127079806737,50
919950,-8.210227639335317,50
920000,-10.228288011739636,50
920050,-7.094477532552799,50
920100,-5.121871494069856,50
920150,-9.176530971520938,50
920200,-1.7938605461412436,50
920250,-9.94854196990699,50
920300,-7.274575779474958,50
920350,-3.1087413965257977,50
920400,-4.220713225451365,50
920450,-7.55048362214382,50
920500,-6.470024607439994,50
920550,-5.973988351033659,50
920600,-9.773095144208193,50
920650,-5.2003764522531615,50
920700,-8.29623414302896,50
920750,-2.3262249610537413,50
920800,-6.153194370272476,50
920850,-3.665225861936704,50
920900,-8.390758203914313,50
920950,-3.712797937670126,50
921000,-7.618989684119175,50
921050,-4.1608832051217925,50
921100,-4.5218484354638155,50
921150,-8.637053296797294,50
921200,-2.770783015621111,50
921250,-10.794909531623262,50
921300,-8.44417084751259,50
921350,-2.78512003127967,50
921400,-2.2733914453407413,50
921450,-4.9019599123902395,50
921500,-2.1341200953857418,50
921550,-9.356971264905956,50
921600,-2.5459067760009413,50
921650,-4.735318859703804,50
921700,-9.69385540235572,50
921750,-7.441609784756681,50
921800,-3.022634886696831,50
921850,-9.19873493187636,50
921900,-6.191315773398156,50
921950,-6.561995002130385,50
922000,-9.237566100844441,50
922050,-11.657961000819453,50
922100,-9.41352012264625,50
922150,-7.580659486869064,50
922200,-4.588271139369543,50
922250,-6.863473885094178,50
922300,-7.4619249605352636,50
922350,-9.090670132938378,50
922400,-6.191834682064098,50
922450,-6.327624049595524,50
922500,-7.925739037816839,50
922550,-5.481803650390667,50
922600,-7.325586539712901,50
922650,-5.554259923995154,50
922700,-6.821038373272236,50
922750,-5.129120922074005,50
922800,-6.149991396794365,50
922850,-7.954666382808473,50
922900,-5.247049273202378,50
922950,-6.572381070909349,50
923000,-5.504569060105121,50
923050,-7.840121812660238,50
923100,-5.3018602967062165,50
923150,-9.421633745840532,50
923200,-8.789611581715171,50
923250,-7.8248473895414135,50
923300,-10.20668052097453,50
923350,-4.8308546457098975,50
923400,-6.985216883457985,50
923450,-9.803107026698221,50
923500,-2.241646088181388,50
923550,-10.158287017515004,50
923600,-6.511545105129109,50
923650,-6.271221208052559,50
923700,-2.6489567282270436,50
923750,-5.791081800191936,50
923800,-5.841918126000003,50
923850,-6.378134696583409,50
923900,-6.2689151825446245,50
923950,-10.141409962713855,50
924000,-6.28801023308748,50
924050,-5.327231659430775,50
924100,-4.056523874165581,50
924150,-5.337343288442793,50
924200,-8.568604660226,50
924250,-3.0207533051234,50
924300,-8.356912306906144,50
924350,-6.431883706790425,50
924400,-4.040779848918728,50
924450,-8.669218873572818,50
924500,-2.466792897337559,50
924550,-2.6696559326362337,50
924600,-8.634158968224977,50
924650,-9.132930738833258,50
924700,-1.9504236875415535,50
924750,-6.095814172517726,50
924800,-1.8598922886160874,50
924850,-3.240220214937124,50
924900,-5.254455506336355,50
924950,-9.600506029354715,50
925000,-8.326559330261265,50
925050,-5.8919089457255955,50
925100,-6.375272450238369,50
925150,-2.3352244663748927,50
925200,-5.421952897594928,50
925250,-7.879035804566954,50
925300,-4.142468583331315,50
925350,-6.886822614980796,50
925400,-4.6604629509803175,50
925450,-7.808571218590755,50
925500,-7.777007313867115,50
925550,-9.583784868390067,50
925600,-6.485612252221414,50
925650,-5.684023126970084,50
925700,-12.125570338248776,50
925750,-8.963898419940227,50
925800,-3.1540951085725872,50
925850,-6.560514454649454,50
925900,-5.439885684642624,50
925950,-5.927391639951871,50
926000,-6.392163546286321,50
926050,-8.639348946517021,50
926100,-6.46508976025313,50
926150,-10.02482661552628,50
926200,-4.733430003012324,50
926250,-6.0706463292901525,50
926300,-6.431373052051486,50
926350,-5.8753165430581085,50
926400,-9.225677226916,50
926450,-4.781807616886413,50
926500,-7.824406437699737,50
926550,-6.634400058093782,50
926600,-7.347650054372023,50
926650,-6.546020152201637,50
926700,-6.110434058919972,50
926750,-6.894998148593729,50
926800,-5.6907015953898235,50
926850,-5.816197938187851,50
926900,-3.4102740083050183,50
926950,-9.539450661293765,50
927000,-8.803362174473184,50
927050,-5.470329339283897,50
927100,-5.804508621243672,50
927150,-6.195832908044391,50
927200,-3.8061813105689617,50
927250,-5.517865887497446,50
927300,-2.206617083847832,50
927350,-9.330549321223268,50
927400,-3.374237778035315,50
927450,-6.50299272755384,50
927500,-2.760597357440212,50
927550,-3.41673290808607,50
927600,-5.236909167384425,50
927650,-9.929017427865482,50
927700,-5.283696903352848,50
927750,-7.281943787091931,50
927800,-5.689653866815137,50
927850,-7.6165275009802205,50
927900,-3.1161995400027473,50
927950,-4.058447277245466,50
928000,-3.751105755107671,50
928050,-4.671124618844375,50
928100,-4.872878258612357,50
928150,-4.437703361211678,50
928200,-7.121449501287516,50
928250,-8.022564255349872,50
928300,-4.922490181524127,50
928350,-4.624450880959568,50
928400,-9.405750878127623,50
928450,-4.858520471287028,50
928500,-5.596876717319379,50
928550,-6.399069520857883,50
928600,-4.937315590201705,50
928650,-7.406982230494438,50
928700,-6.064598980145469,50
928750,-4.580497753427237,50
928800,-5.073044535555515,50
928850,-5.165590097176151,50
928900,-3.9217546562297785,50
928950,-4.715636644937951,50
929000,-9.595889079178669,50
929050,-6.282092201426998,50
929100,-5.09777070466265,50
929150,-5.7728257732346355,50
929200,-10.420188471294187,50
929250,-6.34169220809127,50
929300,-6.998850020258164,50
929350,-4.061730718591266,50
929400,-9.396591492153144,50
929450,-5.722025485101795,50
929500,-9.63507660279307,50
929550,-6.420035417632429,50
929600,-5.433664221097226,50
929650,-9.695293283919327,50
929700,-6.971175416134829,50
929750,-1.6615405022439547,50
929800,-5.294162552540365,50
929850,-6.724494867039183,50
929900,-4.216083825427162,50
929950,-8.70116015449411,50
930000,-9.774824893344677,50
930050,-4.775776580783093,50
930100,-5.985516821580541,50
930150,-8.203669153790644,50
930200,-8.30381743113836,50
930250,-6.487048396377503,50
930300,-7.145801322908301,50
930350,-6.616359970186242,50
930400,-6.052784326440614,50
930450,-9.932478909706832,50
930500,-9.407393390966922,50
930550,-6.8585601999987515,50
930600,-6.395137372417515,50
930650,-4.564623861146241,50
930700,-1.4705200497069508,50
930750,-10.218815928328373,50
930800,-9.404484638840968,50
930850,-9.882044027073183,50
930900,-8.740741913191197,50
930950,-8.919969737021884,50
931000,-7.5914624494535445,50
931050,-8.509546739796093,50
931100,-3.4880375320127452,50
931150,-5.383857594654841,50
931200,-7.325587593593464,50
931250,-2.1715307013221614,50
931300,-3.796600485675032,50
931350,-3.718599860245174,50
931400,-8.814381504743057,50
931450,-7.370307883880088,50
931500,-4.904527771951983,50
931550,-6.538113435395724,50
931600,-5.244552076794067,50
931650,-3.5101410686269077,50
931700,-4.554920708280202,50
931750,-6.986413512244336,50
931800,-9.415778297876653,50
931850,-6.055089039845521,50
931900,-8.748662240403048,50
931950,-5.772706477631565,50
932000,-6.3917105699188665,50
932050,-4.87536650043246,50
932100,-8.623370295954935,50
932150,-4.634532580369613,50
932200,-9.476812880061791,50
932250,-6.860460891291181,50
932300,-2.074518960621121,50
932350,-1.3666083671364182,50
932400,-7.940784816425842,50
932450,-2.60280814030319,50
932500,-4.331321728434961,50
932550,-5.916236507701526,50
932600,-5.66786257847915,50
932650,-1.9359973145359468,50
932700,-6.545157901338892,50
932750,-4.625738524261173,50
932800,-1.9213361932493214,50
932850,-5.205190866365583,50
932900,-5.862562960639494,50
932950,-7.925214308638322,50
933000,-8.27475832760143,50
933050,-5.8039498916854475,50
933100,-9.70191954829298,50
933150,-4.702539001162347,50
933200,-7.479446399659158,50
933250,-7.400105331643344,50
933300,-8.304036476835943,50
933350,-4.184165523668098,50
933400,-0.8601086243845297,50
933450,-5.684838111552806,50
933500,-2.9550163258408193,50
933550,-2.8945036495864276,50
933600,-8.769658708643616,50
933650,-4.759473222948371,50
933700,-9.671597944036609,50
933750,-5.061531037185836,50
933800,-7.566672976888245,50
933850,-6.411736769401673,50
933900,-8.981726143107588,50
933950,-3.84764298573211,50
934000,-1.8670346653955663,50
934050,-1.5040315930031312,50
934100,-4.7429396431727655,50
934150,-6.482955814131955,50
934200,-5.717107089172257,50
934250,-6.389084938880303,50
934300,-7.808987593995503,50
934350,-8.188600932263592,50
934400,-5.400415742741423,50
934450,-5.741241177608361,50
934500,-3.3946274979646747,50
934550,-7.043991381095457,50
934600,-8.53046409681764,50
934650,-5.621192146755802,50
934700,-9.79709913372169,50
934750,-10.262521010110511,50
934800,-7.550636548979837,50
934850,-2.6179330904101423,50
934900,-4.652710783874446,50
934950,-6.425492436065331,50
935000,-5.208007881131278,50
935050,-1.4359540039773695,50
935100,-3.8701297253965645,50
935150,-2.748468997067359,50
935200,-6.252630395080604,50
935250,-6.850288304250046,50
935300,-9.096385429537385,50
935350,-3.200889016816027,50
935400,-7.386560868595982,50
935450,-1.9933597109667762,50
935500,-3.59269074241445,50
935550,-9.275820116539109,50
935600,-5.170737338961907,50
935650,-2.5431394701567225,50
935700,-7.888566078797879,50
935750,-5.330683314111872,50
935800,-6.644503648774181,50
935850,-8.290104611717561,50
935900,-9.592237564298966,50
935950,-7.533655799507045,50
936000,-7.865563453926122,50
936050,-8.316151301984448,50
936100,-5.280434187744263,50
936150,-8.60453803067239,50
936200,-5.041126409529995,50
936250,-6.8118487154488205,50
936300,-3.019961280565038,50
936350,-6.269305977968465,50
936400,-5.14815679652844,50
936450,-4.749246746766583,50
936500,-9.666074981204044,50
936550,-7.653582899659906,50
936600,-8.67690825691965,50
936650,-4.995191259920102,50
936700,-8.938009501554482,50
936750,-8.020576009321118,50
936800,-5.168230188237214,50
936850,-6.381789240097197,50
936900,-5.068823265639377,50
936950,-2.079081558650654,50
937000,-8.72016598768377,50
937050,-8.837262605419731,50
937100,-6.068642432353625,50
937150,-6.422243399488579,50
937200,-2.5001165654106843,50
937250,-5.323346300772047,50
937300,-9.888158059931268,50
937350,-8.130248693098755,50
937400,-1.7575404663963914,50
937450,-4.929067372225514,50
937500,-1.0218161551280884,50
937550,-9.043259676464,50
937600,-5.791399436335389,50
937650,-5.742312998413321,50
937700,-5.924948799477891,50
937750,-3.913480743832444,50
937800,-9.06154465237995,50
937850,-5.9934011517519705,50
937900,-5.830396581322394,50
937950,-7.517633367071025,50
938000,-8.354082885799123,50
938050,-6.749107089371308,50
938100,-4.852597046778903,50
938150,-6.125488069412184,50
938200,-5.598815003292938,50
938250,-5.5182516582107874,50
938300,-6.276496986091478,50
938350,-4.539486154363864,50
938400,-8.953375457068859,50
938450,-7.284787669602212,50
938500,-1.7694524639568698,50
938550,-5.463183118530791,50
938600,-4.919420486612659,50
938650,-9.149751006253839,50
938700,-5.059617546658105,50
938750,-7.436518601760842,50
938800,-6.635716754038011,50
938850,-2.6382545266837343,50
938900,-5.227899726251069,50
938950,-7.926988554885848,50
939000,-6.563477461794443,50
939050,-4.6982351220794,50
939100,-5.173495070673323,50
939150,-3.795190500795075,50
939200,-6.580841104679806,50
939250,-9.631128887854807,50
939300,-4.0567050563316345,50
939350,-6.376254070466564,50
939400,-2.697158160858993,50
939450,-6.243948684174519,50
939500,-5.344807057671849,50
939550,-5.505823055455906,50
939600,-9.427481787320803,50
939650,-5.885828952032064,50
939700,-7.469554579872045,50
939750,-8.308769535811553,50
939800,-3.4043511375705666,50
939850,-5.258235225735328,50
939900,-6.48543122723473,50
939950,-8.815499382095217,50
940000,-9.042268793480273,50
940050,-5.864601114763998,50
940100,-8.086144401834343,50
940150,-7.35143698630818,50
940200,-10.648734801374156,50
940250,-2.3737882403743895,50
940300,-7.2342858075956435,50
940350,-7.411433346019629,50
940400,-6.2130003748314575,50
940450,-8.072706789050805,50
940500,-6.3459619565836425,50
940550,-6.446478283435998,50
940600,-2.433713877547658,50
940650,-6.105291685114423,50
940700,-9.033120485307885,50
940750,-8.4631039364495,50
940800,-5.281029111672656,50
940850,-6.176072321910447,50
940900,-7.348703466595189,50
940950,-6.501970281903123,50
941000,-9.741952523505951,50
941050,-7.733651436952552,50
941100,-3.353450432496677,50
941150,-8.345021092489345,50
941200,-3.8073248589865023,50
941250,-9.89687444886675,50
941300,-5.258244346466631,50
941350,-5.443385283181029,50
941400,-4.225868243587668,50
941450,-1.3407696749248386,50
941500,-5.677384551659962,50
941550,-4.6172000766838615,50
941600,-5.908011033032276,50
941650,-9.20078203780936,50
941700,-9.832394558440653,50
941750,-2.4645528498556604,50
941800,-5.834616022575821,50
941850,-7.666535236956653,50
941900,-5.206428813376428,50
941950,-1.4700589569063938,50
942000,-5.040711560368447,50
942050,-9.645960828834628,50
942100,-8.048515116371398,50
942150,-7.770651116669654,50
942200,-9.459825413080054,50
942250,-9.637805354493192,50
942300,-7.484375512266725,50
942350,-9.496563884600178,50
942400,-5.7350463217851955,50
942450,-1.7558133261830864,50
942500,-10.35891503495393,50
942550,-5.216055642063856,50
942600,-7.435686369296297,50
942650,-6.4584911762587405,50
942700,-9.26066268990647,50
942750,-2.2486059669081193,50
942800,-4.3736646249846745,50
942850,-6.97322415116554,50
942900,-4.722641763126432,50
942950,-7.691034455389166,50
943000,-7.170481090374256,50
943050,-6.037041679856865,50
943100,-7.656838750105695,50
943150,-6.1238835763927675,50
943200,-3.6530886312368183,50
943250,-3.648104364341841,50
943300,-8.214546614679618,50
943350,-8.837391181997198,50
943400,-9.372709498343285,50
943450,-8.769143087084561,50
943500,-1.1937453214848808,50
943550,-6.6542869190872285,50
943600,-2.780897767016854,50
943650,-9.036914100655965,50
943700,-7.449154803237329,50
943750,-5.0344315418962475,50
943800,-6.195309699037365,50
943850,-9.90988540520176,50
943900,-5.282470228606688,50
943950,-8.090160726743477,50
944000,-6.398905308779866,50
944050,-7.425297421030255,50
944100,-8.791672735134439,50
944150,-4.9944078600399715,50
944200,-3.8501264447152694,50
944250,-4.903773363756589,50
944300,-5.9798371829614645,50
944350,-7.024161627822678,50
944400,-3.0872065352028875,50
944450,-9.065400681621043,50
944500,-2.739001073412669,50
944550,-9.07533682302303,50
944600,-5.493418924359488,50
944650,-6.60828143991804,50
944700,-3.7758574644761773,50
944750,-6.554403009019709,50
944800,-5.504821266413041,50
944850,-5.798557323769629,50
944900,-4.589894678171062,50
944950,-9.25476293259682,50
945000,-8.50283737977163,50
945050,-1.5594502370855918,50
945100,-6.056095301665756,50
945150,-4.529179793151608,50
945200,-4.976397163249973,50
945250,-6.889756383875532,50
945300,-10.415567031998831,50
945350,-6.87247841096202,50
945400,-9.344238535103592,50
945450,-10.37953548621928,50
945500,-8.583428598587446,50
945550,-4.880070340335874,50
945600,-6.674074105868129,50
945650,-9.533672143082887,50
945700,-5.638880377032535,50
945750,-6.259074520005019,50
945800,-5.718183218180707,50
945850,-8.550498455391294,50
945900,-5.567395242761374,50
945950,-6.083173730713974,50
946000,-7.083879376764466,50
946050,-6.241628890586422,50
946100,-8.54881901456816,50
946150,-3.4386329057328764,50
946200,-4.11972503033884,50
946250,-5.941008786566893,50
946300,-6.210694032418516,50
946350,-6.55049116595155,50
946400,-6.2545910090530255,50
946450,-5.8715537335884775,50
946500,-5.755833655482518,50
946550,-2.613387216955956,50
946600,-8.637287043578652,50
946650,-5.192738763096219,50
946700,-7.698238570517443,50
946750,-4.218169402788457,50
946800,-8.261152595449323,50
946850,-7.03590031921806,50
946900,-1.3329531727442265,50
946950,-2.632836285235421,50
947000,-6.0808927509585455,50
947050,-1.2227290015407961,50
947100,-2.805329930493287,50
947150,-8.19674270179681,50
947200,-6.413430977090982,50
947250,-9.828408028100451,50
947300,-7.957644706664858,50
947350,-7.69150420017732,50
947400,-8.50521468872471,50
947450,-4.411410169807277,50
947500,-8.528274131200533,50
947550,-4.65656981438462,50
947600,-2.221323000167677,50
947650,-5.643436408583471,50
947700,-3.2604991009767508,50
947750,-7.349748581662917,50
947800,-5.854331122358485,50
947850,-8.878691426117578,50
947900,-7.804087533714946,50
947950,-2.803066564978184,50
948000,-5.127065593651432,50
948050,-7.560650489246277,50
948100,-2.8627021002906656,50
948150,-7.248377970230051,50
948200,-7.65418720309526,50
948250,-2.3609650933067745,50
948300,-2.2549320719231134,50
948350,-4.608442275568573,50
948400,-6.624286359787586,50
948450,-3.6099605097880274,50
948500,-3.6584605372182697,50
948550,-4.688037672583931,50
948600,-5.975975847492299,50
948650,-7.538326941265114,50
948700,-3.8647429781900957,50
948750,-5.899571680112465,50
948800,-6.118400799306108,50
948850,-4.157348119852071,50
948900,-7.101521395885409,50
948950,-5.999478282440014,50
949000,-9.776698888616677,50
949050,-4.665372631497385,50
949100,-8.421968207937894,50
949150,-4.286549625456665,50
949200,-4.753232718018323,50
949250,-5.006483162794514,50
949300,-8.649415440800334,50
949350,-4.334659181586205,50
949400,-4.557742636779182,50
949450,-7.780134234482111,50
949500,-6.604494213138414,50
949550,-6.613344495157443,50
949600,-7.1433474936352175,50
949650,-3.781724888425745,50
949700,-2.681436990327654,50
949750,-4.797953946883251,50
949800,-8.667109036146881,50
949850,-3.153739621388747,50
949900,-5.111372428991701,50
949950,-6.4677930733519995,50
950000,-5.656725684470432,50
950050,-3.855760194273977,50
950100,-8.146547142909798,50
950150,-7.618996904209639,50
950200,-4.604014365596208,50
950250,-4.198012698162883,50
950300,-8.011503206140802,50
950350,-14.3961437318215,50
950400,-5.69654666553819,50
950450,-1.4742510651581366,50
950500,-9.72047992718334,50
950550,-5.947792861150968,50
950600,-5.010175618684715,50
950650,-4.603802190425466,50
950700,-1.7875824091219064,50
950750,-5.194409920036381,50
950800,-1.300148411393257,50
950850,-1.770853309500706,50
950900,-7.897939559885395,50
950950,-5.740046549768266,50
951000,-6.628914170473882,50
951050,-5.479770010134498,50
951100,-10.122592158731795,50
951150,-8.572222632025476,50
951200,-7.245029917343758,50
951250,-2.818522640441718,50
951300,-8.275823368364188,50
951350,-5.209368571286097,50
951400,-4.226809205657361,50
951450,-7.371753644477505,50
951500,-3.5545739208526506,50
951550,-4.526931069743439,50
951600,-6.613585006987537,50
951650,-3.7283417957542175,50
951700,-3.646073892018046,50
951750,-4.983105854467627,50
951800,-6.41757113352456,50
951850,-1.8644741004558292,50
951900,-5.350349351943469,50
951950,-6.4344872914014335,50
952000,-2.545904927058211,50
952050,-7.2016633764306945,50
952100,-1.6346863745743507,50
952150,-9.887247174221745,50
952200,-1.0382638636328465,50
952250,-3.7425344366535582,50
952300,-10.070810307680429,50
952350,-8.626649398036742,50
952400,-2.1496420679089585,50
952450,-7.070899347290368,50
952500,-9.485598174334173,50
952550,-6.545213781935602,50
952600,-9.880279405304073,50
952650,-6.04550866757846,50
952700,-6.0592402462558494,50
952750,-6.30937854945091,50
952800,-9.591121732953606,50
952850,-8.482293353235148,50
952900,-5.587331918872557,50
952950,-8.060552982774743,50
953000,-3.1361658499988367,50
953050,-6.396753360429036,50
953100,-8.607492435248105,50
953150,-6.621226599303348,50
953200,-5.808012213418298,50
953250,-4.373811451024068,50
953300,-6.633612366333338,50
953350,-2.20570490983147,50
953400,-5.147251962011684,50
953450,-5.708233600062824,50
953500,-6.763027432417305,50
953550,-7.235316826391168,50
953600,-5.431537485291442,50
953650,-2.2613514936899635,50
953700,-6.859412788863829,50
953750,-4.336181410681017,50
953800,-7.101409121899532,50
953850,-7.722440943873547,50
953900,-8.58967094372639,50
953950,-6.516942779149656,50
954000,-6.116993695450139,50
954050,-8.851733326616813,50
954100,-4.296849731965965,50
954150,-6.6731657711263015,50
954200,-7.811110703542859,50
954250,-9.026206813434284,50
954300,-5.661873317735241,50
954350,-3.1627317092400387,50
954400,-9.575695456705555,50
954450,-8.555977049909218,50
954500,-5.562792442535134,50
954550,-7.289876683235518,50
954600,-8.053270838461273,50
954650,-2.5717521482566146,50
954700,-3.3586702335188687,50
954750,-5.172307915432472,50
954800,-5.938326735608343,50
954850,-4.552884463545206,50
954900,-4.738334934184361,50
954950,-6.354193748425117,50
955000,-6.732058102864864,50
955050,-5.252981597717104,50
955100,-9.476525074053473,50
955150,-8.36836989410319,50
955200,-2.601464954816058,50
955250,-8.905019090641526,50
955300,-6.512635858787196,50
955350,-5.521120129172024,50
955400,-8.86749531020652,50
955450,-4.783211372006574,50
955500,-5.229803481209644,50
955550,-10.401113171741969,50
955600,-5.299335948708511,50
955650,-3.441676859495906,50
955700,-6.828074112571518,50
955750,-8.919642314277546,50
955800,-5.498490948436186,50
955850,-9.47883485197822,50
955900,-1.5594099928782663,50
955950,-2.336734196609351,50
956000,-8.917263316902655,50
956050,-5.103486370739778,50
956100,-9.368381782469104,50
956150,-2.1863620731602933,50
956200,-6.946119133516697,50
956250,-5.386241173172086,50
956300,-5.589954560121062,50
956350,-6.441265772834371,50
956400,-8.409373764335996,50
956450,-5.595955299331192,50
956500,-7.425675710049716,50
956550,-7.516349161287117,50
956600,-2.8554884934278446,50
956650,-6.307565672461913,50
956700,-9.703235089487327,50
956750,-4.989642050750951,50
956800,-5.85207497776686,50
956850,-2.729862614152363,50
956900,-2.9546013217597746,50
956950,-5.509440476946558,50
957000,-6.286200493605688,50
957050,-10.542705588985264,50
957100,-6.203557251130964,50
957150,-5.800174592644764,50
957200,-6.505913604518309,50
957250,-5.442847413886627,50
957300,-2.9770848636336016,50
957350,-9.132443916539644,50
957400,-5.33316100760082,50
957450,-6.351345441711039,50
957500,-9.045697949444115,50
957550,-1.6714086406269801,50
957600,-6.788371246295067,50
957650,-10.728399389332122,50
957700,-8.70886221455608,50
957750,-9.191649543630128,50
957800,-7.346168008804622,50
957850,-5.397288035964037,50
957900,-5.659429226436717,50
957950,-7.252297340548819,50
958000,-6.333668216003018,50
958050,-3.7326203883019113,50
958100,-5.033478450620696,50
958150,-6.817935034730272,50
958200,-4.487892370651714,50
958250,-7.406801256070032,50
958300,-5.978250203646049,50
958350,-3.704589565078798,50
958400,-3.3539046808090656,50
958450,-5.929178474348405,50
958500,-5.50366683573586,50
958550,-8.059403391990921,50
958600,-5.775753493107451,50
958650,-3.8963039436183333,50
958700,-6.238062061370801,50
958750,-6.973361969016329,50
958800,-9.255092228050309,50
958850,-5.944722681685099,50
958900,-2.889953321423715,50
958950,-5.997258208649208,50
959000,-4.505357676874003,50
959050,-7.888395728738751,50
959100,-5.004572194177986,50
959150,-5.509010135653034,50
959200,-8.33466842013369,50
959250,-3.7729743412253347,50
959300,-10.599761286418763,50
959350,-3.242828186116162,50
959400,-6.088893903483228,50
959450,-5.567902111417862,50
959500,-9.063246046273925,50
959550,-4.496670552025828,50
959600,-9.893317274384833,50
959650,-4.151336943758584,50
959700,-4.893044437558415,50
959750,-3.8993123781382897,50
959800,-6.6326236417505315,50
959850,-9.748299354381116,50
959900,-10.598888975801422,50
959950,-5.536313696560961,50
960000,-6.223865322391414,50
960050,-9.676145269246534,50
960100,-6.049622715714788,50
960150,-10.205090157793336,50
960200,-2.9004087685027975,50
960250,-8.445580965796594,50
960300,-9.891965927522557,50
960350,-5.3890545948381225,50
960400,-5.51705954813669,50
960450,-4.280402166296041,50
960500,-4.105809087910846,50
960550,-9.790714621448105,50
960600,-5.910703019598244,50
960650,-3.271999197856179,50
960700,-8.995268965701486,50
960750,-2.560733125944005,50
960800,-9.541885460389718,50
960850,-3.6493148953038927,50
960900,-8.783570596430485,50
960950,-8.911615377396135,50
961000,-5.512986462135809,50
961050,-8.083024329969707,50
961100,-8.92588805373251,50
961150,-8.811759354492347,50
961200,-6.4250607829793065,50
961250,-2.4193636808570758,50
961300,-1.4482676369290255,50
961350,-5.950558015138237,50
961400,-9.955330004244647,50
961450,-5.717916104442031,50
961500,-4.4831804963406645,50
961550,-4.842394098793022,50
961600,-4.842383603124601,50
961650,-6.109060530327732,50
961700,-5.793720183644215,50
961750,-5.9950450320209185,50
961800,-9.463594745690541,50
961850,-7.5919668686807205,50
961900,-10.226741620127227,50
961950,-6.640091000295825,50
962000,-13.644440221266935,50
962050,-1.2606882688843357,50
962100,-7.5496192030063005,50
962150,-4.78239485001556,50
962200,-6.63737379837639,50
962250,-5.688267414248877,50
962300,-6.012253999123963,50
962350,-7.129498503646986,50
962400,-6.090908201444871,50
962450,-5.912789662908152,50
962500,-6.491278621613293,50
962550,-4.96372375859709,50
962600,-4.69171364269204,50
962650,-8.014884326075574,50
962700,-3.0474715408929502,50
962750,-5.219245227703701,50
962800,-10.003729780939826,50
962850,-5.23208863856031,50
962900,-7.362509485738086,50
962950,-5.7471349448604165,50
963000,-3.5625324311265114,50
963050,-4.926820591083914,50
963100,-4.866484891058236,50
963150,-6.49683040697965,50
963200,-4.31803801328066,50
963250,-3.1924225839446145,50
963300,-5.0792458193992465,50
963350,-8.510999720121381,50
963400,-8.048163363278727,50
963450,-4.226676273862926,50
963500,-4.9252303329649045,50
963550,-4.062903841317211,50
963600,-7.030015984442944,50
963650,-3.132433163055062,50
963700,-9.802089703544228,50
963750,-4.906238130300081,50
963800,-5.392971850368198,50
963850,-9.544450034430097,50
963900,-4.423717499793891,50
963950,-5.457354378066079,50
964000,-7.748273272637207,50
964050,-9.017562993188768,50
964100,-5.767939502813412,50
964150,-9.201893554886695,50
964200,-5.936738324136228,50
964250,-4.552391510215486,50
964300,-6.541820529907864,50
964350,-7.8487059007002635,50
964400,-5.297774877815563,50
964450,-6.2290988430579715,50
964500,-5.811259023793985,50
964550,-4.374056227977419,50
964600,-5.519325569001719,50
964650,-7.548952435016491,50
964700,-7.611983182097425,50
964750,-7.231866069213187,50
964800,-4.2442090527333045,50
964850,-6.22433201651494,50
964900,-5.925580343450958,50
964950,-6.323004422335153,50
965000,-7.162463415008651,50
965050,-5.6505948464483575,50
965100,-4.991002064782747,50
965150,-4.373802771494513,50
965200,-7.068995786666983,50
965250,-7.686328834036455,50
965300,-3.397337632116311,50
965350,-3.5889446129277403,50
965400,-9.626134915571624,50
965450,-2.490291577092518,50
965500,-5.702932118751021,50
965550,-4.0124940007376235,50
965600,-6.1149768451124356,50
965650,-2.394479358571738,50
965700,-7.188789681551387,50
965750,-6.853203989186757,50
965800,-9.579256898132419,50
965850,-5.559982916267778,50
965900,-7.66122150906342,50
965950,-11.108998890291872,50
966000,-8.160255583847725,50
966050,-6.81061490010544,50
966100,-8.57810046961338,50
966150,-5.255937110585479,50
966200,-8.603437058521788,50
966250,-4.597306016788281,50
966300,-6.157026195290697,50
966350,-8.395943147684411,50
966400,-10.092346222974106,50
966450,-4.082074648461134,50
966500,-5.733046227928034,50
966550,-8.400775258438655,50
966600,-5.421202834440682,50
966650,-6.036600072858829,50
966700,-10.945997333830553,50
966750,-6.363229939475911,50
966800,-7.985624673619333,50
966850,-7.388953916474339,50
966900,-7.639944390694774,50
966950,-5.654915411107819,50
967000,-6.741278372830774,50
967050,-3.5172713987708315,50
967100,-6.842795752005201,50
967150,-0.8868027531577524,50
967200,-3.1185141130560265,50
967250,-10.024102443735531,50
967300,-7.482431111980385,50
967350,-3.865113435731577,50
967400,-4.632463072938241,50
967450,-5.660248012911526,50
967500,-9.481783005707634,50
967550,-5.871163351477212,50
967600,-7.058512622847429,50
967650,-5.197263567164438,50
967700,-6.350961735076281,50
967750,-6.2236580118878,50
967800,-4.86960541547086,50
967850,-6.152575487156035,50
967900,-8.299543079923643,50
967950,-9.62551215571079,50
968000,-7.810874816464158,50
968050,-7.919088619737339,50
968100,-5.6418720596695895,50
968150,-5.311785757154974,50
968200,-10.973702670584643,50
968250,-6.190878286683646,50
968300,-3.815582994184921,50
968350,-5.8546352677277875,50
968400,-8.178687558450395,50
968450,-8.420391915548153,50
968500,-3.6584387243630436,50
968550,-6.104938287781811,50
968600,-7.995591643066772,50
968650,-6.687149455488426,50
968700,-9.836993663368242,50
968750,-5.303436493644818,50
968800,-9.286068883260347,50
968850,-9.805684947655903,50
968900,-7.72423771366198,50
968950,-4.698890622635557,50
969000,-5.388722713372223,50
969050,-6.586584842380996,50
969100,-4.466537675193706,50
969150,-5.390210276916145,50
969200,-8.083346754460829,50
969250,-5.783442462882506,50
969300,-4.964980650491736,50
969350,-5.52227649495534,50
969400,-10.300602762559828,50
969450,-7.502838700132327,50
969500,-6.283444973341602,50
969550,-8.609798970964839,50
969600,-5.824515622742824,50
969650,-7.120784966816057,50
969700,-6.587093387251157,50
969750,-7.593121970598547,50
969800,-2.693011153525596,50
969850,-6.436484261019255,50
969900,-5.172854605437158,50
969950,-5.748651692575273,50
970000,-3.0564425258897154,50
970050,-9.47047707325429,50
970100,-10.686200672556252,50
970150,-5.733882472463525,50
970200,-2.9886836656554565,50
970250,-4.719523419552161,50
970300,-4.878992365823047,50
970350,-1.8306881161715025,50
970400,-9.06419080390782,50
970450,-5.062981602601066,50
970500,-7.7765151290486685,50
970550,-8.007787200843133,50
970600,-9.439466868807088,50
970650,-4.792388872880648,50
970700,-10.028835653749947,50
970750,-6.152297480907435,50
970800,-5.772308441448675,50
970850,-3.845470076052993,50
970900,-7.159405463372265,50
970950,-8.388693924855751,50
971000,-8.969258738253279,50
971050,-6.593786401749982,50
971100,-4.02452101358105,50
971150,-10.255465491392352,50
971200,-3.0106269471027387,50
971250,-8.994759207027371,50
971300,-4.826827282037681,50
971350,-3.6347083713009454,50
971400,-6.600008968963801,50
971450,-6.943193324674952,50
971500,-5.664222800425946,50
971550,-10.586382068663003,50
971600,-6.606271189105954,50
971650,-6.417374753330576,50
971700,-3.2219017145084234,50
971750,-4.207105790010247,50
971800,-6.15645430574157,50
971850,-9.952867566884775,50
971900,-3.237486954097489,50
971950,-6.391104264237559,50
972000,-6.7010520822158535,50
972050,-6.004031837845688,50
972100,-5.283901730633726,50
972150,-4.85553646393305,50
972200,-6.852606300276179,50
972250,-6.705385111092613,50
972300,-2.7141584848572147,50
972350,-6.320456041249489,50
972400,-3.512226310114843,50
972450,-5.630785815969165,50
972500,-6.9061682789684316,50
972550,-6.706378970098791,50
972600,-7.423303150949901,50
972650,-6.660620665083013,50
972700,-5.718694225404076,50
972750,-4.953767964486494,50
972800,-5.701488195817675,50
972850,-8.88019630033399,50
972900,-6.414422002858177,50
972950,-1.175902897509523,50
973000,-8.379130191926055,50
973050,-5.289883075902147,50
973100,-7.478942265302359,50
973150,-7.048041605292777,50
973200,-8.78480733306397,50
973250,-5.768731566169376,50
973300,-8.095037036736365,50
973350,-9.954019131994677,50
973400,-5.407053659311301,50
973450,-6.5122205100473884,50
973500,-6.674198492307494,50
973550,-5.005049781632479,50
973600,-6.581000006134181,50
973650,-5.85425902309821,50
973700,-1.7058299176730245,50
973750,-10.167061871222385,50
973800,-8.023980750379458,50
973850,-7.691285009114874,50
973900,-5.146118865578128,50
973950,-7.363398907652268,50
974000,-10.211006541065172,50
974050,-8.372478712789947,50
974100,-9.610741578687074,50
974150,-7.036220958476093,50
974200,-6.975443501830067,50
974250,-4.788109381654163,50
974300,-2.0504799224516717,50
974350,-8.421945622815198,50
974400,-5.926973050699813,50
974450,-4.8008543442008715,50
974500,-2.390567712270553,50
974550,-5.58598347444926,50
974600,-5.173529786199738,50
974650,-4.726453358839407,50
974700,-8.527670100785247,50
974750,-9.65608192133575,50
974800,-2.091854053370825,50
974850,-6.454372513168327,50
974900,-5.9627818347111115,50
974950,-1.5681229148631572,50
975000,-6.854476239292133,50
975050,-6.7443502706255,50
975100,-6.754414002941344,50
975150,-1.1089428210560854,50
975200,-7.0926987410713,50
975250,-4.217527367953523,50
975300,-6.771129971270044,50
975350,-4.477851752550078,50
975400,-5.508047029749911,50
975450,-3.3184488790716635,50
975500,-3.9270835236817887,50
975550,-5.480282574821581,50
975600,-4.889166234942174,50
975650,-5.416883693254509,50
975700,-1.9633257753824782,50
975750,-6.491322365811548,50
975800,-6.512877084466764,50
975850,-5.019623893649961,50
975900,-9.739663954109162,50
975950,-7.487893196092153,50
976000,-8.169442420696836,50
976050,-4.098977251905456,50
976100,-8.927802987335946,50
976150,-2.2143142077625413,50
976200,-3.459140809681946,50
976250,-3.2096934713089875,50
976300,-4.779858469437294,50
976350,-7.692674314112823,50
976400,-3.056533623991412,50
976450,-2.834748153913687,50
976500,-7.6652693136456795,50
976550,-4.400361275501194,50
976600,-2.863717482610045,50
976650,-5.8629972157986,50
976700,-3.74201154981585,50
976750,-3.4461198779597066,50
976800,-9.583699521169743,50
976850,-7.064451318240331,50
976900,-8.436942323214502,50
976950,-6.999540690028463,50
977000,-5.84769353241037,50
977050,-2.7932239345879886,50
977100,-5.736998907200505,50
977150,-10.495686286038229,50
977200,-8.15281740311027,50
977250,-6.430177808804869,50
977300,-3.095823066241603,50
977350,-5.704016045986527,50
977400,-10.33414625658627,50
977450,-7.722450148454939,50
977500,-4.804799899240638,50
977550,-11.029918667084349,50
977600,-8.367790106130428,50
977650,-2.349325825635033,50
977700,-8.043556305604056,50
977750,-5.841958890018156,50
977800,-6.62945132522573,50
977850,-9.143623007555263,50
977900,-3.5303493077747086,50
977950,-6.2928396783348814,50
978000,-7.772278146318577,50
978050,-4.826230095242035,50
978100,-9.448774609955006,50
978150,-8.922066158727144,50
978200,-10.153228414440184,50
978250,-4.868220744293574,50
978300,-7.95106230918514,50
978350,-7.810088699111467,50
978400,-5.229850477334602,50
978450,-4.8779689679192515,50
978500,-11.232475034644981,50
978550,-5.056877718821965,50
978600,-7.849349006019573,50
978650,-5.974882195212923,50
978700,-8.852914419499749,50
978750,-5.365815605117725,50
978800,-4.8023500330091355,50
978850,-5.16209352052987,50
978900,-5.9203768518781175,50
978950,-2.567782662335596,50
979000,-4.1824341503371905,50
979050,-6.680766813973961,50
979100,-9.809399108483623,50
979150,-8.996536296523484,50
979200,-5.576720296048073,50
979250,-5.47654833595129,50
979300,-5.597730516052416,50
979350,-5.3836993486603895,50
979400,-5.835529300580003,50
979450,-4.666308733210415,50
979500,-4.8360572154389905,50
979550,-2.7205062160475895,50
979600,-6.264008636810297,50
979650,-8.827542835949597,50
979700,-5.0347549779942105,50
979750,-6.280276940249993,50
979800,-5.041097853487855,50
979850,-8.594418322881275,50
979900,-6.832458216185738,50
979950,-2.806101476121173,50
980000,-10.601386313560655,50
980050,-6.170758817635035,50
980100,-8.401682427736478,50
980150,-9.489786308908268,50
980200,-5.530741303557442,50
980250,-9.249927634255764,50
980300,-6.4027488064384634,50
980350,-6.252374943411575,50
980400,-4.9737563562068345,50
980450,-9.29655963773823,50
980500,-9.341638903690129,50
980550,-12.88896781325828,50
980600,-8.828642754100246,50
980650,-8.07772834767219,50
980700,-9.20808429039635,50
980750,-6.548562322112062,50
980800,-8.691406900605118,50
980850,-9.33129697715242,50
980900,-4.741726397226706,50
980950,-2.7294191741915412,50
981000,-5.663177618829811,50
981050,-3.7475274467778594,50
981100,-4.404435119365704,50
981150,-5.743336770004612,50
981200,-4.233066280846401,50
981250,-2.493345438485126,50
981300,-7.46696777323163,50
981350,-4.851173406387715,50
981400,-6.82194529186427,50
981450,-8.778841091193165,50
981500,-9.648411614352202,50
981550,-9.920892726824666,50
981600,-8.681390600530456,50
981650,-3.719596836036393,50
981700,-8.953353924479059,50
981750,-4.14533918336828,50
981800,-4.698544897661351,50
981850,-8.20336538713051,50
981900,-2.944667670724027,50
981950,-9.6377660201613,50
982000,-5.1076895805446325,50
982050,-5.2380253244435,50
982100,-1.9546799573042521,50
982150,-10.572597670951897,50
982200,-2.117405252786698,50
982250,-7.463462734112369,50
982300,-2.12033413607214,50
982350,-4.2676548444178035,50
982400,-5.692364283965529,50
982450,-5.553887224208431,50
982500,-8.006259845714789,50
982550,-5.618477705568913,50
982600,-2.0365930521242626,50
982650,-7.446160388319419,50
982700,-5.711825855582055,50
982750,-9.244767142992087,50
982800,-6.738760803317997,50
982850,-4.82813513413062,50
982900,-1.2668902059243425,50
982950,-5.548273490302186,50
983000,-4.35534949250696,50
983050,-7.723394018346484,50
983100,-9.790761386939607,50
983150,-8.163076408091312,50
983200,-7.276547975124903,50
983250,-7.010398623870615,50
983300,-5.694265482190168,50
983350,-5.924642343598419,50
983400,-3.850788694745698,50
983450,-7.981982958452108,50
983500,-7.353309253027435,50
983550,-8.938426239471472,50
983600,-7.59098473036742,50
983650,-5.48459168264066,50
983700,-6.83140405451313,50
983750,-9.89838883219526,50
983800,-5.673073851144992,50
983850,-4.270455102898903,50
983900,-6.427213035952042,50
983950,-3.1025843813213485,50
984000,-5.508404921943463,50
984050,-7.2324136918425435,50
984100,-4.836735793338108,50
984150,-5.6381347802663155,50
984200,-4.4335368912765984,50
984250,-1.8032168381451714,50
984300,-5.146211714869982,50
984350,-2.3347584554081124,50
984400,-7.581612661058174,50
984450,-10.552106609305444,50
984500,-9.148581454682772,50
984550,-7.706161321821342,50
984600,-6.214644968326196,50
984650,-6.408550107905738,50
984700,-9.130733380999722,50
984750,-4.462985466361168,50
984800,-4.33031010314628,50
984850,-8.790203414886582,50
984900,-5.631215112849506,50
984950,-9.316057364576004,50
985000,-9.049477748265728,50
985050,-1.6935040347560768,50
985100,-5.463178771741837,50
985150,-6.137645371452348,50
985200,-7.950513382902799,50
985250,-3.6398248098793307,50
985300,-5.430079899614463,50
985350,-7.8295693863402605,50
985400,-4.102282039083049,50
985450,-10.143063905905207,50
985500,-6.228563484703357,50
985550,-4.737272612165934,50
985600,-7.961444614031193,50
985650,-5.686370306340361,50
985700,-9.397901352834706,50
985750,-6.671887385774598,50
985800,-10.41605729715197,50
985850,-8.824222312452545,50
985900,-5.840771785535476,50
985950,-9.175948282210928,50
986000,-2.054911135427309,50
986050,-3.8686662830149983,50
986100,-1.9326934493148968,50
986150,-6.583183169189246,50
986200,-8.703539846133474,50
986250,-9.860321105006975,50
986300,-4.555988244255127,50
986350,-5.742247246193435,50
986400,-6.308168478740875,50
986450,-9.335238361718773,50
986500,-7.080023829220986,50
986550,-10.332419601686869,50
986600,-6.722280233401287,50
986650,-6.908495041814175,50
986700,-3.2729299060885744,50
986750,-6.735451169825198,50
986800,-8.380432413612814,50
986850,-10.106344042432688,50
986900,-4.294360016631333,50
986950,-9.304616958244564,50
987000,-4.475050080791138,50
987050,-6.220012835632627,50
987100,-6.566752223025486,50
987150,-7.3909369546326555,50
987200,-5.170388134958315,50
987250,-8.17362922445825,50
987300,-2.4585171428374535,50
987350,-8.557974386047896,50
987400,-2.62893087169176,50
987450,-3.0443557486921016,50
987500,-5.613824788955983,50
987550,-6.53833876123089,50
987600,-8.953136292392001,50
987650,-5.098981904415054,50
987700,-7.505777795376669,50
987750,-5.815087325077667,50
987800,-3.2529120449439595,50
987850,-10.111942267871104,50
987900,-8.361615957850839,50
987950,-5.376232558821824,50
988000,-1.51557408760487,50
988050,-8.32589179160832,50
988100,-9.843507847941865,50
988150,-5.6094389270174645,50
988200,-9.92548875979619,50
988250,-2.112629208975196,50
988300,-4.480070481335988,50
988350,-5.6812263333820825,50
988400,-3.6356806837841846,50
988450,-9.302594642043566,50
988500,-1.1844707042788665,50
988550,-6.7776993760084085,50
988600,-8.834946217272812,50
988650,-5.303547096283933,50
988700,-5.170723406261801,50
988750,-9.133932752100133,50
988800,-4.8406769691220495,50
988850,-5.056584902957127,50
988900,-7.872324568191479,50
988950,-4.366546958201486,50
989000,-11.358241685782252,50
989050,-9.499133740893955,50
989100,-5.0757622501619615,50
989150,-7.493709594663892,50
989200,-9.568419496202212,50
989250,-4.818016493081779,50
989300,-8.645019987260826,50
989350,-4.541384353208905,50
989400,-2.750897660214428,50
989450,-10.246688243867746,50
989500,-6.420032855760116,50
989550,-7.845992410888279,50
989600,-2.3649559538481797,50
989650,-6.771503764401781,50
989700,-2.510754164988234,50
989750,-6.39672583478001,50
989800,-11.79334026221315,50
989850,-7.227973859605324,50
989900,-10.615373373322354,50
989950,-6.234960933540368,50
990000,-1.9851644780738291,50
990050,-7.007640386348372,50
990100,-7.462867412187818,50
990150,-3.9393691555150343,50
990200,-10.629233576449616,50
990250,-8.184757915316228,50
990300,-7.312978330633958,50
990350,-9.742604007427989,50
990400,-2.430104110947425,50
990450,-8.24841061264229,50
990500,-4.387489463225931,50
990550,-2.9640882332989826,50
990600,-6.150674886771441,50
990650,-4.370937602151072,50
990700,-7.467396970571498,50
990750,-8.82906753437812,50
990800,-5.8192080822943755,50
990850,-9.94894740766349,50
990900,-4.0226458816540935,50
990950,-5.9176934468252975,50
991000,-5.981209135418256,50
991050,-5.789841543921468,50
991100,-7.030087439231496,50
991150,-7.396495916562884,50
991200,-3.3267404166179415,50
991250,-9.171113161911686,50
991300,-9.475382468160676,50
991350,-8.123974610842192,50
991400,-8.768585941906814,50
991450,-8.287563855036884,50
991500,-9.404167769877686,50
991550,-4.449485807608639,50
991600,-2.5661222365583725,50
991650,-3.3801415767144545,50
991700,-3.966438519692751,50
991750,-9.370802379155117,50
991800,-5.504448051571544,50
991850,-9.818844238962832,50
991900,-3.119805877528498,50
991950,-2.880394926516439,50
992000,-5.552064513565274,50
992050,-5.754209206605806,50
992100,-4.307072282348681,50
992150,-5.228678376958181,50
992200,-3.7473555436907873,50
992250,-6.98633599067164,50
992300,-7.8623925878464505,50
992350,-4.605961661370239,50
992400,-10.300763396872528,50
992450,-6.779165090376164,50
992500,-7.639575471311495,50
992550,-2.8633989849633363,50
992600,-6.89979237848227,50
992650,-3.146467939600232,50
992700,-9.11869471567439,50
992750,-1.5169543294458532,50
992800,-9.064512692018651,50
992850,-9.236318487005486,50
992900,-2.724285394822176,50
992950,-5.031425710804976,50
993000,-9.51403750522975,50
993050,-6.667790037657604,50
993100,-1.541147280189359,50
993150,-9.566070309500118,50
993200,-3.8990742916052388,50
993250,-8.566004243029683,50
993300,-5.000384860263816,50
993350,-5.522767326730363,50
993400,-8.085602032302704,50
993450,-8.303136394897763,50
993500,-8.68166855559441,50
993550,-1.8847823347328045,50
993600,-9.53034178831138,50
993650,-5.623549899123528,50
993700,-6.336632208747215,50
993750,-4.826295263814252,50
993800,-5.280819313224245,50
993850,-8.251872229249884,50
993900,-4.990695523457384,50
993950,-3.6282833559900265,50
994000,-7.906940273498828,50
994050,-13.540017947744053,50
994100,-10.614725797710017,50
994150,-6.294713767714051,50
994200,-1.4577591396999672,50
994250,-6.261552520736417,50
994300,-8.888581687657833,50
994350,-6.6804297793821465,50
994400,-3.6935852977112487,50
994450,-7.654230721509131,50
994500,-8.852286896156196,50
994550,-9.502171679374804,50
994600,-2.112188255411247,50
994650,-5.969733695065146,50
994700,-7.080785672794764,50
994750,-3.3103375539808475,50
994800,-7.300978154579478,50
994850,-5.653687731190794,50
994900,-5.386938906881429,50
994950,-4.799879132993332,50
995000,-9.188686895162196,50
995050,-9.337881155994197,50
995100,-9.245966710184787,50
995150,-5.57856139574627,50
995200,-5.922706042212148,50
995250,-5.664858813498656,50
995300,-9.737275922545114,50
995350,-2.747997605268798,50
995400,-7.227857901529434,50
995450,-4.805478135857033,50
995500,-6.839434497901883,50
995550,-2.503200042321311,50
995600,-6.269026700087561,50
995650,-4.900619954477889,50
995700,-5.8984160165427415,50
995750,-9.754802156674058,50
995800,-2.6197249676304293,50
995850,-3.964232278940467,50
995900,-6.702271784161149,50
995950,-6.6992781412598115,50
996000,-4.803432877537874,50
996050,-3.1170952792860396,50
996100,-4.792586973680785,50
996150,-4.261701921169106,50
996200,-7.398303232078868,50
996250,-7.1054551592430775,50
996300,-7.706760916209791,50
996350,-6.397391374449011,50
996400,-8.376506698740613,50
996450,-5.191596364386386,50
996500,-4.634465718586615,50
996550,-5.818011563090636,50
996600,-3.4525225973878317,50
996650,-6.7949496109072856,50
996700,-2.755470053559456,50
996750,-9.717777861514273,50
996800,-4.457784656758471,50
996850,-5.219109038646777,50
996900,-4.949587727462046,50
996950,-7.128171638983573,50
997000,-9.506780538530117,50
997050,-10.879237233385195,50
997100,-2.509983733921505,50
997150,-10.460681112393257,50
997200,-3.718421177208937,50
997250,-6.5559225677447985,50
997300,-5.360776753694994,50
997350,-8.378247389260341,50
997400,-5.100633188154861,50
997450,-5.554682571205905,50
997500,-6.216404438772166,50
997550,-6.165859156983621,50
997600,-4.267654513073775,50
997650,-7.46167031542163,50
997700,-8.28754735720858,50
997750,-8.864453867762354,50
997800,-10.394948410536657,50
997850,-6.50936808964688,50
997900,-4.423362929659352,50
997950,-6.328755313267343,50
998000,-6.474643089298786,50
998050,-8.076016030582478,50
998100,-2.146262805608053,50
998150,-9.875407954724134,50
998200,-7.717710581793057,50
998250,-6.4243897028024,50
998300,-2.739069758749784,50
998350,-5.68050932814087,50
998400,-2.917885871388987,50
998450,-6.093049474339973,50
998500,-5.414493369268449,50
998550,-8.352400355452767,50
998600,-9.38900979983074,50
998650,-10.109184733985918,50
998700,-5.878184465495685,50
998750,-5.153796596160477,50
998800,-3.2217214285011684,50
998850,-3.7343186164256545,50
998900,-5.950640719519433,50
998950,-1.9441226898010209,50
999000,-9.6024972207724,50
999050,-5.206974217972864,50
999100,-9.675717967846975,50
999150,-1.466273831743765,50
999200,-4.814388369001762,50
999250,-9.106749843245405,50
999300,-9.695858789298091,50
999350,-10.730312499960336,50
999400,-4.893343755945453,50
