global_step,return,length
18,-9.239024575090765,18
31,-6.369175402511102,13
46,-2.4463749790867206,15
56,-3.8932359305548587,10
74,4.012933441442402,18
84,-1.18910166737854,10
123,-0.3572967516596648,39
135,-0.5840397973271537,12
154,-3.711891409620532,19
173,4.16892003125962,19
192,-4.135010384661001,19
204,-6.476035861699763,12
227,3.5429033403565766,23
260,7.1643658782473105,33
331,-2.849677524850297,71
363,4.494798376776936,32
388,-0.2791635737003605,25
399,-3.4289549325179283,11
425,4.119309580665421,26
441,-7.601292713138973,16
463,-0.8015748006927785,22
477,1.0661833033104529,14
499,3.953744821872797,22
517,4.773753747886449,18
541,-6.848627712560199,24
556,1.072814446505113,15
566,-10.735017308983494,10
584,-1.9329106795724074,18
597,-0.16921214558647568,13
614,-7.03850040022583,17
644,2.5755852129007977,30
662,1.1133153220302918,18
689,3.872578860818044,27
705,5.466849108677966,16
718,-3.785866130177271,13
749,2.1076143471008955,31
765,-1.002030502192357,16
781,-7.929872709809183,16
801,-8.45224323602531,20
815,-1.71705377357898,14
824,-3.884303083240574,9
842,-12.434570280804362,18
863,2.738959693297432,21
883,-0.3276812297080076,20
903,2.44217890738497,20
919,4.619500567809207,16
928,-3.4596999550205383,9
944,4.925841642163582,16
955,1.0718584506232964,11
966,-6.7115733537730975,11
987,-2.9700415101702085,21
1036,11.694488385052873,49
1055,-9.212674779964985,19
1074,-4.56098196991566,19
1090,-8.166093459605756,16
1111,3.8663780169477233,21
1133,2.5724640579535802,22
1164,5.88570303610914,31
1185,12.447155488119451,21
1196,0.7028899798153407,11
1262,14.465692693683948,66
1284,5.443066874115786,22
1292,-3.447050148113581,8
1319,4.361436093146638,27
1330,0.4108354115803358,11
1355,5.072286839721522,25
1372,7.189640274983027,17
1405,7.433531038427059,33
1415,-4.74059803300667,10
1431,-5.295404967052089,16
1447,-5.499463355417863,16
1462,-3.147633150261762,15
1477,3.4984436770692406,15
1492,-4.207361553328401,15
1518,0.2873772717739207,26
1533,-0.4736100455916866,15
1542,-8.871132444807314,9
1554,-4.804641042249454,12
1565,-4.723299098607915,11
1577,-0.7714274884380139,12
1598,-5.784425659923578,21
1633,15.930252736990127,35
1658,4.308934747622692,25
1675,2.732391399355693,17
1701,0.3987145675349666,26
1721,2.6247820601229694,20
1733,-2.836550555558537,12
1764,5.9868798594504025,31
1787,-8.093988154858234,23
1797,-4.242966196438415,10
1809,-2.4143463652293042,12
1839,7.866282423161522,30
1864,-1.3707763191810791,25
1878,3.3965674134756503,14
1888,-4.291787727378223,10
1932,2.922890283429693,44
1950,1.1236240837759786,18
1985,-0.15059155818000658,35
2005,-6.003436444573886,20
2020,-4.963014229794527,15
2043,-4.030416483982414,23
2074,4.719763820491185,31
2111,23.65781894918131,37
2139,-1.2646728722484952,28
2148,-0.9857830709047453,9
2174,10.26441789904462,26
2190,3.259132663621864,16
2224,7.102714612945752,34
2257,4.035945112602596,33
2288,12.040541853341416,31
2298,-4.915405156133079,10
2323,12.278048092997679,25
2349,4.418323251145459,26
2366,-0.022062018611794576,17
2417,27.03402587535495,51
2430,1.6645408080064874,13
2461,-1.6067287811761617,31
2478,5.16537490195571,17
2487,-5.001144413612146,9
2504,-0.7451695569787709,17
2515,-3.7165913154239085,11
2539,10.135643020030841,24
2561,-5.406679196044586,22
2589,5.452143311366921,28
2601,-2.9367427862601607,12
2630,1.280830736340347,29
2673,10.087243752417066,43
2707,1.4612646530793114,34
2730,-3.7101198184857216,23
2743,-0.10722345527445543,13
2768,-0.1050157125233091,25
2785,2.1991232693814844,17
2821,6.800185538400199,36
2850,12.028888126552935,29
2871,6.0298650499902,21
2907,5.611813457153215,36
2942,10.001201022148875,35
2961,-1.1200969157853709,19
2988,9.601526131177241,27
3008,5.282055970180386,20
3044,8.758666144272913,36
3058,-4.159015463011032,14
3100,-8.682497789907826,42
3116,4.577234830514878,16
3132,3.987748508726809,16
3163,3.909113162493299,31
3189,0.19149159274447536,26
3254,-2.8663403703735932,65
3277,11.00982547193881,23
3289,-1.7556045091837207,12
3297,-5.015434125879977,8
3357,25.107594033916147,60
3377,4.904337731640267,20
3401,3.2950975257455433,24
3415,-0.8084925202327866,14
3426,-3.722961493060371,11
3442,-1.1037343387950795,16
3495,5.508909141004532,53
3505,-6.191522202111263,10
3544,21.64789947243788,39
3583,14.28344606134,39
3602,0.44921046583023366,19
3641,4.192612381026265,39
3671,-2.332168380212755,30
3695,0.9067442028244637,24
3705,-1.6490211528846248,10
3738,8.776807945643537,33
3782,18.556916522603515,44
3797,2.6052267376321376,15
3821,-4.945616528912293,24
3843,1.1927898008358653,22
3852,-2.4048774250556413,9
3869,5.7463848722800375,17
3878,-6.265917763881094,9
3894,2.635776058221891,16
3905,-7.5078679319894075,11
3917,0.24945143023653382,12
3934,2.7858352823827666,17
3960,3.44355240828445,26
3978,3.8853886925098258,18
3988,0.5283233649420878,10
4003,0.9308005004009632,15
4016,-0.08652514199712491,13
4030,2.391469119872439,14
4056,0.9046971360174807,26
4077,-5.566212575297824,21
4088,-3.910657698502809,11
4137,24.023984300222946,49
4198,19.19100974470817,61
4211,-0.29389452138244354,13
4278,47.5086294125731,67
4312,7.310706686864982,34
4323,1.2054028518210458,11
4371,17.383659319795655,48
4402,-0.05793171850365375,31
4415,-1.7322789197758637,13
4429,0.6927502924617248,14
4467,20.308150558790988,38
4503,-3.978357237732279,36
4548,19.22081503900963,45
4567,4.325549379589997,19
4620,26.775675907196753,53
4635,-4.247186667310301,15
4654,3.5594843911688203,19
4687,1.2994668966538958,33
4707,-1.9762544612448891,20
4732,8.557176559197996,25
4794,38.67365373855558,62
4824,8.632912895577132,30
4843,1.2035567709949877,19
4858,1.0204933856229847,15
4895,23.288388069437588,37
4912,4.299173607826004,17
4965,16.42358378463477,53
5005,3.741119908897346,40
5035,8.634442297368121,30
5060,-0.4848984623645909,25
5090,2.00745489625172,30
5107,-2.6691427194169393,17
5148,12.441457717769852,41
5167,4.529211151347978,19
5187,0.3657536126295666,20
5258,27.755858120991206,71
5280,9.203498416784674,22
5295,-2.0106263013841423,15
5311,-0.36796604779444264,16
5344,10.94088096479834,33
5358,-0.19530250454035147,14
5409,30.87141877280705,51
5440,13.254136588229798,31
5503,11.871777394757096,63
5534,8.2333243560141,31
5560,0.10361940163424976,26
5597,9.197654855157507,37
5632,7.295143742599515,35
5648,3.176409059469475,16
5661,-1.3378872885862592,13
5770,85.73529275550567,109
5789,1.5660437668122156,19
5837,21.671375096533307,48
5872,23.668856020910553,35
5896,4.318405456062202,24
5916,7.806418426565428,20
5961,-2.466808906252576,45
5995,9.357433056882396,34
6009,2.649531813688419,14
6046,23.431089305323244,37
6071,0.5117877054554163,25
6094,6.516888629341717,23
6173,32.16568575818785,79
6295,-29.190341506606927,122
6334,3.7088302810788902,39
6376,24.358391838079587,42
6421,11.42821995940439,45
6443,3.3263345048558812,22
6486,13.444474119568785,43
6514,7.971736039214351,28
6555,12.962200132753225,41
6605,37.82952404867579,50
6702,110.46030848794256,97
6744,10.57640176337588,42
6792,21.119138429161758,48
6808,5.336877138982532,16
6844,9.27697643285573,36
6874,12.883815282539725,30
6916,22.379830428493115,42
6961,17.686534405698396,45
6984,12.051092447658638,23
7083,24.86414205213768,99
7108,11.365338771707401,25
7155,12.941085721618746,47
7169,-1.7993967539223035,14
7281,29.201749839012475,112
7301,0.4618736613229677,20
7356,28.846608136553275,55
7418,42.240962342175145,62
7474,10.517630135393013,56
7508,5.805919131245586,34
7531,6.45044615427768,23
7600,21.231445861043852,69
7647,35.45287852746215,47
7679,6.576620235209435,32
7735,38.067947271824885,56
7756,-1.465020554294349,21
7821,8.732216594031282,65
7904,32.60901699171222,83
7975,35.037475028531794,71
8041,44.59160517852106,66
8081,14.60095566888402,40
8114,14.53517546848032,33
8163,13.230053744136596,49
8269,76.73289448520705,106
8359,69.4007453989844,90
8385,4.172220971221013,26
8461,98.45226186552249,76
8484,8.37448538603142,23
8551,50.820361160272284,67
8596,35.13921515063614,45
8664,3.2480651279270285,68
8720,28.1723297364123,56
8750,3.8821382108691225,30
8829,36.84397370182743,79
8865,13.415755992291015,36
8935,39.98387128966803,70
8972,8.176997891418349,37
9004,9.551746798236412,32
9016,-0.13961971400257045,12
9033,4.168751425748197,17
9050,2.7569632236820754,17
9067,5.7734023322405,17
9106,-2.2834587828401154,39
9210,67.0199485280667,104
9279,57.05029492339073,69
9312,2.5242746887513166,33
9438,48.09380038129369,126
9587,80.01801910038573,149
9706,49.49364204266038,119
9765,0.5170577751947043,59
9803,16.800104414153818,38
9832,8.09091223731059,29
9887,36.057384849687296,55
9935,24.751864343832366,48
10079,130.23937779301215,144
10101,5.455019756642803,22
10153,27.18828913533123,52
10225,44.075781572654044,72
10272,19.297359607800807,47
10329,-5.134785728489932,57
10452,178.35197888263642,123
10513,24.59751998221093,61
10562,12.125123109418524,49
10617,36.39788210349565,55
10725,36.973224608788,108
10811,47.583595410358654,86
10875,14.852162610987008,64
10935,23.200889351070728,60
11003,19.380139044664936,68
11073,40.55606558191242,70
11166,30.199606953957257,93
11245,15.384896655326003,79
11335,46.82833150148217,90
11476,63.88452629571487,141
11532,10.004196735900798,56
11549,6.21655840537025,17
11600,5.269293735005317,51
11686,62.920608957884745,86
11785,34.22342260941094,99
11842,41.71166539249875,57
11878,0.06893222914354902,36
11901,4.227550929258029,23
11939,2.383516296134249,38
12049,72.31939701294209,110
12174,49.57761360736621,125
12193,5.822348090732161,19
12240,14.944112058656458,47
12403,93.81876940269066,163
12497,107.14912027007179,94
12572,37.85148263608192,75
12673,37.891553077716324,101
12695,-3.5093172191456254,22
12816,37.71998561289794,121
12935,83.12628546018666,119
13039,47.79801186367154,104
13165,71.98082007798786,126
13250,28.844555010576393,85
13383,211.38417526405877,133
13503,51.54939053341638,120
13556,30.450682507761474,53
13657,39.72747664432188,101
13789,77.18727913281903,132
13833,17.7497040570676,44
14043,172.59830009438895,210
14173,100.21962280972241,130
14347,158.5979041828703,174
14458,47.742687319886286,111
14601,84.30691244170212,143
14797,167.30759785925713,196
14946,144.16910250541238,149
15154,362.12726011591775,208
15424,394.05087254812486,270
15568,92.40292643274506,144
15870,259.1559171955626,302
15921,39.65311037455571,51
15943,5.500369178929239,22
16005,27.392229711025138,62
16016,-2.7216563341127333,11
16081,35.808438027419406,65
16234,73.89829703070939,153
16392,285.8063463998826,158
16627,422.9811434692876,235
16669,36.10934067235792,42
16866,309.3706781851716,197
16989,191.33913193776212,123
17164,280.8518372199521,175
17317,242.6782310384289,153
17369,31.583029283115522,52
17564,286.5386580345028,195
17761,102.96646072986375,197
18205,541.4573361532259,444
18246,30.114593210465337,41
18356,75.02759245652024,110
18554,134.5321692337199,198
18705,270.99988261493525,151
18831,209.20734549166679,126
18950,25.245864741786587,119
19258,407.96169407301727,308
19507,257.60465914558955,249
19666,258.5128702250091,159
19850,291.410402038505,184
20039,295.40246189792856,189
20180,202.2548966631566,141
20357,110.88818672641666,177
20542,298.0935247056147,185
20684,38.884584813609166,142
20932,357.4403939037399,248
21152,369.92404870731434,220
21410,378.22948329583545,258
21467,14.98559147216293,57
21636,290.2348975529704,169
21799,253.49434536151787,163
21954,253.55712015950493,155
22106,269.1672738029973,152
22280,262.6556869893087,174
22662,448.2018156096267,382
22831,284.857352435839,169
23057,135.489028596027,226
23368,229.44295175487792,311
23627,130.99557046834934,259
23735,167.4407338028111,108
23874,242.44341761150227,139
24063,291.16017912704126,189
24372,389.12013606347267,309
24621,349.7068019079154,249
24736,53.45510197303657,115
24989,367.2288282906882,253
25332,416.34007750376026,343
25624,389.08249583189644,292
25757,68.4195089150937,133
25913,117.33839107427836,156
26357,310.162765420595,444
26478,217.31673898204366,121
26720,372.1854106999163,242
26840,202.2791686279501,120
27120,333.97865465763556,280
27227,204.44880305829489,107
27612,538.3526879304585,385
27624,-0.863419398394561,12
27737,201.17494732409062,113
27870,212.94553444026621,133
28074,336.9469637997638,204
28228,278.70641807629517,154
28437,332.0392327281058,209
28632,309.60284614710315,195
28777,234.75174683701636,145
28904,222.29700664871223,127
29023,211.55053973716173,119
29145,227.24608392735826,122
29281,233.12444992551565,136
29474,301.71389525985455,193
29631,261.8629729896406,157
29798,257.39801951653396,167
29980,297.22188574039353,182
30213,121.84355764062404,233
30396,299.39761870024176,183
30531,41.55922192168498,135
30674,253.95365415023804,143
30791,237.96292269187887,117
30895,188.54691368516964,104
31097,335.3689628999076,202
31287,283.11634685214307,190
31464,280.43973080766006,177
31690,351.7207695372218,226
32293,703.022216834107,603
32387,176.28826708605723,94
32701,447.45348066442216,314
33000,405.7482164875707,299
33152,268.1939024354679,152
33305,251.27453061917126,153
33845,655.7809864765843,540
34092,382.4741891837321,247
34230,68.29606576034693,138
34400,307.4903848077574,170
34517,227.19754511295972,117
34664,261.16320032218954,147
34781,241.60788207651083,117
34953,266.56649531297376,172
35099,270.207989133464,146
35372,394.4368796926221,273
35528,251.6709284439305,156
35672,236.64562886798043,144
35788,213.61419835230467,116
36088,409.2837630488911,300
36346,406.39304571987606,258
36442,184.93176559707067,96
36613,260.3375315119869,171
36784,302.5217786335789,171
36947,265.0433221852204,163
37104,261.8149357355376,157
37296,342.32854052885574,192
37584,407.0087435798533,288
37735,258.3173589887017,151
37887,271.31166800395266,152
38339,516.9189033371176,452
38476,233.1545090121896,137
38600,210.99464917167512,124
38784,281.2574181189531,184
38961,296.80421682778035,177
39157,303.42067168466787,196
39301,273.04734113228045,144
39641,182.37493571041327,340
39813,288.27686085502745,172
39998,300.29561814375194,185
40113,201.46260724193286,115
40293,263.3237569882532,180
40508,342.9680744965055,215
40738,356.1931142138059,230
40924,281.00852256235476,186
41105,308.8277385103674,181
41285,308.17515873330353,180
41454,295.79124182366803,169
41643,285.79484394916796,189
41980,430.1040433934594,337
42167,322.37020489817115,187
42356,299.04847323642025,189
42579,346.6124046273075,223
42850,428.61131920098615,271
43044,307.27299012696835,194
43314,383.4322509454227,270
43491,82.04363890515168,177
43655,281.95505414982506,164
43952,422.6779593612409,297
44064,213.67103924570327,112
44401,242.17518209105,337
44545,284.11901741465175,144
45219,812.9167301936615,674
45382,262.6226869233554,163
45626,361.77708474073376,244
45763,258.3219732911498,137
45871,202.2155635663263,108
46109,339.8433198444127,238
46340,328.3860814709712,231
46552,328.34245365446543,212
46707,276.9001889174291,155
47026,406.89874407296907,319
47209,324.94438594568385,183
47328,193.28011929908453,119
47484,282.7582214784987,156
47765,333.3875136213833,281
47952,301.2488554790765,187
48106,251.03973517799935,154
48244,221.76322428855596,138
48399,289.5376815788383,155
48660,361.2702862566805,261
48955,457.11829916352406,295
49298,506.297931619664,343
49438,249.32462728513804,140
49573,262.4501412780477,135
49681,184.86568627081147,108
49817,255.3585554510117,136
50010,316.54354119323824,193
50260,408.6131106609512,250
50479,356.8624828151974,219
50687,342.6873575530615,208
50841,244.8311933500292,154
50989,284.5624867794189,148
51076,150.38819752681036,87
51201,202.90089610909234,125
51339,237.42906691390615,138
51616,382.51751097242635,277
52054,566.7678991168863,438
52432,533.1967499957464,378
52669,409.49733796770255,237
52832,300.7071897643704,163
52975,263.69704418747557,143
53275,446.7693818921786,300
53408,232.09361167864955,133
53581,310.35629266493794,173
53756,299.36297125727106,175
53955,287.96309940673154,199
54049,189.2872224068408,94
54204,269.48555757989243,155
54424,358.52825604044807,220
54641,379.88653557446924,217
54789,249.62907819207786,148
54916,239.28697381672373,127
55058,290.97735272686396,142
55215,299.00331501425177,157
55317,202.24353033809763,102
55450,265.8909330216025,133
55610,317.79791393369925,160
55773,294.0628474938924,163
56075,453.10657325933676,302
56281,356.67292667325614,206
56464,311.65499247142736,183
56583,240.94617814960878,119
56781,346.99644556667005,198
56938,285.9749424551147,157
57162,398.133641328543,224
57391,369.6148995219481,229
57542,301.22566979934084,151
57843,427.1305680371369,301
57964,252.99322193681002,121
58108,293.0171898329369,144
58245,207.31537802797374,137
58412,294.024912370112,167
58554,300.7612224250974,142
58733,304.34714029855877,179
58869,254.70050396602136,136
59077,362.10315797350273,208
59298,369.9941124136551,221
59485,345.0221428496893,187
59659,350.38667019198687,174
59866,366.75638170733004,207
60032,299.3220301604375,166
60140,206.72499858622132,108
60304,342.8850904345947,164
60473,307.4553817238115,169
60582,223.7097689785396,109
60807,389.47868915145375,225
60996,320.4482888299091,189
61138,285.87171615052944,142
61273,281.15771335854976,135
61430,285.02656880994084,157
61560,235.8456291685461,130
61698,267.5589093867656,138
61811,215.35923769567128,113
61946,279.04773056673787,135
62090,290.1847559471646,144
62310,363.2095674134503,220
62554,406.56710843790023,244
62831,431.93197778938384,277
63005,323.96516427794944,174
63133,273.9206119434878,128
63275,260.3932735578846,142
63391,213.84907341731625,116
63541,289.9656377284637,150
63686,246.69634098360027,145
63861,327.8701766056398,175
64040,300.0380740419236,179
64183,266.67035176435394,143
64399,350.0752973685189,216
64605,355.49095361323197,206
64793,327.9900158497985,188
64950,293.20782567798614,157
65090,292.4837775485537,140
65244,279.64994289642635,154
65408,284.24248687174924,164
65625,372.0433487141154,217
65885,413.03299908506676,260
66042,312.28583953465926,157
66212,349.24792053852485,170
66354,295.7102197354356,142
66560,383.43781511010985,206
66751,356.7508519671917,191
66905,318.45915908485534,154
67081,344.4435907280186,176
67249,339.0863005315546,168
67404,313.45918324008466,155
67597,342.46080012975176,193
67829,376.98854811675807,232
68032,334.92481855838,203
68185,282.2455401219363,153
68389,348.9437576934883,204
68578,336.3854922183423,189
68759,329.20873312212325,181
68989,376.3935714391417,230
69176,344.5119443233627,187
69339,324.1236570729662,163
69505,308.3710717402478,166
69764,440.29086005237167,259
69927,313.29257086182673,163
70039,220.3417984040712,112
70283,420.8461706300746,244
70431,278.60187134094537,148
70598,302.2654897073767,167
70789,356.53734626393185,191
71059,439.9841635148058,270
71201,295.2377357168452,142
71372,320.9550116616041,171
71525,292.69656304164965,153
71684,283.95076802515183,159
71884,344.04445467452416,200
72024,290.2818968698745,140
72276,436.1298083529236,252
72516,413.62137143278386,240
72727,387.94856145989337,211
72900,338.86184461462153,173
73094,374.1521387580503,194
73215,247.2701113184655,121
73313,200.1691623593173,98
73495,361.9520090959791,182
73697,339.9165958537336,202
73924,400.14525274498885,227
74065,274.2854925380273,141
74210,292.5542362465126,145
74402,350.5656032743501,192
74680,438.8510248844326,278
74821,276.88173596575785,141
75120,474.7312083823931,299
75277,321.977424341007,157
75406,275.33995132838317,129
75637,391.2531124199203,231
75833,366.95356874877865,196
76037,403.55793169067977,204
76200,336.2017992086317,163
76349,308.4663917171802,149
76536,358.75003421159636,187
76665,275.0647096511876,129
76802,279.4322434874191,137
76980,346.7647916076188,178
77099,260.1186861667234,119
77222,272.15531985065064,123
77369,293.38317036314317,147
77586,354.03213960277964,217
77726,285.0939907671854,140
77877,307.4097201772021,151
78136,453.6274372571968,259
78320,380.6901382178074,184
78535,375.72845338232645,215
78720,367.8636544750221,185
78908,364.5321889856699,188
79176,422.3659509270672,268
79396,377.36361273165346,220
79625,412.54773218426766,229
79785,302.34336203846567,160
79914,273.2043354220956,129
80036,254.20934572233034,122
80212,317.98842803752973,176
80356,302.4624549792252,144
80481,269.18592704137063,125
80633,301.0143103864425,152
80782,320.61203407603483,149
80919,284.28420551652556,137
81094,332.283778343725,175
81258,335.5021453465173,164
81426,335.61406934099705,168
81591,336.6777614991328,165
81728,292.0299057028974,137
81966,392.4082409553705,238
82131,316.81320353668843,165
82246,241.0186159805599,115
82363,259.9751796469246,117
82495,294.60175208778935,132
82621,276.84766324999475,126
82773,315.16864645282436,152
83024,451.99014769473456,251
83231,385.3805128799807,207
83392,329.65086555521225,161
83557,319.98653132140663,165
83706,316.0740156488416,149
83870,317.659453290029,164
84074,389.6948939207343,204
84231,344.54117886143393,157
84445,391.51067396047745,214
84615,332.2761845953479,170
84791,343.1280611896621,176
84951,328.36824927078874,160
85091,291.11314521564697,140
85235,302.4165054636058,144
85422,367.1615608336766,187
85565,303.5715315340699,143
85738,339.62387114055775,173
85911,333.32036738574703,173
86081,330.6384442941747,170
86365,491.49122113771745,284
86498,295.21443374021567,133
86687,408.01305107796344,189
86838,316.01822721146124,151
87012,349.72183711662547,174
87172,333.2384076488655,160
87403,421.60115693723895,231
87639,430.95753807523556,236
87800,337.4851380032002,161
87981,331.7149182138982,181
88104,254.22783719371364,123
88261,331.28457327524706,157
88407,310.88685628387043,146
88582,352.3867562974778,175
88776,386.20591127495385,194
88930,313.88475968201766,154
89054,282.0438836183574,124
89190,294.9297740685834,136
89361,325.8274535316008,171
89517,340.53546839508897,156
89708,394.2631820732402,191
89895,359.2997003747296,187
90041,311.8752862756297,146
90182,318.99508014732464,141
90380,391.55310755471567,198
90597,406.03692587561153,217
90748,338.20995206043466,151
90881,297.3764302588035,133
91106,421.11634226229813,225
91262,325.14277241935855,156
91380,246.90867223063006,118
91612,379.1245494871919,232
91820,417.20870795885435,208
91958,289.5249784931727,138
92081,264.08643618917597,123
92347,445.73855408250375,266
92482,284.2184374274937,135
92696,395.2669692901708,214
92876,402.8702744880491,180
93068,382.61043076543694,192
93245,408.34126879959564,177
93374,291.7298602332964,129
93535,332.42052703047585,161
93708,342.3152765649342,173
93839,281.43581147769873,131
93959,260.1620819991794,120
94085,256.59711840011494,126
94209,267.34317868448136,124
94413,410.07202294521363,204
94608,382.80742450074337,195
94764,325.36277093879096,156
94901,273.0357750556772,137
95061,353.8362126091452,160
95206,255.49153018440597,145
95356,329.3004114964672,150
95521,335.35479158160786,165
95702,370.6405732045101,181
95894,404.5890722605157,192
96074,377.4449470203235,180
96200,276.59563039617564,126
96371,338.8949481982602,171
96539,405.2352571185367,168
96657,264.66943029706266,118
96803,316.6156827233896,146
96932,288.3436271133692,129
97095,351.1150406980598,163
97241,325.67231261950724,146
97381,287.0906356694104,140
97523,311.66024104759475,142
97652,263.02339637350343,129
97776,260.87527587828765,124
97935,347.4074149954161,159
98097,336.3658273993868,162
98204,239.29861621375136,107
98311,228.6710551994551,107
98484,345.7882743671889,173
98657,349.43588875430817,173
98818,327.6211697278546,161
98951,301.0825238518224,133
99100,349.8495302413018,149
99228,260.48010113415666,128
99445,419.940630181859,217
99580,292.71991947150497,135
99703,259.77669285540964,123
99851,325.4777871059435,148
99993,302.908892518004,142
100121,292.0386663021897,128
100248,276.53423785651216,127
100367,244.26858177420203,119
100492,271.71566471014586,125
100620,267.811696654316,128
100733,241.7919119142585,113
100919,367.0242580910869,186
101067,337.6170344534612,148
101265,392.11951429395003,198
101413,304.0267467020045,148
101546,315.77377507876355,133
101771,435.0430554587543,225
101939,368.798050432001,168
102098,328.18342761139064,159
102271,350.2129063236711,173
102415,308.63815971025787,144
102573,326.6509348629248,158
102719,307.6168686262746,146
102858,307.838316797856,139
102988,274.56055188485163,130
103153,375.96146704226027,165
103310,336.3272996547156,157
103442,317.1192741395469,132
103598,329.1434074867208,156
103766,379.78080050433397,168
103949,365.397746223995,183
104071,270.77346326226046,122
104221,352.17963793049006,150
104384,325.51208908756286,163
104582,353.39877390010923,198
104712,293.9118080742262,130
104859,321.21373571733454,147
105031,335.0577677402051,172
105191,359.6914099585405,160
105342,324.9144660048462,151
105503,341.26722297751803,161
105645,321.6450719294628,142
105805,346.50995806885993,160
105929,275.95844068631266,124
106069,308.85640264081746,140
106190,270.0254077539752,121
106394,385.0709184351062,204
106542,314.5181777419526,148
106687,327.46990724591876,145
106836,312.99189909878993,149
106990,311.9822450354509,154
107121,290.9782825768666,131
107507,604.5650910488322,386
107665,356.96696546724974,158
107822,342.041859684329,157
107950,310.0591714399449,128
108070,278.56380013088153,120
108199,271.55140126386055,129
108356,320.71399233366066,157
108516,330.59046616945767,160
108649,304.20876141878114,133
108812,352.0936709130194,163
108959,321.4884784518618,147
109108,303.40212977844976,149
109279,363.14193005105636,171
109406,288.35199471626356,127
109576,337.3265095518199,170
109730,326.52837623126374,154
109880,367.94550009908176,150
110039,345.86156230358404,159
110186,320.1078046404883,147
110361,358.6663926391484,175
110518,376.73397976979425,157
110669,330.6401817362131,151
110828,328.0113556395992,159
111005,398.1713241616297,177
111143,301.8097355637492,138
111284,350.2992535752066,141
111416,289.65144892086255,132
111548,290.8143803973978,132
111691,327.31461696125325,143
111858,351.6456429053631,167
112023,366.7286096927616,165
112181,351.1285640044121,158
112319,281.4315966443144,138
112472,330.1176927452567,153
112632,334.96096006656177,160
112835,433.50026468664953,203
112973,295.53712156842096,138
113112,326.6077429753568,139
113321,390.73401577833636,209
113505,432.9781310154065,184
113640,276.32171910183087,135
113812,385.5037303616323,172
113982,408.8015295654737,170
114123,322.99414891723603,141
114296,331.7378433900801,173
114460,360.8860360824349,164
114632,384.8412967258422,172
114748,242.3453664341859,116
114876,289.62705505739535,128
115037,362.12457488965407,161
115168,282.3450147764232,131
115339,384.7074041981958,171
115500,328.80587717303143,161
115664,349.83112992701604,164
115792,296.2237906498645,128
115932,314.70657705168435,140
116157,462.91000213354073,225
116335,373.8840600840293,178
116468,291.33120178309105,133
116654,373.6201753795702,186
116793,331.1212674321677,139
116936,317.85298465500057,143
117070,294.61415237724356,134
117234,350.5221197774502,164
117386,383.979417190447,152
117535,330.51305127532294,149
117733,407.91709630504124,198
117894,389.10646156735936,161
118035,301.1983763833686,141
118189,352.0175817902885,154
118309,270.2479019457615,120
118479,365.88105715101,170
118643,341.1538871892444,164
118814,386.8048574754306,171
118825,-3.053790335818192,11
118984,339.4558861785982,159
119157,346.1416843252782,173
119332,417.7910053891218,175
119520,424.274589536721,188
119727,481.8618510806389,207
119881,337.18595666093773,154
120015,279.2145234210278,134
120175,375.4147730212768,160
120301,263.15189753178845,126
120460,357.41287790831404,159
120602,328.63469268677545,142
120732,284.0119424763227,130
120918,361.310172284007,186
121060,371.9358971926501,142
121205,308.32973040137284,145
121327,249.6798785253326,122
121510,437.34545560642414,183
121678,351.6500496970316,168
121863,379.22818124410156,185
122033,366.3856292841809,170
122219,411.3063058686863,186
122362,326.9234696425786,143
122524,393.7418208564597,162
122695,406.4357451294796,171
122846,309.0658386010808,151
123003,374.34899142426343,157
123120,255.30265858537325,117
123257,308.09324977765345,137
123405,337.1287383620852,148
123595,420.29093522486056,190
123729,302.09971669238007,134
123887,340.91760560984767,158
124096,454.15438250161986,209
124233,283.4281907307181,137
124436,396.2503773747014,203
124568,274.016662521835,132
124747,449.3045226405046,179
124911,372.09794479079363,164
125070,354.99546626289225,159
125245,387.1539348797969,175
125419,415.75909944704716,174
125589,395.78246736489524,170
125740,331.5775729857418,151
125886,353.355455507461,146
126042,396.1432721821354,156
126202,333.98640279179784,160
126356,354.0239844047076,154
126522,381.47986625414893,166
126670,331.78383654119966,148
126875,493.2989515982694,205
127052,495.3417935549083,177
127206,357.64345674636553,154
127353,320.3581521497172,147
127518,374.42285056963743,165
127679,384.21312772627533,161
127824,333.715602139517,145
127964,323.1007647557536,140
128119,330.6275267484037,155
128284,402.7633618373615,165
128448,397.9740931834279,164
128608,344.6273801310442,160
128781,345.17115805034945,173
128944,374.2811451470362,163
129115,403.64136403185904,171
129289,406.6989954646374,174
129453,350.47146992194206,164
129574,249.95307768131534,121
129741,410.14918223478173,167
129889,353.46834719578936,148
130055,411.5748834952341,166
130199,307.73437505679493,144
130367,403.5161243496443,168
130571,465.98643841267636,204
130712,311.95482157071336,141
130895,407.20654805043165,183
131056,365.5934367569536,161
131211,386.97746818081833,155
131455,543.5956549513504,244
131609,338.85597309401714,154
131776,400.1978913755214,167
131932,342.74441013889634,156
132088,376.2508308139433,156
132254,374.47618599795965,166
132428,393.3388192890534,174
132566,307.89828572191976,138
132728,407.4577119038444,162
132903,374.62995940101507,175
133095,442.63159605895726,192
133264,390.2431480470691,169
133400,278.06250002097016,136
133602,409.71266139392407,202
133801,473.2631278469371,199
133947,344.4514201132312,146
134110,373.20832883431285,163
134260,375.6027986869702,150
134392,283.13484723076874,132
134527,310.27207553750867,135
134663,319.8945574704773,136
134796,266.01222722095827,133
134947,341.46872804014174,151
135139,419.1191704028597,192
135318,462.7672256239415,179
135442,259.71657855128274,124
135611,383.67155484679853,169
135804,453.0789750952195,193
135964,386.2221163198972,160
136127,366.81406384564383,163
136268,344.38105008391415,141
136408,311.0500075395762,140
136546,310.68521638858374,138
136706,431.30294688958463,160
136852,332.124778259945,146
137039,450.3833384109417,187
137212,375.2075714722023,173
137381,358.9736866609604,169
137548,457.4414311803696,167
137712,405.22470269768434,164
137846,310.4243060720142,134
138053,513.2603645903278,207
138204,401.78150197316774,151
138363,379.98566511695634,159
138508,338.625778224812,145
138668,380.59540500299056,160
138867,422.28596565963124,199
138972,219.48210870629634,105
139136,428.04678812667123,164
139304,435.35385331632716,168
139471,392.23931704771223,167
139629,383.8267952094244,158
139766,309.85617874661386,137
139960,408.477838394686,194
140095,342.2127772907487,135
140275,340.4782918222225,180
140385,244.97098087089464,110
140548,409.6409345510917,163
140719,437.27186493969464,171
140874,361.52146181520953,155
141040,399.4029394289837,166
141189,363.1426549798496,149
141357,362.73069757090553,168
141491,313.2661955269203,134
141649,417.27862941523193,158
141788,354.2667150658368,139
141926,346.47709092658226,138
142084,397.9326310048016,158
142239,374.28267412330314,155
142382,369.3382490693425,143
142565,467.00863116698775,183
142716,326.74086653400144,151
142880,413.1731019513217,164
143028,378.2815317822186,148
143173,325.5630240215238,145
143329,393.5233580522552,156
143471,304.64424325488324,142
143638,393.0226570290607,167
143808,404.2551446404041,170
143975,403.8429242108944,167
144114,334.9186742225656,139
144280,385.09389595263065,166
144421,303.35287275213676,141
144563,317.3257983020507,142
144708,316.5419451084444,145
144828,262.66753930447226,120
145001,468.5097440828753,173
145171,403.83409369457195,170
145329,384.8946650267367,158
145492,401.8360902769326,163
145673,414.2207521999456,181
145824,345.13395877183035,151
145982,389.76359401107607,158
146165,411.4123495351595,183
146328,384.8555059256998,163
146519,464.7207577511334,191
146672,360.09320309749825,153
146811,326.982261147154,139
147012,384.08361445344906,201
147189,405.099137868603,177
147379,471.635379475492,190
147531,373.2147991207446,152
147685,339.46807641651577,154
147862,421.6009468385299,177
148008,363.0229023545912,146
148142,303.8944887732898,134
148332,421.51060295799965,190
148499,423.2586884059095,167
148661,345.5619599969524,162
148792,297.5085615452094,131
148981,400.45376693297806,189
149115,291.1434489336464,134
149304,398.97101380124593,189
149494,503.9267361871529,190
149643,377.49449135406684,149
149789,311.39046210522895,146
149950,384.02859722575425,161
150086,322.0605130697011,136
150221,309.93373406493697,135
150373,368.05305672158863,152
150520,377.79590132507747,147
150669,340.29067250947725,149
150820,366.1145158680398,151
150976,405.9678991666331,156
151148,469.3928558475593,172
151320,401.70981299159087,172
151459,353.4928361327637,139
151656,453.23330926642916,197
151824,432.8446166026777,168
151994,403.8035570046653,170
152147,339.9506015501751,153
152336,477.5537368409042,189
152512,453.3913513198858,176
152639,291.7435715754282,127
152844,517.8984272738459,205
153053,414.9952988255839,209
153210,367.41412964600113,157
153367,367.4741178011572,157
153539,398.2370618971094,172
153692,344.035402104164,153
153881,428.4210887321699,189
154058,430.8392283735176,177
154235,387.2078946017085,177
154394,349.25837600175265,159
154554,378.24953450836085,160
154722,403.3522965987555,168
154917,459.6213189035041,195
155092,372.7170581732315,175
155272,432.2405944184914,180
155443,436.5538876239059,171
155604,370.09038880390233,161
155751,365.7536759923796,147
155911,370.9576470361429,160
156060,332.11844797551254,149
156200,310.37180238184084,140
156385,427.54708695266834,185
156531,364.8519666103088,146
156678,336.86501776238794,147
156861,424.8076257940041,183
157061,528.6809899388817,200
157247,453.0101972842477,186
157393,331.3106602027808,146
157613,457.09034010680404,220
157817,477.3164146577325,204
157989,428.83369024084135,172
158164,391.7157702018547,175
158330,413.17267541246366,166
158515,430.9696619461901,185
158654,336.02859474846287,139
158844,446.9948049288052,190
159027,437.78255423129514,183
159187,390.3617690048131,160
159369,432.450267340277,182
159557,448.7855226216481,188
159703,319.1745484915708,146
159863,378.68218142764795,160
160001,358.25977447149006,138
160130,299.69397606273935,129
160316,488.2336951750369,186
160500,480.32087131743265,184
160651,378.6521232034479,151
160807,422.72760566168216,156
160982,459.8010269161798,175
161137,395.0660453739578,155
161314,459.2984468852034,177
161487,480.3442962277594,173
161665,467.0755573728645,178
161830,406.31761444922216,165
162010,406.2558760055716,180
162177,418.3970715710622,167
162357,437.2590198866852,180
162560,463.0702062356337,203
162745,468.9021101027341,185
162919,434.02048119438706,174
163073,344.1069775137221,154
163270,457.8424343207201,197
163430,423.2769818110517,160
163593,402.27224607245114,163
163776,408.62208270786283,183
163947,433.25329714912675,171
164091,353.25423239050633,144
164258,425.3790149121198,167
164420,391.7133674208743,162
164605,431.4023600926676,185
164756,395.6848693006554,151
164949,456.56568308383373,193
165134,487.85920934198333,185
165280,364.33268071286676,146
165477,548.1312304636202,197
165660,472.74082998487387,183
165838,473.2573002097039,178
166016,487.7658236766954,178
166197,479.34103406707925,181
166442,645.8464252231367,245
166648,526.4794960685257,206
166882,542.2802405088081,234
167037,386.76425645199765,155
167203,422.0521889351543,166
167360,417.53285278979604,157
167538,485.24158389499297,178
167726,449.9788390859653,188
167929,519.0177200541228,203
168112,508.49068506976937,183
168227,247.4258130358536,115
168412,488.7287414690554,185
168576,399.82827113844064,164
168739,408.1119552875853,163
168914,430.24684180576014,175
169070,368.4754361160399,156
169254,499.9306310666274,184
169407,386.4225222170281,153
169624,579.8445796385736,217
169824,522.9536592478223,200
170046,493.6447112892101,222
170226,463.1296866743668,180
170395,421.0647959276692,169
170568,473.0966914728542,173
170749,473.9538065037721,181
170921,458.5775777170044,172
171113,442.32461492063226,192
171306,505.4547064143368,193
171476,443.5122577782741,170
171652,491.6699112364029,176
171833,437.45911596040867,181
171998,430.4008334105637,165
172197,536.4460776213128,199
172360,429.03516784495474,163
172558,557.2071764461143,198
172743,479.5413866391139,185
172915,472.7364648345699,172
173081,412.8315701982478,166
173246,453.5780364634381,165
173429,471.16119540832,183
173618,481.2011188056236,189
173835,530.4602437294045,217
174005,442.86425574920537,170
174197,522.688756490448,192
174402,590.2769074648525,205
174521,274.89554397627086,119
174747,572.3296748095493,226
174912,406.2976002780719,165
175078,380.2420759452465,166
175255,417.63305193746976,177
175428,436.09035969695856,173
175602,426.92270278889004,174
175762,364.4888387040373,160
175980,553.0440182810526,218
176124,307.94236699977176,144
176331,553.5122835187963,207
176463,307.4976338837631,132
176679,603.5057663625224,216
176868,482.7528845335524,189
177028,359.0554810668873,160
177211,541.0680559933519,183
177436,623.6410052792039,225
177625,495.40671461023254,189
177803,466.83967638096266,178
177984,438.5250686382051,181
178169,475.31667247569425,185
178359,561.0263040147512,190
178533,435.67182093560444,174
178717,524.2266434145765,184
178889,453.1817098646152,172
179055,361.5319227810114,166
179288,717.9302820423538,233
179488,534.288003384671,200
179656,446.03253332199637,168
179860,560.2371472776551,204
180027,427.26289764636647,167
180212,456.8122756964151,185
180429,558.4305600334313,217
180623,512.1525502094427,194
180815,488.1257589340617,192
180999,501.2952033310911,184
181222,663.8850583913718,223
181557,763.2258537634709,335
181773,567.902953706267,216
181951,499.1027255518859,178
182146,535.3382629006323,195
182318,445.4126558108501,172
182482,475.0690809982163,164
182661,433.25961814861444,179
182839,435.9271285030054,178
183043,574.8485626650246,204
183209,428.4550123759439,166
183354,360.3442152612461,145
183553,511.48543811176546,199
183747,544.0405768671029,194
183962,549.9389963105373,215
184129,424.3340755157819,167
184327,604.7406448246348,198
184510,492.517405548268,183
184754,641.4888348543715,244
184935,488.77980700996716,181
185118,389.3231265311854,183
185363,663.0748011029037,245
185554,527.4322000732249,191
185744,528.8002419146899,190
185945,515.8028937278764,201
186145,539.2675937085999,200
186356,554.4833908650941,211
186555,509.62924397294637,199
186796,668.5121378653663,241
186968,416.4264797509951,172
187141,415.7178775871302,173
187329,526.6026340528078,188
187564,664.4337529350557,235
187774,533.91107221881,210
188054,656.5062051520491,280
188242,503.8236102564263,188
188440,558.4849537972113,198
188669,616.28011702509,229
188873,568.0867717654502,204
189082,636.0132636131046,209
189307,664.8002729179925,225
189480,406.23160533713434,173
189662,469.6472345069723,182
189860,529.5275358544989,198
190060,551.8001381039257,200
190250,513.9349445986533,190
190441,509.85944172114444,191
190638,483.0332267996951,197
190838,514.5877679823697,200
191011,449.0794614973305,173
191212,527.6132188607493,201
191431,637.8926099726629,219
191649,633.3030290365941,218
191850,549.9093639664167,201
191992,361.8055602165814,142
192202,574.7359136776147,210
192388,513.6955191153098,186
192574,517.7336812786026,186
192825,623.1280125402561,251
193075,705.9850914873575,250
193280,572.7502626827849,205
193536,664.3527842837545,256
193765,684.575338453557,229
193967,579.9901209929291,202
194176,588.789256959392,209
194357,466.00848733883225,181
194576,595.2846759089607,219
194751,446.6518437891136,175
194973,621.6814923248841,222
195165,547.0228269398827,192
195360,563.5049066238943,195
195555,558.2523582256638,195
195786,677.5887759048046,231
196002,631.2026549162781,216
196183,519.8792589194486,181
196410,738.6833222589212,227
196643,606.1180049044606,233
196807,408.84875120936584,164
196985,476.82058326361215,178
197170,490.84999588764526,185
197370,631.7002426709191,200
197582,703.438637530983,212
197789,566.2690821357094,207
197989,554.5518713089548,200
198251,673.2824459957288,262
198477,708.2008512062197,226
198651,434.5191701142915,174
198862,546.5241403830834,211
199042,450.65033069347186,180
199283,692.8204123961824,241
199457,446.54137584125954,174
199661,610.00194859608,204
199907,686.3128219230359,246
200090,477.48913645770625,183
200322,636.1006266530533,232
200509,501.0339723636828,187
200736,624.4889581853323,227
200972,704.7128737672315,236
201215,642.6222906973334,243
201418,548.5757354809432,203
201612,551.9031663512787,194
201835,670.6800155250937,223
202031,552.2619037694417,196
202311,740.4954586911547,280
202500,514.452041126284,189
202665,434.73929985116365,165
202857,540.0758100130142,192
203080,612.7474733545289,223
203237,389.1944470480722,157
203475,688.2021380858213,238
203680,586.8707516684321,205
203858,491.81645915654184,178
204034,426.2971409634569,176
204293,765.4434339098519,259
204492,586.8747278803194,199
204645,338.02757516612996,153
204832,551.5632707884698,187
205037,508.95064393195884,205
205209,475.4135080179661,172
205423,626.4463883569491,214
205621,545.3264138544166,198
205855,653.5289648050158,234
206037,496.04508183611716,182
206201,458.73638734750523,164
206399,495.3628875918977,198
206642,737.3138123051158,243
206856,622.5099450375756,214
207070,579.1502401855292,214
207358,901.8780584983286,288
207561,551.1854534732145,203
207736,462.7169702191724,175
207922,471.60729938094755,186
208126,556.8716389377089,204
208355,716.0753407186008,229
208583,578.861119325537,228
208762,510.0729767827224,179
208986,648.941295159316,224
209195,589.8524181693346,209
209437,709.9427343172514,242
209670,777.3615420725574,233
209905,678.833575729494,235
210197,841.2189151843877,292
210374,504.79082757755174,177
210596,703.4325669238854,222
210795,577.2436356173898,199
211011,613.614826884419,216
211330,967.3525419620565,319
211580,660.41207017505,250
211816,680.6086239673436,236
211958,309.25027810074323,142
212203,741.6205819906992,245
212405,518.6612678677208,202
212616,539.2983940642099,211
212839,618.4130085653708,223
213032,566.8246625057118,193
213245,578.8098243608597,213
213452,581.3625404916512,207
213714,721.4709529055724,262
213905,469.00416314846206,191
214095,532.4471462332963,190
214310,636.749686968234,215
214550,666.1541794602716,240
214761,597.5868310571034,211
214966,639.7499562339777,205
215197,637.9591866581325,231
215444,687.918154572447,247
215666,598.3502348908095,222
215868,546.3192498010491,202
216060,525.7398697949753,192
216320,785.0718465387847,260
216536,633.5204988947157,216
216738,590.9149849963326,202
216927,449.60157623337903,189
217235,795.5656246069084,308
217455,598.1310221790254,220
217666,538.8076572550286,211
217877,639.7227721731874,211
218106,647.1452853999734,229
218392,895.0089940865959,286
218705,821.8551087952139,313
219017,911.8261254734017,312
219266,733.6515921420737,249
219498,735.5980259491857,232
219686,457.9300974450404,188
219978,922.8175625055009,292
220195,595.8524313083076,217
220371,475.005096200718,176
220624,705.6616810813035,253
220943,1023.8368984476617,319
221226,836.9782253675661,283
221428,587.5206295075404,202
221611,514.2065022955843,183
221825,606.1703559299966,214
222101,967.8921236896598,276
222329,646.6827525925574,228
222547,625.0098176581,218
222825,827.554217574506,278
223041,658.0786706865329,216
223244,591.2802198177579,203
223431,495.0039685059189,187
223645,554.3100563053106,214
223860,636.0220641152729,215
224066,649.2974087872491,206
224279,582.111432333404,213
224521,722.94481477768,242
224776,703.0287115114949,255
224962,480.90647272333234,186
225176,672.5651694209632,214
225364,528.2513302593504,188
225595,647.6400813789495,231
225905,990.8112203373313,310
226093,523.3662314635536,188
226297,538.8669293565204,204
226467,424.7768237999074,170
226751,850.6380484355259,284
226919,438.92032774323707,168
227166,738.9997189807603,247
227383,620.9435716413761,217
227622,679.3561812498104,239
227852,700.648590035556,230
228074,654.4553117078268,222
228304,659.9932374770293,230
228588,861.8480200713676,284
228737,373.03443140735357,149
228939,590.8532881693183,202
229107,442.6881058212764,168
229365,808.8169112655972,258
229601,738.6648286689376,236
229771,449.1971977404355,170
230039,783.5494384538373,268
230297,759.5911103708098,258
230499,569.7270453286436,202
230767,735.049944429766,268
230979,610.0532518987729,212
231185,595.4671430972755,206
231445,805.9794636124632,260
231743,810.4821945720064,298
231946,599.5709986340081,203
232246,857.5381220506431,300
232448,556.2956857662178,202
232749,845.5856408757952,301
232950,560.5360184809153,201
233136,491.81554353675455,186
233326,507.68551352760875,190
233533,591.642653998259,207
233838,982.0801690373203,305
234084,769.641416541174,246
234256,434.7663994005694,172
234564,970.332970317478,308
234822,775.0228911189103,258
235061,702.673965111554,239
235287,643.9448801202108,226
235606,837.4326817010749,319
235849,744.7393620783621,243
236052,516.6413796261583,203
236268,595.1127097498495,216
236591,1044.6525853847907,323
236888,863.5758317753344,297
237127,607.2054323114767,239
237367,699.2239444326755,240
237558,488.95631399612927,191
237850,920.5368478888455,292
238081,757.2443209757045,231
238356,861.2302145078016,275
238593,701.9699736167752,237
238886,930.5774807243877,293
239178,893.2071295916693,292
239388,548.6592462225411,210
239624,673.1518549573655,236
239867,736.013664063937,243
240088,596.0039354853044,221
240361,818.0243044913633,273
240638,720.223819769849,277
240981,1042.3931186654336,343
241159,481.377049817567,178
241430,756.5924988140681,271
241635,566.032363215971,205
241855,608.9438698220791,220
242075,669.9847940273455,220
242381,946.270137260642,306
242607,637.770444421044,226
242854,768.786838430601,247
243089,713.2099027134549,235
243286,528.6208202363133,197
243539,661.7862075253819,253
243780,635.223160791915,241
244013,666.4775553983586,233
244330,955.1247068321176,317
244635,975.7471380019091,305
244824,603.6760316067823,189
245053,691.030966058512,229
245346,969.6075053070774,293
245569,634.6432877899914,223
245788,616.738378746029,219
246128,958.008137275117,340
246455,1052.474711693719,327
246761,861.563623603933,306
246948,521.2049659665793,187
247281,1122.6745736139826,333
247592,969.5835406879503,311
247867,776.0502259455593,275
248133,713.2297005429315,266
248345,576.7002554457046,212
248601,703.6332636573446,256
248854,733.9362805440743,253
249093,629.0950069408698,239
249492,1261.49147572595,399
249786,826.1113230375016,294
250009,571.106480597549,223
250333,982.7017730147277,324
250673,1084.4984213078774,340
250866,557.0569813904359,193
251091,639.308162053147,225
251360,761.8715948208695,269
251610,743.6909435572546,250
251927,1024.1139388438846,317
252351,1385.8091221787254,424
252685,1029.4576191481474,334
252884,571.121591713833,199
253106,579.7082492970544,222
253497,1206.538882719721,391
253806,975.2282937344903,309
254040,660.0067192076781,234
254382,1099.762410155941,342
254767,1231.9439364899229,385
255065,867.3211147641164,298
255337,762.7557698851413,272
255664,1092.1504661882757,327
255963,927.7325180106474,299
256259,900.6077265892824,296
256470,503.6309391432695,211
256802,1023.2674119887605,332
257118,1050.169583139124,316
257411,885.7317816039395,293
257796,1124.2047210602316,385
258005,603.4739410070165,209
258263,822.8332889393862,258
258593,1137.1777831340905,330
258893,863.3486101775094,300
259193,923.0577730068172,300
259514,989.0752406895111,321
259790,882.6039433799408,276
260026,702.9447155632158,236
260415,1086.5915467946195,389
260708,900.9002249420748,293
260962,786.9060391690906,254
261270,971.1107519990494,308
261580,1040.5639814358583,310
261955,1350.474606268815,375
262253,851.5907809364572,298
262500,689.6961854752926,247
262733,725.5578095806154,233
262940,614.9000706627115,207
263084,349.8314060670735,144
263423,1139.902990872218,339
263669,718.1909730158998,246
263981,941.963028685724,312
264272,835.8814712324255,291
264534,730.663848148521,262
264832,977.2569137273125,298
265220,1321.0503168213363,388
265496,832.3894938953989,276
265714,634.8213717428492,218
265975,819.2093951593861,261
266258,910.9182475816721,283
266571,998.509272056071,313
266851,722.8641180064704,280
267188,1063.0218846600526,337
267311,279.6367637713904,123
267618,963.3627264224809,307
267926,1047.4615236165434,308
268190,801.6586731700618,264
268416,666.5931027191202,226
268656,697.1288414427211,240
268926,838.1119413303716,270
269173,798.0518155727009,247
269480,1063.0052368922295,307
269794,1015.5979738544302,314
270133,994.5315294007083,339
270547,1382.6046854465774,414
270782,691.0638905051403,235
271065,991.1068654179755,283
271326,831.1466422962314,261
271685,1156.7603513996648,359
271998,978.5048105555219,313
272300,894.9531144165436,302
272598,899.8485434849101,298
272829,629.0814445968563,231
273221,1232.770489045638,392
273445,668.2597319983772,224
273701,776.9488732957949,256
274030,1059.1402352372509,329
274363,1106.5153845819316,333
274673,1029.9090192918025,310
275021,1218.0846104657178,348
275295,845.1976550475331,274
275531,674.7284895479166,236
275851,1063.0017843725175,320
276161,979.7829776888784,310
276460,939.7736138228137,299
276690,678.9178179595407,230
276934,691.6809271337266,244
277217,882.1174126968003,283
277498,965.6810468300073,281
277757,766.2627199913093,259
278009,775.920687314385,252
278257,807.5972650791193,248
278605,1152.469142139888,348
278763,383.6303546326309,158
279108,1086.3775769350925,345
279377,853.6773257290904,269
279587,572.6995417731489,210
279889,922.5983835340161,302
280164,807.0551609942362,275
280461,933.970602633144,297
280695,643.5332687593873,234
280958,804.1382288595104,263
281267,1079.3743798197258,309
281500,661.9100831848515,233
281790,925.0939762258275,290
282124,1125.2802330410075,334
282446,1033.096922401901,322
282646,537.3855861846882,200
283045,1327.4592617339647,399
283182,315.7644621591026,137
283445,816.8788024740801,263
283816,1292.769752497319,371
284071,796.4710144036429,255
284375,981.2945963947631,304
284681,958.2917169557311,306
285012,1090.7517231673191,331
285331,1052.2782046686254,319
285660,1046.5923688253122,329
285979,1022.3991350176537,319
286279,1033.203646724475,300
286576,939.8384042997329,297
286930,1222.3564723907587,354
287148,594.1958427052504,218
287428,814.7511597232582,280
287787,1242.7139626157077,359
288024,693.1727819121626,237
288335,884.2139089401887,311
288660,1047.448238731637,325
288937,797.1914696267211,277
289197,719.0120669668132,260
289374,475.19569324880854,177
289570,514.1912298090513,196
289845,906.316082513876,275
290218,1201.0921880226178,373
290487,781.5484064045185,269
290789,947.3143637403291,302
291128,994.3277337985966,339
291472,1030.366045389576,344
291728,813.1919485328665,256
291966,721.6909116738555,238
292538,1912.9694518170215,572
292979,1414.7101821832762,441
293264,870.0693253336636,285
293627,1240.002788456983,363
293840,578.9071167551223,213
294103,760.477010877696,263
294445,1112.9649037771237,342
294786,1138.6599101328256,341
295220,1313.811474248343,434
295536,980.4881187056029,316
295819,820.8268895582244,283
296032,615.3950963316444,213
296491,1672.9503988771226,459
296791,877.8242634871687,300
297015,646.5074916141335,224
297352,1083.2850279093532,337
297655,904.730750839231,303
298092,1396.3142600439912,437
298390,844.4567632564723,298
298625,703.8335105479546,235
298865,781.4235676370665,240
299117,681.4834023649247,252
299556,1483.297579735196,439
299948,1255.4402914985346,392
300235,934.0683882524945,287
300616,1210.1365157059704,381
300939,1024.172018879826,323
301283,1032.9279091350031,344
301624,1091.2674524436459,341
301881,800.6779199458978,257
302197,931.4310370436436,316
302366,451.54250756748127,169
302680,971.0133394629025,314
303001,1026.1695574869134,321
303225,639.2430236306279,224
303475,722.5214085924455,250
303806,952.0160241339973,331
304078,781.8778721940947,272
304331,759.2639373692224,253
304605,878.9047754107577,274
304936,1061.3308076323874,331
305307,1269.7914117003859,371
305606,899.4898704297989,299
305925,968.4473314111881,319
306282,1144.9204794901275,357
306650,1217.269938347173,368
306972,985.5353554579749,322
307212,643.116063958013,240
307529,1027.1781668563729,317
307865,1059.9737690179918,336
308109,709.8889062015711,244
308611,1336.6926344620592,502
308930,951.1359395660996,319
309248,894.3467711419911,318
309609,1050.5162095385633,361
310145,1920.040979610342,536
310368,704.8886592919755,223
310698,1076.5222978480394,330
311046,1102.7753330069588,348
311259,595.5012246943683,213
311548,862.6640295849221,289
311757,615.9997883245859,209
312156,1395.2529596697527,399
312472,1032.8024437918136,316
312743,844.1319578290421,271
313040,992.3069406512296,297
313369,1128.5162902722432,329
313782,1322.8311653703936,413
314026,717.6241334852671,244
314447,1394.4598997125768,421
314714,863.8844469375143,267
315084,1272.5707043438388,370
315414,1072.891661116456,330
315713,940.3822883037017,299
316187,1596.0153466552122,474
316524,1094.7142728273097,337
316846,1052.1612656434347,322
317191,1081.776455307454,345
317531,1120.5688549239878,340
317848,1016.350856606787,317
318203,1270.8266525345762,355
318549,1173.0682400806995,346
318871,1064.4813523210166,322
319176,897.3840153943174,305
319570,1187.9248510422772,394
319861,897.6005166517206,291
320334,1620.6209011096519,473
320790,1526.727774291456,456
320986,488.7526160731246,196
321352,1208.8838240191926,366
321719,1130.3253910895478,367
322069,1188.1404572349138,350
322386,926.9369674840235,317
322663,818.7133413168614,277
322944,862.5393948343071,281
323226,908.1287596237133,282
323457,700.9060103464531,231
323831,1192.116787961535,374
324201,1214.9689419404551,370
324508,903.5162191178265,307
324809,850.6156572923354,301
325158,1076.8223159557942,349
325495,1105.0639081745846,337
325901,1220.0009520236345,406
326363,1610.1462700395168,462
326822,1287.0400756927836,459
327117,877.9727927231388,295
327464,1088.2582492697575,347
327812,1162.0589282267808,348
328233,1545.8097162904955,421
328625,1374.177913248238,392
329126,1390.0078921001063,501
329629,1628.4558192597085,503
330135,1740.6374923736867,506
330483,1266.6408891238539,348
330995,1712.8797158907096,512
331295,965.1230384031754,300
331491,533.6168846389174,196
331908,1403.8861940507215,417
332211,908.0657163590132,303
332561,1150.4047047115364,350
332897,1161.0223977014587,336
333230,1124.8815158017494,333
333710,1675.727999575731,480
334076,1173.2396328704233,366
334371,897.0078562197704,295
334607,670.3800803512241,236
334991,1159.6819308967301,384
335439,1478.995191050038,448
335998,1934.8266703197705,559
336318,1122.367691170478,320
336643,1099.7589944699084,325
337096,1453.2896981031165,453
337383,841.3170856193524,287
337626,630.4683138740567,243
338035,1448.6392895434062,409
338377,1155.9714315224044,342
338654,915.6926692276396,277
338886,732.1548916366636,232
339235,1122.8938807253044,349
339539,894.1291517734256,304
339895,1270.099924294265,356
340301,1353.6168556535697,406
340698,1129.6159011800385,397
340992,930.4502016202397,294
341231,660.0760872468039,239
341467,756.6648177010836,236
341917,1570.8460449287063,450
342214,981.9173762345316,297
342324,245.2445025343872,110
342780,1529.1545004980221,456
342971,443.7636384864231,191
343288,873.9380210027662,317
343636,1162.0012887337084,348
344019,1279.6736842174394,383
344401,1307.0539602467861,382
344880,1611.246640367942,479
345113,659.7100710045669,233
345380,767.5471420665378,267
345827,1607.7442526829093,447
346213,1216.9826067997212,386
346546,1036.0692846318395,333
346883,1075.1518270851966,337
347209,1011.4929681939892,326
347657,1496.1258457100587,448
347905,773.1551357184521,248
348234,1015.5796857649066,329
348547,934.9263760617489,313
349014,1588.8714364140492,467
349379,1222.187381507262,365
349659,909.5375633228815,280
350004,1117.7564692102253,345
350225,756.0779707125234,221
350404,467.3745764433884,179
350762,1226.8175336448599,358
351124,1134.3111936832668,362
351469,1280.5670772561605,345
351912,1440.8524517813958,443
352144,627.345133349117,232
352642,1640.5900355674996,498
352956,1152.8756715815414,314
353268,943.3586473847647,312
353654,1305.5152365179263,386
353885,617.4412181615852,231
354228,1070.4922735430803,343
354521,870.1805488457915,293
354851,1088.680365608372,330
355093,703.1745110081721,242
355537,1477.1667099193658,444
355905,1171.4015652843577,368
356266,1229.3168640573213,361
356574,884.3555294228926,308
356864,920.0786306720215,290
357092,643.709079103276,228
357301,506.7880697498558,209
357571,825.6148142944315,270
357775,589.7706611321372,204
358076,997.7394813489655,301
358487,1427.196930548517,411
358762,833.1831259482532,275
359102,1179.5800534590687,340
359464,1244.3686129057487,362
359742,697.1992697524779,278
359943,461.1142983537944,201
360151,563.2462168852824,208
360415,769.8595037215368,264
360678,732.681717783322,263
361074,1363.0200341725579,396
361351,870.5714598320162,277
361707,1111.0491310060302,356
362030,1029.8277406564052,323
362353,1143.5949198387468,323
362605,714.800810332568,252
362930,1011.0325168136924,325
363220,939.8331410864781,290
363429,551.0503400327597,209
363669,600.5789536497258,240
363875,511.5218169508937,206
364203,1055.0704080269916,328
364411,554.0305710519542,208
364719,915.0176341803906,308
364996,816.1152232965612,277
365338,1142.0575782170006,342
365682,1052.2101829657825,344
366098,1354.8178433911207,416
366309,595.8247176037073,211
366723,1344.9737681740523,414
366984,773.1907894845059,261
367419,1566.5872837653483,435
367744,1044.1945007854656,325
368235,1656.9105253618873,491
368551,983.1887825831881,316
368895,1114.718037642137,344
369232,1039.2058907815544,337
369604,1186.79853981265,372
370075,1597.1208883344075,471
370388,1037.996240853833,313
370788,1417.1695754796208,400
371095,847.1362890931559,307
371479,1278.1032709923588,384
371697,567.1624497905417,218
371985,887.4115664596369,288
372317,1107.9011387010491,332
372652,1150.6693730269014,335
373040,1249.6344280539608,388
373317,894.859232697003,277
373683,1313.15878216579,366
374173,1658.0548293907186,490
374537,1210.888041167577,364
374974,1605.4510362058998,437
375279,1010.4077630660096,305
375470,550.0780579937036,191
375789,986.9882013498174,319
376018,631.1326763583239,229
376437,1580.9933460511181,419
376739,1048.725879149272,302
376967,666.740917927537,228
377206,686.3798379437344,239
377636,1441.273499729743,430
378037,1490.219937697595,401
378385,1143.3072572664103,348
378764,1402.0361702308805,379
379146,1351.6185504085101,382
379426,925.7306640521441,280
379742,1115.4397366377493,316
380233,1740.9761019899909,491
380489,766.3215631464846,256
380764,977.967981808757,275
381084,1075.8313934977818,320
381304,600.3963906035301,220
381661,1157.718931340838,357
382005,1090.5115305227523,344
382333,1140.3415634830499,328
382652,1173.6565289091989,319
383077,1370.0803766724257,425
383397,1066.051115443254,320
383611,561.4182529087003,214
383952,996.4041368460661,341
384411,1638.4066796105853,459
384726,943.4591596170051,315
384978,784.5315216753972,252
385298,1158.4663286074447,320
385734,1507.4924940696828,436
386165,1427.0002070713156,431
386529,1337.3760728232814,364
386746,619.4721517385337,217
387155,1285.3337638724508,409
387761,2179.9565097663008,606
388139,1398.7831666531008,378
388585,1667.532292070036,446
388973,1328.9708446038644,388
389344,1224.5783435587728,371
389772,1507.32925609398,428
389957,492.60970092505465,185
390337,1348.99064513501,380
390588,735.7242328533376,251
390890,965.9197395802372,302
391205,1139.3591247994586,315
391554,1131.559662468905,349
391910,1219.776541626895,356
392211,932.4644932289185,301
392490,921.2595424617175,279
392797,1048.3162523159594,307
393142,1144.9599672598122,345
393436,939.1608961259553,294
393781,1248.3253717892162,345
394194,1473.4221647140948,413
394629,1736.7251803711679,435
394865,653.4192545267415,236
395243,1293.7880491060366,378
395630,1318.3946790236553,387
396092,1800.3309665326547,462
396463,1225.4287015323448,371
396822,1192.7984353403695,359
397089,838.7713068412469,267
397463,1213.9184914358918,374
397906,1665.2465119936198,443
398125,584.4956186246658,219
398447,930.5169407208554,322
398858,1506.9028256081278,411
399428,1534.8432121334386,570
399832,1500.4439295299421,404
400059,602.6169108577836,227
400405,1114.3141817506562,346
400728,1097.3139965575508,323
401068,1231.6728149515563,340
401485,1453.6149948447544,417
402019,2001.5935688097766,534
402397,1230.0002915688399,378
402746,1050.7348496918341,349
402991,816.2316776329681,245
403318,1042.385419105356,327
403799,1832.9579434163695,481
404135,1079.4929865933784,336
404480,1185.7573333709065,345
404879,1341.5143637493968,399
405300,1630.9790980851717,421
405629,975.7330797467869,329
405887,842.8641548817169,258
406096,571.3860294371784,209
406427,1047.6537789781864,331
406690,918.8392326211066,263
406917,635.3277790120909,227
407285,1078.1415736943327,368
407596,931.4044885652687,311
407835,709.053281640351,239
408215,1378.8052627044058,380
408607,1368.4302070476072,392
409107,1635.6088802661966,500
409519,1402.1398301073518,412
409883,1347.8555561400258,364
410242,1147.0788731864118,359
410350,230.1890798639365,108
410547,548.2231834050659,197
410860,958.4439004344335,313
411199,1326.3041288376126,339
411555,1224.4085159146043,356
411959,1442.647693146852,404
412322,1133.9577631232955,363
412706,1348.509743253331,384
413110,1414.9641331967655,404
413572,1610.524721601204,462
413946,1179.7948511189288,374
414434,1736.0231441469723,488
414811,1258.4475091618265,377
415213,1265.2508804078855,402
415466,779.7923274911309,253
415712,711.1671850331478,246
416100,1292.6594397956635,388
416467,1268.502527402029,367
416860,1337.6001806158195,393
417272,1669.6023877659713,412
417685,1471.5967453743303,413
417988,898.5445659838937,303
418342,1083.3830921839328,354
418825,1697.7667464529136,483
419276,1768.9139764439522,451
419688,1398.4405205548119,412
420044,1161.1750106952845,356
420351,961.776728754433,307
420772,1403.8927645779954,421
421191,1466.6319921007416,419
421598,1413.018692848114,407
422035,1617.947425083657,437
422393,1233.1935701188845,358
422738,1166.331769695709,345
423081,1119.7423382531433,343
423273,578.7634504155596,192
423730,1679.4332895873613,457
423977,758.3645316046304,247
424526,2030.0465186182007,549
424925,1513.0736508199855,399
425023,206.31126198557382,98
425403,1258.6977826168052,380
425694,806.8804440058301,291
426158,1634.9137409844798,464
426439,862.3245976085236,281
426797,1132.9034045910887,358
427194,1412.1335705733777,397
427481,901.5082540000548,287
427780,884.8848620849185,299
428081,872.3352778802373,301
428414,974.8986525295572,333
428839,1477.4415040173578,425
429356,1810.8490444554195,517
429598,691.4355060841938,242
429973,1330.0580664653667,375
430388,1533.1435982100284,415
430855,1711.96306635917,467
431210,1239.9783698261049,355
431570,1224.0725060633151,360
431851,925.368994784054,281
432070,556.6818437901202,219
432462,1374.9612251860774,392
432759,916.8114175846173,297
433065,812.1759928348501,306
433429,1112.6290015031243,364
433670,731.4427542819059,241
433998,996.7225773970265,328
434210,554.5823672473531,212
434554,1175.569627154814,344
434999,1536.9439588559924,445
435412,1360.521959623335,413
435875,1648.9218445353133,463
436209,1169.1559417995732,334
436570,1250.1671065119206,361
437113,1996.8845373648373,543
437526,1490.443198798547,413
437937,1466.1927408988645,411
438273,1036.235629864831,336
438666,1339.1764027081063,393
438885,605.3335653006496,219
439230,1243.9497290450104,345
439464,628.7372229606541,234
439913,1573.7472884695874,449
440248,987.7925118853206,335
440745,1599.6758434607252,497
441116,1163.447781198025,371
441246,300.65882393196733,130
441753,1851.455243117457,507
442265,1643.1805878343769,512
442650,1329.7677137633657,385
442915,745.0677855260424,265
443125,573.4214818790857,210
443539,1449.4193727894403,414
443943,1408.6658378193345,404
444315,1291.2799811116931,372
444593,800.8439603986031,278
444958,1224.8514016119593,365
445192,621.7338618922022,234
445401,542.8627662587777,209
445779,1381.811113698677,378
446162,1305.9400178212143,383
446372,597.1509578575553,210
446752,1316.3414121520516,380
447014,805.91652386381,262
447368,1201.783208931267,354
447652,833.7478079140451,284
448088,1536.2604724421751,436
448353,772.7754415729764,265
448777,1396.6906828421954,424
449236,1586.9500523781794,459
449616,1338.2409262762023,380
449906,1004.9142261459621,290
450211,1023.604459793489,305
450647,1512.5020375893123,436
451032,1375.9795059388193,385
451362,1132.0928036785574,330
451549,439.9194511806819,187
451907,1178.5070144250287,358
452301,1382.2611819215042,394
452626,923.2400854505701,325
452968,1084.527701409897,342
453243,769.1113202794829,275
453609,1349.3068248141244,366
453823,565.232109492008,214
454153,1050.7364816060817,330
454531,1354.0460901071772,378
454870,1103.7633016864033,339
455152,965.0283609418669,282
455477,1062.2732931915136,325
455801,1126.185407801059,324
456177,1271.5290013821932,376
456553,1202.124306339872,376
456922,1205.0867943172702,369
457290,1455.8972279197355,368
457533,744.3336257550925,243
458034,1965.861246011562,501
458225,444.8435518430606,191
458473,687.7604487645291,248
458750,951.2776314199381,277
459116,1101.9013611638552,366
459369,722.4956123588685,253
459837,1737.3198600461724,468
460286,1705.7629146671654,449
460609,1111.7799606964998,323
460925,1068.2031837777965,316
461201,930.4286700454169,276
461560,1310.5815919861277,359
461948,1463.7800473576744,388
462284,1184.6515969638467,336
462490,574.3200393539475,206
462860,1373.6641606018857,370
463237,1168.5877491368287,377
463613,1244.9283215999506,376
464046,1589.750229678384,433
464326,1033.2087536481117,280
464623,1012.4262413247302,297
465085,1640.059454487199,462
465402,1058.4599861279767,317
465714,1024.1627077462927,312
466190,1920.3284295638523,476
466669,1881.4631584150866,479
466994,1178.787173900535,325
467268,694.6606658892028,274
467706,1569.740006403835,438
468068,1303.1798911957997,362
468472,1419.8002435897977,404
468877,1457.7977614015244,405
469271,1418.042985815775,394
469626,1326.044929889379,355
469841,605.8502711423309,215
470182,1118.4116277252147,341
470446,755.044525328886,264
470860,1612.0044689624783,414
471291,1460.6545661979467,431
471581,884.0248837503706,290
471916,1131.375463887674,335
472344,1647.2359598014543,428
472572,634.7111162399522,228
472780,636.2235240814301,208
473227,1693.2696543591835,447
473625,1488.3467902829532,398
473980,1128.0476381750464,355
474273,878.9690855357285,293
474397,284.88689837598014,124
474624,651.1270254133651,227
475017,1551.4290556814,393
475501,1949.3309072706131,484
475723,606.5850446468155,222
476011,866.144533485963,288
476331,1211.8259661736924,320
476637,1077.2528746362234,306
477009,1269.9610162692595,372
477260,807.3450560412163,251
477501,682.1658026800657,241
477887,1321.969275968738,386
478036,347.7897999595654,149
478250,587.8319394317052,214
478649,1428.0663155396342,399
478981,1115.361899764693,332
479383,1351.983559003442,402
479834,1736.384625750257,451
480209,1282.6690992824456,375
480518,890.7154141953993,309
481081,2088.9289041063957,563
481318,631.0769246719157,237
481542,642.0012955564873,224
481893,1160.7943807411027,351
482247,1080.0710100363883,354
482737,1888.2568559243282,490
483089,1342.1887920615175,352
483450,1359.5825222778662,361
483760,1006.5115694011149,310
484043,885.2596907110863,283
484255,621.2897687843199,212
484629,1366.1421739242837,374
484990,1261.464847747781,361
485346,1254.9041629915196,356
485608,758.4280252502274,262
486058,1594.7204637517852,450
486519,1783.5578469458808,461
486863,938.0592156505132,344
487166,917.6574425695134,303
487385,577.5142217784825,219
487876,1816.9271683868828,491
488234,1243.459612971997,358
488579,1170.1831358090733,345
488896,917.165947709193,317
489276,1356.5082775582823,380
489591,1151.1448984248366,315
489823,677.5906393963085,232
490081,750.9660875485204,258
490477,1328.0618520194998,396
490787,1130.017736782992,310
491070,885.2309972576961,283
491411,1126.7216904150125,341
491924,2079.291346368936,513
492280,1292.5190343593379,356
492611,1100.0941140217647,331
492801,481.4121083535585,190
493139,1108.6675631553067,338
493486,1113.9313760771188,347
494000,1895.6590483759649,514
494374,1377.7517023622079,374
494792,1396.1469458860838,418
495097,1221.87314244966,305
495356,737.9665580593354,259
495609,724.6289167680497,253
495982,1178.3029702499095,373
496345,1373.540771087829,363
496584,702.0564961937824,239
497098,1954.0112641487265,514
497575,1773.8219225921193,477
497783,497.0846336721276,208
498062,779.2501675690027,279
498256,555.2536002205875,194
498622,1337.0885159240154,366
499054,1790.3145412701836,432
499419,1428.3568841065933,365
499651,695.5059329614195,232
499944,998.4163444463138,293
500188,762.1885350124718,244
500392,583.1228441130111,204
500677,880.3742916235013,285
501052,1468.0100905452396,375
501342,945.7870717896687,290
501525,512.5356029954465,183
501857,1126.9283405115066,332
502169,1129.4466414877995,312
502517,1230.5480398434352,348
502734,627.3961992272858,217
502896,419.6294896359857,162
503193,745.1153005517635,297
503483,896.4063788074719,290
503927,1640.9553995951414,444
504108,495.1559930618656,181
504562,1719.4086672523197,454
504838,963.0099331051115,276
505008,462.86833480708054,170
505274,812.7107709672823,266
505648,1336.1552769220357,374
506137,1742.166193360769,489
506490,1307.7995191755092,353
506885,1509.9723386944543,395
507118,653.0612601939063,233
507390,913.5197387284859,272
507760,1351.7183268439571,370
507985,629.5509754412594,225
508286,893.4161223854218,301
508622,1280.2562609444676,336
508835,582.5793171267012,213
509188,1268.1921999684753,353
509531,1300.4292698926545,343
509888,1305.3131486328843,357
510083,553.3729505878922,195
510615,2084.5029685647996,532
510815,530.0758534576958,200
511136,1207.587072881891,321
511454,1048.1847057781772,318
511661,528.1886805865819,207
512140,1735.2873056672709,479
512336,500.35272171206856,196
512736,1482.5334567232187,400
513141,1469.4988675110117,405
513526,1345.0570530773352,385
513913,1381.09291578805,387
514313,1443.826068876977,400
514647,1189.2656065795156,334
514929,848.0422551131118,282
515287,1093.600801898883,358
515770,1967.384607387412,483
515993,680.9113179593405,223
516441,1705.5682764297328,448
516926,1903.5292315172665,485
517189,808.6030896492738,263
517410,642.0937858747864,221
517912,1925.8123706608949,502
518225,1001.2656935902495,313
518587,1215.9395462456587,362
518953,1305.1655298970293,366
519153,542.099280103965,200
519541,1283.3970667322424,388
519779,674.7761055813432,238
520235,1659.6591554300471,456
520629,1385.0977490318378,394
520889,847.5798487303272,260
521149,818.8217599116444,260
521544,1462.203480625882,395
521942,1192.1209886946847,398
522327,1428.115129742641,385
522625,875.0094638008936,298
523088,1934.9802479143311,463
523239,391.6637297646781,151
523749,2061.9212810270405,510
524171,1650.3234739505342,422
524556,1417.4400764775994,385
524796,631.495333581362,240
525072,819.4835524080383,276
525314,686.2152631352504,242
525694,1288.4636976537995,380
526054,1393.0329500288544,360
526587,1864.1148947428937,533
526803,613.6587648844683,216
527221,1481.9404112399839,418
527674,1625.0555767436292,453
528012,1121.8205528803937,338
528266,803.8086555086518,254
528669,1524.1897924479124,403
529028,1268.5383228700478,359
529346,1102.484918503413,318
529792,1531.2620105164517,446
530030,655.1484919052095,238
530402,1348.152295942683,372
530768,1166.2189895708493,366
531264,1846.7154847138897,496
531475,665.2300035707744,211
531714,698.0269945578334,239
531941,645.104829539647,227
532133,496.1542245914711,192
532555,1632.9963282544863,422
532670,256.4333080874619,115
532909,748.3809096528561,239
533173,863.0081797537808,264
533579,1428.542223657777,406
534056,1912.1832617893444,477
534484,1521.0800596207932,428
534870,1236.3206992592545,386
535266,1308.175780721673,396
535612,1108.507785739588,346
535914,1079.7567892252735,302
536261,1022.8986454212649,347
536573,1124.7975942565097,312
536855,842.1886517586636,282
537247,1381.2578814002438,392
537689,1267.2901232631607,442
538003,993.418758614913,314
538336,1132.3950091456259,333
538635,844.3818642268295,299
539163,1858.1276638074485,528
539325,432.4946128443288,162
539750,1400.2158546205492,425
540107,1283.8198286439338,357
540530,1501.26554087487,423
540722,484.82347433347695,192
540987,914.9736665316723,265
541622,2507.0711466638327,635
542034,1473.8899051941567,412
542502,1738.0587339326364,468
542867,1296.207526390792,365
543375,2063.2743919544987,508
543715,1193.3578957360985,340
544190,1736.9092872482893,475
544671,1752.6258931133361,481
545083,1586.3036955416342,412
545496,1594.8248357031803,413
545760,738.1978771637758,264
546065,1000.5285182416537,305
546454,1381.8407033334904,389
546875,1518.260931677886,421
547200,1025.7591736330298,325
547432,631.8520492424155,232
547758,1077.9398545658005,326
547951,538.937722381547,193
548485,1890.710611516742,534
548995,1845.38045707547,510
549341,1109.0351971782288,346
549534,512.5754717170422,193
549799,827.1211183401563,265
550218,1421.9135334297198,419
550456,671.7279347971133,238
550573,268.4558008317552,117
550848,900.15160700385,275
551252,1304.0113691464467,404
551455,566.8897208570286,203
552000,2049.9007543383623,545
552588,2362.3668897014713,588
552932,1035.6636397315654,344
553427,1893.9705266507888,495
553892,1898.4474947931178,465
554088,551.2227691552179,196
554568,1770.5769331437846,480
554993,1812.5704302552276,425
555415,1646.8334326828115,422
555803,1443.8956403771538,388
556051,699.4517908861548,248
556596,2297.373363964556,545
556833,679.7223435252878,237
557077,722.9962556965058,244
557402,1105.8152293870576,325
557679,940.3897605980831,277
558115,1658.404173331533,436
558608,2041.5391943085704,493
558969,1363.5533410935195,361
559322,1318.1476127014341,353
559700,1342.6759673180115,378
560288,2333.2442498242713,588
560564,1010.8709803540925,276
560907,977.5727577360377,343
561366,1817.2222816489161,459
561638,821.2416183730411,272
562013,1266.126270000054,375
562245,678.1619360584535,232
562583,1279.5488428055728,338
563003,1585.8357568398967,420
563460,1592.9852532923621,457
563762,1034.340924626903,302
563979,626.4055811954214,217
564349,1502.5327350425414,370
564601,816.442195283407,252
564852,784.1537459238618,251
565232,1224.0106647313096,380
565576,1124.3522945170344,344
565767,509.5284453347291,191
566108,1159.4677354087153,341
566510,1745.5983025295318,402
566723,588.1951290009679,213
567049,1244.3248391138518,326
567223,436.79430615216455,174
567682,1756.2885010504167,459
568071,1523.7595919324506,389
568465,1491.597534428423,394
568950,1761.585342216283,485
569223,851.1025560058487,273
569801,2176.5254242992937,578
570166,1163.6794614911646,365
570792,2455.849128153902,626
571065,922.1960901351281,273
571576,1852.299078506984,511
571823,906.0209389742583,247
572156,1198.3118479803854,333
572398,678.2293656629643,242
572936,2007.1103784959691,538
573441,1944.3624254474444,505
573723,939.0586856100082,282
574234,2140.262493980692,511
574543,1172.287059248471,309
574944,1315.712695615429,401
575241,1127.6881615351406,297
575490,781.9470681418328,249
575825,1136.5748899059986,335
576192,1322.1318168293706,367
576481,957.3242064777114,289
576922,1677.975225432671,441
577388,1854.2200126417356,466
577867,1768.0334638545078,479
578364,2114.71980447408,497
578721,1349.3345216033617,357
578929,548.7987142439504,208
579352,1868.8204649873182,423
579748,1760.297930601932,396
580119,1372.359759420292,371
580455,1254.3545082764874,336
580709,833.7728653553783,254
581082,1458.5391761935205,373
581403,989.6994213416168,321
581761,1399.7083303115203,358
582134,1469.0190744550173,373
582423,892.9883419812935,289
582754,1164.1458296418944,331
583035,1062.5198594828803,281
583466,1754.4628889057576,431
583938,1758.5687097670068,472
584268,1373.581494669516,330
584651,1594.8118582642096,383
584862,647.5761423948761,211
585335,2128.8657280812895,473
585772,2028.322811917949,437
586158,1581.0673361860297,386
586762,2525.6346712191184,604
587225,1718.526643326468,463
587617,1353.1240802255475,392
587879,738.7254183892943,262
588461,2446.641451003678,582
588798,1250.0697628560017,337
588985,530.535628130776,187
589445,1629.9963833905024,460
590025,2463.692933129315,580
590362,1382.9068360021988,337
590725,1478.357303756284,363
590954,763.8437992001917,229
591235,826.9196824635062,281
591551,1187.8747973638817,316
592053,1948.079112602762,502
592581,2205.77702045081,528
592959,1429.3376296143551,378
593378,1655.2318746751528,419
593600,672.010724726598,222
594064,1817.1015838997187,464
594263,564.4579042837585,199
594696,1444.0865933162024,433
595087,1509.5925145251827,391
595316,627.7677524141137,229
595775,1826.4509338457772,459
596177,1466.0752823628068,402
596593,1674.9505153020807,416
596906,1049.0833620623046,313
597251,1293.300490542907,345
597509,864.8492696845132,258
597730,659.6505142671797,221
598134,1614.6177638863076,404
598555,1710.1327751158296,421
598866,1201.7854535888055,311
599166,992.2341793240518,300
599358,578.8839025935061,192
599742,1561.804043749318,384
600246,2227.2469618787945,504
600648,1456.7919989326774,402
600908,804.7442186645009,260
601249,1377.328208255778,341
601658,1758.3867477686763,409
602047,1516.7260282858572,389
602341,1046.7228370855796,294
602578,682.0336447481793,237
602804,656.2756168519768,226
603144,1213.208982900413,340
603639,2135.905611670451,495
604018,1533.828075952716,379
604267,952.7610949762493,249
604507,803.3396286994043,240
604797,1156.268486504071,290
605141,1381.8550486119339,344
605487,1348.7721413662966,346
605991,2032.4566131188342,504
606319,1214.425810757588,328
606559,734.0626948706264,240
607077,2375.5916508620435,518
607443,1456.0321887395105,366
607797,1339.250538717965,354
608051,881.2385144236096,254
608381,1383.9365769144795,330
608609,716.2880532357855,228
608845,750.1064532625077,236
609074,706.078787205842,229
609528,1889.8498901068876,454
609857,1250.262404039778,329
610208,1282.9819768384036,351
610443,807.2485206786367,235
610954,2205.067004322824,511
611457,2033.750342084182,503
612031,2335.3987341729826,574
612416,1659.4599002044242,385
612770,1389.2954345168475,354
613014,800.614067630201,244
613356,1283.9879577494985,342
613742,1382.7421713753702,386
614036,1046.4146794456478,294
614331,1030.2400872233575,295
614554,725.6935105137696,223
614945,1738.333016941403,391
615274,1324.7556704047797,329
615515,825.598534579701,241
615698,483.3164320190463,183
616034,1313.1510481171972,336
616328,1161.894921025328,294
616600,955.1994286655049,272
616807,682.6031968686308,207
617087,1062.2636026482396,280
617271,566.3807010787787,184
617612,1333.3992511979604,341
617807,597.2351942927232,195
618113,1142.1811525725266,306
618355,798.3561163338488,242
618705,1457.5218830202712,350
619063,1336.3992530907437,358
619406,1176.1201553428693,343
619659,875.8297564773204,253
620019,1326.816471825599,360
620274,764.5606532043389,255
620574,1082.9733541351368,300
620861,1044.3681881682435,287
621116,895.2532040454652,255
621480,1407.235024195206,364
621701,708.2418377461097,221
621912,654.6634985155922,211
622139,708.962232149024,227
622385,782.3798388212111,246
622607,775.2693405921967,222
623117,2192.01342390629,510
623447,1231.5965333973675,330
623830,1471.9310347222863,383
624163,1370.5194369332855,333
624443,928.085908428107,280
624902,1847.2682414326187,459
625306,1677.5415240937289,404
625745,1895.728452847097,439
626156,1703.349017659822,411
626484,1325.0780123431937,328
626805,1330.1931424502895,321
627050,825.4655925834068,245
627145,214.1494895290017,95
627478,1277.671942548187,333
627821,1391.5890681179121,343
628290,1894.0974935592942,469
628660,1565.752539309864,370
629025,1624.3306675981526,365
629463,1845.4111990223594,438
629776,1139.4600349065786,313
630045,840.8572081097923,269
630307,723.251662253459,262
630740,1978.3375967134168,433
630996,941.4018474863324,256
631481,2062.334024164918,485
631837,1381.5358829852296,356
632302,1865.1022578397126,465
632629,1255.2958309770224,327
632974,1442.1377603034716,345
633194,661.7907645810947,220
633524,1229.4143509446753,330
633900,1566.5013668924007,376
634171,919.736541364474,271
634389,717.8880352616502,218
634717,1346.8202659491292,328
635150,1885.6306035694988,433
635493,1437.075551227183,343
635916,1949.806294219033,423
636176,889.3901058545072,260
636505,1319.2380920093083,329
636881,1584.3992033850693,376
637168,924.075514760493,287
637434,974.0318791292005,266
637700,961.1118515351142,266
638046,1443.628198225306,346
638268,691.3586552665039,222
638695,1837.6334960537092,427
638908,659.2505635199625,213
639262,1414.4206724017204,354
639615,1381.6210949936105,353
640005,1601.966023414874,390
640373,1469.1238273647828,368
640608,737.0527486053298,235
641007,1656.5737670118874,399
641379,1615.7482612549773,372
641630,881.4629775065998,251
641901,863.0087655354112,271
642223,1279.2119555798386,322
642481,818.5134823807865,258
642683,622.4997858393825,202
642855,459.44457316240306,172
643190,1440.9834642182443,335
643562,1555.4548362825078,372
643784,762.9494918966553,222
644030,817.3897777148869,246
644411,1603.4545896235052,381
644783,1550.205301019262,372
645014,795.5366031559582,231
645334,1165.6829004319188,320
645520,484.5384447901379,186
645782,951.028557312477,262
645931,400.6987986777556,149
646332,1693.4549938249347,401
646578,809.934600580996,246
646807,796.3140618246258,229
647163,1397.7920803014024,356
647516,1502.8767342293274,353
647737,735.2598367364486,221
648082,1308.8133267507205,345
648402,1075.6343322003984,320
648673,922.485111091295,271
649022,1310.2829982317003,349
649236,672.3452839327267,214
649470,776.8611696556885,234
649860,1614.3436485171546,390
650062,604.6079437479507,202
650435,1643.053476840617,373
650874,1705.3037126687275,439
651077,608.8289270946393,203
651309,774.7169622723856,232
651616,1119.1665574186832,307
651907,1099.1103487608718,291
652258,1447.6330231951326,351
652372,280.02001130952243,114
652837,2044.4999091239597,465
653071,739.0343455692757,234
653384,1262.3887206679094,313
653785,1581.4696199214861,401
654167,1624.2227810532106,382
654543,1563.9385620103728,376
654836,1062.5610018191005,293
655089,876.9829467917223,253
655352,906.7171111936561,263
655745,1731.2657464965473,393
656069,1327.9942708131466,324
656298,737.592889001931,229
656512,617.4770179688971,214
656777,908.2607698999743,265
657213,1803.6199293053876,436
657414,590.167181370998,201
657853,1880.060399023132,439
658173,993.8869439425177,320
658421,889.4989279207374,248
658738,1217.81480717532,317
659097,1471.25090152249,359
659428,1369.672016672729,331
659660,729.8309894859013,232
659857,579.1394114757661,197
660100,835.1097885085835,243
660507,1789.7618952596445,407
660874,1529.3820185006725,367
661083,645.0428698778126,209
661462,1631.3219986685567,379
661756,1143.6855208703123,294
662084,1200.8494803609574,328
662473,1650.1727140484695,389
662938,2053.6212774052847,465
663172,818.2380657498076,234
663512,1297.7106021176792,340
663903,1674.912007406798,391
664130,725.4609821170468,227
664508,1616.1836409958953,378
664736,719.4971802725479,228
665154,1738.2279817863423,418
665606,1969.5114105528705,452
665834,741.4687266702168,228
666080,852.662123298213,246
666522,1820.1158489718096,442
666718,577.0918277559479,196
666964,788.7650099931639,246
667409,1888.6407007679795,445
667885,2065.2749340107907,476
668085,606.567223940915,200
668368,896.1125766254409,283
668706,1308.0714241310689,338
668827,300.4398224816022,121
669109,998.6295520505904,282
669484,1580.8949582282241,375
669835,1542.8006491756903,351
670311,2003.835672975221,476
670517,591.9851833044073,206
670841,1148.9146240074485,324
671204,1490.7102843161633,363
671436,737.6322760683597,232
671894,1870.0062667644909,458
672304,1616.834268139609,410
672638,1219.3335062021656,334
672980,1432.5273016640526,342
673385,1568.1556794379278,405
673516,318.5497799079921,131
673733,727.100625719331,217
674039,1133.1556605243597,306
674523,1985.5984100593546,484
674713,595.0211610743313,190
675093,1619.3913411733333,380
675307,677.5816984977706,214
675476,489.48573323887797,169
675888,1899.5575505194581,412
676317,1869.2577932076679,429
676677,1460.7882390498298,360
677053,1561.042202517214,376
677193,371.74366057657136,140
677547,1318.9855227382907,354
677825,924.8244356424649,278
678194,1591.1519876064654,369
678678,2085.717426643206,484
678918,769.5594411263498,240
679225,1076.4566708642315,307
679480,929.5360840197669,255
679817,1215.797958497557,337
680283,1984.280946946125,466
680519,815.8480446586551,236
680933,1779.167910267952,414
681418,2005.9595136191258,485
681659,842.4737212048076,241
681862,639.3858347686951,203
682291,1826.4961958993174,429
682640,1327.5927055266789,349
682924,977.8684298335946,284
683379,2109.6903495036936,455
683703,1316.6555419701904,324
684009,1227.9435211930645,306
684267,886.545008453328,258
684494,836.1643831660089,227
685026,2322.622854324065,532
685576,2325.1664911259104,550
685942,1431.8865706728157,366
686220,1003.1942476148386,278
686474,802.9370710526659,254
686955,2095.222819924496,481
687158,679.5931618998002,203
687664,2209.2101598971058,506
687814,393.7675963374131,150
688051,744.1856678034075,237
688439,1560.5547962073526,388
688795,1322.3334888278423,356
689207,1609.193012742302,412
689579,1613.01592673396,372
689823,799.1767582691455,244
690062,799.1333923060138,239
690471,1622.8559073697902,409
690862,1543.2435986794587,391
691383,2205.5020426051083,521
691857,2035.5321357430646,474
692131,1102.318305335418,274
692361,707.128414136222,230
692778,1835.4055629141199,417
692920,343.540022529195,142
693121,619.1742804458379,201
693507,1682.2188392220066,386
693861,1449.7482127397761,354
694261,1622.2785634898714,400
694627,1383.4734493756655,366
694990,1395.5726709560881,363
695269,925.850364583098,279
695499,735.3778929779164,230
695716,670.2169472390668,217
696111,1663.9323944432356,395
696372,912.5761445255908,261
696712,1322.7651915054141,340
697040,1342.027637162717,328
697277,757.5325994159615,237
697463,517.1414791378596,186
697837,1522.7045190686201,374
698070,779.7910477171397,233
698326,947.0334850958748,256
698621,1112.7767600223715,295
698994,1656.518795181789,373
699225,790.2234472737806,231
699411,534.7307744998893,186
699757,1478.307219737408,346
700111,1476.7438868429876,354
700474,1421.7744862758675,363
700809,1370.1046366459957,335
701066,981.1198297419842,257
701320,841.4768012327933,254
701718,1672.2696748320113,398
702185,2038.3406473269122,467
702415,735.0729973565129,230
702742,1302.4479541567714,327
703001,924.235908718785,259
703092,209.52876059219784,91
703411,1190.5873379974955,319
703790,1649.7232572055,379
703897,251.91320955529284,107
704160,954.5964345224237,263
704418,888.4725510675529,258
704745,1239.0775627151083,327
705013,841.8317640940093,268
705485,1993.098314732173,472
705738,846.9982891736329,253
706019,1088.5315354279876,281
706465,1885.0666139818964,446
706714,864.0612548256519,249
707114,1723.9665542407067,400
707345,726.0738806415948,231
707658,1255.294862165179,313
707917,873.8616963049164,259
708286,1495.4907374893025,369
708509,718.5311542157882,223
708765,818.5756067284608,256
709019,894.5011352630999,254
709463,1894.5412618311652,444
709737,966.1200512809719,274
709953,722.2800144537986,216
710370,1735.9890619031487,417
710763,1700.9489451952534,393
710995,759.547146742423,232
711332,1462.913589091165,337
711685,1338.3435060304587,353
711894,640.2571580561414,209
712162,844.6161795560163,268
712450,990.5067797363965,288
712838,1678.5268016330012,388
713042,614.3353207439015,204
713419,1569.319473899141,377
713660,810.7296189502209,241
713906,848.5069198342777,246
714304,1651.213018921078,398
714742,2017.3101485836905,438
715102,1483.3992835918707,360
715413,1157.8704216194435,311
715754,1372.1751080034608,341
716020,957.9794746376182,266
716268,780.4331700823528,248
716599,1102.4299776270568,331
716984,1784.9791500640615,385
717168,585.8054012716726,184
717395,706.326555309912,227
717818,1928.7192512579295,423
718170,1400.6829542512148,352
718547,1337.1272914873032,377
718903,1419.5250368811592,356
719141,802.8573846211208,238
719475,1388.775941741233,334
719813,1413.3936729720047,338
720092,917.3751563100341,279
720397,1127.1240148461568,305
720795,1644.0934320265853,398
721039,782.2189249549992,244
721297,985.373807960259,258
721600,1130.5161496599223,303
721987,1610.222404386687,387
722410,1932.3178379015226,423
722688,916.8929944833178,278
723018,1329.2603956598125,330
723409,1651.579848858232,391
723655,770.9977062730399,246
723909,786.110426769877,254
724245,1431.0468352525736,336
724547,1033.3305136570846,302
724998,1936.8244091399354,451
725409,1852.7303314602743,411
725740,1352.6073346469711,331
726028,994.4584907385148,288
726285,943.8722626386424,257
726664,1729.2786859548091,379
727013,1314.1036145815406,349
727479,2062.0017091892,466
727664,517.8239261975621,185
727932,834.2369357818689,268
728329,1706.112407761704,397
728636,1216.542172141646,307
728976,1289.7194331933022,340
729236,862.7083519519988,260
729585,1381.6615015805555,349
729792,698.5715077212183,207
730144,1393.1664861280872,352
730505,1545.8918435118815,361
730918,1714.1700229560745,413
731356,1911.1524838702546,438
731649,1123.5039569072349,293
731971,1352.3625557566575,322
732369,1853.7315503246498,398
732762,1622.5395335789417,393
733130,1546.5917693540503,368
733253,285.79176676486446,123
733522,857.9305785836931,269
733893,1642.5651077638406,371
734151,894.66151048842,258
734436,1004.8274503506653,285
734662,809.9768300548411,226
734982,1227.4827377587637,320
735178,595.2800232187678,196
735353,485.2721034721785,175
735794,1838.195224697887,441
736079,959.5983280531611,285
736388,1244.7766020767388,309
736655,938.2414942717387,267
736862,602.6822255872629,207
737216,1513.180052983704,354
737517,1101.3622713997984,301
737741,752.163014885865,224
738070,1380.0652360338033,329
738487,1870.880138298409,417
738795,1120.8650916254933,308
739038,852.9697586295448,243
739337,1172.8318575446194,299
739855,2364.4333186601125,518
740077,721.1678963071688,222
740407,1306.2793871782087,330
740743,1288.023829853387,336
740955,689.8356024968533,212
741180,759.7249976243454,225
741384,680.0723239591225,204
741580,617.7231387980539,196
741968,1584.3501942478508,388
742322,1447.2492784667097,354
742557,826.6199921659144,235
742896,1358.5257057370425,339
743109,701.1604806835165,213
743430,1271.0908847557105,321
743705,1061.1165120270089,275
743939,801.8352466187031,234
744044,249.3605469159125,105
744370,1236.9005009740004,326
744610,830.6912521163418,240
744935,1354.538171029936,325
745348,1637.0372022838935,413
745584,831.2872506499423,236
745948,1490.5854304663617,364
746137,592.3108551197085,189
746455,1354.7796282068623,318
746629,529.0454495232605,174
747092,2009.4674918461255,463
747318,716.1979122384748,226
747566,876.302223225477,248
747930,1464.3366716897783,364
748163,791.1811501888664,233
748542,1639.27084924659,379
748902,1363.766752687549,360
749263,1360.2952669201397,361
749479,681.6320369360683,216
749756,960.1478809668007,277
750000,840.3467901581018,244
750423,1759.6171594675354,423
750649,736.2007716361105,226
750855,648.2479727686198,206
751174,1304.468480939415,319
751652,2009.2730825833617,478
752119,1968.736212131106,467
752377,933.4194844722601,258
752703,1427.0837982622597,326
753095,1711.983922656496,392
753364,1046.5652901431706,269
753579,751.1004774006137,215
753803,764.0825600371977,224
754140,1305.8833187216378,337
754498,1424.166023936537,358
754834,1438.5122091071373,336
755154,1296.7635736113991,320
755429,973.6690309874444,275
755761,1284.0983646675209,332
755940,520.7680129671143,179
756310,1469.9504880782008,370
756681,1413.5778403644817,371
757069,1658.6753586527886,388
757441,1590.3537100042395,372
757705,929.2193530745435,264
758120,1769.6286707026395,415
758340,715.063695393702,220
758576,808.9503523493477,236
758705,308.53269364794727,129
759019,1248.0361592482184,314
759227,627.1193213593872,208
759603,1696.4216731344432,376
759962,1526.1810553345454,359
760287,1309.7739814562044,325
760830,2632.215310354424,543
761154,1128.2901758504074,324
761393,779.4757707671911,239
761645,805.4929081110914,252
761927,1000.8137213638017,282
762168,885.9974176982709,241
762388,702.848391842045,220
762618,748.2208114672586,230
762992,1614.8684834762525,374
763266,1033.9535943595868,274
763714,1781.9752528701335,448
763954,791.1930555398252,240
764186,755.9988313224097,232
764508,1306.4238272854348,322
764740,766.4304606415096,232
765045,1218.2216418618475,305
765519,2018.7162989765407,474
765916,1524.9849659053934,397
766014,220.31558059660804,98
766445,1895.2622516347676,431
766922,1994.056411560651,477
767165,806.2666436986046,243
767521,1361.9496350852648,356
767764,839.5699851677854,243
768010,868.6486416905419,246
768382,1588.8198520798153,372
768579,616.2990579222084,197
768829,927.643707014701,250
769269,1857.5657609196728,440
769653,1593.2244803992396,384
770019,1508.2138664825661,366
770366,1374.9506167631714,347
770582,622.233335656055,216
770920,1246.4694978559828,338
771191,981.1748555460708,271
771415,747.4915847509167,224
771840,1715.3448245508662,425
772033,612.8989657163323,193
772234,633.766803045226,201
772600,1623.267504892766,366
772882,1055.4310756997468,282
773143,907.5279931823595,261
773379,813.7744864003511,236
773771,1678.459961812427,392
774080,1176.7843266901377,309
774420,1283.073382258209,340
774690,958.1114459175425,270
774893,599.2601732917683,203
775244,1361.3169255952046,351
775466,663.83126553905,222
775699,782.3963576613354,233
775949,895.9832735877117,250
776092,342.4045877993789,143
776552,2028.9335749892994,460
776817,797.116946151625,265
777051,726.9149146145883,234
777515,1940.1517627719645,464
777830,1295.975403817139,315
778074,837.3124503465433,244
778446,1426.9082996826721,372
778679,781.8913144908084,233
779008,1364.9833361883782,329
779206,579.4779063281222,198
779479,950.2547307830629,273
779735,839.9384203471371,256
780110,1488.608677627969,375
780341,790.158398795512,231
780787,1972.1528197321,446
781113,1378.8381226072615,326
781334,725.2801141562961,221
781558,730.3314101930772,224
781806,889.4475747119108,248
782040,758.7105789946684,234
782269,745.2240007539858,229
782754,2121.104559081769,485
783250,2080.239455187688,496
783586,1387.2270933111095,336
783914,1291.27386015265,328
784163,929.0712038909453,249
784506,1404.825574442881,343
784921,1841.2978578480322,415
785220,1091.728049831373,299
785633,1620.587919739829,413
785885,867.7435503112115,252
786226,1394.1910999928737,341
786429,619.747895130456,203
786793,1386.3629634680892,364
787306,2099.074178253333,513
787642,1338.6331539420614,336
787910,984.8863218514564,268
788248,1442.4460818103569,338
788518,876.1858729071714,270
788870,1366.4959497525801,352
789418,2313.382784103947,548
789828,1727.8088541429165,410
790040,673.7491447896781,212
790259,690.6628100663366,219
790604,1437.786355987653,345
790988,1491.983938694787,384
791387,1569.950605154645,399
791750,1551.0044267791388,363
792164,1822.7182964244398,414
792396,769.2546266165998,232
792711,987.3009966769455,315
793084,1522.3529492514008,373
793344,910.201653033327,260
793574,750.7073700630732,230
794006,1939.1316255082565,432
794339,1328.4272722020885,333
794785,1903.6024087338071,446
795073,1103.7069872101456,288
795316,848.9247443093648,243
795716,1708.8903046330242,400
796040,1264.6247241515218,324
796254,679.1122461679528,214
796585,1323.0789617808055,331
796995,1915.634097672252,410
797408,1694.7581228145873,413
797729,1306.2142082594844,321
798091,1424.9835333322806,362
798502,1771.7107289128987,411
798804,1114.9104049415757,302
799191,1737.89148910028,387
799528,1285.7043427287729,337
799923,1491.775848210326,395
800288,1562.6026351965256,365
800542,1003.5789332014197,254
800809,852.9614688498338,267
801182,1552.0493929790382,373
801565,1595.888224155233,383
801805,814.7873787762979,240
802109,1184.4090661503726,304
802347,834.0567961509663,238
802707,1546.4395137636327,360
802972,987.6900904459216,265
803319,1377.120547927162,347
803593,1018.5587090440769,274
803853,930.1036934235614,260
804091,778.9405133101039,238
804463,1482.4569245053376,372
804739,1081.4551653504036,276
804993,918.9650854549541,254
805168,516.6927803154475,175
805401,751.9650438122022,233
805651,872.3651328380247,250
805998,1386.890534754571,347
806392,1723.082144186257,394
806905,2353.3029481159942,513
807238,1488.7384735466148,333
807702,2018.4828216080452,464
807954,830.977128614201,252
808170,710.3104675379573,216
808443,912.9114620310511,273
808677,790.1445033924336,234
809013,1397.4855895040494,336
809256,863.4466703249586,243
809491,793.3602033064411,235
809834,1309.136387285804,343
810155,1320.4012005922762,321
810539,1588.9902018804703,384
810935,1768.4066134854309,396
811163,773.2684334452653,228
811640,2129.4272909269116,477
811872,785.3428683232531,232
812095,779.9554101842765,223
812346,963.2016400172959,251
812607,982.4553154211602,261
812977,1604.640955128407,370
813338,1605.7192244107139,361
813590,846.1015935782602,252
813774,522.5356566379668,184
814034,941.5535362974863,260
814468,1931.5784281531867,434
814789,1300.9961837331903,321
815160,1436.4145306346982,371
815530,1430.3724292343863,370
815789,980.9008307164049,259
816044,909.2085041510735,255
816515,2152.105863409806,471
816771,930.7392692111986,256
817101,1302.5191019876145,330
817650,2490.455108449408,549
818016,1522.7621923289587,366
818400,1545.8403882686334,384
818819,1837.469911854858,419
819134,1277.3775503560905,315
819508,1697.5845810139465,374
819765,874.4599034520783,257
819973,700.9817134521649,208
820328,1506.2085750273513,355
820600,1058.7950034451035,272
820825,772.8907206741285,225
821071,899.932812304107,246
821476,1735.2311704555461,405
821915,1954.3014916397913,439
822247,1322.5257567631816,332
822508,985.9785256850026,261
822776,911.7880724996679,268
823040,961.8093253147717,264
823312,971.0081277940839,272
823734,1796.5893450670073,422
824075,1495.5001005702038,341
824425,1390.743831128997,350
824667,807.5421057909556,242
824932,932.8980802328866,265
825226,1062.2731020429599,294
825440,718.298557171671,214
825788,1485.4710972838827,348
826092,1185.6799162595155,304
826341,866.581324524004,249
826881,2413.3438183830626,540
827137,927.5276861380744,256
827393,850.9323373871443,256
827762,1476.37908708323,369
827998,852.8012757360933,236
828398,1756.6085320055029,400
828610,707.9937116929294,212
829087,2337.5209251415386,477
829370,990.1213601490023,283
829613,777.2998004762336,243
829924,1212.952036264734,311
830346,1579.8238524794767,422
830621,895.8811236339008,275
830866,777.185664079144,245
831113,843.7563242843245,247
831376,860.5238308179756,263
831802,1813.311421359229,426
832058,872.9528246652978,256
832255,621.5405128855124,197
832496,828.4658322687808,241
832764,915.768788709467,268
833104,1489.467538901305,340
833502,1758.4788407392114,398
833992,2146.992887124014,490
834250,945.2882104547849,258
834520,923.1702062021035,270
834878,1483.9946045031236,358
835441,2526.669747196202,563
835693,881.4791364071192,252
836026,1250.1217737957086,333
836374,1305.612202728937,348
836813,2029.066842700908,439
837075,951.3005499389841,262
837338,843.0432626101783,263
837577,793.3558346643039,239
838071,2074.6148638064988,494
838446,1523.8235742657353,375
838699,947.6183254435637,253
839069,1536.5659557763336,370
839399,1172.5704465544643,330
839815,1816.260465591283,416
840024,662.8212778574999,209
840369,1356.6376808075647,345
840808,1809.4279159049036,439
841127,1211.9666710655915,319
841441,1145.900973825945,314
841920,2173.7150605329584,479
842448,2410.6360616999714,528
842665,707.6072244933024,217
842975,1210.1886208585986,310
843477,2319.1027828488727,502
843948,2194.9661266465155,471
844196,854.9713915693627,248
844685,2017.3430022628027,489
845205,2356.1268418910413,520
845442,796.5205076830034,237
845663,689.8365199793213,221
845873,716.5474011603701,210
846267,1509.060945103417,394
846515,860.8641072548911,248
846851,1336.7028972049752,336
847143,1180.420498353546,292
847525,1608.103557397433,382
847716,569.8341090392412,191
848002,1066.35329645038,286
848230,797.6555101270109,228
848465,797.7342031293164,235
848679,727.8941066177346,214
848870,578.0013581579436,191
849101,816.561405625822,231
849654,2468.484654218688,553
849881,752.1052472960748,227
850123,825.3616379759404,242
850558,2074.159107468124,435
851017,1994.1874275430926,459
851243,818.0430368960263,226
851683,1787.7055582032358,440
852042,1461.7668247706092,359
852577,2290.3058997735357,535
852834,905.1580118318676,257
853330,2152.4167109958858,496
853556,696.0723667040686,226
853970,1984.0888137995412,414
854314,1466.777988139758,344
854575,934.5521426864086,261
854729,440.49576134867834,154
855056,1280.2510494476705,327
855372,1269.9216225751768,316
855912,2614.6532342799715,540
856170,907.3324604401378,258
856433,963.2238290745522,263
856776,1349.1860600717823,343
857051,1022.3767371626508,275
857495,1942.0749017428839,444
857733,814.0204551712341,238
858158,1729.121387924005,425
858408,867.8559791520316,250
858646,855.8132465874155,238
858878,725.0185318757224,232
859095,705.8211916062706,217
859401,1193.4917463934644,306
859913,2366.542480081224,512
860124,642.5804531183509,211
860685,2666.9175760257995,561
861167,2021.9613493454342,482
861423,914.0691794748531,256
861656,818.4147158468695,233
861911,931.0537737600635,255
862312,1765.8632861262113,401
862708,1491.8338894892493,396
863037,1423.614061611855,329
863330,1015.9683108747688,293
863716,1732.945445206202,386
864058,1315.2008212296425,342
864416,1627.8527671625166,358
864652,863.0489167339831,236
864912,871.6270430352635,260
865237,1299.7346640190738,325
865718,2105.975170621163,481
866161,1906.8001049600962,443
866395,754.2319163260555,234
866888,2146.1603088204465,493
867243,1527.5983438926742,355
867461,756.482255654251,218
867694,824.7112040467302,233
868216,2466.1452669167516,522
868526,1144.4843788413775,310
869032,2175.9539356307273,506
869265,760.652022030458,233
869635,1556.9640101361426,370
869851,776.5707541295276,216
870131,1088.5773154940587,280
870371,871.3005228742687,240
870685,1258.8660072421515,314
871192,2279.194986614627,507
871426,844.3381148524769,234
871698,968.7848907477287,272
872082,1660.5571222938893,384
872428,1313.3472071909353,346
872896,2356.496958127574,468
873236,1487.8541361047012,340
873671,1815.0408813190693,435
873859,623.797834509926,188
874162,1117.786808059152,303
874541,1569.0988448473643,379
874964,1946.0761290076491,423
875221,912.7389251774374,257
875643,1908.6079736845484,422
876024,1604.0348672601006,381
876267,751.2983944889055,243
876682,1754.7784007331506,415
877204,2325.6494498267593,522
877501,1162.9450496485192,297
877821,1227.8152365455594,320
878198,1712.8255709458565,377
878530,1398.5057707784747,332
878904,1460.283244754331,374
879401,2348.910340720166,497
879816,1967.4933860410927,415
880115,1081.936009493154,299
880400,1105.561911828343,285
880655,905.7233418667638,255
880855,679.7445228613053,200
881348,2159.4452315577137,493
881773,1784.5662201754697,425
882195,1806.991945855474,422
882465,947.5593796772313,270
882825,1407.944374748196,360
883204,1591.3358926111775,379
883473,919.2335414089699,269
883709,812.6924873239293,236
883957,860.0744058017218,248
884258,1208.4178675685707,301
884520,816.2509469588044,262
884791,1015.7086312150378,271
885134,1474.6030064944537,343
885404,1026.0623757976994,270
885605,655.6274034360123,201
885868,943.020907780472,263
886324,1970.2122618259589,456
886711,1623.095672827054,387
886823,262.54738046515416,112
887072,897.4521696942877,249
887513,1960.6174964665531,441
887742,799.1077708397952,229
887965,735.9315327127747,223
888193,815.1884336426998,228
888469,1015.9561514835458,276
888732,952.873801146201,263
889198,1982.9769155884571,466
889662,1985.623602105434,464
890104,2013.6256261888677,442
890470,1627.6708641468367,366
890720,825.5676621942656,250
891178,1886.7034940458823,458
891516,1348.2001727602403,338
891757,841.1997058338438,241
891991,821.1452507779667,234
892267,1044.0770856721529,276
892597,1288.9328850124436,330
892829,810.2451007552397,232
893195,1593.5762251228011,366
893434,753.2335322483161,239
893705,1001.2107297964332,271
893921,738.4523343129378,216
894280,1663.9003291933932,359
894517,875.3980744744146,237
894735,672.2660585429912,218
895094,1476.1722503118744,359
895334,821.4420965726127,240
895674,1315.5279931236278,340
895898,765.1307926418818,224
896138,772.186309421101,240
896457,1355.21459775807,319
896827,1656.5204880315878,370
897305,2137.5694003652425,478
897542,771.9289796355085,237
897916,1563.2544932968985,374
898263,1323.85550302987,347
898608,1480.8186852057497,345
898916,1207.9577919126864,308
899167,907.358525984351,251
899531,1534.6177485498426,364
900182,2903.7088262874204,651
900576,1664.9995740264048,394
901087,2314.4579477564857,511
901535,2073.2281041563688,448
901849,1395.5127156474462,314
902163,1281.3528826386787,314
902290,320.5535636583502,127
902696,1588.1657393749017,406
902926,828.2405369100567,230
903303,1690.7258251070275,377
903606,1185.5389284320163,303
903938,1270.0432778056424,332
904205,962.3230039933258,267
904449,836.4933477923664,244
904939,2120.6982674531323,490
905218,1066.0746597343693,279
905510,1102.8338476433898,292
905927,1901.6090310500829,417
906417,2200.7975797385748,490
906767,1314.6493928198659,350
907002,760.3626636897064,235
907365,1304.795785914226,363
907774,1697.5659352008781,409
908008,803.1392155121357,234
908392,1681.3014839997154,384
908728,1349.0439042407293,336
909158,1796.0679523388733,430
909392,760.7973173335548,234
909634,789.0561974164457,242
910036,1661.72211984364,402
910269,787.5984159361064,233
910611,1477.967678049861,342
911019,1992.9714936668734,408
911363,1383.2927311502378,344
911680,1340.9155636595146,317
912100,1840.3879482890568,420
912553,2087.9503058975292,453
913074,2449.185687090923,521
913322,959.6981387151048,248
913534,707.3816810575174,212
914027,2344.354684757562,493
914264,774.7961737055704,237
914681,1833.289490789038,417
915004,1322.1713674344526,323
915386,1739.1021308135241,382
915743,1553.4383130081449,357
916307,2565.59755134441,564
916549,947.60299216672,242
916796,848.6120366191665,247
917145,1419.2082564960176,349
917598,1814.8992489240243,453
917994,1713.9497520958894,396
918437,2192.6729684906354,443
918798,1562.1457098609633,361
919350,2605.4458490900406,552
919565,704.6090534088625,215
919782,794.1910304089191,217
919903,301.5835498700337,121
920179,959.2735676926976,276
920491,1279.533502081384,312
920857,1596.519518521498,366
921193,1369.8178273819694,336
921444,856.6376234016241,251
921686,893.8348269546503,242
921923,784.2650054079796,237
922196,1053.0701388495506,273
922568,1485.6175765541614,372
922918,1451.9567567908655,350
923241,1362.668776561941,323
923650,1858.836383909314,409
923921,964.7566409870055,271
924274,1431.9851421668716,353
924774,2386.475636147108,500
924993,664.4860603714194,219
925278,1024.1458634663031,285
925651,1555.302941340325,373
926072,1922.8443388867202,421
926531,2171.549798980713,459
926796,932.4141953892697,265
927179,1536.7721023509343,383
927545,1405.2369155861302,366
927952,1894.6960880859738,407
928279,1269.4112215114203,327
928655,1683.7031338161153,376
929070,1710.0760621386733,415
929612,2530.6040954904024,542
930051,2022.4867855225066,439
930298,918.8558327086909,247
930691,1705.9865597341425,393
931106,1715.700824747824,415
931406,1192.99894445685,300
931674,1030.0256754890436,268
931927,870.8588017402236,253
932209,1097.6281782693502,282
932463,991.6670261299121,254
932976,2121.342328717714,513
933480,2329.455974097851,504
934033,2466.063711700944,553
934258,742.2730465560225,225
934497,834.5967990247962,239
934924,1849.8065824897355,427
935297,1617.4177331323556,373
935696,1657.297477445385,399
935910,694.1429905244222,214
936269,1365.0317189070608,359
936520,923.7184455814596,251
936893,1506.4163468389856,373
937444,2404.77276985227,551
937679,823.9662143135653,235
938084,1658.372251745001,405
938454,1589.946166885202,370
938849,1653.262031232435,395
939067,730.9356566231478,218
939310,825.7281830412041,243
939849,2521.9543592340215,539
940107,923.9035920393036,258
940385,994.8112056816735,278
940583,625.234508794101,198
940933,1497.7253375154935,350
941261,1288.8080870214246,328
941716,2027.3359209781026,455
942111,1665.3685368894471,395
942384,1104.4205828011172,273
942622,847.1535807132119,238
943022,1655.4149386499857,400
943482,2173.902403304859,460
943705,714.5463661064009,223
944066,1345.174687299167,361
944545,2263.46152906106,479
944767,727.9511910488349,222
945118,1475.0554578116557,351
945403,973.4864701092363,285
945858,2076.9008216120615,455
946269,1773.0224387308706,411
946548,1033.0083032599437,279
946872,1289.2173549892398,324
947400,2481.7434389816467,528
947803,1822.486995431288,403
948065,968.2152689498436,262
948440,1529.1808960238468,375
948647,660.3972944388474,207
948873,817.5042904517659,226
949109,772.01904633064,236
949334,664.9264817488488,225
949568,763.8045990307072,234
950136,2531.745905119963,568
950459,1277.6925278766535,323
950783,1441.7068959969706,324
951085,1087.351008744695,302
951318,735.844484552393,233
951690,1675.056608825614,372
952085,1770.6308216315667,395
952626,2549.0021652356586,541
952801,528.5836345451286,175
953114,1337.7326499558492,313
953552,1951.703946763994,438
953756,668.1450478827832,204
954319,2621.3898019901776,563
954665,1516.0809125012795,346
954989,1308.146426200365,324
955355,1634.3733689569706,366
955680,1382.5749396262604,325
956019,1388.71523224368,339
956247,810.2253990089326,228
956611,1582.9898184366343,364
956856,855.1550756615599,245
957341,2201.9536659356463,485
957666,1390.1984233591882,325
958086,1910.6626674262907,420
958423,1450.207846886022,337
958640,740.751539993985,217
958842,666.8568298384545,202
959077,884.9336144761493,235
959331,835.3701254904137,254
959850,2469.0731284886824,519
960148,1049.6823583642251,298
960389,832.9490069174557,241
960651,938.9089261724264,262
961060,1978.117272294713,409
961339,1099.8492610841777,279
961706,1491.8650593427037,367
962006,1267.4479278504912,300
962482,2082.7273277302425,476
962774,1112.3884398649075,292
963155,1703.9052465561056,381
963387,750.1937399358671,232
963655,1015.8699287828217,268
963932,1148.8470305500134,277
964154,816.4016859555043,222
964660,2428.681480768606,506
965027,1635.5620882809114,367
965274,890.512298136605,247
965684,1909.1115702609236,410
965932,975.0201932945629,248
966273,1455.581981558397,341
966717,2076.003451446687,444
967119,1772.060714400555,402
967489,1598.5216897804817,370
967805,1313.1291388959546,316
967916,268.0501954720955,111
968264,1437.7545780799446,348
968518,949.6662600001818,254
968662,392.07239664816007,144
969094,1927.8484094809926,432
969614,2268.2730479483334,520
969850,787.2621523954915,236
970257,1812.2624812616546,407
970624,1654.8472377338767,367
971137,2320.307676968243,513
971476,1356.4338247702317,339
971659,587.6309394397301,183
971874,682.9773228747573,215
972067,606.2579427622064,193
972566,2273.614367727871,499
972996,1865.849160681733,430
973214,662.6418117459442,218
973460,850.390042220204,246
973780,1173.421405404555,320
974275,2328.5078347895146,495
974671,1786.1917633501853,396
974908,833.8407790551696,237
975201,1116.2594183725384,293
975704,2312.1163741279015,503
976107,1774.1032253145258,403
976514,1833.0095630044634,407
976749,832.8798398213014,235
977084,1342.7602201584157,335
977512,1906.3540871725368,428
977955,1954.824390967151,443
978377,1886.9910552614224,422
978811,1906.093100505273,434
979223,1615.8535121648463,412
979716,2167.41941601091,493
980001,1134.0236661460244,285
980250,880.8627065318459,249
980607,1505.9222397419721,357
980892,1022.6529810717583,285
981348,2060.4519010265635,456
981611,1001.0093522273696,263
981991,1586.8628320555636,380
982226,781.6610267384914,235
982593,1650.1827296972122,367
982954,1601.754061161389,361
983372,1729.988757630977,418
983680,1245.9912174187737,308
983999,1291.2164218291764,319
984366,1765.1234210278337,367
984591,768.3330209325869,225
984820,821.9414801112056,229
985078,950.717465417334,258
985412,1446.8436520706505,334
985924,2297.1465291201425,512
986159,857.8929008776897,235
986391,812.6801678224859,232
986742,1543.131874298006,351
987227,2181.631553229073,485
987662,1978.8409213493212,435
988054,1672.5009298058549,392
988450,1633.3341267099208,396
988724,1037.3090188863998,274
989101,1543.7506197498763,377
989346,857.6541322423902,245
989717,1528.5341809469842,371
989948,865.6269341851968,231
990149,613.0033504856874,201
990544,1644.5710761070445,395
990801,847.5881992378523,257
991212,1743.1909808327785,411
991621,1705.9906413125962,409
991971,1404.6897495901353,350
992378,1771.3191235866395,407
992779,1590.5279523054733,401
993183,1818.6322650849763,404
993564,1604.9422041382024,381
993861,1207.1697771414208,297
994122,1007.9889280571828,261
994433,1246.7285655352018,311
994774,1365.0980041757664,341
995110,1387.4269510745096,336
995407,1115.5764528949123,297
995671,909.1537071460447,264
996088,1946.6925031464807,417
996321,828.90027482705,233
996821,2270.4948825471674,500
997362,2520.2203098525847,541
997601,805.906633972849,239
997810,720.2962261999241,209
998066,866.6536270932113,256
998368,1066.9312200089728,302
998773,1778.8132734653211,405
999124,1393.5788927306937,351
