global_step,return,length
50,-57.15025362898965,50
100,-63.971525267544735,50
150,-62.33706817777426,50
200,-57.7687026183669,50
250,-58.85767793106094,50
300,-58.0928478944861,50
350,-63.43635496285636,50
400,-58.0800757368748,50
450,-58.82633725647215,50
500,-60.48736646280959,50
550,-58.015681068639054,50
600,-64.11072229948097,50
650,-66.3918610201042,50
700,-61.25210013443822,50
750,-66.45949095909401,50
800,-65.74802005016359,50
850,-64.97351210456664,50
900,-58.47680049748161,50
950,-51.309403244313685,50
1000,-67.62493034703937,50
1050,-62.74259112637697,50
1100,-71.14852629584955,50
1150,-61.011245172890696,50
1200,-67.30079406408204,50
1250,-54.13186789686445,50
1300,-66.85922353192838,50
1350,-64.76234514798863,50
1400,-59.416114083522636,50
1450,-58.209306167883334,50
1500,-60.00689455473351,50
1550,-51.99521303921271,50
1600,-58.714136072515494,50
1650,-56.84006266099033,50
1700,-71.14117226574187,50
1750,-57.56638273768641,50
1800,-64.0336035076819,50
1850,-59.8366344515493,50
1900,-59.632110325326515,50
1950,-60.22859805067016,50
2000,-59.558342408580536,50
2050,-58.49937952770227,50
2100,-64.08257646676603,50
2150,-61.587816897654236,50
2200,-56.55138171393594,50
2250,-65.55468588683729,50
2300,-55.30184296797088,50
2350,-60.55300616213943,50
2400,-60.517165930690794,50
2450,-60.23125621034877,50
2500,-58.93218196706904,50
2550,-62.8803642345332,50
2600,-57.675456583921466,50
2650,-64.92911020685757,50
2700,-61.29680447452109,50
2750,-63.133263416738544,50
2800,-51.855952874675,50
2850,-53.66236670573298,50
2900,-63.58736882301064,50
2950,-61.96141280129929,50
3000,-60.76893350566483,50
3050,-64.98165700268541,50
3100,-57.53743439521286,50
3150,-64.14892441113753,50
3200,-65.43034179916017,50
3250,-67.68442904738595,50
3300,-63.6326999650671,50
3350,-65.96921427991076,50
3400,-58.72369429447819,50
3450,-51.23794441687783,50
3500,-62.185745398391774,50
3550,-65.77062450325093,50
3600,-68.54896105360365,50
3650,-58.473246513774804,50
3700,-62.86076695090787,50
3750,-70.91106894748862,50
3800,-59.77187149735312,50
3850,-58.55687366270324,50
3900,-60.65116602348109,50
3950,-67.60135048507009,50
4000,-59.670656832782534,50
4050,-60.015896147704225,50
4100,-62.45415610412458,50
4150,-61.200298549175386,50
4200,-60.171969977144244,50
4250,-62.97770270586913,50
4300,-62.251198714352455,50
4350,-62.99202946081531,50
4400,-61.925364474518375,50
4450,-58.68413712657739,50
4500,-60.15294571010868,50
4550,-53.87945507948679,50
4600,-58.154195225287886,50
4650,-65.36211774032152,50
4700,-57.63834974524054,50
4750,-64.2745198056955,50
4800,-61.1449167441756,50
4850,-62.96263793597837,50
4900,-55.53561497520019,50
4950,-63.73522081471791,50
5000,-50.93442628383204,50
5050,-64.68137018411404,50
5100,-72.70137744732305,50
5150,-53.982712295554094,50
5200,-65.88844272829424,50
5250,-68.51934336622497,50
5300,-56.699708798632074,50
5350,-57.97208388629827,50
5400,-67.70048803473057,50
5450,-60.43172964369204,50
5500,-64.68925917899624,50
5550,-61.693747179956404,50
5600,-63.82587258680983,50
5650,-56.12472377322217,50
5700,-58.8251804565598,50
5750,-53.537157920489406,50
5800,-56.00094801874167,50
5850,-57.64800078102413,50
5900,-59.93613449016562,50
5950,-63.87755736367765,50
6000,-68.6588581835149,50
6050,-53.62062911862234,50
6100,-56.50552902819804,50
6150,-64.89300984014845,50
6200,-55.32069395071725,50
6250,-56.30298111182577,50
6300,-60.65378801492341,50
6350,-60.964684440424655,50
6400,-58.827030875930184,50
6450,-58.55966728891559,50
6500,-66.01100152343908,50
6550,-49.900114333082165,50
6600,-63.30894485260328,50
6650,-54.50294580392751,50
6700,-61.767120895347134,50
6750,-58.04660520768637,50
6800,-54.306953305031705,50
6850,-65.57704761186346,50
6900,-54.56545451303182,50
6950,-62.129395782708364,50
7000,-52.71321503327562,50
7050,-56.17883740919927,50
7100,-62.25153397568675,50
7150,-58.41950862054572,50
7200,-57.00903724638819,50
7250,-58.24316979475131,50
7300,-67.12437829663867,50
7350,-62.3591859330851,50
7400,-58.711809611894175,50
7450,-49.779652230135916,50
7500,-52.861244630274626,50
7550,-57.55949236910088,50
7600,-63.37575739552305,50
7650,-55.796352778313924,50
7700,-64.46733793408494,50
7750,-57.44516824974252,50
7800,-59.98513988610403,50
7850,-58.22605566638587,50
7900,-58.25842634181741,50
7950,-61.22269792489775,50
8000,-57.475865429014384,50
8050,-63.782094308222895,50
8100,-55.21851113724479,50
8150,-60.75910059969952,50
8200,-58.86008629590416,50
8250,-58.84722924416451,50
8300,-67.80410085845223,50
8350,-61.51857028273805,50
8400,-54.23424054897905,50
8450,-58.80229763531082,50
8500,-51.01148349343729,50
8550,-54.791735101900855,50
8600,-55.016382875767675,50
8650,-63.73990294087519,50
8700,-64.91546604101794,50
8750,-52.40290218555834,50
8800,-63.25152377629365,50
8850,-59.76201710106882,50
8900,-64.16774440256383,50
8950,-54.13961355647956,50
9000,-53.917127500843826,50
9050,-51.78696390732161,50
9100,-63.90821024623274,50
9150,-54.68420402512759,50
9200,-59.951753364282865,50
9250,-57.073100009890425,50
9300,-61.055059229168364,50
9350,-55.63332073427231,50
9400,-56.80912049902033,50
9450,-60.6386099057769,50
9500,-55.83132608026646,50
9550,-54.61850575410671,50
9600,-57.03469601741213,50
9650,-55.49018064532723,50
9700,-66.02395839217337,50
9750,-61.437642601856865,50
9800,-53.917190751777916,50
9850,-60.93156653432723,50
9900,-65.59946482056728,50
9950,-62.29468402069355,50
10000,-58.235516279997896,50
10050,-62.6995296897005,50
10100,-49.8468941198807,50
10150,-65.97144141599372,50
10200,-53.27546472008505,50
10250,-56.352491354541655,50
10300,-57.75112284095996,50
10350,-53.293468932953715,50
10400,-66.0202822939618,50
10450,-52.688535912793235,50
10500,-66.38293111507832,50
10550,-67.37021528892315,50
10600,-56.25625153450486,50
10650,-49.23193735945851,50
10700,-49.25752356408689,50
10750,-54.26378281276331,50
10800,-53.92669790184845,50
10850,-53.66923980046455,50
10900,-57.62582658840697,50
10950,-56.85367761394546,50
11000,-60.981272283126316,50
11050,-59.831473089617056,50
11100,-59.515848971006136,50
11150,-58.05571133911372,50
11200,-60.52491941048096,50
11250,-53.64686547634301,50
11300,-50.4126201375511,50
11350,-56.04759645265262,50
11400,-57.662254925036684,50
11450,-51.96787565254611,50
11500,-54.81002350015741,50
11550,-54.19089053680272,50
11600,-57.02779259866556,50
11650,-53.28143084736781,50
11700,-55.9691296736958,50
11750,-56.80760858947017,50
11800,-50.86547491828853,50
11850,-51.8117685365772,50
11900,-64.54016280533286,50
11950,-58.91620708719086,50
12000,-50.97642720375912,50
12050,-55.54556968774779,50
12100,-52.83357390686223,50
12150,-52.362879853198734,50
12200,-51.72055488439067,50
12250,-54.61316446151137,50
12300,-51.40617799606684,50
12350,-62.78433622611428,50
12400,-54.867212055897035,50
12450,-54.913627761181495,50
12500,-51.170164256177046,50
12550,-57.83098839263991,50
12600,-50.30745561991385,50
12650,-55.3016622430349,50
12700,-54.83073858894128,50
12750,-51.35622240753744,50
12800,-64.93459119372977,50
12850,-62.133332278339395,50
12900,-49.252620341464066,50
12950,-57.23353596399969,50
13000,-56.718013844177065,50
13050,-58.480629841375105,50
13100,-53.220730350313715,50
13150,-55.89633169710269,50
13200,-61.26117118827821,50
13250,-58.18787983941887,50
13300,-59.690918057842794,50
13350,-58.39576544441213,50
13400,-54.86941972158699,50
13450,-56.72789261165643,50
13500,-59.839611201972055,50
13550,-55.41294166531478,50
13600,-62.169367205266425,50
13650,-50.09852618025735,50
13700,-62.390694130955175,50
13750,-55.15346757423501,50
13800,-51.903457509907,50
13850,-49.72036351064865,50
13900,-54.02104561412108,50
13950,-66.41746880154456,50
14000,-56.6926723518638,50
14050,-56.34907803589081,50
14100,-50.350078926009935,50
14150,-56.58041420243091,50
14200,-57.0523199243438,50
14250,-60.65288291805493,50
14300,-56.61449792283547,50
14350,-50.429188231770425,50
14400,-62.18249510881805,50
14450,-59.10549644425359,50
14500,-60.49119138978733,50
14550,-58.019070108816265,50
14600,-65.52029005404677,50
14650,-59.66241028236741,50
14700,-62.64272791925567,50
14750,-56.09748497027771,50
14800,-52.73351982217208,50
14850,-52.64758644274284,50
14900,-56.133847446766346,50
14950,-54.95845534960627,50
15000,-61.733870241769374,50
15050,-63.46985971156575,50
15100,-55.70228716183348,50
15150,-52.65631680529559,50
15200,-52.468804878460595,50
15250,-55.35147004412233,50
15300,-49.55788961042732,50
15350,-61.44573786658162,50
15400,-57.29985239745803,50
15450,-52.21274340976219,50
15500,-53.66788867474751,50
15550,-58.23677720737296,50
15600,-64.52178880219901,50
15650,-57.33568137459349,50
15700,-53.823764306297726,50
15750,-54.11796386162147,50
15800,-49.81702443815631,50
15850,-61.56733046854968,50
15900,-56.55057531488992,50
15950,-55.846889291153175,50
16000,-60.868387006093506,50
16050,-60.28483973910357,50
16100,-58.481604614602354,50
16150,-53.37735039108865,50
16200,-54.705791297262024,50
16250,-56.76431887310019,50
16300,-52.99410887105234,50
16350,-60.98193816905932,50
16400,-55.15944098675244,50
16450,-52.17186160352856,50
16500,-51.56100433315758,50
16550,-55.29752869446059,50
16600,-55.35563566070896,50
16650,-58.033676252756216,50
16700,-58.70983005191267,50
16750,-59.51510791504293,50
16800,-50.60270047646785,50
16850,-57.316482534729104,50
16900,-51.471623216010755,50
16950,-54.99540175862154,50
17000,-55.90924338620733,50
17050,-56.550927300174216,50
17100,-56.96914624888933,50
17150,-52.41562108248091,50
17200,-53.79231477291287,50
17250,-50.813858351032245,50
17300,-59.265224173547765,50
17350,-56.95702515835238,50
17400,-65.64813808243873,50
17450,-57.51775396695315,50
17500,-60.16103443873471,50
17550,-55.185010566148186,50
17600,-59.74518227751903,50
17650,-54.34024365909805,50
17700,-46.004065489088134,50
17750,-54.07417171196128,50
17800,-64.83586627060816,50
17850,-57.70119543186256,50
17900,-48.89659123340979,50
17950,-56.653870454069114,50
18000,-47.85599418894337,50
18050,-66.31926490515588,50
18100,-54.069765083749836,50
18150,-54.997483233472266,50
18200,-51.334530341740866,50
18250,-63.34689814566325,50
18300,-53.0248474452053,50
18350,-49.12063152174012,50
18400,-53.54575142393484,50
18450,-55.79659941379911,50
18500,-50.82014532384367,50
18550,-51.63946394262357,50
18600,-47.989431364234804,50
18650,-52.371386140745805,50
18700,-53.11231564187669,50
18750,-57.09882898007598,50
18800,-47.93053475081101,50
18850,-48.844530590011395,50
18900,-64.69381861143356,50
18950,-45.361476817698005,50
19000,-49.123346847484406,50
19050,-61.56709658145024,50
19100,-55.36469315214504,50
19150,-57.93184620048148,50
19200,-56.69219134782094,50
19250,-52.87832947390157,50
19300,-51.1520774883072,50
19350,-64.1123210213711,50
19400,-56.32935338138719,50
19450,-54.21988377393479,50
19500,-54.59214033129652,50
19550,-64.54690555277874,50
19600,-57.484086465282004,50
19650,-54.4175026460786,50
19700,-56.883981142989704,50
19750,-53.35867126446416,50
19800,-55.54633628299448,50
19850,-57.54849050717343,50
19900,-56.31217639608004,50
19950,-51.6522992964091,50
20000,-53.9087270122769,50
20050,-57.922867018811665,50
20100,-53.20736563169097,50
20150,-52.13742063697318,50
20200,-50.70957626160286,50
20250,-58.5126636565178,50
20300,-58.440631749258884,50
20350,-56.368656947779854,50
20400,-56.82391399647637,50
20450,-50.598493163178794,50
20500,-53.99984171173553,50
20550,-49.24239080462035,50
20600,-56.018478585205195,50
20650,-47.69809371881488,50
20700,-58.70217905441419,50
20750,-48.211822448336775,50
20800,-53.50479913744603,50
20850,-53.98666034900996,50
20900,-52.726769925009776,50
20950,-52.44392794917941,50
21000,-48.79709121251969,50
21050,-45.84531271164319,50
21100,-46.14397945919522,50
21150,-55.893668368444565,50
21200,-51.36545866843694,50
21250,-48.545280378955866,50
21300,-45.639079927380145,50
21350,-50.65163971094544,50
21400,-54.290102837429934,50
21450,-59.70671587171478,50
21500,-59.17360320355863,50
21550,-55.70851157008006,50
21600,-48.093938502249934,50
21650,-57.12947460242512,50
21700,-51.1200548023829,50
21750,-50.972386719678475,50
21800,-65.17135419225146,50
21850,-63.59904160496142,50
21900,-57.776223994946825,50
21950,-51.846223078847494,50
22000,-55.63825727374344,50
22050,-58.31876706373576,50
22100,-49.946838556731976,50
22150,-50.89470890786383,50
22200,-58.25742887649035,50
22250,-57.109739422789374,50
22300,-49.80754006024868,50
22350,-50.24924331380309,50
22400,-60.75373394296014,50
22450,-53.81699823618988,50
22500,-55.90174405641965,50
22550,-57.84221234602475,50
22600,-52.8958341993951,50
22650,-55.31437298184239,50
22700,-59.079405954466594,50
22750,-51.27926107721735,50
22800,-51.69592673818291,50
22850,-50.97596351359285,50
22900,-58.588112546505634,50
22950,-59.06094410568803,50
23000,-55.77936375902842,50
23050,-63.381858644190515,50
23100,-50.678221970804806,50
23150,-51.688367435153936,50
23200,-40.209080825766236,50
23250,-51.61042621275991,50
23300,-58.804925428034906,50
23350,-51.50869715676162,50
23400,-51.25956363180595,50
23450,-52.657520445871924,50
23500,-57.870631547690614,50
23550,-56.34604172181231,50
23600,-49.4025451547876,50
23650,-59.747380033910595,50
23700,-50.58001727982697,50
23750,-54.0229582840744,50
23800,-59.2863955716762,50
23850,-51.115225762438804,50
23900,-61.07032334435518,50
23950,-55.485727165272664,50
24000,-56.81821411557463,50
24050,-57.75672418707273,50
24100,-50.850752248804035,50
24150,-54.482699281204326,50
24200,-49.47452517550964,50
24250,-55.85389511502889,50
24300,-51.46205004898729,50
24350,-59.15533094354197,50
24400,-56.24629737012949,50
24450,-49.89246391335775,50
24500,-50.038598166014246,50
24550,-59.49257918456954,50
24600,-50.23892708603175,50
24650,-51.3733289634989,50
24700,-60.8254501252782,50
24750,-46.31537307337246,50
24800,-62.26279103451803,50
24850,-55.628057532121176,50
24900,-55.14144785074008,50
24950,-59.69580244785417,50
25000,-56.42532518263,50
25050,-60.66051845252744,50
25100,-53.38420044593196,50
25150,-49.46943595071394,50
25200,-50.018813117819,50
25250,-57.08108176732391,50
25300,-52.30804330735698,50
25350,-49.90057858831062,50
25400,-49.999381750002556,50
25450,-57.59869657153623,50
25500,-58.33942570524172,50
25550,-56.068511934973984,50
25600,-50.936159144920204,50
25650,-51.62434569790623,50
25700,-56.4627199113526,50
25750,-49.13161752044822,50
25800,-58.959167374744545,50
25850,-56.482874741210836,50
25900,-52.78616260966348,50
25950,-56.10887050202331,50
26000,-44.26002200840856,50
26050,-58.77148605500651,50
26100,-50.839408198109425,50
26150,-56.80659579297543,50
26200,-56.79525167829092,50
26250,-49.43992560678796,50
26300,-57.08368087685863,50
26350,-58.344813783521,50
26400,-57.158838520055184,50
26450,-56.78842274177868,50
26500,-54.325806151440794,50
26550,-45.537282619422534,50
26600,-43.06807898086221,50
26650,-56.92301066829325,50
26700,-41.20275220902906,50
26750,-55.87050442823519,50
26800,-49.2744714957082,50
26850,-55.04878332208649,50
26900,-46.4183887645219,50
26950,-52.77664716208981,50
27000,-46.905497839652185,50
27050,-52.843033730138764,50
27100,-54.16517555454584,50
27150,-49.54367990484837,50
27200,-48.290986150462345,50
27250,-55.90896942016184,50
27300,-57.271236394401136,50
27350,-49.328311469826,50
27400,-47.71652820718724,50
27450,-45.273634544658236,50
27500,-50.745057398470856,50
27550,-52.222467805930656,50
27600,-50.55755166682228,50
27650,-46.90256459553752,50
27700,-49.503134580969025,50
27750,-50.18412594087993,50
27800,-62.47289297486457,50
27850,-55.84249750756927,50
27900,-51.33816324903853,50
27950,-50.92771781364238,50
28000,-54.32565009124593,50
28050,-49.85314141063442,50
28100,-55.711532084460586,50
28150,-52.76211476671636,50
28200,-48.471757202416704,50
28250,-51.363877953091404,50
28300,-52.61476819003088,50
28350,-47.35263783385069,50
28400,-49.204102574666265,50
28450,-52.15553458452934,50
28500,-53.07403474048796,50
28550,-47.76785818416633,50
28600,-52.21018475241387,50
28650,-58.09304491345367,50
28700,-57.07371262545154,50
28750,-47.37821581286764,50
28800,-57.96496363277172,50
28850,-48.216137634480525,50
28900,-52.647233113643075,50
28950,-51.867196228167856,50
29000,-50.293649955329066,50
29050,-51.839836221350694,50
29100,-53.91249156780673,50
29150,-50.71763674274952,50
29200,-51.6118351095383,50
29250,-53.56614448611657,50
29300,-55.64379140799121,50
29350,-59.311514740057675,50
29400,-51.34221551809268,50
29450,-51.68521032190879,50
29500,-54.534819581993794,50
29550,-46.27270056936712,50
29600,-44.14736799219291,50
29650,-49.64189823821999,50
29700,-53.27960243385045,50
29750,-54.85683958299497,50
29800,-59.957294000250556,50
29850,-54.49343917615493,50
29900,-53.39990243439444,50
29950,-56.866583519204184,50
30000,-49.954844654689296,50
30050,-47.476908610900615,50
30100,-48.74858533930413,50
30150,-42.40099009142627,50
30200,-53.00724993739316,50
30250,-46.30363598040909,50
30300,-48.413991406028046,50
30350,-56.933559172552414,50
30400,-57.16672346986793,50
30450,-48.69594904834132,50
30500,-50.78572530387829,50
30550,-52.462258752699725,50
30600,-49.25909639418128,50
30650,-50.19761008109936,50
30700,-42.834817558098536,50
30750,-55.353910442408456,50
30800,-49.56403190796979,50
30850,-49.705171806730235,50
30900,-52.34099744065387,50
30950,-55.319157628773894,50
31000,-52.01421591416116,50
31050,-56.895678189653935,50
31100,-50.039741107550846,50
31150,-52.52457957359936,50
31200,-54.73309941627708,50
31250,-46.37326911623966,50
31300,-55.63495553128599,50
31350,-54.11124582427808,50
31400,-50.16074084621196,50
31450,-56.37603291933044,50
31500,-45.03676407404006,50
31550,-45.07517814862176,50
31600,-54.96766459556505,50
31650,-56.993380901119764,50
31700,-65.7743164111624,50
31750,-54.50357698381268,50
31800,-54.14210519907207,50
31850,-54.46992886497129,50
31900,-48.20648557449855,50
31950,-56.508732477958254,50
32000,-50.731526956343686,50
32050,-56.18309983070058,50
32100,-47.806781357842695,50
32150,-51.576284345591105,50
32200,-49.632637388630634,50
32250,-49.96727898398374,50
32300,-45.925894141755855,50
32350,-41.63621340011208,50
32400,-56.79898281646489,50
32450,-48.594426857107315,50
32500,-49.78522984124127,50
32550,-57.633132906575725,50
32600,-55.89876230358827,50
32650,-54.19436276064768,50
32700,-57.87345538069248,50
32750,-57.26518244592794,50
32800,-56.38061388056371,50
32850,-50.45172560072581,50
32900,-52.01325506999176,50
32950,-56.349136909282386,50
33000,-48.74628310119831,50
33050,-50.6143246274252,50
33100,-53.129282983713736,50
33150,-61.83210304146002,50
33200,-56.11112071582422,50
33250,-54.718185373253654,50
33300,-57.68564865857724,50
33350,-51.5506921644525,50
33400,-50.21717596834952,50
33450,-46.88987027537888,50
33500,-52.04561762645689,50
33550,-47.763062182666346,50
33600,-54.67779762970184,50
33650,-52.82895920895856,50
33700,-46.24941861830723,50
33750,-52.183004385187616,50
33800,-58.47955349317226,50
33850,-49.03586103532975,50
33900,-54.59529841800089,50
33950,-56.26318252900746,50
34000,-53.59682066864044,50
34050,-45.68851563733214,50
34100,-60.702496925477675,50
34150,-54.21822548915863,50
34200,-53.46459033607181,50
34250,-56.580296701787354,50
34300,-50.57052050901247,50
34350,-48.405915166374065,50
34400,-58.686991327231304,50
34450,-58.48105734063915,50
34500,-49.434779045796255,50
34550,-44.4776185723823,50
34600,-48.45122801736186,50
34650,-53.6384006882746,50
34700,-52.29670342589946,50
34750,-46.03640783632984,50
34800,-53.2765875396917,50
34850,-47.385469815993496,50
34900,-47.02799541016601,50
34950,-43.900030468816816,50
35000,-56.436103373654625,50
35050,-52.72883573665134,50
35100,-47.500320300461915,50
35150,-41.842223321214746,50
35200,-58.29154045267076,50
35250,-55.05432742489078,50
35300,-53.398260886494484,50
35350,-55.387060599094525,50
35400,-48.330160200514584,50
35450,-50.80302074583104,50
35500,-47.21235832532864,50
35550,-56.586682415949916,50
35600,-49.99653260957496,50
35650,-51.215353501128455,50
35700,-55.449724969908885,50
35750,-46.68145611289929,50
35800,-49.992156930479496,50
35850,-50.093941489541706,50
35900,-48.880532454504184,50
35950,-56.02421285504505,50
36000,-49.1503121694078,50
36050,-50.54079543644417,50
36100,-50.456228178823245,50
36150,-47.24948613830905,50
36200,-55.12077729481774,50
36250,-53.08052120849065,50
36300,-43.81319953061267,50
36350,-55.07418872100594,50
36400,-50.09778569078555,50
36450,-58.23390540487134,50
36500,-46.66483769757895,50
36550,-61.38870944484085,50
36600,-50.89211493052269,50
36650,-49.78184295491125,50
36700,-55.77804207213151,50
36750,-46.934511603663154,50
36800,-50.15242693713463,50
36850,-53.84323867829125,50
36900,-48.4007908055399,50
36950,-51.68229940985811,50
37000,-47.21723981109795,50
37050,-55.29212320118767,50
37100,-47.241812610914174,50
37150,-45.551246891522666,50
37200,-51.31108754599046,50
37250,-44.33015250745314,50
37300,-51.19140241879415,50
37350,-47.23859439705259,50
37400,-57.081592099694646,50
37450,-57.36533135143993,50
37500,-46.70117981079161,50
37550,-47.811558824712584,50
37600,-49.82472509080672,50
37650,-49.103530993207755,50
37700,-43.880888510072396,50
37750,-48.12821860751575,50
37800,-44.77134528885749,50
37850,-49.97443894912675,50
37900,-48.06093363734842,50
37950,-44.888385853379404,50
38000,-54.70343050911849,50
38050,-57.68790767570667,50
38100,-49.811827828352776,50
38150,-53.60887675594007,50
38200,-42.38912433758252,50
38250,-50.27066201018923,50
38300,-50.88997067952796,50
38350,-58.19957433200229,50
38400,-49.51999201706115,50
38450,-58.33878009285609,50
38500,-53.76318207563341,50
38550,-42.07869208387105,50
38600,-47.12331505090909,50
38650,-45.72004999610737,50
38700,-50.01598971724437,50
38750,-52.551291577848716,50
38800,-53.97605440707101,50
38850,-56.59002950219655,50
38900,-43.89654510208688,50
38950,-44.96335791712551,50
39000,-51.783790857191974,50
39050,-52.573548932987656,50
39100,-41.53562808772054,50
39150,-47.4523261497094,50
39200,-47.12688767191901,50
39250,-46.21110513718005,50
39300,-46.121638978148596,50
39350,-46.03385153976932,50
39400,-54.49837657642074,50
39450,-55.747779000294976,50
39500,-47.38370772594688,50
39550,-48.858645855781496,50
39600,-53.35225229000578,50
39650,-57.65349959841678,50
39700,-49.65241139284071,50
39750,-47.586529711459136,50
39800,-48.97960814852898,50
39850,-47.35482715911623,50
39900,-45.67611415063236,50
39950,-50.54255709162706,50
40000,-53.63978887226357,50
40050,-59.56564182113032,50
40100,-44.208183199175274,50
40150,-50.24965664345557,50
40200,-54.27259354203348,50
40250,-49.44133960633989,50
40300,-49.089142735471945,50
40350,-57.43839908447903,50
40400,-64.72526617774103,50
40450,-42.96110283458038,50
40500,-43.5231549407537,50
40550,-57.77704589512382,50
40600,-48.324786335426474,50
40650,-47.68723117294678,50
40700,-48.957264557573524,50
40750,-56.49208233828704,50
40800,-53.04148811315301,50
40850,-47.10698329020093,50
40900,-52.56486704879144,50
40950,-51.50374160945838,50
41000,-52.585762578865435,50
41050,-53.00652950041087,50
41100,-53.1963822416995,50
41150,-50.13402025789314,50
41200,-49.17676826089128,50
41250,-46.53753497532498,50
41300,-54.13447806146588,50
41350,-49.679452636951396,50
41400,-41.03439971367464,50
41450,-57.21896120011247,50
41500,-43.1676973188946,50
41550,-52.323959576144226,50
41600,-52.66753858229301,50
41650,-57.7727628330666,50
41700,-48.23639837163107,50
41750,-50.86022556518238,50
41800,-50.391840814737115,50
41850,-50.49554753608487,50
41900,-54.000455390713945,50
41950,-50.98028458917269,50
42000,-50.56104681309965,50
42050,-56.37154717554481,50
42100,-45.75898636016948,50
42150,-45.095291505750914,50
42200,-49.02798567888592,50
42250,-49.455730121368994,50
42300,-53.89101696806047,50
42350,-49.01992219319631,50
42400,-44.19263476466649,50
42450,-45.537384012678714,50
42500,-51.56739654789134,50
42550,-46.63761681557771,50
42600,-48.82982942950864,50
42650,-49.773858207331074,50
42700,-53.24929395180093,50
42750,-51.926689067486805,50
42800,-54.51655727797986,50
42850,-46.78520285126267,50
42900,-55.413367816813505,50
42950,-44.131725278656056,50
43000,-42.22117422355922,50
43050,-53.15834341780208,50
43100,-46.67179523103483,50
43150,-45.99806840356524,50
43200,-49.29210863903138,50
43250,-50.45945924841072,50
43300,-53.80834174499017,50
43350,-46.69257340430391,50
43400,-54.79439868622591,50
43450,-50.163925436587014,50
43500,-51.00159083846188,50
43550,-50.62816773351744,50
43600,-49.07408183847188,50
43650,-50.732375629977305,50
43700,-45.219298379062025,50
43750,-50.653037675333884,50
43800,-43.672008426740064,50
43850,-40.778153721238574,50
43900,-51.08119696138976,50
43950,-45.92519139462337,50
44000,-47.45613751164116,50
44050,-45.018344985439924,50
44100,-49.93961591942896,50
44150,-52.834453271413516,50
44200,-48.94909547308114,50
44250,-55.11655389960926,50
44300,-54.68175916526374,50
44350,-53.73131246083585,50
44400,-51.24962733191059,50
44450,-58.292144059304015,50
44500,-42.8669926923379,50
44550,-45.7794594008132,50
44600,-44.24435570902326,50
44650,-45.427027351463735,50
44700,-51.139286387969015,50
44750,-49.30133915800353,50
44800,-49.00229685852086,50
44850,-45.134760950853426,50
44900,-55.960917742852615,50
44950,-47.59465774672656,50
45000,-57.00443458100034,50
45050,-51.829298947853985,50
45100,-42.35415371268779,50
45150,-48.09482404844736,50
45200,-46.04985692683015,50
45250,-55.69160800602998,50
45300,-43.521490979807986,50
45350,-49.05793954613157,50
45400,-44.974449801084795,50
45450,-52.6328058183922,50
45500,-44.66537760052295,50
45550,-52.91154651361635,50
45600,-48.02183514099448,50
45650,-51.38885210476461,50
45700,-42.87301296809783,50
45750,-49.493325159673816,50
45800,-48.883323803156856,50
45850,-45.77358594508737,50
45900,-53.01377735743763,50
45950,-51.18415123623818,50
46000,-49.12478600896399,50
46050,-46.102189116581876,50
46100,-46.624247221288954,50
46150,-47.33060508122425,50
46200,-44.88872076935625,50
46250,-45.075326591998504,50
46300,-40.83654682526118,50
46350,-51.42926489484858,50
46400,-54.33946509352963,50
46450,-47.726664129206426,50
46500,-56.42272028030735,50
46550,-53.23140280685556,50
46600,-51.63382928702705,50
46650,-48.39202066328631,50
46700,-47.49989988942977,50
46750,-43.92101578518073,50
46800,-47.432875300489414,50
46850,-51.75735613744519,50
46900,-52.26458921212213,50
46950,-43.89634326579185,50
47000,-50.22899263332531,50
47050,-54.037264751279224,50
47100,-48.76717986357464,50
47150,-44.663978217952064,50
47200,-37.946675716154324,50
47250,-48.211400070447084,50
47300,-46.933530308728656,50
47350,-54.3657975631249,50
47400,-47.80768111713327,50
47450,-46.97022750885817,50
47500,-45.83016837360706,50
47550,-52.333562469522775,50
47600,-54.543935124284815,50
47650,-49.49233464382798,50
47700,-47.096528581091874,50
47750,-44.49652873541325,50
47800,-50.023954534894926,50
47850,-46.16834424173689,50
47900,-48.367476461517406,50
47950,-51.748767721115684,50
48000,-45.11758287541224,50
48050,-54.7102579608582,50
48100,-50.62709649275607,50
48150,-46.99364641371779,50
48200,-55.278768278794296,50
48250,-42.3311358524753,50
48300,-44.90427147469409,50
48350,-46.879514579539695,50
48400,-48.39360105017533,50
48450,-42.317726254960874,50
48500,-56.02027271448505,50
48550,-50.99088389999609,50
48600,-46.96213161733938,50
48650,-45.70307691468582,50
48700,-53.20851656994163,50
48750,-42.95358715518785,50
48800,-52.0107355593029,50
48850,-46.33673474465123,50
48900,-51.23979331620941,50
48950,-46.611512838816985,50
49000,-48.18531022756837,50
49050,-52.05668764733214,50
49100,-53.7828593459436,50
49150,-50.44502369705777,50
49200,-43.504955726202034,50
49250,-52.712537062798646,50
49300,-48.81027979699836,50
49350,-45.52021439280516,50
49400,-44.64989554817487,50
49450,-52.114562603013624,50
49500,-49.960706264018626,50
49550,-51.75859695240897,50
49600,-46.59955099840936,50
49650,-48.82459986836716,50
49700,-45.02927187332203,50
49750,-48.333948240314925,50
49800,-44.69721477857432,50
49850,-48.1476361852292,50
49900,-48.598155204586426,50
49950,-42.49717596916038,50
50000,-49.33421213214436,50
50050,-37.68483080442076,50
50100,-50.19309159222699,50
50150,-45.52673074289753,50
50200,-41.24317241785663,50
50250,-49.69696299847855,50
50300,-45.793828180050966,50
50350,-51.24145650142958,50
50400,-51.59469381887652,50
50450,-49.38351059861282,50
50500,-48.977377658684155,50
50550,-47.78711869940682,50
50600,-46.35328509343519,50
50650,-49.330158963114876,50
50700,-49.40543860045684,50
50750,-43.422144064491285,50
50800,-48.94803856371553,50
50850,-53.32582164289597,50
50900,-42.719726780390744,50
50950,-54.30063139316734,50
51000,-54.23334272629191,50
51050,-51.05902094734856,50
51100,-47.160897546041184,50
51150,-41.72105368581437,50
51200,-45.868628930292644,50
51250,-44.55961476910788,50
51300,-45.55867124640952,50
51350,-46.84925425288648,50
51400,-43.02013928549892,50
51450,-51.02384103306381,50
51500,-49.02291926224598,50
51550,-48.88051209276393,50
51600,-41.964595297054416,50
51650,-43.8859259825488,50
51700,-50.34403271895373,50
51750,-48.3322198212989,50
51800,-41.48724937621499,50
51850,-47.4515513474216,50
51900,-40.23396051257685,50
51950,-50.397339479342115,50
52000,-51.42107684857765,50
52050,-46.02849666774675,50
52100,-47.951613008834485,50
52150,-48.52462959506751,50
52200,-48.11223209449893,50
52250,-47.49149729222524,50
52300,-53.32577113312513,50
52350,-41.906902490221434,50
52400,-39.7113679806338,50
52450,-44.41941212419875,50
52500,-45.30189835423378,50
52550,-47.816874612974466,50
52600,-44.19595089047787,50
52650,-46.491213234392,50
52700,-51.16992750213872,50
52750,-48.441697211631116,50
52800,-54.21796171490521,50
52850,-49.13423053815189,50
52900,-45.04670475395713,50
52950,-52.04579320904503,50
53000,-45.350332907464015,50
53050,-41.8241128797753,50
53100,-50.58018271164295,50
53150,-51.64995693801905,50
53200,-45.98186666334133,50
53250,-46.12751335273337,50
53300,-48.76316261963997,50
53350,-55.5540516128742,50
53400,-39.49131380470465,50
53450,-48.2078423047199,50
53500,-52.55620893383994,50
53550,-49.59572125285735,50
53600,-44.63901273289788,50
53650,-49.672774549014626,50
53700,-41.412625172071,50
53750,-44.12923925836558,50
53800,-43.162947568205794,50
53850,-46.93567316043052,50
53900,-52.628603355262435,50
53950,-56.64760211760455,50
54000,-51.97088410612187,50
54050,-50.354585196843715,50
54100,-51.71071964595283,50
54150,-45.975175297207244,50
54200,-45.921287441895274,50
54250,-52.30976842798091,50
54300,-47.186944745672754,50
54350,-46.75215925175743,50
54400,-43.540430622220235,50
54450,-50.64064628496103,50
54500,-47.85672897915316,50
54550,-39.51388762302782,50
54600,-47.398182705357264,50
54650,-50.98317338961176,50
54700,-47.45026823130984,50
54750,-47.96859236543818,50
54800,-50.48179085469577,50
54850,-41.60664197498844,50
54900,-45.39367918023693,50
54950,-41.85162144066994,50
55000,-41.94579585283503,50
55050,-46.23807880417219,50
55100,-45.74120177395232,50
55150,-49.00264426911657,50
55200,-50.70371192662403,50
55250,-41.6047018273741,50
55300,-43.840060391260494,50
55350,-41.351112279749294,50
55400,-39.39587377447226,50
55450,-39.88037700489014,50
55500,-50.991707333654055,50
55550,-53.33229731589354,50
55600,-47.85382766891474,50
55650,-52.15551514804307,50
55700,-45.02145208383707,50
55750,-42.800960938418356,50
55800,-45.05863600970227,50
55850,-52.4484669298473,50
55900,-45.20176924624778,50
55950,-42.44833662020915,50
56000,-47.59654745108999,50
56050,-50.91519791480892,50
56100,-43.62550008001686,50
56150,-45.16240147506416,50
56200,-45.84909684368879,50
56250,-43.387186631715004,50
56300,-43.18087380379078,50
56350,-49.51554187558208,50
56400,-45.02066758686614,50
56450,-32.11858295172966,50
56500,-36.955304384370784,50
56550,-40.87316411241935,50
56600,-40.181107860225495,50
56650,-56.01525846601029,50
56700,-49.663172466804006,50
56750,-43.481006266519515,50
56800,-44.12056491788209,50
56850,-41.5461035371479,50
56900,-38.44610725489481,50
56950,-47.86157150008932,50
57000,-47.89761622507055,50
57050,-43.6788274636598,50
57100,-46.896436351091175,50
57150,-44.74173825982268,50
57200,-47.6951077243701,50
57250,-48.26570844949632,50
57300,-40.94470122409058,50
57350,-41.31646584927976,50
57400,-43.17095531075163,50
57450,-41.015110466955136,50
57500,-43.21586392470788,50
57550,-41.68744264579037,50
57600,-41.65518712830104,50
57650,-40.43347987482177,50
57700,-42.476704937101,50
57750,-42.8291609592072,50
57800,-47.354671353763095,50
57850,-43.35823870002776,50
57900,-46.3105321901793,50
57950,-49.56827461399377,50
58000,-50.3428811007329,50
58050,-47.620426627792575,50
58100,-41.644063998391545,50
58150,-45.83919850755715,50
58200,-40.08584054786721,50
58250,-44.484632851955496,50
58300,-46.680068257997796,50
58350,-44.27660786984149,50
58400,-46.53788231459203,50
58450,-37.5047981902229,50
58500,-50.37604558454156,50
58550,-49.18699331726557,50
58600,-40.902665473474265,50
58650,-43.274484081647785,50
58700,-46.09499360325089,50
58750,-45.00329470962429,50
58800,-38.25866765492149,50
58850,-43.96523815947984,50
58900,-45.63297994069453,50
58950,-43.44638426878381,50
59000,-47.21369757698685,50
59050,-51.49419796747803,50
59100,-51.22278052031594,50
59150,-47.418024811500054,50
59200,-42.40149496372066,50
59250,-46.43240358728331,50
59300,-50.49863684943149,50
59350,-49.20246470312633,50
59400,-33.2589290863931,50
59450,-47.77326929306671,50
59500,-43.557563004034336,50
59550,-38.02032132400743,50
59600,-42.30538653803801,50
59650,-41.52164411231174,50
59700,-38.31852780452988,50
59750,-45.71548339551264,50
59800,-42.70969977962556,50
59850,-48.33668708838504,50
59900,-43.0931911848721,50
59950,-48.35595699212498,50
60000,-42.627693464289756,50
60050,-52.94302690256926,50
60100,-46.85487778538466,50
60150,-42.20131010866185,50
60200,-51.067239794809936,50
60250,-48.53989798568998,50
60300,-42.51956092422563,50
60350,-41.44112716291894,50
60400,-44.26815700946463,50
60450,-49.54094091511793,50
60500,-54.20042726328317,50
60550,-46.14748959130121,50
60600,-42.05338548318112,50
60650,-49.38777770374531,50
60700,-42.018006631640006,50
60750,-44.06096803468741,50
60800,-49.42050924647704,50
60850,-46.8901233324073,50
60900,-45.42893536601877,50
60950,-49.28937464378758,50
61000,-34.769085797049286,50
61050,-50.98449200968686,50
61100,-45.011511271584354,50
61150,-46.23432551418714,50
61200,-43.06540976049693,50
61250,-45.8986176974991,50
61300,-46.19131149809269,50
61350,-42.42922206257631,50
61400,-50.338316570264354,50
61450,-47.00209971730393,50
61500,-48.16939622746138,50
61550,-43.118027926530004,50
61600,-51.793140854187946,50
61650,-43.978669034395615,50
61700,-48.22987146086054,50
61750,-48.06345775414578,50
61800,-41.98969470767498,50
61850,-49.96135637205608,50
61900,-45.113602655087874,50
61950,-52.16185821988321,50
62000,-36.06255937888539,50
62050,-41.029121773923485,50
62100,-48.07589730920446,50
62150,-50.164717187741566,50
62200,-39.816887029016215,50
62250,-48.213167221327396,50
62300,-44.769663176362705,50
62350,-43.85511984143443,50
62400,-40.84214291816135,50
62450,-46.96395420122166,50
62500,-46.29568424598836,50
62550,-45.95157715426437,50
62600,-40.994002675090144,50
62650,-52.609525265498405,50
62700,-41.744707583464375,50
62750,-41.25243737967665,50
62800,-51.95966994933464,50
62850,-47.50201114795581,50
62900,-45.27592919543946,50
62950,-45.47122318722196,50
63000,-45.787462677353425,50
63050,-48.791988148764545,50
63100,-49.43798876865708,50
63150,-42.06702172354906,50
63200,-48.686225069886675,50
63250,-47.239334757979,50
63300,-44.148817798952294,50
63350,-42.322231346694316,50
63400,-44.137841575204256,50
63450,-44.35859878059119,50
63500,-42.14776997510319,50
63550,-51.69007541458639,50
63600,-44.74808744130711,50
63650,-45.354427035645074,50
63700,-32.33675529909179,50
63750,-41.8774915018191,50
63800,-56.01272978168471,50
63850,-51.34448275713493,50
63900,-44.92278706465065,50
63950,-42.817590618864166,50
64000,-42.23996161267699,50
64050,-50.441418283801774,50
64100,-43.786576436676,50
64150,-52.14661445447893,50
64200,-47.40814139837929,50
64250,-50.04831365906838,50
64300,-36.3761392860593,50
64350,-50.6766458925633,50
64400,-55.657758959307984,50
64450,-35.53129073397313,50
64500,-44.95783880643452,50
64550,-45.09246810823295,50
64600,-42.18990448815517,50
64650,-44.492827628722296,50
64700,-47.34923424584103,50
64750,-47.0468639822105,50
64800,-47.91106685346721,50
64850,-46.492926364692664,50
64900,-42.73791999349874,50
64950,-43.08585418676556,50
65000,-36.23326974744332,50
65050,-53.221426235775354,50
65100,-51.35795076614051,50
65150,-40.98100756448742,50
65200,-49.02624460819872,50
65250,-43.242779222634596,50
65300,-41.02492679235009,50
65350,-56.69798924007359,50
65400,-47.0957098304123,50
65450,-48.600552888253986,50
65500,-57.020517739662736,50
65550,-44.55017867291905,50
65600,-47.079639315101446,50
65650,-39.21241805195861,50
65700,-43.94014549062912,50
65750,-42.057519546252614,50
65800,-39.90021123082893,50
65850,-51.57667627024019,50
65900,-49.88899285402938,50
65950,-50.211971723819325,50
66000,-51.34273794711032,50
66050,-42.692338941698786,50
66100,-57.781073687403655,50
66150,-48.71882428313546,50
66200,-34.1867422496326,50
66250,-43.135217191954716,50
66300,-53.258606683372584,50
66350,-45.11019255238508,50
66400,-47.9120308155819,50
66450,-46.595742609010024,50
66500,-38.09743060083561,50
66550,-40.881590962240445,50
66600,-42.31807285967824,50
66650,-46.781195887755324,50
66700,-51.11126190826144,50
66750,-43.833945015997095,50
66800,-40.99759856451611,50
66850,-35.467443799999785,50
66900,-45.0491410457549,50
66950,-53.00242354251748,50
67000,-41.40150991547108,50
67050,-39.30080844225665,50
67100,-45.024623228780875,50
67150,-49.4007805590804,50
67200,-45.200290906112535,50
67250,-43.2399452211742,50
67300,-50.86047693134417,50
67350,-50.20679492379059,50
67400,-46.859356365207155,50
67450,-42.24000364871252,50
67500,-44.57619153953674,50
67550,-45.696100583957445,50
67600,-41.121259929644104,50
67650,-46.22909822571417,50
67700,-48.2086635423326,50
67750,-41.3486053066649,50
67800,-43.75366710293689,50
67850,-41.83700810961943,50
67900,-37.24031091166591,50
67950,-40.893562484912316,50
68000,-37.839126958271514,50
68050,-46.38148778003814,50
68100,-49.31820102301322,50
68150,-39.95651830138446,50
68200,-43.119950494171846,50
68250,-49.93038861510442,50
68300,-41.23546274290127,50
68350,-38.776433045919724,50
68400,-43.336081944494346,50
68450,-37.46969218096284,50
68500,-39.310883958463926,50
68550,-37.23768623766357,50
68600,-49.67543454594765,50
68650,-38.47377677380829,50
68700,-51.05484622377387,50
68750,-47.81480435966033,50
68800,-50.59529716816076,50
68850,-47.250581741754864,50
68900,-38.56686486628445,50
68950,-47.55209961710206,50
69000,-45.685787328129955,50
69050,-37.33116399587598,50
69100,-41.3831531024458,50
69150,-40.219513516952716,50
69200,-50.848492355698006,50
69250,-54.13148918421001,50
69300,-46.965297469814686,50
69350,-49.69817148156567,50
69400,-41.81131826998594,50
69450,-55.13060547778192,50
69500,-49.076588492718834,50
69550,-35.302222121170956,50
69600,-43.48540973340773,50
69650,-49.37106729185267,50
69700,-39.842223636647596,50
69750,-39.71817927609944,50
69800,-54.80955944248226,50
69850,-50.04759442275626,50
69900,-41.8382128553652,50
69950,-48.368272340775206,50
70000,-41.34040326881048,50
70050,-47.37792399346086,50
70100,-42.64696415732529,50
70150,-49.14655984735224,50
70200,-46.55612326567097,50
70250,-42.71709862609547,50
70300,-43.883860471199355,50
70350,-45.85205047492506,50
70400,-35.797831250548874,50
70450,-47.67248258446007,50
70500,-41.23007700372018,50
70550,-45.49132786084135,50
70600,-37.02588360825588,50
70650,-48.65410558853967,50
70700,-51.85991838112881,50
70750,-39.55916417270748,50
70800,-41.302511502487086,50
70850,-49.5292954675168,50
70900,-45.97585333295849,50
70950,-41.687306132132065,50
71000,-38.21586839084457,50
71050,-48.435604140759025,50
71100,-35.34810541574699,50
71150,-44.830198443559816,50
71200,-42.56908813077911,50
71250,-50.41649546906169,50
71300,-39.04159788367956,50
71350,-42.79156898756545,50
71400,-46.61319700841586,50
71450,-43.787247526981446,50
71500,-44.105235597864436,50
71550,-39.1376164349375,50
71600,-42.94392449344545,50
71650,-44.363612335727915,50
71700,-49.46103048390219,50
71750,-42.59476859852769,50
71800,-44.65273606751826,50
71850,-41.56397404403152,50
71900,-48.12748845864003,50
71950,-43.239325836392766,50
72000,-49.68313957837026,50
72050,-37.18226965772695,50
72100,-47.224636154514876,50
72150,-44.141827461895616,50
72200,-44.82455995929114,50
72250,-36.76096829181988,50
72300,-37.09901823949186,50
72350,-45.89185221941914,50
72400,-49.47307364687399,50
72450,-43.80137823924661,50
72500,-38.3792538469654,50
72550,-40.75879011252992,50
72600,-51.00135902670322,50
72650,-51.47420167183914,50
72700,-45.82127850302616,50
72750,-36.795744108413864,50
72800,-34.95151590810558,50
72850,-39.37284632471519,50
72900,-36.87928420465138,50
72950,-39.75001060465629,50
73000,-42.6554132190224,50
73050,-46.98946376473366,50
73100,-41.93922103052604,50
73150,-36.19075177938475,50
73200,-51.218136242847116,50
73250,-47.60571017871889,50
73300,-36.25478385406716,50
73350,-48.768528759686504,50
73400,-42.37116548410758,50
73450,-47.713110033759655,50
73500,-46.29378859324752,50
73550,-37.098674451465754,50
73600,-45.757016653686726,50
73650,-46.220565917315255,50
73700,-47.14490780683482,50
73750,-43.47608184343485,50
73800,-41.81394370138312,50
73850,-42.15765166275868,50
73900,-36.55604180771486,50
73950,-42.93447806453917,50
74000,-39.37211527737632,50
74050,-48.448119062962036,50
74100,-43.82063444699998,50
74150,-41.709714936875464,50
74200,-40.10035694208225,50
74250,-42.19774812589781,50
74300,-44.85235830548467,50
74350,-53.50241707202688,50
74400,-44.172410610189544,50
74450,-39.21264310226481,50
74500,-47.865107248053576,50
74550,-42.3575360695998,50
74600,-42.50427228219989,50
74650,-52.14482126594199,50
74700,-37.46931641172487,50
74750,-44.97488963896305,50
74800,-41.75252337025371,50
74850,-33.95675099911348,50
74900,-44.19774967012235,50
74950,-37.83773713857278,50
75000,-44.58251174867379,50
75050,-37.729854774702005,50
75100,-48.0381259895241,50
75150,-38.67806982511922,50
75200,-44.89549713463227,50
75250,-46.79604904143886,50
75300,-47.14632011490904,50
75350,-48.71550193432294,50
75400,-38.41305913163504,50
75450,-44.43091229103882,50
75500,-45.440214445731634,50
75550,-37.98253774038405,50
75600,-50.899431699307726,50
75650,-45.50160101038062,50
75700,-47.27594958357807,50
75750,-34.67790265279196,50
75800,-45.60107424118473,50
75850,-49.7635634286738,50
75900,-39.016196534527026,50
75950,-47.93871929530147,50
76000,-42.38579260282402,50
76050,-41.488263189083,50
76100,-40.04731584426904,50
76150,-35.434371993245094,50
76200,-45.670934667540564,50
76250,-43.591845064034494,50
76300,-43.13855784707744,50
76350,-38.58700435217379,50
76400,-50.4343977235324,50
76450,-50.577961986485185,50
76500,-45.793961207204326,50
76550,-44.589081338646324,50
76600,-52.78474903097841,50
76650,-51.003688052761326,50
76700,-35.245203570695594,50
76750,-46.94450309187474,50
76800,-42.72135781185258,50
76850,-43.843462552128486,50
76900,-32.45698493911739,50
76950,-33.65958185758549,50
77000,-46.79530911981287,50
77050,-36.49429621223895,50
77100,-46.800570886667785,50
77150,-39.904888978612924,50
77200,-37.593490002781856,50
77250,-36.33687719846397,50
77300,-36.275457769166245,50
77350,-41.50852267232664,50
77400,-39.59069469518785,50
77450,-39.05534754274101,50
77500,-44.869775352976035,50
77550,-39.874323458138065,50
77600,-47.31362149887485,50
77650,-33.7421287977729,50
77700,-49.34260412754199,50
77750,-38.44289857184317,50
77800,-39.16349800787124,50
77850,-39.578330633786464,50
77900,-47.94733980778462,50
77950,-46.67492870894162,50
78000,-40.42383988897711,50
78050,-48.22269527051524,50
78100,-45.13745806342389,50
78150,-54.911034174694144,50
78200,-42.29866230406824,50
78250,-40.171850956860794,50
78300,-47.16100666998165,50
78350,-44.01715422148403,50
78400,-36.255930881071905,50
78450,-46.28598270011256,50
78500,-41.52453742619575,50
78550,-47.09512080461928,50
78600,-43.26738565523559,50
78650,-48.87442942076338,50
78700,-38.60877391360664,50
78750,-41.683391906118075,50
78800,-39.663471609943,50
78850,-41.07533777462227,50
78900,-44.716978030412065,50
78950,-39.83666384893181,50
79000,-40.96085443911688,50
79050,-49.481300782093925,50
79100,-46.3028481760624,50
79150,-47.4642973463717,50
79200,-47.22949548375729,50
79250,-40.802281956617215,50
79300,-40.68776245272301,50
79350,-39.36033922137879,50
79400,-34.311506614400095,50
79450,-39.487982271646075,50
79500,-45.65159766691394,50
79550,-39.879041768601304,50
79600,-43.69021739385364,50
79650,-26.53236575013434,50
79700,-40.459824098404376,50
79750,-48.35344401095957,50
79800,-44.603652447833284,50
79850,-52.02278764141295,50
79900,-43.305265427675934,50
79950,-36.49186064072929,50
80000,-40.018002857318336,50
80050,-46.534611739541084,50
80100,-39.56115371343424,50
80150,-42.46952176473201,50
80200,-39.44027734733193,50
80250,-35.64829637874156,50
80300,-40.2534525777822,50
80350,-30.942139861956324,50
80400,-33.986025360038724,50
80450,-43.048851305274546,50
80500,-40.7315723083155,50
80550,-33.898952010405466,50
80600,-35.38893371833307,50
80650,-39.790319715901944,50
80700,-26.925924078947453,50
80750,-35.96919810524924,50
80800,-33.86320932065608,50
80850,-40.41325219008698,50
80900,-46.47177137950624,50
80950,-37.6854415940964,50
81000,-41.556309772742345,50
81050,-39.08948287808117,50
81100,-38.99706023886278,50
81150,-46.449990315714885,50
81200,-36.57194369202039,50
81250,-36.21332342027759,50
81300,-28.19139955111387,50
81350,-37.14750009585452,50
81400,-24.64529722827583,50
81450,-35.28520899640086,50
81500,-33.01524313857315,50
81550,-43.42952455374702,50
81600,-44.454598485826345,50
81650,-35.69404163676134,50
81700,-40.9077603935564,50
81750,-51.171017224101014,50
81800,-38.61489532372098,50
81850,-34.70048191357777,50
81900,-41.964870934996874,50
81950,-38.75380803873128,50
82000,-42.279701268502855,50
82050,-40.232955735421186,50
82100,-36.84931279192054,50
82150,-45.0106142583001,50
82200,-42.17388677089068,50
82250,-34.25066298585332,50
82300,-37.33656133868702,50
82350,-36.87527552821453,50
82400,-39.073204650052226,50
82450,-37.92692733312846,50
82500,-44.96008522136198,50
82550,-31.99929258266321,50
82600,-32.62239921526033,50
82650,-34.67724574935148,50
82700,-37.14479727217273,50
82750,-38.11974054450924,50
82800,-35.01252707960435,50
82850,-43.177214535323465,50
82900,-35.89934444307945,50
82950,-46.175600998906575,50
83000,-41.834104435802665,50
83050,-41.95154963512225,50
83100,-38.260392378519725,50
83150,-38.02255574488207,50
83200,-45.334139980578854,50
83250,-46.088869602124895,50
83300,-43.40982219610609,50
83350,-42.84547242706331,50
83400,-43.444600819926166,50
83450,-38.6671372244064,50
83500,-51.4635644430318,50
83550,-38.48489714745216,50
83600,-37.274911073780274,50
83650,-39.87935612086833,50
83700,-48.758965318382366,50
83750,-47.20740241599609,50
83800,-43.390409710008576,50
83850,-49.35263588806071,50
83900,-35.16803140482002,50
83950,-42.629749264725135,50
84000,-43.84892767723529,50
84050,-31.740728943302354,50
84100,-45.790853429456185,50
84150,-37.44218407657927,50
84200,-42.825992705234086,50
84250,-38.09245057076168,50
84300,-46.42364512324334,50
84350,-46.96952219876226,50
84400,-43.92589359299631,50
84450,-42.537469348337105,50
84500,-45.36844549644825,50
84550,-49.09377158739135,50
84600,-40.159156698839794,50
84650,-49.706605943338346,50
84700,-46.695107388786134,50
84750,-37.44611546939468,50
84800,-42.13887359414369,50
84850,-42.19084338731611,50
84900,-33.246413796407964,50
84950,-43.77610337040332,50
85000,-39.52840620438811,50
85050,-40.74672868186575,50
85100,-57.124038757612226,50
85150,-44.659188750865844,50
85200,-39.10775326524928,50
85250,-44.73296440406028,50
85300,-36.57972197396226,50
85350,-43.127697386076264,50
85400,-40.40776296425443,50
85450,-34.588675850061506,50
85500,-37.46024912954089,50
85550,-41.34863235392593,50
85600,-39.94119741253197,50
85650,-41.8490880541012,50
85700,-33.72628261764861,50
85750,-46.936759336663634,50
85800,-39.25786575788396,50
85850,-43.016952727577355,50
85900,-31.86680081850256,50
85950,-39.597897853691116,50
86000,-38.457418383925074,50
86050,-29.6106346131742,50
86100,-31.51641250219815,50
86150,-34.71946804807265,50
86200,-42.81040563117992,50
86250,-42.93304902639004,50
86300,-38.84024210955866,50
86350,-39.3327588623696,50
86400,-44.75792345649002,50
86450,-45.19335640050179,50
86500,-44.143087181313135,50
86550,-37.872747114413556,50
86600,-36.259566465704616,50
86650,-43.86721453809569,50
86700,-35.75416860356637,50
86750,-41.01243921453385,50
86800,-39.597765859084284,50
86850,-33.19466432131289,50
86900,-37.78856345127174,50
86950,-51.004691507863285,50
87000,-46.34199721658052,50
87050,-40.46011779055011,50
87100,-35.27628107053242,50
87150,-28.51207849266933,50
87200,-42.5240623426662,50
87250,-34.77978236976255,50
87300,-47.53289605162293,50
87350,-38.543774895179986,50
87400,-48.43526416389272,50
87450,-34.011127495954696,50
87500,-38.93899720509924,50
87550,-44.16074791321937,50
87600,-43.807791203931885,50
87650,-40.85542099057891,50
87700,-42.223343622751244,50
87750,-42.23454450158321,50
87800,-35.11537305913706,50
87850,-31.936959570547184,50
87900,-42.39527780308407,50
87950,-48.8645144861185,50
88000,-41.65256459410648,50
88050,-37.58927520370187,50
88100,-33.74437364225019,50
88150,-37.062355268924044,50
88200,-43.565017937895504,50
88250,-41.55150308326066,50
88300,-42.83813142686568,50
88350,-31.96933147077257,50
88400,-43.08315778107044,50
88450,-42.153325797063985,50
88500,-45.22478861890768,50
88550,-26.51891953584135,50
88600,-36.26547967858369,50
88650,-34.792438024052046,50
88700,-36.09404556380444,50
88750,-36.95329251647874,50
88800,-41.432306794001846,50
88850,-47.02468732321661,50
88900,-36.30069159016263,50
88950,-41.75996286987095,50
89000,-33.54060906136514,50
89050,-39.924102412879854,50
89100,-34.666244530991015,50
89150,-38.409881907015894,50
89200,-37.48502832403027,50
89250,-45.527832643613785,50
89300,-38.513806785052935,50
89350,-43.64255251148189,50
89400,-41.1309714412719,50
89450,-47.05628963913271,50
89500,-44.67259640728568,50
89550,-40.17386456709494,50
89600,-33.87213501999535,50
89650,-46.291459217746,50
89700,-35.685923582723184,50
89750,-38.48954105224132,50
89800,-29.306266216079816,50
89850,-41.28659780897898,50
89900,-37.37208478408243,50
89950,-41.41291279520635,50
90000,-37.11287859494882,50
90050,-35.6861548420733,50
90100,-38.231706117857655,50
90150,-45.29421094962074,50
90200,-34.81737855860379,50
90250,-41.4317134942523,50
90300,-40.30030415126578,50
90350,-29.834793181039164,50
90400,-32.02737396964667,50
90450,-39.22166437256376,50
90500,-38.53711431237257,50
90550,-41.77802124463474,50
90600,-32.28662029361974,50
90650,-35.05544795800065,50
90700,-37.201048444005345,50
90750,-37.154967801880666,50
90800,-33.141374812534806,50
90850,-35.992060549955454,50
90900,-35.769983067252305,50
90950,-37.24235497787624,50
91000,-34.122654669718344,50
91050,-30.880183441731514,50
91100,-31.456123165502078,50
91150,-43.44237040462665,50
91200,-35.13659717365874,50
91250,-38.3257049085985,50
91300,-42.289622385522435,50
91350,-34.312274523242,50
91400,-38.09923631830092,50
91450,-34.26992752808379,50
91500,-30.94052527144576,50
91550,-35.3701376458178,50
91600,-39.78481385195263,50
91650,-40.12187107091895,50
91700,-37.77475874042892,50
91750,-42.72288387569635,50
91800,-44.38735926309457,50
91850,-36.449828503305845,50
91900,-36.02352817236815,50
91950,-36.57887295772026,50
92000,-40.37822947107359,50
92050,-36.045073815504445,50
92100,-44.521122600366475,50
92150,-40.402119429120575,50
92200,-37.4189029503758,50
92250,-37.596983493654065,50
92300,-36.97393730419091,50
92350,-39.99308861749046,50
92400,-42.92967407981829,50
92450,-36.36798768324813,50
92500,-37.46443130904679,50
92550,-32.018585737170746,50
92600,-42.35597106546084,50
92650,-46.69646915527265,50
92700,-44.08140085297746,50
92750,-39.22682155316884,50
92800,-31.16914888612462,50
92850,-34.04659053293308,50
92900,-36.91075791319996,50
92950,-34.76031329867406,50
93000,-37.021130028707056,50
93050,-40.19551966189389,50
93100,-35.33743963596136,50
93150,-42.984881383435024,50
93200,-41.350565006812154,50
93250,-43.94182241016523,50
93300,-43.87404002935525,50
93350,-35.57148021929263,50
93400,-35.17669979032227,50
93450,-42.49715463546961,50
93500,-38.20831375315446,50
93550,-45.70678336832648,50
93600,-30.09509550722397,50
93650,-29.406370216869764,50
93700,-27.196604766897153,50
93750,-33.859718676426574,50
93800,-38.271449335763144,50
93850,-31.01575703261046,50
93900,-32.84705307720063,50
93950,-33.40252545866268,50
94000,-39.31087358197541,50
94050,-38.88497904871255,50
94100,-33.12943163390026,50
94150,-43.542971902518154,50
94200,-36.90556733098578,50
94250,-29.86869928973707,50
94300,-28.40023312374738,50
94350,-33.92145541549109,50
94400,-37.6528208230658,50
94450,-27.417583178826,50
94500,-44.9425257416889,50
94550,-31.808610665112816,50
94600,-35.13513963802065,50
94650,-31.73281129287707,50
94700,-45.62967839409458,50
94750,-36.12448544034848,50
94800,-28.713981981173642,50
94850,-49.51662556256743,50
94900,-36.04420323550209,50
94950,-39.845385972477004,50
95000,-27.462767001281634,50
95050,-34.283811503427,50
95100,-49.664784493727595,50
95150,-37.441661066559824,50
95200,-31.419898606672366,50
95250,-37.22846652847784,50
95300,-38.65691469131816,50
95350,-33.98447841974837,50
95400,-39.5733451124364,50
95450,-33.935105791720886,50
95500,-39.55504422548459,50
95550,-42.74173479925552,50
95600,-44.20380919662236,50
95650,-28.883043028800273,50
95700,-35.540128741148216,50
95750,-29.826181592068973,50
95800,-40.96159133823539,50
95850,-32.0865939830556,50
95900,-38.02965623227175,50
95950,-32.1306250164588,50
96000,-42.30642298757631,50
96050,-36.789474769786366,50
96100,-38.903449906641896,50
96150,-35.38339300698356,50
96200,-35.50891529829647,50
96250,-48.47283786479011,50
96300,-39.11940724286802,50
96350,-41.26914691665941,50
96400,-36.96425522496866,50
96450,-33.473534279890316,50
96500,-31.51899386570631,50
96550,-31.914261285188644,50
96600,-47.051907713797064,50
96650,-30.676423824779366,50
96700,-42.993291096153165,50
96750,-32.90215842162656,50
96800,-37.344354986908094,50
96850,-39.609003374779455,50
96900,-35.602514324799124,50
96950,-32.139576609928696,50
97000,-36.26837029418226,50
97050,-44.06713957515318,50
97100,-30.922459195535144,50
97150,-35.97576923612078,50
97200,-32.40797583618461,50
97250,-42.617293773172975,50
97300,-33.95174811761032,50
97350,-40.93246543927005,50
97400,-27.584869919295492,50
97450,-29.537446125346296,50
97500,-36.98343688061316,50
97550,-30.278365543387668,50
97600,-35.92619698844546,50
97650,-33.11875671372241,50
97700,-44.519512515377755,50
97750,-43.80570776732157,50
97800,-41.552438402593545,50
97850,-34.242396391223544,50
97900,-41.517087536890386,50
97950,-32.11218830874366,50
98000,-42.05596082326082,50
98050,-34.574705676748614,50
98100,-42.069201879813015,50
98150,-39.434264547425464,50
98200,-34.04201528979913,50
98250,-46.73419820705353,50
98300,-40.427921388014596,50
98350,-35.139983314096476,50
98400,-46.13167727096727,50
98450,-29.755662119576147,50
98500,-37.675174172260974,50
98550,-40.0968161280628,50
98600,-35.523559956082835,50
98650,-33.87718741071755,50
98700,-36.43975710005313,50
98750,-44.189169552251315,50
98800,-38.388195818683904,50
98850,-43.52628963991603,50
98900,-32.70199812838464,50
98950,-31.022454456590584,50
99000,-29.369838322260982,50
99050,-40.63299981882032,50
99100,-34.39910838322679,50
99150,-37.22467877912868,50
99200,-37.866000571848026,50
99250,-28.40548351461899,50
99300,-35.984733472723335,50
99350,-29.85446337129907,50
99400,-32.19225271076513,50
99450,-30.823410902403104,50
99500,-41.60409554002144,50
99550,-33.236160817012546,50
99600,-35.776933092284764,50
99650,-29.454838095352113,50
99700,-28.544359066081938,50
99750,-42.42981821803957,50
99800,-27.907476207063148,50
99850,-39.770722330989706,50
99900,-36.24822873818783,50
99950,-36.78582597474592,50
100000,-39.41878138056367,50
100050,-35.077134394166,50
100100,-50.49643073536107,50
100150,-43.60970140797081,50
100200,-40.24702591433427,50
100250,-39.1691048622729,50
100300,-38.989593170772686,50
100350,-38.136507308942036,50
100400,-31.206217787329166,50
100450,-30.686017511834475,50
100500,-37.26612753537054,50
100550,-38.07287225362217,50
100600,-32.59665433971941,50
100650,-32.930590290627485,50
100700,-31.566756125557436,50
100750,-39.35329312461122,50
100800,-37.6378459459097,50
100850,-26.360000084847126,50
100900,-31.550941672149943,50
100950,-36.297693209431706,50
101000,-36.242992878915715,50
101050,-41.361935415088226,50
101100,-30.43254536116415,50
101150,-31.744931947003398,50
101200,-27.83793168450579,50
101250,-28.066991269877246,50
101300,-32.32489372434177,50
101350,-29.712808861525396,50
101400,-33.18348005063589,50
101450,-34.04972656851364,50
101500,-29.62402623655535,50
101550,-39.718452756137346,50
101600,-32.69072021230503,50
101650,-39.95644751927257,50
101700,-35.38420715236123,50
101750,-38.173093592787055,50
101800,-47.3621679639137,50
101850,-28.647829466367334,50
101900,-35.842907745076815,50
101950,-40.207703632209466,50
102000,-29.576963451645387,50
102050,-38.35217546839241,50
102100,-48.11188683648226,50
102150,-33.32420494614976,50
102200,-30.337126570326582,50
102250,-45.904915284218724,50
102300,-41.32937774847514,50
102350,-29.922706810102262,50
102400,-33.8818221810799,50
102450,-33.458592517449674,50
102500,-34.159543567218414,50
102550,-37.694720859871715,50
102600,-25.75540826944512,50
102650,-38.8591701258832,50
102700,-34.44749003347429,50
102750,-34.28848533513914,50
102800,-31.9962494178579,50
102850,-30.598163642020065,50
102900,-44.7726303218887,50
102950,-27.210429409301447,50
103000,-36.59572045288433,50
103050,-36.22300018728957,50
103100,-34.0423160628205,50
103150,-31.813188487072278,50
103200,-39.87130939880033,50
103250,-43.141414650268096,50
103300,-36.367365069248976,50
103350,-36.1252682693295,50
103400,-34.5332621268962,50
103450,-40.668050712273796,50
103500,-29.123113244280876,50
103550,-32.89443380302875,50
103600,-41.2585829909186,50
103650,-41.000328552703074,50
103700,-24.41639098094492,50
103750,-32.48787530236314,50
103800,-43.699400437174454,50
103850,-34.35947249161896,50
103900,-32.99560644045528,50
103950,-25.370163338442172,50
104000,-30.68765880381672,50
104050,-37.177919207203395,50
104100,-31.807986664897353,50
104150,-29.518555170280763,50
104200,-33.94895791755175,50
104250,-36.88722133533947,50
104300,-33.92719437384053,50
104350,-37.865195114667095,50
104400,-38.33004993869259,50
104450,-28.46560565955985,50
104500,-44.529816042420094,50
104550,-39.14600835728288,50
104600,-40.503755146422414,50
104650,-36.93022392094978,50
104700,-28.259987661010932,50
104750,-33.75502218309408,50
104800,-23.474590950389995,50
104850,-32.99198411372323,50
104900,-35.57919910041392,50
104950,-28.58242585150412,50
105000,-31.71010836666686,50
105050,-27.632352722924413,50
105100,-39.79195924911756,50
105150,-43.56271549783773,50
105200,-30.08347301537366,50
105250,-35.039314528569754,50
105300,-26.94054962433229,50
105350,-37.84062695291646,50
105400,-42.193143271702866,50
105450,-28.153312618120648,50
105500,-28.794161267936815,50
105550,-37.15258147590558,50
105600,-30.04365167328068,50
105650,-38.40503908680661,50
105700,-26.23351477632535,50
105750,-35.20823036015992,50
105800,-34.701620923952824,50
105850,-35.58644269247505,50
105900,-39.61402994960739,50
105950,-34.706259867979114,50
106000,-41.2506529730534,50
106050,-33.396204603998996,50
106100,-36.4008241474382,50
106150,-31.2982780273037,50
106200,-28.843290352951236,50
106250,-33.867513935543,50
106300,-31.440918145594814,50
106350,-32.31155061785486,50
106400,-37.41555578974374,50
106450,-40.02365002563212,50
106500,-35.961235090188296,50
106550,-40.63906097515255,50
106600,-34.85886697436328,50
106650,-32.074803611117574,50
106700,-35.66154669416466,50
106750,-32.76623754710457,50
106800,-24.044896486048497,50
106850,-32.51008996345458,50
106900,-31.96631082619239,50
106950,-32.26263044118072,50
107000,-38.409958656533036,50
107050,-31.137153143271693,50
107100,-31.568363500321414,50
107150,-37.26793863034205,50
107200,-29.722247781052605,50
107250,-30.25130583164193,50
107300,-39.891161764124845,50
107350,-26.581801958277484,50
107400,-29.665482999885743,50
107450,-35.05588791518112,50
107500,-27.96343920077686,50
107550,-37.74211231807542,50
107600,-35.55857801627156,50
107650,-30.098100175007545,50
107700,-37.976212910995216,50
107750,-34.67662156634175,50
107800,-43.80108340753269,50
107850,-27.595006157983015,50
107900,-40.23989759079938,50
107950,-23.93143332711846,50
108000,-28.728642257482008,50
108050,-22.803119424848468,50
108100,-33.01650337806302,50
108150,-23.914643511971214,50
108200,-32.68084220195977,50
108250,-41.19472439576408,50
108300,-37.27292839022245,50
108350,-27.910079142736656,50
108400,-28.81319686602542,50
108450,-34.36977660221331,50
108500,-27.849243038141434,50
108550,-31.409228078043157,50
108600,-28.863884322904347,50
108650,-36.18057242645122,50
108700,-35.263684945188274,50
108750,-30.84640152663082,50
108800,-23.788011653545112,50
108850,-28.195125207884587,50
108900,-33.261340697018525,50
108950,-36.88141459323441,50
109000,-40.3957038018405,50
109050,-29.490494088338107,50
109100,-30.268971687013686,50
109150,-40.728841655695796,50
109200,-30.055477699367703,50
109250,-26.503243421795855,50
109300,-21.98378484585672,50
109350,-26.377121976320645,50
109400,-32.25530128024285,50
109450,-31.1019159365765,50
109500,-43.876144674131695,50
109550,-29.01086587270122,50
109600,-32.709982655700045,50
109650,-28.783953522754622,50
109700,-40.531460428321054,50
109750,-33.41177132720784,50
109800,-29.679571751745453,50
109850,-32.578802043888054,50
109900,-31.25050842461277,50
109950,-29.270596564246365,50
110000,-31.177889760834535,50
110050,-33.20138112482938,50
110100,-39.800515724475375,50
110150,-34.18756633930582,50
110200,-30.97822228146717,50
110250,-27.68697177923432,50
110300,-40.17014329009581,50
110350,-28.939637592291078,50
110400,-40.65700477119961,50
110450,-29.96270280282015,50
110500,-24.93877277949931,50
110550,-21.91586960811071,50
110600,-47.28265360277377,50
110650,-36.003475432262604,50
110700,-26.796041538691213,50
110750,-32.45730609895399,50
110800,-27.10833464105168,50
110850,-31.1331406914033,50
110900,-25.42286889523367,50
110950,-25.244113186139913,50
111000,-30.398548931553975,50
111050,-24.368719006132423,50
111100,-28.306544576717474,50
111150,-26.1183239620608,50
111200,-31.90616118317285,50
111250,-33.29389910746717,50
111300,-33.12143869800812,50
111350,-26.917686139848108,50
111400,-31.8480242424061,50
111450,-30.43717717422322,50
111500,-34.24994062183354,50
111550,-27.476160712330426,50
111600,-24.327069296220678,50
111650,-29.309752789908245,50
111700,-35.6654860307253,50
111750,-29.864982508600914,50
111800,-31.89904234007774,50
111850,-26.931086587312986,50
111900,-29.902303552431274,50
111950,-21.355803511168723,50
112000,-30.85706376688491,50
112050,-25.29123907221357,50
112100,-37.893571384036626,50
112150,-31.08381273178067,50
112200,-32.80819438912647,50
112250,-29.409428753699782,50
112300,-30.375179791220816,50
112350,-23.346304306472693,50
112400,-28.279386241025946,50
112450,-32.65134933774493,50
112500,-26.413376892390687,50
112550,-25.3176819775968,50
112600,-23.586501654463998,50
112650,-30.602175862223255,50
112700,-28.169403953016406,50
112750,-36.724424052297174,50
112800,-33.98841003537715,50
112850,-26.92207562758688,50
112900,-39.7814883918768,50
112950,-29.60824243421234,50
113000,-31.027291316076766,50
113050,-34.67418739720546,50
113100,-38.24679254972124,50
113150,-23.135142913223923,50
113200,-29.051773442256646,50
113250,-41.64217885395812,50
113300,-35.83777125471536,50
113350,-26.20424453379697,50
113400,-33.636732386197515,50
113450,-34.11926766529158,50
113500,-32.30683619227607,50
113550,-30.856970172322725,50
113600,-20.3787214236067,50
113650,-26.659047273104285,50
113700,-24.953744051686684,50
113750,-30.087473274477798,50
113800,-25.876821836170386,50
113850,-37.20387004388908,50
113900,-24.29309121779995,50
113950,-25.623979631958978,50
114000,-19.632357455752853,50
114050,-34.5382843948444,50
114100,-27.659767631296095,50
114150,-33.098658833964166,50
114200,-33.93427288481513,50
114250,-32.24137892961473,50
114300,-24.59722055328323,50
114350,-24.638779665507595,50
114400,-39.03514259123905,50
114450,-36.64901943834635,50
114500,-38.195644199048175,50
114550,-24.265490626237078,50
114600,-34.8373128160295,50
114650,-30.250484267335224,50
114700,-31.65477787530947,50
114750,-26.063188970116144,50
114800,-28.989188609652025,50
114850,-28.65986515423636,50
114900,-24.558047048062228,50
114950,-33.674433504077975,50
115000,-26.265705799371418,50
115050,-28.199925557611667,50
115100,-25.61109178744633,50
115150,-32.81138862318855,50
115200,-26.22994937375458,50
115250,-32.332013476141405,50
115300,-29.247459197021115,50
115350,-28.49939557576076,50
115400,-26.5372489669238,50
115450,-32.0651729386544,50
115500,-38.05008908216785,50
115550,-27.991960621510447,50
115600,-29.9057497310068,50
115650,-28.836173330595315,50
115700,-23.92365695965983,50
115750,-26.77891773875993,50
115800,-34.926182890151594,50
115850,-25.911860821657875,50
115900,-33.96987390202847,50
115950,-30.604814821375207,50
116000,-24.910799690114107,50
116050,-36.20868754934068,50
116100,-28.524422073512604,50
116150,-35.34576430774431,50
116200,-28.57179150345234,50
116250,-31.474772282311065,50
116300,-30.363486177770213,50
116350,-33.48878156212915,50
116400,-30.679704226474517,50
116450,-30.691115870606886,50
116500,-26.866016819197924,50
116550,-36.30151546878884,50
116600,-26.22884100689135,50
116650,-32.71694298740691,50
116700,-27.55722747585583,50
116750,-35.23341933926257,50
116800,-25.00672899358311,50
116850,-34.05633913863489,50
116900,-27.36827927813282,50
116950,-24.72505643004062,50
117000,-25.108343123688062,50
117050,-36.33747684062511,50
117100,-28.63040670018006,50
117150,-32.16546605393321,50
117200,-31.161443655536726,50
117250,-29.826922611526815,50
117300,-35.715983726008865,50
117350,-29.934886990375556,50
117400,-39.082701228188874,50
117450,-28.260351720693297,50
117500,-25.939343875488706,50
117550,-24.410919104092667,50
117600,-34.53146436353936,50
117650,-29.123621268756487,50
117700,-26.50712378151122,50
117750,-38.92322124367685,50
117800,-23.13779351353817,50
117850,-35.55353149082568,50
117900,-37.265801092862915,50
117950,-30.7216995522383,50
118000,-37.48451738403124,50
118050,-28.93837149805977,50
118100,-26.003590067997198,50
118150,-25.830386897853874,50
118200,-37.83122539461573,50
118250,-38.715003348495834,50
118300,-29.831143892609507,50
118350,-27.41608960168186,50
118400,-28.589952884788236,50
118450,-27.83442129744169,50
118500,-29.247069689737497,50
118550,-23.656294397250264,50
118600,-24.146108021908223,50
118650,-29.485303617286366,50
118700,-28.827915166520878,50
118750,-32.110606186029635,50
118800,-33.69161906858674,50
118850,-30.630998209640836,50
118900,-34.85509718316001,50
118950,-30.069284724425664,50
119000,-32.244903363878564,50
119050,-27.729900965496505,50
119100,-27.392898598541194,50
119150,-30.018387581164795,50
119200,-24.72585530584371,50
119250,-27.048215652238476,50
119300,-30.561673188322903,50
119350,-30.774870781888357,50
119400,-25.188653119032306,50
119450,-25.01901144237816,50
119500,-26.72007728764531,50
119550,-24.406567479198518,50
119600,-25.864548769058214,50
119650,-29.560995405708155,50
119700,-28.25078980529593,50
119750,-33.97863771257026,50
119800,-25.64356396113191,50
119850,-24.15961335902095,50
119900,-33.308044344636464,50
119950,-32.048859852753225,50
120000,-30.379308238668994,50
120050,-40.965522879271255,50
120100,-22.38418893925239,50
120150,-30.845328960922593,50
120200,-25.247311654313965,50
120250,-33.359131921186574,50
120300,-26.350426146789367,50
120350,-29.235157198255106,50
120400,-27.11696408825594,50
120450,-37.63333063443583,50
120500,-30.40330742921355,50
120550,-32.09141559754991,50
120600,-26.406887377756657,50
120650,-24.585147949690523,50
120700,-24.649946481065637,50
120750,-24.297028194240603,50
120800,-42.01992069235106,50
120850,-34.77169239428897,50
120900,-19.388667036181385,50
120950,-28.76017727104168,50
121000,-27.463297238947366,50
121050,-32.6547893446009,50
121100,-23.704446079870355,50
121150,-27.21375119077733,50
121200,-34.889812047361694,50
121250,-23.31564063103549,50
121300,-24.089733962159034,50
121350,-30.883950660812047,50
121400,-33.66506073844524,50
121450,-18.829184917216775,50
121500,-29.635614134258148,50
121550,-32.091537863047066,50
121600,-26.381004531744455,50
121650,-27.97425763823899,50
121700,-24.31783661867179,50
121750,-27.67514533211142,50
121800,-25.898806269480563,50
121850,-27.966586029061123,50
121900,-29.25324423010548,50
121950,-25.950917395766176,50
122000,-35.074222407456304,50
122050,-36.41689568633016,50
122100,-33.34950562674088,50
122150,-27.543048596379318,50
122200,-37.04652473688174,50
122250,-32.22097135937026,50
122300,-25.038405640189264,50
122350,-31.456342998000675,50
122400,-16.591229161291245,50
122450,-34.118760613611194,50
122500,-27.839971240920296,50
122550,-30.852286180281133,50
122600,-32.66702141345147,50
122650,-34.07304277189866,50
122700,-29.447872715096903,50
122750,-25.055390150217075,50
122800,-20.725934063620624,50
122850,-21.96067998882298,50
122900,-27.692700373909013,50
122950,-30.512024883228747,50
123000,-34.213611096721635,50
123050,-27.407236426759344,50
123100,-22.932262111072088,50
123150,-31.120604467004558,50
123200,-33.02719017173724,50
123250,-24.736894588624665,50
123300,-29.80412208573626,50
123350,-23.90843016783903,50
123400,-26.508090163664065,50
123450,-37.3541574862596,50
123500,-34.13286508825259,50
123550,-31.75540637247598,50
123600,-26.442354277553193,50
123650,-32.590902223649884,50
123700,-26.26979803615882,50
123750,-36.693737787045706,50
123800,-26.523231909980396,50
123850,-34.45079780765392,50
123900,-28.53393236250761,50
123950,-21.688736357161783,50
124000,-31.396677733468803,50
124050,-24.227844472994605,50
124100,-25.256110139172776,50
124150,-36.79926172448861,50
124200,-30.894023912376962,50
124250,-32.81945446864871,50
124300,-25.956732367848243,50
124350,-20.279933122444625,50
124400,-36.495269561474416,50
124450,-31.30490998830644,50
124500,-33.54278335617462,50
124550,-20.620002734691045,50
124600,-27.527828482853884,50
124650,-30.678586478605375,50
124700,-35.60259889215552,50
124750,-25.713593591634336,50
124800,-27.768970632061375,50
124850,-28.50711482452163,50
124900,-23.904268450588386,50
124950,-39.747148582654226,50
125000,-19.527884331052334,50
125050,-29.873071205007747,50
125100,-33.60380813406695,50
125150,-24.976279238294836,50
125200,-25.470313709991668,50
125250,-20.75056069227417,50
125300,-20.768366630718297,50
125350,-25.83679780645173,50
125400,-32.971946842907236,50
125450,-32.03159560121112,50
125500,-23.34322569449592,50
125550,-31.150901570030484,50
125600,-27.043747092395662,50
125650,-28.304448793875963,50
125700,-28.96927769779991,50
125750,-32.12670054638382,50
125800,-24.227365578813764,50
125850,-35.62804094833665,50
125900,-26.87909591934619,50
125950,-30.891503682623842,50
126000,-29.81705812874367,50
126050,-27.132490692258493,50
126100,-31.16537202513763,50
126150,-22.17528014094009,50
126200,-23.230668465478367,50
126250,-22.938630413734355,50
126300,-27.706879724608264,50
126350,-29.316099702353938,50
126400,-30.133180092183686,50
126450,-31.149206924815527,50
126500,-19.507118480761193,50
126550,-22.61890199599692,50
126600,-32.789439257637774,50
126650,-38.16808723528799,50
126700,-24.949728298040444,50
126750,-33.93141255883552,50
126800,-26.142274853153587,50
126850,-36.357458079238505,50
126900,-28.410249053994203,50
126950,-30.132496999854027,50
127000,-28.652875612798596,50
127050,-21.019769616300128,50
127100,-27.524760199464794,50
127150,-23.305417934051913,50
127200,-30.086597399924116,50
127250,-31.085908959141598,50
127300,-25.503694278641692,50
127350,-35.45522674797457,50
127400,-31.81317042589091,50
127450,-22.41671804155463,50
127500,-31.21311533358488,50
127550,-31.154616349529,50
127600,-29.498945989509714,50
127650,-37.79561630490495,50
127700,-27.738085455593755,50
127750,-25.01237579471765,50
127800,-24.0738130546352,50
127850,-22.51046005453797,50
127900,-34.48956994131878,50
127950,-21.410869721469176,50
128000,-27.964397684707514,50
128050,-22.023664018709866,50
128100,-29.561240860916328,50
128150,-25.07084620633443,50
128200,-22.956155411046485,50
128250,-25.40850644660451,50
128300,-23.733731387513405,50
128350,-30.249593977916575,50
128400,-21.344662355401788,50
128450,-28.2854652490554,50
128500,-27.801302813245353,50
128550,-31.162368912628153,50
128600,-23.86931186680209,50
128650,-30.588112255562862,50
128700,-21.5044095118508,50
128750,-24.381749325126272,50
128800,-25.611693742479826,50
128850,-23.686557460882884,50
128900,-31.706132994432746,50
128950,-31.592988935452013,50
129000,-25.62069344539566,50
129050,-27.912075295668558,50
129100,-29.51139813624326,50
129150,-30.174029707383188,50
129200,-35.752655578970504,50
129250,-24.582455338083708,50
129300,-26.76011614518616,50
129350,-29.593969445979873,50
129400,-23.72519845169988,50
129450,-21.738365075181807,50
129500,-23.81745915846211,50
129550,-28.569076941610927,50
129600,-25.22196414225808,50
129650,-20.346127109148206,50
129700,-22.688317688107965,50
129750,-30.936696892971717,50
129800,-32.078331252299435,50
129850,-24.43957749199455,50
129900,-25.664629874495194,50
129950,-26.837144472731413,50
130000,-21.546205030210807,50
130050,-27.60372823186269,50
130100,-40.260987780671854,50
130150,-25.58337958290653,50
130200,-24.485510977033258,50
130250,-26.12617444732824,50
130300,-21.167131927524377,50
130350,-26.448730257933008,50
130400,-22.34373766911255,50
130450,-19.123579296204003,50
130500,-27.298947653255667,50
130550,-25.533931370048148,50
130600,-27.4709432411544,50
130650,-28.866213886271694,50
130700,-26.166849352606537,50
130750,-19.557608061499913,50
130800,-19.751490206560035,50
130850,-26.089095997014024,50
130900,-25.914766483283998,50
130950,-27.90852635869623,50
131000,-31.931933071471224,50
131050,-27.796504946701578,50
131100,-26.937688143902488,50
131150,-21.10631234622391,50
131200,-32.4902087824496,50
131250,-23.56175248894417,50
131300,-20.654919434669445,50
131350,-21.894848822998032,50
131400,-19.707222368984684,50
131450,-25.20597508826955,50
131500,-29.153837625833887,50
131550,-21.846789208681848,50
131600,-26.088620260142118,50
131650,-26.70595284468574,50
131700,-32.19416462934639,50
131750,-25.906359915149594,50
131800,-27.230609866675465,50
131850,-19.545530851442365,50
131900,-25.911530276486246,50
131950,-28.673661273866244,50
132000,-24.67054595597549,50
132050,-17.77981266897344,50
132100,-24.229498162978015,50
132150,-25.556415795553455,50
132200,-29.16661828661842,50
132250,-20.293142745948078,50
132300,-33.92950837454255,50
132350,-27.815425285475875,50
132400,-28.52221114635242,50
132450,-29.00141570948722,50
132500,-28.44416603728899,50
132550,-25.081682677093752,50
132600,-32.20309736350868,50
132650,-25.22422818506143,50
132700,-28.28294337670843,50
132750,-18.632774653652437,50
132800,-28.376384718094783,50
132850,-36.09818174721322,50
132900,-27.025787344671347,50
132950,-25.032957180920814,50
133000,-22.228213256559048,50
133050,-27.65386521024531,50
133100,-26.2548246762403,50
133150,-21.085641383518826,50
133200,-32.46029663254684,50
133250,-25.4612704929398,50
133300,-25.284547334825227,50
133350,-17.780723509084122,50
133400,-24.206182612763474,50
133450,-30.02396501832812,50
133500,-25.838583167919207,50
133550,-24.122848424754675,50
133600,-27.710851872095905,50
133650,-23.687436741931155,50
133700,-20.804851685645772,50
133750,-29.52262273091845,50
133800,-30.90850083805476,50
133850,-23.101112865228867,50
133900,-18.20251233235248,50
133950,-22.62782878542747,50
134000,-31.02640998185659,50
134050,-23.81258679688805,50
134100,-19.59392640731368,50
134150,-26.973214086805903,50
134200,-31.288818155609658,50
134250,-26.10840368260247,50
134300,-25.23892578828679,50
134350,-30.476315573266955,50
134400,-24.308524038908505,50
134450,-21.08521703104502,50
134500,-25.017232553516042,50
134550,-25.94618391314446,50
134600,-21.89638199154679,50
134650,-28.20454244546403,50
134700,-29.34071758586109,50
134750,-21.30905059149075,50
134800,-30.031882156844173,50
134850,-20.219591945179655,50
134900,-21.31339054286984,50
134950,-28.542278478633342,50
135000,-26.982741034800874,50
135050,-19.775695719912473,50
135100,-35.8882183242117,50
135150,-35.80925359225184,50
135200,-32.887127893092156,50
135250,-19.64765016866211,50
135300,-25.619128184438182,50
135350,-24.517584351498165,50
135400,-24.83251402967603,50
135450,-22.50751771903067,50
135500,-25.84359621295341,50
135550,-22.738402203603798,50
135600,-23.525791322177763,50
135650,-21.323659113859048,50
135700,-22.73756652435772,50
135750,-21.314650570468483,50
135800,-23.418437223831976,50
135850,-23.38006830402437,50
135900,-24.347706317066233,50
135950,-23.35773671662679,50
136000,-27.165217156614897,50
136050,-25.10444744228973,50
136100,-20.815665142640917,50
136150,-26.21329501389336,50
136200,-23.61883034084602,50
136250,-19.10751132345461,50
136300,-23.03806695439635,50
136350,-24.083291813011904,50
136400,-24.027945674623982,50
136450,-23.67751589769612,50
136500,-23.99296229299869,50
136550,-28.16979476515878,50
136600,-17.78346495980084,50
136650,-21.78924488064771,50
136700,-27.06738095839634,50
136750,-22.254001706520476,50
136800,-19.24841089770529,50
136850,-29.123967617482243,50
136900,-21.914058109908396,50
136950,-27.889640042169404,50
137000,-23.25796453877225,50
137050,-27.504815325038873,50
137100,-21.41271446163808,50
137150,-27.91109072262387,50
137200,-22.294681560514118,50
137250,-23.67248764575479,50
137300,-28.92976075635346,50
137350,-29.272050500551327,50
137400,-32.195290808933684,50
137450,-29.08623200887458,50
137500,-24.07472836838322,50
137550,-22.320790520776466,50
137600,-22.100756374744346,50
137650,-29.301457362793176,50
137700,-21.32464435163679,50
137750,-21.6245149590113,50
137800,-18.68476237630401,50
137850,-23.758474416303738,50
137900,-22.361103665274527,50
137950,-21.013840795864926,50
138000,-28.063121423370557,50
138050,-20.42076456511948,50
138100,-18.23147230642617,50
138150,-18.394844276096254,50
138200,-21.796227928459576,50
138250,-22.064059964860576,50
138300,-20.76185689207774,50
138350,-29.07455109820224,50
138400,-32.69778104176836,50
138450,-22.234098581616106,50
138500,-27.11626872881488,50
138550,-22.063470910614043,50
138600,-25.87031647421618,50
138650,-24.770516775161827,50
138700,-26.637370522866043,50
138750,-26.622642512933723,50
138800,-22.187014108065785,50
138850,-25.790132935373826,50
138900,-21.032754440616667,50
138950,-33.47989264504389,50
139000,-22.35461975736843,50
139050,-22.928233892833283,50
139100,-17.64937397729936,50
139150,-27.71555666041136,50
139200,-27.07003584644308,50
139250,-20.709046077306333,50
139300,-23.652896824123992,50
139350,-21.281938406682354,50
139400,-22.05203582368338,50
139450,-26.65699046978703,50
139500,-26.171448308941144,50
139550,-21.703750474280135,50
139600,-23.55233461077882,50
139650,-18.915866218144004,50
139700,-21.43887943406136,50
139750,-22.865939400913906,50
139800,-23.396836936832372,50
139850,-24.96904210971777,50
139900,-20.530666914336226,50
139950,-25.46312506102823,50
140000,-22.90373126648956,50
140050,-31.70245495912161,50
140100,-22.239151681869224,50
140150,-17.65619227415555,50
140200,-28.207595539190763,50
140250,-24.453355230404007,50
140300,-26.06624333149406,50
140350,-20.142001285540314,50
140400,-19.984961769215804,50
140450,-22.647089677554103,50
140500,-23.672179975544577,50
140550,-19.042866834830352,50
140600,-25.19165455021452,50
140650,-16.84961522614198,50
140700,-26.70639096625883,50
140750,-15.63424040081469,50
140800,-26.15946582929218,50
140850,-22.928022860783187,50
140900,-25.45214743527432,50
140950,-22.72674060752136,50
141000,-23.496947885571668,50
141050,-22.00154403001359,50
141100,-18.76936693230349,50
141150,-24.91435961989084,50
141200,-25.2826939989846,50
141250,-22.36980979309047,50
141300,-24.85816293769504,50
141350,-19.103573251329927,50
141400,-21.842635995012984,50
141450,-20.6923769894609,50
141500,-22.73037239542379,50
141550,-22.00944159545997,50
141600,-19.180912349267334,50
141650,-25.941270145281077,50
141700,-20.169480676338758,50
141750,-20.732331333304742,50
141800,-23.74592102202496,50
141850,-24.36099162026311,50
141900,-25.467265373259732,50
141950,-21.847528480789343,50
142000,-18.95727533207492,50
142050,-21.69225201076469,50
142100,-26.44019108688872,50
142150,-27.466299488786703,50
142200,-21.658742810037626,50
142250,-22.280573652733615,50
142300,-18.956104029277267,50
142350,-24.018470971092228,50
142400,-26.787121565515868,50
142450,-22.40298602314811,50
142500,-19.5781253726697,50
142550,-27.234688592980504,50
142600,-28.753719876740686,50
142650,-22.75401849158112,50
142700,-31.247197641859525,50
142750,-21.837167582675452,50
142800,-21.851875106260746,50
142850,-18.86490930253544,50
142900,-27.181336159068085,50
142950,-18.724208841124963,50
143000,-32.94431962787541,50
143050,-25.38536157869991,50
143100,-27.117486547714293,50
143150,-33.29770938486654,50
143200,-23.295870575483395,50
143250,-17.387814356894587,50
143300,-28.045899901757608,50
143350,-25.08772393392897,50
143400,-22.254417033766916,50
143450,-20.038641749035914,50
143500,-30.87931256955663,50
143550,-25.94889236104795,50
143600,-21.143423812941617,50
143650,-19.817670154374873,50
143700,-24.31295116127998,50
143750,-22.453990985892144,50
143800,-23.188557540801465,50
143850,-21.98834199725443,50
143900,-27.983688274941066,50
143950,-18.72318008117718,50
144000,-20.99308626890925,50
144050,-21.49822633209199,50
144100,-22.78806869051982,50
144150,-22.882000857847217,50
144200,-17.594875728215193,50
144250,-25.030287895834178,50
144300,-28.618843234769635,50
144350,-24.03138941778944,50
144400,-23.84378318597424,50
144450,-27.266517845649954,50
144500,-15.764683340528526,50
144550,-20.524016552254352,50
144600,-20.84243156081211,50
144650,-23.35948897418839,50
144700,-26.86496584352706,50
144750,-22.043935573049197,50
144800,-19.77256967286172,50
144850,-26.579885938381707,50
144900,-18.562091335402698,50
144950,-17.814061290653946,50
145000,-22.17598659919547,50
145050,-18.45929603106641,50
145100,-25.17162344262344,50
145150,-29.84107658847182,50
145200,-20.675417454141588,50
145250,-22.57629118537079,50
145300,-18.255361026483605,50
145350,-22.438822418394953,50
145400,-18.102815558027448,50
145450,-20.41235762695102,50
145500,-18.286387148336537,50
145550,-23.64195415033418,50
145600,-24.286367096998895,50
145650,-21.220847417766183,50
145700,-17.27481845112498,50
145750,-25.48133855180551,50
145800,-25.143672266079054,50
145850,-20.556558481549242,50
145900,-24.21433992538649,50
145950,-19.829866741275758,50
146000,-19.730544340036555,50
146050,-22.205613582869816,50
146100,-24.65599870467932,50
146150,-20.97585311966294,50
146200,-24.059882886964154,50
146250,-19.534434060837388,50
146300,-21.348400023249877,50
146350,-21.764396548273925,50
146400,-20.301367701869967,50
146450,-26.062344450869677,50
146500,-19.95194092913327,50
146550,-21.63065865017005,50
146600,-21.935872410951397,50
146650,-19.694864006100627,50
146700,-23.003847776960406,50
146750,-24.270132524779395,50
146800,-29.526043637218965,50
146850,-28.115739559072477,50
146900,-21.882651328277266,50
146950,-17.207132483162177,50
147000,-21.31604229883249,50
147050,-23.096783917664506,50
147100,-24.014352022353865,50
147150,-24.41041714196837,50
147200,-24.011800023941312,50
147250,-19.249803168378154,50
147300,-18.451416935727135,50
147350,-21.689275307326955,50
147400,-16.793275199883336,50
147450,-24.34986569056559,50
147500,-18.55966597867167,50
147550,-15.635166771442876,50
147600,-15.749074039396298,50
147650,-18.28691267072214,50
147700,-24.49356132226132,50
147750,-20.127147490202212,50
147800,-16.620931034591,50
147850,-22.0734209811454,50
147900,-25.918642117998406,50
147950,-20.574239932134812,50
148000,-22.47780886162899,50
148050,-21.439112803380063,50
148100,-18.161976349117282,50
148150,-17.328043367656473,50
148200,-26.181621249002912,50
148250,-21.56465085632738,50
148300,-29.841273263212344,50
148350,-17.341144682227355,50
148400,-19.46220310697873,50
148450,-20.596455453746973,50
148500,-22.407385603609463,50
148550,-17.736395152960235,50
148600,-24.953700703013766,50
148650,-23.60414076115393,50
148700,-21.00612106096424,50
148750,-18.05361220541306,50
148800,-23.327696215954543,50
148850,-21.01521926810385,50
148900,-17.35959798430154,50
148950,-19.86259688629428,50
149000,-14.761619912553684,50
149050,-25.22663769076916,50
149100,-20.464620124777646,50
149150,-22.352518993935245,50
149200,-21.60292928888566,50
149250,-21.062293759127634,50
149300,-19.45775874186632,50
149350,-25.698065492867247,50
149400,-16.349171009928085,50
149450,-23.41537868994685,50
149500,-17.66327518285237,50
149550,-22.684293954805405,50
149600,-17.82023430551753,50
149650,-20.308266683374168,50
149700,-19.758101915212794,50
149750,-18.90700710343184,50
149800,-26.983163491071956,50
149850,-20.276657338774925,50
149900,-20.40550523282675,50
149950,-18.8512260929599,50
150000,-17.107406445020413,50
150050,-20.83242169625625,50
150100,-16.53057366847911,50
150150,-26.624413317153195,50
150200,-22.66595910383907,50
150250,-28.781226938242174,50
150300,-18.883291056611597,50
150350,-15.703438373826124,50
150400,-19.937194196027082,50
150450,-17.917305911221614,50
150500,-28.075112351894443,50
150550,-20.596888291575866,50
150600,-24.370722924140303,50
150650,-21.41306367123413,50
150700,-23.20898645249188,50
150750,-16.877523491025546,50
150800,-21.856728031203676,50
150850,-17.15318091169896,50
150900,-22.971004390639628,50
150950,-17.097251453305883,50
151000,-19.054676436103648,50
151050,-21.486386781844377,50
151100,-18.093146385778127,50
151150,-19.183814420520136,50
151200,-22.412357997864472,50
151250,-19.413811249289882,50
151300,-17.88243789410751,50
151350,-16.099658442684575,50
151400,-20.947823051509307,50
151450,-22.782823606950775,50
151500,-18.90128051147919,50
151550,-19.886453573015658,50
151600,-25.085412347355987,50
151650,-22.74047162728848,50
151700,-27.53989624906678,50
151750,-17.74349518281261,50
151800,-21.729284472154553,50
151850,-19.766550554467674,50
151900,-22.9922918138669,50
151950,-24.572142058318025,50
152000,-22.54949127594518,50
152050,-22.22821654295269,50
152100,-24.107127781668108,50
152150,-20.2754726331048,50
152200,-20.69786264272626,50
152250,-25.868467291708015,50
152300,-20.7302919823966,50
152350,-27.47109614510422,50
152400,-21.06914838223989,50
152450,-18.995120423432308,50
152500,-19.105656341912496,50
152550,-16.593007182385467,50
152600,-19.030041200549412,50
152650,-23.385667514080424,50
152700,-23.06161919297166,50
152750,-21.810320731718452,50
152800,-20.37918669654829,50
152850,-20.66684368579351,50
152900,-23.856109178486058,50
152950,-20.240706458468075,50
153000,-20.932000574581043,50
153050,-20.336476249555528,50
153100,-23.592161491423578,50
153150,-17.729135248065887,50
153200,-15.811384552616241,50
153250,-19.76137303235698,50
153300,-19.99215336322917,50
153350,-22.051380244421285,50
153400,-18.941832851110863,50
153450,-17.003627845487852,50
153500,-21.661616656733678,50
153550,-18.006565981389418,50
153600,-21.193898063722806,50
153650,-17.912174161533667,50
153700,-21.529677339825458,50
153750,-20.62519839619872,50
153800,-16.577314823332944,50
153850,-25.11105077137418,50
153900,-19.42579609397407,50
153950,-20.279299830051805,50
154000,-20.799772178444545,50
154050,-19.29342364831999,50
154100,-18.062564342985503,50
154150,-16.881834154166057,50
154200,-23.755615012528985,50
154250,-23.78832555425603,50
154300,-21.086011550231134,50
154350,-23.713099752633347,50
154400,-17.711656926851873,50
154450,-21.849457880098697,50
154500,-21.2470474669362,50
154550,-22.160944952299708,50
154600,-24.081041454173093,50
154650,-19.091110286906204,50
154700,-22.77320541841815,50
154750,-18.029723356283526,50
154800,-18.141921352128417,50
154850,-17.62435964413566,50
154900,-18.091534739746635,50
154950,-24.365307898915425,50
155000,-25.242100512843617,50
155050,-23.097530660255988,50
155100,-17.97382930184526,50
155150,-16.271956759101116,50
155200,-20.350998391603966,50
155250,-20.8238099737444,50
155300,-19.557736779989384,50
155350,-23.659253903294047,50
155400,-25.112517644356203,50
155450,-24.828423187978164,50
155500,-22.48152768570851,50
155550,-20.267277037185778,50
155600,-17.67944871566422,50
155650,-18.618911300589996,50
155700,-16.10989764487476,50
155750,-22.610259419495506,50
155800,-19.341930757806374,50
155850,-17.45926667172463,50
155900,-22.245247149425975,50
155950,-15.230115085968961,50
156000,-19.682204330647657,50
156050,-19.69482900927377,50
156100,-18.21847073326853,50
156150,-14.592729547978443,50
156200,-17.343636995788067,50
156250,-21.200974652704854,50
156300,-20.602554953030612,50
156350,-14.645710764207733,50
156400,-24.379481937627528,50
156450,-16.755592627158048,50
156500,-19.86469555729429,50
156550,-18.643220480190134,50
156600,-21.99251425609404,50
156650,-20.80119196415838,50
156700,-17.755542723209327,50
156750,-26.155149958387433,50
156800,-18.16695803087978,50
156850,-16.35932707475768,50
156900,-20.50683101559842,50
156950,-18.272596898389473,50
157000,-20.28718277324403,50
157050,-21.035226188437303,50
157100,-15.340777818223025,50
157150,-16.891067321867382,50
157200,-18.409073695137668,50
157250,-23.34052583743387,50
157300,-15.019475007090636,50
157350,-17.133288104336213,50
157400,-20.82938758603296,50
157450,-21.631933218141125,50
157500,-22.772070425791984,50
157550,-15.971620687327587,50
157600,-17.68072466389225,50
157650,-19.21946997155421,50
157700,-21.366390285559568,50
157750,-21.110042923372845,50
157800,-20.53667291771797,50
157850,-18.01564914703809,50
157900,-21.817127048824478,50
157950,-24.36474582141797,50
158000,-18.867546817838697,50
158050,-20.953330911391937,50
158100,-21.179357268365532,50
158150,-16.123516435543745,50
158200,-16.950885865906628,50
158250,-17.019705442480845,50
158300,-20.071569784396328,50
158350,-18.26097555242846,50
158400,-19.693250224079662,50
158450,-20.657129686104795,50
158500,-19.73527711931394,50
158550,-16.700010104858865,50
158600,-21.03714114048003,50
158650,-22.906114772307394,50
158700,-16.656775230927952,50
158750,-16.66667862460777,50
158800,-22.411077344768255,50
158850,-17.84387067721167,50
158900,-19.94503385058948,50
158950,-21.61410204049663,50
159000,-23.912377202683384,50
159050,-15.055018045590565,50
159100,-19.280941824983348,50
159150,-16.776944801995157,50
159200,-20.20134746181367,50
159250,-22.555718394983373,50
159300,-20.489692306165388,50
159350,-20.292289171959176,50
159400,-22.23429050845882,50
159450,-20.44000590160225,50
159500,-18.266902545554082,50
159550,-22.69492899052208,50
159600,-20.53522733975963,50
159650,-16.984375541171648,50
159700,-16.80567397910517,50
159750,-21.404815373938764,50
159800,-17.592087400409785,50
159850,-14.604841670512046,50
159900,-18.264783212039763,50
159950,-16.804361308405447,50
160000,-19.61142556651484,50
160050,-18.09275664079009,50
160100,-16.878448559464175,50
160150,-14.95814676717836,50
160200,-15.610939698747192,50
160250,-18.6203854735218,50
160300,-19.09527092667836,50
160350,-15.213670443718298,50
160400,-15.257184378946326,50
160450,-16.61381576431935,50
160500,-23.64617267631201,50
160550,-24.87893408817627,50
160600,-15.429070817337202,50
160650,-21.826201403044433,50
160700,-22.668239730532413,50
160750,-25.337555255173424,50
160800,-19.986806071184574,50
160850,-18.76470948970564,50
160900,-20.88768383330561,50
160950,-23.292702715732105,50
161000,-21.24669954995601,50
161050,-17.175155199435782,50
161100,-19.664064805859095,50
161150,-18.257763752086877,50
161200,-21.521732138952217,50
161250,-20.073891612708913,50
161300,-21.659746231634017,50
161350,-16.191371452055552,50
161400,-20.770403506020475,50
161450,-16.3330826290147,50
161500,-19.427619128717087,50
161550,-23.69382222972876,50
161600,-14.998496427956105,50
161650,-16.398776666273925,50
161700,-22.952813506966084,50
161750,-20.363499680780894,50
161800,-16.792734978174632,50
161850,-17.650300460612847,50
161900,-20.425941269927986,50
161950,-21.796772942418464,50
162000,-21.036707961983797,50
162050,-22.34998700825836,50
162100,-14.745883370691597,50
162150,-21.799792420208686,50
162200,-21.346651978512384,50
162250,-17.475321421688836,50
162300,-20.655051369398805,50
162350,-19.903874418506742,50
162400,-13.759917474674914,50
162450,-19.85927565880618,50
162500,-18.84800892657234,50
162550,-15.343707832084776,50
162600,-20.79277558946935,50
162650,-18.132658303191008,50
162700,-20.002558047666707,50
162750,-19.839995566000667,50
162800,-19.743653915792738,50
162850,-17.34772397771806,50
162900,-18.397806093165226,50
162950,-20.25094171752741,50
163000,-26.252065844983196,50
163050,-21.958887590289603,50
163100,-21.294676263365968,50
163150,-21.11595808059974,50
163200,-22.860093954013585,50
163250,-17.99737871546668,50
163300,-14.01294541389573,50
163350,-14.374180572639139,50
163400,-14.561974500584373,50
163450,-18.22832086876774,50
163500,-18.16112346758019,50
163550,-16.57025575101488,50
163600,-20.00863013278885,50
163650,-22.32576150134739,50
163700,-18.97744121063713,50
163750,-22.85059003579019,50
163800,-18.915276232787747,50
163850,-17.87756232594738,50
163900,-18.48721170180088,50
163950,-23.4354704518407,50
164000,-19.26060057405759,50
164050,-13.634603495653046,50
164100,-15.29591889968211,50
164150,-18.27819801869488,50
164200,-13.537038447588047,50
164250,-17.069240581090362,50
164300,-17.466713344207577,50
164350,-17.13936604920796,50
164400,-16.471826474292705,50
164450,-13.432671271823462,50
164500,-16.590808102643145,50
164550,-19.766887338100098,50
164600,-12.80024427835088,50
164650,-18.61137248283898,50
164700,-14.14779295884989,50
164750,-18.19582413228151,50
164800,-17.300104831311764,50
164850,-20.13910585557633,50
164900,-20.74322487548548,50
164950,-15.781715970665246,50
165000,-21.677332407031113,50
165050,-14.51070516047352,50
165100,-18.021318200292516,50
165150,-18.348885211228897,50
165200,-13.400317065435297,50
165250,-20.055801763436584,50
165300,-16.982336493569168,50
165350,-21.141054953163597,50
165400,-19.050111460485375,50
165450,-20.855719820528783,50
165500,-18.3262260721599,50
165550,-15.618545877137606,50
165600,-21.044619122082377,50
165650,-22.643096637838802,50
165700,-18.04093824143998,50
165750,-17.123319549807064,50
165800,-16.930340209185438,50
165850,-17.4454330660575,50
165900,-21.414299279162698,50
165950,-15.928638645126316,50
166000,-16.42073841225582,50
166050,-21.192845991999743,50
166100,-12.953916166847995,50
166150,-24.70164067850807,50
166200,-23.026338726944907,50
166250,-21.322953953040834,50
166300,-18.84042292749169,50
166350,-25.079447293712896,50
166400,-17.432489836169903,50
166450,-14.906247273128448,50
166500,-17.565267460805874,50
166550,-13.821018018193461,50
166600,-17.78349532829462,50
166650,-10.405845425494181,50
166700,-16.094922793744953,50
166750,-16.16061881456561,50
166800,-22.212950919961187,50
166850,-16.38677442934512,50
166900,-20.801054195220996,50
166950,-13.98872014846222,50
167000,-16.067390457902047,50
167050,-19.310397080874864,50
167100,-21.1996894650714,50
167150,-19.801322452781537,50
167200,-15.732209845546862,50
167250,-19.606622584133298,50
167300,-12.584694793768442,50
167350,-15.795397044441513,50
167400,-15.52870690818729,50
167450,-21.53077107058264,50
167500,-19.566221190650026,50
167550,-19.628573176824638,50
167600,-15.203886477054649,50
167650,-20.07733010799957,50
167700,-19.967941978616643,50
167750,-14.70894206817837,50
167800,-19.17309463235985,50
167850,-15.323184986337262,50
167900,-19.238832065259544,50
167950,-15.016538476509355,50
168000,-13.901195143519198,50
168050,-20.156321700065774,50
168100,-14.052353746150153,50
168150,-18.184370729453423,50
168200,-16.407055762313284,50
168250,-14.893720265726701,50
168300,-22.938097826796277,50
168350,-19.52299895359785,50
168400,-17.537915294986902,50
168450,-22.76734817334925,50
168500,-23.43888864505151,50
168550,-17.103390140237714,50
168600,-19.718093526906586,50
168650,-15.78747718946358,50
168700,-25.722647369537537,50
168750,-23.18667256053116,50
168800,-18.548229397349616,50
168850,-19.82245136685694,50
168900,-22.73893309666931,50
168950,-14.3620421157669,50
169000,-17.23277618584653,50
169050,-14.56741745095575,50
169100,-20.095015387819977,50
169150,-19.674333930701017,50
169200,-14.238586608102322,50
169250,-14.897116460461216,50
169300,-17.55086799066813,50
169350,-17.469474891214,50
169400,-13.099580737926395,50
169450,-21.119709369709714,50
169500,-12.46705527974102,50
169550,-16.169555447012655,50
169600,-16.32467957769662,50
169650,-18.453566561546637,50
169700,-16.676477705018993,50
169750,-16.7521274590059,50
169800,-19.63514643956944,50
169850,-17.917916606206784,50
169900,-19.894756518275848,50
169950,-17.304849177853438,50
170000,-19.094552751899194,50
170050,-21.18124709592797,50
170100,-20.51035455526122,50
170150,-15.514358037570709,50
170200,-17.405874316021613,50
170250,-19.08069465948208,50
170300,-18.478590962130923,50
170350,-20.247780071240584,50
170400,-18.194924113074833,50
170450,-15.273262603901756,50
170500,-15.75928059343649,50
170550,-17.84078757065513,50
170600,-16.66219623478344,50
170650,-16.774641548976508,50
170700,-14.368970851355135,50
170750,-23.058435604141778,50
170800,-18.865733435655184,50
170850,-17.783898796330668,50
170900,-18.580600731642633,50
170950,-19.698362115400904,50
171000,-17.217622790812282,50
171050,-16.156427264906554,50
171100,-19.661251714237057,50
171150,-20.037753626415228,50
171200,-19.639148603850067,50
171250,-22.088860527324304,50
171300,-18.75179215130788,50
171350,-14.76364598178674,50
171400,-14.720208683955041,50
171450,-12.374956864635713,50
171500,-18.486988181359976,50
171550,-18.6086173515648,50
171600,-14.252989392599993,50
171650,-23.67502841845809,50
171700,-17.61235241859644,50
171750,-15.298485486568309,50
171800,-18.282107870942838,50
171850,-17.019312589507038,50
171900,-15.186936880785233,50
171950,-16.118576354754964,50
172000,-19.571632044933082,50
172050,-25.802243843049894,50
172100,-14.891999545415013,50
172150,-17.599208685741043,50
172200,-14.496885646906943,50
172250,-20.90865703864201,50
172300,-14.355436319205594,50
172350,-18.85812499114887,50
172400,-15.127331683058259,50
172450,-19.231452712184662,50
172500,-18.195589858261794,50
172550,-17.235767770683726,50
172600,-17.959799701428828,50
172650,-19.431233704628927,50
172700,-18.63530274998235,50
172750,-18.132969769490565,50
172800,-15.918212323164022,50
172850,-18.094660370475864,50
172900,-13.661181308923265,50
172950,-16.45843609486119,50
173000,-20.11879594344358,50
173050,-17.373997331891964,50
173100,-15.046077042318382,50
173150,-14.58714115729306,50
173200,-19.004333140048452,50
173250,-16.555791201419353,50
173300,-18.58147656986171,50
173350,-11.342703003254577,50
173400,-15.531367804550172,50
173450,-18.4114311267029,50
173500,-22.611451335326503,50
173550,-12.81250725637419,50
173600,-23.329458857544992,50
173650,-18.08472139925596,50
173700,-21.597629854099864,50
173750,-20.015057769028004,50
173800,-16.968511049929322,50
173850,-19.323894204165125,50
173900,-16.98069303012071,50
173950,-16.079638837476452,50
174000,-11.96092168136218,50
174050,-15.747442847165921,50
174100,-14.48955250171142,50
174150,-14.006999424861721,50
174200,-17.463499066783992,50
174250,-17.467763517294113,50
174300,-16.03506997623321,50
174350,-21.9612212254043,50
174400,-14.557143909978633,50
174450,-20.893162037399012,50
174500,-18.945422597517883,50
174550,-18.822163525006136,50
174600,-13.551917289972858,50
174650,-17.972501318318812,50
174700,-16.567151663100653,50
174750,-13.291539971128268,50
174800,-17.650059103773575,50
174850,-22.61390042004181,50
174900,-17.081396905760162,50
174950,-18.917766215652097,50
175000,-9.72845235443595,50
175050,-15.432609745750893,50
175100,-17.12914195014331,50
175150,-17.895570867192962,50
175200,-18.13096312078671,50
175250,-15.860720717662323,50
175300,-15.21852233526606,50
175350,-17.60531812715559,50
175400,-14.741647640983507,50
175450,-20.85327555729792,50
175500,-13.733433257737632,50
175550,-11.872890062685622,50
175600,-24.49029477701897,50
175650,-17.529168666894126,50
175700,-13.52563180980468,50
175750,-14.539133187477862,50
175800,-18.416517849564183,50
175850,-13.19003250121759,50
175900,-19.70528891894274,50
175950,-16.50893553697303,50
176000,-17.623836996681977,50
176050,-15.292463947973536,50
176100,-11.067143673502487,50
176150,-13.744252917993181,50
176200,-20.013283670871303,50
176250,-14.271752308350052,50
176300,-14.126187997681216,50
176350,-18.08648260926551,50
176400,-20.472606781703956,50
176450,-21.457935372725093,50
176500,-15.071587415594086,50
176550,-13.917050626320975,50
176600,-16.712060926304797,50
176650,-16.427183717497705,50
176700,-17.861950359853743,50
176750,-21.70574044315027,50
176800,-16.940510392815774,50
176850,-14.44814423162736,50
176900,-13.842021997557879,50
176950,-15.656158263083881,50
177000,-22.353060976415136,50
177050,-16.952971361075207,50
177100,-21.782706911876158,50
177150,-22.086973006157375,50
177200,-15.917195382924872,50
177250,-19.694462457033254,50
177300,-14.758407671738953,50
177350,-19.71352895841336,50
177400,-16.23777493931854,50
177450,-17.02925658029752,50
177500,-12.243642668155726,50
177550,-19.269041515269713,50
177600,-15.82086282471114,50
177650,-14.64848726836517,50
177700,-17.483416875118625,50
177750,-14.066253035946875,50
177800,-16.365824099911524,50
177850,-17.754231026013493,50
177900,-17.061822224690566,50
177950,-12.040789852460163,50
178000,-16.33870739529631,50
178050,-12.725855911782913,50
178100,-17.436687210649144,50
178150,-20.65050453794271,50
178200,-12.349477579176332,50
178250,-13.8964001291613,50
178300,-13.948157658749084,50
178350,-18.379477480048795,50
178400,-15.385160610025695,50
178450,-14.323839196734324,50
178500,-18.51544707974712,50
178550,-17.79161214263027,50
178600,-17.56929990836883,50
178650,-15.928336218041146,50
178700,-12.871852506148153,50
178750,-11.850638434925544,50
178800,-17.793884995890615,50
178850,-15.80351753593049,50
178900,-17.77099446685504,50
178950,-14.121735807417027,50
179000,-13.617304892595095,50
179050,-23.41496749476284,50
179100,-14.459484362287586,50
179150,-18.201306099760686,50
179200,-16.099492240658744,50
179250,-16.417662350515993,50
179300,-17.05934239146961,50
179350,-14.695857999871526,50
179400,-17.825972867537825,50
179450,-17.843450433658642,50
179500,-13.81209587342599,50
179550,-12.490012687348631,50
179600,-14.123456345784899,50
179650,-15.294557441421894,50
179700,-12.394573566539501,50
179750,-11.324632199110795,50
179800,-14.761779461149509,50
179850,-18.94832736066032,50
179900,-14.740401675106826,50
179950,-13.05866135312128,50
180000,-13.389163952659025,50
180050,-15.162728448827554,50
180100,-19.02137483422323,50
180150,-16.639891655371127,50
180200,-18.807453461160847,50
180250,-18.300299633780128,50
180300,-16.617566775442185,50
180350,-22.770456256500783,50
180400,-16.203030884838206,50
180450,-18.259413604036453,50
180500,-16.115409037701536,50
180550,-18.578856647450372,50
180600,-15.75263835088162,50
180650,-14.8793404631666,50
180700,-16.73873050393715,50
180750,-12.812263957517892,50
180800,-13.556602241892248,50
180850,-20.95830497544204,50
180900,-19.463946410342096,50
180950,-18.934427846244564,50
181000,-13.826166875445074,50
181050,-19.97508172489638,50
181100,-19.73054950482206,50
181150,-14.101982553580035,50
181200,-19.218065910466912,50
181250,-14.345436466735674,50
181300,-14.63114786729403,50
181350,-20.305231732504172,50
181400,-20.253872951906608,50
181450,-15.817591475591678,50
181500,-16.509639650284516,50
181550,-15.419286332964713,50
181600,-14.655148717486014,50
181650,-17.88017398444361,50
181700,-17.242440812727185,50
181750,-17.034644966538746,50
181800,-17.36800359783503,50
181850,-15.183565362982877,50
181900,-16.808282498898695,50
181950,-19.290348681695964,50
182000,-17.32839965191183,50
182050,-19.01694126607656,50
182100,-16.862071505935003,50
182150,-17.62237637381137,50
182200,-17.66952705255447,50
182250,-14.768231039336698,50
182300,-18.213349574289808,50
182350,-12.637970576293137,50
182400,-12.842141900212273,50
182450,-17.15853902846986,50
182500,-17.53802015355995,50
182550,-17.850971129993802,50
182600,-19.23557239327481,50
182650,-17.59195197726336,50
182700,-11.612050364474237,50
182750,-20.115819668905562,50
182800,-12.200640842424797,50
182850,-19.258991191080707,50
182900,-16.057180435657905,50
182950,-22.358651174961267,50
183000,-14.422353610546478,50
183050,-20.997943233034825,50
183100,-15.902717782226958,50
183150,-14.623657766481477,50
183200,-15.067930387794004,50
183250,-18.461511787702808,50
183300,-16.10574837732359,50
183350,-17.54236320545101,50
183400,-13.68559344085999,50
183450,-16.935060734409674,50
183500,-11.262621747692778,50
183550,-14.50990597336232,50
183600,-15.05902409681054,50
183650,-20.975176188502882,50
183700,-18.045547618788643,50
183750,-15.596061987677073,50
183800,-15.57060344759352,50
183850,-18.244897746717548,50
183900,-15.030831729539106,50
183950,-15.370342370903387,50
184000,-18.721057503283024,50
184050,-12.401890718454343,50
184100,-16.50326235126501,50
184150,-19.101409296848058,50
184200,-14.386546773152277,50
184250,-13.604938318712891,50
184300,-18.247844568812763,50
184350,-12.09202795660042,50
184400,-13.974220314697634,50
184450,-11.518797618897592,50
184500,-13.347529673563898,50
184550,-20.696423411418685,50
184600,-12.967279294270213,50
184650,-19.020432021193525,50
184700,-17.295073623457302,50
184750,-16.478686211227142,50
184800,-13.157561448525042,50
184850,-19.854379995130138,50
184900,-12.363813063363848,50
184950,-12.97190375983036,50
185000,-18.48675510916092,50
185050,-16.96483132457128,50
185100,-14.108123869507695,50
185150,-15.937017745601084,50
185200,-14.40431827364033,50
185250,-17.179222055634845,50
185300,-12.669459943023076,50
185350,-18.410870261899273,50
185400,-17.36625202181336,50
185450,-10.883976394130045,50
185500,-11.860244737541976,50
185550,-19.805973543731806,50
185600,-16.15019825648994,50
185650,-13.878075484085823,50
185700,-17.54820699815558,50
185750,-12.982198707830568,50
185800,-14.335267732143716,50
185850,-14.760577650630042,50
185900,-14.329024930165845,50
185950,-12.705139931065053,50
186000,-13.891059903953185,50
186050,-14.341174660494941,50
186100,-13.914657729330575,50
186150,-12.848234658039782,50
186200,-13.67311157121026,50
186250,-13.633042208723653,50
186300,-15.66962242148882,50
186350,-15.493510560654865,50
186400,-14.315111451186983,50
186450,-16.967210472792882,50
186500,-14.62926391959372,50
186550,-10.609258742786288,50
186600,-20.475784324110442,50
186650,-17.36885293139986,50
186700,-15.536758027261687,50
186750,-15.192507479999563,50
186800,-13.812332080342156,50
186850,-12.590113557852842,50
186900,-16.091307149867397,50
186950,-11.72040362442231,50
187000,-15.718394178575315,50
187050,-20.46739694047327,50
187100,-19.95403713669848,50
187150,-19.11158425050378,50
187200,-19.163379457564737,50
187250,-15.53591075354513,50
187300,-18.000273542297176,50
187350,-14.083900402978449,50
187400,-15.696833234549533,50
187450,-15.28720847520316,50
187500,-16.205092129915883,50
187550,-12.789037000874083,50
187600,-12.404264053744042,50
187650,-20.40629944861633,50
187700,-11.764979920609402,50
187750,-13.34271697484788,50
187800,-19.983253194305405,50
187850,-17.29900196235461,50
187900,-20.625593002752264,50
187950,-20.072922685994147,50
188000,-17.798149456043006,50
188050,-15.198041348226617,50
188100,-15.622913012766729,50
188150,-18.2522319307318,50
188200,-17.80160648392345,50
188250,-14.12548347345545,50
188300,-18.76419801512558,50
188350,-16.60054712930006,50
188400,-18.019001474335155,50
188450,-16.524534030840755,50
188500,-15.512045494152527,50
188550,-16.84064628786645,50
188600,-14.606947063032727,50
188650,-17.50681949051902,50
188700,-21.497993103983283,50
188750,-17.503045645739967,50
188800,-12.332949036970676,50
188850,-16.340491769606437,50
188900,-15.723411526399639,50
188950,-15.017760804451148,50
189000,-19.28732307865036,50
189050,-13.316946290487632,50
189100,-15.336752720674262,50
189150,-16.75233275562398,50
189200,-19.662565028390077,50
189250,-19.195699779023375,50
189300,-12.33038498559015,50
189350,-19.357303188822993,50
189400,-10.409696638217087,50
189450,-16.914671082323906,50
189500,-14.562958867603447,50
189550,-15.846707674562076,50
189600,-15.534882096176425,50
189650,-14.399563798849108,50
189700,-13.810377634116689,50
189750,-16.782687126182626,50
189800,-14.759763755770344,50
189850,-20.98827982831503,50
189900,-14.604464152335959,50
189950,-19.132160310476802,50
190000,-15.974913931226961,50
190050,-17.540160488010894,50
190100,-17.09520090454661,50
190150,-17.039302900072485,50
190200,-16.059093786586644,50
190250,-13.791242357778406,50
190300,-13.547433971534296,50
190350,-19.047134628112016,50
190400,-16.508908472569765,50
190450,-15.94540367275406,50
190500,-14.511742506029316,50
190550,-15.556912908227268,50
190600,-19.522672869754537,50
190650,-11.789067046645297,50
190700,-14.830775631722702,50
190750,-15.802331443054829,50
190800,-19.009095710827054,50
190850,-17.105138662077717,50
190900,-13.876084976542932,50
190950,-12.258535778595412,50
191000,-15.827400810385688,50
191050,-13.175075365738014,50
191100,-15.281788433699202,50
191150,-12.171968945306991,50
191200,-14.420873319298051,50
191250,-17.14031835027094,50
191300,-15.981818992531505,50
191350,-13.751405658513994,50
191400,-16.993381598591867,50
191450,-15.094893938767594,50
191500,-9.05417470097038,50
191550,-13.607639329777337,50
191600,-13.376786316902706,50
191650,-12.717562477000367,50
191700,-15.25345648092036,50
191750,-14.998120720345685,50
191800,-15.380298365355603,50
191850,-14.957208424359388,50
191900,-14.539983917875421,50
191950,-17.225216055778336,50
192000,-16.558734568448273,50
192050,-17.06124980751929,50
192100,-11.424552911636818,50
192150,-17.497920882637153,50
192200,-13.038683840547769,50
192250,-12.169265116370031,50
192300,-14.265525164095315,50
192350,-12.682755019126647,50
192400,-13.786839203641938,50
192450,-13.265606286690096,50
192500,-14.628715404980598,50
192550,-11.404280175588594,50
192600,-14.742951159928054,50
192650,-15.927220510343767,50
192700,-12.702165379101627,50
192750,-17.643322591208317,50
192800,-15.249287396237506,50
192850,-14.604121344636507,50
192900,-14.419411688279384,50
192950,-13.154072364723413,50
193000,-19.310740205718925,50
193050,-19.927300890996424,50
193100,-15.486385341038378,50
193150,-12.975668647958102,50
193200,-18.709066087844207,50
193250,-15.254723203562563,50
193300,-13.736747282175541,50
193350,-17.891979454825552,50
193400,-18.01920940695931,50
193450,-13.626653368343185,50
193500,-13.209730528964695,50
193550,-17.126099147298515,50
193600,-18.782894453502823,50
193650,-19.191205054595446,50
193700,-11.54119155816576,50
193750,-11.273328133093072,50
193800,-15.33951768957698,50
193850,-14.466902781755705,50
193900,-14.262961762314871,50
193950,-15.647178318856332,50
194000,-14.51602883061087,50
194050,-11.578902722336107,50
194100,-19.026493502357,50
194150,-14.500964271708416,50
194200,-16.50960904141766,50
194250,-17.10338712587565,50
194300,-13.458104644988985,50
194350,-17.479049157818082,50
194400,-11.782975842107364,50
194450,-19.93022470401813,50
194500,-15.797937938394075,50
194550,-15.653719745918858,50
194600,-17.651922844546117,50
194650,-19.79408071829032,50
194700,-15.502611305358194,50
194750,-13.455489319739602,50
194800,-10.67296083803625,50
194850,-17.671162555635764,50
194900,-9.308144869883169,50
194950,-15.012047242878698,50
195000,-13.500475939986687,50
195050,-15.750570752191097,50
195100,-12.839339987037317,50
195150,-12.4348722270975,50
195200,-14.990622951004127,50
195250,-14.213100014145132,50
195300,-17.93823308387932,50
195350,-20.824942019752132,50
195400,-14.319679752883118,50
195450,-15.129673379738499,50
195500,-14.585714280790569,50
195550,-15.070823125225868,50
195600,-18.461983632210178,50
195650,-16.374034793771557,50
195700,-13.72385380100584,50
195750,-11.602463202067213,50
195800,-14.473660348745803,50
195850,-14.481403974494656,50
195900,-14.694762203065917,50
195950,-11.931576051560228,50
196000,-12.688206640225355,50
196050,-13.414911929709396,50
196100,-11.081403468815962,50
196150,-15.859779253433219,50
196200,-16.893301800589537,50
196250,-17.40777350298431,50
196300,-18.478910626018283,50
196350,-20.17225286578376,50
196400,-15.599353704161397,50
196450,-12.461496488060511,50
196500,-13.502976196331062,50
196550,-15.78239838069582,50
196600,-13.625416194150343,50
196650,-15.55254128870586,50
196700,-18.635660476225283,50
196750,-13.648402466174314,50
196800,-13.52861228584401,50
196850,-10.942166058708057,50
196900,-16.0710924599031,50
196950,-16.58718239015037,50
197000,-18.04684414706813,50
197050,-13.36787197554953,50
197100,-11.405719250744283,50
197150,-16.641633732934515,50
197200,-12.7592462894211,50
197250,-15.219371846944874,50
197300,-10.546901450641109,50
197350,-13.598347560501812,50
197400,-12.997803772505373,50
197450,-11.137174220182938,50
197500,-16.271202849401707,50
197550,-14.733408207293019,50
197600,-13.518015015901447,50
197650,-14.37575577426926,50
197700,-16.21041445896967,50
197750,-12.308673434271828,50
197800,-14.016759709792755,50
197850,-16.52830621865681,50
197900,-16.0320871609929,50
197950,-12.909744592806115,50
198000,-14.896506358157412,50
198050,-13.16569038114062,50
198100,-8.366772972461778,50
198150,-19.848720844566174,50
198200,-16.969252799601094,50
198250,-9.923229818902787,50
198300,-14.359612830414372,50
198350,-10.769129700980375,50
198400,-20.07715243356584,50
198450,-13.76318352767274,50
198500,-15.88700983797435,50
198550,-12.477858613973924,50
198600,-14.544474250723228,50
198650,-14.552587158755612,50
198700,-17.03676379987613,50
198750,-17.59855174845227,50
198800,-13.671765831680773,50
198850,-12.953380610302874,50
198900,-16.31751663907896,50
198950,-13.776943527179466,50
199000,-14.535735521839735,50
199050,-15.338034390025676,50
199100,-12.74006905382923,50
199150,-12.880101775927898,50
199200,-15.427323774847425,50
199250,-10.587143260859369,50
199300,-14.461199500222794,50
199350,-10.527943404100789,50
199400,-14.578239318148999,50
199450,-13.603558065549164,50
199500,-17.09527257949438,50
199550,-10.635400240985295,50
199600,-14.969064538009002,50
199650,-21.06379278628337,50
199700,-15.801144942341377,50
199750,-14.16168512497484,50
199800,-10.129496504799894,50
199850,-16.933126869031074,50
199900,-11.98187187518687,50
199950,-14.53860956877635,50
200000,-13.47852696180006,50
200050,-13.46231435261344,50
200100,-11.425242364889707,50
200150,-17.054218438872542,50
200200,-18.058800795064776,50
200250,-13.270327678700085,50
200300,-11.904966746832645,50
200350,-10.092284019079754,50
200400,-12.11960400214935,50
200450,-14.49119840219143,50
200500,-14.118623510405797,50
200550,-14.135772595754162,50
200600,-12.606267113613509,50
200650,-14.343809204275335,50
200700,-18.111543503379604,50
200750,-15.767920152783617,50
200800,-16.090896236175336,50
200850,-10.773532275114006,50
200900,-15.243903568365477,50
200950,-17.049292792164895,50
201000,-13.788491197758052,50
201050,-17.48444501708241,50
201100,-13.720175617081964,50
201150,-10.00243627070179,50
201200,-15.73178452375022,50
201250,-11.762358653370324,50
201300,-14.91994566936665,50
201350,-11.732225269165646,50
201400,-15.779748651235622,50
201450,-13.481957068798174,50
201500,-13.898944115429963,50
201550,-12.496608652109595,50
201600,-12.170628910932907,50
201650,-18.42615715460253,50
201700,-13.93846269017234,50
201750,-18.112766549054466,50
201800,-17.187431473189914,50
201850,-14.435735471601564,50
201900,-14.801848277363888,50
201950,-11.799996328932785,50
202000,-12.644728671742843,50
202050,-13.460834619715804,50
202100,-10.471205743453057,50
202150,-16.93432314516819,50
202200,-14.481118721358358,50
202250,-12.954914531742613,50
202300,-9.683605703821554,50
202350,-12.616093747714974,50
202400,-19.199353443390777,50
202450,-15.610687634211319,50
202500,-18.36811145619652,50
202550,-17.81422553846237,50
202600,-16.200973446475317,50
202650,-15.76927404674824,50
202700,-16.079248448283685,50
202750,-12.950741951052729,50
202800,-14.997427892392363,50
202850,-17.14941472948176,50
202900,-14.666166623408811,50
202950,-16.912813802724642,50
203000,-16.75664134082525,50
203050,-12.671931496305673,50
203100,-15.256769210568834,50
203150,-15.888749337044585,50
203200,-16.422215775592885,50
203250,-17.962885922652376,50
203300,-13.10544370573858,50
203350,-12.696490377186972,50
203400,-14.957193608919521,50
203450,-11.118366868457072,50
203500,-14.408206418471734,50
203550,-16.396252269666547,50
203600,-12.421072798411968,50
203650,-16.67818350069704,50
203700,-13.192109605007255,50
203750,-14.439964231976255,50
203800,-15.141217960630717,50
203850,-12.5939291772115,50
203900,-11.241603631656979,50
203950,-13.240692218498541,50
204000,-13.221617480100072,50
204050,-12.94123931601941,50
204100,-13.146915771172376,50
204150,-17.19009305445131,50
204200,-13.7562822644127,50
204250,-13.63560177198638,50
204300,-17.959982399208435,50
204350,-20.868131734442237,50
204400,-14.989998757950843,50
204450,-10.848827176970838,50
204500,-14.75375651053951,50
204550,-15.751007291841551,50
204600,-13.835614567089538,50
204650,-12.680079963178628,50
204700,-11.639462241230941,50
204750,-12.46763368878299,50
204800,-17.79118356317061,50
204850,-12.437867282845643,50
204900,-16.45268217341506,50
204950,-16.973053466589977,50
205000,-10.373713279975979,50
205050,-17.589322846125686,50
205100,-10.029994717318727,50
205150,-11.299300509754824,50
205200,-13.274379688165643,50
205250,-12.149296484382292,50
205300,-17.707769686251837,50
205350,-14.10316794993989,50
205400,-15.009359050947118,50
205450,-16.559674374011095,50
205500,-14.594625913345759,50
205550,-14.460644574612697,50
205600,-15.620683818767755,50
205650,-13.879881869056378,50
205700,-16.878150541244803,50
205750,-11.181667746253746,50
205800,-9.756850686138947,50
205850,-9.3027456875093,50
205900,-18.796372220528276,50
205950,-21.948469002498793,50
206000,-15.932885742394669,50
206050,-15.413389055460732,50
206100,-13.732757518457337,50
206150,-12.42191906531603,50
206200,-13.647083065580095,50
206250,-12.591183857661333,50
206300,-16.5767584222194,50
206350,-17.081364099153937,50
206400,-15.883314457841038,50
206450,-17.05133175916297,50
206500,-16.793966135664288,50
206550,-19.048138772924116,50
206600,-17.032325483589,50
206650,-15.261987597363026,50
206700,-14.030535911083238,50
206750,-13.387604673120995,50
206800,-15.28725502734152,50
206850,-13.340459896112971,50
206900,-9.678567068328496,50
206950,-14.689077800970034,50
207000,-11.722038799569098,50
207050,-13.148726530783408,50
207100,-13.514981452977022,50
207150,-13.107813846775938,50
207200,-11.62217405446991,50
207250,-15.514367795507281,50
207300,-15.704345749863382,50
207350,-15.890606800908682,50
207400,-11.101539438691265,50
207450,-12.951807287388053,50
207500,-18.28803632014624,50
207550,-13.56187341037302,50
207600,-9.340179263593098,50
207650,-15.298016841752355,50
207700,-16.216176344163607,50
207750,-10.071489097128854,50
207800,-11.082428036677445,50
207850,-19.54366869537326,50
207900,-13.862145803727131,50
207950,-11.279863508588758,50
208000,-14.269120291527834,50
208050,-12.741919760203446,50
208100,-11.798257364809105,50
208150,-7.613160315210809,50
208200,-12.481995711268096,50
208250,-9.557916995111729,50
208300,-12.10678463996357,50
208350,-11.512991093673385,50
208400,-14.452367041009406,50
208450,-12.938027194262562,50
208500,-14.958243483822786,50
208550,-13.556314072289103,50
208600,-16.459812413999632,50
208650,-17.85253044171511,50
208700,-11.334221078124017,50
208750,-12.046879398858467,50
208800,-12.403340204755628,50
208850,-14.11600154817924,50
208900,-16.725662403946465,50
208950,-18.589483370812598,50
209000,-12.017974795140631,50
209050,-10.086174780797844,50
209100,-17.78160331802386,50
209150,-15.393003014062678,50
209200,-15.420981934277407,50
209250,-16.812753493252963,50
209300,-18.286485994938136,50
209350,-9.89005044211926,50
209400,-15.426052052068696,50
209450,-16.637526804654158,50
209500,-10.056745969248773,50
209550,-12.127384703004925,50
209600,-11.496205135868873,50
209650,-14.952207374648841,50
209700,-13.938578929954314,50
209750,-16.38184162508014,50
209800,-9.973103846825598,50
209850,-10.28659539628888,50
209900,-13.452582665931008,50
209950,-11.361197437973924,50
210000,-11.017292714749974,50
210050,-13.182521176617511,50
210100,-13.8027285468377,50
210150,-9.254570389724734,50
210200,-11.284666630944193,50
210250,-14.924011996146392,50
210300,-8.526869555967716,50
210350,-14.622877445354828,50
210400,-17.561962271840468,50
210450,-13.226795776952118,50
210500,-19.78327454035695,50
210550,-9.089306224177987,50
210600,-16.07817114635017,50
210650,-13.701170531987449,50
210700,-13.268691599969149,50
210750,-17.505435522579216,50
210800,-18.304532538474025,50
210850,-14.239893324552295,50
210900,-11.374215912607724,50
210950,-13.987874361671599,50
211000,-14.678051336274374,50
211050,-15.625131365056319,50
211100,-16.239322992214092,50
211150,-9.883618186996564,50
211200,-14.114273066829062,50
211250,-11.9905628096599,50
211300,-11.023320338644602,50
211350,-9.465641464865282,50
211400,-12.580208227345283,50
211450,-15.821711984053369,50
211500,-14.388745558296579,50
211550,-13.067462824080266,50
211600,-14.116688146452077,50
211650,-21.22342651399349,50
211700,-7.921209492493019,50
211750,-19.572855098368663,50
211800,-12.094519867417317,50
211850,-17.252831371983145,50
211900,-14.082891888764962,50
211950,-14.106999715126678,50
212000,-13.284371003719006,50
212050,-10.650310324379355,50
212100,-16.61386864738875,50
212150,-19.41970197478983,50
212200,-14.50674255409455,50
212250,-20.339048157507083,50
212300,-15.771782786852983,50
212350,-19.468939914225718,50
212400,-9.351914965168191,50
212450,-16.404324587141257,50
212500,-14.933508951729896,50
212550,-12.089532785824254,50
212600,-13.403706559588192,50
212650,-16.736576918962648,50
212700,-17.33865377545921,50
212750,-12.839542812323097,50
212800,-11.388131950179618,50
212850,-12.078197501340172,50
212900,-10.01343176164169,50
212950,-11.112216008401244,50
213000,-18.106229670889505,50
213050,-10.104062864907725,50
213100,-15.0317047051098,50
213150,-20.012653169592895,50
213200,-14.742008383182641,50
213250,-11.420371311606445,50
213300,-15.346460888229911,50
213350,-10.842324426611064,50
213400,-11.804676340338878,50
213450,-16.18704405257071,50
213500,-8.779236300076946,50
213550,-17.548585342292956,50
213600,-12.748788453929464,50
213650,-18.160541669039347,50
213700,-11.007736429518122,50
213750,-15.403782725973898,50
213800,-12.059332289443695,50
213850,-12.575283379047852,50
213900,-14.711058504779645,50
213950,-18.51898817455924,50
214000,-14.958182002839163,50
214050,-15.346183404547883,50
214100,-10.576352201675114,50
214150,-12.838521812421726,50
214200,-17.793391088726736,50
214250,-12.989712736163902,50
214300,-17.241806885517494,50
214350,-14.790885982926191,50
214400,-15.866702789464213,50
214450,-15.020111483483927,50
214500,-11.054713996153692,50
214550,-13.443431321544313,50
214600,-13.731796072182314,50
214650,-13.83778766974055,50
214700,-10.028277787257322,50
214750,-15.585746749893993,50
214800,-11.618531122086218,50
214850,-14.092336505783,50
214900,-15.530271065124037,50
214950,-9.986086405798833,50
215000,-13.046525618022866,50
215050,-8.912417691831903,50
215100,-17.503911202979072,50
215150,-6.651617463778693,50
215200,-11.620319357178339,50
215250,-15.71460667453961,50
215300,-14.973020880003464,50
215350,-14.090046113897534,50
215400,-17.350834836057995,50
215450,-10.95110285871469,50
215500,-15.73741374566069,50
215550,-9.688162907824607,50
215600,-11.523222319852003,50
215650,-10.142890521083144,50
215700,-12.91354993203505,50
215750,-16.274364707723205,50
215800,-16.891160162175378,50
215850,-17.55085304821005,50
215900,-15.52527869843997,50
215950,-11.26041728444558,50
216000,-8.871745766344548,50
216050,-12.490329510385452,50
216100,-9.128422828111383,50
216150,-9.558425856544673,50
216200,-12.584864087909464,50
216250,-11.22562207345691,50
216300,-15.57558140097499,50
216350,-12.391945359944772,50
216400,-12.696634962994354,50
216450,-15.21111209202787,50
216500,-13.720116532374975,50
216550,-8.504713732372599,50
216600,-12.925982632674538,50
216650,-18.39391585859349,50
216700,-11.011802340738184,50
216750,-10.231882250477469,50
216800,-11.011281209227299,50
216850,-9.593539823276176,50
216900,-11.694357395767677,50
216950,-12.464255830562704,50
217000,-9.306343079500552,50
217050,-12.424905704867196,50
217100,-16.34107686454093,50
217150,-13.781681362840418,50
217200,-11.491385736392978,50
217250,-11.344883280338067,50
217300,-15.237996705223416,50
217350,-13.79818974657884,50
217400,-11.634847522756628,50
217450,-10.52514193908853,50
217500,-15.144232433710147,50
217550,-18.860207861876493,50
217600,-10.798283294703623,50
217650,-14.157208736963359,50
217700,-11.943057871155935,50
217750,-15.082006151261934,50
217800,-10.955129160239384,50
217850,-13.950088571406292,50
217900,-16.479338464278513,50
217950,-11.800069099129098,50
218000,-14.963455180669813,50
218050,-15.280841538493986,50
218100,-16.815746094862376,50
218150,-8.707575153654059,50
218200,-17.76024726697492,50
218250,-13.207499295480439,50
218300,-10.794998612865339,50
218350,-16.137404086481926,50
218400,-9.548186514761117,50
218450,-11.026866587356372,50
218500,-12.893618968272099,50
218550,-15.329060708946951,50
218600,-15.857274330423119,50
218650,-13.459456175687276,50
218700,-13.663312432349366,50
218750,-18.59489784381661,50
218800,-14.739590851057534,50
218850,-9.053276388112996,50
218900,-12.869049461832804,50
218950,-15.821158765541597,50
219000,-17.00656317344274,50
219050,-15.169239035742887,50
219100,-13.342833272302546,50
219150,-11.096576385215839,50
219200,-10.046776985559733,50
219250,-17.004181135743693,50
219300,-10.340994119768684,50
219350,-11.965775732206689,50
219400,-16.252890922002667,50
219450,-7.761015015692804,50
219500,-11.091976177348247,50
219550,-13.653893822014288,50
219600,-13.279686999312595,50
219650,-16.07501500118014,50
219700,-14.594792571897235,50
219750,-11.993995083084986,50
219800,-17.583410297512522,50
219850,-10.013116974000638,50
219900,-14.023082836157888,50
219950,-11.560252590780793,50
220000,-14.367720389026985,50
220050,-10.37961176324404,50
220100,-19.136343093844186,50
220150,-13.882110521612399,50
220200,-12.311115760926757,50
220250,-9.230114546327133,50
220300,-18.899181246259364,50
220350,-10.803955597259595,50
220400,-14.932828300884296,50
220450,-11.722779057314943,50
220500,-13.212103545604387,50
220550,-8.872381576345207,50
220600,-9.398112595586914,50
220650,-10.874276015691105,50
220700,-9.51201604893859,50
220750,-8.71406327968452,50
220800,-9.598724936353161,50
220850,-13.054397852507769,50
220900,-13.610662506910945,50
220950,-10.097926061189535,50
221000,-10.092431127777846,50
221050,-15.997974070822698,50
221100,-12.500348002162552,50
221150,-10.851912374361955,50
221200,-13.644124133511154,50
221250,-12.80802956119959,50
221300,-11.619391440831015,50
221350,-12.439280384607454,50
221400,-16.58689760147105,50
221450,-10.908479562371646,50
221500,-11.71185714723427,50
221550,-12.60068593101181,50
221600,-18.441031386789465,50
221650,-8.995916696642986,50
221700,-12.67116703294188,50
221750,-11.275124268376713,50
221800,-15.961491018178386,50
221850,-17.226457833702085,50
221900,-14.222690654273517,50
221950,-9.904152590700537,50
222000,-18.003208710863525,50
222050,-14.560377957871184,50
222100,-13.410234645160031,50
222150,-15.7308570967174,50
222200,-17.607319892772313,50
222250,-13.382406936672341,50
222300,-11.866711529222128,50
222350,-11.545332061102696,50
222400,-14.74434169109915,50
222450,-17.333698015593217,50
222500,-15.29438207935473,50
222550,-13.780997999219418,50
222600,-12.696588774576409,50
222650,-13.626756360987867,50
222700,-11.215832906308762,50
222750,-10.938262894774297,50
222800,-11.899064579025136,50
222850,-14.25179913601083,50
222900,-13.0842400703506,50
222950,-12.784741674364357,50
223000,-17.531271594346254,50
223050,-14.225275628150852,50
223100,-14.61887032188271,50
223150,-12.702639274807279,50
223200,-10.498197128479278,50
223250,-12.53649196996005,50
223300,-14.567648943819336,50
223350,-8.237626143023192,50
223400,-11.409242933144766,50
223450,-14.024254799315882,50
223500,-14.723676958157558,50
223550,-17.773277035646913,50
223600,-11.486767765038552,50
223650,-16.954742284433397,50
223700,-9.735573666516753,50
223750,-8.406570640557286,50
223800,-16.729624524261542,50
223850,-9.754641723045296,50
223900,-15.90428555995503,50
223950,-15.490424959554872,50
224000,-13.720442522783324,50
224050,-13.05303937322241,50
224100,-16.263594376252982,50
224150,-15.421786026149404,50
224200,-15.21143266512158,50
224250,-13.582442310809135,50
224300,-10.143664899993333,50
224350,-10.84244290761874,50
224400,-13.888742562535347,50
224450,-13.066519708278864,50
224500,-13.195512634723011,50
224550,-10.826667076791079,50
224600,-7.577256253091767,50
224650,-13.811504073003148,50
224700,-15.811688701382508,50
224750,-15.663395451309944,50
224800,-14.701339480638183,50
224850,-9.941632049965596,50
224900,-14.445871577847853,50
224950,-9.346996868478382,50
225000,-17.984709243067392,50
225050,-8.497101102047289,50
225100,-17.42869711730495,50
225150,-15.617504792644835,50
225200,-6.692964014692953,50
225250,-8.297281460435903,50
225300,-10.422820614129826,50
225350,-10.293920993414144,50
225400,-9.961222020832253,50
225450,-13.368488335347392,50
225500,-14.855170102829959,50
225550,-13.425010148010786,50
225600,-8.111053914593716,50
225650,-12.385943661969074,50
225700,-15.18449179689213,50
225750,-12.241324392792361,50
225800,-15.311895436303717,50
225850,-13.079131852101474,50
225900,-16.317179163382416,50
225950,-17.150167244501198,50
226000,-8.998000706586042,50
226050,-12.360242252705879,50
226100,-14.044603722542378,50
226150,-5.578141901931839,50
226200,-11.111031698147992,50
226250,-13.210949290921178,50
226300,-8.431639144464718,50
226350,-14.432226272968846,50
226400,-15.196786025593987,50
226450,-12.06147493812116,50
226500,-15.476494412498297,50
226550,-7.664842176807712,50
226600,-8.389673946066837,50
226650,-16.557047237191778,50
226700,-9.448020886654744,50
226750,-18.17628942643032,50
226800,-13.679087598343793,50
226850,-17.91772271860795,50
226900,-13.264938987726811,50
226950,-17.08758543974714,50
227000,-9.823863949921215,50
227050,-10.792203543709174,50
227100,-14.191248082070993,50
227150,-13.234870795218775,50
227200,-13.022130263781532,50
227250,-9.235085647168935,50
227300,-16.020062150046584,50
227350,-10.28785363046513,50
227400,-16.450693892119315,50
227450,-9.576950737978322,50
227500,-10.23357730966437,50
227550,-9.196167384000434,50
227600,-8.208949616851356,50
227650,-11.25252956453991,50
227700,-9.61768637760111,50
227750,-13.311558034441479,50
227800,-11.064530375511156,50
227850,-17.818258214542634,50
227900,-14.067446871804158,50
227950,-8.790578095152371,50
228000,-11.034701737424736,50
228050,-9.040237632901622,50
228100,-9.660293559719495,50
228150,-11.685199207837687,50
228200,-10.274248196187783,50
228250,-9.347209200091724,50
228300,-15.277317736685072,50
228350,-6.79777310840722,50
228400,-13.066334107824163,50
228450,-13.759473068178412,50
228500,-14.623717670892304,50
228550,-11.169079173742158,50
228600,-11.827062225738544,50
228650,-15.352784465784643,50
228700,-9.535212453071804,50
228750,-17.766191370470352,50
228800,-15.136940350035136,50
228850,-14.118804028558912,50
228900,-15.00614003561225,50
228950,-12.310774131083464,50
229000,-14.718638304782388,50
229050,-12.94820801426166,50
229100,-16.41308016057446,50
229150,-12.39961958675976,50
229200,-15.36259701807881,50
229250,-9.953808793676776,50
229300,-18.58491042285564,50
229350,-10.957607070754623,50
229400,-10.070999737736003,50
229450,-14.062882724114711,50
229500,-13.653218930566073,50
229550,-7.921900447008621,50
229600,-16.251196820963603,50
229650,-12.990918348937253,50
229700,-9.463917727776996,50
229750,-13.05040054381357,50
229800,-9.631469736014527,50
229850,-12.810719742676183,50
229900,-11.216221330802354,50
229950,-14.45056643453635,50
230000,-13.414539933013042,50
230050,-11.520642299516604,50
230100,-12.753984350187219,50
230150,-15.853916081088963,50
230200,-13.039779122265207,50
230250,-14.594966900844712,50
230300,-13.035779924746716,50
230350,-12.165038238754668,50
230400,-12.061988717666106,50
230450,-10.778453385071389,50
230500,-13.240777850862262,50
230550,-17.145328953357108,50
230600,-12.607293608780918,50
230650,-13.256507749706273,50
230700,-16.40194586058253,50
230750,-7.728911107872425,50
230800,-9.652465315715041,50
230850,-14.607571614478239,50
230900,-9.187181072903144,50
230950,-11.02627662863593,50
231000,-7.142381289445004,50
231050,-10.808512055769295,50
231100,-9.79452732251238,50
231150,-12.639700870349396,50
231200,-8.712208623199777,50
231250,-17.57583819112747,50
231300,-18.163910873214277,50
231350,-13.207469129532532,50
231400,-10.568203298412971,50
231450,-16.109845151411538,50
231500,-15.28963131026266,50
231550,-13.258883540740525,50
231600,-12.27567772353512,50
231650,-12.478672259016435,50
231700,-14.496645608654575,50
231750,-9.84748936880458,50
231800,-14.282133710293042,50
231850,-11.451314485098578,50
231900,-12.491214485453343,50
231950,-14.593817148535168,50
232000,-13.225866910970247,50
232050,-10.359756756432885,50
232100,-15.341717863492258,50
232150,-10.184476375531885,50
232200,-14.31803138911835,50
232250,-13.388141499746366,50
232300,-12.192435176994145,50
232350,-11.910256868544096,50
232400,-15.280429612212581,50
232450,-12.620812399338147,50
232500,-12.279512965359393,50
232550,-11.613351472240272,50
232600,-17.476942419543622,50
232650,-12.105033640681707,50
232700,-11.244436303461027,50
232750,-10.269413706694747,50
232800,-12.401586092329039,50
232850,-12.294699246956508,50
232900,-14.397540036078656,50
232950,-15.403917294517631,50
233000,-13.265008220772204,50
233050,-11.63015501563307,50
233100,-14.040099175985766,50
233150,-14.342688180170642,50
233200,-13.410259412904999,50
233250,-8.4276946254414,50
233300,-9.226318698100764,50
233350,-12.649248771847878,50
233400,-11.447203877796433,50
233450,-12.45490720088091,50
233500,-7.524912032438424,50
233550,-11.277733242940679,50
233600,-9.169607253663072,50
233650,-11.025156360385154,50
233700,-10.730552305386235,50
233750,-12.601275764943082,50
233800,-14.117412537062092,50
233850,-11.351798477757242,50
233900,-11.466274676171047,50
233950,-15.244361527310616,50
234000,-11.47797815626616,50
234050,-11.455566327520968,50
234100,-8.319624915675934,50
234150,-10.955717078535887,50
234200,-10.409594815283722,50
234250,-9.971766001478615,50
234300,-11.488516191994822,50
234350,-8.915980595443488,50
234400,-13.466770614252637,50
234450,-8.786465986764291,50
234500,-10.62265875039082,50
234550,-10.230261674989963,50
234600,-9.267157559833413,50
234650,-7.773386784864615,50
234700,-8.018965902640588,50
234750,-9.069172445301358,50
234800,-12.810346498442904,50
234850,-11.658027721958735,50
234900,-15.93566548764166,50
234950,-13.861556347328161,50
235000,-13.485781537287085,50
235050,-9.665748291641641,50
235100,-12.005652920361381,50
235150,-17.021424049229537,50
235200,-14.043750708224998,50
235250,-13.47402368265156,50
235300,-18.436707631275787,50
235350,-15.772274919822857,50
235400,-7.961977462997106,50
235450,-11.087405563410298,50
235500,-10.227908574950611,50
235550,-4.585456222433455,50
235600,-9.750101672968285,50
235650,-14.817223333699143,50
235700,-15.138809226559887,50
235750,-10.351799914121111,50
235800,-12.784360562850894,50
235850,-15.880953091618164,50
235900,-11.172885168095908,50
235950,-13.01523684937298,50
236000,-8.67512896085822,50
236050,-13.51226924150776,50
236100,-13.07446098583317,50
236150,-13.97876396832891,50
236200,-15.078012209799603,50
236250,-16.145916821734005,50
236300,-12.968738380266387,50
236350,-15.125929805865498,50
236400,-11.662101863861327,50
236450,-12.941089281669296,50
236500,-13.062680693550702,50
236550,-7.713884070556473,50
236600,-9.091601919924317,50
236650,-9.430234003109724,50
236700,-15.092411467541023,50
236750,-17.571775082383535,50
236800,-13.069461702694008,50
236850,-16.762879937061744,50
236900,-15.09834378405955,50
236950,-14.234652410051709,50
237000,-13.554343799405855,50
237050,-17.259475209799856,50
237100,-12.476027420928755,50
237150,-11.385193660529023,50
237200,-15.888082832309983,50
237250,-12.348975434991667,50
237300,-9.663099846862043,50
237350,-17.160987300362144,50
237400,-6.533337435238183,50
237450,-14.974323220062802,50
237500,-8.280298390788397,50
237550,-13.89702098888469,50
237600,-11.217567130165524,50
237650,-12.651703644562932,50
237700,-7.214165733370965,50
237750,-14.183979510377753,50
237800,-15.248111790553102,50
237850,-12.121317858166554,50
237900,-15.865132079355632,50
237950,-16.056930272466,50
238000,-7.653450416319344,50
238050,-12.981047648991593,50
238100,-12.0023346279274,50
238150,-8.6112263864475,50
238200,-6.580359744688101,50
238250,-8.450384890680747,50
238300,-18.666597606079076,50
238350,-6.999321836544458,50
238400,-15.998287885221897,50
238450,-13.195782015597231,50
238500,-15.200040920905222,50
238550,-7.894544786205815,50
238600,-15.241528552823562,50
238650,-16.435401866820737,50
238700,-8.570522683766203,50
238750,-9.24722525648116,50
238800,-15.3375200105787,50
238850,-12.428187208417597,50
238900,-15.748838069345583,50
238950,-17.359914502122805,50
239000,-8.647632618931333,50
239050,-13.412751199878603,50
239100,-15.306580037462284,50
239150,-12.435315339376729,50
239200,-5.44045952535215,50
239250,-15.117715720129835,50
239300,-8.822215349118032,50
239350,-14.644861718404979,50
239400,-15.818543334120173,50
239450,-9.387781028522916,50
239500,-8.585507864679387,50
239550,-8.881766880491798,50
239600,-11.04288358316881,50
239650,-9.25187522325811,50
239700,-15.689087982216842,50
239750,-16.760412785435747,50
239800,-10.974257114094987,50
239850,-15.8108669989695,50
239900,-15.822463037247466,50
239950,-11.154499058548602,50
240000,-11.79900710848035,50
240050,-15.891051502507045,50
240100,-12.956139191861896,50
240150,-8.113508258846755,50
240200,-10.144260483787635,50
240250,-12.149709368888722,50
240300,-8.884956877028365,50
240350,-10.589913929946057,50
240400,-15.285101658939789,50
240450,-15.919238629367229,50
240500,-10.706207567342863,50
240550,-8.655294128725995,50
240600,-11.834505231535218,50
240650,-11.676298009239607,50
240700,-13.026283634883763,50
240750,-12.144328447363538,50
240800,-15.594209673179142,50
240850,-14.897434185220549,50
240900,-10.597561800451746,50
240950,-13.952846043295382,50
241000,-13.121495456484823,50
241050,-15.083854553463723,50
241100,-17.62648915414954,50
241150,-11.28127136829086,50
241200,-9.107805241073674,50
241250,-14.541445427355345,50
241300,-14.913174456493437,50
241350,-17.59593093711974,50
241400,-12.280001915933305,50
241450,-11.448132436610331,50
241500,-9.596282372345934,50
241550,-9.607376221631322,50
241600,-12.486270994137438,50
241650,-13.2432312296954,50
241700,-17.090514047165005,50
241750,-13.94445598559283,50
241800,-11.257779272946497,50
241850,-11.171687299868287,50
241900,-15.864785549813249,50
241950,-9.150180908818307,50
242000,-15.849019952648844,50
242050,-13.82378764125392,50
242100,-13.58275644716599,50
242150,-15.618190135538594,50
242200,-14.959516064404212,50
242250,-15.583561814879829,50
242300,-11.869223190350091,50
242350,-11.290013515969981,50
242400,-10.826681777009977,50
242450,-8.652094338434745,50
242500,-12.537684133005058,50
242550,-7.981543000414396,50
242600,-11.778877519465869,50
242650,-11.817200748737033,50
242700,-18.39555182494411,50
242750,-15.530818918586725,50
242800,-12.123193479688156,50
242850,-7.482105646610609,50
242900,-13.626951431066741,50
242950,-11.235848197980145,50
243000,-11.607675391176292,50
243050,-17.20304482525146,50
243100,-12.79791572332501,50
243150,-9.974117604561457,50
243200,-9.027729133408933,50
243250,-15.661709732270326,50
243300,-14.10268732425162,50
243350,-14.24743667233558,50
243400,-15.46388142816463,50
243450,-15.757352774124136,50
243500,-14.493342127207411,50
243550,-16.571430669985904,50
243600,-14.740774181475132,50
243650,-10.46064746769607,50
243700,-16.217012384294723,50
243750,-18.074014392682667,50
243800,-11.400474427224351,50
243850,-16.44174350404283,50
243900,-14.093054173440065,50
243950,-15.535596540287811,50
244000,-9.942397612195732,50
244050,-10.954908527120217,50
244100,-11.086513017112784,50
244150,-15.356950010915023,50
244200,-11.405447228304729,50
244250,-14.637472074072683,50
244300,-15.853077957608976,50
244350,-9.386690855148291,50
244400,-12.657099202575687,50
244450,-11.193810889236993,50
244500,-11.510498593854749,50
244550,-14.868595404623859,50
244600,-13.33781985157793,50
244650,-14.269449264972518,50
244700,-9.670255764833003,50
244750,-14.371229274051625,50
244800,-10.155491206101411,50
244850,-12.916412963412792,50
244900,-13.058022807709389,50
244950,-13.248187862906947,50
245000,-10.190077384953375,50
245050,-14.348457271429938,50
245100,-14.57843047845461,50
245150,-16.343113553114787,50
245200,-12.136299595537174,50
245250,-12.086990688174774,50
245300,-15.234842298305695,50
245350,-9.575141606357985,50
245400,-8.090353630868904,50
245450,-16.085567625233455,50
245500,-15.98172105785883,50
245550,-15.700297147589096,50
245600,-15.070960022422382,50
245650,-12.415798811687992,50
245700,-14.67666445358557,50
245750,-14.294608723204949,50
245800,-7.655633190495234,50
245850,-14.57714350147625,50
245900,-14.788206201195274,50
245950,-9.850725655610493,50
246000,-11.499769247509771,50
246050,-8.788071639670243,50
246100,-9.262084283934152,50
246150,-12.649979921711214,50
246200,-12.452238517915749,50
246250,-15.07640830573021,50
246300,-15.956441255227494,50
246350,-11.27881330463414,50
246400,-14.335466591362175,50
246450,-9.276351311297134,50
246500,-10.896274838669102,50
246550,-16.478323580211203,50
246600,-15.004227598744045,50
246650,-13.768139449836237,50
246700,-10.670330133861599,50
246750,-14.313429801161417,50
246800,-12.503196715280664,50
246850,-10.477175817793002,50
246900,-12.18640012129156,50
246950,-17.782114333419106,50
247000,-9.31539822648499,50
247050,-10.8808363378518,50
247100,-11.248996165024467,50
247150,-13.721842717122794,50
247200,-14.351382589638641,50
247250,-12.257889640042503,50
247300,-13.087818543557818,50
247350,-6.085989838422709,50
247400,-17.72937981438317,50
247450,-14.161144181869156,50
247500,-12.90840281700123,50
247550,-9.378545964483864,50
247600,-12.553937066502426,50
247650,-10.096509681827227,50
247700,-12.97141649966438,50
247750,-9.935262532525044,50
247800,-9.833732629761583,50
247850,-8.18992169374791,50
247900,-10.347074387228538,50
247950,-12.704532947189263,50
248000,-11.917956698557944,50
248050,-16.11389058047674,50
248100,-14.32889468221906,50
248150,-15.455367977147068,50
248200,-9.266786799799897,50
248250,-9.844691480982197,50
248300,-13.542702078417493,50
248350,-12.384896693835222,50
248400,-16.920239371706884,50
248450,-10.781781212828406,50
248500,-10.743950858285451,50
248550,-13.376796088585706,50
248600,-11.489380681019398,50
248650,-6.977426187177305,50
248700,-13.107272309162697,50
248750,-9.17452070464826,50
248800,-9.006677074444944,50
248850,-13.846647058809227,50
248900,-11.290327548422571,50
248950,-7.279155633683854,50
249000,-8.88563641860293,50
249050,-15.285593232945649,50
249100,-16.33692721320074,50
249150,-11.327545222555889,50
249200,-14.092837580103751,50
249250,-8.330287252480778,50
249300,-7.448479404524056,50
249350,-13.703797695055705,50
249400,-12.355624829953877,50
249450,-12.350351873739264,50
249500,-11.318045991015953,50
249550,-14.029565100384964,50
249600,-7.94384423508624,50
249650,-10.609201324022978,50
249700,-11.48636287070234,50
249750,-8.657854647398244,50
249800,-16.20390497733665,50
249850,-14.211099430741879,50
249900,-11.023417502288508,50
249950,-9.05434929698498,50
250000,-10.975954235242478,50
250050,-7.893072700796682,50
250100,-15.900031666865607,50
250150,-8.46521071565836,50
250200,-10.920958106857846,50
250250,-10.45668195661329,50
250300,-14.235894281006145,50
250350,-12.685351584750356,50
250400,-11.937381721128787,50
250450,-5.5004727648155685,50
250500,-8.98971920558683,50
250550,-12.460729321533572,50
250600,-11.409465396646066,50
250650,-6.7815242600399745,50
250700,-9.886324551134834,50
250750,-11.884350600595916,50
250800,-17.136229679790787,50
250850,-14.72063964842619,50
250900,-10.758106285358798,50
250950,-11.012286223864347,50
251000,-9.822746912983414,50
251050,-8.103705230353413,50
251100,-14.052684379288511,50
251150,-8.71159747584277,50
251200,-16.581300203242442,50
251250,-13.83480508840536,50
251300,-9.967412407034752,50
251350,-11.962221246296448,50
251400,-7.7588534752824225,50
251450,-15.016749959868054,50
251500,-13.082287815129252,50
251550,-17.03904390190001,50
251600,-10.95452885062365,50
251650,-13.191678933178073,50
251700,-9.420000284773177,50
251750,-8.738612311697173,50
251800,-9.368134290426083,50
251850,-9.232700597717448,50
251900,-11.394183712568775,50
251950,-13.295524042386408,50
252000,-8.341913419484593,50
252050,-9.343509682813952,50
252100,-13.79700233124441,50
252150,-12.81684637387451,50
252200,-16.92719322508285,50
252250,-12.391283847163493,50
252300,-10.764519648643805,50
252350,-9.615593560277267,50
252400,-16.00393187508711,50
252450,-15.204178222042296,50
252500,-12.766047688594034,50
252550,-10.20291963892194,50
252600,-11.016169508196294,50
252650,-12.855581251223606,50
252700,-12.346419399291465,50
252750,-10.4534789876174,50
252800,-8.777556896466386,50
252850,-9.542746973011708,50
252900,-9.86584209686526,50
252950,-9.322462235518215,50
253000,-15.379585727324077,50
253050,-8.982061573411322,50
253100,-9.994657261614897,50
253150,-9.72325169003337,50
253200,-8.455743248734107,50
253250,-10.283840777008797,50
253300,-10.424984017966885,50
253350,-12.369929472615873,50
253400,-12.228276381944502,50
253450,-11.264087988958792,50
253500,-9.498146344179338,50
253550,-15.965575051575772,50
253600,-11.747513551261392,50
253650,-9.512335610938448,50
253700,-8.08361055505065,50
253750,-12.616206131387269,50
253800,-15.142867853503343,50
253850,-11.700882483091728,50
253900,-13.227843538763883,50
253950,-13.818660773032736,50
254000,-12.811614603388694,50
254050,-12.381096934945935,50
254100,-12.213268470527195,50
254150,-11.326162164061252,50
254200,-13.590248834834808,50
254250,-11.117085175862396,50
254300,-10.639806223147975,50
254350,-10.14635904141983,50
254400,-10.879522592395196,50
254450,-8.588120431337934,50
254500,-7.922753099931612,50
254550,-9.472253500286167,50
254600,-9.749844973971548,50
254650,-9.428732579598455,50
254700,-14.07988444475706,50
254750,-7.917449547827921,50
254800,-12.258999303152578,50
254850,-8.651264929979508,50
254900,-10.202301408080551,50
254950,-7.170244451791474,50
255000,-10.054894245144872,50
255050,-12.903121694158049,50
255100,-14.784924585782095,50
255150,-12.310776758238514,50
255200,-13.481189668856418,50
255250,-13.029813820196978,50
255300,-13.659553388174722,50
255350,-12.455215244754106,50
255400,-13.948099040973585,50
255450,-10.932292803671682,50
255500,-6.920383286947284,50
255550,-6.733847858691028,50
255600,-11.34263457070451,50
255650,-13.285255404026827,50
255700,-13.075224366008598,50
255750,-7.168163368692113,50
255800,-10.169351897055487,50
255850,-7.73849637543203,50
255900,-11.747092695273695,50
255950,-12.931836721089551,50
256000,-13.483211138710347,50
256050,-13.746307206347014,50
256100,-7.267889354548798,50
256150,-13.981373514796646,50
256200,-7.580633297960109,50
256250,-8.996486166134313,50
256300,-11.985945834586802,50
256350,-7.913169099069193,50
256400,-7.116441791843359,50
256450,-6.0650920157720005,50
256500,-14.853442447404364,50
256550,-11.190331185115484,50
256600,-16.73710336458011,50
256650,-4.6954083109790385,50
256700,-11.395736232149506,50
256750,-13.503525978616656,50
256800,-6.0813417187670495,50
256850,-14.062222646035055,50
256900,-8.590002472826477,50
256950,-9.362425466392331,50
257000,-12.019123563901225,50
257050,-9.853566649040975,50
257100,-11.631293317525552,50
257150,-17.038064564338836,50
257200,-11.12442620031217,50
257250,-7.933474314716291,50
257300,-7.977921541334643,50
257350,-17.58865887194511,50
257400,-6.184305640869567,50
257450,-7.679609809267069,50
257500,-10.261459317692898,50
257550,-15.56254327116514,50
257600,-13.215217193573247,50
257650,-10.549595596092434,50
257700,-15.617976872865238,50
257750,-11.61340173585499,50
257800,-13.363288068688679,50
257850,-10.696448879333847,50
257900,-6.5329587087925916,50
257950,-6.987800361498725,50
258000,-10.737157282324814,50
258050,-7.523435943194022,50
258100,-8.017108954025058,50
258150,-11.714262375372781,50
258200,-10.612873056469079,50
258250,-7.642432138892533,50
258300,-8.836284051757689,50
258350,-9.530060076874044,50
258400,-8.75042700815328,50
258450,-9.439573711674083,50
258500,-9.991318090763563,50
258550,-8.25331436356296,50
258600,-14.48242273893794,50
258650,-12.075461686063296,50
258700,-8.594202999201807,50
258750,-8.546618904648113,50
258800,-12.791289550124706,50
258850,-7.42336254477625,50
258900,-14.949927761746252,50
258950,-14.526218682554562,50
259000,-7.69026302565944,50
259050,-8.259964976371489,50
259100,-9.734542860100357,50
259150,-7.506798323154504,50
259200,-10.335569382315013,50
259250,-15.63219294330849,50
259300,-14.540994393452424,50
259350,-10.852281885410305,50
259400,-17.670095102795766,50
259450,-14.514552257607951,50
259500,-10.644502122226282,50
259550,-10.025052804809755,50
259600,-12.527160149729582,50
259650,-7.588432348567931,50
259700,-14.874245326673904,50
259750,-7.492752536488063,50
259800,-14.448243074054545,50
259850,-7.803911177905217,50
259900,-8.222443859328195,50
259950,-9.484262593698665,50
260000,-7.778328394843718,50
260050,-12.806984453890344,50
260100,-13.477826893907704,50
260150,-10.320360267138305,50
260200,-7.963247264915105,50
260250,-11.589506052215278,50
260300,-14.249197009445194,50
260350,-10.920206708866491,50
260400,-14.40720451289005,50
260450,-6.425149679544365,50
260500,-7.134281631788153,50
260550,-12.995759945048126,50
260600,-13.8616940241133,50
260650,-12.670450205340192,50
260700,-7.803828619075405,50
260750,-10.888078919593182,50
260800,-8.057639603235655,50
260850,-6.069819162598108,50
260900,-14.786516734366142,50
260950,-12.642041081024583,50
261000,-9.535374194509648,50
261050,-14.050796375263737,50
261100,-7.873495943799147,50
261150,-7.608873687105334,50
261200,-10.400742029754015,50
261250,-10.184234496734769,50
261300,-9.843548402754646,50
261350,-7.847081338870239,50
261400,-13.404891873191376,50
261450,-7.786026249279708,50
261500,-8.122514877212476,50
261550,-13.470844354792794,50
261600,-14.028209696310501,50
261650,-8.39047073173349,50
261700,-7.017524555163697,50
261750,-9.415609295486647,50
261800,-8.676974886535806,50
261850,-9.491345760216854,50
261900,-6.5559131990698125,50
261950,-10.826493290882032,50
262000,-8.622418572429897,50
262050,-6.407091556270752,50
262100,-11.75435509761195,50
262150,-14.528587152063738,50
262200,-12.642481270967883,50
262250,-12.437455844937634,50
262300,-13.342457912261295,50
262350,-12.728383873524274,50
262400,-12.420828463309851,50
262450,-11.009312381495318,50
262500,-14.980695659806852,50
262550,-7.291533231452541,50
262600,-5.523109064619481,50
262650,-16.80765785880394,50
262700,-7.586953747671888,50
262750,-9.179471317420704,50
262800,-6.017006087934454,50
262850,-13.544696462129416,50
262900,-14.610174933379737,50
262950,-9.928789394063338,50
263000,-5.193022116327296,50
263050,-14.219465857868656,50
263100,-10.6101706374338,50
263150,-5.866065592186379,50
263200,-8.06881899037792,50
263250,-14.871153418981349,50
263300,-13.057152397456086,50
263350,-5.523155730531965,50
263400,-16.074619397824492,50
263450,-11.089695974328148,50
263500,-10.418211130025336,50
263550,-8.222955897710023,50
263600,-12.610329744455829,50
263650,-14.561397297945348,50
263700,-11.991190943078351,50
263750,-11.775242048862658,50
263800,-11.840865705869025,50
263850,-12.713651639576652,50
263900,-14.054539521007166,50
263950,-8.966875479344559,50
264000,-9.104942089517506,50
264050,-9.926477667822365,50
264100,-10.374104697238817,50
264150,-10.2778518241565,50
264200,-15.46766912371574,50
264250,-9.458439763425222,50
264300,-11.390195320641684,50
264350,-12.305853239916352,50
264400,-15.271236898746684,50
264450,-11.050330288501835,50
264500,-14.17208077564882,50
264550,-11.568898751007227,50
264600,-13.307780609859964,50
264650,-13.47839220825616,50
264700,-14.771740344986238,50
264750,-14.232011333689027,50
264800,-8.58882568222891,50
264850,-13.47075703840753,50
264900,-15.38846193480199,50
264950,-7.819075738096631,50
265000,-10.799307393963959,50
265050,-16.213514733538805,50
265100,-7.879814080560176,50
265150,-6.563504422803517,50
265200,-11.42083636001402,50
265250,-12.447877968347344,50
265300,-11.559164232201457,50
265350,-15.17227071076212,50
265400,-11.17393194640561,50
265450,-10.465798538965752,50
265500,-7.683731872470989,50
265550,-7.075031811202836,50
265600,-8.63720379074875,50
265650,-9.84467136528877,50
265700,-9.948233670024155,50
265750,-9.57076039133965,50
265800,-10.194216819782056,50
265850,-9.876993542485634,50
265900,-7.995503804349125,50
265950,-7.984209093006946,50
266000,-6.178218132422227,50
266050,-9.566704464480209,50
266100,-16.577193879665888,50
266150,-14.329542004141222,50
266200,-15.5735789782469,50
266250,-8.4536420907186,50
266300,-16.953218637015585,50
266350,-16.14595066809375,50
266400,-8.481964751064115,50
266450,-8.136254330583835,50
266500,-13.452148085179433,50
266550,-6.810881889167021,50
266600,-11.942845037890473,50
266650,-11.949348027649846,50
266700,-13.136787357903113,50
266750,-8.899289281221142,50
266800,-9.894121947678649,50
266850,-8.822303643732596,50
266900,-6.670720639191569,50
266950,-12.59447100271736,50
267000,-11.51678831441089,50
267050,-7.6953254174069246,50
267100,-9.875017205383793,50
267150,-12.391533876153906,50
267200,-14.675927424555011,50
267250,-17.716888647740046,50
267300,-10.45579278697351,50
267350,-13.617204043003865,50
267400,-7.707032219720925,50
267450,-7.458229925981486,50
267500,-10.893760097120825,50
267550,-11.435077317708375,50
267600,-13.569331549050398,50
267650,-9.828658082679123,50
267700,-14.084846577543374,50
267750,-15.773405656855356,50
267800,-14.012735219243828,50
267850,-12.488285862943192,50
267900,-15.020057739253147,50
267950,-12.058853355622709,50
268000,-15.513540850416762,50
268050,-9.056968638432783,50
268100,-14.342256314111056,50
268150,-13.221567003168555,50
268200,-5.603770710315271,50
268250,-7.210348685260516,50
268300,-14.570283403879824,50
268350,-9.43776017097427,50
268400,-15.605615979848903,50
268450,-9.163859355679893,50
268500,-16.48253155911668,50
268550,-12.97291770029761,50
268600,-6.940790266660203,50
268650,-14.004737931212361,50
268700,-12.282447565728035,50
268750,-10.213776960183546,50
268800,-9.264792771874458,50
268850,-13.763928595197662,50
268900,-10.576376489274686,50
268950,-10.739829745693648,50
269000,-13.99283437660403,50
269050,-14.513559011312973,50
269100,-8.549761376317349,50
269150,-15.478989328797617,50
269200,-4.85544283145562,50
269250,-11.248849782926314,50
269300,-12.6143699971255,50
269350,-8.04830955325042,50
269400,-14.545066049004253,50
269450,-7.955650307472786,50
269500,-8.495289344601085,50
269550,-7.15406401389276,50
269600,-15.775444038253637,50
269650,-11.608165686416509,50
269700,-7.383887403945979,50
269750,-15.249303762646052,50
269800,-10.20217280467257,50
269850,-12.713535415539184,50
269900,-7.167980654204604,50
269950,-9.475237601436772,50
270000,-10.619650379792994,50
270050,-12.634016729010545,50
270100,-12.105069928977482,50
270150,-11.999934606120725,50
270200,-13.866457273246954,50
270250,-7.286044117754965,50
270300,-14.284648480465371,50
270350,-13.205674300115794,50
270400,-7.11207821005637,50
270450,-7.942603492427775,50
270500,-12.933928909873579,50
270550,-14.126720164739464,50
270600,-7.632752698288143,50
270650,-7.305062068566549,50
270700,-10.729770092935736,50
270750,-15.043643060114876,50
270800,-10.854553851220844,50
270850,-12.943827698014857,50
270900,-10.767706534183398,50
270950,-9.055660175831111,50
271000,-7.74423170695925,50
271050,-8.893784682639668,50
271100,-11.529967279545216,50
271150,-6.73371471146542,50
271200,-5.802073523418111,50
271250,-13.823226264420232,50
271300,-8.254211854337795,50
271350,-8.435869493572422,50
271400,-9.840654134781758,50
271450,-7.541985261784671,50
271500,-8.407263895074806,50
271550,-8.050514406042003,50
271600,-10.707250198116215,50
271650,-10.297927101116269,50
271700,-14.909612718204697,50
271750,-5.750566191075675,50
271800,-5.4572350873334825,50
271850,-11.499885695700474,50
271900,-14.4724597308141,50
271950,-11.246548529355044,50
272000,-11.75322151530469,50
272050,-9.105572464089947,50
272100,-7.356313346074337,50
272150,-14.655118473254909,50
272200,-4.890627466725877,50
272250,-15.7790613697136,50
272300,-12.718803613546594,50
272350,-10.747135775502995,50
272400,-11.75914356225256,50
272450,-14.307603966011499,50
272500,-8.25136455742287,50
272550,-13.645180379353175,50
272600,-10.18174756130417,50
272650,-16.62617849464373,50
272700,-5.965178007370249,50
272750,-13.273688830767833,50
272800,-5.638900011451678,50
272850,-6.797146031468399,50
272900,-13.780873897092025,50
272950,-14.873719115263356,50
273000,-6.744329205643439,50
273050,-7.411424008869486,50
273100,-14.044428510552127,50
273150,-11.288968353128048,50
273200,-9.48695542257633,50
273250,-6.755014333267347,50
273300,-15.65251558861256,50
273350,-12.384413519659914,50
273400,-13.975685249932877,50
273450,-17.528262350637135,50
273500,-14.90511668799101,50
273550,-7.627164490953072,50
273600,-8.629650278444963,50
273650,-13.95909459852926,50
273700,-4.11060921469749,50
273750,-13.202686197650195,50
273800,-15.127230959845514,50
273850,-7.659990752966796,50
273900,-7.896754553292773,50
273950,-11.424380067947514,50
274000,-16.083036306475133,50
274050,-8.986963227666974,50
274100,-15.778309781067952,50
274150,-14.71403281968754,50
274200,-13.750136015415414,50
274250,-6.184720361597258,50
274300,-12.616568770442717,50
274350,-6.856072362266564,50
274400,-9.190514995759873,50
274450,-8.864419470810853,50
274500,-10.375507147822464,50
274550,-14.750105676668534,50
274600,-13.650573311953751,50
274650,-13.257850412448748,50
274700,-14.655793818816882,50
274750,-11.195890192557732,50
274800,-8.565830964210846,50
274850,-10.272622711048248,50
274900,-14.767437110091587,50
274950,-11.34863608244229,50
275000,-9.914456910247592,50
275050,-11.507929984887582,50
275100,-6.923243859463588,50
275150,-14.579220704783346,50
275200,-5.412250380956005,50
275250,-15.673141224486862,50
275300,-11.968596654272002,50
275350,-8.894235220843948,50
275400,-13.418830736191675,50
275450,-7.38190399390039,50
275500,-9.69344484497164,50
275550,-10.465733991694295,50
275600,-10.443773575290347,50
275650,-11.756648911433004,50
275700,-14.613281067788778,50
275750,-7.661068854645486,50
275800,-7.4895032242208845,50
275850,-16.10551925476705,50
275900,-8.739309141329931,50
275950,-15.491569255938963,50
276000,-12.63963562431981,50
276050,-10.326254816482628,50
276100,-7.935461463214463,50
276150,-4.3542078107323725,50
276200,-9.953474934375139,50
276250,-8.060326893391192,50
276300,-8.763682058631236,50
276350,-10.427712539437463,50
276400,-14.868419552884458,50
276450,-16.26396810776949,50
276500,-12.25199457732908,50
276550,-15.033055844697524,50
276600,-10.018677733583752,50
276650,-12.907778279521345,50
276700,-15.852896780954442,50
276750,-12.733616600053905,50
276800,-15.99187000115215,50
276850,-8.969360342088562,50
276900,-12.652804164970282,50
276950,-5.71671617886157,50
277000,-5.1948703887321095,50
277050,-14.313658069636693,50
277100,-9.064907339748096,50
277150,-9.557552324919582,50
277200,-8.363879905946147,50
277250,-13.732069496373011,50
277300,-5.754957220184538,50
277350,-10.490810128393424,50
277400,-14.501909251767795,50
277450,-6.5397953608505865,50
277500,-6.205220726251387,50
277550,-10.501455456444516,50
277600,-14.947404960626994,50
277650,-6.694127867960396,50
277700,-7.269491068420548,50
277750,-5.329143940990535,50
277800,-7.904923778912288,50
277850,-13.526693869733268,50
277900,-14.140171625527428,50
277950,-13.61579812670871,50
278000,-8.868846499172303,50
278050,-10.013504727869588,50
278100,-6.610687451355213,50
278150,-6.794924301437985,50
278200,-14.101173299774276,50
278250,-10.437558889491287,50
278300,-10.33439248516246,50
278350,-9.362207232366222,50
278400,-8.499912016721526,50
278450,-6.922267013937808,50
278500,-7.370667493490845,50
278550,-10.528813720511396,50
278600,-16.05802265824622,50
278650,-9.591217278066758,50
278700,-10.916706043826698,50
278750,-12.310888940328802,50
278800,-13.20935671484153,50
278850,-9.20362154955011,50
278900,-9.641958679942162,50
278950,-10.90389966415342,50
279000,-14.227011405565946,50
279050,-10.715234129939645,50
279100,-8.656555240993942,50
279150,-8.577540053669074,50
279200,-6.379048596925691,50
279250,-12.631010748891896,50
279300,-15.979121662138501,50
279350,-12.020821590868982,50
279400,-14.180749703889063,50
279450,-12.271154489114913,50
279500,-11.695759331868908,50
279550,-13.13457614163855,50
279600,-9.392502317291235,50
279650,-9.407156039827052,50
279700,-8.786013387116025,50
279750,-10.796462672150339,50
279800,-14.09531040481383,50
279850,-10.13995079774745,50
279900,-11.29704329923528,50
279950,-4.872015663372859,50
280000,-12.816325264448876,50
280050,-9.815745099491538,50
280100,-8.03672403555589,50
280150,-9.654074194771281,50
280200,-13.647502181667186,50
280250,-9.421607747661298,50
280300,-8.853199632350087,50
280350,-10.873351378414123,50
280400,-11.598074675050999,50
280450,-15.934509581527756,50
280500,-10.93575451039224,50
280550,-5.310764380896905,50
280600,-11.653295636274978,50
280650,-14.890908636103287,50
280700,-11.983003938104314,50
280750,-11.780802582273846,50
280800,-13.048646762045264,50
280850,-8.987574388576082,50
280900,-6.3186421914704525,50
280950,-7.315651260748894,50
281000,-11.054118142898146,50
281050,-13.833370023387973,50
281100,-15.451664778056044,50
281150,-6.889649242653697,50
281200,-8.69088605665599,50
281250,-7.621888145768091,50
281300,-13.9952980699635,50
281350,-6.323314195761931,50
281400,-8.195645359197458,50
281450,-6.515444463774887,50
281500,-7.989108854182724,50
281550,-13.022395823558403,50
281600,-14.566764766243828,50
281650,-8.709743361520074,50
281700,-7.627066122705653,50
281750,-4.787336303676529,50
281800,-15.04216463828904,50
281850,-14.960870223976766,50
281900,-7.166375860563017,50
281950,-12.879536069519958,50
282000,-10.68865483971581,50
282050,-10.882933237956971,50
282100,-9.958213622416205,50
282150,-9.162923702637745,50
282200,-8.055867764693602,50
282250,-10.773681501713412,50
282300,-9.466813518403207,50
282350,-9.849713790902925,50
282400,-12.486952648557198,50
282450,-15.138416125723085,50
282500,-9.172130415021426,50
282550,-15.001247449343087,50
282600,-14.646247705500581,50
282650,-7.907446928802762,50
282700,-10.32011729820527,50
282750,-17.16831705528756,50
282800,-16.55062247727946,50
282850,-14.865326084344758,50
282900,-5.201337982767463,50
282950,-7.66923095645356,50
283000,-10.858315640088929,50
283050,-5.670766298703052,50
283100,-12.919670836739876,50
283150,-7.741846946176524,50
283200,-14.077339198845362,50
283250,-12.268496572784594,50
283300,-9.946345827946937,50
283350,-3.7887987015152387,50
283400,-11.749525592759822,50
283450,-6.767181544202703,50
283500,-11.063718262841242,50
283550,-5.74757522396204,50
283600,-4.473670549698258,50
283650,-10.060202282495085,50
283700,-13.420170082878538,50
283750,-5.251505070334215,50
283800,-12.74638779321358,50
283850,-11.205409825696117,50
283900,-11.555312679631845,50
283950,-8.513060665223772,50
284000,-8.43505773230418,50
284050,-11.839914687519517,50
284100,-12.770702187417829,50
284150,-7.4015752052435735,50
284200,-6.5065675020483456,50
284250,-13.030915039908166,50
284300,-8.664033866691058,50
284350,-13.660914628411708,50
284400,-10.675810988216654,50
284450,-14.71892824577561,50
284500,-8.932118327632658,50
284550,-11.992870549715008,50
284600,-9.956969190267476,50
284650,-12.60687114671426,50
284700,-10.324597877453439,50
284750,-13.451197291881751,50
284800,-6.356772638573052,50
284850,-14.050864779678982,50
284900,-10.357333926080416,50
284950,-11.401565941312946,50
285000,-7.759303362680233,50
285050,-13.2916060155738,50
285100,-7.044618971621451,50
285150,-6.882927223325215,50
285200,-7.395362614300591,50
285250,-7.732335533556306,50
285300,-13.41864567104355,50
285350,-12.304176303890625,50
285400,-6.227107500114096,50
285450,-9.745820365581148,50
285500,-12.61250706162816,50
285550,-6.426810179549917,50
285600,-14.28441513418296,50
285650,-12.707287784981744,50
285700,-9.14733490930826,50
285750,-15.363177576851772,50
285800,-5.32587258668004,50
285850,-13.753040537335943,50
285900,-7.011785303477688,50
285950,-8.908332665232571,50
286000,-8.117644687385187,50
286050,-7.016256732853236,50
286100,-8.857433893666416,50
286150,-14.506595042107316,50
286200,-7.255563211629722,50
286250,-10.696140919146604,50
286300,-6.867147620447752,50
286350,-10.987588850469434,50
286400,-3.448483679943642,50
286450,-9.951301279540415,50
286500,-6.120743626166765,50
286550,-5.076639103767612,50
286600,-8.18142009912623,50
286650,-14.571737008000351,50
286700,-5.035936288068473,50
286750,-14.289770653343522,50
286800,-15.210963918454064,50
286850,-12.833918994137266,50
286900,-4.594641061063978,50
286950,-12.225921656246562,50
287000,-5.683352732477256,50
287050,-16.201972808674967,50
287100,-13.205250124029657,50
287150,-11.89570246221359,50
287200,-12.095028272533664,50
287250,-12.821822455767208,50
287300,-4.825663327976892,50
287350,-12.953858827847366,50
287400,-13.471898682088677,50
287450,-12.479620305005946,50
287500,-8.325596875716753,50
287550,-6.529200754760327,50
287600,-8.315611800440701,50
287650,-4.859395999667553,50
287700,-7.735442531091237,50
287750,-7.636730371184183,50
287800,-8.35368994495437,50
287850,-8.141742683603498,50
287900,-8.4758322724205,50
287950,-9.475921167281678,50
288000,-7.053174976806192,50
288050,-12.449079440910001,50
288100,-14.64914420565929,50
288150,-10.623400162085172,50
288200,-6.496169797568094,50
288250,-10.647730400103326,50
288300,-10.907741811250713,50
288350,-6.2696154415634755,50
288400,-12.254012667139945,50
288450,-11.694995614827846,50
288500,-10.857576974037638,50
288550,-9.301770342781747,50
288600,-8.43240514748716,50
288650,-11.54422832544219,50
288700,-8.83350889946243,50
288750,-11.547231876467775,50
288800,-6.0175344999807665,50
288850,-11.359112838749347,50
288900,-14.26347771885898,50
288950,-11.034013057989961,50
289000,-13.313545751927927,50
289050,-10.38823511287558,50
289100,-8.730410022711494,50
289150,-16.598094805021393,50
289200,-4.933916251566546,50
289250,-6.919218090694784,50
289300,-7.426755126298756,50
289350,-11.234112599390494,50
289400,-4.886322413279349,50
289450,-11.283381401210823,50
289500,-14.360900796702792,50
289550,-3.875101792325089,50
289600,-12.804225555076085,50
289650,-9.66418228650792,50
289700,-9.643473251147476,50
289750,-14.29044788445983,50
289800,-4.8142038274876064,50
289850,-14.866490695251782,50
289900,-8.381705351099047,50
289950,-16.36887221190269,50
290000,-5.718834340851306,50
290050,-12.621191297968554,50
290100,-6.017406017540957,50
290150,-17.138199082067985,50
290200,-14.657209102791683,50
290250,-16.89154982047071,50
290300,-13.568427666068148,50
290350,-7.669530928231323,50
290400,-12.894259841366742,50
290450,-6.456087603762014,50
290500,-9.486000527462357,50
290550,-13.839522122121252,50
290600,-6.8367532267206235,50
290650,-13.175474917847565,50
290700,-14.170853721198101,50
290750,-7.229219007309639,50
290800,-9.7896667628668,50
290850,-7.737317527381438,50
290900,-12.772130037911971,50
290950,-5.038265540584475,50
291000,-13.252031310226993,50
291050,-11.838960449932175,50
291100,-12.490551282155316,50
291150,-4.5379392737554225,50
291200,-7.698215986847701,50
291250,-7.65625374751328,50
291300,-8.621434457284986,50
291350,-12.043400677509842,50
291400,-3.879969718094113,50
291450,-4.256670179569478,50
291500,-15.871136302463867,50
291550,-9.190089609109174,50
291600,-5.520136319063876,50
291650,-12.755532755180884,50
291700,-14.926049674131546,50
291750,-7.9990920297530375,50
291800,-7.115915229349047,50
291850,-11.035145304426775,50
291900,-12.05800079536538,50
291950,-12.684668858316387,50
292000,-8.973754494483458,50
292050,-13.952475943644028,50
292100,-8.94523479642862,50
292150,-10.923434134008014,50
292200,-12.75704876321092,50
292250,-9.4774639617589,50
292300,-8.498611744046457,50
292350,-11.340195111979613,50
292400,-4.934583979151328,50
292450,-5.734616709746488,50
292500,-12.671870710193868,50
292550,-12.543333099550932,50
292600,-7.854348345123882,50
292650,-3.8727513570202534,50
292700,-12.835253044733086,50
292750,-11.884089991348509,50
292800,-7.199691559041701,50
292850,-8.006532573110645,50
292900,-14.949366236267592,50
292950,-8.772269067660433,50
293000,-4.774263901588844,50
293050,-7.0727480914289735,50
293100,-6.834367060541971,50
293150,-5.326624501962418,50
293200,-7.890056082111853,50
293250,-10.00157218769221,50
293300,-11.713786587982456,50
293350,-6.895158511603886,50
293400,-5.93481822021057,50
293450,-15.78642830381839,50
293500,-13.234584911582655,50
293550,-11.103977163245952,50
293600,-7.587562280581996,50
293650,-8.060586037615089,50
293700,-8.583676032829654,50
293750,-11.326992122291069,50
293800,-13.07099788570757,50
293850,-13.957154751128442,50
293900,-8.394924885391687,50
293950,-9.918386439529993,50
294000,-10.405548255182762,50
294050,-4.792838897924721,50
294100,-10.178735295652737,50
294150,-5.158277865900725,50
294200,-10.446726776960258,50
294250,-11.022828295003398,50
294300,-10.306728520401188,50
294350,-3.3845734656694098,50
294400,-6.944504949679772,50
294450,-11.286733446687482,50
294500,-9.98354107955277,50
294550,-12.069168042242358,50
294600,-15.175913848012799,50
294650,-13.134130685734211,50
294700,-10.670290436220803,50
294750,-15.016771570713493,50
294800,-6.037911094842135,50
294850,-5.287235395974726,50
294900,-15.219560482790454,50
294950,-9.40549830928128,50
295000,-3.5500380623007177,50
295050,-11.725956150072173,50
295100,-13.726261808603724,50
295150,-12.96512834413474,50
295200,-8.622159168046782,50
295250,-5.8840722302276385,50
295300,-9.407262911043468,50
295350,-7.813073635188994,50
295400,-8.141803646172553,50
295450,-12.982793075693662,50
295500,-6.027159287892086,50
295550,-7.631775408740532,50
295600,-10.78295661517391,50
295650,-13.034668214162783,50
295700,-4.460528611906413,50
295750,-3.8834700414567385,50
295800,-15.871732628047624,50
295850,-5.566601318837132,50
295900,-4.5634720268135185,50
295950,-14.161460929637139,50
296000,-5.7929857972633885,50
296050,-11.96191074656115,50
296100,-8.739138978508107,50
296150,-14.229641559391489,50
296200,-9.312996565451792,50
296250,-5.712942431988358,50
296300,-14.513834352679968,50
296350,-6.530823452192133,50
296400,-9.302673220933709,50
296450,-17.43960831691848,50
296500,-15.838091934730143,50
296550,-15.776929333287399,50
296600,-13.504321717605912,50
296650,-8.316566768074507,50
296700,-5.902164009400253,50
296750,-12.968326812894565,50
296800,-14.815395633057085,50
296850,-9.534039737715068,50
296900,-8.015990168997922,50
296950,-11.903649458622994,50
297000,-16.486096479239205,50
297050,-16.85344768680398,50
297100,-9.926857423133006,50
297150,-13.42690701635458,50
297200,-12.277952670318053,50
297250,-14.881825697995518,50
297300,-8.083037783382341,50
297350,-13.529938163147897,50
297400,-13.083114937663638,50
297450,-7.843594659259966,50
297500,-14.319223652385105,50
297550,-13.635787757320378,50
297600,-8.004330321533317,50
297650,-10.323350249768376,50
297700,-11.038660837123375,50
297750,-9.227534567870006,50
297800,-4.5466853015506965,50
297850,-5.799090773677999,50
297900,-10.11124857027693,50
297950,-9.979336784253178,50
298000,-9.738447955430328,50
298050,-13.466155570267405,50
298100,-16.319733910493788,50
298150,-4.557301961286845,50
298200,-11.645115899774765,50
298250,-10.33573977378938,50
298300,-10.721163157042966,50
298350,-7.559310085877463,50
298400,-9.406911276404452,50
298450,-11.119269569109427,50
298500,-13.112772825220812,50
298550,-13.068381222169421,50
298600,-6.276850211354927,50
298650,-12.587571796093064,50
298700,-12.546765790480668,50
298750,-15.431441065619222,50
298800,-9.577209698349925,50
298850,-5.665706975933019,50
298900,-12.940107102416986,50
298950,-7.1076660183621305,50
299000,-14.052952021600628,50
299050,-6.113216822836983,50
299100,-15.942929209281695,50
299150,-16.657574040249244,50
299200,-17.178916610143855,50
299250,-7.559891082310052,50
299300,-4.657371813510422,50
299350,-14.36554089438218,50
299400,-9.572061781811032,50
299450,-7.283534619525596,50
299500,-15.155968596029116,50
299550,-15.061582652679268,50
299600,-6.494637773992112,50
299650,-4.954497977195891,50
299700,-6.289691153062578,50
299750,-13.968417581891321,50
299800,-10.462811944753453,50
299850,-9.236035194819722,50
299900,-8.803221339227964,50
299950,-6.410711336457871,50
300000,-7.946040007044326,50
300050,-6.612193489849979,50
300100,-15.018746110708193,50
300150,-7.807387028492191,50
300200,-5.8912611813003,50
300250,-6.50739340789537,50
300300,-10.050118943711933,50
300350,-12.965762564478313,50
300400,-9.67711695921667,50
300450,-10.114602915878805,50
300500,-10.522055317210306,50
300550,-6.603079226442228,50
300600,-8.615887115221629,50
300650,-11.500415088713288,50
300700,-7.685069719280423,50
300750,-7.208381517944855,50
300800,-9.372493495651637,50
300850,-4.436140600049126,50
300900,-5.508234109051608,50
300950,-5.6412426101233235,50
301000,-5.599250860478645,50
301050,-7.635771568275768,50
301100,-15.675081864814576,50
301150,-13.843215507107058,50
301200,-6.07116114250335,50
301250,-4.655693301172692,50
301300,-14.048566732681008,50
301350,-9.652881865475836,50
301400,-9.162674446263935,50
301450,-13.089339753399289,50
301500,-15.93504833858699,50
301550,-11.534704830041846,50
301600,-6.392034561224804,50
301650,-8.241309856937654,50
301700,-12.388859019936625,50
301750,-11.786766169475078,50
301800,-5.075935365317078,50
301850,-14.014700270799523,50
301900,-3.937350142607044,50
301950,-14.779265013077394,50
302000,-3.7810460659770353,50
302050,-7.359556620079566,50
302100,-10.029708751053207,50
302150,-8.664299464408547,50
302200,-8.016791221668793,50
302250,-6.455142626319556,50
302300,-5.999428589623047,50
302350,-12.278809050641291,50
302400,-5.281449594832843,50
302450,-15.528210494137761,50
302500,-5.406917680876833,50
302550,-9.87838662369609,50
302600,-11.676105628478584,50
302650,-7.775435472041823,50
302700,-8.915535636323536,50
302750,-8.13928005374411,50
302800,-8.234784397069927,50
302850,-3.7725755270896713,50
302900,-12.723964906285337,50
302950,-13.080227266129915,50
303000,-7.226074952755844,50
303050,-5.536306506795517,50
303100,-4.500529570718703,50
303150,-7.719589086212719,50
303200,-10.225334240899489,50
303250,-12.61639334269777,50
303300,-9.04820346904529,50
303350,-13.240330909612792,50
303400,-5.619896571655422,50
303450,-5.0813097787422565,50
303500,-11.909149701397826,50
303550,-4.941387875383786,50
303600,-5.325271970929871,50
303650,-5.470418036017478,50
303700,-15.084950578808234,50
303750,-5.160497117225692,50
303800,-4.660960424861342,50
303850,-7.786418974226659,50
303900,-10.44653423854928,50
303950,-11.425081520875546,50
304000,-4.379125504416389,50
304050,-4.404948652825801,50
304100,-7.464301705897455,50
304150,-4.98302594515022,50
304200,-9.377480035315608,50
304250,-11.694657500124638,50
304300,-7.707806841314469,50
304350,-8.566878013495327,50
304400,-11.09354172679416,50
304450,-9.781787474564497,50
304500,-5.803572490834741,50
304550,-8.845472162153436,50
304600,-3.440860563778972,50
304650,-4.940687282226739,50
304700,-9.915656128937473,50
304750,-5.560179739313687,50
304800,-7.899161798212809,50
304850,-14.416109020220402,50
304900,-5.011881589590037,50
304950,-12.467916537427755,50
305000,-4.323303430945373,50
305050,-7.526398925947689,50
305100,-6.724344026808534,50
305150,-7.864325090596284,50
305200,-9.036947755724826,50
305250,-11.237857138504037,50
305300,-7.6800869416622115,50
305350,-7.539477052050381,50
305400,-5.714172368751835,50
305450,-10.21496809914271,50
305500,-8.518652080002322,50
305550,-11.98007537177527,50
305600,-5.392821889794034,50
305650,-10.096082753977813,50
305700,-12.173984345688586,50
305750,-7.838277822110158,50
305800,-8.991262387672077,50
305850,-6.378506151675294,50
305900,-7.558165192739079,50
305950,-6.814016132504041,50
306000,-15.712769612395105,50
306050,-3.7982254162272753,50
306100,-10.26761286008828,50
306150,-10.845068659668607,50
306200,-10.78681619086284,50
306250,-8.88736211874272,50
306300,-4.332312132070691,50
306350,-7.252066786109537,50
306400,-10.279722157671161,50
306450,-11.539415294557044,50
306500,-5.561213650659789,50
306550,-12.186545732024326,50
306600,-15.698638323958885,50
306650,-13.693341561879638,50
306700,-4.742109143578346,50
306750,-10.911638776339833,50
306800,-9.621488866319769,50
306850,-7.563309513826212,50
306900,-3.925946010825666,50
306950,-10.499763597450375,50
307000,-6.148846133954302,50
307050,-9.794133701169986,50
307100,-12.641688592013043,50
307150,-16.283535582787323,50
307200,-7.5639883820853635,50
307250,-10.612465494679647,50
307300,-8.427822286389683,50
307350,-6.577607509840381,50
307400,-6.62492172336738,50
307450,-6.405778446860898,50
307500,-6.883746904923981,50
307550,-10.594969068984835,50
307600,-11.740427085809921,50
307650,-14.380264939097955,50
307700,-6.335172738399353,50
307750,-4.944888557272058,50
307800,-4.912291722009383,50
307850,-8.871123392752413,50
307900,-6.747662423824281,50
307950,-9.472026677455998,50
308000,-5.937470521261978,50
308050,-5.308802756799573,50
308100,-5.6143681404772465,50
308150,-9.94734672671627,50
308200,-6.094006623339445,50
308250,-8.82894060825015,50
308300,-11.978702964530937,50
308350,-11.188743127819244,50
308400,-15.389008176427174,50
308450,-15.319973851253309,50
308500,-11.490318855281178,50
308550,-4.751848923695267,50
308600,-15.492486194659149,50
308650,-5.258844887962847,50
308700,-5.652777030877959,50
308750,-3.699906432391115,50
308800,-6.695207368429182,50
308850,-8.594120395210476,50
308900,-8.817360400889013,50
308950,-5.798592547103544,50
309000,-6.060735033753567,50
309050,-5.320991276559161,50
309100,-12.635851802094184,50
309150,-5.2224511586692515,50
309200,-6.027168373837168,50
309250,-11.590296513893,50
309300,-6.1251438462934,50
309350,-3.9260836387390934,50
309400,-6.533762538236073,50
309450,-9.480503796768865,50
309500,-4.04158383355039,50
309550,-14.168086293609596,50
309600,-4.0379084215457475,50
309650,-11.854166324848439,50
309700,-9.204751343625428,50
309750,-12.595613490077792,50
309800,-13.70394021415484,50
309850,-4.024068325929057,50
309900,-8.956314686544834,50
309950,-6.100152602375638,50
310000,-5.4848614891159695,50
310050,-8.567692700069543,50
310100,-9.426440114603432,50
310150,-10.31100480349286,50
310200,-10.45505802853285,50
310250,-11.855901989949086,50
310300,-12.376462441694954,50
310350,-9.95804360025307,50
310400,-4.724106898847386,50
310450,-8.56324772195675,50
310500,-8.005647405107265,50
310550,-15.775317074725267,50
310600,-14.726405667708262,50
310650,-4.140626229915045,50
310700,-4.235583804897815,50
310750,-14.96057201049873,50
310800,-3.924892064837865,50
310850,-9.019208596068246,50
310900,-12.588528400791864,50
310950,-9.786873772122863,50
311000,-3.8643671261458117,50
311050,-4.528702449184604,50
311100,-11.735788195711313,50
311150,-9.121971036842687,50
311200,-10.76314968663606,50
311250,-7.2000573383288415,50
311300,-8.151404993356229,50
311350,-6.80647668406872,50
311400,-15.874592286017188,50
311450,-5.333520924271835,50
311500,-9.306985394082815,50
311550,-8.100549192613691,50
311600,-6.122481983748114,50
311650,-7.8225047028404076,50
311700,-11.81054679608254,50
311750,-11.428215075045829,50
311800,-5.117216454844121,50
311850,-12.864149392612926,50
311900,-10.274301112020488,50
311950,-7.376808946315004,50
312000,-15.438239269158839,50
312050,-6.641812876517848,50
312100,-16.762169050057476,50
312150,-7.960454819844981,50
312200,-3.0754008970616673,50
312250,-5.984467187847006,50
312300,-13.611552039041015,50
312350,-12.050975504129598,50
312400,-13.261539255355032,50
312450,-10.329025626660396,50
312500,-5.102504158316182,50
312550,-5.511742357124825,50
312600,-10.047860443431029,50
312650,-10.271654182367715,50
312700,-12.602501125442183,50
312750,-15.113586152359478,50
312800,-13.011528788467748,50
312850,-5.264944011278111,50
312900,-10.771211109901484,50
312950,-13.421669273174698,50
313000,-4.7859406363118575,50
313050,-9.995565876593316,50
313100,-4.743579559174196,50
313150,-5.278491609840342,50
313200,-3.8253401975025048,50
313250,-7.982876680102621,50
313300,-9.400600737009292,50
313350,-6.8513675436826915,50
313400,-10.181505306621393,50
313450,-10.750436239128431,50
313500,-6.6717255555500214,50
313550,-6.492343265544643,50
313600,-10.88394619452984,50
313650,-8.163446546870341,50
313700,-8.775493698550607,50
313750,-4.207332046475446,50
313800,-4.468925716424573,50
313850,-4.502618484150927,50
313900,-9.27119440792471,50
313950,-4.2655513860641,50
314000,-10.754876796483945,50
314050,-15.770381753483441,50
314100,-12.5509389658725,50
314150,-11.3421406538699,50
314200,-5.665032722826255,50
314250,-10.074326487555421,50
314300,-7.809848829210778,50
314350,-11.4194539582651,50
314400,-11.232054857739598,50
314450,-4.958976158922324,50
314500,-11.057365209649063,50
314550,-16.437423535220248,50
314600,-10.864085279031302,50
314650,-3.7876006468622916,50
314700,-8.780562644207095,50
314750,-8.320625396943253,50
314800,-5.647638339312262,50
314850,-6.663469473403813,50
314900,-10.638593886319402,50
314950,-7.940318110018691,50
315000,-5.607009787941916,50
315050,-5.928936829609298,50
315100,-15.033678302019494,50
315150,-9.287491040098475,50
315200,-10.811166232437126,50
315250,-13.335689868420117,50
315300,-7.974802414622612,50
315350,-5.534106161878291,50
315400,-5.1017325475451125,50
315450,-8.461608711435797,50
315500,-8.126003189081372,50
315550,-12.850443058255188,50
315600,-12.186540839004994,50
315650,-4.847205012215333,50
315700,-13.204013577660065,50
315750,-6.021146330139907,50
315800,-11.10756344096636,50
315850,-4.628981115597182,50
315900,-8.775316019346352,50
315950,-8.865039861132775,50
316000,-4.797289046489309,50
316050,-3.919993739937321,50
316100,-9.152765064885582,50
316150,-11.002176283705076,50
316200,-6.489512185753395,50
316250,-3.844557660975607,50
316300,-10.139124297716643,50
316350,-14.014016194614594,50
316400,-3.6647188321666464,50
316450,-11.570203551485738,50
316500,-4.321284204106091,50
316550,-5.8057825098993945,50
316600,-8.689334653603364,50
316650,-7.005201438124997,50
316700,-5.553310505594103,50
316750,-9.027269932373464,50
316800,-7.726930886649134,50
316850,-9.233235357368068,50
316900,-6.417654834654171,50
316950,-3.506139723913101,50
317000,-4.421339246820006,50
317050,-3.960493817960684,50
317100,-13.395295191784093,50
317150,-14.435397926204885,50
317200,-15.674187310063651,50
317250,-7.982494980001545,50
317300,-5.551609853109284,50
317350,-5.62592458596048,50
317400,-7.776217700577592,50
317450,-15.019606789919129,50
317500,-6.8218686207518795,50
317550,-9.713701776080864,50
317600,-10.623026915843516,50
317650,-4.224408573031859,50
317700,-11.587097983891727,50
317750,-5.950492209243361,50
317800,-8.927708235931055,50
317850,-4.789090659827843,50
317900,-6.044100902724432,50
317950,-10.550325837706659,50
318000,-12.606980103864476,50
318050,-7.133202561932575,50
318100,-12.405668400998216,50
318150,-13.911598883136541,50
318200,-9.265713522952245,50
318250,-6.703345983960856,50
318300,-8.121674492714014,50
318350,-8.6710215798575,50
318400,-5.92806017298353,50
318450,-12.8279348456932,50
318500,-5.835095986748769,50
318550,-3.864867746957651,50
318600,-4.082479811198103,50
318650,-10.563005854366034,50
318700,-13.338572128091224,50
318750,-5.439633811758604,50
318800,-8.50298316422083,50
318850,-4.273297400221052,50
318900,-8.13393475482691,50
318950,-9.192973352789318,50
319000,-14.293367318813996,50
319050,-4.3264272942195205,50
319100,-3.0245045197927563,50
319150,-7.530325952954381,50
319200,-12.981787969056931,50
319250,-11.949694018390945,50
319300,-10.084611030313553,50
319350,-11.234502724172776,50
319400,-10.403950389241007,50
319450,-3.444523346275954,50
319500,-6.587373998698773,50
319550,-9.227638285815763,50
319600,-7.059517087255643,50
319650,-9.278299569686922,50
319700,-9.10229035457344,50
319750,-9.330113536699495,50
319800,-11.441705441909614,50
319850,-12.595814995426732,50
319900,-9.516671672489549,50
319950,-4.649110382112278,50
320000,-9.361364370602626,50
320050,-5.461355768440058,50
320100,-10.416825343571483,50
320150,-5.658121375679678,50
320200,-4.437396093250296,50
320250,-6.350574983826198,50
320300,-10.88194403455486,50
320350,-11.893556383512308,50
320400,-12.126425791931505,50
320450,-10.051224368960163,50
320500,-9.71805205901469,50
320550,-7.685854394716435,50
320600,-8.676365649763328,50
320650,-11.564310177193056,50
320700,-6.657823979727745,50
320750,-7.540110785328609,50
320800,-7.9685575563991335,50
320850,-10.665513323068655,50
320900,-5.462259772215768,50
320950,-14.698086045178322,50
321000,-16.920729107464794,50
321050,-9.462744470803866,50
321100,-10.55026919054301,50
321150,-10.629703630561872,50
321200,-13.355105330100454,50
321250,-6.603548894300732,50
321300,-9.849621677066704,50
321350,-12.313385947645594,50
321400,-8.712554437916685,50
321450,-4.088773481136608,50
321500,-5.516708507270236,50
321550,-10.118752115246938,50
321600,-11.522851233143196,50
321650,-4.637281021411573,50
321700,-7.442534528769263,50
321750,-13.679318386022231,50
321800,-11.939869964710038,50
321850,-4.2983037226621565,50
321900,-9.452163167732364,50
321950,-6.054436127930217,50
322000,-9.724485894173258,50
322050,-9.082773020243781,50
322100,-9.611191996094048,50
322150,-11.851947355677547,50
322200,-10.805566280563575,50
322250,-3.7229881068026227,50
322300,-4.800457551401368,50
322350,-6.461971881190559,50
322400,-7.113643762346403,50
322450,-8.776794320358286,50
322500,-9.44438615067654,50
322550,-13.54710666000809,50
322600,-13.738395986021303,50
322650,-4.600670761684344,50
322700,-5.676482842187243,50
322750,-4.760626619541297,50
322800,-13.013186507322692,50
322850,-12.530864325207176,50
322900,-5.232441272271524,50
322950,-10.383183740779192,50
323000,-16.099642220196262,50
323050,-9.633465220726142,50
323100,-15.02395149501779,50
323150,-7.146546907056202,50
323200,-8.051579524225158,50
323250,-13.90521903175626,50
323300,-6.492065847559731,50
323350,-11.029474738502934,50
323400,-15.577590200895305,50
323450,-5.504045983264077,50
323500,-7.022726591999888,50
323550,-4.641663877030499,50
323600,-8.542542843248699,50
323650,-8.167979828799934,50
323700,-5.711172081945855,50
323750,-7.31036609822089,50
323800,-10.141757539985665,50
323850,-10.775892195099035,50
323900,-9.658209148229115,50
323950,-4.924388133694867,50
324000,-10.692366765507623,50
324050,-7.175316149199601,50
324100,-6.461681450950915,50
324150,-13.678843867412615,50
324200,-15.434644553723356,50
324250,-4.720871056535,50
324300,-11.396617350159875,50
324350,-11.533657545333982,50
324400,-7.498013582826183,50
324450,-12.642648322686512,50
324500,-6.1483344591721885,50
324550,-10.660049078154023,50
324600,-9.648986477830489,50
324650,-9.139647882847173,50
324700,-12.515259622940913,50
324750,-13.90364738167079,50
324800,-3.1811283800346097,50
324850,-11.818605872944682,50
324900,-6.579402206730996,50
324950,-6.225736734438411,50
325000,-8.747059255357543,50
325050,-7.3791768438991365,50
325100,-8.592189598665561,50
325150,-5.854751884169765,50
325200,-13.682177464101635,50
325250,-5.775242597619672,50
325300,-6.154926387878512,50
325350,-13.322311893050339,50
325400,-11.129533396438543,50
325450,-13.548869548224186,50
325500,-8.563500675285153,50
325550,-13.761712509483994,50
325600,-4.882113741500685,50
325650,-11.30040375519724,50
325700,-4.15636021099893,50
325750,-14.740630204508633,50
325800,-8.259424070747187,50
325850,-8.356857910746873,50
325900,-11.298215364694771,50
325950,-5.979305071760133,50
326000,-11.431807327045593,50
326050,-13.328592698627967,50
326100,-10.723796163669126,50
326150,-8.50560016410572,50
326200,-6.356717674979652,50
326250,-5.471464943595251,50
326300,-10.289019077585516,50
326350,-12.020099877168343,50
326400,-3.5329297361517806,50
326450,-4.200772079901233,50
326500,-4.292235953357636,50
326550,-13.755882243702686,50
326600,-11.951799346741096,50
326650,-10.883033125251972,50
326700,-9.17231459194635,50
326750,-5.038852592178881,50
326800,-7.724110510044419,50
326850,-13.880416479244726,50
326900,-13.76182927047937,50
326950,-9.830904850810205,50
327000,-6.055323306066151,50
327050,-13.326899931367448,50
327100,-5.477000279977888,50
327150,-8.278427483392925,50
327200,-5.275061302770791,50
327250,-3.2827927488012727,50
327300,-5.375312288174667,50
327350,-12.914788543139649,50
327400,-8.935608974267744,50
327450,-15.887678050338758,50
327500,-4.233571619839407,50
327550,-4.583776520507399,50
327600,-3.6413647909098183,50
327650,-5.344198529089058,50
327700,-3.3394283044922353,50
327750,-8.250332241382594,50
327800,-6.4587435409208,50
327850,-4.3378040534821,50
327900,-5.182136857112399,50
327950,-7.2003543496212,50
328000,-8.47003471154338,50
328050,-4.577833260647538,50
328100,-9.11979311292585,50
328150,-10.789491718449282,50
328200,-9.581485982905399,50
328250,-9.57771884354054,50
328300,-12.714606199605832,50
328350,-4.796677320978593,50
328400,-13.101285314995822,50
328450,-7.658150658060627,50
328500,-12.335288180419345,50
328550,-9.674126710872628,50
328600,-14.148566760228707,50
328650,-4.643946715772202,50
328700,-3.129168990649698,50
328750,-11.250571394777943,50
328800,-11.87428399372423,50
328850,-6.0461673162480825,50
328900,-13.153503808690116,50
328950,-4.221728121202744,50
329000,-6.119962830654646,50
329050,-12.80620123841768,50
329100,-8.248774579725403,50
329150,-12.22443330377459,50
329200,-5.597919982322801,50
329250,-4.0003455529162615,50
329300,-7.590149845024152,50
329350,-6.544329781017252,50
329400,-12.317867424315015,50
329450,-9.964914091877736,50
329500,-5.37775072357392,50
329550,-5.6054888374057485,50
329600,-10.690140394955403,50
329650,-4.014167284922392,50
329700,-4.279755833414709,50
329750,-9.126995248947603,50
329800,-5.76375521961637,50
329850,-8.772586549922885,50
329900,-5.279773161559457,50
329950,-4.60535695667182,50
330000,-9.595373487228562,50
330050,-9.492276772484415,50
330100,-11.597532204262416,50
330150,-8.166374504419698,50
330200,-4.985863510793071,50
330250,-4.505586594325086,50
330300,-6.081836339280876,50
330350,-9.229421051777708,50
330400,-5.361170973103523,50
330450,-7.066613888346168,50
330500,-7.644318508835465,50
330550,-4.442801777547708,50
330600,-9.706429663224263,50
330650,-5.64336950116281,50
330700,-5.2480415960562645,50
330750,-4.930538430501467,50
330800,-9.296050773367504,50
330850,-4.629431939144956,50
330900,-3.696892353346058,50
330950,-11.968025902624778,50
331000,-12.510551188445278,50
331050,-10.0386583592452,50
331100,-10.773807335940479,50
331150,-5.498302104096902,50
331200,-11.806974408284782,50
331250,-6.276446645115385,50
331300,-6.354188139659052,50
331350,-5.035475417919505,50
331400,-7.659711280888079,50
331450,-10.955924051477687,50
331500,-8.070913874307662,50
331550,-5.214955392378447,50
331600,-10.210676482444972,50
331650,-7.886527136273889,50
331700,-6.711037084063008,50
331750,-13.81844147564402,50
331800,-4.252647898760233,50
331850,-10.192904022474346,50
331900,-7.270435572672573,50
331950,-5.674631016025677,50
332000,-4.739080993516098,50
332050,-4.771587220292924,50
332100,-8.70634268611613,50
332150,-4.403385976474212,50
332200,-7.288986770049575,50
332250,-12.58874292783765,50
332300,-4.478004661999313,50
332350,-14.369586002624796,50
332400,-10.562113209707984,50
332450,-11.461402931798155,50
332500,-7.970014037731805,50
332550,-5.937098955499409,50
332600,-6.744558172200529,50
332650,-8.474053885595787,50
332700,-10.03739623904273,50
332750,-11.671918105538222,50
332800,-4.3246666164337775,50
332850,-11.95945977980899,50
332900,-8.577334983280076,50
332950,-7.11863688783497,50
333000,-12.737383954198874,50
333050,-2.8384404505060634,50
333100,-9.219201996593739,50
333150,-8.501355218986312,50
333200,-12.96093842188347,50
333250,-4.331829475399183,50
333300,-5.468231441474802,50
333350,-10.287163304393896,50
333400,-5.881625805544882,50
333450,-3.428363984092124,50
333500,-6.315440892586878,50
333550,-5.662547637785064,50
333600,-15.657824688338426,50
333650,-10.159441939031865,50
333700,-3.430040618388519,50
333750,-7.16634124375662,50
333800,-14.449221721015967,50
333850,-3.7104569833942396,50
333900,-13.610643251214446,50
333950,-12.84500466848843,50
334000,-13.67924300506765,50
334050,-7.134758194224436,50
334100,-10.346210889406759,50
334150,-8.338560806672529,50
334200,-3.4591262844054587,50
334250,-9.98262030136416,50
334300,-10.281096321463325,50
334350,-2.805024750745251,50
334400,-9.060013819793149,50
334450,-14.99315835531318,50
334500,-11.992299697648722,50
334550,-9.497731779562615,50
334600,-13.890512162151655,50
334650,-3.6441752696157375,50
334700,-11.354420395201078,50
334750,-8.977848559259794,50
334800,-4.123320312264867,50
334850,-14.192568714320654,50
334900,-3.330939375862616,50
334950,-13.937192922784204,50
335000,-3.7153559070821975,50
335050,-8.661943403606116,50
335100,-4.92701080298116,50
335150,-7.281862494728535,50
335200,-10.966367309329982,50
335250,-6.672317055876006,50
335300,-4.067172414116188,50
335350,-5.116645735745735,50
335400,-11.96392361403728,50
335450,-12.34750203226137,50
335500,-8.515312331890645,50
335550,-9.722897922407334,50
335600,-2.433608286636717,50
335650,-3.94353265786477,50
335700,-10.288168437595575,50
335750,-8.326991796721217,50
335800,-9.355648356942503,50
335850,-6.247932501491453,50
335900,-5.011284352306981,50
335950,-11.73743813564519,50
336000,-10.288456028780484,50
336050,-15.383321286495853,50
336100,-3.6296445075111174,50
336150,-9.897363789576277,50
336200,-11.838127621873104,50
336250,-10.208675913984813,50
336300,-4.89199121962143,50
336350,-4.487721680610203,50
336400,-8.724654870874001,50
336450,-7.537113457333471,50
336500,-2.5862988665889337,50
336550,-9.42893365762174,50
336600,-4.2301770985107705,50
336650,-5.208330388944568,50
336700,-9.136581089987496,50
336750,-9.904437449474251,50
336800,-11.6682757231446,50
336850,-8.923255048359232,50
336900,-10.264965770743201,50
336950,-10.861942183705246,50
337000,-7.969334843448162,50
337050,-7.999892110400615,50
337100,-7.318424271184281,50
337150,-9.7473790326006,50
337200,-5.644148732421249,50
337250,-9.96214276555153,50
337300,-9.386811077710425,50
337350,-10.396916238174661,50
337400,-9.53687853538609,50
337450,-8.238872022894915,50
337500,-9.863225293234336,50
337550,-7.354171011353049,50
337600,-3.72330569244579,50
337650,-5.039421255221318,50
337700,-11.06657014481058,50
337750,-8.641038156908117,50
337800,-9.940202790815219,50
337850,-9.441508225724254,50
337900,-5.561445578503015,50
337950,-11.098564671074143,50
338000,-6.545086030794869,50
338050,-5.540925967358541,50
338100,-5.4852455990972855,50
338150,-5.909869220922536,50
338200,-12.796492558351057,50
338250,-11.951329116802972,50
338300,-4.7997276039643095,50
338350,-8.280597721183192,50
338400,-10.247778531634344,50
338450,-6.432067339272124,50
338500,-12.173807886226026,50
338550,-4.532567615875948,50
338600,-7.109076096634759,50
338650,-5.307157811465884,50
338700,-7.091574194897288,50
338750,-4.884559446521958,50
338800,-9.302942135644676,50
338850,-5.651560466745795,50
338900,-10.435421836119964,50
338950,-4.767826354851653,50
339000,-10.330409681399422,50
339050,-7.41661666204732,50
339100,-12.23482275854024,50
339150,-5.184387210630036,50
339200,-5.732451215932574,50
339250,-6.971340244315824,50
339300,-13.072384385627347,50
339350,-7.917519715638554,50
339400,-4.007601862164646,50
339450,-8.053477412595155,50
339500,-7.037953984701663,50
339550,-8.3068301715425,50
339600,-3.9766447348415577,50
339650,-9.82533539441167,50
339700,-10.657151773148422,50
339750,-9.244909658766142,50
339800,-11.896296143002223,50
339850,-10.127319752064642,50
339900,-2.0795180530935964,50
339950,-10.147740657467617,50
340000,-10.850557593360852,50
340050,-10.18135531224558,50
340100,-3.8669765178160636,50
340150,-9.721172371293319,50
340200,-10.266030764584139,50
340250,-5.107522969460607,50
340300,-8.308093860131207,50
340350,-3.6710552473996714,50
340400,-11.481410070380559,50
340450,-11.719256325515271,50
340500,-7.304919908558988,50
340550,-10.057222047027551,50
340600,-11.222859409889011,50
340650,-12.677951434582658,50
340700,-10.921603215626178,50
340750,-4.152607454392502,50
340800,-6.765867388760579,50
340850,-13.38803748721377,50
340900,-4.486998837636226,50
340950,-6.261590462030244,50
341000,-9.420730897265024,50
341050,-5.465800226510325,50
341100,-5.676625128838554,50
341150,-4.773793108839982,50
341200,-12.024048887382229,50
341250,-8.557089832026193,50
341300,-13.5367971731084,50
341350,-9.166046820739195,50
341400,-13.807377523104098,50
341450,-4.409677062912357,50
341500,-3.3915200286674763,50
341550,-3.5154269424626285,50
341600,-5.709067730400408,50
341650,-12.785440731849599,50
341700,-12.404087116756111,50
341750,-6.10535671942115,50
341800,-5.019626246370347,50
341850,-4.9716387295350675,50
341900,-7.164862227355811,50
341950,-8.398560106653493,50
342000,-8.191839147392969,50
342050,-4.493163302032099,50
342100,-9.08087121174673,50
342150,-2.9575547190607967,50
342200,-3.3439133889891033,50
342250,-9.649582097919946,50
342300,-3.9609832856882985,50
342350,-15.271850696877324,50
342400,-5.600807873856556,50
342450,-5.293218371171065,50
342500,-8.868485980472718,50
342550,-9.97678870194668,50
342600,-12.977780475074967,50
342650,-10.275131958030128,50
342700,-9.658195329136548,50
342750,-3.0188934673011243,50
342800,-6.093736708980469,50
342850,-8.223004915247188,50
342900,-5.2418547300539995,50
342950,-10.000842826876719,50
343000,-7.371314228278685,50
343050,-3.441662464998406,50
343100,-4.3958513948819355,50
343150,-8.14806306750754,50
343200,-9.34049827416014,50
343250,-7.852067466686737,50
343300,-8.957519238993784,50
343350,-12.857044929008577,50
343400,-6.528258394011102,50
343450,-10.050131622571381,50
343500,-5.533274344843947,50
343550,-9.11199001967208,50
343600,-10.996926916653923,50
343650,-3.8436372654152278,50
343700,-4.431697959827103,50
343750,-11.891244497469604,50
343800,-6.889806351004706,50
343850,-5.53910414385799,50
343900,-4.495049226679353,50
343950,-8.600696721761997,50
344000,-14.501366058850973,50
344050,-8.314538677970926,50
344100,-3.4148229418336657,50
344150,-11.90006245999516,50
344200,-6.598935293792123,50
344250,-7.449106559011516,50
344300,-3.753629892558699,50
344350,-14.605005920244526,50
344400,-10.418305822055126,50
344450,-4.771144506442728,50
344500,-11.628300690793418,50
344550,-6.791048826906297,50
344600,-6.565581791823078,50
344650,-11.329057871257753,50
344700,-5.454383739686392,50
344750,-3.2498324511545658,50
344800,-4.767021205477054,50
344850,-10.53910232614406,50
344900,-2.871341187713942,50
344950,-8.704828367300337,50
345000,-8.128815796147343,50
345050,-8.109357186838036,50
345100,-8.616702185156692,50
345150,-10.448759693782147,50
345200,-10.159779799716432,50
345250,-8.430663508678569,50
345300,-14.738679851308932,50
345350,-8.971491484112386,50
345400,-5.098101793983429,50
345450,-9.526103644297544,50
345500,-9.037438673852813,50
345550,-6.904148840535053,50
345600,-9.901462585963026,50
345650,-2.7840191740501568,50
345700,-13.0702711259716,50
345750,-9.944783280609256,50
345800,-7.275466386775741,50
345850,-7.839719862964521,50
345900,-7.600658045143288,50
345950,-9.209199495619895,50
346000,-10.059382576838818,50
346050,-7.1760565868717165,50
346100,-7.229154536582698,50
346150,-3.312074920554538,50
346200,-7.522064531001048,50
346250,-5.807757775523953,50
346300,-8.867185498520124,50
346350,-5.6387843687302235,50
346400,-12.912178759064982,50
346450,-11.080602858134856,50
346500,-3.2267631332049493,50
346550,-5.047737956633552,50
346600,-8.925275695014122,50
346650,-6.406562609236908,50
346700,-5.160002304387497,50
346750,-7.628671376960602,50
346800,-9.288885346072618,50
346850,-8.746575298893706,50
346900,-13.696365276291436,50
346950,-4.727467028693099,50
347000,-4.222741386680846,50
347050,-5.659117502526036,50
347100,-10.590530232925563,50
347150,-9.029012493767834,50
347200,-13.851471758482532,50
347250,-7.932935053451566,50
347300,-11.294321307570206,50
347350,-8.356107399481875,50
347400,-8.286428633110459,50
347450,-6.244500117050906,50
347500,-10.346820184992877,50
347550,-3.7844456682749037,50
347600,-10.228454322142037,50
347650,-3.482413746654476,50
347700,-15.02256954803856,50
347750,-3.4335069350863328,50
347800,-7.555472318995153,50
347850,-3.448666115438652,50
347900,-10.087606013632916,50
347950,-3.8195727551403413,50
348000,-7.250573676294538,50
348050,-9.434168906265317,50
348100,-13.843700113140958,50
348150,-9.158594942917828,50
348200,-7.152152453243601,50
348250,-6.727038797737487,50
348300,-9.308920823804367,50
348350,-10.166012286105346,50
348400,-13.02310624706927,50
348450,-9.193646128216868,50
348500,-4.35618630088944,50
348550,-9.443809654034439,50
348600,-3.304916294319391,50
348650,-9.019959155631017,50
348700,-3.325385582688341,50
348750,-7.261483618786906,50
348800,-7.635893938886045,50
348850,-5.088976779245434,50
348900,-5.6536415819241785,50
348950,-6.6338253579726505,50
349000,-2.509864579499627,50
349050,-10.78712741319278,50
349100,-5.8747999147718755,50
349150,-6.1475521771916775,50
349200,-3.3515880351424365,50
349250,-7.12176221241124,50
349300,-9.706524104011443,50
349350,-8.219772583933388,50
349400,-3.3996407620586084,50
349450,-10.326883149283574,50
349500,-8.750670046137524,50
349550,-6.544103228027482,50
349600,-9.006179590816187,50
349650,-7.176656728665815,50
349700,-10.637921509664336,50
349750,-7.378363812227548,50
349800,-8.488191260641944,50
349850,-10.779742056110743,50
349900,-11.227678772032979,50
349950,-8.828957759087318,50
350000,-6.427268621859712,50
350050,-7.794219526188968,50
350100,-14.170157263866306,50
350150,-4.193630580469691,50
350200,-13.432992818141285,50
350250,-8.035782028156207,50
350300,-9.040008159207307,50
350350,-7.990364782158108,50
350400,-7.084879279099617,50
350450,-9.046639967225667,50
350500,-5.708659606527831,50
350550,-10.405103370551066,50
350600,-3.183120111320574,50
350650,-3.4132666514102783,50
350700,-8.523621396336303,50
350750,-12.707983367269648,50
350800,-10.603094045045621,50
350850,-6.486075618055237,50
350900,-10.383015578379057,50
350950,-5.4065561664992865,50
351000,-5.596507690896737,50
351050,-9.185095667679718,50
351100,-8.566836260511646,50
351150,-10.380810648522191,50
351200,-11.050398800222498,50
351250,-12.784865197475689,50
351300,-7.290933132056742,50
351350,-5.388937812626247,50
351400,-7.6825761706880735,50
351450,-11.592931378659308,50
351500,-4.937771309762309,50
351550,-6.887414629826226,50
351600,-6.412954513762575,50
351650,-4.226421931644017,50
351700,-5.077316277506384,50
351750,-8.783107337211314,50
351800,-8.37671051077114,50
351850,-6.3517639759337765,50
351900,-5.952838683322709,50
351950,-7.798351163284833,50
352000,-3.8837354812554152,50
352050,-4.423549874033047,50
352100,-4.852361934443863,50
352150,-12.567935690078118,50
352200,-7.902048233105477,50
352250,-6.267833938234402,50
352300,-4.672855161442703,50
352350,-9.003847981952752,50
352400,-8.346659062738905,50
352450,-5.087100740781413,50
352500,-9.928643198292024,50
352550,-7.419362116503816,50
352600,-10.350710920051561,50
352650,-13.624102782845359,50
352700,-10.878439873549063,50
352750,-12.904741167227236,50
352800,-4.144488858127929,50
352850,-12.479468485433781,50
352900,-8.102208094314735,50
352950,-6.2688205676199065,50
353000,-4.686648836140545,50
353050,-8.487401950301473,50
353100,-9.000382376484247,50
353150,-7.703364688043254,50
353200,-4.802847831993373,50
353250,-5.525866724990046,50
353300,-10.891791286121533,50
353350,-4.014151396886078,50
353400,-6.625992034344645,50
353450,-14.162197238738862,50
353500,-10.524470250400284,50
353550,-9.945696387313852,50
353600,-5.794692527362508,50
353650,-11.576488176600149,50
353700,-4.477225951538844,50
353750,-9.61307480074222,50
353800,-5.3159913229366005,50
353850,-7.714195863872612,50
353900,-14.297721624061808,50
353950,-5.969430836766645,50
354000,-9.046794867012796,50
354050,-12.914260089868307,50
354100,-5.276210114350752,50
354150,-3.0875972264685,50
354200,-3.494187331358526,50
354250,-13.603879799084503,50
354300,-11.470423548184122,50
354350,-7.996501237510391,50
354400,-9.03741769130016,50
354450,-6.273872337662567,50
354500,-9.610209098260936,50
354550,-9.239112842137809,50
354600,-7.031302679033604,50
354650,-3.4322318233926654,50
354700,-3.4041064795073233,50
354750,-11.294728483633612,50
354800,-8.161645209558534,50
354850,-12.135859486351354,50
354900,-13.450931447736382,50
354950,-9.640531618461987,50
355000,-6.998316212511044,50
355050,-14.693770208341785,50
355100,-9.026761855448692,50
355150,-7.59897546614963,50
355200,-5.683248946760579,50
355250,-7.021897154216308,50
355300,-8.11994798541538,50
355350,-9.54984349382115,50
355400,-7.9436169612980025,50
355450,-14.302908293106379,50
355500,-7.363254406836961,50
355550,-3.8701584945240906,50
355600,-7.982361814248401,50
355650,-4.775203557678298,50
355700,-4.877617010206254,50
355750,-14.531430588340102,50
355800,-5.645847726141822,50
355850,-8.60162484072402,50
355900,-6.033644477859146,50
355950,-4.296277940331248,50
356000,-8.765233646488145,50
356050,-9.050863291006342,50
356100,-9.4438315679214,50
356150,-3.733889854381989,50
356200,-7.6752159141526395,50
356250,-7.658175850401124,50
356300,-3.3865475561460023,50
356350,-7.398324707459069,50
356400,-12.728228543292483,50
356450,-5.432166213387616,50
356500,-10.19453757499559,50
356550,-8.727311599497027,50
356600,-4.035505755890373,50
356650,-9.61915146768597,50
356700,-3.0196369292484966,50
356750,-11.326040869579266,50
356800,-7.434277999607219,50
356850,-5.319792472423607,50
356900,-4.529230061540104,50
356950,-8.026292278826345,50
357000,-6.414056530345427,50
357050,-9.59787855952794,50
357100,-5.631626298934671,50
357150,-7.355362217667265,50
357200,-11.090634953728957,50
357250,-4.097809618477778,50
357300,-6.631718619926192,50
357350,-3.912615625666845,50
357400,-6.567522892991583,50
357450,-4.995328196158502,50
357500,-5.041986329378586,50
357550,-4.585703913179958,50
357600,-9.145797601960268,50
357650,-6.324857680696149,50
357700,-8.6451319735462,50
357750,-6.268649342026309,50
357800,-4.685959787190967,50
357850,-4.781125251305583,50
357900,-6.545199661212062,50
357950,-8.549186642005878,50
358000,-9.438901352331877,50
358050,-2.635863774909326,50
358100,-3.422599455135932,50
358150,-5.205127993571445,50
358200,-13.602804491944568,50
358250,-7.9944613253614705,50
358300,-7.015177340995719,50
358350,-10.724264141327636,50
358400,-12.248754244081331,50
358450,-3.7080533626577816,50
358500,-12.796430874323827,50
358550,-6.399814406005146,50
358600,-8.937334954064392,50
358650,-11.133767043890483,50
358700,-9.99319808704931,50
358750,-5.091787891103358,50
358800,-2.546912580545603,50
358850,-9.776086032314826,50
358900,-8.482099078179832,50
358950,-4.981612709500805,50
359000,-4.925176958000578,50
359050,-8.279572592690352,50
359100,-4.695060917140609,50
359150,-7.399226240343543,50
359200,-6.4311750609321425,50
359250,-5.918010454149751,50
359300,-8.517970088521109,50
359350,-8.681446856300306,50
359400,-5.4814649301747895,50
359450,-5.426936602872925,50
359500,-4.587782760253351,50
359550,-2.5633481135190146,50
359600,-11.79111203865861,50
359650,-10.016019379524744,50
359700,-3.9158818369394193,50
359750,-7.287008960744249,50
359800,-7.262233367658034,50
359850,-13.894741740129486,50
359900,-11.60773971244515,50
359950,-8.093765168421847,50
360000,-8.442834016901422,50
360050,-11.171362923547527,50
360100,-7.459693706792462,50
360150,-11.127305091510433,50
360200,-3.4802314809363226,50
360250,-10.740839756877977,50
360300,-8.509052024492675,50
360350,-8.147177801200645,50
360400,-9.03264149890719,50
360450,-10.163599775464158,50
360500,-5.517461541586554,50
360550,-8.893954351843421,50
360600,-6.8623875970912085,50
360650,-8.97354522413295,50
360700,-10.35252940068602,50
360750,-5.935837189252781,50
360800,-4.646947961331394,50
360850,-11.756134261901613,50
360900,-6.524464295949253,50
360950,-5.914054397616309,50
361000,-13.615440432609269,50
361050,-7.567945131699178,50
361100,-5.419777783290882,50
361150,-9.388770799966688,50
361200,-4.317581152916724,50
361250,-9.562021546998473,50
361300,-10.346923165069162,50
361350,-7.807467950109851,50
361400,-10.063173400356304,50
361450,-2.748587168599371,50
361500,-7.870875340432343,50
361550,-10.05058664503847,50
361600,-7.202116710070117,50
361650,-6.732492686780572,50
361700,-10.323901952531296,50
361750,-8.593392910056387,50
361800,-8.482346983356381,50
361850,-6.37691507668351,50
361900,-9.269976534547824,50
361950,-2.277554786623734,50
362000,-7.038962451894569,50
362050,-9.059635796819407,50
362100,-7.895770379852499,50
362150,-7.891109197868563,50
362200,-4.703056431336718,50
362250,-6.876907625596357,50
362300,-7.109683411329067,50
362350,-7.67592264087072,50
362400,-8.148837212802686,50
362450,-9.551213386833288,50
362500,-7.239345895387236,50
362550,-2.158980546791317,50
362600,-13.274415289148369,50
362650,-7.914079272623208,50
362700,-7.265316243419174,50
362750,-10.864512308073008,50
362800,-6.069561059690887,50
362850,-4.757110285997668,50
362900,-7.199898028970353,50
362950,-4.057829475813998,50
363000,-7.270665080926583,50
363050,-5.368453823781274,50
363100,-6.343482130116714,50
363150,-12.420725753047268,50
363200,-11.574459166243425,50
363250,-5.49502249965637,50
363300,-4.5274256572475435,50
363350,-7.178839222089852,50
363400,-5.993910976801011,50
363450,-10.025007292036328,50
363500,-10.487983524203539,50
363550,-2.6915780971611323,50
363600,-3.3271806048588486,50
363650,-5.408218284690771,50
363700,-7.823150352214182,50
363750,-8.793237104930268,50
363800,-6.638870164978522,50
363850,-8.862230210080961,50
363900,-6.128389366733416,50
363950,-9.716367707856906,50
364000,-8.623338993130679,50
364050,-10.302037264673027,50
364100,-4.92108343344228,50
364150,-10.330487152692,50
364200,-5.147853059029445,50
364250,-8.806475275240018,50
364300,-11.078139839827296,50
364350,-4.670831142667622,50
364400,-7.766680236164316,50
364450,-7.7616560820139275,50
364500,-7.683345583333902,50
364550,-11.470087262689407,50
364600,-5.532956984592561,50
364650,-7.748192934544073,50
364700,-3.418665202064616,50
364750,-3.9102651456958246,50
364800,-4.823568591647371,50
364850,-5.429935532175423,50
364900,-5.60736841537976,50
364950,-4.041518806625742,50
365000,-3.997651501602787,50
365050,-5.272018692878826,50
365100,-8.078295314972108,50
365150,-5.990667356418201,50
365200,-2.7454665304779686,50
365250,-6.285817364335771,50
365300,-1.8722044629396717,50
365350,-4.917554989008353,50
365400,-5.890258658130965,50
365450,-5.224723643756956,50
365500,-5.858053190974483,50
365550,-3.2804431988098828,50
365600,-10.175741722921176,50
365650,-13.134116285833722,50
365700,-10.653435476496822,50
365750,-8.759955646512008,50
365800,-8.714267900340307,50
365850,-9.12104295512299,50
365900,-5.142546433073455,50
365950,-9.41044370196635,50
366000,-12.220227854760907,50
366050,-4.358924095794348,50
366100,-7.695591468832299,50
366150,-9.820611667511564,50
366200,-10.404148747436729,50
366250,-7.068283940127262,50
366300,-6.153782775969659,50
366350,-4.454597686579471,50
366400,-5.572597465926005,50
366450,-8.368256809592141,50
366500,-3.1180279106074886,50
366550,-7.905619377621208,50
366600,-8.238923247932618,50
366650,-5.826480694170899,50
366700,-8.237459526982418,50
366750,-9.217137791540415,50
366800,-4.488022117813938,50
366850,-4.5212988183631095,50
366900,-10.894087881570119,50
366950,-4.9101706151162245,50
367000,-11.473131308162463,50
367050,-4.707788774957508,50
367100,-6.197777222957669,50
367150,-5.2936193307528905,50
367200,-7.907988047208859,50
367250,-9.515386502298378,50
367300,-8.1414034232228,50
367350,-8.99580738514286,50
367400,-8.26795261033329,50
367450,-5.609829880287759,50
367500,-4.605673113724556,50
367550,-4.825640157577228,50
367600,-7.871400153698184,50
367650,-9.632046864710052,50
367700,-9.592042648419323,50
367750,-5.759347519459496,50
367800,-9.336996827112293,50
367850,-7.7145759820002135,50
367900,-4.407730706181375,50
367950,-11.898499918043623,50
368000,-3.1502536279879645,50
368050,-4.202212141123654,50
368100,-9.271510988580953,50
368150,-7.7139715803124185,50
368200,-10.567827391466912,50
368250,-11.577593205817356,50
368300,-7.635317446986647,50
368350,-4.470689172401699,50
368400,-8.962487918782216,50
368450,-2.632638529178765,50
368500,-5.554109102262541,50
368550,-10.914642740554957,50
368600,-4.919768920308908,50
368650,-10.082831048638408,50
368700,-8.60844096822834,50
368750,-6.452614314371405,50
368800,-6.122959787419473,50
368850,-8.963755028599774,50
368900,-7.7633731352268995,50
368950,-5.106273504137334,50
369000,-10.431151039537784,50
369050,-6.615233045372212,50
369100,-8.322090378957807,50
369150,-5.314541864559815,50
369200,-8.260364380782697,50
369250,-6.743724629120223,50
369300,-9.374720793319382,50
369350,-8.423368002064217,50
369400,-7.94930876180251,50
369450,-8.778590722157876,50
369500,-6.638317670320825,50
369550,-12.536235396944218,50
369600,-8.258668219427207,50
369650,-8.829400244491941,50
369700,-9.024889700970604,50
369750,-7.513129973633068,50
369800,-9.184804381001394,50
369850,-8.469214258997289,50
369900,-4.180404751027636,50
369950,-8.96537943105697,50
370000,-5.783876754657871,50
370050,-8.627558827782243,50
370100,-5.996202284257917,50
370150,-6.822872552047887,50
370200,-12.172866628605545,50
370250,-9.316178671352677,50
370300,-8.851910599197062,50
370350,-9.837913854302998,50
370400,-4.392112187073855,50
370450,-6.88647391098419,50
370500,-8.11712479090641,50
370550,-4.279927246922194,50
370600,-11.434204057525475,50
370650,-3.2019761880310926,50
370700,-9.091289275049677,50
370750,-7.300833875144233,50
370800,-3.261165213471821,50
370850,-7.966555161582566,50
370900,-7.087973994553899,50
370950,-10.306750783820828,50
371000,-6.636886478843861,50
371050,-4.563607062210931,50
371100,-8.85267345053045,50
371150,-6.236640038712274,50
371200,-10.6539231129933,50
371250,-7.7055282719436535,50
371300,-3.8251870159425776,50
371350,-4.657087689344118,50
371400,-6.729312345979073,50
371450,-6.681009565943171,50
371500,-4.107937702710335,50
371550,-4.428586107300905,50
371600,-6.649449743960278,50
371650,-7.363392945401441,50
371700,-9.57027473920739,50
371750,-6.9303290857678554,50
371800,-9.718673524844398,50
371850,-6.35985863772655,50
371900,-8.496375402805759,50
371950,-6.053494710662864,50
372000,-5.975245544532957,50
372050,-7.0053222948445875,50
372100,-7.8097058136884145,50
372150,-4.905965985048681,50
372200,-5.356177457464645,50
372250,-13.905855485727873,50
372300,-2.511949405601706,50
372350,-7.80559265151043,50
372400,-5.1551075109758235,50
372450,-6.300838465648464,50
372500,-10.65920371645012,50
372550,-7.617550984560497,50
372600,-10.711188862707962,50
372650,-4.957344845419592,50
372700,-2.6605000151408342,50
372750,-6.897712557052307,50
372800,-8.575831173879019,50
372850,-8.15311411670377,50
372900,-8.66531398728742,50
372950,-8.121377904716962,50
373000,-2.5112314613830367,50
373050,-2.8942849705744127,50
373100,-10.712855609530383,50
373150,-12.608326427439556,50
373200,-6.562559529822782,50
373250,-8.503236713723165,50
373300,-6.44175436221215,50
373350,-7.1482430004774935,50
373400,-9.836821722982469,50
373450,-4.029610278087438,50
373500,-9.57300771319544,50
373550,-5.771358646742934,50
373600,-6.106936423975865,50
373650,-13.216502436205298,50
373700,-5.5752967375256,50
373750,-5.0590122813609035,50
373800,-10.046784624231089,50
373850,-5.429964556397989,50
373900,-10.350651860767684,50
373950,-7.298684556857831,50
374000,-10.782320957196095,50
374050,-7.443761382965971,50
374100,-6.548290029700095,50
374150,-5.826387383332842,50
374200,-6.670997797065999,50
374250,-5.676832855583056,50
374300,-5.5125534223286,50
374350,-5.732878744330815,50
374400,-11.250264265145432,50
374450,-5.245959671125803,50
374500,-7.756715612614591,50
374550,-9.22309573672826,50
374600,-3.298907479514775,50
374650,-4.849754123559374,50
374700,-3.9945875758270684,50
374750,-4.183602318492601,50
374800,-7.309371556019472,50
374850,-11.59759109864043,50
374900,-3.4044912276752415,50
374950,-10.011524839035575,50
375000,-6.345783428296082,50
375050,-2.6671366477249387,50
375100,-4.252109933240544,50
375150,-6.80982578331686,50
375200,-7.555937651367753,50
375250,-8.109258678493191,50
375300,-14.563257244254322,50
375350,-5.318816051051945,50
375400,-4.727869624485567,50
375450,-3.1227495133180163,50
375500,-4.129376254566598,50
375550,-3.9700075421572243,50
375600,-2.9024739536869095,50
375650,-8.418497385249252,50
375700,-6.200829658499634,50
375750,-10.358534068984127,50
375800,-9.729595725027039,50
375850,-3.196262924632103,50
375900,-5.918421435572108,50
375950,-8.351640932088673,50
376000,-5.328139106335797,50
376050,-6.545793596063055,50
376100,-4.174317798374595,50
376150,-3.744868753683707,50
376200,-11.855493794214011,50
376250,-11.031622923889662,50
376300,-11.77797660532152,50
376350,-8.384908170638228,50
376400,-5.803390549677644,50
376450,-8.337737501311526,50
376500,-3.8207536312296075,50
376550,-2.6508417204837036,50
376600,-8.155903621325447,50
376650,-11.28377990134673,50
376700,-7.581061429438407,50
376750,-6.00198135169603,50
376800,-10.859130722767024,50
376850,-7.9012641761621785,50
376900,-5.230203885835676,50
376950,-8.556951932337572,50
377000,-5.239137220820375,50
377050,-8.75585912815971,50
377100,-10.113274743239415,50
377150,-9.973691567339934,50
377200,-5.489485403451593,50
377250,-7.544287646887679,50
377300,-9.035832307564078,50
377350,-5.7753127475808315,50
377400,-2.4181615003820385,50
377450,-8.245227748878243,50
377500,-7.970291334345508,50
377550,-9.828368205185008,50
377600,-12.764550814132557,50
377650,-5.526609108263774,50
377700,-11.312209757798717,50
377750,-5.2271446858805435,50
377800,-8.544404005883571,50
377850,-6.461102752268326,50
377900,-6.512850760897621,50
377950,-10.484829154831052,50
378000,-5.843487225592013,50
378050,-4.020202174081919,50
378100,-10.23537482286207,50
378150,-9.870165921656048,50
378200,-5.290018573491,50
378250,-6.902017569636009,50
378300,-7.167594314978673,50
378350,-6.1801305975660465,50
378400,-8.910229189700154,50
378450,-8.965910721770614,50
378500,-7.111551278446631,50
378550,-8.967304734205172,50
378600,-6.375958336939988,50
378650,-7.949700210471007,50
378700,-8.655661464270146,50
378750,-6.208049564909943,50
378800,-4.653396244331569,50
378850,-7.653896983633651,50
378900,-10.6843483587378,50
378950,-10.053571322047,50
379000,-6.000802708976929,50
379050,-3.5695796504997164,50
379100,-4.021965225982109,50
379150,-4.755162849002339,50
379200,-5.645353376966658,50
379250,-6.940379686388802,50
379300,-11.268462940888499,50
379350,-4.318220636538528,50
379400,-8.166157000052891,50
379450,-10.082346370091225,50
379500,-8.855228182269181,50
379550,-5.769366407098715,50
379600,-8.226358759456627,50
379650,-5.5514929869722165,50
379700,-6.494475034831356,50
379750,-4.092332949648128,50
379800,-6.705246392744762,50
379850,-7.5361784609149405,50
379900,-5.686676094440661,50
379950,-3.530576103035396,50
380000,-3.933442655275217,50
380050,-4.671253687680512,50
380100,-9.387038317159861,50
380150,-13.976710809987317,50
380200,-7.793110862682097,50
380250,-8.387743569514122,50
380300,-2.762896032313232,50
380350,-6.07267913191939,50
380400,-7.846592659937601,50
380450,-9.306260434695664,50
380500,-3.457730617117921,50
380550,-3.7216779656863466,50
380600,-7.702593440197214,50
380650,-6.3005162638277765,50
380700,-5.155330799851164,50
380750,-4.395804170523257,50
380800,-9.709299285108862,50
380850,-5.497345140489351,50
380900,-3.804205097557255,50
380950,-3.937624532233876,50
381000,-4.067247005668554,50
381050,-3.4247596702746845,50
381100,-11.588580978144027,50
381150,-4.132140675077778,50
381200,-6.960030541207696,50
381250,-6.944600297006884,50
381300,-4.500449963012684,50
381350,-4.2977859675126995,50
381400,-11.098235411911185,50
381450,-4.328853258563078,50
381500,-8.297243998371954,50
381550,-4.86083571046201,50
381600,-10.831987662140198,50
381650,-6.913740103635072,50
381700,-10.913646637866027,50
381750,-8.251534082363968,50
381800,-3.0321835378242894,50
381850,-5.582855982112386,50
381900,-12.515399405119052,50
381950,-4.861728011879379,50
382000,-7.4405462251729695,50
382050,-5.661530844683948,50
382100,-3.4480200319990932,50
382150,-10.827848095852868,50
382200,-10.140313959638267,50
382250,-8.654296528865455,50
382300,-7.063674117191301,50
382350,-8.483310358661488,50
382400,-9.977134841129855,50
382450,-8.651641535154178,50
382500,-6.05657308591676,50
382550,-13.178183667887811,50
382600,-4.7011167021635485,50
382650,-8.938941110516199,50
382700,-4.223340052970122,50
382750,-9.015251567619917,50
382800,-8.583743860627736,50
382850,-3.7094942750881073,50
382900,-6.1486200374002005,50
382950,-6.307057236670292,50
383000,-4.597042439436891,50
383050,-4.21727813236407,50
383100,-7.494999648299925,50
383150,-5.754611419964713,50
383200,-8.40982443068294,50
383250,-4.540501934030335,50
383300,-4.546800493167484,50
383350,-2.501470978245792,50
383400,-4.3320038411149415,50
383450,-3.8290197494628617,50
383500,-8.971413115293137,50
383550,-9.812350699521648,50
383600,-7.696970499889439,50
383650,-5.210280142720339,50
383700,-4.34685244188042,50
383750,-6.4811442406461905,50
383800,-2.136146173250019,50
383850,-8.333360086222317,50
383900,-8.996890736840188,50
383950,-6.633035202197458,50
384000,-7.513558478663963,50
384050,-5.337111639178783,50
384100,-8.050754206287628,50
384150,-8.236963895947005,50
384200,-3.795657179261445,50
384250,-2.830954278295978,50
384300,-4.650904719573721,50
384350,-3.9032385554647546,50
384400,-2.433648155532853,50
384450,-7.7379361262282025,50
384500,-8.53655068758257,50
384550,-7.813927215768724,50
384600,-5.48388470154508,50
384650,-9.551465395592661,50
384700,-4.595207563159821,50
384750,-2.4389513898197848,50
384800,-8.927679267121547,50
384850,-8.130564518209965,50
384900,-4.139661360251361,50
384950,-13.305195043166677,50
385000,-6.497867100485351,50
385050,-9.38361808154628,50
385100,-9.716432396905354,50
385150,-5.377122770884356,50
385200,-6.014029570911862,50
385250,-8.940688473884526,50
385300,-10.477426757506205,50
385350,-6.335707387051525,50
385400,-5.649819047276968,50
385450,-12.570194621885559,50
385500,-4.7441583091931,50
385550,-11.731554929994855,50
385600,-7.564086551137415,50
385650,-4.0469660172662305,50
385700,-6.033990013868383,50
385750,-6.735414179194797,50
385800,-9.252618500977965,50
385850,-4.596039440104792,50
385900,-6.728986592831449,50
385950,-7.81286297659118,50
386000,-7.941180241181091,50
386050,-4.831832441923325,50
386100,-8.248522922722954,50
386150,-8.569494560449362,50
386200,-7.2580413077909505,50
386250,-11.005856110816588,50
386300,-6.027606473454124,50
386350,-8.976055911690079,50
386400,-5.350655907581871,50
386450,-5.554602747369339,50
386500,-5.755948257584832,50
386550,-6.724292876610931,50
386600,-5.331663227242046,50
386650,-4.321256697178631,50
386700,-9.322112295537966,50
386750,-9.569082228203072,50
386800,-4.204437462010468,50
386850,-8.159657916420976,50
386900,-11.681794667533426,50
386950,-6.270317242689231,50
387000,-4.496766347916685,50
387050,-11.15466434913416,50
387100,-5.681921634502705,50
387150,-2.343791295316493,50
387200,-11.34475070580924,50
387250,-8.973799854054848,50
387300,-6.84557850279377,50
387350,-7.883477552367933,50
387400,-4.916365528403893,50
387450,-4.892344334675588,50
387500,-6.320833284384417,50
387550,-6.063115407916013,50
387600,-11.437145478412331,50
387650,-11.91880989690917,50
387700,-3.97806019882492,50
387750,-7.431078445706833,50
387800,-3.752546851543843,50
387850,-5.5665132669409525,50
387900,-2.8620013298060623,50
387950,-9.43100737907709,50
388000,-6.668734751191731,50
388050,-10.24127934940417,50
388100,-6.9868514813615,50
388150,-13.421560560167686,50
388200,-5.051284936936677,50
388250,-4.900139609259659,50
388300,-8.295236958692303,50
388350,-9.59139409999937,50
388400,-9.528862782429607,50
388450,-8.00212161155702,50
388500,-6.561266578987835,50
388550,-4.830526387883815,50
388600,-6.592110424885658,50
388650,-7.808171386047212,50
388700,-6.189513391496487,50
388750,-3.4045495447290506,50
388800,-4.676813357012332,50
388850,-4.802399028913967,50
388900,-8.702010795840458,50
388950,-7.935103623747136,50
389000,-5.515048580953087,50
389050,-6.542969154920757,50
389100,-4.716746002519382,50
389150,-8.573450188274666,50
389200,-4.2813540189471135,50
389250,-2.57151755973241,50
389300,-4.121064087617376,50
389350,-3.475448607945516,50
389400,-7.351243376923763,50
389450,-4.773434533548893,50
389500,-3.965791698903913,50
389550,-7.73869638062835,50
389600,-6.615114939883483,50
389650,-5.371240457642179,50
389700,-3.728118274219218,50
389750,-4.932687155486801,50
389800,-2.7650281769063727,50
389850,-6.571612309355356,50
389900,-9.3535720872165,50
389950,-4.6066489146554135,50
390000,-8.350905755790754,50
390050,-4.895933075331543,50
390100,-5.48819187350667,50
390150,-7.87729788222768,50
390200,-8.845846140279932,50
390250,-13.061316289770545,50
390300,-8.91709982943966,50
390350,-8.658353351495965,50
390400,-9.10489952602786,50
390450,-10.738912870761961,50
390500,-6.328991091914784,50
390550,-10.667045724759694,50
390600,-8.39185899083579,50
390650,-6.892214974160522,50
390700,-7.96101396205698,50
390750,-12.375906227953212,50
390800,-7.038020544898246,50
390850,-5.077291132042931,50
390900,-5.615355166117191,50
390950,-7.2213914744799705,50
391000,-8.814511806645573,50
391050,-11.93126500803177,50
391100,-9.677054511873909,50
391150,-5.582173866488146,50
391200,-5.529014908836895,50
391250,-8.427292954945694,50
391300,-8.032572655152013,50
391350,-4.550798707200088,50
391400,-9.820133318751681,50
391450,-4.127733529403623,50
391500,-3.273721935119059,50
391550,-7.266895956037418,50
391600,-5.882468015362469,50
391650,-2.809322238284721,50
391700,-5.459441860058132,50
391750,-8.769047838877192,50
391800,-5.8187306507751915,50
391850,-9.439207992792225,50
391900,-7.346216886462665,50
391950,-4.019776973512868,50
392000,-7.402744015577892,50
392050,-9.481349217723503,50
392100,-7.825814935696726,50
392150,-9.127406121554515,50
392200,-4.615953364319037,50
392250,-14.435758291513764,50
392300,-3.4710849337428122,50
392350,-8.053056134062517,50
392400,-8.198316455866639,50
392450,-6.993744709211497,50
392500,-7.829887862992689,50
392550,-9.371054640691046,50
392600,-8.013722424435876,50
392650,-9.404658806773394,50
392700,-9.523651332515998,50
392750,-12.368177338129376,50
392800,-11.809982793110029,50
392850,-3.4463094131934455,50
392900,-4.595103697881185,50
392950,-10.317594387411791,50
393000,-7.539798990614618,50
393050,-4.333828943399549,50
393100,-3.2753925740938863,50
393150,-7.830655198730107,50
393200,-9.312440536462509,50
393250,-5.086085483186992,50
393300,-3.3428095050305555,50
393350,-8.820260640718022,50
393400,-8.367555650561055,50
393450,-8.292752551253553,50
393500,-7.326547369382793,50
393550,-8.942604288072745,50
393600,-8.555539748179504,50
393650,-9.922957182525096,50
393700,-7.766816359654324,50
393750,-5.241670590529664,50
393800,-6.316840726506121,50
393850,-8.377730346284556,50
393900,-7.773882036174209,50
393950,-5.980796018281606,50
394000,-3.338135806095774,50
394050,-8.880582523380594,50
394100,-5.441453982497033,50
394150,-3.66495177440513,50
394200,-7.577369883048006,50
394250,-10.875871095868572,50
394300,-10.269052608874828,50
394350,-8.421274151803722,50
394400,-6.251934589663182,50
394450,-9.313729424264894,50
394500,-3.695109070923722,50
394550,-9.086919972670149,50
394600,-8.654809877434673,50
394650,-4.732219447097062,50
394700,-7.526472804826523,50
394750,-11.838933228160831,50
394800,-5.427445087229219,50
394850,-3.2030685945898396,50
394900,-7.990647083033709,50
394950,-4.0702717868178615,50
395000,-3.3113694394460857,50
395050,-10.31442448251737,50
395100,-8.859006516332562,50
395150,-4.248839537179339,50
395200,-4.63774707808312,50
395250,-7.049140141443214,50
395300,-10.543328175162133,50
395350,-4.730466079190086,50
395400,-6.278377500588449,50
395450,-7.677917858079167,50
395500,-8.117975741864651,50
395550,-10.08803103183231,50
395600,-8.4417979278883,50
395650,-6.021823152655823,50
395700,-7.06003452778778,50
395750,-3.7651064596764905,50
395800,-6.324631488470781,50
395850,-3.6405718963730127,50
395900,-7.656036031535094,50
395950,-9.639025002576005,50
396000,-6.6683641411915735,50
396050,-5.951006315238318,50
396100,-4.449661137484228,50
396150,-7.591646418307753,50
396200,-4.946674143915735,50
396250,-6.700707789817909,50
396300,-4.815552954023739,50
396350,-6.588117885246651,50
396400,-3.6128293322663603,50
396450,-6.110989012477783,50
396500,-4.945204989781317,50
396550,-12.70728990602992,50
396600,-9.798568201260185,50
396650,-6.420401623189403,50
396700,-8.77115615926643,50
396750,-9.953406713694752,50
396800,-9.838789393317978,50
396850,-4.850806705135429,50
396900,-7.197754491426225,50
396950,-8.70522877351401,50
397000,-7.451252349197989,50
397050,-10.553536342518859,50
397100,-7.078397525718563,50
397150,-9.421877408163727,50
397200,-7.686067119911206,50
397250,-9.050453354485935,50
397300,-6.798441432135685,50
397350,-7.740651379733027,50
397400,-3.1594743018704876,50
397450,-5.070035679102636,50
397500,-5.905613300357814,50
397550,-12.754692197434366,50
397600,-8.468925280312062,50
397650,-6.163649112049825,50
397700,-4.432404786223779,50
397750,-6.902827413096148,50
397800,-12.45037622273523,50
397850,-6.719200272127232,50
397900,-5.6120023684275235,50
397950,-4.675768683045072,50
398000,-4.158741862747182,50
398050,-8.979378920795265,50
398100,-4.476375982354071,50
398150,-3.2699158454563464,50
398200,-10.63805098637165,50
398250,-8.392174464678586,50
398300,-8.07884334405658,50
398350,-3.1910965949479393,50
398400,-8.227158683196992,50
398450,-4.640705296648215,50
398500,-4.60325439935437,50
398550,-7.120246389564971,50
398600,-3.403758931180853,50
398650,-8.7532249834331,50
398700,-7.921489543044969,50
398750,-3.9196880020049956,50
398800,-3.082176519727348,50
398850,-4.199672030059208,50
398900,-4.205575847329583,50
398950,-7.687957923761962,50
399000,-2.729252433479336,50
399050,-9.156128115552391,50
399100,-11.80193806270733,50
399150,-4.48097260651,50
399200,-6.154867328924154,50
399250,-5.363641060048759,50
399300,-8.41437317131667,50
399350,-15.724409771582328,50
399400,-9.345121836076594,50
399450,-5.078597037688656,50
399500,-9.893385389969698,50
399550,-5.779062743465907,50
399600,-2.8462307075658506,50
399650,-7.670434774539041,50
399700,-5.389319006820281,50
399750,-9.64286341345905,50
399800,-9.737779213002565,50
399850,-7.2124801174450655,50
399900,-5.05048859782127,50
399950,-9.997269904878147,50
400000,-8.82185289449327,50
400050,-6.1211511942956935,50
400100,-5.827843927334755,50
400150,-7.688857899487976,50
400200,-11.26521475760249,50
400250,-12.751262323737535,50
400300,-4.914797878091218,50
400350,-8.939441950358729,50
400400,-6.7920287691893755,50
400450,-4.625513005806897,50
400500,-6.040396267817263,50
400550,-9.944323434986064,50
400600,-4.545366215521064,50
400650,-9.634747206482615,50
400700,-4.893609494202645,50
400750,-8.792275660478408,50
400800,-7.356970495941071,50
400850,-9.037747937771359,50
400900,-10.517676090205686,50
400950,-5.361826081824797,50
401000,-3.372758073603387,50
401050,-5.07358283788642,50
401100,-7.175618628908221,50
401150,-5.3844074055790685,50
401200,-9.154514948889227,50
401250,-6.649780914313098,50
401300,-8.840230715052678,50
401350,-8.261570137022629,50
401400,-4.417148757635279,50
401450,-2.8372808491410266,50
401500,-4.543632114717972,50
401550,-2.7462093871642126,50
401600,-9.365173976447265,50
401650,-6.017986666278627,50
401700,-8.147759930573443,50
401750,-11.719268670593594,50
401800,-4.545632871475586,50
401850,-8.074524537726047,50
401900,-10.499223462284936,50
401950,-7.961916039537813,50
402000,-3.269522322574717,50
402050,-9.602273947285699,50
402100,-4.94245424642301,50
402150,-8.453458092593523,50
402200,-12.192385117276293,50
402250,-6.056310252144388,50
402300,-4.408258839083155,50
402350,-2.9159259381679323,50
402400,-6.347365476379684,50
402450,-7.72172658407595,50
402500,-8.481234713901395,50
402550,-5.179421542531171,50
402600,-7.249748850061366,50
402650,-10.997419132649547,50
402700,-7.515454117096207,50
402750,-11.364813684548489,50
402800,-9.236827154220821,50
402850,-7.728950629116258,50
402900,-11.735224380424052,50
402950,-8.292022919232346,50
403000,-5.919094051030634,50
403050,-4.530167355474504,50
403100,-8.410904703236803,50
403150,-7.413395780077997,50
403200,-9.215972072874678,50
403250,-6.955963087471889,50
403300,-3.431524244151748,50
403350,-6.464955319514243,50
403400,-7.564455388054521,50
403450,-6.865505458428743,50
403500,-8.890787660787563,50
403550,-9.026712650414241,50
403600,-10.009022785844579,50
403650,-8.335930269101134,50
403700,-9.57089416317996,50
403750,-4.982825593672736,50
403800,-5.80563395302596,50
403850,-9.462818773890884,50
403900,-4.725688508607711,50
403950,-8.337272854818623,50
404000,-4.332430680954934,50
404050,-6.379674808974184,50
404100,-5.246736896681488,50
404150,-4.270975936992876,50
404200,-8.082980007645745,50
404250,-4.3979716799685535,50
404300,-6.114006792503616,50
404350,-11.733121897148223,50
404400,-7.021531171625508,50
404450,-9.944955468162515,50
404500,-6.13580020942547,50
404550,-13.138181550755204,50
404600,-6.105495480152799,50
404650,-8.374292021052714,50
404700,-4.508933386265233,50
404750,-5.799005068287755,50
404800,-4.783865112607863,50
404850,-11.350897792955639,50
404900,-4.159594164232291,50
404950,-8.697029834597506,50
405000,-5.305490367506764,50
405050,-6.610572562926369,50
405100,-6.302773825410262,50
405150,-10.141866605171705,50
405200,-10.942996410995363,50
405250,-8.733004560764199,50
405300,-7.994189552437886,50
405350,-8.173669396270755,50
405400,-9.051847620688935,50
405450,-8.743723956053666,50
405500,-8.108101088360758,50
405550,-4.086120352554587,50
405600,-3.652555113508789,50
405650,-7.11440621107976,50
405700,-4.354148632864908,50
405750,-9.846022349278158,50
405800,-5.329310529153294,50
405850,-3.3816015724216038,50
405900,-10.87183865838182,50
405950,-9.425420436992999,50
406000,-8.947671255161108,50
406050,-10.469109348899288,50
406100,-2.1108645600959846,50
406150,-6.462484180029243,50
406200,-7.883477239574522,50
406250,-3.3874806306592085,50
406300,-10.652014742035876,50
406350,-6.199123810541624,50
406400,-7.896398315661799,50
406450,-3.569183773040271,50
406500,-11.793232835449162,50
406550,-4.6596857527720745,50
406600,-4.611506821048186,50
406650,-6.729276206108146,50
406700,-7.4815297542608254,50
406750,-7.956227249988121,50
406800,-8.561262686253224,50
406850,-7.455821783897816,50
406900,-3.899874249293301,50
406950,-10.002054964333137,50
407000,-8.525406208779799,50
407050,-12.790824652805231,50
407100,-5.020790453697476,50
407150,-4.379169357854156,50
407200,-4.671954454864953,50
407250,-4.242857611985652,50
407300,-11.061393719889683,50
407350,-4.2236200795893675,50
407400,-12.659023917659031,50
407450,-10.250456205403355,50
407500,-3.7075887433048034,50
407550,-14.124978642598288,50
407600,-8.342290043018094,50
407650,-7.645506451224421,50
407700,-7.452423098627443,50
407750,-6.265824588180347,50
407800,-10.005819225755213,50
407850,-8.08599501497545,50
407900,-8.478052152559552,50
407950,-5.863866282967246,50
408000,-5.8590019508557125,50
408050,-7.504573927843136,50
408100,-7.758674571430001,50
408150,-10.102709045319969,50
408200,-3.777433935415155,50
408250,-9.858602472957076,50
408300,-8.23247489076429,50
408350,-3.4966768402919777,50
408400,-7.307082284737749,50
408450,-2.538542966809099,50
408500,-9.044754900210766,50
408550,-5.341920170839004,50
408600,-9.714349146663729,50
408650,-9.081040043453475,50
408700,-5.231865882403613,50
408750,-6.975661982888062,50
408800,-8.603435214325172,50
408850,-7.853263367402039,50
408900,-8.647778606761332,50
408950,-12.813346493187845,50
409000,-8.879596542130828,50
409050,-5.405182979674351,50
409100,-8.256309101331182,50
409150,-6.713568438628787,50
409200,-2.606156730399575,50
409250,-11.11965386609623,50
409300,-2.29899058852868,50
409350,-9.7858525325301,50
409400,-8.502933543544977,50
409450,-7.895032118790586,50
409500,-9.252510933336401,50
409550,-7.568791496375078,50
409600,-5.1732787462885,50
409650,-3.678167167188925,50
409700,-6.118231536331152,50
409750,-6.07455276521004,50
409800,-5.899317054331965,50
409850,-5.193931138376567,50
409900,-8.276229281239607,50
409950,-6.164500225204931,50
410000,-9.415954254847206,50
410050,-6.509111262485121,50
410100,-7.4207455962116695,50
410150,-6.129619351349317,50
410200,-8.435659685279939,50
410250,-7.266401598079331,50
410300,-11.251403904524674,50
410350,-11.548869229563001,50
410400,-5.269560742309299,50
410450,-8.779138605737945,50
410500,-7.7688158321552,50
410550,-5.071112930216665,50
410600,-6.788891491624188,50
410650,-11.469399253151918,50
410700,-7.339943502536621,50
410750,-9.692860599118601,50
410800,-5.77819174550669,50
410850,-8.228466960461132,50
410900,-5.141826619591777,50
410950,-9.59018743787205,50
411000,-9.735685118967542,50
411050,-4.5417380203037245,50
411100,-4.881891297583788,50
411150,-9.535597565940403,50
411200,-6.92897362419053,50
411250,-9.902839858730866,50
411300,-5.378983659826335,50
411350,-4.7137026885727655,50
411400,-7.108843643388952,50
411450,-3.9967100878282102,50
411500,-12.544261162367764,50
411550,-7.753711027405458,50
411600,-7.566633037309567,50
411650,-4.962442110111466,50
411700,-2.5233454933951953,50
411750,-7.288623795632753,50
411800,-4.69579957489065,50
411850,-7.833518369172277,50
411900,-3.670777559033903,50
411950,-10.794720342921902,50
412000,-6.836977646812217,50
412050,-7.480595960988484,50
412100,-10.06543170495243,50
412150,-8.017188407861104,50
412200,-7.209896746011623,50
412250,-5.68372127792158,50
412300,-5.324185980005298,50
412350,-7.277189683633015,50
412400,-6.338710969573449,50
412450,-4.60137517162793,50
412500,-4.207873337751258,50
412550,-3.6478829290784525,50
412600,-7.60763817043346,50
412650,-3.389050907618964,50
412700,-10.008334988503544,50
412750,-4.126262084497633,50
412800,-3.0827026033868687,50
412850,-5.979355225805343,50
412900,-6.220759927329929,50
412950,-6.059366675416404,50
413000,-11.669856982615421,50
413050,-5.924401052515991,50
413100,-6.851801059964194,50
413150,-10.792811574436827,50
413200,-3.324662574732333,50
413250,-7.692144476460981,50
413300,-6.165712994557436,50
413350,-5.208646053668062,50
413400,-5.4869812043548585,50
413450,-6.852752238260967,50
413500,-10.365767013299633,50
413550,-8.426093018528205,50
413600,-8.58863202767154,50
413650,-9.760465817615001,50
413700,-5.987630605153063,50
413750,-11.440321544531653,50
413800,-11.447655602014677,50
413850,-8.367897045611292,50
413900,-9.25055255324981,50
413950,-5.660017042662156,50
414000,-8.004362092630014,50
414050,-3.9444362464786704,50
414100,-7.874905935860528,50
414150,-8.331275441035704,50
414200,-7.626942425561107,50
414250,-5.472140939755059,50
414300,-6.107540018386939,50
414350,-9.212533765602759,50
414400,-4.076306887714925,50
414450,-8.711080714744927,50
414500,-4.851134304227041,50
414550,-8.033257551869408,50
414600,-11.209840530039084,50
414650,-2.2226790339358593,50
414700,-9.431264580875945,50
414750,-3.154418283381563,50
414800,-4.854543269691331,50
414850,-6.568700975608367,50
414900,-5.735408678499873,50
414950,-5.152195523734182,50
415000,-6.537478984366691,50
415050,-7.761522870162946,50
415100,-3.530992991815437,50
415150,-6.153757583080553,50
415200,-12.733572664937839,50
415250,-12.686915965015112,50
415300,-4.22560623903364,50
415350,-6.90499902719218,50
415400,-7.549966123671801,50
415450,-6.675755125307931,50
415500,-5.678479141723446,50
415550,-5.462933077702626,50
415600,-6.709741580312789,50
415650,-6.394305348749809,50
415700,-6.645851348849415,50
415750,-9.983555445663965,50
415800,-5.6396726668836665,50
415850,-6.909580043317939,50
415900,-3.9227142694391133,50
415950,-6.240233003129465,50
416000,-6.687849565300213,50
416050,-9.424283981505981,50
416100,-6.561655554244367,50
416150,-5.882053045826982,50
416200,-8.178795995477335,50
416250,-4.441448891809824,50
416300,-7.0001948706521455,50
416350,-5.808835413838338,50
416400,-4.351144554446741,50
416450,-6.747317306440487,50
416500,-8.918276839430169,50
416550,-7.1856620058082825,50
416600,-12.454706650112445,50
416650,-4.418597394375675,50
416700,-5.5548836040762195,50
416750,-8.298766558079526,50
416800,-7.722012974848532,50
416850,-8.14849466951648,50
416900,-9.091523963791778,50
416950,-5.206681375194807,50
417000,-4.858468558117112,50
417050,-9.53204480586365,50
417100,-13.959330522209191,50
417150,-5.48980405193269,50
417200,-10.874918066711677,50
417250,-4.272461527804268,50
417300,-10.775949384331064,50
417350,-12.481492795623048,50
417400,-5.920628843391347,50
417450,-5.905310834380385,50
417500,-4.242057689436721,50
417550,-4.08006719230202,50
417600,-6.825885956077524,50
417650,-3.8172804956111,50
417700,-8.065877134584678,50
417750,-7.081338258344407,50
417800,-9.020989734077693,50
417850,-9.612800565431726,50
417900,-10.294965629452454,50
417950,-2.490494705940899,50
418000,-8.226616327620766,50
418050,-5.516300577505171,50
418100,-7.510018611400667,50
418150,-3.8732141810289646,50
418200,-8.103036873575292,50
418250,-4.723657238837401,50
418300,-7.1402570299601065,50
418350,-8.237896710578879,50
418400,-4.212852611670591,50
418450,-8.888271096519057,50
418500,-3.389603408784168,50
418550,-4.870513917904516,50
418600,-7.002315358320681,50
418650,-4.774608035546479,50
418700,-8.127779308963119,50
418750,-1.595477146651895,50
418800,-6.432852383377457,50
418850,-3.4323975885543665,50
418900,-7.42964607278327,50
418950,-3.935449614513213,50
419000,-12.587420004885814,50
419050,-5.4903275729705205,50
419100,-8.139483753721954,50
419150,-3.8672264612671823,50
419200,-3.937415812586505,50
419250,-5.048172462022289,50
419300,-5.439799712477642,50
419350,-9.677144713329204,50
419400,-3.3585149301909603,50
419450,-9.042779118463894,50
419500,-5.490849121442388,50
419550,-4.67113433491713,50
419600,-8.898143387465943,50
419650,-3.803425967674233,50
419700,-9.986740997348768,50
419750,-6.554309057060078,50
419800,-7.832022851206221,50
419850,-6.830533338929132,50
419900,-6.96782933199995,50
419950,-4.7024116243658725,50
420000,-3.488095364894696,50
420050,-6.454977946094002,50
420100,-8.414006484168794,50
420150,-4.934027188271037,50
420200,-9.466970343255056,50
420250,-6.981412944725067,50
420300,-8.345694894513645,50
420350,-5.418705530288821,50
420400,-4.5783313711445155,50
420450,-7.247044780375725,50
420500,-3.809586454083665,50
420550,-8.234140113833012,50
420600,-9.116672013487033,50
420650,-6.688673130549782,50
420700,-6.63334222226795,50
420750,-8.983720260907589,50
420800,-9.229360941088471,50
420850,-3.1562710108765035,50
420900,-5.54562841329696,50
420950,-3.6863501254579654,50
421000,-4.533762537219882,50
421050,-7.662774540486075,50
421100,-4.16999417884985,50
421150,-6.993792053411697,50
421200,-6.4424435141461585,50
421250,-11.346444573567076,50
421300,-4.13094528844383,50
421350,-10.61881111637158,50
421400,-6.8642096496565825,50
421450,-7.018304742238209,50
421500,-3.780132180349982,50
421550,-8.297445427358824,50
421600,-4.866077862055892,50
421650,-2.095211788530316,50
421700,-3.667329251282088,50
421750,-10.159908247770488,50
421800,-9.55169450340219,50
421850,-7.388164206206377,50
421900,-3.7599488481132326,50
421950,-5.850867251229255,50
422000,-6.7682562633615975,50
422050,-6.283741956268542,50
422100,-6.023459815921647,50
422150,-7.939463096947513,50
422200,-7.730060884392388,50
422250,-11.744569370197052,50
422300,-6.5793324684786105,50
422350,-6.993415001707222,50
422400,-6.4961385680993065,50
422450,-7.900326043502319,50
422500,-8.171850787403967,50
422550,-9.829015992499762,50
422600,-8.343344046804884,50
422650,-9.552588019519371,50
422700,-4.061523476206791,50
422750,-7.485607290836034,50
422800,-7.562502082088287,50
422850,-12.98521947741456,50
422900,-3.118282680169988,50
422950,-4.2336962753248635,50
423000,-8.94183164038942,50
423050,-8.621902425108724,50
423100,-8.30899864632109,50
423150,-8.722496001826988,50
423200,-7.495719492625184,50
423250,-8.532602042200631,50
423300,-5.857714482756805,50
423350,-6.458817161718531,50
423400,-12.412060820394283,50
423450,-8.592313384614215,50
423500,-7.993793751650596,50
423550,-8.850410927343306,50
423600,-6.771149986686684,50
423650,-7.529254073143863,50
423700,-4.395045412784714,50
423750,-7.392086465559295,50
423800,-3.8413297202199046,50
423850,-4.214149446777841,50
423900,-7.939246643368627,50
423950,-3.502252361998308,50
424000,-7.406760311630055,50
424050,-9.825298181706563,50
424100,-4.608986015277718,50
424150,-9.9317327061974,50
424200,-6.936557733218898,50
424250,-7.700822836610103,50
424300,-4.501749633610512,50
424350,-4.060792825924615,50
424400,-5.608830482067234,50
424450,-4.3160968272664,50
424500,-10.596068916325532,50
424550,-9.172925087902442,50
424600,-6.07972171263999,50
424650,-4.623649007388724,50
424700,-6.019596989568977,50
424750,-12.210315780237451,50
424800,-9.830568554155738,50
424850,-8.32797698232763,50
424900,-5.192557186652395,50
424950,-7.368559015751499,50
425000,-8.26804839222418,50
425050,-2.602889334361793,50
425100,-6.775039043651967,50
425150,-8.127685167224422,50
425200,-5.294523418953778,50
425250,-4.738178708265656,50
425300,-4.6449682007772735,50
425350,-3.9825876983020754,50
425400,-6.800399050553515,50
425450,-6.231065639603447,50
425500,-9.987852980878078,50
425550,-7.149342502060233,50
425600,-4.569019583326497,50
425650,-2.1921495268130937,50
425700,-4.415998143278674,50
425750,-9.603772546572586,50
425800,-8.659673064310674,50
425850,-6.5880032584952595,50
425900,-4.500054319016871,50
425950,-8.90830519058986,50
426000,-8.76041825200121,50
426050,-6.647582066289566,50
426100,-8.050064189012197,50
426150,-8.379664481154466,50
426200,-5.042341259194365,50
426250,-7.230813640644037,50
426300,-8.314620205388902,50
426350,-7.968497684885504,50
426400,-7.515949770897627,50
426450,-5.679383920848619,50
426500,-6.78410715260644,50
426550,-6.830916183153535,50
426600,-6.379671868405885,50
426650,-6.62844686426889,50
426700,-8.669094293161058,50
426750,-8.291663303235884,50
426800,-8.466099357356175,50
426850,-7.687027861824126,50
426900,-4.951687499807918,50
426950,-3.912122247598568,50
427000,-8.474521656178496,50
427050,-7.368457630229724,50
427100,-6.007511402431907,50
427150,-5.135867006539092,50
427200,-7.556215238538583,50
427250,-7.196372560167611,50
427300,-5.811705484914934,50
427350,-15.217341355541791,50
427400,-3.71093491944389,50
427450,-4.538220981501454,50
427500,-7.17562362455826,50
427550,-6.222887138689326,50
427600,-6.929670049520828,50
427650,-5.427180367582205,50
427700,-7.197342299336698,50
427750,-9.045151395832706,50
427800,-4.81317949332954,50
427850,-8.40158998053008,50
427900,-12.339844462140155,50
427950,-7.799867332858474,50
428000,-7.160743663100274,50
428050,-8.988242939338756,50
428100,-6.330215225879993,50
428150,-7.974252540419466,50
428200,-6.974584962456703,50
428250,-3.6929723624192348,50
428300,-4.548403638629315,50
428350,-7.250289427360049,50
428400,-9.544279025185977,50
428450,-7.049672182658572,50
428500,-6.205357258251771,50
428550,-5.669443200649799,50
428600,-6.5882087589042495,50
428650,-4.55335371594524,50
428700,-6.618366924842386,50
428750,-9.916862616495568,50
428800,-7.501143029150499,50
428850,-8.33727428171516,50
428900,-9.645386604593297,50
428950,-5.078537911052258,50
429000,-10.722619933751469,50
429050,-7.823562001732099,50
429100,-8.23861860397725,50
429150,-9.805027454472343,50
429200,-5.773812234975438,50
429250,-8.244470403832242,50
429300,-5.4403141411058025,50
429350,-8.268043395445197,50
429400,-4.569088241156571,50
429450,-10.629560664618236,50
429500,-3.1471269121911667,50
429550,-5.06010654350848,50
429600,-9.092875240582872,50
429650,-9.367795046209055,50
429700,-7.684554778794254,50
429750,-5.6991732516896185,50
429800,-6.419128473164431,50
429850,-5.847346449042625,50
429900,-4.968218468812235,50
429950,-12.949051143791733,50
430000,-6.166530762656565,50
430050,-4.671353964456754,50
430100,-2.6509290792280056,50
430150,-7.737619117638601,50
430200,-5.023645705111501,50
430250,-4.72147380531632,50
430300,-4.819995142426858,50
430350,-4.154425540993669,50
430400,-9.368969224863251,50
430450,-4.196756344865347,50
430500,-8.115678673002812,50
430550,-7.4653715968033865,50
430600,-7.846549533630593,50
430650,-8.968753520373067,50
430700,-10.185005646390966,50
430750,-8.27628158083669,50
430800,-5.218735748562783,50
430850,-8.032138740531085,50
430900,-4.403570359006301,50
430950,-7.786065815770597,50
431000,-7.12018503006709,50
431050,-7.872914788313221,50
431100,-6.766080619961701,50
431150,-8.184940077161613,50
431200,-3.5815062091470358,50
431250,-6.432406408624342,50
431300,-7.3673576764201085,50
431350,-6.083970448895177,50
431400,-6.305420904271815,50
431450,-4.335382548296589,50
431500,-4.630066861587191,50
431550,-10.037856894366712,50
431600,-8.241300720993316,50
431650,-4.89161064934659,50
431700,-7.231206396268975,50
431750,-11.71640364696619,50
431800,-9.019452424027047,50
431850,-6.701209348478164,50
431900,-3.1404298142126446,50
431950,-6.093177109506768,50
432000,-3.703680397852483,50
432050,-5.152440958284794,50
432100,-4.209708754490254,50
432150,-8.780124283430348,50
432200,-6.036888149561218,50
432250,-10.207625381325196,50
432300,-7.268709384266585,50
432350,-4.228375315071955,50
432400,-7.370875947055076,50
432450,-4.818126940456438,50
432500,-7.522986421308275,50
432550,-6.601509681625408,50
432600,-9.291033648550078,50
432650,-8.389993910481085,50
432700,-3.348956723579308,50
432750,-2.7755567844588085,50
432800,-8.288821978716252,50
432850,-8.421213870132547,50
432900,-5.42611229443241,50
432950,-12.437253245149732,50
433000,-4.59689940510536,50
433050,-5.933298359152952,50
433100,-8.451878600502408,50
433150,-4.937560463077445,50
433200,-4.345953299362679,50
433250,-3.947118183186892,50
433300,-6.403404244404365,50
433350,-11.164221394041409,50
433400,-8.015362902939456,50
433450,-5.718356069645113,50
433500,-3.508657771885731,50
433550,-7.77785393708062,50
433600,-6.747361728234317,50
433650,-6.371154256594419,50
433700,-4.603129081852978,50
433750,-7.68940694117659,50
433800,-7.852060976698382,50
433850,-11.653494529306068,50
433900,-5.614066956757831,50
433950,-8.3751085525442,50
434000,-7.870428876292259,50
434050,-3.0273611116689185,50
434100,-6.668670650431498,50
434150,-6.653801795825486,50
434200,-9.189885996901058,50
434250,-9.464019007443492,50
434300,-5.808251273938809,50
434350,-6.940966801172167,50
434400,-2.4703353049442063,50
434450,-4.98098036034968,50
434500,-7.849376185387371,50
434550,-9.597565878433256,50
434600,-5.680129512483301,50
434650,-8.15233992150709,50
434700,-3.374823077831121,50
434750,-3.522309607496852,50
434800,-4.085605636599671,50
434850,-8.411931315294215,50
434900,-8.446867517965062,50
434950,-8.44238281361908,50
435000,-3.5584295006710427,50
435050,-7.450616163234566,50
435100,-8.802127812633602,50
435150,-2.7650594747179023,50
435200,-8.482820516652692,50
435250,-5.562123443425499,50
435300,-5.4526514252938085,50
435350,-8.071152031739974,50
435400,-13.553739290316578,50
435450,-6.219438583757642,50
435500,-3.7032726447468853,50
435550,-7.077560195295032,50
435600,-7.786970640652417,50
435650,-8.277204326571637,50
435700,-7.981654837951829,50
435750,-11.314206946215846,50
435800,-8.811097400212464,50
435850,-3.5717960316669637,50
435900,-6.320444226505148,50
435950,-3.974483272752665,50
436000,-11.338779071868672,50
436050,-10.114838690688208,50
436100,-6.476878409145744,50
436150,-3.2290966271192576,50
436200,-10.44711855289468,50
436250,-4.134286387523856,50
436300,-6.449680637798478,50
436350,-7.652949968649999,50
436400,-8.47029334700784,50
436450,-8.910072724385941,50
436500,-8.336595835596071,50
436550,-7.554824320963571,50
436600,-5.581313585087899,50
436650,-8.622148666800172,50
436700,-5.046571251694546,50
436750,-7.3721362880447465,50
436800,-8.647182617926383,50
436850,-4.714772103100571,50
436900,-6.8707136603866745,50
436950,-8.59634199580729,50
437000,-7.051827721525669,50
437050,-7.786352833046696,50
437100,-12.544014023550995,50
437150,-7.593370783621538,50
437200,-8.946962527306358,50
437250,-4.289612997534164,50
437300,-8.019761861814152,50
437350,-6.073023458006244,50
437400,-9.948985410948586,50
437450,-5.011774627020932,50
437500,-4.104206219911507,50
437550,-8.427420597117978,50
437600,-5.844170743320578,50
437650,-7.131381785646294,50
437700,-11.691740273839972,50
437750,-4.100678054443543,50
437800,-3.9136159478660897,50
437850,-8.193046453071576,50
437900,-6.475679172282783,50
437950,-4.7849336048634115,50
438000,-5.485022569927814,50
438050,-8.290498114487384,50
438100,-7.421847674196749,50
438150,-8.752868256028265,50
438200,-5.415723908015728,50
438250,-4.504956678255564,50
438300,-6.768885387303604,50
438350,-5.434775171983256,50
438400,-2.8108434801735345,50
438450,-7.232550163801473,50
438500,-7.46287110693314,50
438550,-2.13488516182409,50
438600,-6.455361394369376,50
438650,-7.886387691562029,50
438700,-7.092091387574199,50
438750,-4.63831718102974,50
438800,-8.677831927783252,50
438850,-5.73574479541141,50
438900,-8.210600840912024,50
438950,-3.62697253024339,50
439000,-10.14313217184871,50
439050,-8.062464482559102,50
439100,-4.999232192603783,50
439150,-5.719684603178377,50
439200,-9.369709826265424,50
439250,-5.583330851774192,50
439300,-3.5273272044182975,50
439350,-3.976826279974148,50
439400,-10.152259223160534,50
439450,-2.8886572000346535,50
439500,-9.599927413378287,50
439550,-8.003352164888737,50
439600,-4.1910376459255225,50
439650,-4.148104697965052,50
439700,-6.079988692820264,50
439750,-12.651260099190461,50
439800,-7.303043996257001,50
439850,-10.71317865615074,50
439900,-6.520839751958584,50
439950,-4.421274960025664,50
440000,-4.937359184403624,50
440050,-3.961873624221798,50
440100,-7.10313027945438,50
440150,-3.1524385268923996,50
440200,-10.818656853655694,50
440250,-2.8183902437062542,50
440300,-3.3829530741313945,50
440350,-7.583370829793466,50
440400,-7.3487393477740826,50
440450,-8.015559600804188,50
440500,-8.224419493087392,50
440550,-7.669689851101099,50
440600,-9.607796253811538,50
440650,-5.223641310432431,50
440700,-7.727861322184488,50
440750,-7.966274373555559,50
440800,-2.7970984318224676,50
440850,-5.453221064427492,50
440900,-9.061886692217875,50
440950,-8.051381448075844,50
441000,-9.764155285109778,50
441050,-7.491558963716941,50
441100,-8.537782590939544,50
441150,-7.255053668283888,50
441200,-5.955677963149606,50
441250,-6.566930285130767,50
441300,-7.031381008127082,50
441350,-4.866401172788303,50
441400,-8.911773249014473,50
441450,-11.180227601694197,50
441500,-9.403259051444316,50
441550,-5.131230148216525,50
441600,-8.565546461369944,50
441650,-6.438592815876126,50
441700,-5.23258060664907,50
441750,-7.748284399983392,50
441800,-8.52454057156792,50
441850,-6.088406217506595,50
441900,-8.592149676726525,50
441950,-4.172993662554073,50
442000,-5.630459258521172,50
442050,-6.750336247490301,50
442100,-5.170516052860849,50
442150,-9.407709849254829,50
442200,-8.022791508872459,50
442250,-8.274646787042174,50
442300,-10.04199148260026,50
442350,-3.7238043799492826,50
442400,-4.629779796723774,50
442450,-7.611396391265291,50
442500,-3.723252784407453,50
442550,-7.678874323241055,50
442600,-7.820593510854968,50
442650,-7.590763339505429,50
442700,-5.7597017783169555,50
442750,-3.5189439279630874,50
442800,-6.028302660928627,50
442850,-5.500973934916017,50
442900,-8.175884218387694,50
442950,-8.381235294567608,50
443000,-7.607252170008035,50
443050,-8.930354645840715,50
443100,-5.1896509579356405,50
443150,-6.904747980508129,50
443200,-3.444725753175529,50
443250,-7.346465791880727,50
443300,-5.4302720350622975,50
443350,-6.215740998988909,50
443400,-6.049688145270516,50
443450,-5.940728280162742,50
443500,-9.222591115213325,50
443550,-5.229453227674644,50
443600,-7.392100739574281,50
443650,-7.451845210904865,50
443700,-6.748995409832512,50
443750,-10.443992645012017,50
443800,-8.346847540638802,50
443850,-4.008081760130071,50
443900,-8.191324918641907,50
443950,-3.533511255119491,50
444000,-10.86908628222459,50
444050,-8.27126857543092,50
444100,-5.434290681974009,50
444150,-9.18296238279286,50
444200,-8.528125184918137,50
444250,-7.9962684010587495,50
444300,-7.8644329203459,50
444350,-5.396674292417836,50
444400,-5.898227712339633,50
444450,-8.19250900039384,50
444500,-10.593520900138248,50
444550,-7.363837362324464,50
444600,-8.091479843887015,50
444650,-1.7008051989311437,50
444700,-8.354081481978827,50
444750,-6.509489119105909,50
444800,-12.46424250950903,50
444850,-7.263763586862884,50
444900,-12.422951803220686,50
444950,-9.64127001607684,50
445000,-10.709027483184158,50
445050,-9.17634055002523,50
445100,-8.507309502114623,50
445150,-10.079646992785502,50
445200,-7.561768900150962,50
445250,-4.208124531712243,50
445300,-9.885089761752887,50
445350,-8.242845806471564,50
445400,-8.569842082360505,50
445450,-8.420791151048089,50
445500,-6.062907036198283,50
445550,-6.206802110479072,50
445600,-5.105666996395499,50
445650,-10.820799507735124,50
445700,-5.94388025032499,50
445750,-12.05117541303925,50
445800,-7.874252013437485,50
445850,-7.620301001456327,50
445900,-8.762286869901619,50
445950,-11.36691885950346,50
446000,-5.316618417140335,50
446050,-8.359749675591585,50
446100,-9.595956293059752,50
446150,-10.112985881495627,50
446200,-6.629950317394986,50
446250,-7.872148180939924,50
446300,-8.52822993255338,50
446350,-5.585478771192293,50
446400,-7.7974370498256755,50
446450,-6.718614628984429,50
446500,-7.630954774111449,50
446550,-5.485557780452107,50
446600,-2.9598130434535257,50
446650,-9.304784796083753,50
446700,-7.9297587947354575,50
446750,-9.843210438814154,50
446800,-7.636017438178702,50
446850,-5.34396436720738,50
446900,-5.254950125539485,50
446950,-9.110275158403692,50
447000,-10.514871812326327,50
447050,-8.641731359890102,50
447100,-9.21137242636171,50
447150,-6.683875819125376,50
447200,-6.855346559656323,50
447250,-9.188758667989894,50
447300,-7.701353010174831,50
447350,-9.944625311261355,50
447400,-5.88733299919437,50
447450,-7.1970968178263215,50
447500,-8.45497791936093,50
447550,-8.528259676025883,50
447600,-6.331453070415957,50
447650,-8.38796691530067,50
447700,-6.340551982246971,50
447750,-12.826023981585248,50
447800,-4.328110837582718,50
447850,-2.881349875023016,50
447900,-7.730221831930883,50
447950,-6.110785090393307,50
448000,-6.464721169436206,50
448050,-10.563563823444067,50
448100,-7.883771774076595,50
448150,-9.9557459357352,50
448200,-7.1413958953495555,50
448250,-5.648624069019537,50
448300,-5.964699099368443,50
448350,-6.631340200647555,50
448400,-7.5417164052501855,50
448450,-4.471512987354238,50
448500,-6.692985361657148,50
448550,-6.323409178268408,50
448600,-4.700277366702152,50
448650,-9.498510400018539,50
448700,-7.557874598977068,50
448750,-8.114541921141898,50
448800,-5.550597252830499,50
448850,-8.678437951909324,50
448900,-8.396677415963254,50
448950,-8.014172305581022,50
449000,-7.064274635678545,50
449050,-5.291956287490635,50
449100,-4.571880941026724,50
449150,-7.7832948485665145,50
449200,-6.253858226650174,50
449250,-6.713966301380015,50
449300,-9.613817003839353,50
449350,-5.145280155229869,50
449400,-8.773562691876023,50
449450,-9.778617836414409,50
449500,-3.4040933994703493,50
449550,-10.224138186821964,50
449600,-5.908583815419744,50
449650,-11.34280270254949,50
449700,-8.01716431792347,50
449750,-8.844319972251723,50
449800,-7.886219666490889,50
449850,-8.163036627711193,50
449900,-9.579417647220696,50
449950,-6.596450873500545,50
450000,-8.779838735034732,50
450050,-5.614068215788611,50
450100,-3.263550091935543,50
450150,-10.363197674620858,50
450200,-7.0289427647686855,50
450250,-10.113405654194914,50
450300,-6.4823869677115065,50
450350,-8.513485779498316,50
450400,-4.765974045035757,50
450450,-7.945029991462379,50
450500,-7.640980494241754,50
450550,-3.324820001096257,50
450600,-7.822229377046598,50
450650,-10.32457146086985,50
450700,-6.753708294666908,50
450750,-8.62752053173435,50
450800,-5.3906171442785515,50
450850,-7.218328458091179,50
450900,-7.258093770507533,50
450950,-9.03953362347148,50
451000,-6.734950141442512,50
451050,-4.417103010463531,50
451100,-5.764064261187142,50
451150,-7.880543887790752,50
451200,-5.629066622388966,50
451250,-8.471731315315289,50
451300,-10.101432114434045,50
451350,-8.059209353955817,50
451400,-9.695947375168954,50
451450,-4.787590215819456,50
451500,-8.311979368476399,50
451550,-9.913715914709279,50
451600,-6.306130774548154,50
451650,-7.498699087173445,50
451700,-5.012714177069854,50
451750,-12.869942634673814,50
451800,-8.496133415957624,50
451850,-7.244139325770017,50
451900,-8.376434229407572,50
451950,-3.4972254850525024,50
452000,-7.849920621945831,50
452050,-4.458907639762302,50
452100,-5.256764171394298,50
452150,-8.485845614328772,50
452200,-12.494309563939211,50
452250,-5.761590222223507,50
452300,-6.152326425799933,50
452350,-4.6263403768805205,50
452400,-9.820557168656956,50
452450,-10.378777610078025,50
452500,-8.166196508081322,50
452550,-3.297231816631372,50
452600,-8.73468560471654,50
452650,-6.816729330452135,50
452700,-7.5313239008796256,50
452750,-6.103501276673804,50
452800,-8.283109032466625,50
452850,-9.044324978061661,50
452900,-7.6765853903595245,50
452950,-11.055431914720234,50
453000,-5.772364521789832,50
453050,-5.119631300789598,50
453100,-7.675233370702152,50
453150,-4.807456228536242,50
453200,-7.684227921562213,50
453250,-8.329206006267077,50
453300,-4.5609843990884995,50
453350,-4.3667609753157075,50
453400,-5.977589729403909,50
453450,-7.409121071737523,50
453500,-2.955177422494613,50
453550,-8.664004152719532,50
453600,-4.959756417496223,50
453650,-9.885036625394797,50
453700,-6.537998826347511,50
453750,-4.982782475735452,50
453800,-3.3316926216483003,50
453850,-8.685509610626069,50
453900,-3.480077808486499,50
453950,-7.379354108664387,50
454000,-8.324818654403629,50
454050,-4.316273431630656,50
454100,-10.648663844845368,50
454150,-6.180660024969459,50
454200,-3.13761936226617,50
454250,-10.468820787673566,50
454300,-6.488173295589991,50
454350,-3.0705416140255077,50
454400,-5.6848457350987065,50
454450,-7.800273148174937,50
454500,-11.667158975691532,50
454550,-5.537939527822062,50
454600,-4.939749470767739,50
454650,-4.358050470892176,50
454700,-4.635122163322474,50
454750,-6.102840862843631,50
454800,-3.2633052472090287,50
454850,-4.6162029224965115,50
454900,-7.952444223344274,50
454950,-8.05495796375697,50
455000,-6.712241647830755,50
455050,-4.1340452612551015,50
455100,-7.126058363733914,50
455150,-9.139952408155334,50
455200,-4.720130164685485,50
455250,-7.173085429173843,50
455300,-12.400582498153918,50
455350,-5.210979737560181,50
455400,-5.473575670309506,50
455450,-8.086940469103064,50
455500,-3.2367524881878373,50
455550,-2.9017191732243264,50
455600,-6.251872156723919,50
455650,-4.25310528794772,50
455700,-8.027348730749571,50
455750,-6.858396763534125,50
455800,-4.266010487488194,50
455850,-2.805539278139311,50
455900,-6.9767553209321305,50
455950,-10.819934878988105,50
456000,-4.086220539812839,50
456050,-9.181969965856574,50
456100,-2.066309878438342,50
456150,-7.391301047871104,50
456200,-4.987337772896777,50
456250,-8.555091102135854,50
456300,-3.806110669217348,50
456350,-7.0263173536690395,50
456400,-5.317278303210081,50
456450,-5.5837013948556455,50
456500,-7.6567798116005354,50
456550,-6.102991825906309,50
456600,-3.78976056772267,50
456650,-4.115699322604668,50
456700,-8.703107315631623,50
456750,-4.489700592346502,50
456800,-6.775081715035979,50
456850,-5.207800721540739,50
456900,-10.1559123477193,50
456950,-7.114676801400134,50
457000,-6.2531263336842375,50
457050,-8.380700157235905,50
457100,-11.400766746597212,50
457150,-6.2353214366335115,50
457200,-4.243503643673247,50
457250,-8.650904520298614,50
457300,-6.469191031001438,50
457350,-2.7821769318777547,50
457400,-8.255425979297858,50
457450,-6.478356706943019,50
457500,-6.095392127068494,50
457550,-3.0626610635598928,50
457600,-8.828463400006541,50
457650,-5.894064687642421,50
457700,-8.199863047454686,50
457750,-7.419358124109863,50
457800,-7.368672902745241,50
457850,-2.509010811561181,50
457900,-8.877206722044532,50
457950,-6.560761344849478,50
458000,-6.8837085554681545,50
458050,-5.90896490448718,50
458100,-7.673142837261966,50
458150,-3.6742962032540474,50
458200,-11.505199673066784,50
458250,-8.926502874278764,50
458300,-2.510699114362417,50
458350,-7.0275173162049835,50
458400,-7.825864348297984,50
458450,-8.652677282805453,50
458500,-8.040723691068415,50
458550,-11.137054309992909,50
458600,-6.055003830128395,50
458650,-4.950087746564711,50
458700,-6.340988039473629,50
458750,-11.473922048354966,50
458800,-8.937862008512324,50
458850,-8.64728733410153,50
458900,-5.638234477152243,50
458950,-8.203832155051034,50
459000,-4.876698086673593,50
459050,-7.239754564145553,50
459100,-4.049682087436615,50
459150,-3.954912740571431,50
459200,-8.660674549680277,50
459250,-5.568288036382206,50
459300,-7.580371024125275,50
459350,-2.488734215177719,50
459400,-5.057287350306948,50
459450,-7.306067991426889,50
459500,-9.047922324570933,50
459550,-6.498741641553533,50
459600,-5.36104204204947,50
459650,-11.420654297939558,50
459700,-5.544333803567449,50
459750,-5.174744657127675,50
459800,-11.217566620061643,50
459850,-8.460801629904312,50
459900,-5.06483370220024,50
459950,-3.3244476527869775,50
460000,-8.813226853616452,50
460050,-2.6727360768901818,50
460100,-9.52398496906729,50
460150,-4.3129565139106925,50
460200,-6.393576608138893,50
460250,-6.728592734028753,50
460300,-6.691353016549203,50
460350,-6.776281487207741,50
460400,-5.806043394365627,50
460450,-5.45823384111192,50
460500,-4.9936048042218815,50
460550,-6.6501975534424815,50
460600,-6.217949526803443,50
460650,-8.010113940533307,50
460700,-8.133354779761458,50
460750,-10.017729268447493,50
460800,-2.7500865792992024,50
460850,-4.35983520401161,50
460900,-4.2694806656565225,50
460950,-6.245994030167899,50
461000,-9.260097834114056,50
461050,-8.51889022886736,50
461100,-3.756914442278346,50
461150,-8.697284244724688,50
461200,-5.920018686704724,50
461250,-4.10386113022513,50
461300,-12.812294391140663,50
461350,-7.621466788004505,50
461400,-5.390200952142498,50
461450,-2.420676186006704,50
461500,-3.7346391254802014,50
461550,-5.121623080597884,50
461600,-7.046222194887095,50
461650,-6.491843701908003,50
461700,-8.021816853424749,50
461750,-10.063829823896626,50
461800,-6.76059709608444,50
461850,-3.438288139036458,50
461900,-9.927170416678804,50
461950,-8.549952727542896,50
462000,-3.150807790852807,50
462050,-8.708282854940048,50
462100,-5.397094284824416,50
462150,-9.281684234571195,50
462200,-3.4555512973607767,50
462250,-3.740243487773671,50
462300,-4.9156801272756905,50
462350,-6.711757005144159,50
462400,-8.008554167803005,50
462450,-11.680486278781524,50
462500,-10.248488421354585,50
462550,-6.492741802155585,50
462600,-9.34601641246065,50
462650,-4.820343882291396,50
462700,-4.290364308950979,50
462750,-6.830455699278807,50
462800,-5.782423359300491,50
462850,-4.7746214973147865,50
462900,-9.339290780097157,50
462950,-8.12369725684197,50
463000,-4.015061938398701,50
463050,-10.253225238886806,50
463100,-8.598830550607978,50
463150,-5.428104903767665,50
463200,-8.624312640873649,50
463250,-7.91221263397111,50
463300,-7.454713592407707,50
463350,-8.14905049308705,50
463400,-7.555305260494425,50
463450,-6.194546288930815,50
463500,-4.450745679706437,50
463550,-2.5923553642843298,50
463600,-4.537192854728717,50
463650,-10.613957645403003,50
463700,-3.381529089347753,50
463750,-5.196083226148283,50
463800,-7.386179501170859,50
463850,-8.745064207666298,50
463900,-5.854679319184754,50
463950,-9.290769606162524,50
464000,-8.617155864591487,50
464050,-10.757272672393679,50
464100,-5.892059473326981,50
464150,-4.379376086040983,50
464200,-8.575668563708824,50
464250,-6.807226323975892,50
464300,-8.597882638366032,50
464350,-3.511341900335622,50
464400,-10.258032488452953,50
464450,-8.10042595004846,50
464500,-4.5284443288464775,50
464550,-5.115541401541481,50
464600,-7.933710857447854,50
464650,-2.5676893608318636,50
464700,-3.3658282564238116,50
464750,-4.830890954247197,50
464800,-5.799710405732088,50
464850,-8.547839979461516,50
464900,-5.114592736908121,50
464950,-3.570023087098186,50
465000,-4.75483537059705,50
465050,-9.031163456068775,50
465100,-7.849630592167672,50
465150,-9.460454551630155,50
465200,-7.62506993705604,50
465250,-4.610854339241868,50
465300,-4.8446893158118245,50
465350,-2.5795232003285444,50
465400,-11.957560712710311,50
465450,-9.243240964549878,50
465500,-8.136554546389592,50
465550,-5.108784858791393,50
465600,-10.781977807999336,50
465650,-9.185565216152678,50
465700,-7.448405427471314,50
465750,-9.476002681692282,50
465800,-6.096798987932204,50
465850,-6.858802572434261,50
465900,-9.839672795502656,50
465950,-3.2064847789045414,50
466000,-10.28936164270985,50
466050,-4.8575563035442,50
466100,-7.662058831981354,50
466150,-9.783850867638005,50
466200,-5.037539527354136,50
466250,-7.94585216730806,50
466300,-7.0269337376234775,50
466350,-10.305944399785337,50
466400,-3.4991662570596067,50
466450,-13.290517757095953,50
466500,-2.8279424083413187,50
466550,-11.641413439431904,50
466600,-6.069199604551728,50
466650,-10.138856372162515,50
466700,-8.112564015682077,50
466750,-5.2623284913492485,50
466800,-7.841045959331721,50
466850,-10.034269832245071,50
466900,-3.5177474147645973,50
466950,-7.405713011710135,50
467000,-7.704442681767605,50
467050,-7.135681830195416,50
467100,-4.022414326653501,50
467150,-8.937348526340706,50
467200,-10.064610820064596,50
467250,-8.364125863316946,50
467300,-4.863655745587717,50
467350,-3.7091954142493666,50
467400,-9.668853459868314,50
467450,-5.628249371908072,50
467500,-6.041401145657121,50
467550,-6.843691912884961,50
467600,-6.037430025411908,50
467650,-8.516835831324697,50
467700,-9.45517859918038,50
467750,-7.213644265165245,50
467800,-7.070469622570805,50
467850,-4.451798696111646,50
467900,-7.904719193452427,50
467950,-5.8568519209338294,50
468000,-8.846719847450146,50
468050,-4.336590086876793,50
468100,-4.791591379271585,50
468150,-8.93661870019509,50
468200,-6.626435860566005,50
468250,-4.2965472905430095,50
468300,-4.9238661061955264,50
468350,-8.5533415141487,50
468400,-8.787269546021358,50
468450,-2.7361364729020594,50
468500,-4.767872086811615,50
468550,-8.182455345801502,50
468600,-5.783660939799783,50
468650,-5.1283906213178465,50
468700,-8.555024543291745,50
468750,-4.333362031178016,50
468800,-3.687481623008416,50
468850,-8.266978773330848,50
468900,-7.375099084271964,50
468950,-5.8076162152693485,50
469000,-4.938475725128179,50
469050,-4.744260451241522,50
469100,-2.9712169681249616,50
469150,-3.562494932252705,50
469200,-7.006828983040089,50
469250,-3.184739410457823,50
469300,-6.383215516265905,50
469350,-8.161860473683276,50
469400,-6.583136819840919,50
469450,-11.048888302324059,50
469500,-8.628808381941067,50
469550,-8.318217270034829,50
469600,-4.925149410734003,50
469650,-5.267052791928907,50
469700,-7.822831974652541,50
469750,-3.2551845560867676,50
469800,-4.940218990420981,50
469850,-11.393179736427761,50
469900,-4.610745769495251,50
469950,-6.9165481169276966,50
470000,-6.611758456166166,50
470050,-7.706152089795409,50
470100,-3.7234408126643004,50
470150,-8.159040773186208,50
470200,-6.182251304360005,50
470250,-8.118672477628389,50
470300,-6.032190099328751,50
470350,-10.508256428136129,50
470400,-6.544814889020005,50
470450,-5.035358531554118,50
470500,-9.595819926747327,50
470550,-7.085804085243981,50
470600,-9.808660548757752,50
470650,-5.199307079554956,50
470700,-10.14772530336601,50
470750,-2.8592767951971183,50
470800,-8.06005653536209,50
470850,-9.918774801570017,50
470900,-6.910828668006868,50
470950,-5.140770638461726,50
471000,-7.1368490776504245,50
471050,-9.309104986249585,50
471100,-10.072473907620063,50
471150,-8.70144610249783,50
471200,-9.948273001744974,50
471250,-7.72429636501404,50
471300,-4.93625759845285,50
471350,-5.779481385666592,50
471400,-7.440189448992148,50
471450,-4.91689076832689,50
471500,-7.198145921106011,50
471550,-7.3843797635134365,50
471600,-7.323576043016013,50
471650,-3.3203165591802315,50
471700,-4.626476764677741,50
471750,-9.827531280353707,50
471800,-3.8354047398994076,50
471850,-7.331488201121728,50
471900,-4.305363998906064,50
471950,-6.5840364183662095,50
472000,-5.145257764506252,50
472050,-7.291029031114204,50
472100,-6.496986404502936,50
472150,-2.738321247514901,50
472200,-6.912189569628353,50
472250,-9.269237590226226,50
472300,-8.300010902212517,50
472350,-5.069365800066071,50
472400,-4.064481699123061,50
472450,-4.858585600217563,50
472500,-8.818939970541646,50
472550,-6.065753962324829,50
472600,-9.105894690386034,50
472650,-4.867321638049575,50
472700,-4.302724146135735,50
472750,-6.842345570917294,50
472800,-4.686946115514073,50
472850,-7.856511629389921,50
472900,-6.788405225660966,50
472950,-7.273370653158779,50
473000,-3.4643057843767435,50
473050,-8.683179272228434,50
473100,-4.1096137796830465,50
473150,-9.532952762549128,50
473200,-6.208157828340813,50
473250,-8.250665863787232,50
473300,-6.396410339321185,50
473350,-4.568882278802303,50
473400,-7.025273792867865,50
473450,-9.145533993336667,50
473500,-3.4838509767183106,50
473550,-8.82052859849017,50
473600,-10.725499543728077,50
473650,-5.93632344549674,50
473700,-4.204633259835182,50
473750,-6.041984322179789,50
473800,-5.177313298183887,50
473850,-7.186903728561905,50
473900,-2.5011050010737117,50
473950,-4.055520803160384,50
474000,-4.797565465385583,50
474050,-6.361212662464612,50
474100,-6.306387462616378,50
474150,-5.495547551685325,50
474200,-4.754995766496917,50
474250,-8.09719601573968,50
474300,-8.56507554412831,50
474350,-6.479981905049088,50
474400,-6.192377418635311,50
474450,-10.203599609440719,50
474500,-5.928746936206302,50
474550,-8.30705820250785,50
474600,-9.886855665697153,50
474650,-2.990020226235775,50
474700,-2.813609496104373,50
474750,-5.274794700820469,50
474800,-8.557979559120476,50
474850,-2.8595602805727895,50
474900,-5.232263270888456,50
474950,-8.052469383558915,50
475000,-4.9590919616291504,50
475050,-4.196001899914435,50
475100,-9.014218409629242,50
475150,-7.434374484728619,50
475200,-4.899731798865336,50
475250,-7.6492374295957815,50
475300,-9.593382897490219,50
475350,-6.5829089328276345,50
475400,-7.679143448028454,50
475450,-8.440708337811868,50
475500,-8.893647148486354,50
475550,-7.762224027415407,50
475600,-8.07240699704119,50
475650,-3.5459468410227117,50
475700,-8.313609881087796,50
475750,-8.14118020101302,50
475800,-4.041966401122193,50
475850,-7.498210479113978,50
475900,-3.784101903012355,50
475950,-9.682305547139249,50
476000,-3.9480793704676223,50
476050,-10.554747601168673,50
476100,-7.617484485665614,50
476150,-8.971113569792715,50
476200,-6.900415854412535,50
476250,-4.162933344708996,50
476300,-5.745488721693656,50
476350,-8.709975069593284,50
476400,-10.095671664594944,50
476450,-6.858855254259606,50
476500,-11.176629778227444,50
476550,-7.980302086446047,50
476600,-7.656603383823473,50
476650,-5.80225018375979,50
476700,-7.981162386489171,50
476750,-6.730536099704896,50
476800,-5.967450714823526,50
476850,-6.276283330987749,50
476900,-7.261944080710829,50
476950,-6.966497419227469,50
477000,-8.206713841167417,50
477050,-7.339674408111757,50
477100,-4.431713380749294,50
477150,-6.987001813207851,50
477200,-3.525588939110455,50
477250,-7.411231758972394,50
477300,-7.799778558321877,50
477350,-5.634892893697597,50
477400,-7.908915409930435,50
477450,-8.613840087273127,50
477500,-6.503742874195385,50
477550,-6.114405353444309,50
477600,-6.990799265456947,50
477650,-10.024633350792508,50
477700,-4.682479561927843,50
477750,-9.414830652011286,50
477800,-4.176712180047001,50
477850,-3.5541311639814834,50
477900,-5.626053063138799,50
477950,-4.194962226541326,50
478000,-3.8043297828840448,50
478050,-6.836717858593261,50
478100,-7.5598603445113035,50
478150,-2.9359268338996967,50
478200,-5.100347283148665,50
478250,-4.340082433571095,50
478300,-4.262144853705977,50
478350,-7.306493108695972,50
478400,-6.434017737069292,50
478450,-8.83617809769341,50
478500,-8.039943519539271,50
478550,-4.667842038769278,50
478600,-5.65379084203657,50
478650,-7.965415624175208,50
478700,-2.924502686728246,50
478750,-7.29453178379419,50
478800,-7.820835317193889,50
478850,-3.591256030699044,50
478900,-6.651399487016,50
478950,-5.56755675144525,50
479000,-10.235174878617872,50
479050,-9.504071293921971,50
479100,-10.173387204694754,50
479150,-8.647586871806595,50
479200,-6.519128296839441,50
479250,-5.140871586202885,50
479300,-5.255043953949994,50
479350,-9.43636985446629,50
479400,-3.507533457648287,50
479450,-6.0556316935978085,50
479500,-3.6178506814711264,50
479550,-4.456668962419625,50
479600,-7.745485408524712,50
479650,-9.324796222880515,50
479700,-4.537199329857962,50
479750,-7.671072864921051,50
479800,-4.0847521389841,50
479850,-3.4947050498393697,50
479900,-2.596430454249704,50
479950,-4.1337609336352905,50
480000,-9.770119501518836,50
480050,-8.640872391157746,50
480100,-7.721867364808631,50
480150,-4.8319468254799105,50
480200,-10.563411437306893,50
480250,-4.036691389803897,50
480300,-8.126579892334812,50
480350,-8.62425125024397,50
480400,-4.447575184947986,50
480450,-3.3403291266236836,50
480500,-9.344666810512644,50
480550,-9.06657885621234,50
480600,-6.99755842803312,50
480650,-7.6944228914794905,50
480700,-7.401869610550784,50
480750,-6.7454273435280205,50
480800,-8.48680698008994,50
480850,-9.311694393836433,50
480900,-2.331214231624423,50
480950,-4.956209791828196,50
481000,-3.5762709222472395,50
481050,-9.570141756133614,50
481100,-10.634653673291165,50
481150,-6.984911186857019,50
481200,-2.88035069481059,50
481250,-7.824526432428835,50
481300,-2.6616014997508963,50
481350,-8.372818226029317,50
481400,-8.811449256855305,50
481450,-7.603065870025662,50
481500,-3.6739631003397237,50
481550,-3.805816554821354,50
481600,-11.624103641970072,50
481650,-6.884164952483669,50
481700,-6.398641694168441,50
481750,-7.535268483973584,50
481800,-6.813522868480092,50
481850,-8.324191741763684,50
481900,-9.33581654150531,50
481950,-6.414688476666717,50
482000,-3.32817474288506,50
482050,-6.681548902954038,50
482100,-2.481861530299039,50
482150,-2.6861869317835003,50
482200,-8.189292336317168,50
482250,-3.763734022319775,50
482300,-5.144983394124508,50
482350,-5.824117015446572,50
482400,-5.255404296990573,50
482450,-7.7576702081868545,50
482500,-3.389177725302842,50
482550,-2.750095133622925,50
482600,-4.507616970955646,50
482650,-5.199590399484812,50
482700,-8.140261462807903,50
482750,-5.251787218431596,50
482800,-6.720833154620074,50
482850,-5.37254234930062,50
482900,-7.553566279129686,50
482950,-7.665143061637869,50
483000,-8.228623873427667,50
483050,-4.8913107737661115,50
483100,-4.676469296917508,50
483150,-7.921257883343829,50
483200,-7.924968841300026,50
483250,-7.002089125513082,50
483300,-4.8745615784222345,50
483350,-8.215649388881896,50
483400,-4.567968431335137,50
483450,-5.168504302243191,50
483500,-9.051801435665562,50
483550,-7.746424909968921,50
483600,-4.9602771085918125,50
483650,-4.060266148743191,50
483700,-8.225855803393841,50
483750,-7.733348038857512,50
483800,-9.598105970978578,50
483850,-4.558968889228737,50
483900,-3.666139698819198,50
483950,-3.929710420732054,50
484000,-3.9576495810284076,50
484050,-7.692844540251157,50
484100,-6.395549745082135,50
484150,-11.21748394994059,50
484200,-7.988895335139713,50
484250,-4.162294043255953,50
484300,-9.724674554956962,50
484350,-7.681180319316622,50
484400,-8.168222715269838,50
484450,-4.448417872262805,50
484500,-3.8293745781101802,50
484550,-3.8407090247556805,50
484600,-4.503884412893803,50
484650,-6.619847236824297,50
484700,-9.230745367157965,50
484750,-3.3669259789358312,50
484800,-6.54146684482148,50
484850,-5.738067374098707,50
484900,-2.751311290438821,50
484950,-6.712985450348037,50
485000,-6.599934141495166,50
485050,-5.076919430691644,50
485100,-8.489715084880695,50
485150,-8.531849491596113,50
485200,-6.555711168665493,50
485250,-7.387734977461588,50
485300,-4.503016660943348,50
485350,-11.235158941723979,50
485400,-10.031984745742248,50
485450,-8.943968585346921,50
485500,-4.320764070171368,50
485550,-4.534020605072076,50
485600,-6.128379176582458,50
485650,-7.848117106656979,50
485700,-3.672180935154334,50
485750,-4.940782917223668,50
485800,-6.967028586544086,50
485850,-5.785836575627725,50
485900,-6.6665308982918905,50
485950,-6.513867863913099,50
486000,-3.891901711395444,50
486050,-7.937570376885763,50
486100,-4.710505681203078,50
486150,-4.119310885084888,50
486200,-4.560441239809301,50
486250,-7.792118846875809,50
486300,-5.875754522328996,50
486350,-5.846489876484741,50
486400,-7.164367843776819,50
486450,-6.9582221542115,50
486500,-7.1640613501885175,50
486550,-3.67703545081306,50
486600,-3.1756061689567767,50
486650,-4.953387404813558,50
486700,-4.024621271792619,50
486750,-6.578108538043348,50
486800,-4.9706398097314715,50
486850,-3.660512616335349,50
486900,-10.284585771371416,50
486950,-7.2688089832222005,50
487000,-8.2105093976527,50
487050,-3.37494682183353,50
487100,-7.231232978321832,50
487150,-5.392163658897893,50
487200,-10.713695890189491,50
487250,-9.860380794679465,50
487300,-11.213523752489921,50
487350,-9.599927056512085,50
487400,-8.398940152783691,50
487450,-5.02692093302382,50
487500,-7.319062013339816,50
487550,-3.715410885739388,50
487600,-7.826870327555772,50
487650,-4.879808518685728,50
487700,-4.910557372775183,50
487750,-9.288427986866601,50
487800,-6.225373348320861,50
487850,-4.829272401729967,50
487900,-4.450958701063273,50
487950,-3.1022296793327793,50
488000,-3.5211955049314727,50
488050,-6.780920721377419,50
488100,-3.163969476182435,50
488150,-6.18973143096827,50
488200,-7.392525619321863,50
488250,-10.310981106779417,50
488300,-4.887388912895576,50
488350,-6.88371350157655,50
488400,-5.093708320376163,50
488450,-3.074019455367295,50
488500,-3.639489634804402,50
488550,-8.757320645126907,50
488600,-8.00626522826858,50
488650,-7.05230964376756,50
488700,-6.542804216282199,50
488750,-3.164778111269069,50
488800,-9.029094601900796,50
488850,-11.136394837864652,50
488900,-5.623876345129685,50
488950,-5.4246407742324365,50
489000,-7.517161522523601,50
489050,-5.047674106352251,50
489100,-9.054602845760737,50
489150,-5.270893511555201,50
489200,-2.657125611949026,50
489250,-6.354872834492117,50
489300,-3.2880878950603365,50
489350,-4.841436039656823,50
489400,-4.059089396553335,50
489450,-5.631571641599964,50
489500,-5.579996780854425,50
489550,-8.490401378107592,50
489600,-7.928587106505899,50
489650,-7.697347958394553,50
489700,-8.14965440899581,50
489750,-10.719941422224185,50
489800,-8.68960019167218,50
489850,-10.328447095912953,50
489900,-7.5950793847085345,50
489950,-4.46561413350387,50
490000,-8.821569204776543,50
490050,-6.395711062820189,50
490100,-5.412744422373042,50
490150,-9.045910684001381,50
490200,-9.554683767940599,50
490250,-8.602612932367354,50
490300,-3.8341109005394367,50
490350,-5.489600260166923,50
490400,-9.635314234722076,50
490450,-3.4545512083931404,50
490500,-3.8094943639199914,50
490550,-3.944648578133295,50
490600,-7.6053360479251015,50
490650,-4.718284761446483,50
490700,-7.7924375277256255,50
490750,-4.468672033017973,50
490800,-6.665404140313304,50
490850,-9.061653899292352,50
490900,-11.057153758254389,50
490950,-2.709414708174395,50
491000,-8.518468235415908,50
491050,-7.151919229471832,50
491100,-11.900399725326352,50
491150,-6.351350085514916,50
491200,-4.695827980385081,50
491250,-8.317398050072049,50
491300,-3.011297684786852,50
491350,-4.634772982448309,50
491400,-3.8359183729756703,50
491450,-9.870981969149508,50
491500,-4.621081097012128,50
491550,-6.406139566822032,50
491600,-5.14007256830753,50
491650,-7.704013822523035,50
491700,-7.236850583284104,50
491750,-3.651681759933834,50
491800,-7.227514131617821,50
491850,-3.454374643514847,50
491900,-4.176664293582416,50
491950,-6.658699918398996,50
492000,-4.77259831956778,50
492050,-4.546986755093718,50
492100,-11.159683470988321,50
492150,-4.464966885084966,50
492200,-4.176416792672277,50
492250,-7.049292296885819,50
492300,-3.8324801895936154,50
492350,-7.768132192764178,50
492400,-9.6886100755237,50
492450,-3.489535357983449,50
492500,-7.675022701147182,50
492550,-6.632507590529212,50
492600,-8.308815979836378,50
492650,-11.507459599055672,50
492700,-10.124989252800335,50
492750,-7.294427768552256,50
492800,-9.255845429031101,50
492850,-7.017183255852172,50
492900,-4.807709528571041,50
492950,-17.187119381883072,50
493000,-8.64890867400515,50
493050,-7.322231343011486,50
493100,-2.86163029523727,50
493150,-4.526300277758747,50
493200,-7.669881876118533,50
493250,-5.6892883643206025,50
493300,-6.056239216036756,50
493350,-4.581427898426339,50
493400,-4.818001321489116,50
493450,-7.4012675607408775,50
493500,-8.11327412682505,50
493550,-7.5070974902215895,50
493600,-4.078735322403086,50
493650,-5.719833261993147,50
493700,-3.4711088898253784,50
493750,-7.387888468045347,50
493800,-7.228976330344473,50
493850,-3.879452344035218,50
493900,-5.100348661904726,50
493950,-6.158872981480594,50
494000,-7.482133984224994,50
494050,-4.2918304795625,50
494100,-6.518623565788726,50
494150,-3.095177251037219,50
494200,-8.469275791449032,50
494250,-4.496499024706053,50
494300,-5.272297210531809,50
494350,-8.085949207020303,50
494400,-4.440047471712565,50
494450,-9.512122144454711,50
494500,-6.159619443161128,50
494550,-10.100112972401195,50
494600,-10.424945110931263,50
494650,-2.575613042590442,50
494700,-4.354180185699454,50
494750,-8.052895650366512,50
494800,-4.408867521577789,50
494850,-8.659514603265851,50
494900,-4.198533738401886,50
494950,-6.135427885486253,50
495000,-9.52797258786171,50
495050,-9.26471423235978,50
495100,-9.202533914052028,50
495150,-8.938875691905745,50
495200,-3.8721975237747115,50
495250,-6.112919527700057,50
495300,-7.868007090402228,50
495350,-9.307150481569119,50
495400,-3.368495831389506,50
495450,-7.687541262783441,50
495500,-11.076461353321347,50
495550,-6.005398644189432,50
495600,-4.120970759844194,50
495650,-3.7097098332902263,50
495700,-4.803927719958747,50
495750,-5.747632286412423,50
495800,-6.904386472526475,50
495850,-8.403709936779657,50
495900,-7.971143206086367,50
495950,-6.664242696261061,50
496000,-3.633698433654213,50
496050,-7.5963143032796605,50
496100,-4.47919812707893,50
496150,-7.486341189871643,50
496200,-6.424281961995164,50
496250,-6.971283778369223,50
496300,-7.393525632950685,50
496350,-8.351736021973789,50
496400,-2.8598444119479693,50
496450,-4.743899571572908,50
496500,-8.73562305274915,50
496550,-11.432543091385453,50
496600,-9.65134791144339,50
496650,-6.293504272576071,50
496700,-10.119459398997975,50
496750,-8.565842294303982,50
496800,-3.9074130587700435,50
496850,-9.043883385921038,50
496900,-4.875240657106749,50
496950,-8.842241227294405,50
497000,-5.804896688747689,50
497050,-8.613268534774212,50
497100,-8.05074539875519,50
497150,-7.777078452970715,50
497200,-4.332930258090263,50
497250,-6.370709544144785,50
497300,-3.059171937130491,50
497350,-7.3593792665637165,50
497400,-7.052413688974716,50
497450,-5.530760072648376,50
497500,-6.717933788730008,50
497550,-2.913575884646999,50
497600,-9.235635990492403,50
497650,-5.767583391667011,50
497700,-8.192757071264722,50
497750,-4.827077725957643,50
497800,-3.372102052270514,50
497850,-6.63990169804232,50
497900,-6.2143773495150025,50
497950,-9.965715199119247,50
498000,-6.901729381879506,50
498050,-6.276766574751534,50
498100,-7.96156798158202,50
498150,-4.786228468538578,50
498200,-6.269735642148937,50
498250,-4.009637528592469,50
498300,-5.3307960170705035,50
498350,-3.7126342239817465,50
498400,-8.641182730601148,50
498450,-3.5734364175151847,50
498500,-10.174164672148557,50
498550,-5.351236285589033,50
498600,-4.423832133099064,50
498650,-8.090007377737173,50
498700,-10.770595061366821,50
498750,-6.662315650282628,50
498800,-4.3859684538226436,50
498850,-7.79269491911506,50
498900,-4.625570340566733,50
498950,-5.748744474172113,50
499000,-3.282931098655952,50
499050,-7.856455234867695,50
499100,-5.324870103959738,50
499150,-6.350178609670125,50
499200,-8.172502542906345,50
499250,-12.238889617743025,50
499300,-2.940947291952669,50
499350,-2.379039687614264,50
499400,-2.3421004176061,50
499450,-2.5284948507547695,50
499500,-2.5593168439268306,50
499550,-5.292355553164638,50
499600,-4.743021400841339,50
499650,-2.909607961541726,50
499700,-4.54276884753674,50
499750,-6.351596935069251,50
499800,-7.143051469959418,50
499850,-5.553258406055538,50
499900,-11.649341003190976,50
499950,-6.318723810140675,50
500000,-8.787360299904481,50
500050,-7.752888014823196,50
500100,-4.987368517271493,50
500150,-9.410845782577546,50
500200,-6.763916619581985,50
500250,-4.748587556918031,50
500300,-6.626140054005629,50
500350,-3.9316570640284287,50
500400,-7.472268959726582,50
500450,-7.946374192138928,50
500500,-8.419847339525408,50
500550,-6.666308446729875,50
500600,-6.679023134673208,50
500650,-10.204751519267885,50
500700,-9.37619794322707,50
500750,-3.7808698064006516,50
500800,-3.003812763516851,50
500850,-2.6201696437391955,50
500900,-2.9397533202562087,50
500950,-4.867110366022165,50
501000,-3.363515905654414,50
501050,-8.12014190391927,50
501100,-3.92880156800995,50
501150,-8.553167101952814,50
501200,-7.3937123883476765,50
501250,-7.640844234732346,50
501300,-4.749716667914076,50
501350,-4.753332645509331,50
501400,-7.572982036039958,50
501450,-8.500851057339036,50
501500,-5.013884599180955,50
501550,-6.324951898862775,50
501600,-6.8217492643682265,50
501650,-8.71587597792906,50
501700,-5.384696552526112,50
501750,-11.023394430871244,50
501800,-6.47647994211047,50
501850,-8.184867018283878,50
501900,-8.107822335859924,50
501950,-5.220830927165224,50
502000,-7.721152609898153,50
502050,-6.609373094214989,50
502100,-6.299511173418722,50
502150,-9.74896159845768,50
502200,-9.028383077267405,50
502250,-8.451049444960564,50
502300,-6.666238249526695,50
502350,-8.003385994106473,50
502400,-2.746688056181636,50
502450,-5.92814419146277,50
502500,-8.273571728238728,50
502550,-6.037223162962082,50
502600,-6.825089078396503,50
502650,-7.240045107384138,50
502700,-8.35309615725302,50
502750,-5.687840076423294,50
502800,-8.484289420225876,50
502850,-7.407785925526304,50
502900,-8.892560002048702,50
502950,-7.8155646113777095,50
503000,-6.505151546157227,50
503050,-2.4760663156936253,50
503100,-12.467384013298528,50
503150,-7.4351613865317745,50
503200,-3.2317641412597005,50
503250,-4.413114593817128,50
503300,-7.85325884728119,50
503350,-6.802247728517963,50
503400,-5.531077865703237,50
503450,-7.899147905995354,50
503500,-4.820709308996263,50
503550,-6.7609982779855535,50
503600,-8.43623720959044,50
503650,-8.306794718918624,50
503700,-6.637505312297238,50
503750,-7.7707570818584335,50
503800,-7.363136248639869,50
503850,-8.685752341172572,50
503900,-8.980446720964002,50
503950,-4.189529610068932,50
504000,-3.944658184164907,50
504050,-6.623297919891315,50
504100,-2.3207376608685677,50
504150,-8.072997417006192,50
504200,-8.025537965286807,50
504250,-7.9714155011636985,50
504300,-8.96900543187281,50
504350,-7.935044599803923,50
504400,-11.462358701115306,50
504450,-3.5591344014894526,50
504500,-5.3628204309971474,50
504550,-4.2602851706515015,50
504600,-2.775019196561345,50
504650,-7.211362948294461,50
504700,-2.7894446104071036,50
504750,-4.0390761806949635,50
504800,-5.655871370048812,50
504850,-8.38307930463761,50
504900,-4.931009118927812,50
504950,-8.717678117906368,50
505000,-5.78527284987001,50
505050,-7.579458174810932,50
505100,-5.852594511854343,50
505150,-8.183998765006875,50
505200,-8.140456069182074,50
505250,-3.623436658273438,50
505300,-8.528199896403933,50
505350,-7.654606163435496,50
505400,-9.17391964982028,50
505450,-9.365130718023714,50
505500,-4.754062088835285,50
505550,-3.350767833935763,50
505600,-7.693651363031684,50
505650,-3.0489447366321625,50
505700,-2.51354878350572,50
505750,-7.576319201010291,50
505800,-6.063689483661647,50
505850,-6.788920599397325,50
505900,-6.220599414067381,50
505950,-8.173832828362771,50
506000,-2.991216913788058,50
506050,-7.4808241342119475,50
506100,-3.395914964101589,50
506150,-5.145028384165402,50
506200,-3.058541685290875,50
506250,-5.993017256019852,50
506300,-8.860098676441009,50
506350,-2.3895537497160633,50
506400,-10.072694091033242,50
506450,-8.339590566398478,50
506500,-6.648733255489179,50
506550,-4.157730791581017,50
506600,-8.133704499535119,50
506650,-7.638430770861846,50
506700,-2.895951249251781,50
506750,-3.015099430401745,50
506800,-6.783666589908615,50
506850,-4.623824814534984,50
506900,-5.583927529206843,50
506950,-6.010197528097019,50
507000,-6.980548833548501,50
507050,-8.319934833396937,50
507100,-7.352209996094167,50
507150,-4.224800721104842,50
507200,-5.976902806469329,50
507250,-4.204058170545466,50
507300,-9.170909059164961,50
507350,-5.59692024772579,50
507400,-8.316832207055876,50
507450,-7.371436162887938,50
507500,-5.34919642120485,50
507550,-3.3237148874271876,50
507600,-9.03845921564338,50
507650,-12.196375605228168,50
507700,-5.107848001566872,50
507750,-3.138674850805032,50
507800,-7.742469205117221,50
507850,-7.9875128014314205,50
507900,-2.5483211849404874,50
507950,-4.828970195158093,50
508000,-5.823429127155487,50
508050,-8.231304405105712,50
508100,-7.380607137227944,50
508150,-9.810031101261458,50
508200,-4.814653868355373,50
508250,-2.8603482659294612,50
508300,-6.460976997442044,50
508350,-6.829679332262995,50
508400,-5.672866359343284,50
508450,-8.460506411247385,50
508500,-8.379356317272205,50
508550,-7.821158216963917,50
508600,-7.70943467462245,50
508650,-10.568669429914825,50
508700,-8.419128950815445,50
508750,-7.843345882598284,50
508800,-3.119773368393872,50
508850,-5.38224955407215,50
508900,-2.713980509187798,50
508950,-3.0304132549252185,50
509000,-8.109101191293679,50
509050,-10.76530380314547,50
509100,-6.307651495923618,50
509150,-7.270072570590634,50
509200,-3.253699220698963,50
509250,-11.671661121457806,50
509300,-4.257157137472098,50
509350,-4.115353397276102,50
509400,-3.2480363002683457,50
509450,-4.890341142447071,50
509500,-7.842772156951488,50
509550,-3.9818912968920412,50
509600,-1.9010626651435902,50
509650,-8.72534305772416,50
509700,-8.613307729814808,50
509750,-6.6382781200299235,50
509800,-2.245019910629829,50
509850,-8.13629124663764,50
509900,-4.181050486896214,50
509950,-4.877022884788155,50
510000,-8.470325095224878,50
510050,-3.490121076335452,50
510100,-5.213178682498,50
510150,-4.375496355350184,50
510200,-4.147191714910195,50
510250,-5.4596430388167665,50
510300,-5.085191541473924,50
510350,-5.695702083968077,50
510400,-7.420452426335096,50
510450,-6.309886571729389,50
510500,-7.30616976880132,50
510550,-8.427930681640204,50
510600,-3.3751138833075456,50
510650,-7.071094805140067,50
510700,-8.69379807783687,50
510750,-8.404004128461079,50
510800,-7.307612542840857,50
510850,-8.365354814138774,50
510900,-2.934423571379739,50
510950,-4.309502124073915,50
511000,-9.00747935383746,50
511050,-7.78486689831687,50
511100,-5.227343281459963,50
511150,-3.8779326846828255,50
511200,-5.988025044951616,50
511250,-8.060832470557342,50
511300,-5.187976256563274,50
511350,-6.164742904251117,50
511400,-8.49470323664441,50
511450,-7.623888714676002,50
511500,-4.904157147460074,50
511550,-3.854557972990156,50
511600,-8.131949946119423,50
511650,-3.6898569212598633,50
511700,-7.651057044082271,50
511750,-7.845224018650131,50
511800,-3.1573521231448693,50
511850,-8.034718497473195,50
511900,-3.4016193638856222,50
511950,-6.638335086301572,50
512000,-7.652144311297216,50
512050,-8.48229943669036,50
512100,-7.693561739681595,50
512150,-8.9635218246075,50
512200,-8.658341065617163,50
512250,-7.607204823179266,50
512300,-6.708198079022735,50
512350,-7.136165706059832,50
512400,-9.690893460781613,50
512450,-7.483116701545382,50
512500,-4.7033981996291,50
512550,-9.788881469252141,50
512600,-8.386020306686484,50
512650,-9.892985891192833,50
512700,-2.311391932325531,50
512750,-11.242691992253,50
512800,-6.512741605192687,50
512850,-3.4098050687356234,50
512900,-7.559036970560235,50
512950,-7.972586845293647,50
513000,-5.361332665721525,50
513050,-8.36236802179801,50
513100,-7.396536205989997,50
513150,-3.2366379114664054,50
513200,-6.9603689090671965,50
513250,-7.762893924443522,50
513300,-7.847435020612262,50
513350,-5.777833017549244,50
513400,-4.740226014737026,50
513450,-5.55279724098859,50
513500,-4.507709802291324,50
513550,-7.259318963373506,50
513600,-8.896378007339829,50
513650,-7.534178000104309,50
513700,-10.711771356666768,50
513750,-5.667442126345243,50
513800,-1.4278600608493086,50
513850,-8.579024719557337,50
513900,-7.841868343404323,50
513950,-7.627065332446407,50
514000,-5.335265928546413,50
514050,-5.583900827140802,50
514100,-4.68187137891437,50
514150,-6.556820794306878,50
514200,-3.3473200570185364,50
514250,-4.5094208666979325,50
514300,-9.191247112021745,50
514350,-11.454591720099033,50
514400,-8.276013953443721,50
514450,-6.537492343840433,50
514500,-6.018611235113254,50
514550,-2.747197156632482,50
514600,-8.044682547526435,50
514650,-9.035004999739835,50
514700,-9.381216392947074,50
514750,-8.524595774542727,50
514800,-4.202450672762845,50
514850,-2.5110440834262477,50
514900,-9.982570670408162,50
514950,-7.633355938691028,50
515000,-2.4979854058587154,50
515050,-10.675348309888353,50
515100,-8.84115862236316,50
515150,-8.644784999411758,50
515200,-2.738871927095234,50
515250,-8.231131982022685,50
515300,-4.395905598406217,50
515350,-5.2250195112334845,50
515400,-4.281727351137994,50
515450,-8.632871859834692,50
515500,-9.133604212008875,50
515550,-8.58628846815978,50
515600,-7.739153753210858,50
515650,-7.363774421812498,50
515700,-8.300491098156943,50
515750,-5.546264486686737,50
515800,-2.559513274953646,50
515850,-8.786113502400525,50
515900,-5.866430250620027,50
515950,-2.5082049660925057,50
516000,-3.56183984231041,50
516050,-6.931380809362081,50
516100,-6.347592011017515,50
516150,-6.422160497292773,50
516200,-7.103952319754361,50
516250,-5.162750313028284,50
516300,-3.088818793700824,50
516350,-6.922201729792951,50
516400,-8.13150513077082,50
516450,-4.888408438852689,50
516500,-6.1478984970412105,50
516550,-8.569313276038491,50
516600,-7.5007660872192465,50
516650,-2.081017947717477,50
516700,-3.0095996328313404,50
516750,-7.265344388613427,50
516800,-4.5635321729723515,50
516850,-3.787666702896932,50
516900,-5.145667474541713,50
516950,-9.278437825435903,50
517000,-8.35727861717471,50
517050,-7.843072930907045,50
517100,-6.936693184689018,50
517150,-10.545269024390743,50
517200,-8.157922466892321,50
517250,-3.5414255631163614,50
517300,-2.9318121826871093,50
517350,-4.407513242283702,50
517400,-4.430290347668737,50
517450,-8.855366001950165,50
517500,-8.885834227881904,50
517550,-8.310244482166393,50
517600,-9.87552880356437,50
517650,-8.131420019209031,50
517700,-8.499511004503441,50
517750,-8.5430772537252,50
517800,-5.202827007167805,50
517850,-8.01237130569226,50
517900,-7.131632784583961,50
517950,-5.367873787581653,50
518000,-8.169754503800208,50
518050,-10.014226621713185,50
518100,-5.365742883407569,50
518150,-8.34500952590685,50
518200,-5.08564175732288,50
518250,-7.8863599951864645,50
518300,-7.304924994483692,50
518350,-4.669155992220272,50
518400,-7.8428408831030545,50
518450,-6.645159871798126,50
518500,-8.243134248647515,50
518550,-7.8606264935315995,50
518600,-3.573867221920999,50
518650,-6.320226233035282,50
518700,-7.728135757171835,50
518750,-6.831646494104058,50
518800,-5.0517215491345695,50
518850,-6.6408158115398805,50
518900,-6.179862928209272,50
518950,-7.369700074180012,50
519000,-3.318289282004454,50
519050,-7.750867027594171,50
519100,-7.941690537187003,50
519150,-4.843014212365055,50
519200,-5.850900075244512,50
519250,-5.834928170307666,50
519300,-7.925289922253633,50
519350,-8.18214271390484,50
519400,-3.5620384682319974,50
519450,-8.175129487590118,50
519500,-8.328903166950283,50
519550,-8.351873232938201,50
519600,-4.662151022838299,50
519650,-2.8498176694181048,50
519700,-8.584127146805713,50
519750,-2.4184432394745725,50
519800,-7.680740402180123,50
519850,-2.176026114340648,50
519900,-5.900295442417497,50
519950,-8.468476135189112,50
520000,-7.789680055927632,50
520050,-7.575001300910196,50
520100,-3.622024933789962,50
520150,-1.802735564968127,50
520200,-7.31436020469525,50
520250,-9.465793826631064,50
520300,-5.58226865973822,50
520350,-7.468890112573604,50
520400,-8.267183366359312,50
520450,-4.952713025652416,50
520500,-8.083905148568476,50
520550,-8.567334877313257,50
520600,-8.951138405079243,50
520650,-5.735459751134323,50
520700,-8.006533040469089,50
520750,-8.017647194330946,50
520800,-3.4927272342473636,50
520850,-8.518808160952851,50
520900,-6.915296222421417,50
520950,-7.373974489194691,50
521000,-9.526670790738772,50
521050,-7.358804453442002,50
521100,-7.431162601867014,50
521150,-7.374502150742458,50
521200,-7.931961718635693,50
521250,-8.170722158498736,50
521300,-7.425917688606154,50
521350,-4.72348768435286,50
521400,-3.8843272999739415,50
521450,-4.228675281980629,50
521500,-4.808951174662432,50
521550,-10.088420490128613,50
521600,-2.7158992157306465,50
521650,-8.816703821678598,50
521700,-6.432060958582992,50
521750,-6.763223000257984,50
521800,-2.5772361049988497,50
521850,-5.831892139453635,50
521900,-8.344730461752182,50
521950,-6.560272294458806,50
522000,-8.003091527715226,50
522050,-8.640104134888476,50
522100,-7.923074801888308,50
522150,-7.540446365505814,50
522200,-6.738540864410842,50
522250,-4.597881843113681,50
522300,-5.029684183202608,50
522350,-8.26428321435041,50
522400,-9.3527329426925,50
522450,-8.882954852139488,50
522500,-2.7931248062740828,50
522550,-8.047497564091776,50
522600,-5.604331152866516,50
522650,-9.155057092971091,50
522700,-7.92154764570624,50
522750,-4.619816684375105,50
522800,-6.685035465559716,50
522850,-5.131448346782613,50
522900,-4.935575061532076,50
522950,-2.904962127832068,50
523000,-9.235717073659284,50
523050,-2.672697815979169,50
523100,-7.267385186633366,50
523150,-2.4090519746147603,50
523200,-4.296845221055199,50
523250,-2.1422929432475937,50
523300,-3.7476875923212205,50
523350,-5.63995292835529,50
523400,-3.8775560870543724,50
523450,-5.038791171475615,50
523500,-7.416823519239905,50
523550,-3.445637635918311,50
523600,-4.615731115839754,50
523650,-7.208697077023895,50
523700,-9.194666522657846,50
523750,-5.471671936902238,50
523800,-5.042524486310837,50
523850,-12.532779029499496,50
523900,-7.1934274337806485,50
523950,-8.640307004613692,50
524000,-5.844382883623167,50
524050,-8.291971311999127,50
524100,-8.195280372844628,50
524150,-5.653031671236455,50
524200,-6.307931500866468,50
524250,-7.49571562171218,50
524300,-6.754996012249483,50
524350,-3.1961363895595287,50
524400,-6.623185815184135,50
524450,-8.573766114688228,50
524500,-8.08166996267441,50
524550,-7.448919820278206,50
524600,-8.76900683177657,50
524650,-8.685703657315337,50
524700,-8.180520130786675,50
524750,-6.765706269167611,50
524800,-5.413173988374103,50
524850,-2.3747761809291963,50
524900,-2.644414997767617,50
524950,-11.664019641615356,50
525000,-7.387316224720651,50
525050,-8.456371113567602,50
525100,-7.701254258400079,50
525150,-3.285117234769634,50
525200,-4.403483822523544,50
525250,-8.883792353870117,50
525300,-7.777799241944279,50
525350,-8.714501333425888,50
525400,-7.5855932203785095,50
525450,-6.009200820049206,50
525500,-16.060109842054246,50
525550,-7.589242282015202,50
525600,-7.477892410314007,50
525650,-7.327483272273373,50
525700,-8.144998098774096,50
525750,-4.25851831871351,50
525800,-4.666065405222014,50
525850,-6.926487476879748,50
525900,-6.886789327445246,50
525950,-8.398445334122396,50
526000,-6.364796897871405,50
526050,-3.8606694664302244,50
526100,-3.4838884267766286,50
526150,-8.544983135601926,50
526200,-7.4271096997639265,50
526250,-7.6060725469088775,50
526300,-10.18356865797472,50
526350,-8.644181040300879,50
526400,-8.01232646978406,50
526450,-3.9128038434961896,50
526500,-4.607744056867201,50
526550,-7.147287718169282,50
526600,-8.744809903794286,50
526650,-2.5958660405542244,50
526700,-7.916167305703642,50
526750,-4.694937231591348,50
526800,-8.10901592291503,50
526850,-6.469522176100325,50
526900,-6.440395812449542,50
526950,-11.201586602366033,50
527000,-6.423036541669076,50
527050,-3.992206547052444,50
527100,-7.565288744445613,50
527150,-2.309053873782625,50
527200,-4.857522085656692,50
527250,-9.931617476104986,50
527300,-3.623900433309515,50
527350,-8.208899464063379,50
527400,-9.150151412856323,50
527450,-6.275506773100291,50
527500,-4.351368654087861,50
527550,-10.534303822677975,50
527600,-9.873457794698401,50
527650,-8.09027598233485,50
527700,-8.217422165349733,50
527750,-6.4313777282716496,50
527800,-3.6034643231842733,50
527850,-7.9342576882108755,50
527900,-9.166267006187233,50
527950,-7.731437302750918,50
528000,-7.318517798905787,50
528050,-10.851472563595745,50
528100,-7.568289450277613,50
528150,-9.612378324528297,50
528200,-6.404468385313204,50
528250,-5.727876374754952,50
528300,-10.698278377480849,50
528350,-8.44939158168895,50
528400,-8.444716865203958,50
528450,-5.663938666970183,50
528500,-6.077592502905121,50
528550,-6.546452316262279,50
528600,-2.261418593803745,50
528650,-5.308154953476143,50
528700,-6.440594081528784,50
528750,-8.336339256703706,50
528800,-7.296459401606639,50
528850,-8.099409672243668,50
528900,-8.95095543655197,50
528950,-6.469027913048178,50
529000,-8.012713806002266,50
529050,-7.9125824432028615,50
529100,-6.6583808124178505,50
529150,-8.804216470238392,50
529200,-5.976316474641525,50
529250,-6.590072347768626,50
529300,-4.047945290647157,50
529350,-8.558781956084985,50
529400,-6.513282730039508,50
529450,-7.530662545765275,50
529500,-7.871381797679002,50
529550,-7.512912347414542,50
529600,-7.8165829101284015,50
529650,-6.925693547946114,50
529700,-11.10617034593844,50
529750,-5.295442496043671,50
529800,-13.120272598765537,50
529850,-6.652561121251293,50
529900,-3.422031959867341,50
529950,-6.019453678460492,50
530000,-5.763364931484509,50
530050,-7.135598624863578,50
530100,-6.4858012174929245,50
530150,-6.500473719516859,50
530200,-6.235701338372,50
530250,-6.883713358134954,50
530300,-7.058978715147813,50
530350,-7.660318131107329,50
530400,-8.146153933924108,50
530450,-7.922208729710413,50
530500,-3.588016690605659,50
530550,-6.937036884752311,50
530600,-3.752187097405902,50
530650,-13.405862788426978,50
530700,-7.790229328745488,50
530750,-3.664840098182895,50
530800,-5.291525874864128,50
530850,-3.6853092004330454,50
530900,-9.518598580959692,50
530950,-7.738244675278882,50
531000,-2.784285393598523,50
531050,-9.644508088190655,50
531100,-3.246147861212077,50
531150,-7.993496933558458,50
531200,-2.5413024062599376,50
531250,-7.946352459880195,50
531300,-3.7768124151805442,50
531350,-9.678211750003541,50
531400,-5.901965982002988,50
531450,-10.051267732906616,50
531500,-8.861520351014288,50
531550,-4.2267560439783445,50
531600,-6.9868959906367465,50
531650,-4.551334790550876,50
531700,-4.700539110670235,50
531750,-8.824045702177802,50
531800,-5.563101100601723,50
531850,-5.4105130533949914,50
531900,-6.337717543672637,50
531950,-7.874355578406644,50
532000,-9.26363501773245,50
532050,-4.829605502930833,50
532100,-8.352778237726202,50
532150,-8.044321090696593,50
532200,-7.525816710710055,50
532250,-3.425720629249387,50
532300,-4.799523991367214,50
532350,-2.635350695624253,50
532400,-9.0009731937321,50
532450,-7.887937695171559,50
532500,-6.866808638065745,50
532550,-5.009459884648971,50
532600,-3.9781760632014262,50
532650,-1.5954460256002223,50
532700,-7.691244111642594,50
532750,-7.442311581860042,50
532800,-4.542363191100962,50
532850,-8.22828303710045,50
532900,-8.15707681960249,50
532950,-4.6738504490835435,50
533000,-8.319508202894124,50
533050,-6.8170525798014925,50
533100,-8.796836386482168,50
533150,-6.756395412635964,50
533200,-7.094962885401869,50
533250,-10.322236673654736,50
533300,-4.0972541903070985,50
533350,-8.405237939865753,50
533400,-5.253814440612246,50
533450,-8.587204516896124,50
533500,-7.550661726531396,50
533550,-6.362419302801335,50
533600,-7.324528936801983,50
533650,-5.62339452415859,50
533700,-5.290376811559585,50
533750,-6.5108016967862214,50
533800,-4.645646942766726,50
533850,-5.953635875900289,50
533900,-4.635597914336898,50
533950,-5.32345471513438,50
534000,-3.273084513832445,50
534050,-4.841052955317831,50
534100,-4.25286453243815,50
534150,-8.640819139188798,50
534200,-8.330122305773887,50
534250,-5.846945128018574,50
534300,-7.7069739351059665,50
534350,-4.163085405456152,50
534400,-7.797653461364979,50
534450,-5.937034643499057,50
534500,-8.49398486833609,50
534550,-7.733531032536152,50
534600,-6.519410568230952,50
534650,-7.4943829497242955,50
534700,-5.210138361001027,50
534750,-5.190452489862695,50
534800,-5.3949641200023635,50
534850,-6.46974446638097,50
534900,-7.783725402968364,50
534950,-10.021051762369195,50
535000,-4.199431376618445,50
535050,-6.630876021785046,50
535100,-7.76412180692864,50
535150,-7.7886793027158,50
535200,-5.457118321435859,50
535250,-6.404682459953435,50
535300,-8.372027619487726,50
535350,-7.9252273891854275,50
535400,-3.5255204240572775,50
535450,-5.005421553273388,50
535500,-10.02883517656764,50
535550,-13.641678574798421,50
535600,-7.7582848568025655,50
535650,-4.99763507853718,50
535700,-4.418845708797945,50
535750,-8.492070943638373,50
535800,-8.322852849178169,50
535850,-3.0361642761002035,50
535900,-8.950398900042302,50
535950,-7.386975762930869,50
536000,-6.373157727703978,50
536050,-7.567617138794358,50
536100,-8.511539606762748,50
536150,-5.672673641073783,50
536200,-8.017674857028572,50
536250,-3.660975725998563,50
536300,-8.29693685181515,50
536350,-7.691784659897282,50
536400,-8.350114546725878,50
536450,-4.449235995768264,50
536500,-2.970521482423243,50
536550,-7.541248130862118,50
536600,-7.228520563642075,50
536650,-7.645690595170755,50
536700,-4.873098016461772,50
536750,-8.649211444978752,50
536800,-8.410616220341332,50
536850,-7.918530449290092,50
536900,-4.053121712890531,50
536950,-4.48469829616295,50
537000,-7.83687023095945,50
537050,-9.973358293736942,50
537100,-5.371431755136689,50
537150,-5.797950899085185,50
537200,-7.8428835132922785,50
537250,-7.699974487373816,50
537300,-8.824426836743962,50
537350,-7.914173798659031,50
537400,-10.496629398732082,50
537450,-4.3613711213843285,50
537500,-5.841299756070153,50
537550,-10.435260693679846,50
537600,-5.180420769026683,50
537650,-7.198151761160459,50
537700,-8.824073321706171,50
537750,-4.892282528765141,50
537800,-7.248506955373715,50
537850,-7.309458339025622,50
537900,-2.559116722393367,50
537950,-9.945972651308335,50
538000,-7.120314510970473,50
538050,-5.575674703728497,50
538100,-4.97765338122904,50
538150,-7.99558322579661,50
538200,-4.5981952066067455,50
538250,-6.529563797251892,50
538300,-5.252552170933993,50
538350,-4.598339508983605,50
538400,-8.378422762318184,50
538450,-6.0928104307551365,50
538500,-4.733810586924851,50
538550,-3.957459397078493,50
538600,-7.873807933359117,50
538650,-5.332485496317267,50
538700,-6.4370457434146395,50
538750,-6.8713992133615225,50
538800,-4.9775862362904855,50
538850,-4.3818627153723035,50
538900,-6.06305444308924,50
538950,-9.658828785248351,50
539000,-7.030802448457681,50
539050,-7.977805795931182,50
539100,-2.5349797690703832,50
539150,-7.783350844783431,50
539200,-9.431151935819305,50
539250,-6.858044167073576,50
539300,-7.708330820091747,50
539350,-7.533189984247972,50
539400,-4.9174817007565395,50
539450,-7.728181691989539,50
539500,-7.503852427550815,50
539550,-5.020660674355376,50
539600,-3.0403975499901517,50
539650,-8.386115701549775,50
539700,-6.88533837268368,50
539750,-7.403933804561512,50
539800,-7.188262970044123,50
539850,-6.288299917398302,50
539900,-4.706665141878301,50
539950,-7.5604465078741505,50
540000,-3.5371714011224022,50
540050,-6.020979613716537,50
540100,-9.995262347518247,50
540150,-8.617407202480397,50
540200,-7.697644969253786,50
540250,-8.113057695331136,50
540300,-9.65419157622046,50
540350,-8.448578489129703,50
540400,-4.35472723287842,50
540450,-7.17592502332322,50
540500,-8.065414832925,50
540550,-5.357855034611516,50
540600,-5.1181918929566415,50
540650,-2.877869504060939,50
540700,-5.2701863398408975,50
540750,-5.837857813424198,50
540800,-4.6758965446875385,50
540850,-5.942220277453102,50
540900,-7.6986053102158545,50
540950,-5.833940223401819,50
541000,-6.8733916993954765,50
541050,-4.605292375690557,50
541100,-6.3758513362929,50
541150,-8.335560695723036,50
541200,-5.397131842124643,50
541250,-6.753260263123731,50
541300,-10.151396984940314,50
541350,-4.731753345056715,50
541400,-5.029896662736257,50
541450,-5.2799966003679915,50
541500,-8.542729456763274,50
541550,-7.6084611446897,50
541600,-12.262061941360626,50
541650,-7.775207444007164,50
541700,-9.644784429989905,50
541750,-7.612366485413273,50
541800,-8.161020910606805,50
541850,-6.519965770522427,50
541900,-7.372122092730448,50
541950,-7.189309845419587,50
542000,-6.727124310791782,50
542050,-5.419619598890535,50
542100,-6.673801108408012,50
542150,-7.753944597976607,50
542200,-6.270791561441577,50
542250,-7.855196687319173,50
542300,-6.8342996166295675,50
542350,-6.620624502888333,50
542400,-6.445894508020495,50
542450,-5.865373935394984,50
542500,-3.318053475574855,50
542550,-3.6928061902821963,50
542600,-3.6383214550214946,50
542650,-9.694151950811133,50
542700,-2.414924166973474,50
542750,-5.227932427983662,50
542800,-4.750959060991251,50
542850,-5.206184704552301,50
542900,-4.418428056592108,50
542950,-14.668415292891973,50
543000,-6.673071110394082,50
543050,-7.111221548050841,50
543100,-3.774146348910662,50
543150,-7.918543879678302,50
543200,-7.958990612070484,50
543250,-6.6191341084351,50
543300,-9.125304315688917,50
543350,-4.004876790352421,50
543400,-6.430629329436952,50
543450,-6.0095229096743665,50
543500,-2.758411894736503,50
543550,-4.411165916549411,50
543600,-7.544583730796885,50
543650,-4.057633316841156,50
543700,-3.540232070537555,50
543750,-4.871090393904125,50
543800,-7.641874201449226,50
543850,-4.368968316703063,50
543900,-3.12493392319768,50
543950,-9.092347578248983,50
544000,-7.630900060445543,50
544050,-4.073548251927848,50
544100,-6.749538645791867,50
544150,-10.234454596474357,50
544200,-5.5296316438849225,50
544250,-9.291756588339938,50
544300,-8.732343466495864,50
544350,-6.891116903796476,50
544400,-6.096157613993016,50
544450,-9.292248834057588,50
544500,-8.199919736630736,50
544550,-7.255345739509319,50
544600,-6.721376585378867,50
544650,-6.228737400676719,50
544700,-4.8560535589893234,50
544750,-6.904429472209434,50
544800,-7.621099344361511,50
544850,-5.688968043479147,50
544900,-4.739318079025064,50
544950,-7.942423323628953,50
545000,-8.759133785515214,50
545050,-5.661153062199248,50
545100,-9.363572714550278,50
545150,-7.519745656898908,50
545200,-8.113151630889547,50
545250,-7.310677503387027,50
545300,-8.457188062215765,50
545350,-10.218671194919153,50
545400,-9.232003276457522,50
545450,-5.380223300304528,50
545500,-3.68964878690589,50
545550,-10.769139285369235,50
545600,-3.9072123555917235,50
545650,-4.161966191368006,50
545700,-5.594464513379513,50
545750,-7.720924477860452,50
545800,-5.502411634547988,50
545850,-3.0119267899738835,50
545900,-4.932347604182114,50
545950,-8.413919493490768,50
546000,-7.947199912388529,50
546050,-7.490144965296809,50
546100,-6.460475732200705,50
546150,-5.664934890927477,50
546200,-6.857628761207257,50
546250,-7.83591978323657,50
546300,-4.572607654456878,50
546350,-7.503711321417959,50
546400,-11.196317537566847,50
546450,-6.118873844697583,50
546500,-7.962587599605527,50
546550,-9.156969300479435,50
546600,-6.220597372074979,50
546650,-6.68043570952008,50
546700,-5.149868358984536,50
546750,-5.506843925680709,50
546800,-8.169051143925246,50
546850,-9.016177371322554,50
546900,-8.138221683238736,50
546950,-6.732922104261714,50
547000,-8.692084824581428,50
547050,-7.19735110013787,50
547100,-8.050443719248523,50
547150,-4.982816782406088,50
547200,-4.9833508931266275,50
547250,-2.373996514934899,50
547300,-8.416296050003952,50
547350,-6.878662192377952,50
547400,-7.583217026499315,50
547450,-2.3059384612413445,50
547500,-6.500691555177188,50
547550,-8.185388109936676,50
547600,-7.474870957581829,50
547650,-8.14407067562036,50
547700,-3.7045563752520296,50
547750,-6.9112795374677995,50
547800,-5.76487488531331,50
547850,-2.9890914691110226,50
547900,-9.917417447122636,50
547950,-3.2400921392409474,50
548000,-2.908325276175064,50
548050,-5.757382762767411,50
548100,-3.5165150854698695,50
548150,-5.635070814546888,50
548200,-7.733237979551382,50
548250,-4.529055345795289,50
548300,-7.169395288941318,50
548350,-6.291905959658047,50
548400,-7.25482994709294,50
548450,-7.209611423272141,50
548500,-6.037228526772539,50
548550,-7.095632146876566,50
548600,-5.130654705255999,50
548650,-8.406016022064358,50
548700,-7.225822068165564,50
548750,-11.664122191820503,50
548800,-7.601475328037602,50
548850,-4.009151170222781,50
548900,-2.2869471663669123,50
548950,-7.305877337436103,50
549000,-10.889037399510263,50
549050,-4.757923459408382,50
549100,-6.220293239360338,50
549150,-4.62358897022605,50
549200,-7.975093655204791,50
549250,-8.252352914389869,50
549300,-6.540012553083403,50
549350,-2.9817993048921,50
549400,-8.188326227845835,50
549450,-5.622703607882442,50
549500,-4.3964952437940905,50
549550,-5.193984184825703,50
549600,-3.2290166467246726,50
549650,-5.6073162328269515,50
549700,-3.2254653256763683,50
549750,-7.8688420967216395,50
549800,-6.965651583366235,50
549850,-9.323011895210605,50
549900,-9.336165594381518,50
549950,-4.725090822273182,50
550000,-4.611193945189923,50
550050,-7.424284713928057,50
550100,-7.489016679078327,50
550150,-7.974244275222668,50
550200,-8.428093295781489,50
550250,-9.206691748981351,50
550300,-7.6834050178860815,50
550350,-3.558365415187031,50
550400,-8.364740688648313,50
550450,-8.709793756590967,50
550500,-12.679321770207325,50
550550,-7.359023828939719,50
550600,-3.94479475676593,50
550650,-9.530102283189887,50
550700,-8.437759971445264,50
550750,-8.579919548834226,50
550800,-7.184781150507678,50
550850,-2.127862419815635,50
550900,-7.935159726493159,50
550950,-6.868055146297697,50
551000,-7.781577157154308,50
551050,-8.370698833776355,50
551100,-7.460852302992194,50
551150,-7.810205905625321,50
551200,-7.782484408896526,50
551250,-3.99156392744909,50
551300,-7.59251106982466,50
551350,-7.30248348587363,50
551400,-3.568451473437065,50
551450,-3.1816432610448175,50
551500,-1.700448445148265,50
551550,-7.036653249653513,50
551600,-7.235123418076456,50
551650,-9.026028826075217,50
551700,-7.774872421587777,50
551750,-4.369984999253984,50
551800,-8.05523831198257,50
551850,-5.0858417800503,50
551900,-7.93964142023372,50
551950,-4.957748314052153,50
552000,-6.280732110263581,50
552050,-7.935715973512383,50
552100,-5.469989414275633,50
552150,-2.5112829013922924,50
552200,-6.594286143863535,50
552250,-5.7634399509599445,50
552300,-11.660707124073944,50
552350,-4.0791986685684405,50
552400,-3.7874882686667344,50
552450,-10.27018503695891,50
552500,-2.3110999689706717,50
552550,-10.16019350317672,50
552600,-6.6389277068631305,50
552650,-7.728959596674691,50
552700,-2.9221251675142366,50
552750,-7.531489345832428,50
552800,-8.83147239337957,50
552850,-7.808432325660216,50
552900,-11.053629019289776,50
552950,-4.200075650708878,50
553000,-3.24734220392278,50
553050,-9.33860621046932,50
553100,-6.561724501534498,50
553150,-4.137146070869541,50
553200,-7.568986226575199,50
553250,-7.828390685372182,50
553300,-3.282342180408838,50
553350,-9.08441417062375,50
553400,-5.4699647287619895,50
553450,-7.682251815599281,50
553500,-3.815936436297381,50
553550,-7.7988878223937155,50
553600,-6.049189626683883,50
553650,-3.7825618006460724,50
553700,-8.655813819348293,50
553750,-8.294384076854524,50
553800,-7.739482730825134,50
553850,-3.6755253194331705,50
553900,-4.630625564775981,50
553950,-7.347974908423126,50
554000,-4.249512539438661,50
554050,-8.221435100706453,50
554100,-6.353168006700984,50
554150,-4.768042135017223,50
554200,-6.0307337313854745,50
554250,-8.115602192677803,50
554300,-8.377586697098428,50
554350,-7.40832450574666,50
554400,-6.531467857614368,50
554450,-4.57344618678916,50
554500,-4.5219382314476375,50
554550,-5.428561510183328,50
554600,-4.1407057143636905,50
554650,-5.3875391254823475,50
554700,-7.5592256137591916,50
554750,-8.404802170893884,50
554800,-7.320201745938259,50
554850,-7.754064180231917,50
554900,-6.7966556220814915,50
554950,-5.674205336313698,50
555000,-8.686142615102689,50
555050,-7.6631701192577255,50
555100,-5.581054880303089,50
555150,-4.058602572086426,50
555200,-5.528770478633086,50
555250,-8.022675029849903,50
555300,-4.395245290673245,50
555350,-8.118033498500447,50
555400,-4.249582515397868,50
555450,-3.0150073815691245,50
555500,-8.074997068615696,50
555550,-4.667445897076065,50
555600,-3.419697868399351,50
555650,-6.744767910681157,50
555700,-7.879787826141139,50
555750,-7.732478096608043,50
555800,-5.7697460775421945,50
555850,-7.9668271016661345,50
555900,-7.96448479801337,50
555950,-7.264987816231237,50
556000,-7.153279163651991,50
556050,-8.375358202151881,50
556100,-6.7941048655023675,50
556150,-6.624307201836486,50
556200,-5.441842199932895,50
556250,-4.679073141722129,50
556300,-6.446867696874982,50
556350,-5.2752457072337755,50
556400,-9.250416974234403,50
556450,-6.210076405852834,50
556500,-8.315700038632936,50
556550,-7.054710285802426,50
556600,-7.832770628006288,50
556650,-4.314643081351758,50
556700,-6.478931950717686,50
556750,-8.567437734177961,50
556800,-2.4909424033477325,50
556850,-4.384116048352489,50
556900,-6.442879378788967,50
556950,-3.4017758687362867,50
557000,-7.979370475993597,50
557050,-8.602130882791714,50
557100,-6.5409082727418,50
557150,-7.221136189151449,50
557200,-4.78593015585262,50
557250,-2.326969528371852,50
557300,-6.8747667789693425,50
557350,-7.888677193741972,50
557400,-7.78919554047632,50
557450,-7.9675670313758635,50
557500,-6.338578936039448,50
557550,-5.249427031975429,50
557600,-4.083835544601094,50
557650,-8.92195275613957,50
557700,-7.517212631130043,50
557750,-3.3499395306380597,50
557800,-8.19994854893891,50
557850,-7.906228471155222,50
557900,-4.468065146422842,50
557950,-7.1080053038178175,50
558000,-5.025749053335486,50
558050,-2.920061591704982,50
558100,-8.04101734320492,50
558150,-5.854305739585181,50
558200,-4.439653521868627,50
558250,-6.0443769159555565,50
558300,-6.3089922656204145,50
558350,-5.968319989286372,50
558400,-3.878961600310362,50
558450,-4.041824635167837,50
558500,-5.426194673448685,50
558550,-8.509422524439255,50
558600,-4.968084761597924,50
558650,-7.450384938180671,50
558700,-2.1319256905560042,50
558750,-7.352401882156209,50
558800,-3.7216510561627123,50
558850,-5.029365140607156,50
558900,-2.952621938823831,50
558950,-6.570401781526659,50
559000,-7.329308415364802,50
559050,-8.846088402592413,50
559100,-6.599711835951077,50
559150,-2.7648735329853316,50
559200,-7.330391569601464,50
559250,-4.419690058265599,50
559300,-8.782530758747914,50
559350,-7.239250954739761,50
559400,-8.768263205880379,50
559450,-6.911196182151635,50
559500,-4.770464680843699,50
559550,-3.6220627471876004,50
559600,-7.314721970533272,50
559650,-3.7545089425317317,50
559700,-4.366245513296522,50
559750,-7.608417219069176,50
559800,-4.313938481933212,50
559850,-2.9983565974039625,50
559900,-3.579819350853517,50
559950,-8.524651137181177,50
560000,-4.504404753889196,50
560050,-4.151597479906581,50
560100,-8.947032006172835,50
560150,-7.2483652300485515,50
560200,-6.436541039975439,50
560250,-6.957300521145601,50
560300,-7.920122679123129,50
560350,-9.210534770438876,50
560400,-9.7536302844603,50
560450,-6.888152784285607,50
560500,-5.201744492738873,50
560550,-7.249155444906951,50
560600,-7.008300265642739,50
560650,-4.277931900969266,50
560700,-3.328291813997699,50
560750,-2.1387718718468256,50
560800,-2.5784183602690627,50
560850,-7.748112721310828,50
560900,-8.806592101112393,50
560950,-8.43756780796978,50
561000,-6.900468349777695,50
561050,-7.017148533169875,50
561100,-2.5115125047791906,50
561150,-7.3905401809589515,50
561200,-6.5853524127612255,50
561250,-6.724473910204382,50
561300,-3.134262901111943,50
561350,-5.074097334242957,50
561400,-6.50043118746299,50
561450,-6.825363229942681,50
561500,-6.3301932702734405,50
561550,-7.0702006894220935,50
561600,-4.602801484731343,50
561650,-6.0942011631023325,50
561700,-7.611943142629402,50
561750,-6.2604271974790295,50
561800,-4.869574854430646,50
561850,-7.551961722719149,50
561900,-6.632082740079798,50
561950,-2.7848706984505514,50
562000,-6.335537657687182,50
562050,-7.099873145112343,50
562100,-3.1784817584013103,50
562150,-5.521473981737402,50
562200,-8.129417383156133,50
562250,-9.228188643267423,50
562300,-6.296716422752062,50
562350,-10.51932611903441,50
562400,-5.937719584450287,50
562450,-6.818127254468002,50
562500,-14.577827185946964,50
562550,-5.654417362437239,50
562600,-2.5731049969907622,50
562650,-10.231483875966859,50
562700,-3.416327740564851,50
562750,-6.8452800987434825,50
562800,-4.3196734208393215,50
562850,-8.203460345431747,50
562900,-2.1974990220807284,50
562950,-4.706793201877382,50
563000,-6.978713614369382,50
563050,-6.79732092135928,50
563100,-6.011639047267216,50
563150,-8.203878642584495,50
563200,-8.136156058420328,50
563250,-5.513139408878637,50
563300,-2.562966016400344,50
563350,-7.280711034914049,50
563400,-8.295504216949093,50
563450,-7.219305324366231,50
563500,-7.428057140639805,50
563550,-6.9183965503104385,50
563600,-4.122677679478362,50
563650,-8.046486187287332,50
563700,-4.764686477030265,50
563750,-8.000970682489356,50
563800,-9.605815555319811,50
563850,-2.215981522426757,50
563900,-4.6913609756599435,50
563950,-8.174941598967033,50
564000,-7.232768716430987,50
564050,-8.114826844617038,50
564100,-4.826384993605035,50
564150,-5.8317009588773985,50
564200,-6.692906593567234,50
564250,-3.1385023496428635,50
564300,-5.808003302124646,50
564350,-7.800943822260188,50
564400,-4.443571325045506,50
564450,-6.842940268126585,50
564500,-9.555763551223285,50
564550,-7.977358523413639,50
564600,-3.8996052850148115,50
564650,-5.194044155770272,50
564700,-7.290543569034277,50
564750,-8.348349955242274,50
564800,-2.842415185682434,50
564850,-9.733126654025458,50
564900,-7.561559755527542,50
564950,-7.2915482168349435,50
565000,-9.33849791383866,50
565050,-7.9637971467285205,50
565100,-4.393964757577386,50
565150,-6.047228714611483,50
565200,-2.4562440969185633,50
565250,-7.370704549758092,50
565300,-3.662790831641695,50
565350,-6.487819488219369,50
565400,-5.529652259924108,50
565450,-4.409419510044239,50
565500,-6.1247073213149745,50
565550,-7.261228613613671,50
565600,-7.09756727403468,50
565650,-5.095619687557762,50
565700,-2.4436008290955837,50
565750,-7.956878166226031,50
565800,-6.742109046323799,50
565850,-9.268781676600316,50
565900,-7.02857453193837,50
565950,-7.978516253262964,50
566000,-9.333739572204543,50
566050,-8.856323463674403,50
566100,-8.496837651970944,50
566150,-8.295279620106562,50
566200,-4.604083885047596,50
566250,-7.712364307586538,50
566300,-6.468916927472542,50
566350,-7.833712828768875,50
566400,-6.651396856215604,50
566450,-4.480699808957815,50
566500,-4.170167900172113,50
566550,-7.898120529332292,50
566600,-5.995450917112275,50
566650,-4.598972711429712,50
566700,-6.514497941119919,50
566750,-3.6347509366892896,50
566800,-7.071423499719422,50
566850,-4.050353197546987,50
566900,-3.850128551606692,50
566950,-2.9705622520148083,50
567000,-6.969625969632048,50
567050,-5.22808636662266,50
567100,-10.220963323750738,50
567150,-6.634776599990782,50
567200,-3.9634354389430624,50
567250,-6.3604502001242995,50
567300,-4.9023635401568395,50
567350,-9.095192858434386,50
567400,-6.555104621367997,50
567450,-6.32488689981944,50
567500,-6.882443265365394,50
567550,-6.186749602240085,50
567600,-6.98145827035094,50
567650,-2.5312241302643095,50
567700,-7.6961931997060375,50
567750,-6.079129002890526,50
567800,-3.97278791020809,50
567850,-4.066400821156003,50
567900,-3.596824016681132,50
567950,-5.163359832242976,50
568000,-6.478754799376824,50
568050,-4.485927474054665,50
568100,-7.325260642823357,50
568150,-7.708279233354769,50
568200,-8.343058585768478,50
568250,-4.068794650582938,50
568300,-7.989967899027536,50
568350,-8.11567845892531,50
568400,-7.120995653804312,50
568450,-8.497743125735296,50
568500,-9.057498317335659,50
568550,-7.528023172544578,50
568600,-7.384700025671148,50
568650,-5.346603783633579,50
568700,-5.151716130368793,50
568750,-3.8500229622713653,50
568800,-6.240849334881567,50
568850,-8.245644410484863,50
568900,-3.038111224064567,50
568950,-4.894439230167178,50
569000,-7.561609308473386,50
569050,-7.5068241410347225,50
569100,-4.626855478114657,50
569150,-4.7315682397402545,50
569200,-3.0313768434349857,50
569250,-6.651701488200005,50
569300,-4.480563279582388,50
569350,-7.167558882899931,50
569400,-4.3255040989947835,50
569450,-7.886093104260335,50
569500,-5.983947941561886,50
569550,-6.027593735581299,50
569600,-6.103376828487857,50
569650,-7.503206883342748,50
569700,-6.894683172636582,50
569750,-3.9306643518503095,50
569800,-7.9430385726707184,50
569850,-4.914313568688071,50
569900,-4.092726643891638,50
569950,-9.500774499235455,50
570000,-3.7198148827188344,50
570050,-8.111359539265399,50
570100,-3.939607675991255,50
570150,-5.083507063248579,50
570200,-7.965553063590569,50
570250,-7.23568505010218,50
570300,-4.120291398502571,50
570350,-3.7196627362450747,50
570400,-3.1305982557927075,50
570450,-7.9452550448025985,50
570500,-6.533584070453682,50
570550,-8.10732846110159,50
570600,-3.661132717958053,50
570650,-2.7931473824944764,50
570700,-5.450295003111587,50
570750,-7.644928402085589,50
570800,-5.238449683648627,50
570850,-3.5446674768083826,50
570900,-6.048842479730862,50
570950,-6.905910511998618,50
571000,-4.846064253312456,50
571050,-4.449160559710351,50
571100,-7.825600182768876,50
571150,-5.88475272622203,50
571200,-8.124294314762109,50
571250,-7.844912856356128,50
571300,-4.352999170544599,50
571350,-2.2852923454987373,50
571400,-7.8461266545987005,50
571450,-3.880833468682672,50
571500,-3.985868223324963,50
571550,-3.274259392461276,50
571600,-9.603096809326633,50
571650,-6.983895251446045,50
571700,-7.372640964812611,50
571750,-6.893479527814002,50
571800,-6.601170539190526,50
571850,-5.988295626117771,50
571900,-7.2548000342613514,50
571950,-6.878067037007801,50
572000,-2.86439046911834,50
572050,-6.342341802450484,50
572100,-6.3540967034687394,50
572150,-6.282258648050204,50
572200,-4.199819904468005,50
572250,-6.4400057531409995,50
572300,-7.4465904367537386,50
572350,-3.531264922207385,50
572400,-8.859628941854501,50
572450,-7.0043996347663,50
572500,-8.470250484270984,50
572550,-8.144170880772219,50
572600,-5.995698532476961,50
572650,-8.275581394228409,50
572700,-7.892244873226589,50
572750,-7.352427192108005,50
572800,-5.868670307698814,50
572850,-7.828422835203724,50
572900,-4.1158720409060425,50
572950,-8.229993190199554,50
573000,-1.9747182258037836,50
573050,-4.632219493976551,50
573100,-5.93593038994672,50
573150,-8.23126007475983,50
573200,-7.427097154519134,50
573250,-6.22039307681778,50
573300,-7.91702966895039,50
573350,-6.314721985646441,50
573400,-3.587762420418271,50
573450,-6.178034467681142,50
573500,-3.467590480220822,50
573550,-5.015193116740786,50
573600,-5.140317726974687,50
573650,-3.304582004270594,50
573700,-9.677975793829027,50
573750,-7.335142357476547,50
573800,-6.330403748534639,50
573850,-3.649399547376085,50
573900,-3.404136028642489,50
573950,-8.82787799707049,50
574000,-4.292196195850606,50
574050,-6.667175217570554,50
574100,-4.121591608086446,50
574150,-5.42724756684503,50
574200,-8.11007801101942,50
574250,-7.143377518947745,50
574300,-4.015039881895398,50
574350,-5.4463946938061465,50
574400,-5.369699896228101,50
574450,-8.691323617643688,50
574500,-4.6687259778430255,50
574550,-7.153679017341158,50
574600,-7.584857916233011,50
574650,-5.201615254117002,50
574700,-9.491194265927778,50
574750,-8.752769672361442,50
574800,-4.8944782795953055,50
574850,-14.436841780879151,50
574900,-5.428664036416462,50
574950,-4.464431007506961,50
575000,-9.320092484487082,50
575050,-6.629957552368379,50
575100,-7.656515479990977,50
575150,-8.258240747941256,50
575200,-7.593907591803429,50
575250,-3.383916499000503,50
575300,-6.476589897932276,50
575350,-4.803101671584237,50
575400,-4.534131579349593,50
575450,-4.40495920022828,50
575500,-7.521352250483313,50
575550,-3.137091087274271,50
575600,-7.461376905562702,50
575650,-9.546823392854126,50
575700,-3.35398702837004,50
575750,-7.9989115581370065,50
575800,-4.413562684167776,50
575850,-3.4458837440402594,50
575900,-4.861974368306049,50
575950,-7.598366083869781,50
576000,-5.574265499823755,50
576050,-7.948030456752291,50
576100,-2.8414404986993675,50
576150,-7.269124860226215,50
576200,-8.50741725805842,50
576250,-7.082674457586286,50
576300,-3.985063475703984,50
576350,-6.804101665473878,50
576400,-5.451728570209631,50
576450,-7.951353614444471,50
576500,-8.007233317033881,50
576550,-3.8466580713024996,50
576600,-6.473190353928407,50
576650,-5.134662852953104,50
576700,-7.559499440024912,50
576750,-7.197791225532705,50
576800,-6.173997959407124,50
576850,-4.945849394373194,50
576900,-4.1584288487493986,50
576950,-2.788752956443929,50
577000,-3.9359724724296443,50
577050,-5.720113264402397,50
577100,-6.520833612848946,50
577150,-3.2385951126199015,50
577200,-7.913415438844818,50
577250,-7.456752105041005,50
577300,-7.713194274923239,50
577350,-6.437670637187996,50
577400,-5.785602690691115,50
577450,-5.7763898906919335,50
577500,-7.54330962953118,50
577550,-4.786939002780399,50
577600,-8.291219074468383,50
577650,-7.228458163015465,50
577700,-8.009404509413928,50
577750,-8.10394216853763,50
577800,-4.728867082763011,50
577850,-2.6237283638852458,50
577900,-6.5530041613811765,50
577950,-5.922648983362041,50
578000,-6.993123898914366,50
578050,-5.811139437146074,50
578100,-6.934729647582512,50
578150,-7.745341278603819,50
578200,-4.331444260079912,50
578250,-5.524630768807656,50
578300,-3.0250839534633096,50
578350,-7.883782474123496,50
578400,-7.78087340728525,50
578450,-7.680649482756145,50
578500,-4.21044428294734,50
578550,-6.711581690936912,50
578600,-9.051255515761964,50
578650,-6.902559787943663,50
578700,-3.509233142676616,50
578750,-7.169846513486281,50
578800,-6.612854243405294,50
578850,-8.991432200660944,50
578900,-7.7991577965268455,50
578950,-7.18948250974231,50
579000,-2.339668097679381,50
579050,-3.3672396496359593,50
579100,-4.3226888851001375,50
579150,-9.838290960782855,50
579200,-2.7473067621125735,50
579250,-4.771664650210608,50
579300,-7.946959747500523,50
579350,-8.898546715697554,50
579400,-2.4405424676652148,50
579450,-5.509197530003256,50
579500,-5.240128516937392,50
579550,-6.730855681043678,50
579600,-2.365367972705675,50
579650,-5.495219360972055,50
579700,-8.013307704838054,50
579750,-8.223267145179648,50
579800,-5.928235581452809,50
579850,-7.1386979753540265,50
579900,-3.4713241064436557,50
579950,-4.4184382957749575,50
580000,-3.390906634438999,50
580050,-6.702100735034795,50
580100,-7.0128578082438295,50
580150,-6.760446145850272,50
580200,-9.657532660912933,50
580250,-4.405886491886518,50
580300,-5.011072856953278,50
580350,-6.286750791670788,50
580400,-4.8023651902425,50
580450,-5.8117422770838285,50
580500,-6.902030221329478,50
580550,-2.7094226181987207,50
580600,-3.7843451631769036,50
580650,-7.118063825700207,50
580700,-5.955769423573612,50
580750,-6.538128514820878,50
580800,-2.0562716243194274,50
580850,-8.33822545949107,50
580900,-7.412259382657415,50
580950,-5.925098331028879,50
581000,-8.259585525938274,50
581050,-8.164643378809401,50
581100,-9.373405148770775,50
581150,-8.301390252165646,50
581200,-4.28166947859776,50
581250,-4.281322719853211,50
581300,-6.0909880903918845,50
581350,-7.251567059240769,50
581400,-8.400672999180442,50
581450,-5.781163201087994,50
581500,-6.492621289202007,50
581550,-6.069292616453001,50
581600,-6.770337922603008,50
581650,-5.049089632045314,50
581700,-4.949447829149099,50
581750,-7.910574214177721,50
581800,-11.494642210610037,50
581850,-6.829535220648231,50
581900,-7.244611638315527,50
581950,-7.07096536965027,50
582000,-7.65196684277325,50
582050,-7.967037934608967,50
582100,-8.028325596665425,50
582150,-5.063219345287187,50
582200,-7.748851499614336,50
582250,-5.158387662725387,50
582300,-7.872282064229638,50
582350,-7.621407608250095,50
582400,-5.851737501732234,50
582450,-12.066512820540021,50
582500,-7.405680425342219,50
582550,-4.836035404345526,50
582600,-5.0486978237419695,50
582650,-6.054254602316766,50
582700,-5.571765603763531,50
582750,-7.2528699814176605,50
582800,-3.269630871634296,50
582850,-7.215618219023124,50
582900,-7.660061105337975,50
582950,-5.377582326983656,50
583000,-5.347045890446705,50
583050,-4.552685575508296,50
583100,-3.2044623178312968,50
583150,-2.955288843587952,50
583200,-8.052133711021124,50
583250,-5.068847445430992,50
583300,-6.710805845201241,50
583350,-2.4548935360323942,50
583400,-7.815145778095764,50
583450,-4.759817193283407,50
583500,-7.960519388817284,50
583550,-4.939104351573388,50
583600,-3.331379169608734,50
583650,-7.105088050572385,50
583700,-7.905556534077186,50
583750,-2.3356809665027405,50
583800,-5.8271513351618704,50
583850,-5.974299746889891,50
583900,-9.075474076967584,50
583950,-3.026191618867037,50
584000,-7.614152079560573,50
584050,-5.006985730497446,50
584100,-7.837992427914213,50
584150,-8.475956498348623,50
584200,-4.559137863767918,50
584250,-7.93870166715939,50
584300,-7.065667402388265,50
584350,-6.457052012550559,50
584400,-3.683037887566228,50
584450,-6.521358522646931,50
584500,-4.713237184996554,50
584550,-4.684231484937556,50
584600,-4.478458477924492,50
584650,-6.35805189580094,50
584700,-5.318922747653453,50
584750,-7.072813418783719,50
584800,-7.254557405756062,50
584850,-4.434940212444446,50
584900,-3.3569857128820195,50
584950,-3.597185120013945,50
585000,-7.714840152929362,50
585050,-7.9511450359616616,50
585100,-4.072559977695901,50
585150,-4.56188752522424,50
585200,-6.401545289640725,50
585250,-4.583616861879277,50
585300,-3.0725542899400655,50
585350,-9.434665346049242,50
585400,-2.8853411679652186,50
585450,-4.705844289808271,50
585500,-4.391653915642676,50
585550,-7.482298664657138,50
585600,-3.8778244625274145,50
585650,-7.816094027961358,50
585700,-7.808759538979164,50
585750,-4.340741285264656,50
585800,-8.09829540054814,50
585850,-7.71381394441081,50
585900,-9.017350759099095,50
585950,-5.189419157269698,50
586000,-7.861342128525794,50
586050,-4.824186687753777,50
586100,-3.3080357012388504,50
586150,-8.190208647285852,50
586200,-7.937921838748244,50
586250,-7.118538780495028,50
586300,-6.218318214652526,50
586350,-6.302446376507757,50
586400,-6.25819693940658,50
586450,-6.063090991707856,50
586500,-8.61880865992827,50
586550,-4.633520100322615,50
586600,-7.456795702956957,50
586650,-8.39733745528033,50
586700,-10.610019054539134,50
586750,-3.589076440982088,50
586800,-9.087722729588245,50
586850,-5.410277641403116,50
586900,-6.7075561393577505,50
586950,-3.510305280191954,50
587000,-2.4098057579096697,50
587050,-4.6534161172828945,50
587100,-7.816432725411701,50
587150,-5.620206507459056,50
587200,-7.101012914421567,50
587250,-5.771938379875179,50
587300,-7.512519202647326,50
587350,-7.535927656960803,50
587400,-4.711962527587531,50
587450,-4.225893764516513,50
587500,-8.577246114140337,50
587550,-8.79579571096512,50
587600,-4.609613872926816,50
587650,-4.098652906239592,50
587700,-7.823911026990284,50
587750,-4.566324855665924,50
587800,-7.143654538087204,50
587850,-6.9739408538972825,50
587900,-8.172843927071382,50
587950,-7.736148076899151,50
588000,-7.953881037020721,50
588050,-8.458801552356586,50
588100,-7.9311220215278615,50
588150,-7.171785412372467,50
588200,-6.988109636369336,50
588250,-2.2163429587891508,50
588300,-8.70910055195691,50
588350,-2.283886223134955,50
588400,-8.097772472433537,50
588450,-4.623126706142701,50
588500,-6.154663915755234,50
588550,-9.63841683828365,50
588600,-7.162562762077651,50
588650,-8.779017809756763,50
588700,-11.143243959910743,50
588750,-4.248012650323301,50
588800,-2.858802414004353,50
588850,-8.160372699471358,50
588900,-7.032602423237297,50
588950,-2.3794811536315397,50
589000,-3.2827979139808163,50
589050,-7.874793032970866,50
589100,-8.079547887220455,50
589150,-6.045433012840609,50
589200,-7.861860301784986,50
589250,-7.172554549293014,50
589300,-7.970125334472306,50
589350,-7.852863995198511,50
589400,-4.629670973736812,50
589450,-7.9853534632086465,50
589500,-7.970616080704046,50
589550,-4.7203797539578405,50
589600,-7.783271688136649,50
589650,-7.367774327074374,50
589700,-7.433078134954278,50
589750,-7.314346276127136,50
589800,-6.103160531317271,50
589850,-3.734251967422428,50
589900,-3.403565772618519,50
589950,-3.7460128071989054,50
590000,-8.585586692588619,50
590050,-2.5852095491873706,50
590100,-5.163672567045946,50
590150,-3.967873369884384,50
590200,-7.959667624990705,50
590250,-5.82129659650838,50
590300,-8.16268428962427,50
590350,-6.41705381138499,50
590400,-5.7676034547429005,50
590450,-3.7059139638345084,50
590500,-7.2964668965039055,50
590550,-7.200475339917536,50
590600,-9.75953388233632,50
590650,-8.050783046137807,50
590700,-5.782907151583809,50
590750,-8.635569058302469,50
590800,-6.2676843424202655,50
590850,-8.027998383634943,50
590900,-7.126014715549273,50
590950,-8.598895177045158,50
591000,-2.220909812068766,50
591050,-4.6010123894005,50
591100,-6.927465191241957,50
591150,-5.773345407480493,50
591200,-4.118830090825653,50
591250,-8.31569845072425,50
591300,-8.233181335101966,50
591350,-5.128854768976835,50
591400,-2.5334590771818517,50
591450,-6.797061385456644,50
591500,-2.8044667741779943,50
591550,-8.034987862701788,50
591600,-8.253472460234367,50
591650,-6.933572981138129,50
591700,-7.789033072756762,50
591750,-7.04627470209095,50
591800,-4.0116795377995915,50
591850,-8.038207695417608,50
591900,-3.684190198192613,50
591950,-6.940846316627424,50
592000,-6.469875264654019,50
592050,-3.5093792649882776,50
592100,-6.1300095425227035,50
592150,-7.457082604776396,50
592200,-6.42312176665846,50
592250,-7.941941545233109,50
592300,-7.405764332323874,50
592350,-3.4036851621954316,50
592400,-7.567919299812939,50
592450,-4.219821082827374,50
592500,-8.12949208963492,50
592550,-5.783500934607718,50
592600,-3.9720812410658684,50
592650,-8.345374288103864,50
592700,-7.108028236088431,50
592750,-7.860180308448073,50
592800,-9.215992553460131,50
592850,-8.165503503649457,50
592900,-3.9229295564713325,50
592950,-6.172270553783772,50
593000,-7.91112920375518,50
593050,-5.675332624486029,50
593100,-2.654301328330804,50
593150,-8.263672988734916,50
593200,-7.686092603340576,50
593250,-4.367962464000768,50
593300,-8.13037799005029,50
593350,-7.364705247984722,50
593400,-5.343047616622733,50
593450,-4.214294978767324,50
593500,-7.971502822884744,50
593550,-4.160110372962982,50
593600,-3.695617548993565,50
593650,-4.988394408311516,50
593700,-7.102486984542197,50
593750,-8.014220421025458,50
593800,-6.2227327732253785,50
593850,-7.400068976560813,50
593900,-7.4719256297526755,50
593950,-2.4057291085662076,50
594000,-7.984460903022255,50
594050,-4.634886000693587,50
594100,-7.81175481820361,50
594150,-3.21316178751085,50
594200,-8.047011502087223,50
594250,-4.530164947696402,50
594300,-5.30969197282923,50
594350,-9.929277046957514,50
594400,-3.824009135912481,50
594450,-7.764633112003604,50
594500,-2.723474022572407,50
594550,-6.948721570346435,50
594600,-8.172474455974413,50
594650,-8.218804178353821,50
594700,-7.233518483002795,50
594750,-5.921215702016825,50
594800,-8.370670196094407,50
594850,-7.909685433339147,50
594900,-5.175520162831722,50
594950,-3.19883737970746,50
595000,-7.898347045859847,50
595050,-8.511505777534731,50
595100,-6.570581956362631,50
595150,-7.669309054992653,50
595200,-3.234719959609167,50
595250,-3.742282356210865,50
595300,-4.554881802438152,50
595350,-8.13702049141452,50
595400,-4.60323038318549,50
595450,-7.947477763783515,50
595500,-7.8094414069513975,50
595550,-7.2584278716223105,50
595600,-4.163590387320538,50
595650,-3.1110290759407446,50
595700,-9.044726918931747,50
595750,-4.270359020312821,50
595800,-4.819578658147541,50
595850,-4.30767336355378,50
595900,-3.7124691523005966,50
595950,-7.3594335738967285,50
596000,-10.879059917590277,50
596050,-10.870527528110346,50
596100,-3.754397134222381,50
596150,-11.056527911025935,50
596200,-6.046542838925956,50
596250,-3.1979467117493425,50
596300,-2.3722847943596004,50
596350,-2.3327468732461263,50
596400,-7.563759283800192,50
596450,-5.2856251404617085,50
596500,-7.69469842017329,50
596550,-5.071030454331152,50
596600,-10.330403991181013,50
596650,-3.4557045097149706,50
596700,-5.027246091713087,50
596750,-5.705139296050791,50
596800,-7.945318268711953,50
596850,-6.657012622742577,50
596900,-3.0185323765280847,50
596950,-10.568004281450813,50
597000,-2.966868413052876,50
597050,-6.152506012486983,50
597100,-8.151316599462502,50
597150,-4.946568088098193,50
597200,-9.082734283664879,50
597250,-2.689633362072513,50
597300,-2.743038098167631,50
597350,-3.300905495862603,50
597400,-9.031991588744775,50
597450,-8.279574903470953,50
597500,-8.061905476653966,50
597550,-2.834857459240194,50
597600,-3.096048159877028,50
597650,-4.623475394000301,50
597700,-10.468122199995943,50
597750,-5.820388750153607,50
597800,-8.563137408481257,50
597850,-3.6693064336792762,50
597900,-7.428906858652955,50
597950,-8.04604060218657,50
598000,-7.941800048628254,50
598050,-7.857444281359752,50
598100,-4.95857658320285,50
598150,-5.080017595129721,50
598200,-4.220220398026025,50
598250,-4.902571843799507,50
598300,-10.234344621392728,50
598350,-6.834681665747359,50
598400,-10.578831058994515,50
598450,-7.319483120238583,50
598500,-4.18196399780358,50
598550,-4.968461160974403,50
598600,-2.294402536248703,50
598650,-7.94003892268943,50
598700,-8.02934739302485,50
598750,-8.028269592314585,50
598800,-3.679460403822514,50
598850,-6.843903681924234,50
598900,-7.862546478555419,50
598950,-4.100825875918133,50
599000,-4.320377930945509,50
599050,-9.171826426244387,50
599100,-7.188505845295482,50
599150,-4.698123782843136,50
599200,-5.239990919705274,50
599250,-5.093055043536321,50
599300,-6.793991949669959,50
599350,-8.079973882701138,50
599400,-4.4622853840226755,50
599450,-8.44698641456534,50
599500,-3.348705008580868,50
599550,-7.715805075596276,50
599600,-8.271603454430048,50
599650,-5.284168072221189,50
599700,-8.018583150389949,50
599750,-7.840449806173955,50
599800,-2.821279225266301,50
599850,-7.442745100188801,50
599900,-3.690406453778717,50
599950,-7.802064083972119,50
600000,-7.436515706178367,50
600050,-2.9163623699406305,50
600100,-4.232417661953813,50
600150,-8.045386639902716,50
600200,-3.9376457968748695,50
600250,-5.260795244943468,50
600300,-5.618808588881137,50
600350,-6.8931347065305735,50
600400,-6.559876048028119,50
600450,-5.11545838556864,50
600500,-9.618798282102803,50
600550,-8.097527647056673,50
600600,-7.877761594784396,50
600650,-7.95797484399935,50
600700,-5.020662720358253,50
600750,-2.72387637650609,50
600800,-3.121960945188116,50
600850,-7.2729465135379625,50
600900,-8.153707219959935,50
600950,-3.0879128369160345,50
601000,-7.168121420335977,50
601050,-3.4189167221807146,50
601100,-7.430804151866972,50
601150,-9.319579724558023,50
601200,-6.654882418446616,50
601250,-4.623782803589487,50
601300,-8.144451535390093,50
601350,-7.637340657049266,50
601400,-7.5255227871547925,50
601450,-4.187568917590494,50
601500,-7.641691734187423,50
601550,-5.699144122817396,50
601600,-6.776368142084964,50
601650,-6.914214947476598,50
601700,-6.321062920346693,50
601750,-7.351991194040737,50
601800,-4.829964861439738,50
601850,-7.87118510340957,50
601900,-8.452933486105605,50
601950,-3.339316407793966,50
602000,-9.432514751637319,50
602050,-6.872198131713839,50
602100,-3.6420874923421542,50
602150,-7.72733760939209,50
602200,-7.235946416377238,50
602250,-3.158192725214648,50
602300,-2.993617461809365,50
602350,-7.572088543943234,50
602400,-5.26615203757976,50
602450,-4.167193295168119,50
602500,-6.71126001097321,50
602550,-8.143315117146066,50
602600,-3.247131920549141,50
602650,-3.442847676669862,50
602700,-10.467390432058968,50
602750,-4.556265586921554,50
602800,-4.607785463906171,50
602850,-5.396290949378357,50
602900,-2.7132517303099486,50
602950,-3.6590180464506457,50
603000,-3.221467402179087,50
603050,-3.5482855161662608,50
603100,-3.731906387097201,50
603150,-7.301915820307005,50
603200,-4.56095712789367,50
603250,-3.914377840727163,50
603300,-4.853174408321889,50
603350,-4.5741524079509865,50
603400,-5.973471106481796,50
603450,-6.741750830391066,50
603500,-3.959227419276822,50
603550,-4.288133006290511,50
603600,-6.808870333415426,50
603650,-4.555791224904957,50
603700,-4.2801748927033225,50
603750,-1.939133737020057,50
603800,-7.648299629008799,50
603850,-7.746862630762024,50
603900,-5.6984157003183755,50
603950,-7.9360743386644765,50
604000,-5.615684795813009,50
604050,-7.047475846390551,50
604100,-8.173190681330249,50
604150,-6.884737565967996,50
604200,-2.276735547121521,50
604250,-9.799524409670145,50
604300,-2.8609312040347135,50
604350,-7.610028666598311,50
604400,-7.230192297537227,50
604450,-7.428688609872788,50
604500,-3.8074378969421296,50
604550,-1.7204668119928297,50
604600,-7.102841442799978,50
604650,-5.842913707524511,50
604700,-2.433428986649464,50
604750,-8.577857748264066,50
604800,-2.4024968107485547,50
604850,-8.119923368741638,50
604900,-4.198342801421614,50
604950,-5.5923260078625745,50
605000,-2.564535728393588,50
605050,-7.655248960672442,50
605100,-6.356338154105908,50
605150,-7.3302056178909005,50
605200,-3.344188380237399,50
605250,-1.9172740896454674,50
605300,-5.040381960998573,50
605350,-3.0530504951965223,50
605400,-4.838764425542968,50
605450,-7.918331403007941,50
605500,-9.831745587421972,50
605550,-7.594186115837086,50
605600,-7.896081223781979,50
605650,-7.824144871642685,50
605700,-2.112455043403648,50
605750,-4.115225656981803,50
605800,-4.329507576025675,50
605850,-4.1285333815030425,50
605900,-8.162403192336948,50
605950,-6.753895691641633,50
606000,-8.311437522493563,50
606050,-9.576397382820511,50
606100,-7.115272973194658,50
606150,-12.60325468624524,50
606200,-6.638902244920761,50
606250,-7.87726876888794,50
606300,-6.2687816471023625,50
606350,-3.327302450371535,50
606400,-5.146366570673396,50
606450,-3.647185118562058,50
606500,-9.238306407460602,50
606550,-2.6368650087643606,50
606600,-9.62875386459765,50
606650,-8.658778466685662,50
606700,-6.762119682977284,50
606750,-8.45785335879564,50
606800,-3.459489432742684,50
606850,-5.7012686811610775,50
606900,-7.616416765392492,50
606950,-10.047942329730411,50
607000,-7.3023163785637495,50
607050,-8.188775506613792,50
607100,-7.556179888965774,50
607150,-6.432769551335787,50
607200,-3.1941055411447854,50
607250,-1.8161455192075484,50
607300,-7.198833691364761,50
607350,-7.778632648651831,50
607400,-3.408819053161498,50
607450,-5.222032622786998,50
607500,-3.9832211165298284,50
607550,-8.344938707917859,50
607600,-3.321867995937682,50
607650,-1.791095564096665,50
607700,-2.781349587800496,50
607750,-7.655201814271312,50
607800,-6.211185652501878,50
607850,-6.770088652640357,50
607900,-4.122487417691571,50
607950,-6.299583343435269,50
608000,-4.010824939017751,50
608050,-6.3599778131559885,50
608100,-6.586581656402286,50
608150,-6.20400585478625,50
608200,-7.2844285556459125,50
608250,-8.129791264972246,50
608300,-8.022621189918052,50
608350,-3.3805107643419783,50
608400,-9.413576963402914,50
608450,-4.55552389479906,50
608500,-6.68705494045868,50
608550,-3.263992295350863,50
608600,-8.339007901043697,50
608650,-6.136863588512622,50
608700,-5.776740658142186,50
608750,-7.478419825735722,50
608800,-4.828275265696704,50
608850,-8.024653438573274,50
608900,-7.843364089234544,50
608950,-6.068583430927401,50
609000,-3.949639655369453,50
609050,-2.884192128635147,50
609100,-2.301822237210173,50
609150,-7.976666073400246,50
609200,-5.973996199389505,50
609250,-4.640894440610295,50
609300,-7.405405379414849,50
609350,-7.630688753460239,50
609400,-3.6020908498074844,50
609450,-4.32922709130092,50
609500,-4.740285119158299,50
609550,-4.5080573415066665,50
609600,-7.597115244722012,50
609650,-2.3034227380988144,50
609700,-6.142594136595565,50
609750,-7.584735722917699,50
609800,-6.728027757844648,50
609850,-4.516593900216373,50
609900,-6.960879483108065,50
609950,-6.913264504060179,50
610000,-3.9130834233118676,50
610050,-7.913871296291722,50
610100,-9.068271291863553,50
610150,-5.8531295269320704,50
610200,-8.03256388639898,50
610250,-8.825195137198937,50
610300,-4.044229219539516,50
610350,-7.082601025035977,50
610400,-4.249366015168834,50
610450,-9.139181185979686,50
610500,-5.960691804921911,50
610550,-6.216676183884972,50
610600,-3.4971034957019205,50
610650,-6.279527965389499,50
610700,-2.952772513565881,50
610750,-8.342865414369086,50
610800,-8.176351755133966,50
610850,-8.437703800334125,50
610900,-5.466760952962983,50
610950,-4.381047243133395,50
611000,-5.537215051161414,50
611050,-4.641778771734101,50
611100,-5.762456224878409,50
611150,-7.866393488704594,50
611200,-4.224307610775216,50
611250,-7.980640222246701,50
611300,-6.788468319986683,50
611350,-6.659065154347815,50
611400,-6.485988290422257,50
611450,-3.095370582320402,50
611500,-3.5838223579857953,50
611550,-5.772998657944595,50
611600,-3.2423697655950323,50
611650,-3.8354419195049085,50
611700,-6.898961741134576,50
611750,-7.204771904826971,50
611800,-2.607171872673684,50
611850,-6.529069442652236,50
611900,-3.8397402066299784,50
611950,-5.304419087191019,50
612000,-7.417185341038176,50
612050,-6.303612569274579,50
612100,-3.48915683129884,50
612150,-2.641915860384216,50
612200,-7.340709993876097,50
612250,-8.138029616298455,50
612300,-2.99254070425586,50
612350,-8.206965145790155,50
612400,-3.9618920405082543,50
612450,-7.6072074906686185,50
612500,-5.839776593407575,50
612550,-5.766259232662581,50
612600,-7.411455054319774,50
612650,-6.171875492255005,50
612700,-5.781195824041304,50
612750,-7.971477560711684,50
612800,-7.82355262426451,50
612850,-3.0654093900219315,50
612900,-5.164421056846455,50
612950,-4.487629383671014,50
613000,-2.387467745450395,50
613050,-9.010764153352614,50
613100,-3.2255257482018433,50
613150,-6.661752175268827,50
613200,-6.613525651898336,50
613250,-1.9315010756191613,50
613300,-4.368343548740095,50
613350,-8.009813158224697,50
613400,-5.21890150647574,50
613450,-8.245891550275319,50
613500,-6.34649384892963,50
613550,-4.3008583160823886,50
613600,-8.592465158009535,50
613650,-7.79420421558278,50
613700,-9.210919914098994,50
613750,-3.6071509643062787,50
613800,-7.25385441661468,50
613850,-9.023631312089595,50
613900,-5.000825657651451,50
613950,-8.836044662772487,50
614000,-7.304834829368959,50
614050,-8.035812418906783,50
614100,-8.35930402718058,50
614150,-6.077508596367135,50
614200,-3.255429590729518,50
614250,-8.941130932132603,50
614300,-4.774432172560646,50
614350,-10.704032357776669,50
614400,-3.631609228883302,50
614450,-7.592451051726684,50
614500,-4.9085195889607505,50
614550,-7.710400728704709,50
614600,-4.333941162745715,50
614650,-7.911928740975341,50
614700,-6.687021438995484,50
614750,-4.266660953275097,50
614800,-6.989002922976005,50
614850,-7.313864708643864,50
614900,-7.791737608079858,50
614950,-8.044683355830882,50
615000,-4.184787359338359,50
615050,-8.463215546542457,50
615100,-7.251155339651971,50
615150,-3.0130017737536967,50
615200,-6.689052490644847,50
615250,-7.800928640202388,50
615300,-6.295030963517576,50
615350,-2.3145121169752327,50
615400,-6.484726742851122,50
615450,-4.052817461506466,50
615500,-8.804618822183734,50
615550,-5.862690069223138,50
615600,-3.6316686765303157,50
615650,-2.7338106841517273,50
615700,-4.282035393821343,50
615750,-4.983139439817198,50
615800,-6.795777755323663,50
615850,-3.8975348644966115,50
615900,-11.617883446955009,50
615950,-6.9562248076334905,50
616000,-7.101886573015296,50
616050,-5.97917120402326,50
616100,-7.27867374741447,50
616150,-6.6603100539725135,50
616200,-4.2459412030742705,50
616250,-8.160450312480867,50
616300,-7.502505389226457,50
616350,-10.675605771350043,50
616400,-8.283608778326544,50
616450,-4.283811039358958,50
616500,-3.7740731152518183,50
616550,-7.726835260374425,50
616600,-4.58220992060217,50
616650,-10.930505645248626,50
616700,-6.742604548613607,50
616750,-4.8678544839519935,50
616800,-6.804759619729842,50
616850,-6.747416929214733,50
616900,-6.797911202802901,50
616950,-2.109546901062944,50
617000,-7.248461610408749,50
617050,-6.143269444510104,50
617100,-4.977677924062538,50
617150,-7.02523729197273,50
617200,-6.780578679525662,50
617250,-3.2433424326757496,50
617300,-10.839113564568637,50
617350,-6.243078724870853,50
617400,-7.22452635857451,50
617450,-7.169928536541289,50
617500,-4.53318035706766,50
617550,-7.531228493342633,50
617600,-6.868777888464537,50
617650,-9.303393891490007,50
617700,-6.000858769100526,50
617750,-8.18820524572198,50
617800,-3.855002909186695,50
617850,-7.682049523827227,50
617900,-5.055031569493623,50
617950,-3.4562351611972613,50
618000,-7.949296591230034,50
618050,-3.0251996862261366,50
618100,-3.6100563900189337,50
618150,-9.624123632817048,50
618200,-6.354822166109979,50
618250,-5.896810242484245,50
618300,-2.3352210499898347,50
618350,-7.390399127186877,50
618400,-5.82149341745612,50
618450,-3.350228643203829,50
618500,-6.072908512969534,50
618550,-6.108075342745415,50
618600,-7.032902090485562,50
618650,-6.627973167242712,50
618700,-8.167665013090936,50
618750,-6.927562449293494,50
618800,-7.794506283108546,50
618850,-8.104353828156748,50
618900,-4.363840477555617,50
618950,-7.192346431399633,50
619000,-6.914839831248681,50
619050,-4.574158496026393,50
619100,-5.095903645164262,50
619150,-3.5181586954557034,50
619200,-8.679743470860643,50
619250,-6.37039063156364,50
619300,-3.358429487443687,50
619350,-3.920713214423845,50
619400,-3.256108647974351,50
619450,-8.727676939735787,50
619500,-8.122415592887265,50
619550,-4.954075156932774,50
619600,-7.952989354751088,50
619650,-8.191212496863745,50
619700,-8.62323405918812,50
619750,-6.638243027264869,50
619800,-8.098674471623951,50
619850,-5.985111235635314,50
619900,-7.882910941055003,50
619950,-4.542189394855821,50
620000,-7.786447053168326,50
620050,-5.037682165893807,50
620100,-6.759323783232743,50
620150,-8.16388892374311,50
620200,-3.3342060171854366,50
620250,-5.63354167969174,50
620300,-7.479677087663665,50
620350,-6.171149238546165,50
620400,-5.87244084263354,50
620450,-6.458431245684595,50
620500,-6.055019517509259,50
620550,-5.95886471594072,50
620600,-7.215928848259233,50
620650,-8.676742724971739,50
620700,-5.360727353128626,50
620750,-2.618232704964917,50
620800,-8.220444093529293,50
620850,-10.097112013231083,50
620900,-8.080737786995273,50
620950,-3.961345081078164,50
621000,-7.870482012452004,50
621050,-2.093186432482007,50
621100,-6.797876649063573,50
621150,-3.7251258032920216,50
621200,-2.013871715156361,50
621250,-7.857901644897802,50
621300,-7.962133891273919,50
621350,-6.818369334459849,50
621400,-7.856137446100174,50
621450,-4.585364685649662,50
621500,-4.767528803207363,50
621550,-2.0528760518029827,50
621600,-9.860325090348198,50
621650,-8.581763139897836,50
621700,-6.513254273434513,50
621750,-6.66925617353709,50
621800,-7.661640054440987,50
621850,-9.35583872022622,50
621900,-5.768708105621655,50
621950,-3.812687897878588,50
622000,-7.977098935365965,50
622050,-7.881467880657187,50
622100,-7.2746099924567105,50
622150,-2.443312271034084,50
622200,-7.574062657412233,50
622250,-7.944046101033645,50
622300,-4.96266489550744,50
622350,-8.434028004581798,50
622400,-8.230240093035693,50
622450,-2.8398100601941088,50
622500,-6.958634688555895,50
622550,-4.070683339476513,50
622600,-7.992997608619017,50
622650,-6.104058747833518,50
622700,-3.4063362035015343,50
622750,-7.524614404829277,50
622800,-7.5187436886970564,50
622850,-1.8590520532288106,50
622900,-7.212765107567892,50
622950,-6.9782601018248,50
623000,-5.021742669740471,50
623050,-7.227374509883805,50
623100,-2.7121074619621983,50
623150,-8.942625102864227,50
623200,-7.366669696321236,50
623250,-8.197209168096311,50
623300,-8.267166646160797,50
623350,-7.000128542507889,50
623400,-6.842723855139535,50
623450,-4.108048452395517,50
623500,-6.419216124978588,50
623550,-8.356093447259985,50
623600,-3.737269521368293,50
623650,-7.893608844807324,50
623700,-8.833706406275105,50
623750,-3.3839660039335095,50
623800,-7.256771964955894,50
623850,-9.896925566821887,50
623900,-6.5452258264202445,50
623950,-6.396703817160505,50
624000,-3.8737553490698633,50
624050,-5.056504081112674,50
624100,-4.777522866017444,50
624150,-9.179829417063367,50
624200,-2.611375873274643,50
624250,-6.165898015241514,50
624300,-6.423735070567045,50
624350,-4.044536303724982,50
624400,-7.892846868987289,50
624450,-4.490583622969312,50
624500,-2.8901642437920483,50
624550,-8.28205321199583,50
624600,-2.7207512431365126,50
624650,-6.913522879210352,50
624700,-3.887543708812902,50
624750,-6.550487350124768,50
624800,-5.762009399758176,50
624850,-7.45074275372525,50
624900,-7.991247191584382,50
624950,-7.161638493763094,50
625000,-3.9754260010015767,50
625050,-5.909628457229968,50
625100,-3.075394194436218,50
625150,-7.312376922870705,50
625200,-4.482843565455152,50
625250,-4.49265857788999,50
625300,-6.602190479597924,50
625350,-7.346142664853406,50
625400,-4.916803949803619,50
625450,-7.135816653856949,50
625500,-3.833146282149483,50
625550,-3.9934681003010435,50
625600,-8.410419603904716,50
625650,-4.479014346866753,50
625700,-6.541689332527855,50
625750,-5.2941468210580895,50
625800,-8.066258545631923,50
625850,-3.7554784937860077,50
625900,-8.70828498988015,50
625950,-4.656147030520855,50
626000,-8.478934890772098,50
626050,-2.420044007286139,50
626100,-4.738294317776829,50
626150,-3.706113892907454,50
626200,-7.38605552180808,50
626250,-4.553453591643499,50
626300,-3.706599187205186,50
626350,-1.6673261428321415,50
626400,-7.920074257023705,50
626450,-5.234934569896634,50
626500,-8.232750551770119,50
626550,-5.997726804734405,50
626600,-4.1581286462239495,50
626650,-5.111251888349921,50
626700,-6.8537489443364725,50
626750,-6.6474990922378705,50
626800,-7.588422158232799,50
626850,-6.932894835689216,50
626900,-8.675438585104322,50
626950,-4.426856445297662,50
627000,-8.22206053640521,50
627050,-3.469936388742747,50
627100,-9.330549905176191,50
627150,-7.923077341305067,50
627200,-3.813727377519544,50
627250,-4.889367770045604,50
627300,-6.762290218448037,50
627350,-4.655604014643134,50
627400,-6.5510773390715835,50
627450,-7.937913245149222,50
627500,-6.61431587705412,50
627550,-5.174359366348286,50
627600,-8.791195996660285,50
627650,-6.159757116667423,50
627700,-4.713281539545546,50
627750,-2.3332497804583237,50
627800,-4.213483641194478,50
627850,-5.000518475726774,50
627900,-6.900048512859344,50
627950,-3.683090002437826,50
628000,-4.690253623165772,50
628050,-5.913578390842847,50
628100,-6.259907901471184,50
628150,-8.901107418326127,50
628200,-2.5671688047555197,50
628250,-7.025496812071205,50
628300,-6.791859400180389,50
628350,-4.836054599661196,50
628400,-6.2388177146349415,50
628450,-6.029584298622173,50
628500,-5.807440028970266,50
628550,-6.307686357546524,50
628600,-2.463037157934284,50
628650,-4.4178598436335115,50
628700,-7.117766095885287,50
628750,-9.281602519207725,50
628800,-3.442659186958416,50
628850,-8.259464689008972,50
628900,-5.99193316357567,50
628950,-5.149231207071823,50
629000,-4.570408691338345,50
629050,-7.4256549978216135,50
629100,-5.910147625973688,50
629150,-7.5859306995429145,50
629200,-9.439190240265273,50
629250,-6.542961162491366,50
629300,-8.22822765550212,50
629350,-8.382711502298896,50
629400,-8.293783146817724,50
629450,-5.485583141020056,50
629500,-3.5639142589618933,50
629550,-7.642149025334793,50
629600,-4.945163369918725,50
629650,-2.904133950407304,50
629700,-4.563599674660452,50
629750,-6.920039837304116,50
629800,-6.531968791427148,50
629850,-4.706905722920361,50
629900,-8.294357243388868,50
629950,-5.417365654171803,50
630000,-4.533216996998345,50
630050,-7.770119327898875,50
630100,-3.686443694351597,50
630150,-6.649665903492144,50
630200,-3.458627565927915,50
630250,-2.3635458636206756,50
630300,-3.26575934780271,50
630350,-8.028330719839682,50
630400,-2.405972211209735,50
630450,-5.104159667712056,50
630500,-8.39284076524085,50
630550,-9.44374245949013,50
630600,-8.358345630300702,50
630650,-1.709067033783567,50
630700,-6.244275501729463,50
630750,-2.3621434324702637,50
630800,-3.462435326955182,50
630850,-7.477431217227587,50
630900,-7.011201335911818,50
630950,-7.6317055427076035,50
631000,-6.820687789527392,50
631050,-12.00149301840479,50
631100,-6.277687025969984,50
631150,-4.215236011380457,50
631200,-6.276417709021522,50
631250,-6.22943363486514,50
631300,-3.0152911459176472,50
631350,-4.17758611971583,50
631400,-2.5151550566089367,50
631450,-12.677166256680152,50
631500,-6.885852649955358,50
631550,-4.2787801183975835,50
631600,-7.079159930684907,50
631650,-6.85563991299593,50
631700,-8.520965582290742,50
631750,-6.527911940693228,50
631800,-8.07442721212735,50
631850,-5.486435397836408,50
631900,-6.305033856930875,50
631950,-6.249025599095701,50
632000,-7.108962447334982,50
632050,-2.0661216638300743,50
632100,-7.894308400517164,50
632150,-6.361931236929221,50
632200,-10.802356523342924,50
632250,-7.116922783650836,50
632300,-6.244287340003115,50
632350,-7.836950035205195,50
632400,-5.725351573600546,50
632450,-7.359825372930665,50
632500,-6.140384748483851,50
632550,-6.676594633727972,50
632600,-7.429238240656581,50
632650,-6.172229219014917,50
632700,-7.354236893053408,50
632750,-4.496418553737818,50
632800,-6.833810992257583,50
632850,-1.8331184116467858,50
632900,-7.777554227116143,50
632950,-8.1258456606465,50
633000,-6.153683907199895,50
633050,-5.2010877897220515,50
633100,-5.450074407017233,50
633150,-6.805244661976904,50
633200,-8.990637309101128,50
633250,-4.273451028611302,50
633300,-7.861335143455364,50
633350,-8.090427476624884,50
633400,-7.622629306426106,50
633450,-8.091534938207763,50
633500,-7.3580715022668,50
633550,-3.3962056919829076,50
633600,-2.2784155233974026,50
633650,-7.951059246487343,50
633700,-5.670012092799028,50
633750,-8.283510269913288,50
633800,-6.779542706969251,50
633850,-2.639632564850961,50
633900,-2.851712377092881,50
633950,-8.25191916962908,50
634000,-7.659644617093982,50
634050,-6.372481267143056,50
634100,-8.196588711245536,50
634150,-3.909100096496711,50
634200,-7.376483318872074,50
634250,-2.336708595570568,50
634300,-8.652812125851236,50
634350,-7.995556150947431,50
634400,-6.568084549949175,50
634450,-6.914679603734019,50
634500,-6.82202511856517,50
634550,-2.119628286294045,50
634600,-8.551784137630934,50
634650,-11.35199489347597,50
634700,-3.202478825862415,50
634750,-4.426603356989494,50
634800,-1.4604078280295754,50
634850,-6.9076367293430065,50
634900,-7.102985943683767,50
634950,-8.844540938615989,50
635000,-4.569225438106034,50
635050,-8.286005625664751,50
635100,-5.9243138917884615,50
635150,-4.728623902631457,50
635200,-4.609687828495019,50
635250,-4.0454218552825,50
635300,-8.471039887934678,50
635350,-4.21661521146687,50
635400,-4.60465169853981,50
635450,-7.43389356118697,50
635500,-6.241445999684253,50
635550,-5.992553012488008,50
635600,-4.553788653974854,50
635650,-6.655487997003077,50
635700,-2.4030937681894002,50
635750,-5.107644284501937,50
635800,-6.275419830165393,50
635850,-6.586783045385631,50
635900,-4.633237933645045,50
635950,-3.227758760285521,50
636000,-6.9274987570817075,50
636050,-8.293216086565689,50
636100,-5.670411157601154,50
636150,-6.680467733031644,50
636200,-6.490400828124091,50
636250,-2.178280898609299,50
636300,-2.7412175070725437,50
636350,-4.175672112075086,50
636400,-5.598880936220867,50
636450,-6.183772786645489,50
636500,-8.302693199462786,50
636550,-8.64491366386752,50
636600,-4.8406763877874734,50
636650,-4.045628397176941,50
636700,-6.758156651454767,50
636750,-7.734592869822163,50
636800,-6.1042626997400635,50
636850,-7.121404860033747,50
636900,-5.545911369605246,50
636950,-4.378758206655508,50
637000,-6.878952584573918,50
637050,-4.760098386188821,50
637100,-3.836499488893737,50
637150,-5.839462330952908,50
637200,-4.243276401594833,50
637250,-1.9181724309555737,50
637300,-8.109557282092192,50
637350,-2.3329655246396417,50
637400,-7.606082588306202,50
637450,-7.1448591403524615,50
637500,-8.991681818624343,50
637550,-8.14505835067614,50
637600,-4.487999279583901,50
637650,-9.468902134652941,50
637700,-8.618304540104331,50
637750,-4.122341602631904,50
637800,-3.5536356013097548,50
637850,-8.091100045336182,50
637900,-6.572927388290809,50
637950,-7.57224760867583,50
638000,-2.742631998401356,50
638050,-7.250139979399507,50
638100,-4.550981090555938,50
638150,-2.6232917226563535,50
638200,-4.5678998797493255,50
638250,-4.623752258117419,50
638300,-7.461025785516282,50
638350,-7.8468740980991605,50
638400,-4.39993685250951,50
638450,-3.708375551591075,50
638500,-6.204466941279085,50
638550,-7.050243693164418,50
638600,-1.7017702228624376,50
638650,-8.112296373889462,50
638700,-4.515727917622958,50
638750,-10.012423485190043,50
638800,-2.615252147039173,50
638850,-8.01704268163759,50
638900,-3.378513556963778,50
638950,-8.084095068456294,50
639000,-5.068073440918816,50
639050,-5.289898870804871,50
639100,-8.424332474923103,50
639150,-6.855463613552909,50
639200,-8.093867128831494,50
639250,-4.327634244637114,50
639300,-3.5280297947733543,50
639350,-8.267275611609064,50
639400,-2.5836985031908672,50
639450,-7.439758239395853,50
639500,-6.199230370047045,50
639550,-3.7906902375712646,50
639600,-4.696034315868493,50
639650,-6.5136730137075345,50
639700,-8.327351854188262,50
639750,-6.65560060773193,50
639800,-6.6914576507649075,50
639850,-7.130778020494863,50
639900,-6.7738826378263,50
639950,-6.044587921063853,50
640000,-8.05340603290155,50
640050,-4.472332754709052,50
640100,-8.29958740172339,50
640150,-7.940009252635874,50
640200,-6.939844127051367,50
640250,-7.185635307495366,50
640300,-3.777477295761973,50
640350,-4.666582581942792,50
640400,-3.227446790421316,50
640450,-2.9561801539143917,50
640500,-1.6221625078341426,50
640550,-5.921636129081014,50
640600,-1.5631856982523737,50
640650,-7.180586198747034,50
640700,-5.921543444129746,50
640750,-6.870191366270068,50
640800,-7.752904114754163,50
640850,-5.076230855152097,50
640900,-6.388675259224184,50
640950,-8.889654440427991,50
641000,-8.29297392097018,50
641050,-7.832439630297985,50
641100,-5.325320864394948,50
641150,-5.127828820044358,50
641200,-5.467125191767603,50
641250,-7.90378482330403,50
641300,-6.0920696647895705,50
641350,-4.159961186118104,50
641400,-9.010567656319832,50
641450,-4.817974521200534,50
641500,-10.078542333207047,50
641550,-5.673415362696087,50
641600,-7.459417801924328,50
641650,-5.184884221367105,50
641700,-8.395863888061662,50
641750,-7.952739503218415,50
641800,-4.596386858801848,50
641850,-3.845670413621923,50
641900,-6.918385960718691,50
641950,-6.79522092185651,50
642000,-6.781836414417071,50
642050,-8.33644521772635,50
642100,-6.775748069728883,50
642150,-5.309372131841769,50
642200,-8.146058998370737,50
642250,-4.268734048932821,50
642300,-7.99627976148047,50
642350,-5.413048113214057,50
642400,-7.72041288059119,50
642450,-2.5211594823201198,50
642500,-4.8365934400934005,50
642550,-2.6995987868045104,50
642600,-6.0031941487476255,50
642650,-2.518140961503277,50
642700,-8.134847431716777,50
642750,-3.8812585310853365,50
642800,-4.742042213917139,50
642850,-4.4432200435043185,50
642900,-6.655126721537826,50
642950,-6.427410133619678,50
643000,-6.940402992504874,50
643050,-7.621219920115828,50
643100,-6.97888913681549,50
643150,-6.131438039338874,50
643200,-6.956133692403254,50
643250,-8.264658794482663,50
643300,-7.991859631678097,50
643350,-1.8595963274052023,50
643400,-4.5496061175589855,50
643450,-5.681968756000563,50
643500,-4.86795289959898,50
643550,-3.9342482068490767,50
643600,-8.077399824142686,50
643650,-6.716012023079238,50
643700,-5.17720158028843,50
643750,-3.1903402969571624,50
643800,-2.098707584593526,50
643850,-8.109797072454638,50
643900,-8.530817220507114,50
643950,-9.481249492861014,50
644000,-2.6550422235595987,50
644050,-6.183488214022621,50
644100,-4.143507470029998,50
644150,-2.154864433598537,50
644200,-3.552783531069187,50
644250,-5.180701247874159,50
644300,-8.011929377989008,50
644350,-10.362661891635234,50
644400,-6.331541618441875,50
644450,-4.119954933646783,50
644500,-7.307751248849942,50
644550,-7.8238007611835085,50
644600,-2.332540116696558,50
644650,-8.142974180126835,50
644700,-4.293523425095597,50
644750,-3.3381345456570712,50
644800,-2.828997680447029,50
644850,-3.313997388909225,50
644900,-9.952260266186661,50
644950,-6.2473834114357825,50
645000,-3.972248983832419,50
645050,-5.995924004757222,50
645100,-3.0684968224970044,50
645150,-7.218214325877211,50
645200,-5.949767426733324,50
645250,-7.168451766934925,50
645300,-5.179552739598557,50
645350,-6.632942504893504,50
645400,-3.70895019467048,50
645450,-2.706874353183905,50
645500,-7.389072542794621,50
645550,-4.776747504312608,50
645600,-7.42159377774927,50
645650,-6.9532644059115105,50
645700,-8.279253728790334,50
645750,-5.648569626522439,50
645800,-8.84525284471803,50
645850,-8.289648560873959,50
645900,-4.413398392493498,50
645950,-7.99680361293606,50
646000,-7.678985729983135,50
646050,-4.278076414871833,50
646100,-6.506491889733067,50
646150,-6.095533258609963,50
646200,-2.262163055957817,50
646250,-3.988957610940391,50
646300,-2.525541378762109,50
646350,-4.677097657415178,50
646400,-6.107560284793921,50
646450,-7.238144212248164,50
646500,-6.132950914637109,50
646550,-6.813077631948519,50
646600,-2.7115794728388503,50
646650,-4.6317269278585895,50
646700,-7.227485587355931,50
646750,-8.156099598984447,50
646800,-7.697902957937663,50
646850,-8.566591913230159,50
646900,-4.9381131915299585,50
646950,-9.04078261992643,50
647000,-8.44142434740838,50
647050,-4.882023714559526,50
647100,-3.1421928248468425,50
647150,-8.417718030083183,50
647200,-6.646372600097298,50
647250,-6.922636954473655,50
647300,-2.1102723043821947,50
647350,-4.048522745831823,50
647400,-4.296090145310809,50
647450,-2.888269666125053,50
647500,-3.9235248788864103,50
647550,-4.538116416244265,50
647600,-4.415276173097312,50
647650,-6.09469366072805,50
647700,-7.424531854229426,50
647750,-4.477748256153256,50
647800,-6.291231221837605,50
647850,-2.349812368026621,50
647900,-6.910953341214348,50
647950,-7.420666573925021,50
648000,-3.834538586154622,50
648050,-1.7908087284186212,50
648100,-5.687328834406812,50
648150,-5.8348353118312035,50
648200,-5.089450745749074,50
648250,-6.523568509650785,50
648300,-7.390524994084864,50
648350,-7.891146123367301,50
648400,-6.450868670425845,50
648450,-5.538228067665551,50
648500,-5.860121510369732,50
648550,-6.7312586169458495,50
648600,-7.936140920630313,50
648650,-6.435435501252789,50
648700,-4.458832978466374,50
648750,-7.933449540969613,50
648800,-7.625889319258084,50
648850,-4.71861172168332,50
648900,-7.313573484059601,50
648950,-5.599944177045588,50
649000,-4.711058112125286,50
649050,-6.463886110841361,50
649100,-7.548294499198534,50
649150,-8.356284601991542,50
649200,-6.416665715792837,50
649250,-9.46042596356822,50
649300,-2.8730532539952804,50
649350,-5.9231592762824095,50
649400,-3.6169945250047726,50
649450,-3.0616913263815153,50
649500,-6.780485740085379,50
649550,-2.3264557981419967,50
649600,-4.407249755624941,50
649650,-6.007552983243967,50
649700,-9.347761305538096,50
649750,-1.9510063639764725,50
649800,-4.305334152786111,50
649850,-6.702582678661916,50
649900,-6.653443650437405,50
649950,-8.043633267889044,50
650000,-3.529704344163419,50
650050,-1.8711153969673449,50
650100,-8.115118044764458,50
650150,-2.797736460384486,50
650200,-5.663918907553885,50
650250,-7.298088466893195,50
650300,-3.417848771878348,50
650350,-4.178049440918854,50
650400,-7.501573826633265,50
650450,-7.716459524467234,50
650500,-8.19987474808062,50
650550,-6.479506641281607,50
650600,-5.605756743891565,50
650650,-8.27168784280885,50
650700,-7.7243656845799045,50
650750,-5.177107037310221,50
650800,-3.4692529185885896,50
650850,-7.057344426315992,50
650900,-7.05823747259521,50
650950,-3.2703631051938586,50
651000,-9.180380090650592,50
651050,-7.98020400619663,50
651100,-7.269301040728924,50
651150,-4.3727183424956,50
651200,-6.285689483826023,50
651250,-8.217474468656805,50
651300,-6.661845948983647,50
651350,-8.71510024163042,50
651400,-6.854377622990858,50
651450,-5.5149369684776035,50
651500,-7.8970253775542645,50
651550,-7.957468987114571,50
651600,-5.793489815053464,50
651650,-4.010926216801845,50
651700,-5.9545040774292834,50
651750,-7.676495219693947,50
651800,-1.7262947819423766,50
651850,-7.093456349236127,50
651900,-7.967001817300067,50
651950,-4.372194805159775,50
652000,-7.756560250019845,50
652050,-4.073720753500167,50
652100,-4.2976892316198825,50
652150,-7.183919444618025,50
652200,-3.7772520059729446,50
652250,-7.164375815572287,50
652300,-2.4871483854981955,50
652350,-3.6624395594043406,50
652400,-7.363796969732116,50
652450,-9.789730949473157,50
652500,-8.10677550769981,50
652550,-4.488181411082491,50
652600,-8.261427407297399,50
652650,-5.402844766833265,50
652700,-4.203750873019155,50
652750,-2.325716927389122,50
652800,-7.459824574790433,50
652850,-8.091555947967915,50
652900,-6.314708670493716,50
652950,-2.2872073026678303,50
653000,-5.932915529987682,50
653050,-5.209865535241709,50
653100,-1.9107756906158473,50
653150,-7.846546288491811,50
653200,-6.723469234612927,50
653250,-4.860459056393852,50
653300,-6.8914799215952325,50
653350,-8.05868754721095,50
653400,-6.882505826065428,50
653450,-2.9003937864444547,50
653500,-3.8598603927530624,50
653550,-4.760144854173988,50
653600,-8.199795614364902,50
653650,-6.774219869646455,50
653700,-5.760004378693944,50
653750,-2.1589621425945835,50
653800,-5.4082313823074095,50
653850,-7.828430724042638,50
653900,-6.795611828320882,50
653950,-4.8039591039331695,50
654000,-8.023046039100343,50
654050,-4.038652498788725,50
654100,-8.29028018881426,50
654150,-7.22944244647648,50
654200,-4.853364699566487,50
654250,-6.809670333886337,50
654300,-7.733932605499345,50
654350,-5.56424537481438,50
654400,-5.207625665996732,50
654450,-5.9471159802708256,50
654500,-6.830373707788449,50
654550,-1.9827274387593437,50
654600,-1.7535468512956742,50
654650,-7.809101151640661,50
654700,-2.8713009819874857,50
654750,-4.220410494690919,50
654800,-6.090857880348212,50
654850,-7.402406104589544,50
654900,-7.522045833899759,50
654950,-6.440537781312696,50
655000,-7.15738209637933,50
655050,-6.291821606853984,50
655100,-7.512146848713188,50
655150,-3.880954724896545,50
655200,-8.043438591026222,50
655250,-5.794678671354623,50
655300,-2.323205818221438,50
655350,-4.212356818232568,50
655400,-8.394367388808476,50
655450,-3.825715724272984,50
655500,-7.899148154604263,50
655550,-7.187408309257405,50
655600,-6.224772239485514,50
655650,-7.67054727063412,50
655700,-9.098634034917666,50
655750,-3.086770598145635,50
655800,-4.10650745208057,50
655850,-6.802758168941461,50
655900,-4.469597346166975,50
655950,-2.0371823214379305,50
656000,-3.2747236543404994,50
656050,-6.535787251629245,50
656100,-6.900669396311385,50
656150,-7.990463012845592,50
656200,-6.388564912203381,50
656250,-5.961527280253991,50
656300,-2.9658755665454244,50
656350,-7.977172544614784,50
656400,-7.072137272625038,50
656450,-3.406667496395021,50
656500,-6.154870905083197,50
656550,-4.2974215172564385,50
656600,-6.3069581217712996,50
656650,-8.017223065564226,50
656700,-6.161279157095511,50
656750,-7.669092954551061,50
656800,-6.985321408888573,50
656850,-8.007034186823391,50
656900,-8.172983983620938,50
656950,-7.880500069303197,50
657000,-9.404482525047218,50
657050,-8.6080711582876,50
657100,-7.495381329730441,50
657150,-4.509740761488295,50
657200,-4.874554510246532,50
657250,-5.4864717990430405,50
657300,-4.028856211769909,50
657350,-2.0049894144902916,50
657400,-5.361293724144173,50
657450,-7.6585627257285385,50
657500,-4.3022409341392125,50
657550,-8.300015233950004,50
657600,-6.806325781047905,50
657650,-6.9570364208367845,50
657700,-7.977972256059452,50
657750,-8.154662917979746,50
657800,-6.232349111720413,50
657850,-7.129215593307926,50
657900,-6.828699882077888,50
657950,-5.752950219048426,50
658000,-8.286515554891361,50
658050,-8.721284228280796,50
658100,-6.441548162334457,50
658150,-3.1099550131992526,50
658200,-5.941345094031531,50
658250,-5.664443449511254,50
658300,-6.593825330817257,50
658350,-7.947337606281248,50
658400,-3.108429016171317,50
658450,-7.60248317741701,50
658500,-6.770852658113807,50
658550,-6.439069682658008,50
658600,-1.9260577990763903,50
658650,-2.1427387109598564,50
658700,-8.076320821162648,50
658750,-6.659968979794325,50
658800,-6.7277538126399845,50
658850,-8.205389464293905,50
658900,-4.480093365988182,50
658950,-7.7115650964371,50
659000,-7.290437231233978,50
659050,-6.6415097393473,50
659100,-7.31455609101002,50
659150,-4.784042030411925,50
659200,-4.73165979894351,50
659250,-5.041729962247077,50
659300,-3.072981938040057,50
659350,-8.203423099641984,50
659400,-7.822832360604402,50
659450,-4.733153655161652,50
659500,-6.3157392947261535,50
659550,-8.465015092356758,50
659600,-6.721933433526947,50
659650,-8.013353751094584,50
659700,-7.737711598207598,50
659750,-6.407564522337734,50
659800,-3.5493505892892436,50
659850,-5.944807598343529,50
659900,-8.229749453224931,50
659950,-2.418286348175964,50
660000,-6.582820571566577,50
660050,-5.648944414319998,50
660100,-7.628814137218012,50
660150,-4.4242165584652735,50
660200,-7.934198911462582,50
660250,-7.640130856977921,50
660300,-5.4261780978146374,50
660350,-1.5942235489147472,50
660400,-7.902387274813449,50
660450,-6.270346258491617,50
660500,-4.578199806220149,50
660550,-3.535663546998611,50
660600,-8.000148953602098,50
660650,-5.558240677716841,50
660700,-5.4827475605539275,50
660750,-5.529521039272479,50
660800,-2.2206916617683374,50
660850,-4.614295738850262,50
660900,-4.183072999636118,50
660950,-4.705786856098823,50
661000,-7.323858732429921,50
661050,-3.952526867007781,50
661100,-7.337722157103655,50
661150,-7.197032604961845,50
661200,-4.297319831039566,50
661250,-6.1077654291119785,50
661300,-5.448181054342778,50
661350,-6.201702986625531,50
661400,-8.75624546325484,50
661450,-7.350992057835142,50
661500,-13.65629704521813,50
661550,-6.539463567395517,50
661600,-4.219619013496691,50
661650,-7.222012719453198,50
661700,-2.526460082990542,50
661750,-7.425917209673317,50
661800,-6.188402798755059,50
661850,-4.320531453952147,50
661900,-6.7970286407919485,50
661950,-7.099337161838499,50
662000,-8.888820531255922,50
662050,-7.48614285267139,50
662100,-6.638253526096292,50
662150,-8.045826782658331,50
662200,-2.6604395282934106,50
662250,-7.645518230657702,50
662300,-2.6430474257680285,50
662350,-2.9173128574545073,50
662400,-5.896127867977182,50
662450,-2.8916989887271467,50
662500,-5.854970049076744,50
662550,-6.215740566116267,50
662600,-6.373533340691549,50
662650,-7.756044594846433,50
662700,-5.210938222134839,50
662750,-4.481901085028062,50
662800,-8.08398313514399,50
662850,-6.038795096194104,50
662900,-4.326143022872529,50
662950,-6.126464171459407,50
663000,-7.133789975118411,50
663050,-7.083185197540107,50
663100,-3.8883489665359106,50
663150,-5.691885344596834,50
663200,-5.030509820300495,50
663250,-7.031451482140965,50
663300,-2.8949738990322658,50
663350,-6.4763990083970935,50
663400,-4.728511781439411,50
663450,-6.797828315171095,50
663500,-3.4748651068298075,50
663550,-1.6799414674772342,50
663600,-3.179883018490277,50
663650,-4.946586153650804,50
663700,-4.916040576504729,50
663750,-7.916380146620505,50
663800,-7.322395082384451,50
663850,-3.265966173743766,50
663900,-4.196847902550633,50
663950,-3.2493333755084315,50
664000,-7.714403388902235,50
664050,-8.023371979329001,50
664100,-7.544199758702054,50
664150,-3.1071164335976014,50
664200,-9.546297983847618,50
664250,-1.6112428625033268,50
664300,-6.23830648891149,50
664350,-6.330828063315067,50
664400,-7.318889277816923,50
664450,-6.265508655930092,50
664500,-8.535158812202178,50
664550,-8.05625895821886,50
664600,-5.1374022414290845,50
664650,-5.448379389426442,50
664700,-2.187600799507157,50
664750,-8.381728387457676,50
664800,-7.3632161873055715,50
664850,-8.081628935603169,50
664900,-3.4735288378550027,50
664950,-7.653796429857889,50
665000,-4.938832999921447,50
665050,-1.7744177195203987,50
665100,-5.4553367081630535,50
665150,-4.2605651054564895,50
665200,-6.163925449157951,50
665250,-6.464824895907894,50
665300,-2.1065792856182575,50
665350,-2.5098148719038096,50
665400,-5.428776066629149,50
665450,-7.55106600673729,50
665500,-1.79300490401307,50
665550,-4.390646075292342,50
665600,-4.827484050883997,50
665650,-7.405988033615648,50
665700,-9.183716987248067,50
665750,-5.656975158630668,50
665800,-4.917047537740963,50
665850,-7.198555259106815,50
665900,-3.9929079300740407,50
665950,-2.67181855918265,50
666000,-7.378225322542526,50
666050,-3.359146994106588,50
666100,-5.193118497663521,50
666150,-5.785867022003105,50
666200,-3.325268661341485,50
666250,-8.448670502616661,50
666300,-6.272799425763882,50
666350,-6.639170794988707,50
666400,-4.81821037912757,50
666450,-6.829004772206939,50
666500,-4.293255191300708,50
666550,-5.858800557418216,50
666600,-6.915394610652905,50
666650,-7.399367950173903,50
666700,-3.826378237973045,50
666750,-7.1710472127136615,50
666800,-4.643155202818416,50
666850,-8.487325041438032,50
666900,-6.727377199709234,50
666950,-5.47027378448924,50
667000,-2.629496351062381,50
667050,-6.611344418235971,50
667100,-4.4801014848268395,50
667150,-6.818885877379849,50
667200,-7.513181195337572,50
667250,-2.3728156363028856,50
667300,-4.222108804862676,50
667350,-3.9247457707347397,50
667400,-7.755133887117514,50
667450,-8.750811830453229,50
667500,-2.8949401194216366,50
667550,-3.552766652238108,50
667600,-3.3435523849485795,50
667650,-5.124930263779586,50
667700,-7.5033789805053495,50
667750,-4.200361711331818,50
667800,-6.905405227979113,50
667850,-1.4945721497574032,50
667900,-6.701667398128578,50
667950,-7.09306334461594,50
668000,-4.748566712266383,50
668050,-2.6320121584468006,50
668100,-6.675201803765382,50
668150,-6.254349806373547,50
668200,-3.892527405382746,50
668250,-5.349429158143359,50
668300,-8.307886311025214,50
668350,-4.027834126700069,50
668400,-4.643850193450862,50
668450,-7.5687837999931995,50
668500,-2.511504690380735,50
668550,-7.658751389206005,50
668600,-7.4726726897038285,50
668650,-4.93394942534935,50
668700,-4.203054908705683,50
668750,-5.05219741092624,50
668800,-7.8711099165743805,50
668850,-6.424933083735704,50
668900,-2.258830081335647,50
668950,-5.002383693474766,50
669000,-7.636582572350757,50
669050,-8.916217807808847,50
669100,-1.9995263342609648,50
669150,-7.168499247222951,50
669200,-5.447550418648699,50
669250,-8.078257867815761,50
669300,-4.958244619861081,50
669350,-7.178020555090853,50
669400,-4.948809133757978,50
669450,-4.384370424571436,50
669500,-5.854715325970794,50
669550,-5.5634711366098495,50
669600,-6.73694562313063,50
669650,-3.1641937534935223,50
669700,-3.5749760034791422,50
669750,-7.832364796969829,50
669800,-4.264149255003673,50
669850,-8.910188846248394,50
669900,-5.23606644428946,50
669950,-3.522624092975867,50
670000,-5.974313289995343,50
670050,-8.126525905746929,50
670100,-5.59371242798758,50
670150,-5.829690936030165,50
670200,-8.064181473082721,50
670250,-7.377118256973931,50
670300,-6.228211568010405,50
670350,-6.0595065513884006,50
670400,-6.574991608847565,50
670450,-6.671052786528099,50
670500,-4.1937391571937495,50
670550,-5.927572282577936,50
670600,-5.228047198880758,50
670650,-3.1048783778742215,50
670700,-8.694874314785723,50
670750,-6.372320280670408,50
670800,-7.8949948478315655,50
670850,-1.4399851657235745,50
670900,-8.024654364640234,50
670950,-7.729867174075599,50
671000,-7.338057707790098,50
671050,-8.267261724335402,50
671100,-7.534320076479418,50
671150,-8.007489646661899,50
671200,-7.678926000709094,50
671250,-7.591912258240775,50
671300,-4.692774577598219,50
671350,-8.068206983577074,50
671400,-7.019915147120259,50
671450,-3.8106331042386237,50
671500,-8.148550497357641,50
671550,-4.8955707489935,50
671600,-5.492046580691296,50
671650,-7.143608158126286,50
671700,-6.7156832425787245,50
671750,-5.435827023705497,50
671800,-2.897314937879259,50
671850,-3.0640505542477374,50
671900,-8.281687066407962,50
671950,-5.670240731505838,50
672000,-4.527077474654726,50
672050,-6.591453470008144,50
672100,-9.843724428930383,50
672150,-4.012175029975199,50
672200,-8.26060003987691,50
672250,-3.5189764085990727,50
672300,-8.57319106951649,50
672350,-4.005312553111629,50
672400,-5.842088138029567,50
672450,-8.061498656137562,50
672500,-5.333098984631629,50
672550,-2.0937521898440927,50
672600,-8.305379010835624,50
672650,-5.9953137734679,50
672700,-5.070128912575423,50
672750,-5.683050180225128,50
672800,-2.6819471848936143,50
672850,-4.0345839799157215,50
672900,-5.791025250544447,50
672950,-2.395540431389766,50
673000,-12.35092121839659,50
673050,-4.20201294828032,50
673100,-5.435784223054303,50
673150,-8.060091929986731,50
673200,-3.928068426921253,50
673250,-4.48446327848748,50
673300,-4.798378106452503,50
673350,-2.822514488255387,50
673400,-7.8435222433997795,50
673450,-2.9940865499095333,50
673500,-4.105817593825042,50
673550,-7.315065323932051,50
673600,-9.419620805787595,50
673650,-6.860790603288756,50
673700,-5.319485919254744,50
673750,-4.241802643680892,50
673800,-6.7684540903104615,50
673850,-9.073782109552354,50
673900,-3.349617736171803,50
673950,-4.577296070842451,50
674000,-3.3051446595370857,50
674050,-8.42892875948288,50
674100,-6.12793640524029,50
674150,-7.156490800026582,50
674200,-8.606219534645504,50
674250,-8.649798967261797,50
674300,-5.7132999187871,50
674350,-8.79124966423086,50
674400,-6.3825424138450435,50
674450,-4.4460098874516225,50
674500,-7.93861166448551,50
674550,-6.112904592004884,50
674600,-6.513494113422434,50
674650,-7.616334540658013,50
674700,-1.2067643867846378,50
674750,-7.442629083933302,50
674800,-8.022678462415316,50
674850,-4.914521722971415,50
674900,-7.093944480765186,50
674950,-7.846939192696973,50
675000,-4.388273690369202,50
675050,-8.559740982298363,50
675100,-8.01125379914821,50
675150,-7.0681427046808,50
675200,-8.185728760851259,50
675250,-6.324369286814185,50
675300,-6.755086115322093,50
675350,-3.371204862376016,50
675400,-7.858073863372008,50
675450,-8.317354832254972,50
675500,-4.552011276723516,50
675550,-7.719776720403793,50
675600,-8.042153770616219,50
675650,-4.256217936263207,50
675700,-6.30718460775948,50
675750,-4.14349127447305,50
675800,-5.299975520840706,50
675850,-7.812373213115984,50
675900,-5.849930406131849,50
675950,-8.290659308512481,50
676000,-8.09097906642952,50
676050,-4.939787805265693,50
676100,-10.84846625481104,50
676150,-3.444275477650943,50
676200,-4.394943321541514,50
676250,-8.072677966157672,50
676300,-6.42113675164506,50
676350,-6.836409237341952,50
676400,-5.368856348979753,50
676450,-2.160341622154945,50
676500,-1.958156854611793,50
676550,-8.980971387626091,50
676600,-6.516708663061986,50
676650,-5.546966610242573,50
676700,-2.949776135911198,50
676750,-6.336217959558635,50
676800,-7.457159974408088,50
676850,-6.9881900622510065,50
676900,-6.145290592449066,50
676950,-3.4631040738683234,50
677000,-3.1773277623305076,50
677050,-8.162872852488398,50
677100,-7.5103974217805645,50
677150,-6.306109311976398,50
677200,-6.882761802082891,50
677250,-6.674434084010156,50
677300,-7.891799277015813,50
677350,-4.699638860876786,50
677400,-8.149191427263181,50
677450,-6.3404478578605525,50
677500,-8.38636678919209,50
677550,-2.1638204440865625,50
677600,-6.722496977796817,50
677650,-8.10666259421385,50
677700,-7.50435818997806,50
677750,-6.602945517673953,50
677800,-7.009584717904037,50
677850,-5.776683638367192,50
677900,-9.889086603292068,50
677950,-6.462369595204894,50
678000,-7.030731332803254,50
678050,-7.976928015032238,50
678100,-10.562450792607248,50
678150,-6.149779245225043,50
678200,-5.3141206595606265,50
678250,-11.782317384555988,50
678300,-5.239929364666504,50
678350,-7.302821157235925,50
678400,-6.8307529823044995,50
678450,-4.786141898944872,50
678500,-7.632426045487505,50
678550,-3.8086202762007972,50
678600,-6.6822142899113235,50
678650,-6.660354305337776,50
678700,-5.974348662536963,50
678750,-9.237231040702857,50
678800,-5.847316551853021,50
678850,-6.147667467109646,50
678900,-5.43236893185388,50
678950,-5.215217105777766,50
679000,-7.640649401431272,50
679050,-6.499544868041337,50
679100,-4.240580172208485,50
679150,-10.85419916326912,50
679200,-2.2091077042921095,50
679250,-7.022669395838839,50
679300,-2.8247217332818395,50
679350,-9.215810891809658,50
679400,-7.495333055153928,50
679450,-5.123438970048826,50
679500,-5.453942799845088,50
679550,-3.3959963961898243,50
679600,-5.8896157848325545,50
679650,-8.472579433966983,50
679700,-6.9377554410021105,50
679750,-11.29634390452466,50
679800,-6.04183927879433,50
679850,-7.08839420834965,50
679900,-1.590638825750129,50
679950,-8.651739291112685,50
680000,-6.903848918158432,50
680050,-5.857605099104162,50
680100,-7.36951294574176,50
680150,-7.863025273132534,50
680200,-4.049251980011188,50
680250,-5.6581595618192155,50
680300,-6.105517293815561,50
680350,-5.05332582323563,50
680400,-8.232042525040475,50
680450,-8.152625949458761,50
680500,-9.27976308589757,50
680550,-6.605221417192091,50
680600,-3.4170605020234923,50
680650,-6.272113124241679,50
680700,-6.552596302470874,50
680750,-2.1667971035697926,50
680800,-6.694974149719904,50
680850,-6.86341975761262,50
680900,-5.488495267706438,50
680950,-5.8546010727839874,50
681000,-7.9226240820338365,50
681050,-6.0473427368040005,50
681100,-4.77184512656481,50
681150,-6.126839846801188,50
681200,-6.738395848433838,50
681250,-4.210621448291873,50
681300,-4.031544468618345,50
681350,-6.500556591608647,50
681400,-6.727767966172592,50
681450,-7.07465964323838,50
681500,-8.926246289532108,50
681550,-8.244181227908413,50
681600,-7.321749477093649,50
681650,-5.776749698485417,50
681700,-4.956451266696218,50
681750,-3.450247627431555,50
681800,-5.240349141206899,50
681850,-9.175475728440995,50
681900,-2.878360172929525,50
681950,-6.3673775454423716,50
682000,-7.985694301525251,50
682050,-3.92090419020954,50
682100,-6.000688231764503,50
682150,-8.294993487285996,50
682200,-6.928639603459714,50
682250,-6.459589532467019,50
682300,-6.991549713313122,50
682350,-5.670807127991106,50
682400,-4.204499896374417,50
682450,-5.200556534654843,50
682500,-6.765513480220365,50
682550,-4.993651155920253,50
682600,-5.69940703320443,50
682650,-4.493405948809796,50
682700,-5.264085661904146,50
682750,-8.706001636363927,50
682800,-5.559586279903176,50
682850,-1.7111089717236536,50
682900,-8.648415943427032,50
682950,-5.976809878644147,50
683000,-4.4943773259451865,50
683050,-5.214713553660167,50
683100,-4.5292837947516285,50
683150,-6.411916412180717,50
683200,-2.8647629705294664,50
683250,-4.014535540451237,50
683300,-7.833433163279915,50
683350,-4.4964816050083245,50
683400,-8.35963136325422,50
683450,-8.512276835679016,50
683500,-2.456736735648312,50
683550,-5.53238713223046,50
683600,-5.059557125054343,50
683650,-8.392574758993973,50
683700,-3.103998220228771,50
683750,-4.896267825721536,50
683800,-5.212607995418994,50
683850,-4.805638159414185,50
683900,-7.136175849015005,50
683950,-8.418466400515587,50
684000,-5.942174508739942,50
684050,-6.793443426324667,50
684100,-5.391859055403151,50
684150,-4.063570797617031,50
684200,-6.014234423450335,50
684250,-6.327300262261166,50
684300,-7.050998798816559,50
684350,-7.7306779929930585,50
684400,-5.689083839029662,50
684450,-5.572396144671214,50
684500,-4.464360068341099,50
684550,-6.745932256563908,50
684600,-8.15711772061718,50
684650,-6.62850867354595,50
684700,-4.774795869156413,50
684750,-4.012219027833415,50
684800,-7.975896150633904,50
684850,-7.096321699152994,50
684900,-6.512865579147336,50
684950,-3.349186442003742,50
685000,-3.512700300811096,50
685050,-8.272846061362907,50
685100,-7.533163136216036,50
685150,-8.578606542288664,50
685200,-7.829995396729102,50
685250,-2.1405762521346228,50
685300,-6.407357174905156,50
685350,-4.848227841571062,50
685400,-3.0791453186453186,50
685450,-6.073179666264879,50
685500,-5.708284208546592,50
685550,-5.665013351868228,50
685600,-6.640393940234646,50
685650,-7.828433779101803,50
685700,-8.837806823374068,50
685750,-8.18007841502959,50
685800,-6.472719842679962,50
685850,-6.609578869851539,50
685900,-3.8745276668994775,50
685950,-6.297629908453713,50
686000,-4.965881221875908,50
686050,-8.037474856767599,50
686100,-7.729948781475815,50
686150,-8.512597285640728,50
686200,-5.002634160158805,50
686250,-4.552410649740304,50
686300,-7.393638915829284,50
686350,-4.187473005406971,50
686400,-3.860212155641552,50
686450,-6.9163039818617325,50
686500,-6.189104026539721,50
686550,-3.372506516294167,50
686600,-6.155050091291873,50
686650,-5.421799743503377,50
686700,-5.981120607194706,50
686750,-6.276324354495193,50
686800,-4.9414024981379,50
686850,-7.697429460751607,50
686900,-6.096095699743894,50
686950,-6.237612346526072,50
687000,-3.889657875638559,50
687050,-5.992112547177138,50
687100,-6.057630688901948,50
687150,-6.590734949258812,50
687200,-6.196648559402003,50
687250,-4.960454294084238,50
687300,-4.040676095950857,50
687350,-6.30724766837628,50
687400,-4.214152283041647,50
687450,-6.534167473993677,50
687500,-4.749628762968945,50
687550,-6.287525864163308,50
687600,-7.175939099053639,50
687650,-4.807152531867897,50
687700,-8.17234375345365,50
687750,-7.671589099654766,50
687800,-7.13303104538366,50
687850,-6.99580735992595,50
687900,-4.549086340297048,50
687950,-6.663134286537632,50
688000,-4.24319296147153,50
688050,-7.86053018614739,50
688100,-6.642085043624512,50
688150,-4.971552446483789,50
688200,-4.554858065026419,50
688250,-5.90068278852874,50
688300,-6.978457843333572,50
688350,-3.077726056352677,50
688400,-6.169605996216751,50
688450,-4.32094592753328,50
688500,-8.121191691816113,50
688550,-7.201371517661101,50
688600,-6.205027764381037,50
688650,-8.191071152803305,50
688700,-6.393766932610985,50
688750,-4.1278900591294905,50
688800,-6.97817091487352,50
688850,-5.488647745639816,50
688900,-8.111501263706646,50
688950,-5.940792646653596,50
689000,-3.615568928733448,50
689050,-6.935789120387923,50
689100,-5.1624773220905755,50
689150,-4.7421673647767975,50
689200,-6.220598537804345,50
689250,-7.135413270782208,50
689300,-7.119981684960457,50
689350,-6.4062584949615395,50
689400,-4.844365480322235,50
689450,-5.671496398040608,50
689500,-3.832509506657485,50
689550,-4.8122959797192335,50
689600,-4.340816393481509,50
689650,-7.611539592222213,50
689700,-7.981045573462837,50
689750,-5.004465198153337,50
689800,-5.999610186142792,50
689850,-7.895703865346956,50
689900,-10.268388872284122,50
689950,-5.575468050186363,50
690000,-6.382679151201362,50
690050,-8.558038906111515,50
690100,-8.053725537490381,50
690150,-4.928052961743743,50
690200,-4.063357789219938,50
690250,-3.1231896278952127,50
690300,-6.6164451202067,50
690350,-2.5418274695238003,50
690400,-7.392929290913485,50
690450,-7.385538619534087,50
690500,-6.846038380509072,50
690550,-5.367464658560651,50
690600,-7.9923239528104295,50
690650,-5.974848645526398,50
690700,-6.057845952575264,50
690750,-6.947939911494989,50
690800,-7.278605307584515,50
690850,-6.101756349600919,50
690900,-4.390718412657052,50
690950,-8.66785519736516,50
691000,-8.349105337317487,50
691050,-4.204543152752035,50
691100,-8.225334902026166,50
691150,-7.819021055913613,50
691200,-3.814048976870354,50
691250,-5.0296836688706765,50
691300,-4.902226809894744,50
691350,-6.617706549088962,50
691400,-4.622122012623217,50
691450,-4.778465256335548,50
691500,-9.045324135083142,50
691550,-4.251688710255024,50
691600,-4.6965060471012405,50
691650,-4.849671955535103,50
691700,-5.8290358208897715,50
691750,-5.634107832165893,50
691800,-4.512109619339567,50
691850,-6.2414987705554585,50
691900,-5.649352731050608,50
691950,-5.248715103859032,50
692000,-2.180368413033335,50
692050,-7.580791059678085,50
692100,-6.690226321112842,50
692150,-2.0676966676758486,50
692200,-6.728537502267089,50
692250,-4.581957319205361,50
692300,-3.134432847441823,50
692350,-6.27123193303961,50
692400,-6.9769495517345215,50
692450,-3.9932257692928834,50
692500,-5.072277711152386,50
692550,-7.4743838237374405,50
692600,-7.031390380931802,50
692650,-5.666483950514452,50
692700,-8.413694459348685,50
692750,-8.268582912205,50
692800,-8.705375416447513,50
692850,-3.6367446156896954,50
692900,-3.228629267430799,50
692950,-8.197688178843235,50
693000,-2.5645836530888593,50
693050,-7.519327978285631,50
693100,-8.319387340252646,50
693150,-6.558956095834387,50
693200,-7.378952571181365,50
693250,-5.885267455247651,50
693300,-3.528467926602155,50
693350,-4.7666807664951865,50
693400,-10.06382855568082,50
693450,-7.94145591886921,50
693500,-6.596648387437613,50
693550,-7.755953514156537,50
693600,-4.075115893357361,50
693650,-7.817886982122667,50
693700,-7.595056465262052,50
693750,-7.214942958690262,50
693800,-5.753403137801003,50
693850,-8.145798874335753,50
693900,-5.497929116648789,50
693950,-6.429370661433566,50
694000,-4.899174476006273,50
694050,-5.767947690931688,50
694100,-7.377845077898793,50
694150,-8.064417269035722,50
694200,-8.568012402693618,50
694250,-4.655802778324286,50
694300,-6.834422750376808,50
694350,-8.217068544447057,50
694400,-6.153828296025406,50
694450,-8.018027087319432,50
694500,-2.9293978808374352,50
694550,-9.380652471546705,50
694600,-4.34991076173433,50
694650,-1.6058683633317843,50
694700,-5.992751248171673,50
694750,-7.737365632775084,50
694800,-7.9705270023029025,50
694850,-7.133236965798407,50
694900,-6.052391913689733,50
694950,-5.541464877143623,50
695000,-5.94348739830099,50
695050,-6.708328140356285,50
695100,-8.414287383128677,50
695150,-7.031131711537793,50
695200,-9.159618377301165,50
695250,-4.0407347629286186,50
695300,-7.144731231723039,50
695350,-7.825709256715112,50
695400,-4.645580027347269,50
695450,-7.06015173176684,50
695500,-6.477192303060511,50
695550,-6.824514235117834,50
695600,-8.433478887177406,50
695650,-4.534109280169314,50
695700,-5.783621558056854,50
695750,-7.66639265377682,50
695800,-6.060619794807642,50
695850,-5.230135240014182,50
695900,-8.795157052498563,50
695950,-8.170552122430529,50
696000,-8.616622015834626,50
696050,-4.99271656349606,50
696100,-3.5177414910193177,50
696150,-5.0725352553451,50
696200,-5.983401151664405,50
696250,-8.259813259440872,50
696300,-5.433302184477574,50
696350,-7.720107761880721,50
696400,-9.595624129974663,50
696450,-1.4891696771853482,50
696500,-3.8196507538490523,50
696550,-5.611171187925048,50
696600,-3.424287690344167,50
696650,-3.6476907977411885,50
696700,-6.552917778049843,50
696750,-3.97088479809543,50
696800,-4.371867408143435,50
696850,-6.248450351641395,50
696900,-8.143325705183209,50
696950,-6.373377153770378,50
697000,-3.7155547455657594,50
697050,-6.783582078427485,50
697100,-5.924378831753938,50
697150,-6.88465053138966,50
697200,-5.059320065467344,50
697250,-5.393653607688875,50
697300,-4.071810294689074,50
697350,-4.526648249662155,50
697400,-6.5366837949663,50
697450,-7.182003607205939,50
697500,-9.660009996888935,50
697550,-8.031261610593948,50
697600,-5.9075239896905405,50
697650,-5.78289980418505,50
697700,-6.845765193788429,50
697750,-5.037119976345995,50
697800,-7.995951202915178,50
697850,-5.926828415673679,50
697900,-2.6953055791390637,50
697950,-7.827998063377788,50
698000,-3.761509983508259,50
698050,-3.9288374431137094,50
698100,-3.4501047721177107,50
698150,-5.618236730985963,50
698200,-7.189511999899666,50
698250,-5.25625896642514,50
698300,-6.701147722918981,50
698350,-5.938727735950219,50
698400,-4.014670707227956,50
698450,-6.459378203289176,50
698500,-7.452113539666296,50
698550,-5.266386310507433,50
698600,-6.718542241441269,50
698650,-6.989638087213105,50
698700,-6.395282673264442,50
698750,-3.291991052507934,50
698800,-7.8189345678162425,50
698850,-8.437970982121684,50
698900,-6.5880659740921415,50
698950,-2.6986766048854154,50
699000,-4.067204747949651,50
699050,-4.133353166977379,50
699100,-6.376763108453722,50
699150,-2.3138082554907613,50
699200,-6.446348219543651,50
699250,-4.393082117459793,50
699300,-2.342643816325638,50
699350,-9.75448580937428,50
699400,-6.78860735697056,50
699450,-3.785914623984179,50
699500,-5.577952278882956,50
699550,-4.226690414807951,50
699600,-8.008329568466454,50
699650,-7.618012425312135,50
699700,-3.6825109975042007,50
699750,-8.805404990664046,50
699800,-4.965951708819811,50
699850,-10.52956614368638,50
699900,-8.122038524751591,50
699950,-3.258652993443985,50
700000,-6.097314782043305,50
700050,-4.053850427140186,50
700100,-7.751084531679457,50
700150,-6.665425587266629,50
700200,-2.9755614165327913,50
700250,-7.578049206546772,50
700300,-5.818707938855461,50
700350,-5.883231587778243,50
700400,-5.295434717800731,50
700450,-5.031990549695958,50
700500,-8.890535699812693,50
700550,-4.841171415339981,50
700600,-7.644655392933342,50
700650,-6.143095630565449,50
700700,-7.3209315386234115,50
700750,-11.657144285184463,50
700800,-4.406514739285008,50
700850,-5.495771367260297,50
700900,-3.7875020356586164,50
700950,-7.889883758144353,50
701000,-3.5251144027353827,50
701050,-9.601850680268136,50
701100,-5.27845557071305,50
701150,-6.667633467309717,50
701200,-6.491319221219097,50
701250,-3.6304765300797652,50
701300,-6.483844139960583,50
701350,-8.557661069173172,50
701400,-6.972851222445532,50
701450,-4.643073502247817,50
701500,-8.49689804589573,50
701550,-4.796313006026659,50
701600,-2.9925940005631326,50
701650,-9.66837154106596,50
701700,-5.545844880580301,50
701750,-3.437931327711506,50
701800,-3.5965478721185784,50
701850,-7.509820163953869,50
701900,-7.432099478797511,50
701950,-4.833054356248847,50
702000,-4.373119805508552,50
702050,-7.269408717465525,50
702100,-7.120712987953369,50
702150,-2.294213318278909,50
702200,-5.375213310155842,50
702250,-2.212220024442508,50
702300,-8.030392292180418,50
702350,-5.9962770652698,50
702400,-8.064453420778609,50
702450,-7.755954262865303,50
702500,-4.870355227219001,50
702550,-6.4251320861557,50
702600,-2.4596378043034837,50
702650,-6.0207107058565175,50
702700,-8.17319766025464,50
702750,-6.431400975404498,50
702800,-2.7347090945730246,50
702850,-3.8170423185841478,50
702900,-4.625209089893244,50
702950,-5.307488247584784,50
703000,-8.305680282219322,50
703050,-3.8108920324784616,50
703100,-7.474350690770175,50
703150,-6.3868962859729095,50
703200,-1.8092403893039184,50
703250,-4.127088562421422,50
703300,-7.138989840322472,50
703350,-5.631239991684727,50
703400,-6.437680051523698,50
703450,-3.843083745494926,50
703500,-9.888653797029905,50
703550,-6.651541304155966,50
703600,-5.134613500256076,50
703650,-3.775496787094675,50
703700,-6.715424772446544,50
703750,-4.371400572401916,50
703800,-7.631784893991971,50
703850,-5.819113542607729,50
703900,-7.492750828999123,50
703950,-5.8811322162131265,50
704000,-5.8360558651282375,50
704050,-4.008571540656339,50
704100,-5.6634230860289385,50
704150,-6.516098405896185,50
704200,-6.83985577992118,50
704250,-4.520862484208693,50
704300,-2.5271471544030746,50
704350,-6.441527064675627,50
704400,-7.493152412585441,50
704450,-6.860137870510091,50
704500,-6.295692311427964,50
704550,-8.089850064402095,50
704600,-7.370623959101624,50
704650,-5.579960602036849,50
704700,-6.445165798975369,50
704750,-5.540400183611358,50
704800,-8.976115416110916,50
704850,-7.172321569516431,50
704900,-2.5566601550190695,50
704950,-8.714323096260921,50
705000,-5.751375872971474,50
705050,-1.9539674923034485,50
705100,-5.692492257113871,50
705150,-7.969113340683253,50
705200,-3.209070827860597,50
705250,-6.295800749467823,50
705300,-6.332129610041717,50
705350,-7.3721784709811295,50
705400,-8.185254311788585,50
705450,-5.6460916946375885,50
705500,-6.901558114430989,50
705550,-4.34893997618585,50
705600,-3.789712928329218,50
705650,-3.2006435707172414,50
705700,-3.117901245090846,50
705750,-5.398165443321262,50
705800,-5.483620050592952,50
705850,-7.753300439289268,50
705900,-1.2806726900532492,50
705950,-6.639531049824608,50
706000,-7.147999180539133,50
706050,-7.22495541992376,50
706100,-1.5276960968559126,50
706150,-2.4459932728640545,50
706200,-4.882162037221432,50
706250,-5.517263511865233,50
706300,-4.169018149922888,50
706350,-4.330660673466993,50
706400,-3.3545609804232424,50
706450,-3.3047116291846,50
706500,-6.261106039157279,50
706550,-7.663512325741354,50
706600,-4.097512672698372,50
706650,-8.642963675146982,50
706700,-7.739782204380099,50
706750,-4.347702554791217,50
706800,-3.1357418141723157,50
706850,-7.074741353228081,50
706900,-4.9553397984623455,50
706950,-5.40980909818054,50
707000,-9.003101889251795,50
707050,-5.483229637688739,50
707100,-8.884807178842546,50
707150,-4.793724559779067,50
707200,-9.00745865415528,50
707250,-5.347383576842187,50
707300,-8.40167438558438,50
707350,-6.272639485918398,50
707400,-4.521023055721131,50
707450,-3.773318910703279,50
707500,-5.565653009363921,50
707550,-5.739113972588214,50
707600,-8.035265943123933,50
707650,-7.295668970327388,50
707700,-6.1920009646464855,50
707750,-5.684627649840553,50
707800,-6.370906457337248,50
707850,-6.238931839525951,50
707900,-4.719165089981356,50
707950,-7.877922170622793,50
708000,-6.037421580519914,50
708050,-8.00050383591659,50
708100,-7.546396442609639,50
708150,-2.655405504699066,50
708200,-7.840588271099988,50
708250,-6.412297333295069,50
708300,-7.826416608325581,50
708350,-6.762482645479672,50
708400,-6.1736299044060425,50
708450,-6.421750935335656,50
708500,-7.7596114829813825,50
708550,-5.3084322869301195,50
708600,-3.746220969820296,50
708650,-7.52866304446272,50
708700,-8.565581377751974,50
708750,-3.874686200142485,50
708800,-8.0449142230897,50
708850,-4.869333944460123,50
708900,-5.656711495787743,50
708950,-5.950269707410159,50
709000,-6.86968215073732,50
709050,-3.2498158595907065,50
709100,-6.075270642717843,50
709150,-5.83270055680327,50
709200,-8.437933654222785,50
709250,-3.0088833512099233,50
709300,-2.8067660925804865,50
709350,-2.7038953389611287,50
709400,-6.903249672468507,50
709450,-7.3420671554938055,50
709500,-4.119613593121088,50
709550,-8.240069297336568,50
709600,-6.787053482523787,50
709650,-5.5499541188122565,50
709700,-4.594836973575097,50
709750,-10.191772077386194,50
709800,-4.604131509510595,50
709850,-8.814822700548753,50
709900,-5.234267799007684,50
709950,-2.732057374918155,50
710000,-5.962958705420306,50
710050,-3.642666382269161,50
710100,-3.8256216357626402,50
710150,-8.343619361510026,50
710200,-7.646553564997451,50
710250,-3.871709092121629,50
710300,-8.609241657126487,50
710350,-6.919207168884607,50
710400,-3.2439135443330365,50
710450,-6.336592986269086,50
710500,-7.557377869592448,50
710550,-7.900612763801204,50
710600,-8.793697571915493,50
710650,-6.793357309162041,50
710700,-6.928664821398379,50
710750,-6.80632101178328,50
710800,-2.469148094535441,50
710850,-4.951617480332438,50
710900,-8.2446701497081,50
710950,-6.376519893806441,50
711000,-2.5700356579627592,50
711050,-7.731310854857307,50
711100,-4.320136271461798,50
711150,-10.639270978223674,50
711200,-6.470543503463891,50
711250,-8.92698536202928,50
711300,-3.2167949098045394,50
711350,-8.021271257763248,50
711400,-6.869722174947872,50
711450,-4.26086688621022,50
711500,-5.05920666001021,50
711550,-7.581828274612075,50
711600,-3.8000879425633682,50
711650,-1.665693874838489,50
711700,-4.0637689202959395,50
711750,-5.10715397316089,50
711800,-8.133371743430251,50
711850,-3.9175724058128405,50
711900,-4.724503816248652,50
711950,-8.81748640530678,50
712000,-4.270404677698161,50
712050,-6.291116379597402,50
712100,-10.451709142596396,50
712150,-5.962860131165457,50
712200,-8.207610172087538,50
712250,-7.047299755205886,50
712300,-6.012883390662563,50
712350,-6.201731909960533,50
712400,-7.0840829154509715,50
712450,-6.7971322720080805,50
712500,-3.8809690695973904,50
712550,-4.2754737433558345,50
712600,-4.694244112716495,50
712650,-8.323637401484769,50
712700,-3.93539056646341,50
712750,-5.842710192538675,50
712800,-8.214097655597378,50
712850,-8.413434541161559,50
712900,-6.014165722858011,50
712950,-6.449962630017697,50
713000,-6.707672982708642,50
713050,-7.40621788923583,50
713100,-6.713716601941003,50
713150,-7.399203755671428,50
713200,-7.874290726099633,50
713250,-7.747000528049372,50
713300,-6.715360238968493,50
713350,-3.9210733660568042,50
713400,-6.769331238895815,50
713450,-4.834164276341125,50
713500,-6.473752337254969,50
713550,-4.246050978113895,50
713600,-6.686817036085579,50
713650,-5.211669782820364,50
713700,-7.983844945738134,50
713750,-7.314269135438407,50
713800,-3.7484781130098725,50
713850,-8.016223923635756,50
713900,-6.910040553974652,50
713950,-4.990832798197577,50
714000,-4.486501979878918,50
714050,-6.7711268056092715,50
714100,-2.763102026633541,50
714150,-7.994276226181608,50
714200,-5.402781794220175,50
714250,-4.521833426351958,50
714300,-8.324176747715228,50
714350,-7.349040808603187,50
714400,-3.422831727872926,50
714450,-7.758966503953569,50
714500,-5.418226738003445,50
714550,-7.2273439354535265,50
714600,-8.608997644167884,50
714650,-4.685433643601828,50
714700,-6.699205987501748,50
714750,-7.380175694408915,50
714800,-6.118659697424078,50
714850,-4.266605274616821,50
714900,-4.572142245667318,50
714950,-8.344473059349015,50
715000,-5.382150680991871,50
715050,-7.268840691831123,50
715100,-4.920616414654808,50
715150,-4.354261485728973,50
715200,-5.089504243744627,50
715250,-6.569988048946822,50
715300,-6.007908585767813,50
715350,-5.963904854719456,50
715400,-4.156922775130794,50
715450,-7.866162586323209,50
715500,-8.408162615805217,50
715550,-6.496470176198068,50
715600,-2.910484562189718,50
715650,-4.5351744402609135,50
715700,-5.631998689322328,50
715750,-4.4850837708739695,50
715800,-3.925508618221154,50
715850,-4.991580444858507,50
715900,-8.301802588614411,50
715950,-3.5986635784344565,50
716000,-2.6601572164636007,50
716050,-6.187537845345917,50
716100,-8.176591680199861,50
716150,-5.302823137005201,50
716200,-6.820746149978391,50
716250,-2.3548499571162336,50
716300,-8.257071872775862,50
716350,-5.981625104851323,50
716400,-7.573261802732849,50
716450,-7.435919715595352,50
716500,-8.473834900303832,50
716550,-6.423696736447816,50
716600,-7.241966822466209,50
716650,-8.105256524450143,50
716700,-7.85015773670704,50
716750,-5.769594350606603,50
716800,-8.384347854673553,50
716850,-5.080706824294703,50
716900,-4.468170208928821,50
716950,-5.838977260514385,50
717000,-6.345285030054112,50
717050,-9.324961409999437,50
717100,-7.643257935258749,50
717150,-7.990475597027517,50
717200,-4.48000710759806,50
717250,-7.240938080716574,50
717300,-6.220983116991535,50
717350,-2.1678322014313283,50
717400,-5.1637462759254396,50
717450,-7.898376565789886,50
717500,-4.88242511057912,50
717550,-6.584087140983865,50
717600,-1.6594282428366136,50
717650,-8.04020846310762,50
717700,-5.688579501907223,50
717750,-3.8204294288527336,50
717800,-8.045099816370902,50
717850,-4.590838361805082,50
717900,-7.552527687073575,50
717950,-8.58866668552801,50
718000,-6.5646906048306395,50
718050,-6.557960956416917,50
718100,-6.086135339448916,50
718150,-8.058276386109382,50
718200,-4.244697489328258,50
718250,-5.688197471475907,50
718300,-9.025874228675985,50
718350,-8.835549822903227,50
718400,-6.528490214475199,50
718450,-6.784592631199712,50
718500,-6.112195847992343,50
718550,-5.041897330659678,50
718600,-5.188349046596621,50
718650,-2.2978694198296776,50
718700,-5.597149914009158,50
718750,-4.095782518858678,50
718800,-7.003251419907009,50
718850,-5.896975500627665,50
718900,-6.04683040146645,50
718950,-6.631794099166301,50
719000,-5.652093037619196,50
719050,-3.1469908320538966,50
719100,-3.9832707036495654,50
719150,-2.4601585196240046,50
719200,-7.625494840054862,50
719250,-3.303059652259191,50
719300,-9.041808533056061,50
719350,-9.414591643851344,50
719400,-6.5562141969643095,50
719450,-6.036571119758727,50
719500,-8.449681810455695,50
719550,-3.7052412004301494,50
719600,-2.3336028787879526,50
719650,-5.9449252676893165,50
719700,-6.376553618153657,50
719750,-6.125172428313554,50
719800,-4.494430203726123,50
719850,-8.277489870626232,50
719900,-8.390012411111382,50
719950,-4.724867146026056,50
720000,-9.600953430962232,50
720050,-8.883304028359063,50
720100,-5.896307414514225,50
720150,-7.620982574582838,50
720200,-6.527737654040293,50
720250,-8.318655057280964,50
720300,-4.155608998707387,50
720350,-7.167687827291914,50
720400,-5.375980529169681,50
720450,-6.403681995690581,50
720500,-6.659421403242013,50
720550,-4.45803047459521,50
720600,-8.176559966520903,50
720650,-6.823996569035312,50
720700,-7.4036476376478815,50
720750,-4.391902259097899,50
720800,-7.330531940971839,50
720850,-6.598252037275725,50
720900,-5.531165030801201,50
720950,-9.465287772671942,50
721000,-3.753147384179985,50
721050,-5.156831189598988,50
721100,-7.926649515056201,50
721150,-6.8970430093027515,50
721200,-7.3036238897943715,50
721250,-6.0000173281621185,50
721300,-6.996302022170468,50
721350,-3.4859446036879707,50
721400,-2.877282399212467,50
721450,-2.0753517392626932,50
721500,-5.898538440474041,50
721550,-6.914077376077819,50
721600,-7.997198869844374,50
721650,-7.362275086914404,50
721700,-6.932657120542761,50
721750,-3.2420766876844094,50
721800,-4.96117882689948,50
721850,-4.451966838427995,50
721900,-7.941596351058466,50
721950,-3.242419442920449,50
722000,-6.839211071879704,50
722050,-4.667163932881456,50
722100,-9.18963717365869,50
722150,-4.2886791840360585,50
722200,-1.8652696038498893,50
722250,-7.301519824034794,50
722300,-6.546431113616849,50
722350,-6.637005801221632,50
722400,-4.47287323740544,50
722450,-7.407998799436823,50
722500,-2.827962024181883,50
722550,-7.146314676272449,50
722600,-4.582058579654231,50
722650,-6.357417048213238,50
722700,-5.453664333795173,50
722750,-6.414481688393955,50
722800,-3.602746664992157,50
722850,-6.163795137521542,50
722900,-3.791298382761382,50
722950,-5.48148570810051,50
723000,-3.3453810079178568,50
723050,-4.799249994085609,50
723100,-6.240965038710661,50
723150,-3.347043748074477,50
723200,-8.188131625727486,50
723250,-5.399098436570624,50
723300,-6.0006017806286085,50
723350,-8.28929320099781,50
723400,-6.10875120030685,50
723450,-9.187631253788075,50
723500,-6.306948461562351,50
723550,-3.7207768576607134,50
723600,-3.19960808120096,50
723650,-5.387427208856573,50
723700,-2.6995096774672738,50
723750,-2.7748204106386525,50
723800,-1.5930128216944994,50
723850,-3.790410967050862,50
723900,-3.396998411564805,50
723950,-2.5920542186359694,50
724000,-7.175887170962002,50
724050,-5.526564915603456,50
724100,-9.54205859715678,50
724150,-8.227322860114155,50
724200,-6.289552126524249,50
724250,-8.123073179967026,50
724300,-4.217137556604579,50
724350,-5.601245079163035,50
724400,-2.7013235033846286,50
724450,-6.208358998980784,50
724500,-7.792387324348132,50
724550,-4.0365497195324656,50
724600,-8.03966403837542,50
724650,-4.857983696573318,50
724700,-6.894869902387722,50
724750,-8.995992616950067,50
724800,-6.182512453327781,50
724850,-4.638056186391599,50
724900,-5.198564966793521,50
724950,-4.8525297043604425,50
725000,-4.459416045773602,50
725050,-7.769644829199989,50
725100,-3.0868869493279214,50
725150,-7.364669842801473,50
725200,-4.28043796726058,50
725250,-6.081427679431222,50
725300,-7.309885081259975,50
725350,-2.55521804136153,50
725400,-6.824491027165548,50
725450,-6.612847818274523,50
725500,-3.9158062196327963,50
725550,-5.609585739025405,50
725600,-3.46929783685137,50
725650,-7.3608204123919405,50
725700,-4.349002741708437,50
725750,-6.560131087762834,50
725800,-7.301673953579299,50
725850,-4.346993274433161,50
725900,-1.9458175710100383,50
725950,-2.770501927918242,50
726000,-4.877843851658243,50
726050,-7.383217698747413,50
726100,-8.011308094650692,50
726150,-6.176281652788846,50
726200,-4.4605922086000085,50
726250,-7.286450080302533,50
726300,-5.21512187345043,50
726350,-7.925142668764125,50
726400,-2.124417473412062,50
726450,-8.249172846523532,50
726500,-5.616101029274527,50
726550,-4.56496209036995,50
726600,-5.725990355384666,50
726650,-6.598713579479204,50
726700,-3.3573693337977493,50
726750,-5.265886504390251,50
726800,-7.445269732385329,50
726850,-5.4798652450057785,50
726900,-6.749667912786937,50
726950,-3.5688308198720087,50
727000,-4.481292467982777,50
727050,-5.2494900050032385,50
727100,-6.195452332060504,50
727150,-9.81963233061693,50
727200,-8.22407820859148,50
727250,-4.130532807300303,50
727300,-6.67888321257391,50
727350,-3.5324736506285013,50
727400,-5.068431819921826,50
727450,-8.326938317334465,50
727500,-3.3173288312854576,50
727550,-3.5798227662947877,50
727600,-4.800923380925635,50
727650,-2.224331581671418,50
727700,-4.016192802451307,50
727750,-7.235769281040658,50
727800,-6.875601764399107,50
727850,-2.490841423529547,50
727900,-5.546434495441685,50
727950,-8.00061831485712,50
728000,-7.072378753592162,50
728050,-4.580544822247985,50
728100,-7.732953853443444,50
728150,-5.2014882645043965,50
728200,-7.0218965184257796,50
728250,-6.885395497450243,50
728300,-5.98669916218395,50
728350,-4.912117106984763,50
728400,-8.17542280525908,50
728450,-8.187333926335723,50
728500,-5.927280899099931,50
728550,-7.997736721825554,50
728600,-5.17692791786524,50
728650,-8.102192490837096,50
728700,-9.229401754683153,50
728750,-5.5191668733811206,50
728800,-4.004324429002468,50
728850,-4.084734744157817,50
728900,-2.0696410934201266,50
728950,-5.938010497727169,50
729000,-4.269575539118203,50
729050,-3.052767693431746,50
729100,-7.407554298412756,50
729150,-7.0975897365537985,50
729200,-8.254962350939012,50
729250,-2.4581747575347737,50
729300,-2.3007073903805044,50
729350,-4.550234388686676,50
729400,-6.117774406599849,50
729450,-6.686207925898028,50
729500,-3.670937322970853,50
729550,-8.057353989949307,50
729600,-3.013723742981523,50
729650,-7.759889114475144,50
729700,-6.935656002505708,50
729750,-4.135506683329015,50
729800,-3.8697461748178745,50
729850,-3.4675909280528687,50
729900,-8.31544697175988,50
729950,-4.723734302438237,50
730000,-4.5849361097864065,50
730050,-8.107985114673959,50
730100,-5.744291740377403,50
730150,-8.59064997804553,50
730200,-5.688884153719819,50
730250,-6.736935022554559,50
730300,-5.4611310495744165,50
730350,-2.7730831900324304,50
730400,-6.446149631788564,50
730450,-8.73081519874173,50
730500,-5.659897026429064,50
730550,-5.806556740972891,50
730600,-1.859456287321332,50
730650,-2.9144061461295716,50
730700,-2.2140758194135572,50
730750,-1.6433225284867858,50
730800,-4.755661222856346,50
730850,-8.444372180385576,50
730900,-7.951895019654492,50
730950,-4.95627072757719,50
731000,-7.044555388541355,50
731050,-3.7198902818378548,50
731100,-6.145929178893565,50
731150,-7.900790470535684,50
731200,-6.822441654846803,50
731250,-6.525678003901256,50
731300,-4.01652899381051,50
731350,-3.2476455459465496,50
731400,-7.9112017498717835,50
731450,-6.880118875811955,50
731500,-2.2326694455252905,50
731550,-3.147586426272755,50
731600,-8.148634904821893,50
731650,-3.779867128620871,50
731700,-7.339044521338999,50
731750,-5.869018436343435,50
731800,-5.361986347071759,50
731850,-6.904815794325688,50
731900,-2.842169092081989,50
731950,-5.195396648368639,50
732000,-2.7965157105660694,50
732050,-6.783469370253395,50
732100,-6.2387254149378375,50
732150,-6.3983054305583105,50
732200,-3.1583172480009427,50
732250,-6.844810757988967,50
732300,-7.4873926231525525,50
732350,-5.310823611531851,50
732400,-5.061465415489635,50
732450,-5.811643243161644,50
732500,-8.606798317085937,50
732550,-2.2271104378031037,50
732600,-4.778330539184042,50
732650,-4.978087995668468,50
732700,-6.156850949398193,50
732750,-7.408024278801964,50
732800,-8.040295788023192,50
732850,-2.627162419958212,50
732900,-3.972191972778763,50
732950,-6.165399374949167,50
733000,-2.1037194262817924,50
733050,-8.108768339944683,50
733100,-7.775909450896174,50
733150,-8.176918193283367,50
733200,-3.9696919866879146,50
733250,-7.8420645575551955,50
733300,-6.389048365143318,50
733350,-4.184246058338408,50
733400,-7.84337007922654,50
733450,-6.3718021310697015,50
733500,-5.403127889305673,50
733550,-7.3217277031379275,50
733600,-6.204905946251991,50
733650,-5.934741555257777,50
733700,-6.675334374698158,50
733750,-7.826187139699299,50
733800,-4.505060317911659,50
733850,-4.465284756481179,50
733900,-6.780463587635841,50
733950,-6.9061335929606225,50
734000,-4.390959146385757,50
734050,-3.515806424877678,50
734100,-5.117564768681749,50
734150,-8.137496256311325,50
734200,-4.4916864433846175,50
734250,-3.8562337253418155,50
734300,-6.497215909007307,50
734350,-5.533040138329014,50
734400,-6.465320711338906,50
734450,-4.214264614736077,50
734500,-2.367692529747605,50
734550,-4.512956579198557,50
734600,-8.316372017946719,50
734650,-3.574374513413363,50
734700,-6.660657494559158,50
734750,-3.9414195717909086,50
734800,-7.678798768794148,50
734850,-7.192163164475737,50
734900,-7.309286363668299,50
734950,-8.30862528313802,50
735000,-6.64895379863453,50
735050,-7.749064935508605,50
735100,-3.6486790929998,50
735150,-5.365131125743687,50
735200,-4.1661695155934035,50
735250,-8.095051673411703,50
735300,-8.149178475073548,50
735350,-8.831314806202599,50
735400,-7.910466552789028,50
735450,-7.757906881135769,50
735500,-3.8000799527552793,50
735550,-3.927507202669603,50
735600,-2.2682564014874913,50
735650,-3.8172539434474895,50
735700,-6.850400092763521,50
735750,-7.746021772770432,50
735800,-9.241526402207922,50
735850,-7.028288947850718,50
735900,-4.839260698680542,50
735950,-5.4551129655351716,50
736000,-5.015437509799855,50
736050,-6.785668609599088,50
736100,-7.441214209427997,50
736150,-5.484475489312487,50
736200,-4.613824940406093,50
736250,-3.3142762817927753,50
736300,-8.130547993427502,50
736350,-6.242839159298377,50
736400,-7.062449522505488,50
736450,-7.2518123883199195,50
736500,-3.4475384533999085,50
736550,-7.310139418327844,50
736600,-5.129525724772179,50
736650,-7.53495840824977,50
736700,-7.251282562353605,50
736750,-3.835251477071715,50
736800,-8.45982226454628,50
736850,-6.69848352250953,50
736900,-6.47826535640463,50
736950,-3.149430623022143,50
737000,-2.5878965089891643,50
737050,-1.6239362528581525,50
737100,-6.49375100811854,50
737150,-5.784602175232384,50
737200,-3.5463207427647143,50
737250,-7.231571951118894,50
737300,-3.1552770436035087,50
737350,-3.819077940646543,50
737400,-3.2327246512287413,50
737450,-5.4499615576174065,50
737500,-4.818735613693179,50
737550,-2.293744221778255,50
737600,-7.768386459753683,50
737650,-6.597494445954465,50
737700,-8.541686445365926,50
737750,-4.474889433030217,50
737800,-8.166588056317627,50
737850,-5.034380511203507,50
737900,-8.227709249487042,50
737950,-4.5698633945187135,50
738000,-8.153674298095295,50
738050,-8.19182493014826,50
738100,-5.029824259911908,50
738150,-2.9883661588848547,50
738200,-6.679029602685749,50
738250,-2.1157985595199778,50
738300,-5.046443167595423,50
738350,-3.0899453050827805,50
738400,-6.894123654184067,50
738450,-4.833372128981118,50
738500,-6.488541160482699,50
738550,-7.570269541727127,50
738600,-7.823582281238152,50
738650,-4.147165573298672,50
738700,-2.589515810647448,50
738750,-7.818455707668907,50
738800,-4.268831263317602,50
738850,-10.111535343629454,50
738900,-6.230029115426641,50
738950,-4.620701692413859,50
739000,-4.42037360437661,50
739050,-2.5989128742898573,50
739100,-7.76316126321976,50
739150,-4.29753860466684,50
739200,-2.5753039292531112,50
739250,-2.9223896516892616,50
739300,-6.89076223252254,50
739350,-6.207447570110647,50
739400,-3.1138028571598912,50
739450,-4.52815184995659,50
739500,-3.655386840753965,50
739550,-5.017853801629546,50
739600,-4.2532653083824306,50
739650,-6.780994365219108,50
739700,-4.377000093101391,50
739750,-6.918763418381931,50
739800,-7.678251560197183,50
739850,-5.296537805103506,50
739900,-6.052747398648553,50
739950,-6.881421542022703,50
740000,-8.357465903221955,50
740050,-6.878429551493598,50
740100,-5.3977613214325455,50
740150,-3.649573058728041,50
740200,-4.158785015491696,50
740250,-5.30965799950816,50
740300,-3.337776041188742,50
740350,-6.654964436784416,50
740400,-8.124695754722298,50
740450,-7.065869289855973,50
740500,-4.4609152426337415,50
740550,-4.080101605254604,50
740600,-7.037526465520527,50
740650,-8.078294616552773,50
740700,-7.853173882237611,50
740750,-8.195982742338792,50
740800,-2.6555444461281184,50
740850,-8.262455841126465,50
740900,-8.144873476842129,50
740950,-3.2764027421471607,50
741000,-4.059751350332601,50
741050,-4.876856876001424,50
741100,-2.5655465291486954,50
741150,-7.658488170363763,50
741200,-3.3304971904472045,50
741250,-3.77670019874788,50
741300,-3.373798740662433,50
741350,-6.456008401416992,50
741400,-6.016567182322607,50
741450,-7.886935704831863,50
741500,-8.547456027458603,50
741550,-6.484716319402638,50
741600,-7.839428263172022,50
741650,-5.5452344851689945,50
741700,-5.886757086131207,50
741750,-6.934656160878495,50
741800,-4.580698348859004,50
741850,-5.135783338908169,50
741900,-3.654968486861922,50
741950,-7.351506624149462,50
742000,-5.1520464526118275,50
742050,-2.332918439464137,50
742100,-3.1305727927007236,50
742150,-7.728439006540786,50
742200,-7.609125940407889,50
742250,-6.306381421394819,50
742300,-7.879834453608555,50
742350,-6.084120080066816,50
742400,-4.648637130355184,50
742450,-7.556052047818676,50
742500,-4.972817844243321,50
742550,-5.2768470042064175,50
742600,-9.50551639841119,50
742650,-3.121241924219493,50
742700,-2.813994762654184,50
742750,-4.412900749018495,50
742800,-5.229503992159653,50
742850,-4.5296233690050975,50
742900,-4.3097019790171345,50
742950,-7.102502688745334,50
743000,-4.527411762357997,50
743050,-4.597460401084903,50
743100,-8.423589275376429,50
743150,-3.1184943627396216,50
743200,-5.607517451407468,50
743250,-5.042839321627208,50
743300,-4.465864119870698,50
743350,-8.087860713893102,50
743400,-5.604291280570724,50
743450,-4.958587754106952,50
743500,-8.23440101855521,50
743550,-7.236971002307341,50
743600,-7.348299704399144,50
743650,-5.21911206901572,50
743700,-8.052097669799151,50
743750,-4.713708981431116,50
743800,-6.104835526391833,50
743850,-4.067816252213803,50
743900,-1.5358023662571703,50
743950,-6.216624669579824,50
744000,-6.343027622365743,50
744050,-4.556981063842416,50
744100,-3.920491581588241,50
744150,-5.216473962910033,50
744200,-7.110573250719048,50
744250,-4.4407285279081075,50
744300,-4.953728595560493,50
744350,-8.121586831239146,50
744400,-6.8525313082146795,50
744450,-7.277002656715813,50
744500,-4.260108474867875,50
744550,-7.242331838967423,50
744600,-8.14969716993714,50
744650,-2.2591890046340626,50
744700,-2.3381023311358913,50
744750,-5.597760115896435,50
744800,-8.137760143325968,50
744850,-8.33735889707336,50
744900,-6.130612778043979,50
744950,-7.403937492957569,50
745000,-2.2001102797329564,50
745050,-8.280232075988781,50
745100,-5.767012427973034,50
745150,-5.793327780522329,50
745200,-7.3268818546913215,50
745250,-6.373833744280144,50
745300,-6.643229992528749,50
745350,-3.4753687924357317,50
745400,-8.80461041012966,50
745450,-1.718037643533273,50
745500,-6.168566540798597,50
745550,-6.670577887966128,50
745600,-4.680587113934256,50
745650,-3.700162410660752,50
745700,-6.347273156726507,50
745750,-4.093574490404516,50
745800,-4.94756355801658,50
745850,-5.16308625355264,50
745900,-4.431696147629854,50
745950,-3.3405820663411383,50
746000,-6.847936381170489,50
746050,-8.266820586606132,50
746100,-3.4249179598734427,50
746150,-4.113672399042743,50
746200,-6.670790801603643,50
746250,-2.5469788174424637,50
746300,-3.14418122502051,50
746350,-7.074934834917083,50
746400,-5.746676162815119,50
746450,-5.753980404754079,50
746500,-7.63760705007183,50
746550,-8.42390069218417,50
746600,-3.985397571835572,50
746650,-4.082425158146788,50
746700,-7.472215553531536,50
746750,-5.658081697143153,50
746800,-4.485030641683028,50
746850,-6.6063700093653965,50
746900,-5.766024441720097,50
746950,-3.670106442843375,50
747000,-8.553871888946214,50
747050,-6.001531892008549,50
747100,-5.707995485506139,50
747150,-6.781225134176475,50
747200,-3.3690227362161838,50
747250,-4.094505603997349,50
747300,-9.159065616779513,50
747350,-6.294579705096969,50
747400,-6.628262544747821,50
747450,-7.372071510226589,50
747500,-5.324982402092088,50
747550,-8.015180245373863,50
747600,-5.8969765638235305,50
747650,-2.830034943238373,50
747700,-7.1033521361869685,50
747750,-7.6867931516014485,50
747800,-4.057386098523722,50
747850,-8.21831421653632,50
747900,-3.1189623454334936,50
747950,-6.109472392162865,50
748000,-8.146819740546407,50
748050,-6.205345048604921,50
748100,-1.797977614582026,50
748150,-8.021883001977397,50
748200,-8.338576080470268,50
748250,-8.084137529808062,50
748300,-2.759138581030488,50
748350,-2.275965804391986,50
748400,-3.538284581853795,50
748450,-5.811783474495082,50
748500,-6.574496303130864,50
748550,-2.0928350831574227,50
748600,-4.095726823121433,50
748650,-1.9112409398728873,50
748700,-3.7350202883218278,50
748750,-6.3469282749843465,50
748800,-6.050851466789658,50
748850,-6.102903419313748,50
748900,-7.60219794836484,50
748950,-7.590632604764446,50
749000,-3.6340857044065475,50
749050,-6.583946734114082,50
749100,-5.027214821971274,50
749150,-2.2939768213914222,50
749200,-2.220940083806544,50
749250,-7.026302928134791,50
749300,-2.853716946028331,50
749350,-2.4074545248913495,50
749400,-5.185425925544634,50
749450,-6.757428764689914,50
749500,-7.9693359697472355,50
749550,-9.006790614435594,50
749600,-4.166565898330091,50
749650,-8.381481864513969,50
749700,-8.272244265844137,50
749750,-7.853217009126493,50
749800,-7.399157749946107,50
749850,-4.232380444459798,50
749900,-4.991172067669328,50
749950,-2.141210458857133,50
750000,-6.683509703054921,50
750050,-5.82945943707716,50
750100,-7.489022150188314,50
750150,-6.632441836338979,50
750200,-5.6673872680075545,50
750250,-8.26605002032872,50
750300,-2.6473830420670454,50
750350,-3.898100732085336,50
750400,-7.605343343723408,50
750450,-1.7508350504144023,50
750500,-5.419372375748163,50
750550,-4.630522866156448,50
750600,-2.8031584052097704,50
750650,-2.99793265131316,50
750700,-5.678654821030264,50
750750,-6.2505686628795045,50
750800,-3.3414503167331335,50
750850,-5.666224580075331,50
750900,-4.835305788990923,50
750950,-7.451391644298018,50
751000,-8.42472926675851,50
751050,-4.27510014811504,50
751100,-7.464146915616858,50
751150,-3.5174361457611654,50
751200,-5.1537661357123605,50
751250,-7.739493844417104,50
751300,-8.448825195497035,50
751350,-5.235201533976386,50
751400,-7.956222889167093,50
751450,-7.9922937194843495,50
751500,-5.906623953858602,50
751550,-7.63055821373639,50
751600,-6.939957059073178,50
751650,-6.2665442810926555,50
751700,-5.178383617248069,50
751750,-7.1270190500845585,50
751800,-4.303273009687762,50
751850,-4.119151762373431,50
751900,-6.833378479444326,50
751950,-3.205043055197166,50
752000,-5.203493710649765,50
752050,-6.892503309863238,50
752100,-5.292333217164362,50
752150,-5.17929474911635,50
752200,-6.645702923727932,50
752250,-4.524599155423745,50
752300,-4.131259326160163,50
752350,-6.722707861322615,50
752400,-2.483829937049,50
752450,-3.4190796005114636,50
752500,-2.490414124723039,50
752550,-5.11229174870105,50
752600,-8.19965515328395,50
752650,-8.110490427434625,50
752700,-3.273523557095102,50
752750,-4.895258781417509,50
752800,-7.12001187855767,50
752850,-4.276396463100394,50
752900,-5.468919748274791,50
752950,-1.3699487763952818,50
753000,-3.4987879622516536,50
753050,-4.894880546638454,50
753100,-3.261052491911976,50
753150,-8.574773664130282,50
753200,-7.731058254383601,50
753250,-2.0622560781463743,50
753300,-5.243402473655007,50
753350,-7.071003669337873,50
753400,-6.3293169382884065,50
753450,-4.775650118126664,50
753500,-3.9918606427757806,50
753550,-8.177331203780817,50
753600,-8.426303105575084,50
753650,-5.176988276290823,50
753700,-15.914336816970067,50
753750,-6.976785830688912,50
753800,-7.412189130532953,50
753850,-3.892626123038015,50
753900,-4.512710214744494,50
753950,-4.617325151910702,50
754000,-2.7822309537689836,50
754050,-8.243719939881563,50
754100,-6.371792735886354,50
754150,-5.1087575791587225,50
754200,-6.301228819235149,50
754250,-8.197159908061213,50
754300,-5.9299691863834525,50
754350,-6.82034140385224,50
754400,-4.747519828189396,50
754450,-8.096510340742215,50
754500,-8.205793413500864,50
754550,-4.214597256982778,50
754600,-2.3694541558381226,50
754650,-2.6416932541391396,50
754700,-8.486881493097234,50
754750,-5.506658529345632,50
754800,-5.193320614429555,50
754850,-6.242551047362083,50
754900,-5.427756032450805,50
754950,-6.797711334277634,50
755000,-5.27949025226974,50
755050,-6.42341635171924,50
755100,-5.197855991939487,50
755150,-3.231605695763792,50
755200,-3.3957655230553603,50
755250,-6.864948443916528,50
755300,-3.0933433373212296,50
755350,-6.653626714031302,50
755400,-6.471323859958292,50
755450,-8.152420173561833,50
755500,-4.378213515996436,50
755550,-6.510580852453727,50
755600,-4.857507952441866,50
755650,-3.5418106863357437,50
755700,-3.6509167641692244,50
755750,-5.963206172084247,50
755800,-4.653756992981121,50
755850,-7.705412710845771,50
755900,-7.9543718329393975,50
755950,-1.5218424793036898,50
756000,-5.395543294124432,50
756050,-3.5890283570948336,50
756100,-6.7445367144203034,50
756150,-5.576737218734665,50
756200,-8.362429764973154,50
756250,-4.711053497751276,50
756300,-3.1096732183048332,50
756350,-3.67003784872068,50
756400,-8.580876493946244,50
756450,-5.680037071762377,50
756500,-2.2443152527719596,50
756550,-5.73824568131555,50
756600,-6.064437821329348,50
756650,-6.7242632739827135,50
756700,-3.084700680864939,50
756750,-2.4254379711355702,50
756800,-6.0568692057803775,50
756850,-8.299087906611454,50
756900,-6.8471910177360575,50
756950,-6.977235087000015,50
757000,-5.773277228282724,50
757050,-7.0768723936941855,50
757100,-11.292186053878684,50
757150,-4.194597012580209,50
757200,-4.866326798474772,50
757250,-6.966664035663296,50
757300,-6.565224899496282,50
757350,-5.592070263586469,50
757400,-6.383806502815046,50
757450,-8.511707141097363,50
757500,-8.039826476933605,50
757550,-5.667634111081899,50
757600,-2.9988869213549183,50
757650,-1.5365316340646977,50
757700,-4.190694819971043,50
757750,-8.653340603557051,50
757800,-4.4889575500065,50
757850,-5.153714386772226,50
757900,-8.019495733316514,50
757950,-3.6955011832622153,50
758000,-3.2763322307103895,50
758050,-5.11566224143103,50
758100,-5.146882953262778,50
758150,-7.8455155094449935,50
758200,-4.48699877779049,50
758250,-4.284755210184424,50
758300,-7.745747477184923,50
758350,-6.624306131737217,50
758400,-4.83294292893407,50
758450,-7.522930575892582,50
758500,-3.72741248472533,50
758550,-6.451306440434069,50
758600,-3.821927274646937,50
758650,-3.9434248803610137,50
758700,-2.0449164000268745,50
758750,-7.547056856044356,50
758800,-2.1495473382664883,50
758850,-4.510431859697784,50
758900,-5.373996862238891,50
758950,-7.656311754408293,50
759000,-7.980690233861046,50
759050,-7.964941750634004,50
759100,-7.50792286012465,50
759150,-8.619818433771266,50
759200,-8.21462834883468,50
759250,-6.574656392776737,50
759300,-5.704766551332416,50
759350,-7.530743588650133,50
759400,-4.928010042992115,50
759450,-7.8319587507882975,50
759500,-7.22225810673147,50
759550,-6.973505526669248,50
759600,-8.017493382456614,50
759650,-5.609728872889013,50
759700,-6.995169784368378,50
759750,-2.9975329318437223,50
759800,-7.562703753700484,50
759850,-8.629847211466128,50
759900,-5.809691628945074,50
759950,-6.716127041186894,50
760000,-5.844507833379044,50
760050,-7.771197857916131,50
760100,-10.553529000332523,50
760150,-3.26935200829404,50
760200,-6.7760769908668435,50
760250,-7.541414309818914,50
760300,-6.120474144394417,50
760350,-7.426374205330484,50
760400,-3.216600391879392,50
760450,-6.281450312964025,50
760500,-6.015080851144901,50
760550,-2.537273578199832,50
760600,-3.7306941051555875,50
760650,-4.055491777674618,50
760700,-4.768735396260723,50
760750,-3.4396531682950044,50
760800,-5.510995130891003,50
760850,-3.713943624441356,50
760900,-7.043450545460003,50
760950,-3.5271930880718854,50
761000,-4.786748307900022,50
761050,-6.609147707180992,50
761100,-8.20670272293015,50
761150,-6.626958242093246,50
761200,-3.0922528389117088,50
761250,-2.3234207184112643,50
761300,-6.6667980141780125,50
761350,-12.109494531615344,50
761400,-4.310675663260458,50
761450,-8.070625249685056,50
761500,-2.3526091359466963,50
761550,-9.108994393067182,50
761600,-6.872864623939201,50
761650,-4.299351596086668,50
761700,-3.909549575583522,50
761750,-8.433782142617869,50
761800,-6.589038094654998,50
761850,-3.3556653522188284,50
761900,-6.918505658785877,50
761950,-3.790028844952394,50
762000,-5.4603527350519325,50
762050,-3.389746426795578,50
762100,-6.7832377747435775,50
762150,-3.775044733680417,50
762200,-4.567734596350498,50
762250,-9.291687167523994,50
762300,-5.463592264877522,50
762350,-6.519133172762096,50
762400,-5.665264405662123,50
762450,-2.253510447362137,50
762500,-8.081339603611813,50
762550,-5.223912706548473,50
762600,-5.422796189020878,50
762650,-5.74663355006759,50
762700,-8.270915153850282,50
762750,-4.335480133247666,50
762800,-7.557173651267509,50
762850,-7.24363072123611,50
762900,-6.219572158879588,50
762950,-7.987862561811431,50
763000,-2.737808390025337,50
763050,-5.735615687584238,50
763100,-8.02517916550639,50
763150,-8.103275887062074,50
763200,-6.1998857072835944,50
763250,-5.528938243911885,50
763300,-6.405678004996939,50
763350,-6.001872447411157,50
763400,-8.047380060980661,50
763450,-5.616484158895428,50
763500,-5.613544290917678,50
763550,-6.226944832471728,50
763600,-3.125458813007523,50
763650,-2.7313715937812346,50
763700,-5.554824791186038,50
763750,-6.5281366117314175,50
763800,-5.234740734782447,50
763850,-6.381068240526278,50
763900,-6.815126788984724,50
763950,-11.657344731758485,50
764000,-4.799326864274723,50
764050,-2.049316963687502,50
764100,-5.838663874051365,50
764150,-7.443150851886147,50
764200,-4.612544788226987,50
764250,-7.167476222284174,50
764300,-3.366541412003096,50
764350,-8.094365159579784,50
764400,-4.484588978652819,50
764450,-5.471512540170146,50
764500,-17.636187908363137,50
764550,-8.211660810041057,50
764600,-5.898149627266705,50
764650,-7.74174039464429,50
764700,-8.095776036612957,50
764750,-6.12173060911469,50
764800,-6.7120536363072745,50
764850,-6.728477477392419,50
764900,-7.793689321279937,50
764950,-8.21054996344831,50
765000,-5.9405085465916105,50
765050,-3.091745620073003,50
765100,-3.342744817283489,50
765150,-4.452858922795816,50
765200,-5.861697045464476,50
765250,-7.692622400221231,50
765300,-7.017795643655927,50
765350,-5.389453500195103,50
765400,-6.161857747837454,50
765450,-7.6493203880499605,50
765500,-5.100099512123617,50
765550,-8.66475452548639,50
765600,-4.651247563054029,50
765650,-5.036273860157466,50
765700,-6.093159433912031,50
765750,-3.845952504332229,50
765800,-6.668459507731182,50
765850,-4.570262216720838,50
765900,-7.339439681886086,50
765950,-2.674220561117456,50
766000,-4.925538376463365,50
766050,-3.977590797396585,50
766100,-6.263567977784466,50
766150,-7.914179805726994,50
766200,-4.616598692192585,50
766250,-6.016483722594816,50
766300,-5.0527475189602145,50
766350,-6.114848539787345,50
766400,-4.1825813178862274,50
766450,-8.50495510373793,50
766500,-4.500106037279076,50
766550,-6.376785186676537,50
766600,-4.425070234651459,50
766650,-6.500036794779313,50
766700,-4.498079504195239,50
766750,-4.705188096486309,50
766800,-3.9104263494185023,50
766850,-5.192546215552505,50
766900,-7.118701220447029,50
766950,-8.070395635165097,50
767000,-13.763789505036492,50
767050,-8.583503134227316,50
767100,-7.525294740911769,50
767150,-6.954004271941291,50
767200,-7.436940052737731,50
767250,-4.348323213025354,50
767300,-8.059147496256784,50
767350,-2.5388687846985762,50
767400,-8.081636600477184,50
767450,-6.410136666156014,50
767500,-7.9646711577155065,50
767550,-6.590521882277734,50
767600,-7.989976251937096,50
767650,-6.871366361257552,50
767700,-7.380939632071714,50
767750,-4.743795213451718,50
767800,-2.021634179088761,50
767850,-7.7162506760761564,50
767900,-4.287546179420374,50
767950,-4.627846055445193,50
768000,-7.4421132332089455,50
768050,-6.0640717876530115,50
768100,-3.9329654924715736,50
768150,-7.665817555938227,50
768200,-7.5284218250701,50
768250,-1.4284335708877618,50
768300,-3.564507731529199,50
768350,-4.459639304987376,50
768400,-5.386038789548441,50
768450,-2.7818454387002878,50
768500,-7.273381384581914,50
768550,-6.749964469597202,50
768600,-5.228544713002441,50
768650,-5.424408723814138,50
768700,-7.864266402183988,50
768750,-3.0482256162337724,50
768800,-5.467580894700748,50
768850,-8.277681539191686,50
768900,-3.2393289231404734,50
768950,-7.87378430358688,50
769000,-5.2168850008939405,50
769050,-3.999417966870794,50
769100,-8.103274415696722,50
769150,-5.730319792965047,50
769200,-5.736256532271321,50
769250,-6.142422689950659,50
769300,-4.774875994677597,50
769350,-7.246764513157676,50
769400,-2.141820117543165,50
769450,-7.290481758737803,50
769500,-5.47470622470159,50
769550,-4.18111588998657,50
769600,-5.558525636264957,50
769650,-4.189970195010538,50
769700,-6.886946678058394,50
769750,-3.883407883907056,50
769800,-6.669238391531494,50
769850,-8.116888783737515,50
769900,-6.389963504365845,50
769950,-2.919011719925478,50
770000,-8.10047530626088,50
770050,-7.6561543392030105,50
770100,-2.4524538336867274,50
770150,-5.80539071842106,50
770200,-5.834350117780619,50
770250,-8.278253724129474,50
770300,-6.143135131569912,50
770350,-13.870509915294026,50
770400,-5.253422162382317,50
770450,-3.1833899344065957,50
770500,-2.635528900931691,50
770550,-5.600803453590793,50
770600,-8.107924243116594,50
770650,-7.914602103359032,50
770700,-8.23043865407991,50
770750,-7.055426873148053,50
770800,-6.35776458355298,50
770850,-8.147449010467113,50
770900,-10.021240038032927,50
770950,-7.561050782547883,50
771000,-6.825354103370771,50
771050,-3.116110747855562,50
771100,-7.731825659540687,50
771150,-5.381920278758212,50
771200,-3.425192114001537,50
771250,-3.8495724012463106,50
771300,-6.634400695424288,50
771350,-6.088830206808346,50
771400,-6.617979205489741,50
771450,-6.272669838856927,50
771500,-6.05260847604877,50
771550,-7.01750071657705,50
771600,-4.008812742178077,50
771650,-3.628055979399555,50
771700,-4.981409839738122,50
771750,-1.900104046336061,50
771800,-4.666374362212105,50
771850,-4.197784937891327,50
771900,-2.424871167124455,50
771950,-4.750643520681396,50
772000,-8.068339616918596,50
772050,-3.388002823743092,50
772100,-3.009549391764372,50
772150,-4.061922614681367,50
772200,-3.6946044755230987,50
772250,-3.3588444246380575,50
772300,-3.89402509292697,50
772350,-8.199704267678268,50
772400,-8.017752725885499,50
772450,-3.301951372155486,50
772500,-5.153758562418182,50
772550,-4.47378837575843,50
772600,-6.143033328708289,50
772650,-2.782450241481989,50
772700,-7.100549359251838,50
772750,-6.37033545293513,50
772800,-7.56057952079026,50
772850,-4.570481740480814,50
772900,-2.0167164153302624,50
772950,-6.32343554661922,50
773000,-5.801389435117416,50
773050,-2.519033440415244,50
773100,-6.402349685250285,50
773150,-3.5060291621843236,50
773200,-7.667545856451969,50
773250,-7.075344976085224,50
773300,-7.928365137633891,50
773350,-6.545689711550035,50
773400,-8.17524185292838,50
773450,-4.604130014896389,50
773500,-4.930029951555884,50
773550,-6.074889677837543,50
773600,-5.331821929892073,50
773650,-7.189850110873217,50
773700,-3.066248788935691,50
773750,-10.8659626584666,50
773800,-3.6184359727455178,50
773850,-4.325309984716145,50
773900,-7.08106105167796,50
773950,-6.825149312683735,50
774000,-7.628709728064061,50
774050,-2.0762017268685096,50
774100,-3.629971586941578,50
774150,-7.5684147141960585,50
774200,-5.6799878274989055,50
774250,-3.664954610017473,50
774300,-3.8257195250640423,50
774350,-5.648457884007132,50
774400,-5.874958691292734,50
774450,-1.148071195667929,50
774500,-7.870982943519499,50
774550,-7.920985429958602,50
774600,-6.402879289352538,50
774650,-6.843114397129008,50
774700,-6.753881709881774,50
774750,-6.256486640088719,50
774800,-6.23681549710364,50
774850,-3.595295482643864,50
774900,-5.341899176660426,50
774950,-7.125908984115008,50
775000,-4.163837368333105,50
775050,-4.063112371164256,50
775100,-3.9044898490381765,50
775150,-7.966565979748958,50
775200,-4.845803950280287,50
775250,-1.9812459611265507,50
775300,-5.824762886781925,50
775350,-3.391474998255476,50
775400,-8.267593199028274,50
775450,-5.549170760971676,50
775500,-4.119365899916973,50
775550,-7.200974358463376,50
775600,-5.696650817354752,50
775650,-7.574779518228371,50
775700,-6.715648008765939,50
775750,-2.4558311536190573,50
775800,-3.066917481041433,50
775850,-6.88956942391964,50
775900,-8.149433619010239,50
775950,-8.366644203903261,50
776000,-6.602105974023503,50
776050,-8.915505838576335,50
776100,-7.475412587184772,50
776150,-4.8077239252229615,50
776200,-6.016747304199967,50
776250,-6.494289167634458,50
776300,-7.204853668908391,50
776350,-4.4142979668156626,50
776400,-5.000514213444246,50
776450,-1.4404162800654559,50
776500,-2.1058847742638784,50
776550,-5.65423120596296,50
776600,-5.588500161203027,50
776650,-7.553947818768219,50
776700,-2.7535700927502513,50
776750,-5.387106459030705,50
776800,-7.840492779436521,50
776850,-7.688290067182224,50
776900,-8.602904782977191,50
776950,-6.566913280487836,50
777000,-6.189097304018058,50
777050,-4.3260549443894485,50
777100,-1.521159059037128,50
777150,-6.917907782222086,50
777200,-2.525105132617434,50
777250,-7.576054984169925,50
777300,-2.2490572279711865,50
777350,-6.891428560015289,50
777400,-4.937201104124237,50
777450,-3.910298759536651,50
777500,-8.454456728212769,50
777550,-3.1381281016756097,50
777600,-5.743631261295895,50
777650,-5.52168621149435,50
777700,-4.020455614081809,50
777750,-8.403313657126377,50
777800,-6.413676044867169,50
777850,-6.61007213539438,50
777900,-3.8215392751841515,50
777950,-8.023857901925725,50
778000,-5.3771933355690615,50
778050,-3.432237021053004,50
778100,-4.415179986727012,50
778150,-2.0997071023983103,50
778200,-6.332700063409449,50
778250,-4.729367280933805,50
778300,-4.999367516143296,50
778350,-5.1450776034202965,50
778400,-8.179476891475113,50
778450,-1.7769048190251548,50
778500,-7.172691143533499,50
778550,-7.201035411457982,50
778600,-8.623477160598988,50
778650,-10.395854748453349,50
778700,-7.389303243072099,50
778750,-6.274597540343202,50
778800,-4.628248334782085,50
778850,-7.448391842890584,50
778900,-4.31368386301791,50
778950,-5.3575730384942535,50
779000,-6.40049120487077,50
779050,-4.407245170154267,50
779100,-6.67565280794618,50
779150,-1.7580764680359744,50
779200,-6.926101768689927,50
779250,-2.9523154568756333,50
779300,-6.993340359273688,50
779350,-7.429299600985451,50
779400,-8.39302716894281,50
779450,-2.5765676179150794,50
779500,-4.830261470589727,50
779550,-8.256432827370764,50
779600,-5.289949711290478,50
779650,-3.5811379366826817,50
779700,-2.9767812381731527,50
779750,-4.453226929039959,50
779800,-5.4220025650136225,50
779850,-7.454596658899841,50
779900,-3.610864722584732,50
779950,-3.2962012136229593,50
780000,-7.232832196009705,50
780050,-8.016187335084343,50
780100,-4.895817160284665,50
780150,-5.3057795809313095,50
780200,-5.25403657759567,50
780250,-6.4242766283449635,50
780300,-3.7602765874807185,50
780350,-1.6841805100815674,50
780400,-7.762454266943077,50
780450,-7.5846992790895715,50
780500,-5.2549952770105826,50
780550,-2.1458847599551243,50
780600,-5.865396825858359,50
780650,-6.23791638646504,50
780700,-6.326575214723945,50
780750,-5.338869628676341,50
780800,-7.929350693871908,50
780850,-2.825372357987547,50
780900,-5.673211167696845,50
780950,-8.166436772662673,50
781000,-6.793606811650554,50
781050,-4.889128591061789,50
781100,-8.451839411482487,50
781150,-2.937510615993715,50
781200,-5.378828023187064,50
781250,-7.739111138880649,50
781300,-7.791580073991301,50
781350,-5.322115049198621,50
781400,-6.842382161813656,50
781450,-4.396165528010016,50
781500,-7.613294169720674,50
781550,-2.307523150480581,50
781600,-6.118869566048693,50
781650,-12.223463841965698,50
781700,-2.945862217378318,50
781750,-6.09916190871139,50
781800,-8.019865670781046,50
781850,-6.858432483099179,50
781900,-8.346048743116677,50
781950,-5.530995750967787,50
782000,-8.044916930965709,50
782050,-2.5650854455881467,50
782100,-6.239690575004534,50
782150,-8.15019263787909,50
782200,-8.273069625880982,50
782250,-4.11936878597612,50
782300,-7.661776215262118,50
782350,-6.974677218494301,50
782400,-10.035689634160537,50
782450,-7.293689030552958,50
782500,-6.466977908854752,50
782550,-11.573792580955372,50
782600,-8.864367974268415,50
782650,-6.292264321763511,50
782700,-3.8844857556920003,50
782750,-4.346350333626238,50
782800,-7.28557256624919,50
782850,-8.267860875409255,50
782900,-2.5394924128775207,50
782950,-10.492546770846861,50
783000,-5.263282671423721,50
783050,-4.201972282124744,50
783100,-5.543750273231051,50
783150,-6.540774827871478,50
783200,-3.7604824855337418,50
783250,-9.19330688060339,50
783300,-6.2916584037900956,50
783350,-4.319301990401376,50
783400,-1.9865235874290599,50
783450,-2.050523341672317,50
783500,-8.403760452639148,50
783550,-6.826759825631961,50
783600,-5.126858928872072,50
783650,-6.097927870326804,50
783700,-8.648890792705723,50
783750,-5.261461570765728,50
783800,-10.499886110202624,50
783850,-8.77282846146231,50
783900,-4.0496608186235585,50
783950,-6.987402567750235,50
784000,-4.353198336310812,50
784050,-6.306764855413332,50
784100,-2.7850237540518332,50
784150,-7.889033421558533,50
784200,-4.48269823943831,50
784250,-7.197712914048807,50
784300,-1.9297544604490622,50
784350,-5.967296246945007,50
784400,-5.0185224739352385,50
784450,-3.484515868025203,50
784500,-4.7415726239293345,50
784550,-5.554629784152818,50
784600,-5.629728352856031,50
784650,-5.459100570169061,50
784700,-6.249348938426464,50
784750,-5.646033651911273,50
784800,-5.0601274248153985,50
784850,-8.142792747510855,50
784900,-5.303313014542903,50
784950,-11.994214888979398,50
785000,-8.250515660899923,50
785050,-7.199931321402646,50
785100,-7.435609830941535,50
785150,-9.296700091801068,50
785200,-2.2496820266601842,50
785250,-7.965093465411103,50
785300,-5.493504945069091,50
785350,-4.070030912470189,50
785400,-6.783472231887552,50
785450,-8.403474297306069,50
785500,-3.2436486335243764,50
785550,-5.077568395066134,50
785600,-7.83002676335437,50
785650,-6.002902892092907,50
785700,-7.138944058781182,50
785750,-2.6200639283061116,50
785800,-4.683820644132218,50
785850,-8.162913398054117,50
785900,-3.260237127910035,50
785950,-6.1402315727355665,50
786000,-5.515558749558076,50
786050,-4.628775442168591,50
786100,-2.8393853313182045,50
786150,-6.402691284777444,50
786200,-2.443055243378858,50
786250,-3.1394839957922094,50
786300,-8.228852231729341,50
786350,-7.4903372873397,50
786400,-6.245596270833227,50
786450,-7.251879737015516,50
786500,-3.7186846013435924,50
786550,-5.126808208501906,50
786600,-8.283691538448698,50
786650,-7.843473561797044,50
786700,-5.67080408556725,50
786750,-2.3584840189779164,50
786800,-4.63418007067415,50
786850,-5.770197384274938,50
786900,-3.607752126572249,50
786950,-7.26942579150122,50
787000,-5.246974674529608,50
787050,-5.415472386509838,50
787100,-5.461404525940926,50
787150,-4.87935269623156,50
787200,-4.223908489236934,50
787250,-4.463897470559809,50
787300,-6.730652173096049,50
787350,-7.631597801910996,50
787400,-4.886984118990512,50
787450,-6.351022830710584,50
787500,-7.689037073246135,50
787550,-2.8706836652534555,50
787600,-6.395670694187251,50
787650,-3.7769465038482712,50
787700,-4.888342244724704,50
787750,-4.7859877202608665,50
787800,-5.819065299526649,50
787850,-6.958724147899754,50
787900,-6.487610648674583,50
787950,-7.864632696687222,50
788000,-7.376128327731545,50
788050,-6.137782555996164,50
788100,-8.337634456730287,50
788150,-7.036881109600737,50
788200,-5.0472223094869335,50
788250,-4.410697103789713,50
788300,-5.709237918185169,50
788350,-4.026502471276485,50
788400,-1.675289240867384,50
788450,-4.060036719757563,50
788500,-7.770609722597031,50
788550,-5.6473361043352,50
788600,-4.970345721640074,50
788650,-7.940936160511823,50
788700,-5.176775630650027,50
788750,-2.540100981870425,50
788800,-7.368155457299857,50
788850,-4.501713695204959,50
788900,-5.460921901048949,50
788950,-3.09506967040108,50
789000,-6.341502763814028,50
789050,-7.998593329557288,50
789100,-4.493102833461482,50
789150,-4.493701626534731,50
789200,-6.814151332167456,50
789250,-7.190588699018642,50
789300,-2.328774143024936,50
789350,-2.9926093813916506,50
789400,-6.038495723281809,50
789450,-8.029881301159103,50
789500,-1.4706702494422632,50
789550,-5.3281501063340455,50
789600,-4.045334546890118,50
789650,-6.06675143394504,50
789700,-5.3020191944873725,50
789750,-6.2342116948857536,50
789800,-3.6003130604673723,50
789850,-7.094076399388325,50
789900,-5.381371153011041,50
789950,-7.994121205762358,50
790000,-3.346366175241883,50
790050,-7.518241519765665,50
790100,-5.330788724713598,50
790150,-8.749435428094328,50
790200,-1.6391543587123052,50
790250,-7.921469090236132,50
790300,-3.2053428271032063,50
790350,-5.8016108299194205,50
790400,-7.154475942434921,50
790450,-4.81905437717828,50
790500,-7.4022918799153645,50
790550,-4.079893162462373,50
790600,-5.981260167198645,50
790650,-5.19774232062129,50
790700,-6.106732805986492,50
790750,-7.758452606330226,50
790800,-5.231073757104793,50
790850,-4.169457192746504,50
790900,-3.330999886240751,50
790950,-7.201093000790802,50
791000,-6.172590327362948,50
791050,-4.657051779228796,50
791100,-8.318552398126686,50
791150,-6.1423734946991715,50
791200,-7.53900222249998,50
791250,-2.457498915509017,50
791300,-5.823034282326808,50
791350,-7.517769466857244,50
791400,-5.364360728881561,50
791450,-3.520492458370272,50
791500,-5.356491006883549,50
791550,-5.252233073035932,50
791600,-6.99134768025992,50
791650,-2.8437783325679495,50
791700,-7.8166816282551705,50
791750,-4.068367188229276,50
791800,-6.363015653630151,50
791850,-8.235494522493449,50
791900,-4.60423493283049,50
791950,-7.928630622326241,50
792000,-7.920018432892414,50
792050,-4.0497994584074775,50
792100,-12.909117583270055,50
792150,-6.360953417865504,50
792200,-8.270979316602798,50
792250,-6.005732904111329,50
792300,-3.0884081711678597,50
792350,-5.779214753179911,50
792400,-8.138393308435104,50
792450,-6.1248420346443595,50
792500,-7.939583656518616,50
792550,-4.300426063154811,50
792600,-7.621939596571182,50
792650,-2.9396697527567204,50
792700,-3.9774859471664876,50
792750,-4.6529320286985225,50
792800,-8.384251655656897,50
792850,-6.489038828410612,50
792900,-4.944438190849005,50
792950,-8.252639134609668,50
793000,-10.457655483139249,50
793050,-5.479300166349722,50
793100,-6.862749253136163,50
793150,-5.797036905984049,50
793200,-7.489569779151884,50
793250,-2.267824289603889,50
793300,-6.693585011086122,50
793350,-2.527130203817386,50
793400,-5.302309671332744,50
793450,-2.5258187574769027,50
793500,-6.275586297105395,50
793550,-11.944696819574112,50
793600,-6.240821220085076,50
793650,-4.681010024757799,50
793700,-4.773532765972834,50
793750,-3.888893786743042,50
793800,-5.024349421334708,50
793850,-3.42326588864491,50
793900,-7.554130978362772,50
793950,-6.5121974273537715,50
794000,-8.114144348069958,50
794050,-7.815199103689048,50
794100,-3.5402360811512263,50
794150,-6.080342753384265,50
794200,-6.181715449576664,50
794250,-6.8152134571935585,50
794300,-2.3581666530768643,50
794350,-2.5664089601896105,50
794400,-4.939584114066567,50
794450,-4.930726867175164,50
794500,-7.741824788538746,50
794550,-6.588937407135721,50
794600,-7.393563286003834,50
794650,-4.2331309719257995,50
794700,-7.44289715529305,50
794750,-1.8391538159830974,50
794800,-5.521933803595632,50
794850,-2.736797016338126,50
794900,-5.595820634223012,50
794950,-7.8956002146817,50
795000,-8.33788414697395,50
795050,-7.534614113691619,50
795100,-6.20277218055238,50
795150,-6.87010069873147,50
795200,-2.8912283304933384,50
795250,-6.533745665208337,50
795300,-3.491551591319812,50
795350,-6.792418900697916,50
795400,-4.958068416525101,50
795450,-2.5758183929502847,50
795500,-4.725178747861221,50
795550,-5.63174580973272,50
795600,-7.173039111173043,50
795650,-5.335151700339924,50
795700,-4.436752406306107,50
795750,-7.94180680504673,50
795800,-8.099947299831221,50
795850,-8.225385695321794,50
795900,-3.9045296392902498,50
795950,-4.160622192994251,50
796000,-8.286205582388643,50
796050,-7.504889312182364,50
796100,-8.412605327905045,50
796150,-2.88968177159696,50
796200,-2.5795517494267264,50
796250,-6.706633302937198,50
796300,-8.257050420092812,50
796350,-5.075530103803564,50
796400,-6.141088408804283,50
796450,-2.32742956302837,50
796500,-5.397654759370203,50
796550,-8.029398348398475,50
796600,-4.08249037958241,50
796650,-5.5757212060068175,50
796700,-2.0786393262830782,50
796750,-4.219341890033832,50
796800,-5.799613000184361,50
796850,-2.2514452336330195,50
796900,-5.038272300334279,50
796950,-5.318643776539973,50
797000,-5.3220793758654255,50
797050,-3.6562545151635772,50
797100,-4.725477796281067,50
797150,-4.542104361667013,50
797200,-7.571420116878996,50
797250,-1.9344027269886745,50
797300,-4.474759601241006,50
797350,-11.454307152076288,50
797400,-6.503460524382124,50
797450,-2.5268521343981107,50
797500,-6.078384104219968,50
797550,-7.880554081939286,50
797600,-3.602674690967955,50
797650,-6.70974220464022,50
797700,-6.042681212427396,50
797750,-3.764357094316827,50
797800,-2.8527103030603986,50
797850,-6.508838169020232,50
797900,-6.193002635738333,50
797950,-4.662807805765458,50
798000,-3.332572373380907,50
798050,-8.742772125112596,50
798100,-8.307218129702857,50
798150,-5.309377740219421,50
798200,-3.707032054105352,50
798250,-4.410032954355953,50
798300,-6.9847281035923725,50
798350,-4.973633694316647,50
798400,-7.677247706334594,50
798450,-7.483698805648002,50
798500,-6.6115090628671,50
798550,-6.569691260686189,50
798600,-6.026397527734885,50
798650,-3.770570318988769,50
798700,-7.825512731103211,50
798750,-3.19765843751793,50
798800,-4.751649280263655,50
798850,-8.282532683406012,50
798900,-6.323288830129036,50
798950,-4.913296955424862,50
799000,-4.537286643118701,50
799050,-6.404976519687984,50
799100,-7.8151349173628475,50
799150,-7.198306319986902,50
799200,-3.3947970577775415,50
799250,-6.7282171471144405,50
799300,-2.6422563073081324,50
799350,-4.189756046502551,50
799400,-7.499684915591134,50
799450,-5.144453099776865,50
799500,-8.22197303695879,50
799550,-3.7060390191157784,50
799600,-7.289636602881691,50
799650,-2.471949571277626,50
799700,-5.680372469918217,50
799750,-2.5918963313538956,50
799800,-6.61637440895232,50
799850,-4.231566868140053,50
799900,-2.535377546161847,50
799950,-5.657895454085107,50
800000,-6.671595268337868,50
800050,-4.546873242287773,50
800100,-6.630746248220566,50
800150,-7.685225784745057,50
800200,-3.8702897597933767,50
800250,-4.352737963647674,50
800300,-6.891527015342506,50
800350,-7.81932318136234,50
800400,-3.482787411719965,50
800450,-5.3307501451962205,50
800500,-6.292342902632537,50
800550,-6.542373097589243,50
800600,-2.205950383504682,50
800650,-4.2471584443182735,50
800700,-7.100831497105681,50
800750,-3.149678568663563,50
800800,-5.750198741582934,50
800850,-2.5891276523477726,50
800900,-4.791056085153253,50
800950,-8.758660040544736,50
801000,-7.029598142247142,50
801050,-3.358641097825357,50
801100,-4.69379058269949,50
801150,-4.412023426382406,50
801200,-5.572865984672659,50
801250,-7.88450112787806,50
801300,-2.977961962756578,50
801350,-7.969446147107526,50
801400,-5.0459362931108265,50
801450,-8.192999282744836,50
801500,-5.2788775390713605,50
801550,-4.122689157556094,50
801600,-6.200251931290483,50
801650,-7.854443913203243,50
801700,-8.046328332364219,50
801750,-5.008070228460338,50
801800,-6.636542650749326,50
801850,-8.00829086577721,50
801900,-4.988113607392436,50
801950,-3.3253098944016366,50
802000,-4.145934290304912,50
802050,-4.862661698566088,50
802100,-6.442789479756003,50
802150,-2.7502993729891005,50
802200,-3.405064686015327,50
802250,-8.91904727975241,50
802300,-4.998101028907543,50
802350,-7.07155710076118,50
802400,-7.947534088777009,50
802450,-5.674285330783733,50
802500,-8.045533445471252,50
802550,-10.265323395881422,50
802600,-7.376475276232819,50
802650,-6.024794813044881,50
802700,-2.4746068460467803,50
802750,-7.1453672519823295,50
802800,-6.642785146771294,50
802850,-7.802238361315182,50
802900,-6.298197162049513,50
802950,-7.198805442924508,50
803000,-8.269674772913138,50
803050,-1.6883290238108222,50
803100,-11.593721959010834,50
803150,-4.704316101274242,50
803200,-7.694985272591456,50
803250,-3.412711812067323,50
803300,-6.002129508247678,50
803350,-6.960934324461467,50
803400,-2.3602843256221755,50
803450,-5.056980131850718,50
803500,-8.226001900135643,50
803550,-4.380300614586847,50
803600,-8.359421504064217,50
803650,-5.676349810865217,50
803700,-1.9469220501001325,50
803750,-6.45394431565458,50
803800,-3.405822039832089,50
803850,-9.3011539918246,50
803900,-2.2387231160263275,50
803950,-2.202485076037306,50
804000,-9.148571979896614,50
804050,-8.424754986223562,50
804100,-2.413331966805617,50
804150,-6.299178321342549,50
804200,-4.407068487532974,50
804250,-8.19923821536866,50
804300,-4.274588379428604,50
804350,-7.539449530554172,50
804400,-6.197191065393714,50
804450,-3.9905434200978664,50
804500,-5.3196378593075995,50
804550,-5.520760822726949,50
804600,-8.11163111412531,50
804650,-3.516160474620144,50
804700,-6.692918071561939,50
804750,-5.946012498059014,50
804800,-5.677234842468597,50
804850,-4.088771828527661,50
804900,-8.29505977632419,50
804950,-6.540206248238835,50
805000,-3.9506876715628985,50
805050,-6.70950220621373,50
805100,-4.997625096586471,50
805150,-5.915005440581791,50
805200,-7.768478612919281,50
805250,-7.63380521440685,50
805300,-7.079149754553685,50
805350,-2.816761971086108,50
805400,-4.880593248434054,50
805450,-2.0568706683883917,50
805500,-6.211913301866634,50
805550,-6.483026344968626,50
805600,-6.828276700677766,50
805650,-6.966650858433836,50
805700,-2.983485712534401,50
805750,-8.388892861998428,50
805800,-7.541831425971061,50
805850,-11.035645252785976,50
805900,-6.123236538978604,50
805950,-7.699882356342875,50
806000,-5.5157444207412665,50
806050,-6.81073792441858,50
806100,-6.944974584974761,50
806150,-3.633816272861848,50
806200,-8.135288364304104,50
806250,-5.720162498620158,50
806300,-8.010641922258062,50
806350,-5.85239110449584,50
806400,-5.331976835669512,50
806450,-5.785219544631356,50
806500,-8.001588654527817,50
806550,-4.349421279601635,50
806600,-6.0953996505555175,50
806650,-3.391218478285735,50
806700,-2.2944332169151913,50
806750,-5.509722486741465,50
806800,-3.717291118767113,50
806850,-8.207042775341895,50
806900,-9.01491134037798,50
806950,-8.230759225293918,50
807000,-6.0603849091916295,50
807050,-5.424094337158797,50
807100,-5.7411008886295845,50
807150,-14.281249523187814,50
807200,-7.2125403160266055,50
807250,-7.650481964744918,50
807300,-5.429615999834592,50
807350,-2.001257513133631,50
807400,-7.018573008335995,50
807450,-4.384898185353529,50
807500,-8.02853735887656,50
807550,-6.770536168733133,50
807600,-1.407972439513997,50
807650,-4.28473279514026,50
807700,-8.376152142571408,50
807750,-6.930966146174336,50
807800,-8.505116952669015,50
807850,-7.571829558725969,50
807900,-3.83964577891588,50
807950,-8.023408221065065,50
808000,-1.9797032291699501,50
808050,-3.2104705567008005,50
808100,-2.6000302813507328,50
808150,-6.855187701983645,50
808200,-8.320609724710067,50
808250,-8.146504239308271,50
808300,-7.810727891501356,50
808350,-2.8008661684654137,50
808400,-3.005897988709705,50
808450,-6.091342185439206,50
808500,-3.913786559916982,50
808550,-2.927985842557718,50
808600,-1.7766864827240718,50
808650,-8.113356106401202,50
808700,-5.923388462820515,50
808750,-7.144140264193125,50
808800,-7.653452384150566,50
808850,-4.425768227883492,50
808900,-6.651819649547989,50
808950,-7.882723955621471,50
809000,-2.470727298636212,50
809050,-5.5210032700236855,50
809100,-7.319000693203123,50
809150,-3.3997009111121526,50
809200,-5.419442940819921,50
809250,-5.299180518849192,50
809300,-7.615861124845419,50
809350,-5.208204422038061,50
809400,-7.916438437748753,50
809450,-7.790918564364278,50
809500,-4.259250944509704,50
809550,-5.582324342969874,50
809600,-5.7702957874290535,50
809650,-6.61148244522584,50
809700,-2.6799286747327127,50
809750,-6.04862701315387,50
809800,-7.083084259077901,50
809850,-4.204039520824114,50
809900,-8.041923501295754,50
809950,-4.887736465306464,50
810000,-5.958253786893072,50
810050,-5.785711685420059,50
810100,-6.308531668332772,50
810150,-4.349941864647847,50
810200,-5.248074081369,50
810250,-4.765346792598523,50
810300,-5.0966828420301775,50
810350,-4.045049551774806,50
810400,-2.9502307331624875,50
810450,-5.189453224692128,50
810500,-6.670207068274515,50
810550,-13.564576592404118,50
810600,-5.413960654551544,50
810650,-2.2440407456059144,50
810700,-6.547351829864864,50
810750,-2.438968017281732,50
810800,-7.620755090044722,50
810850,-3.8022378173996874,50
810900,-5.538343280772221,50
810950,-6.574083660771811,50
811000,-7.240057961233862,50
811050,-8.299711516060212,50
811100,-4.671419616274051,50
811150,-8.472467053272224,50
811200,-6.029109824759317,50
811250,-1.9484007729034283,50
811300,-3.1941784344257775,50
811350,-9.720506907990803,50
811400,-8.360363387567494,50
811450,-7.289217964060232,50
811500,-6.5008572100443605,50
811550,-4.2771635006489355,50
811600,-8.3999996440689,50
811650,-7.209166008189036,50
811700,-12.92366079558516,50
811750,-6.90822126051705,50
811800,-5.538647453191483,50
811850,-4.420677865807005,50
811900,-4.6310561343706516,50
811950,-7.115122027225962,50
812000,-4.568584457341658,50
812050,-4.767310570703449,50
812100,-4.456523243821568,50
812150,-8.389395286425916,50
812200,-7.890425229215153,50
812250,-8.373688637564168,50
812300,-8.687047938494423,50
812350,-2.5683140038371155,50
812400,-4.9872176093700205,50
812450,-6.901706653862112,50
812500,-8.225795673745914,50
812550,-4.389976639815813,50
812600,-5.2456718554486645,50
812650,-6.444847833298679,50
812700,-2.908749237290501,50
812750,-6.312581927816299,50
812800,-5.079391900225592,50
812850,-3.631069942747601,50
812900,-6.5977602032475335,50
812950,-7.715367102382925,50
813000,-2.7849915488944306,50
813050,-5.350488064266543,50
813100,-4.554212289558404,50
813150,-7.785758655688526,50
813200,-6.0994753664717685,50
813250,-4.812706660465968,50
813300,-7.938560652261047,50
813350,-4.694029768867922,50
813400,-6.025526568872404,50
813450,-4.6197187095208,50
813500,-7.90597275206531,50
813550,-3.405670736034624,50
813600,-6.406261814238848,50
813650,-2.2709862143842443,50
813700,-6.957110614990918,50
813750,-7.912451321150451,50
813800,-5.353285600111791,50
813850,-8.010817767226229,50
813900,-2.8158393968297797,50
813950,-4.135103097589396,50
814000,-4.58871113364566,50
814050,-6.644524667906219,50
814100,-2.3717446896063157,50
814150,-8.108830380578041,50
814200,-7.489689037240237,50
814250,-8.167521607646785,50
814300,-3.7660177633832324,50
814350,-3.330608007346892,50
814400,-6.086306617977632,50
814450,-8.304332531598849,50
814500,-3.599304944035009,50
814550,-6.510697772246203,50
814600,-3.8412240086824623,50
814650,-4.112830306549204,50
814700,-2.6209810658519457,50
814750,-5.220802304675326,50
814800,-5.479073946081455,50
814850,-5.333673857888652,50
814900,-6.768119989842914,50
814950,-3.0104673520685514,50
815000,-4.635897069755153,50
815050,-8.341837143569656,50
815100,-3.5417083646130627,50
815150,-6.331390413606355,50
815200,-6.012546714439781,50
815250,-8.248782418342147,50
815300,-7.816713517786927,50
815350,-2.6694170091376916,50
815400,-4.228705838716218,50
815450,-4.672860241644102,50
815500,-1.9044997100132184,50
815550,-6.0401434819921,50
815600,-6.033675286093844,50
815650,-7.430659122700192,50
815700,-6.95049404249351,50
815750,-8.375607928068906,50
815800,-5.296864948006624,50
815850,-6.270204487498743,50
815900,-6.244341094416595,50
815950,-6.768976344045979,50
816000,-8.151446761065692,50
816050,-7.062902596324011,50
816100,-4.2936665264204015,50
816150,-3.9171099788349992,50
816200,-2.4167324044213894,50
816250,-7.983362351683577,50
816300,-4.239748712110738,50
816350,-7.090711584224015,50
816400,-8.204241044750963,50
816450,-6.342025360069183,50
816500,-3.965625356130748,50
816550,-7.222174217500731,50
816600,-5.263503884989607,50
816650,-13.492109732330794,50
816700,-8.373329928261686,50
816750,-8.17521862826583,50
816800,-4.260923961924183,50
816850,-7.788812728803196,50
816900,-4.177655100821576,50
816950,-4.628516519595911,50
817000,-2.616465079523778,50
817050,-5.002917750476364,50
817100,-7.967033408380768,50
817150,-3.622753068976224,50
817200,-3.796577026101803,50
817250,-3.6052594410992675,50
817300,-5.890924161908088,50
817350,-2.2481492938837646,50
817400,-3.316144628823823,50
817450,-3.480816773498558,50
817500,-3.4311386052678055,50
817550,-5.3938384773271,50
817600,-2.2206065767060057,50
817650,-4.372225220248021,50
817700,-8.151920079652273,50
817750,-5.684168128999621,50
817800,-2.6320357580012326,50
817850,-6.818710623152906,50
817900,-7.853379832318173,50
817950,-7.140039308345057,50
818000,-6.661047985547225,50
818050,-7.835016105838809,50
818100,-5.122103087256565,50
818150,-8.115309361187336,50
818200,-6.305193726528026,50
818250,-5.660112548656419,50
818300,-2.318114851144398,50
818350,-7.951680439292186,50
818400,-5.909427640937992,50
818450,-8.194547258770365,50
818500,-3.5385925810495684,50
818550,-5.000365031332127,50
818600,-7.438300523751246,50
818650,-4.373134145810811,50
818700,-6.678218374399766,50
818750,-5.8182256409677935,50
818800,-5.196395910187002,50
818850,-5.015176827965917,50
818900,-5.803550875574471,50
818950,-2.304195407403498,50
819000,-10.875629581564816,50
819050,-2.1746650616986707,50
819100,-8.131817008679244,50
819150,-2.331271178411497,50
819200,-6.187969960662647,50
819250,-7.995229657285658,50
819300,-5.6538283374731035,50
819350,-5.918573712073879,50
819400,-3.049055092352105,50
819450,-5.860482890294338,50
819500,-6.760312964411939,50
819550,-7.932985149974655,50
819600,-6.005451760755051,50
819650,-6.876169645567594,50
819700,-7.4959635169992875,50
819750,-17.61976078767059,50
819800,-4.204702826178283,50
819850,-4.301542065030979,50
819900,-2.2659513797462987,50
819950,-6.62865941287279,50
820000,-3.7536553836190363,50
820050,-7.137860101683806,50
820100,-8.516151206936362,50
820150,-8.144485369233179,50
820200,-4.992133316862511,50
820250,-7.885381422724104,50
820300,-5.6907996369033755,50
820350,-3.068633916919519,50
820400,-4.112113559294202,50
820450,-7.1805231812125365,50
820500,-2.4982249840593482,50
820550,-2.3733458598124506,50
820600,-2.3594357391145713,50
820650,-4.427402376222537,50
820700,-5.878445622136307,50
820750,-1.7183486030514887,50
820800,-8.011990421831705,50
820850,-8.259707946400116,50
820900,-5.701756902810483,50
820950,-5.501340973639898,50
821000,-8.199707839191452,50
821050,-2.2569411846113447,50
821100,-4.779382790175981,50
821150,-2.6811275368228755,50
821200,-3.7990990231195774,50
821250,-2.3993631055796483,50
821300,-7.858637184923328,50
821350,-4.014653143605001,50
821400,-8.238103316827855,50
821450,-9.261831497838871,50
821500,-5.773391055970438,50
821550,-6.437707690292181,50
821600,-2.1323825622398713,50
821650,-4.169681290581105,50
821700,-8.066643252204216,50
821750,-8.898688437646893,50
821800,-4.281564565123934,50
821850,-7.6575403122972086,50
821900,-6.507727601249947,50
821950,-7.951751599777756,50
822000,-5.700118861007534,50
822050,-2.5410591126147986,50
822100,-6.700271078750008,50
822150,-5.41389735098292,50
822200,-7.422075654878824,50
822250,-6.577236499208808,50
822300,-2.4299294389856536,50
822350,-4.875291344214983,50
822400,-7.686645791742181,50
822450,-4.9880688465032765,50
822500,-8.356838735799164,50
822550,-4.1016171395670025,50
822600,-5.664822503772546,50
822650,-9.518682677984938,50
822700,-7.219767655629498,50
822750,-8.086618208643056,50
822800,-9.633300411704584,50
822850,-2.9335494741201162,50
822900,-3.1791129348274776,50
822950,-2.185472482151955,50
823000,-8.304694211232366,50
823050,-6.12986027874239,50
823100,-5.182684761982107,50
823150,-4.122245994634255,50
823200,-4.4117160585545925,50
823250,-5.286766991107625,50
823300,-5.860719487011679,50
823350,-6.044618182099551,50
823400,-7.8627964881375,50
823450,-5.168141839655045,50
823500,-8.695850006574869,50
823550,-4.089028126514802,50
823600,-1.3925304565335652,50
823650,-8.090120253834815,50
823700,-6.013116410260125,50
823750,-7.634939735972368,50
823800,-8.166947466541709,50
823850,-6.040511876234118,50
823900,-10.439018203632829,50
823950,-4.945651331824574,50
824000,-6.224048669474835,50
824050,-4.523606932352382,50
824100,-4.666061156341153,50
824150,-4.80665116034392,50
824200,-2.355818343405661,50
824250,-2.0869047250547688,50
824300,-6.576312921909547,50
824350,-5.049250760304892,50
824400,-8.167508549099074,50
824450,-2.3377811026666175,50
824500,-8.20226508513454,50
824550,-2.5570794267495285,50
824600,-4.806251839910611,50
824650,-10.757061012459891,50
824700,-7.283639028475936,50
824750,-6.997968212532081,50
824800,-8.227165657969321,50
824850,-6.676646258349207,50
824900,-4.705024318775312,50
824950,-10.602920482761384,50
825000,-6.158394729521807,50
825050,-7.774760293867141,50
825100,-8.209430515466888,50
825150,-3.899600310940682,50
825200,-8.212182153552401,50
825250,-2.9633345036249152,50
825300,-2.1579135723982668,50
825350,-3.8931490878767008,50
825400,-8.330126817891399,50
825450,-5.798952686006663,50
825500,-7.205121964696673,50
825550,-3.9140167189451978,50
825600,-3.2119038791268415,50
825650,-4.73447947410477,50
825700,-6.8936549951529775,50
825750,-3.3529334101919988,50
825800,-5.99452636357972,50
825850,-5.829238548357077,50
825900,-4.034531115296845,50
825950,-8.127518825223564,50
826000,-3.4404366154449253,50
826050,-5.92078389713479,50
826100,-6.930602954971381,50
826150,-6.967476061196839,50
826200,-6.098022920339746,50
826250,-6.170743085836961,50
826300,-5.80535281601641,50
826350,-2.7036941798213157,50
826400,-5.33202388520196,50
826450,-4.717560113748451,50
826500,-8.518475495261463,50
826550,-3.6695837162361404,50
826600,-8.000994200346936,50
826650,-8.713606255885937,50
826700,-2.987191795433584,50
826750,-5.9513018830671305,50
826800,-8.032638609474311,50
826850,-2.8278292369032556,50
826900,-4.93981750476857,50
826950,-2.1165550808997895,50
827000,-1.7950672724054966,50
827050,-7.711474146498568,50
827100,-4.669585065932475,50
827150,-3.722911989435465,50
827200,-5.772657761602053,50
827250,-2.0736002451098945,50
827300,-4.578674794877141,50
827350,-6.7384448704255515,50
827400,-6.756713789740812,50
827450,-3.2851593321868875,50
827500,-2.4141873179111557,50
827550,-7.615210101957137,50
827600,-8.054907528354741,50
827650,-7.386121455594384,50
827700,-1.8590231261360617,50
827750,-7.542281037731206,50
827800,-4.720280712449013,50
827850,-1.863623294200628,50
827900,-8.44957811150139,50
827950,-7.395752703238294,50
828000,-8.22263328555888,50
828050,-7.848511612866013,50
828100,-5.887348406430151,50
828150,-4.270355952792605,50
828200,-4.683383370243848,50
828250,-3.262930120902838,50
828300,-7.582832164616686,50
828350,-4.601319565646638,50
828400,-6.75281453361749,50
828450,-3.7163643836020404,50
828500,-7.581053874407806,50
828550,-7.452198158769419,50
828600,-6.351566148972694,50
828650,-3.1116093481723928,50
828700,-2.9688728716946065,50
828750,-6.057619331884979,50
828800,-4.8708555211387745,50
828850,-4.383148722394773,50
828900,-6.338497769515773,50
828950,-5.835362089652977,50
829000,-9.86552498839832,50
829050,-5.611321291594621,50
829100,-5.46590703444515,50
829150,-7.380934599033329,50
829200,-7.081732231067845,50
829250,-3.926002416994444,50
829300,-7.340019597168254,50
829350,-4.597451026216812,50
829400,-4.255595518467745,50
829450,-11.57797360355436,50
829500,-11.206236982886145,50
829550,-9.60597332972979,50
829600,-4.990637241607155,50
829650,-6.032227115531064,50
829700,-5.643183070547362,50
829750,-5.514243028815521,50
829800,-7.659851762571928,50
829850,-2.7405510321393933,50
829900,-6.1823436762329225,50
829950,-3.301496208267485,50
830000,-3.526087798706505,50
830050,-7.2469190938173025,50
830100,-8.130948132093922,50
830150,-3.856268034446046,50
830200,-5.372139695224845,50
830250,-6.943640262480263,50
830300,-5.047190879423077,50
830350,-5.979045233017855,50
830400,-4.427300041012481,50
830450,-8.469320555631727,50
830500,-6.49152851654378,50
830550,-4.344264670391626,50
830600,-6.036449020891749,50
830650,-5.978991170801775,50
830700,-2.7741505799272006,50
830750,-4.346068947561025,50
830800,-6.113246179271695,50
830850,-4.224412784350413,50
830900,-7.8981550762783055,50
830950,-7.805778515699394,50
831000,-3.3215650031312887,50
831050,-7.607011543610115,50
831100,-7.725789200199552,50
831150,-8.168451421328752,50
831200,-6.695782140967268,50
831250,-5.742630932380979,50
831300,-7.113146403674474,50
831350,-5.04583276388286,50
831400,-3.622614803088128,50
831450,-7.860506905583352,50
831500,-7.799815026623518,50
831550,-3.5379467954427843,50
831600,-8.397473974538428,50
831650,-8.375439133698409,50
831700,-13.314290466360811,50
831750,-6.953310715541381,50
831800,-4.616487700519344,50
831850,-7.8807448907876,50
831900,-7.543582746011369,50
831950,-6.7357322446242955,50
832000,-6.87147239000334,50
832050,-7.772489256234647,50
832100,-7.744918550511531,50
832150,-6.130484081366937,50
832200,-3.075733271152265,50
832250,-3.7286639596017275,50
832300,-5.562016358500753,50
832350,-2.809704093729178,50
832400,-4.13762692898576,50
832450,-4.695388718934735,50
832500,-1.9404222755481404,50
832550,-2.7759005764288207,50
832600,-8.043483058144057,50
832650,-6.33046362812832,50
832700,-6.6523360248405226,50
832750,-2.2292274055219363,50
832800,-3.758770533012949,50
832850,-6.500942525891625,50
832900,-4.071740713779794,50
832950,-5.5854394479542675,50
833000,-3.9022786785095493,50
833050,-4.043160290053672,50
833100,-7.539576972663921,50
833150,-3.2146722230163833,50
833200,-4.278250911117369,50
833250,-6.194804853210452,50
833300,-4.676403937252495,50
833350,-6.900365388399634,50
833400,-8.482872545805618,50
833450,-5.567501050660295,50
833500,-5.752288363048536,50
833550,-6.919204838306752,50
833600,-5.990219039743507,50
833650,-7.808590084401893,50
833700,-3.494673492112013,50
833750,-7.008806825177612,50
833800,-4.916340853506916,50
833850,-4.5112055573141765,50
833900,-5.9581785006167,50
833950,-6.2923414749547755,50
834000,-4.242958721673505,50
834050,-6.305802076664793,50
834100,-8.226384880719502,50
834150,-8.552171986913676,50
834200,-6.321188229031056,50
834250,-6.110833228832902,50
834300,-8.290742118833359,50
834350,-6.278237716596455,50
834400,-7.024853828071916,50
834450,-8.192121773587798,50
834500,-3.8216590847294443,50
834550,-3.3552067331938242,50
834600,-4.4035981709573315,50
834650,-5.78662858315495,50
834700,-3.814274715629041,50
834750,-1.1350151614770718,50
834800,-6.892594711261472,50
834850,-4.035358636019813,50
834900,-5.329412409638881,50
834950,-3.1135776538588495,50
835000,-5.092992683960939,50
835050,-5.670696942970267,50
835100,-7.33693724582898,50
835150,-3.467347057854434,50
835200,-6.592714413567312,50
835250,-6.948403976786253,50
835300,-5.094457947596929,50
835350,-8.151339175036187,50
835400,-8.202205332796188,50
835450,-8.005715018988296,50
835500,-5.37776849598654,50
835550,-2.298000184242645,50
835600,-5.123070095048166,50
835650,-6.328151712758149,50
835700,-6.896505590319214,50
835750,-3.9120114816025193,50
835800,-4.5374406216407435,50
835850,-5.941110458625141,50
835900,-2.8613915308975377,50
835950,-1.7965031670975058,50
836000,-2.1027590781226624,50
836050,-6.132289669196057,50
836100,-7.941326738767072,50
836150,-3.7919277047295696,50
836200,-8.381339325599019,50
836250,-2.968777703860228,50
836300,-4.423638818272388,50
836350,-5.869926588238154,50
836400,-4.581852647341289,50
836450,-7.41697924001508,50
836500,-4.969580700551056,50
836550,-6.109604013278592,50
836600,-6.292546162992406,50
836650,-6.470660754828007,50
836700,-4.375577265917615,50
836750,-8.159863000251242,50
836800,-5.025734039074161,50
836850,-3.7211042538008807,50
836900,-7.7317890093802655,50
836950,-8.469975512034054,50
837000,-3.2715228740360462,50
837050,-8.177433640047116,50
837100,-3.847123244320211,50
837150,-5.722196229212933,50
837200,-8.354596636723889,50
837250,-5.608488534789344,50
837300,-8.39209728548313,50
837350,-5.7931111502823835,50
837400,-7.671005357107342,50
837450,-8.138412382512453,50
837500,-7.108754039083399,50
837550,-6.7586599284982665,50
837600,-8.251083776943812,50
837650,-1.9470327094875766,50
837700,-5.311887000240932,50
837750,-2.23934945638395,50
837800,-6.136085660716144,50
837850,-2.567614578883342,50
837900,-4.979807722050188,50
837950,-7.495692389663293,50
838000,-6.245355454097456,50
838050,-1.799203752232506,50
838100,-5.597893638414997,50
838150,-5.743147376898602,50
838200,-7.983032763166168,50
838250,-7.125509940304174,50
838300,-8.00917631344557,50
838350,-6.49707539374134,50
838400,-8.632356667198678,50
838450,-5.911874523037001,50
838500,-7.65202604901989,50
838550,-4.37218214949715,50
838600,-4.82997164547892,50
838650,-3.7678141281163295,50
838700,-1.3401676147799646,50
838750,-6.666000069876662,50
838800,-6.9326297859641715,50
838850,-5.945975844926758,50
838900,-6.830372556564853,50
838950,-4.194298916780268,50
839000,-8.118293090015285,50
839050,-3.541261005986369,50
839100,-4.333196910751851,50
839150,-5.740515887442409,50
839200,-2.88120903209857,50
839250,-6.352568859536341,50
839300,-7.422004530091342,50
839350,-6.513931089432351,50
839400,-3.5901369960580456,50
839450,-2.901307912909689,50
839500,-1.6051299673788963,50
839550,-1.4209910490660627,50
839600,-8.283508976985798,50
839650,-2.853857437188644,50
839700,-5.222319967034771,50
839750,-7.2104203084730045,50
839800,-4.756403104628742,50
839850,-4.00406971636999,50
839900,-2.646596631996358,50
839950,-6.797612770250029,50
840000,-4.258148639139182,50
840050,-7.0545859578431465,50
840100,-6.215196902915796,50
840150,-4.67757951842449,50
840200,-7.894974039240777,50
840250,-5.510413703105755,50
840300,-7.10564662625696,50
840350,-7.698171298639402,50
840400,-8.330846187136078,50
840450,-1.5350392797490737,50
840500,-8.508803406220508,50
840550,-2.1244574996960375,50
840600,-7.537503978147309,50
840650,-4.912859663264367,50
840700,-6.80683866485428,50
840750,-6.594317133019824,50
840800,-8.320071216428856,50
840850,-7.481498747698839,50
840900,-3.029918951302075,50
840950,-5.5506175019236865,50
841000,-5.139319188133971,50
841050,-8.394771883044537,50
841100,-7.006412353751717,50
841150,-6.273699047672549,50
841200,-6.069135077210167,50
841250,-1.905013422150621,50
841300,-8.073726228772074,50
841350,-7.958328071795633,50
841400,-6.3804244897834295,50
841450,-5.985169933710515,50
841500,-1.9957604540731595,50
841550,-1.9037179228432857,50
841600,-8.134255247198668,50
841650,-6.324062040159715,50
841700,-2.3809342109223333,50
841750,-5.664259381263397,50
841800,-6.0540737093843955,50
841850,-2.031529771870863,50
841900,-4.061152811477184,50
841950,-1.5614150820714328,50
842000,-5.374583481311171,50
842050,-1.84243377910822,50
842100,-7.162720362649622,50
842150,-2.4425383219476102,50
842200,-5.4040517882934465,50
842250,-6.156376980415414,50
842300,-6.164513022611366,50
842350,-5.817494916118326,50
842400,-6.305864732806815,50
842450,-7.826273337754435,50
842500,-8.420093759958576,50
842550,-14.023448030322797,50
842600,-7.466346103775794,50
842650,-7.587387462953839,50
842700,-8.085833188699905,50
842750,-7.874722644807928,50
842800,-5.10240735727098,50
842850,-3.9526436953311017,50
842900,-2.7089917700931405,50
842950,-4.730479075628713,50
843000,-6.665187061571547,50
843050,-1.552085075864489,50
843100,-5.865075545995002,50
843150,-2.9270673370645,50
843200,-6.241102454970233,50
843250,-4.051742498296322,50
843300,-5.71012076100173,50
843350,-3.095497817755288,50
843400,-4.347565758528124,50
843450,-8.185068690915141,50
843500,-2.892443353446741,50
843550,-8.061505971397315,50
843600,-6.0250835532830855,50
843650,-6.066870600907527,50
843700,-5.019700711616429,50
843750,-6.5544312235686615,50
843800,-6.680754688341446,50
843850,-5.019035518003168,50
843900,-6.593282566606575,50
843950,-5.7136129313958435,50
844000,-11.578529773937618,50
844050,-3.9817975061018602,50
844100,-4.310451261094974,50
844150,-6.743938285445567,50
844200,-6.25735186753619,50
844250,-3.2147464882218455,50
844300,-6.960600680143981,50
844350,-7.770249374955443,50
844400,-3.8582400610522343,50
844450,-8.527867647636487,50
844500,-7.982473798496678,50
844550,-6.246506061631176,50
844600,-8.19175596085152,50
844650,-1.3559149833514526,50
844700,-1.6239125760525175,50
844750,-8.040306499316983,50
844800,-7.883924076556727,50
844850,-2.2853168448138197,50
844900,-3.839682701095727,50
844950,-6.606070722637285,50
845000,-4.094434005109099,50
845050,-5.8796198201651295,50
845100,-3.034772977221303,50
845150,-5.484603156934218,50
845200,-4.068241646719877,50
845250,-7.390014923609116,50
845300,-3.247983689405916,50
845350,-4.688733017393536,50
845400,-3.4273280672973563,50
845450,-5.511195345882903,50
845500,-2.7985149888183165,50
845550,-2.9788918003325393,50
845600,-3.987081419443322,50
845650,-3.7798437050060385,50
845700,-5.049084236313626,50
845750,-6.72402983652052,50
845800,-6.356412365186654,50
845850,-8.66755083051412,50
845900,-5.885818054753109,50
845950,-6.995196687146707,50
846000,-13.450280427620605,50
846050,-8.321245724144065,50
846100,-4.010975640309851,50
846150,-3.6597655792039427,50
846200,-8.216265551231592,50
846250,-7.073844765131218,50
846300,-7.13729106821156,50
846350,-6.844943969177732,50
846400,-8.65134543069481,50
846450,-4.1703618534458275,50
846500,-6.798645395733785,50
846550,-7.970346399293015,50
846600,-6.220291594026796,50
846650,-2.8945226737750778,50
846700,-5.009981241870148,50
846750,-6.277004145170507,50
846800,-2.171652063528402,50
846850,-4.407098352189379,50
846900,-2.721131414055189,50
846950,-5.969402864826867,50
847000,-3.7009867205635234,50
847050,-4.705991712253035,50
847100,-4.754554126272129,50
847150,-8.490504027221457,50
847200,-6.921523467705214,50
847250,-8.075067112846078,50
847300,-4.208181384387329,50
847350,-6.523453477284467,50
847400,-7.728557433178302,50
847450,-7.1417556020048885,50
847500,-6.523970215424198,50
847550,-6.152603409614941,50
847600,-7.658942493903009,50
847650,-7.213085761294189,50
847700,-8.057547947433168,50
847750,-9.362425219830545,50
847800,-2.6622205586631726,50
847850,-4.43561179404377,50
847900,-4.018665109782274,50
847950,-3.2278126038185406,50
848000,-5.973846976755986,50
848050,-6.571290012821998,50
848100,-8.383696035534117,50
848150,-3.1885547279238438,50
848200,-3.5961976394241555,50
848250,-3.7590823761158036,50
848300,-5.457180283810753,50
848350,-7.777546640709093,50
848400,-6.166332783861037,50
848450,-4.669121022028247,50
848500,-2.0809684676652744,50
848550,-3.2731887944647347,50
848600,-4.866547954607907,50
848650,-1.9542480156992659,50
848700,-8.252292282481795,50
848750,-15.720710371408057,50
848800,-6.255583664900469,50
848850,-8.236677926315986,50
848900,-8.58683991503981,50
848950,-5.744942521891722,50
849000,-8.445011014694023,50
849050,-7.951253343967656,50
849100,-6.353848841977684,50
849150,-4.911669296254008,50
849200,-6.140380941872839,50
849250,-8.771495403120563,50
849300,-2.9698744866809976,50
849350,-2.7420488826133735,50
849400,-7.014796507671032,50
849450,-1.964187022905319,50
849500,-4.453474859332287,50
849550,-8.456244427946606,50
849600,-3.694102271043578,50
849650,-3.5283217657656722,50
849700,-8.084035133659619,50
849750,-4.291421065102591,50
849800,-6.9489723284118075,50
849850,-7.577626128285851,50
849900,-7.54314920687898,50
849950,-7.61126832622802,50
850000,-4.606713265349537,50
850050,-7.312808170874449,50
850100,-3.714904155782516,50
850150,-6.564119934788244,50
850200,-6.035459519149118,50
850250,-5.695056963929947,50
850300,-6.187708986098084,50
850350,-2.9209594445968934,50
850400,-6.183822589193865,50
850450,-5.614711047990908,50
850500,-7.258915714680414,50
850550,-7.439035001343158,50
850600,-3.444307951882651,50
850650,-3.182504505304401,50
850700,-3.2111961574137045,50
850750,-5.179457487640885,50
850800,-3.982934352097275,50
850850,-2.1182533898109623,50
850900,-2.8232555008329143,50
850950,-3.292982752511694,50
851000,-4.523998008411827,50
851050,-2.279741542191697,50
851100,-7.4508186717210725,50
851150,-5.411804576310341,50
851200,-8.007031071377012,50
851250,-4.776342612372018,50
851300,-7.0317053302446695,50
851350,-2.859400147778804,50
851400,-3.1535189666362404,50
851450,-3.833279314656723,50
851500,-5.591599202629707,50
851550,-2.6116411702042726,50
851600,-5.760045467230557,50
851650,-8.132251170328292,50
851700,-6.253534868916842,50
851750,-6.963424031286618,50
851800,-5.376463401437149,50
851850,-2.9963701916797074,50
851900,-5.290742219637526,50
851950,-5.521330362169736,50
852000,-3.195011915018148,50
852050,-2.5010016911900017,50
852100,-6.591318062403527,50
852150,-1.8661329316595963,50
852200,-5.975190454235498,50
852250,-7.7468697647396425,50
852300,-5.603993384243411,50
852350,-6.019922375518643,50
852400,-3.7493230207915063,50
852450,-4.461752070974781,50
852500,-6.110301661092953,50
852550,-3.066466658274208,50
852600,-4.271128602629497,50
852650,-9.992443004811907,50
852700,-5.162988189248761,50
852750,-7.38481090935859,50
852800,-5.033938922784063,50
852850,-8.416737207641823,50
852900,-5.672455971384342,50
852950,-5.918315012491461,50
853000,-1.4990986944655158,50
853050,-5.02139118511673,50
853100,-5.822319269673105,50
853150,-4.2198970010629955,50
853200,-8.239400225171783,50
853250,-8.716920928620256,50
853300,-3.119652165034196,50
853350,-5.868484987824894,50
853400,-6.3287140097355925,50
853450,-7.077077576907667,50
853500,-7.879560949178704,50
853550,-7.599908542148818,50
853600,-7.897520106026442,50
853650,-7.68400655870329,50
853700,-5.079677548566339,50
853750,-8.19452053719487,50
853800,-4.274917865283014,50
853850,-5.901946321909691,50
853900,-10.721748529175894,50
853950,-7.84704760154324,50
854000,-7.335690022011885,50
854050,-2.424517071116809,50
854100,-2.28097655899136,50
854150,-2.9362896372873086,50
854200,-1.4498463399905068,50
854250,-4.18391883546064,50
854300,-8.162381447145638,50
854350,-1.7935349439282815,50
854400,-7.77719230524761,50
854450,-2.415120951846388,50
854500,-5.735276009384546,50
854550,-5.503427940485225,50
854600,-3.1936501520263567,50
854650,-4.346778570589846,50
854700,-5.781528378931482,50
854750,-7.678653553474122,50
854800,-1.5166625263298432,50
854850,-4.31796203043592,50
854900,-5.186450114626629,50
854950,-6.034495995718971,50
855000,-1.4620940622246101,50
855050,-8.321756823356614,50
855100,-8.078937734396781,50
855150,-4.4428113645264204,50
855200,-8.519745218868401,50
855250,-7.230604091696409,50
855300,-3.2380578713461614,50
855350,-4.292133093998919,50
855400,-6.223186668123081,50
855450,-4.995654890435468,50
855500,-5.659558427711722,50
855550,-8.618985654420305,50
855600,-8.47936666978324,50
855650,-2.9094137533688094,50
855700,-8.08128719750335,50
855750,-8.680747022195595,50
855800,-11.647174258279792,50
855850,-5.775505158233261,50
855900,-6.894552001612086,50
855950,-2.7092674310114417,50
856000,-7.9972002638353015,50
856050,-8.087382710979792,50
856100,-3.0637888536587905,50
856150,-6.8957079395425405,50
856200,-6.791773261035763,50
856250,-7.770475195849668,50
856300,-5.355113809796418,50
856350,-8.381618764973298,50
856400,-6.043700468796813,50
856450,-4.418201766707163,50
856500,-7.041713279711766,50
856550,-3.0370387676776476,50
856600,-3.800508765392829,50
856650,-8.496972034478828,50
856700,-3.547457650984368,50
856750,-2.1996939741276336,50
856800,-2.43330640123151,50
856850,-7.844183624601816,50
856900,-6.989680355042237,50
856950,-8.579964540255634,50
857000,-2.8895696994084883,50
857050,-5.424637040730133,50
857100,-4.084833706653879,50
857150,-8.366567159056146,50
857200,-4.379093845247362,50
857250,-3.97584102836684,50
857300,-3.735754431371867,50
857350,-7.703498273665894,50
857400,-8.108085347419212,50
857450,-6.215310240995574,50
857500,-8.520162640242875,50
857550,-8.06181319271773,50
857600,-4.498051072317207,50
857650,-6.565259045753326,50
857700,-6.485303445162888,50
857750,-4.252227512037826,50
857800,-2.9243535341178246,50
857850,-7.90517168844418,50
857900,-4.408178174879973,50
857950,-5.520732807025725,50
858000,-8.485373117746398,50
858050,-5.985229238582123,50
858100,-6.411263930967526,50
858150,-4.392990650996759,50
858200,-7.497402220311298,50
858250,-3.7457037495216854,50
858300,-4.955183313240719,50
858350,-3.9582616344576325,50
858400,-6.370299329558784,50
858450,-7.869387151359385,50
858500,-4.989682868719624,50
858550,-6.947413130397025,50
858600,-6.665254359896744,50
858650,-6.04762229921376,50
858700,-6.8196416953785475,50
858750,-2.6185618623810956,50
858800,-6.753508970679258,50
858850,-6.845890439210944,50
858900,-6.795494905581384,50
858950,-5.830418634824747,50
859000,-7.350034903520836,50
859050,-2.7397635676962673,50
859100,-9.80173238934643,50
859150,-4.96357281036712,50
859200,-4.913684603159871,50
859250,-7.719297064795228,50
859300,-7.2651701098130745,50
859350,-8.431721615513961,50
859400,-4.866269281692525,50
859450,-4.943376124187092,50
859500,-5.149265790023385,50
859550,-4.936320288545957,50
859600,-7.1372298040533915,50
859650,-7.166012491290503,50
859700,-7.131678125181135,50
859750,-2.722367248248132,50
859800,-2.919929661568191,50
859850,-10.778234369902902,50
859900,-7.845285597502696,50
859950,-3.14077900514918,50
860000,-8.36909755115936,50
860050,-6.965749562086173,50
860100,-4.10310169122471,50
860150,-5.518754402794283,50
860200,-5.570324418057776,50
860250,-6.702396570222508,50
860300,-2.6365530327395663,50
860350,-6.874785463367595,50
860400,-9.496061279699571,50
860450,-6.279174589797035,50
860500,-6.447643022959936,50
860550,-5.897619411535625,50
860600,-2.511958038371328,50
860650,-7.493632109696349,50
860700,-5.110605040466664,50
860750,-6.7641331733564805,50
860800,-1.918575626633627,50
860850,-5.485054977532,50
860900,-9.082640542087729,50
860950,-4.232055669576905,50
861000,-5.638765545827499,50
861050,-2.338598199289942,50
861100,-5.422969564270958,50
861150,-2.5996575284685255,50
861200,-8.744354699646346,50
861250,-4.010725579718946,50
861300,-8.435897578551959,50
861350,-5.202554395094221,50
861400,-3.7865717946903215,50
861450,-6.724895210195669,50
861500,-4.903650710494809,50
861550,-4.548936389621838,50
861600,-6.998774471101053,50
861650,-7.270920715768925,50
861700,-6.094033486057661,50
861750,-7.0004099171165475,50
861800,-4.5312312929333665,50
861850,-5.763571264516558,50
861900,-3.2839051356181157,50
861950,-3.974863906412876,50
862000,-7.761102064623489,50
862050,-5.701454532734462,50
862100,-6.803162960757744,50
862150,-4.156109238185884,50
862200,-12.53981846381407,50
862250,-4.108056694121494,50
862300,-7.931965235207806,50
862350,-2.793383218346356,50
862400,-3.3570543571045843,50
862450,-5.408832954085334,50
862500,-7.109589444290497,50
862550,-1.788599677749228,50
862600,-5.635705803341405,50
862650,-6.639728687122894,50
862700,-5.815793834548842,50
862750,-3.253711083834869,50
862800,-2.3037400427947867,50
862850,-2.710641248473283,50
862900,-2.3015409469780446,50
862950,-3.8334954579261176,50
863000,-7.744767435022226,50
863050,-2.820980166476732,50
863100,-7.660560999945903,50
863150,-6.30841874922353,50
863200,-6.438575101973763,50
863250,-3.0297380523789723,50
863300,-3.491229835832995,50
863350,-2.8316558787541584,50
863400,-7.055451090864471,50
863450,-5.078845564777983,50
863500,-7.713694026395374,50
863550,-3.287131257605761,50
863600,-2.5287129659681797,50
863650,-6.616289328733511,50
863700,-10.781045461232546,50
863750,-2.4370413049917508,50
863800,-5.94556896384238,50
863850,-8.083911321760576,50
863900,-6.535575694234464,50
863950,-7.639294143288668,50
864000,-3.1722120697080767,50
864050,-4.928958064403196,50
864100,-6.692965437874962,50
864150,-6.877167003945517,50
864200,-2.2128352118879677,50
864250,-4.332719828213042,50
864300,-7.216803762912008,50
864350,-7.914296524911089,50
864400,-5.910926979505778,50
864450,-3.0874847074914213,50
864500,-8.067145655060823,50
864550,-2.8182553658110745,50
864600,-8.713391702759766,50
864650,-3.7115274660716002,50
864700,-3.303556981295835,50
864750,-2.7466016396602204,50
864800,-6.6231871335334915,50
864850,-5.568447453246692,50
864900,-2.887744470273221,50
864950,-4.456552798719021,50
865000,-6.505677008934999,50
865050,-6.41231486123048,50
865100,-4.059084995293183,50
865150,-6.580531119923629,50
865200,-4.39269905416124,50
865250,-2.7528616943104716,50
865300,-5.922575711830745,50
865350,-8.051719115769098,50
865400,-3.1626102951305373,50
865450,-6.56291848450206,50
865500,-2.4844305863811273,50
865550,-11.317615825088184,50
865600,-5.481529131884536,50
865650,-6.977455965607716,50
865700,-1.6836878934718171,50
865750,-7.021586397199444,50
865800,-3.7366272514757863,50
865850,-9.04184875690266,50
865900,-2.1134947899292795,50
865950,-3.0348628851783332,50
866000,-6.623036000062394,50
866050,-8.400510675839996,50
866100,-8.586828507599602,50
866150,-3.337817292052298,50
866200,-2.841980652555948,50
866250,-7.309099724990453,50
866300,-2.690217556473778,50
866350,-7.235645038173311,50
866400,-8.62199825819959,50
866450,-4.445011047535516,50
866500,-4.089116495627241,50
866550,-5.335142120878917,50
866600,-3.8874300252192953,50
866650,-5.895346820840233,50
866700,-2.5100719446728106,50
866750,-2.6835077166521453,50
866800,-8.305785298544773,50
866850,-7.140592813222822,50
866900,-4.877434446699548,50
866950,-4.078399699740595,50
867000,-2.6779193653951663,50
867050,-7.972516563260932,50
867100,-6.943263908868052,50
867150,-7.584130158484431,50
867200,-8.634990887526332,50
867250,-5.07618385648268,50
867300,-8.22417977133666,50
867350,-8.407456769411333,50
867400,-3.7619544662606463,50
867450,-6.913814080522162,50
867500,-8.308425996041544,50
867550,-4.612231129230375,50
867600,-3.1095128855890395,50
867650,-4.257093301914403,50
867700,-3.9765432917028063,50
867750,-4.220995328270194,50
867800,-6.130728805802636,50
867850,-8.107800434370914,50
867900,-4.161693852640096,50
867950,-4.412567194390469,50
868000,-4.825099951964399,50
868050,-7.64960048257513,50
868100,-4.000718361934819,50
868150,-2.4521083986854113,50
868200,-7.899069620582347,50
868250,-3.7474172534755286,50
868300,-8.074026622584524,50
868350,-1.7773332548114433,50
868400,-6.212000988623633,50
868450,-2.2776421444300374,50
868500,-6.064598613987371,50
868550,-6.561942578413655,50
868600,-8.29100532986918,50
868650,-6.039779503841424,50
868700,-4.647813809773563,50
868750,-7.178110672182333,50
868800,-4.283584775865428,50
868850,-6.42684812885975,50
868900,-3.808524269537019,50
868950,-6.007469931538672,50
869000,-8.141009690390563,50
869050,-4.46556514095258,50
869100,-7.9210002664865105,50
869150,-6.9045065736973745,50
869200,-4.984572598501495,50
869250,-8.573615208604483,50
869300,-5.42453109553008,50
869350,-4.541902309577214,50
869400,-2.905498076519669,50
869450,-2.402831491037484,50
869500,-8.231118173007786,50
869550,-7.032832629910037,50
869600,-3.914458119357442,50
869650,-7.5071116200652,50
869700,-7.903035612914423,50
869750,-8.356930836218488,50
869800,-10.734128256373928,50
869850,-3.134927077976903,50
869900,-4.967926721191313,50
869950,-4.030052190265602,50
870000,-5.111864025190286,50
870050,-2.780120797584739,50
870100,-2.812698695393311,50
870150,-5.3896968878092695,50
870200,-1.7760115728868227,50
870250,-7.288373797574061,50
870300,-3.646665355631032,50
870350,-7.243378901386154,50
870400,-1.9343310684862471,50
870450,-7.618364111329305,50
870500,-4.975409157876189,50
870550,-6.7906060575577225,50
870600,-3.9262725017570035,50
870650,-6.323612714002371,50
870700,-4.345731142741953,50
870750,-5.864298546886454,50
870800,-4.424172531171401,50
870850,-8.098010234721771,50
870900,-4.513950152300784,50
870950,-3.407783439142541,50
871000,-8.183060175446832,50
871050,-8.286156052075361,50
871100,-8.23797276894152,50
871150,-3.922753952587018,50
871200,-3.7581844076231485,50
871250,-6.621483533938332,50
871300,-2.437969624285888,50
871350,-5.875425064839322,50
871400,-4.70593524432963,50
871450,-7.8225111780707035,50
871500,-6.8836123683132495,50
871550,-8.41149839989802,50
871600,-6.274812962008163,50
871650,-8.204991268814226,50
871700,-3.408755147628787,50
871750,-6.4386443246326746,50
871800,-2.4191543808698985,50
871850,-7.482659060984413,50
871900,-2.9238137617678386,50
871950,-7.534456472635011,50
872000,-3.1263315231051054,50
872050,-5.507419656856826,50
872100,-4.641062116169061,50
872150,-6.624591764647661,50
872200,-5.853594538839278,50
872250,-7.5139257690883845,50
872300,-5.691720277315673,50
872350,-3.9312503998573805,50
872400,-7.379291354398352,50
872450,-3.4651312294782746,50
872500,-6.893739478282311,50
872550,-6.114602530450129,50
872600,-2.3391499437391654,50
872650,-13.570065454810665,50
872700,-5.556451998131194,50
872750,-6.953311415063163,50
872800,-7.494639926482555,50
872850,-6.460247379978564,50
872900,-4.17188112747106,50
872950,-10.118566624720295,50
873000,-4.495981455745862,50
873050,-7.448109880078449,50
873100,-7.32336129629416,50
873150,-8.605153488882749,50
873200,-3.895623489882798,50
873250,-7.034979207525039,50
873300,-7.30051615443728,50
873350,-7.798650922961026,50
873400,-6.178367098744475,50
873450,-3.006688290223786,50
873500,-6.933836112716117,50
873550,-11.745200570965878,50
873600,-5.456906504788422,50
873650,-7.171101830495402,50
873700,-8.664699588531114,50
873750,-4.752113619321767,50
873800,-6.933904897886478,50
873850,-3.2716227717164528,50
873900,-7.9219420310372675,50
873950,-5.431232861549851,50
874000,-7.67065654928916,50
874050,-5.455458265087868,50
874100,-7.311490629598915,50
874150,-5.08107762531927,50
874200,-7.135848997451954,50
874250,-7.482064138762597,50
874300,-3.187294087026529,50
874350,-3.74735151171279,50
874400,-2.967345817974534,50
874450,-3.121533039944239,50
874500,-1.938090390118047,50
874550,-7.857171491862816,50
874600,-6.630018971262901,50
874650,-7.339794099017483,50
874700,-12.420189173214814,50
874750,-2.806238524226645,50
874800,-2.0847788268898513,50
874850,-4.397063768361492,50
874900,-6.116894431157817,50
874950,-4.160375568068525,50
875000,-8.457406457595928,50
875050,-5.605066430361363,50
875100,-5.45906324384816,50
875150,-5.7153023065278905,50
875200,-7.706388771161768,50
875250,-8.230022873440225,50
875300,-6.471644227034605,50
875350,-3.2496329461191173,50
875400,-9.056493279537618,50
875450,-6.486589215638163,50
875500,-5.610818934541687,50
875550,-6.267183838548046,50
875600,-3.8935489614681713,50
875650,-8.160818501197765,50
875700,-5.054493532114954,50
875750,-7.000309961742321,50
875800,-4.989522702317568,50
875850,-2.14562808834431,50
875900,-8.43262370991775,50
875950,-4.764687921075578,50
876000,-4.6468861305883244,50
876050,-6.235167600804812,50
876100,-6.108787668716566,50
876150,-4.85161388669004,50
876200,-7.701121896386111,50
876250,-4.741267763923611,50
876300,-4.9502826927680115,50
876350,-7.882668585800237,50
876400,-7.571413016827231,50
876450,-8.337750509913505,50
876500,-4.796015268420298,50
876550,-4.704335493145203,50
876600,-3.3386493507956874,50
876650,-6.253780216649381,50
876700,-6.336537587188497,50
876750,-6.392085567090225,50
876800,-3.2930181023708043,50
876850,-4.762814250652643,50
876900,-12.970571562911294,50
876950,-9.021592574425632,50
877000,-8.262933691035041,50
877050,-4.3433539721096475,50
877100,-7.1011980964179795,50
877150,-7.867478290052406,50
877200,-4.359517415339487,50
877250,-6.930800648867437,50
877300,-5.2223510515026215,50
877350,-5.264121636925536,50
877400,-8.52549883707596,50
877450,-7.626051601441181,50
877500,-7.261701999556805,50
877550,-4.64023590092415,50
877600,-7.457665936360793,50
877650,-3.6116578405144923,50
877700,-3.395743882143323,50
877750,-4.222583788480867,50
877800,-2.618407483366617,50
877850,-7.880733360580328,50
877900,-5.780633482329631,50
877950,-4.771786169789219,50
878000,-4.748996076997888,50
878050,-2.977703740095614,50
878100,-7.722319348535378,50
878150,-3.1849349466429695,50
878200,-8.095970649793905,50
878250,-3.24319952741203,50
878300,-5.052797938918615,50
878350,-8.014619744777354,50
878400,-8.099131176482398,50
878450,-2.150575915373267,50
878500,-8.052635504391379,50
878550,-7.283040922021378,50
878600,-6.2215978819463675,50
878650,-4.7497677019000815,50
878700,-1.8380595254889747,50
878750,-3.3718479129492134,50
878800,-8.015900376050881,50
878850,-6.465326181606999,50
878900,-2.838738756214447,50
878950,-3.9948337550508444,50
879000,-4.157747144659228,50
879050,-6.550991617138416,50
879100,-7.907133968200351,50
879150,-11.074984730654405,50
879200,-8.693873983674921,50
879250,-6.796353717881849,50
879300,-7.701198020197299,50
879350,-8.0310746980595,50
879400,-7.188912642343687,50
879450,-5.9259433609817425,50
879500,-5.72592027058161,50
879550,-3.432208222854497,50
879600,-6.141226221869914,50
879650,-4.400861394726609,50
879700,-7.587420206192317,50
879750,-7.303396645093114,50
879800,-4.135733637823468,50
879850,-5.849278466092594,50
879900,-6.442413143049931,50
879950,-8.380135188010286,50
880000,-8.627786116902078,50
880050,-4.207024205725149,50
880100,-4.946626920210071,50
880150,-7.825149440679296,50
880200,-6.2018589483103375,50
880250,-3.90421682143635,50
880300,-4.878764131474328,50
880350,-6.553973164469861,50
880400,-7.826102186339296,50
880450,-13.5271831153152,50
880500,-4.874327735063942,50
880550,-5.189651682704266,50
880600,-6.092340537890319,50
880650,-2.7387129536206785,50
880700,-8.042698673594696,50
880750,-7.757501014200754,50
880800,-4.095122945066151,50
880850,-3.1865325779977085,50
880900,-7.868152114056064,50
880950,-4.043325202760874,50
881000,-2.635270073734559,50
881050,-8.83507854056571,50
881100,-4.548729929455271,50
881150,-6.298645798003338,50
881200,-3.120153916018611,50
881250,-7.494393526216555,50
881300,-5.05655907907659,50
881350,-1.8649690359528477,50
881400,-8.038842068230661,50
881450,-6.049340802685832,50
881500,-6.767741783563445,50
881550,-7.583718555881489,50
881600,-7.7728813454403305,50
881650,-2.3836193112425663,50
881700,-7.046762103745974,50
881750,-7.890667639649529,50
881800,-5.843727421886923,50
881850,-13.038875836735583,50
881900,-4.060850717453645,50
881950,-8.092579296799423,50
882000,-6.761678388756236,50
882050,-5.991043979030889,50
882100,-6.373580623751101,50
882150,-3.089502406711647,50
882200,-3.5995759803689595,50
882250,-7.785166737247522,50
882300,-2.923433281227535,50
882350,-17.672888784868626,50
882400,-5.05840235543091,50
882450,-5.268175067613098,50
882500,-4.688011818377038,50
882550,-8.278879178849122,50
882600,-8.18088466923153,50
882650,-6.011028549583192,50
882700,-6.3452967600770585,50
882750,-7.283782091736468,50
882800,-7.566001269065076,50
882850,-3.0554620997387536,50
882900,-3.881695785454657,50
882950,-3.064466261273609,50
883000,-3.962930821276416,50
883050,-3.6815191130143834,50
883100,-2.9467981199311724,50
883150,-5.801184093106482,50
883200,-7.489369499418923,50
883250,-6.617449477266761,50
883300,-4.350241990828894,50
883350,-8.201967934121958,50
883400,-2.202986765151105,50
883450,-4.420188755937552,50
883500,-5.590139640853141,50
883550,-5.961642531551425,50
883600,-7.94941931048651,50
883650,-7.362252078401935,50
883700,-2.997481039492471,50
883750,-4.8921477344762945,50
883800,-5.804069128465375,50
883850,-8.374506751938045,50
883900,-2.8307665736423124,50
883950,-7.701505736177091,50
884000,-8.224650011956099,50
884050,-4.4997430513323105,50
884100,-8.28583745546809,50
884150,-6.106797905983867,50
884200,-7.982559277144074,50
884250,-6.730273328586906,50
884300,-3.55685799503369,50
884350,-6.264220841396359,50
884400,-2.5379470958505204,50
884450,-5.73170092832904,50
884500,-6.389619826014693,50
884550,-2.735733220154479,50
884600,-7.557614161936372,50
884650,-7.834359872387728,50
884700,-3.959061234127183,50
884750,-14.327331699960936,50
884800,-3.90959777575976,50
884850,-7.703689870955838,50
884900,-2.5772191104763174,50
884950,-1.7077828735886362,50
885000,-2.988669106778412,50
885050,-4.63952848217458,50
885100,-6.428080979463969,50
885150,-4.8695065244627695,50
885200,-1.9629011535194167,50
885250,-8.341241749087647,50
885300,-7.028358562276065,50
885350,-7.522793339767351,50
885400,-2.2524163639252195,50
885450,-8.005743922867277,50
885500,-3.686560776928233,50
885550,-5.309426810536227,50
885600,-4.418705455156381,50
885650,-8.270143534053163,50
885700,-1.8190640919379084,50
885750,-4.659386676232654,50
885800,-6.390803472584407,50
885850,-10.926093465447895,50
885900,-6.509240455480062,50
885950,-2.1325582814196684,50
886000,-1.8341063755925078,50
886050,-5.932635170103091,50
886100,-3.3510837058317477,50
886150,-2.1586965906563402,50
886200,-8.436766403222311,50
886250,-6.5421267299093016,50
886300,-4.888408548746755,50
886350,-7.618153323054699,50
886400,-5.828419928782442,50
886450,-8.325781293069886,50
886500,-3.236879510888176,50
886550,-3.4530712594894917,50
886600,-2.689306775001909,50
886650,-8.031815324869577,50
886700,-7.65617578168619,50
886750,-4.550123445860683,50
886800,-7.865093443174132,50
886850,-5.636126349022191,50
886900,-3.728103849577783,50
886950,-3.6028717992808925,50
887000,-2.0522475064088685,50
887050,-7.74148747727807,50
887100,-5.980429414391839,50
887150,-2.321335391440829,50
887200,-7.817390229391468,50
887250,-1.6911914414265747,50
887300,-9.382631344503867,50
887350,-10.943924090930299,50
887400,-9.921299187296242,50
887450,-8.121418385166255,50
887500,-7.261085240517808,50
887550,-6.249303010356225,50
887600,-7.0233354826483465,50
887650,-5.835251476152025,50
887700,-5.669931092035585,50
887750,-2.929067034305559,50
887800,-3.3036900166040595,50
887850,-8.158335413073676,50
887900,-7.919906515820523,50
887950,-8.025060415758709,50
888000,-6.3465464890866805,50
888050,-8.109437696099505,50
888100,-8.258487135711137,50
888150,-8.470634309428698,50
888200,-4.336394356623074,50
888250,-4.187806049058134,50
888300,-6.114271840711943,50
888350,-7.237492018019523,50
888400,-6.288706844672508,50
888450,-8.199531650834013,50
888500,-7.902778785570554,50
888550,-7.942073580191428,50
888600,-7.778602534024417,50
888650,-3.7130133811634995,50
888700,-7.931723172481376,50
888750,-2.729441824406796,50
888800,-7.0082642066933545,50
888850,-7.075613290882973,50
888900,-6.903990159501824,50
888950,-6.239059764239499,50
889000,-6.168767256981756,50
889050,-2.1060253458005485,50
889100,-7.57883543434201,50
889150,-7.6333669189560505,50
889200,-6.158153350888925,50
889250,-6.7736753504236615,50
889300,-6.0881108654937135,50
889350,-7.640228008164637,50
889400,-1.6496494466139953,50
889450,-6.910785649384511,50
889500,-4.582933003293499,50
889550,-4.835095350069738,50
889600,-7.700502192452382,50
889650,-7.126151621870671,50
889700,-2.3287266574851153,50
889750,-7.748860093504039,50
889800,-4.651700202583923,50
889850,-4.728729069436774,50
889900,-7.612348590528747,50
889950,-3.382794105377565,50
890000,-6.6397519009139,50
890050,-4.518000993500568,50
890100,-6.239811770717293,50
890150,-5.500634563337722,50
890200,-5.863442144430394,50
890250,-5.284458649961854,50
890300,-8.123062365588565,50
890350,-8.23425083425265,50
890400,-3.0436294327563704,50
890450,-8.206353067546797,50
890500,-7.539961926115874,50
890550,-7.241922431468695,50
890600,-8.25237071884641,50
890650,-1.6449351169965705,50
890700,-4.740508606600289,50
890750,-7.828362390588051,50
890800,-7.796900183360903,50
890850,-6.688295294151838,50
890900,-7.6385193460521545,50
890950,-7.8417710425208655,50
891000,-5.537823457797405,50
891050,-8.06159489479684,50
891100,-7.043069066480982,50
891150,-8.272439901549387,50
891200,-3.918613768807562,50
891250,-8.055494899144357,50
891300,-6.809677798782673,50
891350,-5.833985779222349,50
891400,-2.800239893065585,50
891450,-2.772626943309425,50
891500,-1.9520826487827687,50
891550,-3.120184638822303,50
891600,-2.7999840707081414,50
891650,-7.788441294533185,50
891700,-6.178650433383547,50
891750,-4.441160344123577,50
891800,-2.4837291863018476,50
891850,-4.963937213566421,50
891900,-6.406206044945628,50
891950,-8.073788017137856,50
892000,-6.93234966958538,50
892050,-8.388178785481937,50
892100,-2.910260194795315,50
892150,-7.510285305120075,50
892200,-4.981134541353251,50
892250,-4.697231084498153,50
892300,-7.895158123794332,50
892350,-3.0661388718714497,50
892400,-2.3069774557853373,50
892450,-3.6915184102863914,50
892500,-7.627483865886968,50
892550,-7.873143827064098,50
892600,-4.96866379810603,50
892650,-7.74379914410917,50
892700,-7.957292619191073,50
892750,-7.5780490319936336,50
892800,-7.77979622803826,50
892850,-4.010561669063939,50
892900,-7.961167099577906,50
892950,-7.731725298485732,50
893000,-5.66315304217273,50
893050,-7.267957148594339,50
893100,-4.0299980904805945,50
893150,-8.671302928549274,50
893200,-7.804467362760938,50
893250,-7.140067261728924,50
893300,-8.30523940885128,50
893350,-8.068220458027389,50
893400,-2.79047088287912,50
893450,-8.114283356715092,50
893500,-2.170995154424171,50
893550,-3.9327853388467995,50
893600,-3.717626738771988,50
893650,-5.310523291140199,50
893700,-8.260778964616799,50
893750,-7.054688492021188,50
893800,-8.091985565298602,50
893850,-7.058710914231535,50
893900,-5.837299844379368,50
893950,-7.199321487926712,50
894000,-7.29484459622792,50
894050,-7.575604971132095,50
894100,-7.4694218221790845,50
894150,-4.566199559238425,50
894200,-7.644341401063422,50
894250,-7.456200587242272,50
894300,-6.839829271254225,50
894350,-6.426627230199459,50
894400,-4.978522726382856,50
894450,-8.214092826544041,50
894500,-3.5601583815749342,50
894550,-5.470656340639974,50
894600,-7.364650497143356,50
894650,-2.145071383155386,50
894700,-1.7800753664511557,50
894750,-6.633734952867174,50
894800,-2.9873020232945007,50
894850,-4.907199471423782,50
894900,-6.972695307122955,50
894950,-8.257614004543443,50
895000,-5.7656147089906495,50
895050,-5.418323241529662,50
895100,-5.555150250835999,50
895150,-7.312937286322871,50
895200,-6.998302212352805,50
895250,-7.35449269004811,50
895300,-6.880904610773547,50
895350,-7.363269889767254,50
895400,-3.454147891835191,50
895450,-7.16203171562919,50
895500,-2.2762121626526866,50
895550,-3.203308497793633,50
895600,-6.132514934850126,50
895650,-2.9563339539273015,50
895700,-5.78625863278007,50
895750,-5.7541776158860225,50
895800,-3.8779481233371866,50
895850,-5.751975582742737,50
895900,-4.25316251700154,50
895950,-5.2254480352460435,50
896000,-4.046241771288257,50
896050,-6.945671783477657,50
896100,-8.153850258538839,50
896150,-9.596750936225202,50
896200,-6.443472812076352,50
896250,-7.792036063440787,50
896300,-7.166832011201465,50
896350,-2.197072619587585,50
896400,-6.961411292959349,50
896450,-6.330813997537278,50
896500,-2.2884302161935937,50
896550,-3.7909898032333116,50
896600,-5.76089445982905,50
896650,-6.1723810199154086,50
896700,-3.8729477407792605,50
896750,-3.784232351699767,50
896800,-6.822998428030497,50
896850,-2.8160069250077053,50
896900,-4.2989895556442175,50
896950,-2.392919072712104,50
897000,-6.393435619489496,50
897050,-2.3890775208533093,50
897100,-8.251012655721759,50
897150,-6.428896939969436,50
897200,-6.888563237887985,50
897250,-1.8203908675404563,50
897300,-7.929410776338935,50
897350,-6.380457387360351,50
897400,-3.5073490411828665,50
897450,-1.698499552243378,50
897500,-7.309191903377091,50
897550,-2.8291381059232714,50
897600,-2.5410789751716045,50
897650,-4.565618042179098,50
897700,-6.743786533089075,50
897750,-3.71345755381014,50
897800,-7.185901012928002,50
897850,-2.9804393816800765,50
897900,-8.90267991966748,50
897950,-7.536961681293748,50
898000,-7.72046598160622,50
898050,-8.593325672115602,50
898100,-5.833284378814422,50
898150,-8.101198595505078,50
898200,-6.503017611726849,50
898250,-5.782739507884998,50
898300,-5.602296321675922,50
898350,-6.659976799067771,50
898400,-7.507043752562761,50
898450,-3.070026316244033,50
898500,-6.884768186896214,50
898550,-5.938262654798634,50
898600,-8.026936102635313,50
898650,-2.486040730970833,50
898700,-4.245307102874118,50
898750,-7.141963019183964,50
898800,-8.075765732527886,50
898850,-2.8377370403210556,50
898900,-4.674600997349457,50
898950,-1.7178345008111275,50
899000,-7.797047650926595,50
899050,-4.5638861854997845,50
899100,-6.138074401718676,50
899150,-4.106520842288849,50
899200,-5.87664269963941,50
899250,-2.11010998972077,50
899300,-3.6255142261693356,50
899350,-3.992810139803466,50
899400,-7.364647517345569,50
899450,-7.8167431967045236,50
899500,-2.858937232713538,50
899550,-6.056723950703441,50
899600,-8.25833034524095,50
899650,-7.4591470471699015,50
899700,-8.333462442898066,50
899750,-9.000744725516117,50
899800,-6.357905917904037,50
899850,-6.5443352246914985,50
899900,-3.2560287711379785,50
899950,-1.55646658431024,50
900000,-5.261250369783857,50
900050,-4.523418004088255,50
900100,-6.559075417943824,50
900150,-8.059756215578618,50
900200,-5.53718926000485,50
900250,-8.767160962520228,50
900300,-4.580847776916902,50
900350,-7.112370353288714,50
900400,-4.776354637943621,50
900450,-4.3673511660371025,50
900500,-7.1046226638211065,50
900550,-4.372888328888234,50
900600,-6.125213002156865,50
900650,-7.519142431439208,50
900700,-7.819887396968729,50
900750,-7.185512451464988,50
900800,-5.057828107856096,50
900850,-4.568591027791189,50
900900,-2.422913961252405,50
900950,-6.120351811465921,50
901000,-5.634752677133116,50
901050,-8.31661309847917,50
901100,-3.639997190207022,50
901150,-3.618255202563093,50
901200,-6.768464983836503,50
901250,-4.21191052937227,50
901300,-6.178445365783873,50
901350,-6.00957333798553,50
901400,-3.016732404451636,50
901450,-8.006933495285294,50
901500,-9.767650232488803,50
901550,-3.7824457645872087,50
901600,-5.616069432196953,50
901650,-4.115158303193215,50
901700,-7.694081146271212,50
901750,-3.6771293876854894,50
901800,-7.2053342776188165,50
901850,-5.982996768043177,50
901900,-8.32676598987708,50
901950,-3.334033051210043,50
902000,-5.597104627746197,50
902050,-3.130307594343961,50
902100,-6.148055984177783,50
902150,-11.867154132543718,50
902200,-6.923265584864782,50
902250,-1.1560882701331197,50
902300,-6.147275964006208,50
902350,-7.973226247378885,50
902400,-8.138294297881293,50
902450,-2.0741366427929813,50
902500,-3.782034927984227,50
902550,-8.257473791269314,50
902600,-4.890186804851427,50
902650,-5.313186237526773,50
902700,-7.021349196978862,50
902750,-8.218379375336005,50
902800,-5.116803048563848,50
902850,-7.973675240403732,50
902900,-2.9291026123767843,50
902950,-7.5835763218015595,50
903000,-5.656413308946354,50
903050,-7.021786788267653,50
903100,-6.732445155188173,50
903150,-7.800668914450613,50
903200,-8.627343518909056,50
903250,-7.9969377575605405,50
903300,-4.631502560254294,50
903350,-7.049956054901327,50
903400,-2.244291240156107,50
903450,-5.67924656937997,50
903500,-7.851639294224561,50
903550,-6.699046514306409,50
903600,-4.924183110375908,50
903650,-8.489747252950785,50
903700,-4.470686113427849,50
903750,-5.838419620911216,50
903800,-7.298302156340359,50
903850,-7.941997261207857,50
903900,-2.7134718594893714,50
903950,-8.14658005850648,50
904000,-4.35572841838079,50
904050,-4.8156578552151315,50
904100,-5.198043867839041,50
904150,-5.110670596270054,50
904200,-5.273912416905037,50
904250,-6.48348257891721,50
904300,-3.3474275670364073,50
904350,-5.291512068650129,50
904400,-7.254205383003868,50
904450,-8.372305291761634,50
904500,-3.705130538508163,50
904550,-8.125411379095606,50
904600,-5.8122397395513214,50
904650,-5.416316926685794,50
904700,-6.7774537364371,50
904750,-3.460655312977813,50
904800,-6.847053382542185,50
904850,-14.526358709154698,50
904900,-6.31765506121671,50
904950,-3.9643987031964376,50
905000,-7.732766322694866,50
905050,-7.2829876693710895,50
905100,-8.019450081958295,50
905150,-7.479603526643586,50
905200,-6.710020364131528,50
905250,-3.1543302965368767,50
905300,-6.297648901947966,50
905350,-4.64004925223011,50
905400,-7.249783270591512,50
905450,-2.818140027218438,50
905500,-6.372618886003863,50
905550,-5.516188331828657,50
905600,-6.474516824496063,50
905650,-5.664064682292212,50
905700,-4.340678040494248,50
905750,-8.002346968377505,50
905800,-3.3145305191431684,50
905850,-5.011152316307443,50
905900,-3.9630357198620976,50
905950,-7.971219935869086,50
906000,-1.8864428714737806,50
906050,-4.09972186581767,50
906100,-5.105056998748214,50
906150,-3.759223772042872,50
906200,-3.2925992632056396,50
906250,-3.8737851690729097,50
906300,-3.1338923350816863,50
906350,-7.006085880953899,50
906400,-7.603602170062376,50
906450,-6.208442664525515,50
906500,-8.468263105076032,50
906550,-4.9271533612240255,50
906600,-6.7181694568641825,50
906650,-5.5286232323939055,50
906700,-8.481568020497432,50
906750,-6.908293666416686,50
906800,-4.31396522271565,50
906850,-7.908379636377768,50
906900,-3.8373806181161503,50
906950,-4.0862727899097875,50
907000,-9.254581704371018,50
907050,-2.8448923354901594,50
907100,-6.537822820434305,50
907150,-7.873817238165679,50
907200,-6.070938397916387,50
907250,-7.379202066950055,50
907300,-4.439515915682928,50
907350,-7.8974142817377295,50
907400,-8.071194907533352,50
907450,-7.783374969596111,50
907500,-6.384203137742335,50
907550,-3.5515002116955543,50
907600,-7.100171022366936,50
907650,-2.542404758831571,50
907700,-2.752054636376272,50
907750,-2.4660598884488687,50
907800,-5.601342520351575,50
907850,-6.910243287618792,50
907900,-7.970786246393541,50
907950,-5.90178109735944,50
908000,-4.651283754556956,50
908050,-5.1110880220149815,50
908100,-1.6799803853799935,50
908150,-4.74507721174154,50
908200,-6.890296573154128,50
908250,-6.109971181854398,50
908300,-4.993448233271291,50
908350,-4.498456322002852,50
908400,-3.0154209574844804,50
908450,-2.9849600759807062,50
908500,-8.04279541471685,50
908550,-2.99561078003999,50
908600,-4.451452247941354,50
908650,-5.407917602364176,50
908700,-8.398621093936306,50
908750,-3.055094828379637,50
908800,-12.090424947658203,50
908850,-3.0178224839356544,50
908900,-6.372005225338727,50
908950,-4.37147264647576,50
909000,-4.811838350546072,50
909050,-1.6737763077189145,50
909100,-7.294804907112907,50
909150,-3.876066961227895,50
909200,-4.5337006131714,50
909250,-7.379668524289471,50
909300,-7.547536500597258,50
909350,-4.939054369575324,50
909400,-6.959195616011248,50
909450,-5.281151085505936,50
909500,-4.170508442309807,50
909550,-6.813169604210909,50
909600,-5.821044750414845,50
909650,-1.9799920772721737,50
909700,-13.478920059261714,50
909750,-7.64411116364379,50
909800,-12.222512144682831,50
909850,-6.270674078005076,50
909900,-7.329187830250373,50
909950,-3.3523719486550543,50
910000,-3.0516622801025144,50
910050,-4.33126672389556,50
910100,-1.3668557216349864,50
910150,-2.7564806211229342,50
910200,-5.5221534207401675,50
910250,-3.9408155140226375,50
910300,-5.582600559797927,50
910350,-8.330703690838922,50
910400,-1.750433072198274,50
910450,-3.0570432686639575,50
910500,-4.145950662237056,50
910550,-7.108013767021306,50
910600,-7.583638178693049,50
910650,-4.127845027546377,50
910700,-7.237814693443882,50
910750,-7.459313410333483,50
910800,-6.149480199717241,50
910850,-5.674610725911752,50
910900,-5.095958329213243,50
910950,-3.0930451466017788,50
911000,-7.6242761787346565,50
911050,-4.961819697739856,50
911100,-5.735243982914664,50
911150,-5.109145907801624,50
911200,-7.245509183340603,50
911250,-5.991122707673554,50
911300,-5.328668560409019,50
911350,-7.360184435140509,50
911400,-9.065158804766718,50
911450,-4.792721554408662,50
911500,-8.07920807958995,50
911550,-7.687712660259822,50
911600,-8.424636442339493,50
911650,-5.34905074882117,50
911700,-2.9687194028499406,50
911750,-5.192827496254087,50
911800,-4.357087802994581,50
911850,-1.8947355050174686,50
911900,-7.593421871985439,50
911950,-5.720094118998343,50
912000,-6.914325289666683,50
912050,-7.783984595333062,50
912100,-7.828893187779899,50
912150,-7.821090743660107,50
912200,-6.602633706571588,50
912250,-7.463694275181999,50
912300,-7.520971544198141,50
912350,-4.844286085546061,50
912400,-4.2852873735514105,50
912450,-2.825090606163816,50
912500,-1.687361351059778,50
912550,-2.257773843586782,50
912600,-6.081363187490612,50
912650,-6.600788791670429,50
912700,-7.963340422455145,50
912750,-6.996694620546628,50
912800,-3.9377572502681826,50
912850,-5.433463800582828,50
912900,-6.268338512482761,50
912950,-3.1318962841435423,50
913000,-2.111136627662798,50
913050,-7.067115727659663,50
913100,-7.790014160287099,50
913150,-6.245524438708108,50
913200,-5.501942548774581,50
913250,-8.962873187438348,50
913300,-3.3649327507113767,50
913350,-6.647036328840813,50
913400,-7.960016632489575,50
913450,-3.7721900310178027,50
913500,-3.037966905414716,50
913550,-2.1626588930123614,50
913600,-2.2813251595247297,50
913650,-8.039567681920348,50
913700,-8.214253417232039,50
913750,-7.663997999958583,50
913800,-5.669937188785765,50
913850,-2.9976796946155915,50
913900,-4.790026799389172,50
913950,-5.500108939341384,50
914000,-8.301089446729234,50
914050,-8.120288527305814,50
914100,-12.49396741000016,50
914150,-8.114568320306859,50
914200,-4.576063590660525,50
914250,-6.411609539002475,50
914300,-6.97188416574175,50
914350,-7.429504808583971,50
914400,-8.552327794938273,50
914450,-9.369998441729033,50
914500,-6.540576027363318,50
914550,-8.32218813440334,50
914600,-8.467392503804467,50
914650,-3.9474372424152855,50
914700,-9.407678742026434,50
914750,-1.6449445559951996,50
914800,-3.9494539172665264,50
914850,-4.826167389079045,50
914900,-6.449317273207434,50
914950,-8.343032828191866,50
915000,-6.07506808536309,50
915050,-5.090478520254333,50
915100,-4.224929037040526,50
915150,-2.2388755295253495,50
915200,-6.461264499126091,50
915250,-6.264885978891162,50
915300,-4.938680240979659,50
915350,-8.073619440370901,50
915400,-2.300574898934494,50
915450,-2.079075105593565,50
915500,-7.459623394095575,50
915550,-8.6324486416627,50
915600,-6.158561151812869,50
915650,-8.029357577947545,50
915700,-6.283939481171787,50
915750,-6.51705719261926,50
915800,-4.685953877786587,50
915850,-6.284023838072756,50
915900,-6.153365186872205,50
915950,-6.802523406499749,50
916000,-5.647251249235465,50
916050,-2.891378403827071,50
916100,-3.5931109456383394,50
916150,-4.517076979074381,50
916200,-6.053340555929445,50
916250,-4.676324322839538,50
916300,-6.42740090665396,50
916350,-6.233487526377298,50
916400,-6.735337607514026,50
916450,-3.7283847453505814,50
916500,-8.196997730216264,50
916550,-4.5495497292964995,50
916600,-8.361260185026325,50
916650,-4.65178162888071,50
916700,-6.347728561371685,50
916750,-6.899487410265645,50
916800,-5.707172711714514,50
916850,-4.867507232630172,50
916900,-5.3758091230461815,50
916950,-7.887764131334272,50
917000,-4.228392562760283,50
917050,-3.920475331304512,50
917100,-6.970117817240979,50
917150,-4.0719648633593994,50
917200,-5.785243331127694,50
917250,-5.999422005182877,50
917300,-7.668986705792095,50
917350,-5.218984408240044,50
917400,-3.3562369769932516,50
917450,-5.882426280559339,50
917500,-5.097911521435766,50
917550,-5.750319059528032,50
917600,-4.650103459034506,50
917650,-4.467872951554302,50
917700,-7.0194305001159,50
917750,-6.1089996062306176,50
917800,-4.043663278308368,50
917850,-8.111904609011287,50
917900,-5.94426930629076,50
917950,-2.9962475667726642,50
918000,-7.306802904606578,50
918050,-3.6043289262390243,50
918100,-7.925116976867935,50
918150,-5.83967453056406,50
918200,-4.254341036853117,50
918250,-7.845300633980543,50
918300,-8.069943362839501,50
918350,-4.478360732848755,50
918400,-4.268643235044378,50
918450,-5.004410763650994,50
918500,-5.630083353043269,50
918550,-7.839545275254835,50
918600,-4.200754979398247,50
918650,-8.094131075877913,50
918700,-8.484049162416348,50
918750,-6.195004409920733,50
918800,-2.647787937409531,50
918850,-4.16550778491251,50
918900,-8.045657661465729,50
918950,-3.739723215045299,50
919000,-4.851010078322682,50
919050,-2.6494064172017073,50
919100,-4.39597400583714,50
919150,-3.614483198451422,50
919200,-12.797942160408489,50
919250,-8.150543844245787,50
919300,-4.611914675442813,50
919350,-8.628716465004384,50
919400,-3.0545830695534746,50
919450,-7.87788043946368,50
919500,-6.172067215830718,50
919550,-5.6098683192314605,50
919600,-5.194373366873985,50
919650,-2.3349585093312366,50
919700,-4.503145303414416,50
919750,-7.003171507508265,50
919800,-5.5798594646689015,50
919850,-3.6104329532203985,50
919900,-6.069441926580048,50
919950,-2.00456278677804,50
920000,-8.49155221168393,50
920050,-7.420980360408359,50
920100,-7.779812316437718,50
920150,-2.784715064476659,50
920200,-5.243339522704239,50
920250,-7.999846536947283,50
920300,-7.245622419635727,50
920350,-7.152573592822518,50
920400,-5.440508472477635,50
920450,-6.459893032571923,50
920500,-7.964021813464751,50
920550,-8.110707728198157,50
920600,-4.485896329605165,50
920650,-2.2883374716247156,50
920700,-5.964767162106931,50
920750,-6.487647360474009,50
920800,-6.878973696291393,50
920850,-4.023419404628011,50
920900,-7.336779535423655,50
920950,-3.612823961158032,50
921000,-1.831375581260688,50
921050,-6.147341714862027,50
921100,-5.641544302227027,50
921150,-4.611899326544758,50
921200,-2.4574474152201273,50
921250,-8.194604469121316,50
921300,-2.4826367683874335,50
921350,-7.249438137654015,50
921400,-7.942208465634884,50
921450,-8.318881563515344,50
921500,-5.737481819029417,50
921550,-2.4286894271761397,50
921600,-8.098175908606205,50
921650,-5.112621961096435,50
921700,-3.92955117308815,50
921750,-8.189814115631508,50
921800,-7.435335155668935,50
921850,-6.330145873840105,50
921900,-4.949064645129258,50
921950,-7.040299111842258,50
922000,-4.415262202959493,50
922050,-3.4249679328539697,50
922100,-7.900726750866169,50
922150,-6.068367623457132,50
922200,-5.694978115556281,50
922250,-6.8564857146739895,50
922300,-3.870705985319723,50
922350,-6.919466672743716,50
922400,-5.99966773276857,50
922450,-2.167333919218999,50
922500,-3.3057966277635034,50
922550,-6.461819549134683,50
922600,-4.852087648388544,50
922650,-1.9923555744553658,50
922700,-4.847682041156046,50
922750,-5.4858732801548635,50
922800,-4.390460686704929,50
922850,-3.1176029171399415,50
922900,-5.345397483312922,50
922950,-3.6005276500206227,50
923000,-4.207336934333181,50
923050,-8.033435482433978,50
923100,-3.7293324124850527,50
923150,-7.425003414241226,50
923200,-7.449405264494334,50
923250,-7.4983145703785015,50
923300,-7.00384329033849,50
923350,-8.432903658170238,50
923400,-3.5178785320234773,50
923450,-2.953623688369895,50
923500,-3.2953336934760618,50
923550,-5.761458961716418,50
923600,-2.0641681819270326,50
923650,-5.554297644429189,50
923700,-4.366068738530792,50
923750,-8.246886084953779,50
923800,-5.593220316057866,50
923850,-7.399706527691678,50
923900,-6.192334808924034,50
923950,-6.175443404763273,50
924000,-6.262813757372894,50
924050,-6.395313493371975,50
924100,-4.3864073792277,50
924150,-5.898005792680905,50
924200,-8.026438614741135,50
924250,-6.11513185478794,50
924300,-4.205832778189631,50
924350,-4.949989469235327,50
924400,-5.862914073686252,50
924450,-5.212933740483806,50
924500,-5.4470932258590645,50
924550,-8.098551533391447,50
924600,-4.485004797033384,50
924650,-4.486857847761511,50
924700,-5.155835022351556,50
924750,-7.298138465243,50
924800,-7.861185126585256,50
924850,-3.665697369952884,50
924900,-3.3137289173738202,50
924950,-3.621746897114116,50
925000,-2.7226362252949805,50
925050,-3.672284915746995,50
925100,-2.249463064683181,50
925150,-6.692707579467616,50
925200,-2.833050695029376,50
925250,-7.1437336047570055,50
925300,-3.1015981275831557,50
925350,-8.99787368160224,50
925400,-5.90854031808895,50
925450,-5.4273029153311585,50
925500,-8.215676293515422,50
925550,-9.273634252270822,50
925600,-2.5787301112879275,50
925650,-7.3147701295693635,50
925700,-4.791204973664837,50
925750,-3.6555970071777306,50
925800,-4.096197506469746,50
925850,-4.487793015506608,50
925900,-8.238107954892895,50
925950,-7.063627022961879,50
926000,-3.6045899614596024,50
926050,-3.3390336749464384,50
926100,-5.798938184268238,50
926150,-7.137566656487175,50
926200,-8.242618630648014,50
926250,-6.224337841036314,50
926300,-5.052092196357538,50
926350,-8.110315620742313,50
926400,-7.304347016083331,50
926450,-6.6535493996803154,50
926500,-4.169859682103739,50
926550,-4.830306565862913,50
926600,-6.311904394122888,50
926650,-6.6696773582133035,50
926700,-4.343684944436425,50
926750,-7.685448406529756,50
926800,-8.17819456743926,50
926850,-3.323305883215554,50
926900,-7.8904298158074715,50
926950,-2.652248552488742,50
927000,-6.203655393941189,50
927050,-3.625841978932283,50
927100,-4.9864988168693944,50
927150,-4.5471514897360885,50
927200,-7.9294937223489494,50
927250,-3.772408830043133,50
927300,-4.609213989516417,50
927350,-8.117884505813807,50
927400,-5.636700366764216,50
927450,-5.7334866053409534,50
927500,-7.324243461701066,50
927550,-2.850465675084532,50
927600,-5.39752531402755,50
927650,-4.675249485442219,50
927700,-8.365751742158977,50
927750,-3.191166099923245,50
927800,-3.020246380436066,50
927850,-6.312278837643291,50
927900,-3.572924474598913,50
927950,-2.2058199106486143,50
928000,-8.176535302932974,50
928050,-5.831881646561523,50
928100,-4.742539537156024,50
928150,-5.743320128106163,50
928200,-7.291531376301701,50
928250,-5.381144172079032,50
928300,-7.567968685103085,50
928350,-7.1731026856735385,50
928400,-7.344301240259664,50
928450,-7.917378591701466,50
928500,-4.580428502179352,50
928550,-3.5920443342280817,50
928600,-7.217077757207935,50
928650,-5.415311073828948,50
928700,-3.1941682721516518,50
928750,-7.168379691342462,50
928800,-2.9832971567389,50
928850,-7.9599477352895445,50
928900,-7.873631340149538,50
928950,-2.374347586375567,50
929000,-7.9460769168026815,50
929050,-4.325981515817616,50
929100,-5.711244661145123,50
929150,-2.223285142896082,50
929200,-6.343279155173756,50
929250,-5.577614253574399,50
929300,-6.952068358755748,50
929350,-7.667422325448529,50
929400,-7.523377438879819,50
929450,-7.786044827014805,50
929500,-7.482868400341329,50
929550,-5.739420990296382,50
929600,-5.689764065441387,50
929650,-6.370490637188425,50
929700,-6.373090848204174,50
929750,-5.371113774435177,50
929800,-5.072628783479349,50
929850,-3.9922768662939077,50
929900,-7.780322765992329,50
929950,-7.102116474125829,50
930000,-7.988447898799056,50
930050,-6.611065877287931,50
930100,-4.339345790995449,50
930150,-5.952022679833637,50
930200,-3.4361810295119435,50
930250,-4.559621902871431,50
930300,-4.679590123217726,50
930350,-5.793820108139868,50
930400,-7.019104815093085,50
930450,-3.085229657405542,50
930500,-7.852853008218761,50
930550,-5.654701262192793,50
930600,-6.845382513371001,50
930650,-3.6634038318408746,50
930700,-4.66636122906306,50
930750,-7.865923144525398,50
930800,-3.6296352647450747,50
930850,-6.577359975425671,50
930900,-7.084826213834641,50
930950,-8.959554449324084,50
931000,-7.9610115348087085,50
931050,-7.563296624873194,50
931100,-2.8350065876303066,50
931150,-4.367981312136967,50
931200,-2.0619598976008233,50
931250,-2.8989178665308315,50
931300,-6.139366335089605,50
931350,-4.241810333622673,50
931400,-3.1342762998832367,50
931450,-12.45077361357239,50
931500,-3.4825586564351636,50
931550,-5.739773816939294,50
931600,-9.007401976929534,50
931650,-6.214562388639748,50
931700,-5.433308463049439,50
931750,-1.764085037221265,50
931800,-7.022998968401374,50
931850,-7.167633998195246,50
931900,-2.3083827952531912,50
931950,-7.27490082127097,50
932000,-6.862641103283519,50
932050,-3.93400813254252,50
932100,-3.295135240587032,50
932150,-3.4948990435436618,50
932200,-5.872843293914078,50
932250,-7.649001224322558,50
932300,-6.3753751132627015,50
932350,-3.687205003355889,50
932400,-7.915145000325488,50
932450,-4.318840725645258,50
932500,-4.646354720593004,50
932550,-5.145814335563986,50
932600,-5.040524696304407,50
932650,-1.599744971646493,50
932700,-6.710771813102229,50
932750,-4.6010038597912,50
932800,-5.860743396715336,50
932850,-7.859158876565568,50
932900,-7.016963483611185,50
932950,-3.3384424269265334,50
933000,-3.456787778474857,50
933050,-2.8981255661984644,50
933100,-8.162026439732392,50
933150,-6.720726032140251,50
933200,-6.373328840503319,50
933250,-4.944541837162754,50
933300,-7.696175248590716,50
933350,-4.424787669682959,50
933400,-5.0590645902610545,50
933450,-6.191065378566449,50
933500,-5.205427140036575,50
933550,-7.972861796365029,50
933600,-1.100363623259903,50
933650,-3.974687028173731,50
933700,-7.331433734680668,50
933750,-3.1826948190482307,50
933800,-1.8425429261152504,50
933850,-5.712218975090792,50
933900,-4.770400800658529,50
933950,-7.088064694880247,50
934000,-6.012373068113042,50
934050,-6.976848023498929,50
934100,-5.750176341627567,50
934150,-2.6964707612995347,50
934200,-6.98817264005018,50
934250,-6.754622510152952,50
934300,-7.242806182102531,50
934350,-8.262870259507439,50
934400,-8.347522273430238,50
934450,-7.695860704258234,50
934500,-7.6934090723419715,50
934550,-1.761452203378942,50
934600,-8.053428879308278,50
934650,-7.8326021465116895,50
934700,-6.853206446202288,50
934750,-7.395735882180963,50
934800,-6.336842263875454,50
934850,-8.651895510832924,50
934900,-2.6684016634815153,50
934950,-4.013620324299163,50
935000,-3.8448556931434825,50
935050,-5.037940798946702,50
935100,-5.28463586547467,50
935150,-8.327287354759138,50
935200,-3.141637546274178,50
935250,-4.90088684827316,50
935300,-4.548087129715928,50
935350,-3.988104047346112,50
935400,-4.47267678701197,50
935450,-4.760532708149076,50
935500,-3.54036309271328,50
935550,-6.577006734440787,50
935600,-6.19215640942366,50
935650,-4.107906791472069,50
935700,-3.3694850968757737,50
935750,-8.053493930170003,50
935800,-7.7673938366179485,50
935850,-6.704492806851667,50
935900,-6.877364441026818,50
935950,-8.239058996302198,50
936000,-3.5544677257838497,50
936050,-5.661839951409285,50
936100,-3.837686480016581,50
936150,-4.358590518409604,50
936200,-8.048954099363897,50
936250,-6.855675625563615,50
936300,-4.560980022500713,50
936350,-3.1934400692400766,50
936400,-5.901819901441984,50
936450,-3.079285927465926,50
936500,-3.6268852006673953,50
936550,-3.556096609602111,50
936600,-6.719485733672898,50
936650,-3.36957316953697,50
936700,-7.294303805949108,50
936750,-6.767882368011691,50
936800,-5.4469766101517525,50
936850,-7.6574881531433965,50
936900,-8.022077319454942,50
936950,-8.329894450620891,50
937000,-11.94985646148495,50
937050,-5.7611701179999795,50
937100,-6.598793431978279,50
937150,-8.004457818864022,50
937200,-5.496771291720674,50
937250,-6.245651381198879,50
937300,-3.1249930078316877,50
937350,-7.974799766424235,50
937400,-8.145307625335407,50
937450,-1.8789104377508257,50
937500,-2.944409530151782,50
937550,-1.6806860968062023,50
937600,-2.2446566641511194,50
937650,-6.338673645447649,50
937700,-4.5817703998549195,50
937750,-3.4439497426001693,50
937800,-4.445128379659992,50
937850,-1.1986407067240923,50
937900,-5.215918496713197,50
937950,-8.113464980567118,50
938000,-4.570511302376562,50
938050,-4.500980937563812,50
938100,-4.235853960948458,50
938150,-11.249910901555063,50
938200,-1.9338970823898392,50
938250,-2.740339877904362,50
938300,-7.97919619118179,50
938350,-8.554911125872932,50
938400,-5.938214700899109,50
938450,-4.533515011214691,50
938500,-4.76809252829662,50
938550,-5.931179035006793,50
938600,-8.059521813552703,50
938650,-8.093329132824023,50
938700,-8.296272027303216,50
938750,-6.2622407543337575,50
938800,-2.496433205976242,50
938850,-6.390114614414023,50
938900,-7.015389145066402,50
938950,-3.279334047213151,50
939000,-5.070839306599153,50
939050,-6.459684208389206,50
939100,-7.927984119224634,50
939150,-5.556074123029315,50
939200,-3.040227133163755,50
939250,-8.262568119794643,50
939300,-5.5086256511707115,50
939350,-7.456219412448329,50
939400,-4.813969251788494,50
939450,-5.558633499218594,50
939500,-7.410803526600757,50
939550,-3.004486636346729,50
939600,-5.882377274915463,50
939650,-5.367842855176591,50
939700,-2.2018851272121918,50
939750,-7.576594449989149,50
939800,-5.509628041068634,50
939850,-8.322877585711149,50
939900,-6.950524243327265,50
939950,-4.3274212005433155,50
940000,-2.200797419739887,50
940050,-7.7915722494601125,50
940100,-8.664479049042466,50
940150,-5.516979420250788,50
940200,-8.274988315499975,50
940250,-4.2288397816178325,50
940300,-3.560872735028359,50
940350,-5.729316712333767,50
940400,-10.62869640062973,50
940450,-7.594228827287533,50
940500,-7.802740508768971,50
940550,-2.369948418254271,50
940600,-3.979493030925096,50
940650,-4.185147397028803,50
940700,-2.292872400442182,50
940750,-8.109333836739788,50
940800,-8.013120735246773,50
940850,-7.2050581092665515,50
940900,-4.244956034427759,50
940950,-7.94329396647195,50
941000,-4.561825338275065,50
941050,-3.6360235183723795,50
941100,-4.34599305623417,50
941150,-3.0477715377745644,50
941200,-3.780471920654899,50
941250,-7.690290499784113,50
941300,-4.868205012764427,50
941350,-8.306367480852419,50
941400,-5.979121464495032,50
941450,-2.515315760852798,50
941500,-4.142021400008171,50
941550,-4.44885635027161,50
941600,-7.8417600498952975,50
941650,-8.43596668884135,50
941700,-3.348265455533424,50
941750,-4.908437849909332,50
941800,-7.438403802666937,50
941850,-2.405640423231237,50
941900,-5.543243704287151,50
941950,-6.979240195275731,50
942000,-3.740160045965483,50
942050,-6.186328398995663,50
942100,-4.24873001440376,50
942150,-3.157920527023388,50
942200,-7.971448571217137,50
942250,-3.1716992828785906,50
942300,-5.152714297319674,50
942350,-5.654111785284524,50
942400,-5.83044787760342,50
942450,-6.42638139861807,50
942500,-7.461467081150851,50
942550,-6.087132187701272,50
942600,-3.307061827895441,50
942650,-4.873590283192604,50
942700,-7.932983267771452,50
942750,-5.916524847637893,50
942800,-3.6640209412417217,50
942850,-6.786496835918674,50
942900,-7.35065476299297,50
942950,-6.342125272058005,50
943000,-8.347101232462215,50
943050,-5.424988957710526,50
943100,-7.984911624747126,50
943150,-2.1653386442887266,50
943200,-3.6544832596656263,50
943250,-6.850032382798443,50
943300,-7.829983520640443,50
943350,-5.612968202323968,50
943400,-8.208491756279301,50
943450,-6.5678859094263125,50
943500,-3.9010893726146496,50
943550,-7.930670933396263,50
943600,-7.649491225559127,50
943650,-5.957341042354228,50
943700,-7.847869279226427,50
943750,-4.352075097253781,50
943800,-8.006886589641029,50
943850,-3.5043994556242626,50
943900,-3.8630554957324783,50
943950,-5.376800468003861,50
944000,-5.306337236696152,50
944050,-2.9101991732801427,50
944100,-7.957531028229976,50
944150,-3.845316311185047,50
944200,-8.153679857658629,50
944250,-2.8707746384673603,50
944300,-7.972221171800174,50
944350,-3.373394655525907,50
944400,-7.943639730313226,50
944450,-5.692493585284471,50
944500,-4.308169607522615,50
944550,-5.572472620797859,50
944600,-7.051731625141001,50
944650,-7.355530606385678,50
944700,-3.908909581483645,50
944750,-7.297920815783408,50
944800,-7.843767191332816,50
944850,-7.801705626393733,50
944900,-2.5238253057876383,50
944950,-6.546170317195706,50
945000,-4.230933874640805,50
945050,-8.059855992382753,50
945100,-6.794828404805788,50
945150,-5.847645447422942,50
945200,-8.001180667475404,50
945250,-3.024418712889038,50
945300,-8.073121303283473,50
945350,-4.502246411884165,50
945400,-8.1206163698397,50
945450,-3.3111638982609217,50
945500,-8.142342614812904,50
945550,-6.647799698153952,50
945600,-2.9326311956189763,50
945650,-1.8019277211736735,50
945700,-2.3359169692501838,50
945750,-3.2722256715563587,50
945800,-2.643342709464964,50
945850,-4.404370130608997,50
945900,-6.578027095781223,50
945950,-5.89357646221391,50
946000,-5.176368739104065,50
946050,-2.2871257073708056,50
946100,-6.8287023999590755,50
946150,-7.18036897413125,50
946200,-7.930002647048761,50
946250,-5.423207920243941,50
946300,-7.753613154603486,50
946350,-5.770154529882057,50
946400,-7.759200566542854,50
946450,-4.874743644927955,50
946500,-5.134351112509703,50
946550,-2.5028372694998207,50
946600,-7.300366014102708,50
946650,-7.285227514555959,50
946700,-3.91442582854732,50
946750,-7.5643289567656105,50
946800,-5.6019157069252765,50
946850,-4.470528914742029,50
946900,-2.776497377424173,50
946950,-2.9684444471582783,50
947000,-2.7534623645501286,50
947050,-6.890862551396021,50
947100,-3.34328945199175,50
947150,-7.974151455693882,50
947200,-3.6953981323557903,50
947250,-3.821034777399868,50
947300,-1.6218086352577605,50
947350,-8.042420042779838,50
947400,-2.5881143729589278,50
947450,-1.9582735984099076,50
947500,-4.536803847595693,50
947550,-5.697499036963286,50
947600,-2.7820201758462604,50
947650,-6.217021057790587,50
947700,-1.3151236063734928,50
947750,-3.3665043815906595,50
947800,-7.87067224153241,50
947850,-8.100469505387792,50
947900,-5.114542972552729,50
947950,-6.615901368678404,50
948000,-4.2847364803169405,50
948050,-8.176116358733621,50
948100,-3.1658967884474154,50
948150,-1.700429057138382,50
948200,-8.618357644259868,50
948250,-6.089669608210986,50
948300,-4.1854360837087645,50
948350,-7.1443942595107,50
948400,-5.460894228104702,50
948450,-6.113910049245229,50
948500,-4.737309018500082,50
948550,-4.017669378063256,50
948600,-1.6217475448982372,50
948650,-3.9706961470369,50
948700,-7.526303286718234,50
948750,-5.392065550785301,50
948800,-6.522815392530382,50
948850,-6.6960430163363185,50
948900,-6.156027207154276,50
948950,-5.87310062907242,50
949000,-6.127212277044103,50
949050,-4.663599823958807,50
949100,-4.243919345593564,50
949150,-3.6743564563218167,50
949200,-7.810997697434061,50
949250,-5.730640684883215,50
949300,-1.5521221378718273,50
949350,-4.468796058534539,50
949400,-7.932370457187716,50
949450,-4.034777387720471,50
949500,-2.4408513569824466,50
949550,-3.051621844560223,50
949600,-5.0138703210292155,50
949650,-6.915952109484615,50
949700,-6.846235547396143,50
949750,-3.6649807895821263,50
949800,-4.072123311909738,50
949850,-2.009105033319061,50
949900,-1.8156347094586178,50
949950,-7.630923830178508,50
950000,-3.434725259228877,50
950050,-2.512084924753253,50
950100,-6.0068298392585735,50
950150,-7.4950179851632015,50
950200,-4.715806624091625,50
950250,-6.277242997193785,50
950300,-5.286480392214855,50
950350,-6.029953941822318,50
950400,-7.386087514015167,50
950450,-5.9154568411637225,50
950500,-5.885500488220191,50
950550,-4.004814462752829,50
950600,-6.664934501918615,50
950650,-1.4780074658365518,50
950700,-8.03038370981212,50
950750,-4.836265873914845,50
950800,-8.323522543083534,50
950850,-7.688546394391899,50
950900,-6.425890291440998,50
950950,-1.1745995050524294,50
951000,-3.826483834181815,50
951050,-2.703732277671777,50
951100,-3.771922630547677,50
951150,-2.0887543436585627,50
951200,-2.358201010875865,50
951250,-3.993210622132205,50
951300,-5.131068177964545,50
951350,-3.2296758410313195,50
951400,-2.6225199107834958,50
951450,-1.2787202185563193,50
951500,-6.33534308831382,50
951550,-5.8206414494546515,50
951600,-3.623312193617041,50
951650,-5.245732359627775,50
951700,-3.96438414340747,50
951750,-5.082647651741814,50
951800,-2.264677792088647,50
951850,-4.393018162776449,50
951900,-2.3688865574845,50
951950,-7.367471912423418,50
952000,-3.746438473727954,50
952050,-8.730539035723114,50
952100,-4.0049940526656576,50
952150,-7.248106010846029,50
952200,-8.006480360146274,50
952250,-3.538217667508372,50
952300,-3.113808290138846,50
952350,-5.861296801877909,50
952400,-8.030939723270246,50
952450,-3.2496673951671258,50
952500,-3.1665382680082463,50
952550,-5.548552716932236,50
952600,-6.152201084199796,50
952650,-2.5212244125796937,50
952700,-8.485148558916444,50
952750,-6.558834814778734,50
952800,-3.076250501019153,50
952850,-6.36270995795786,50
952900,-6.008098466636501,50
952950,-5.505316568348244,50
953000,-9.839179853187062,50
953050,-6.480838701909839,50
953100,-3.99198567945553,50
953150,-8.053252245822836,50
953200,-7.760266733680512,50
953250,-9.60582268025189,50
953300,-3.991479412917235,50
953350,-4.802863379994044,50
953400,-4.62962220561009,50
953450,-7.758807281537196,50
953500,-5.522396297263373,50
953550,-7.74450738010105,50
953600,-8.71147005664606,50
953650,-8.522617140440005,50
953700,-2.521083479092255,50
953750,-6.667994229496063,50
953800,-7.847288293997018,50
953850,-7.945366474703723,50
953900,-6.544867406946985,50
953950,-6.840659596388034,50
954000,-8.058230740193048,50
954050,-3.4180645383343706,50
954100,-7.000841787956795,50
954150,-6.324672891121747,50
954200,-7.861041968301911,50
954250,-4.6695768384523495,50
954300,-5.1823778419127215,50
954350,-6.630600156078562,50
954400,-8.292089814162738,50
954450,-7.210901314829959,50
954500,-2.8978665323656374,50
954550,-6.237047239438644,50
954600,-8.54888882665921,50
954650,-1.7031229099138656,50
954700,-6.297238942004854,50
954750,-5.711526710439868,50
954800,-5.21534139089592,50
954850,-4.1519554947096475,50
954900,-7.966171430857379,50
954950,-4.713105698957156,50
955000,-6.612759052082503,50
955050,-7.867003157581806,50
955100,-8.108290025776308,50
955150,-3.5416430053566352,50
955200,-6.816045140175002,50
955250,-7.4080861580830515,50
955300,-5.912238635321313,50
955350,-5.9466688098822535,50
955400,-8.312997768340058,50
955450,-3.888810644508503,50
955500,-5.605735018791699,50
955550,-7.916616609404996,50
955600,-7.839431608419886,50
955650,-6.230860773500999,50
955700,-6.247785634573436,50
955750,-4.438563529694649,50
955800,-4.5623720525864515,50
955850,-5.854114109105266,50
955900,-4.105825929594832,50
955950,-8.168771810190085,50
956000,-6.4258235128792744,50
956050,-5.849047079065479,50
956100,-3.706270002909361,50
956150,-6.771061548790484,50
956200,-5.09704847122395,50
956250,-8.186721556146018,50
956300,-5.517999753843953,50
956350,-5.915419992595792,50
956400,-7.982174138526599,50
956450,-6.411345559808673,50
956500,-2.355713236737295,50
956550,-6.6734334363128465,50
956600,-5.19828053872495,50
956650,-7.081680814530732,50
956700,-4.035919157584959,50
956750,-7.222875532679782,50
956800,-6.232408816970851,50
956850,-8.087835106105745,50
956900,-5.942848913561909,50
956950,-5.773319627956965,50
957000,-7.145523376518392,50
957050,-5.857084759856162,50
957100,-5.17277734736094,50
957150,-5.7108412033575044,50
957200,-7.606967775423567,50
957250,-4.382477521655822,50
957300,-4.624297634935984,50
957350,-6.788321661074437,50
957400,-6.867622968442766,50
957450,-3.5819720652587956,50
957500,-8.095231583954979,50
957550,-5.0786909303217405,50
957600,-6.010642359676041,50
957650,-6.458698116617903,50
957700,-7.547994339867147,50
957750,-8.516833574873587,50
957800,-2.7347077994414604,50
957850,-3.9814343590614953,50
957900,-7.327579960381364,50
957950,-2.992330956561016,50
958000,-8.068118813492735,50
958050,-3.4881261054863937,50
958100,-8.065446709337188,50
958150,-7.887026166701588,50
958200,-7.906927313316804,50
958250,-3.650514063317434,50
958300,-6.084837054199192,50
958350,-8.128688774562344,50
958400,-2.025972291911723,50
958450,-7.42819863750982,50
958500,-8.014136459725806,50
958550,-3.632328026316419,50
958600,-8.051894450684017,50
958650,-4.301976485633376,50
958700,-7.59613757807071,50
958750,-7.437633122274488,50
958800,-5.9442667219807745,50
958850,-6.342947834690693,50
958900,-7.134241029028608,50
958950,-8.593455521992661,50
959000,-6.348502525117043,50
959050,-2.5331401039494095,50
959100,-4.5915975225835925,50
959150,-6.747142325149444,50
959200,-6.019684673532286,50
959250,-1.5359229885856878,50
959300,-4.350453839427349,50
959350,-4.7746775801871735,50
959400,-5.040484627981514,50
959450,-5.251079971458204,50
959500,-6.369851937128965,50
959550,-7.95717021929694,50
959600,-6.140389080883955,50
959650,-1.931453130222425,50
959700,-3.3476548313997885,50
959750,-7.533211140539773,50
959800,-7.551469125341425,50
959850,-6.29733431301875,50
959900,-3.132184574647793,50
959950,-5.300617857867066,50
960000,-3.625828180095304,50
960050,-6.130247936887218,50
960100,-8.035653870150641,50
960150,-6.885055557700691,50
960200,-8.629633194657407,50
960250,-4.4400856926404755,50
960300,-7.035973461693775,50
960350,-7.984537214888605,50
960400,-5.632322250801941,50
960450,-4.908793548861871,50
960500,-4.429194260227232,50
960550,-4.833786105347438,50
960600,-7.306458303361334,50
960650,-7.161653311054569,50
960700,-8.078870509676511,50
960750,-6.211761404388869,50
960800,-7.572307892743227,50
960850,-6.4790302344942,50
960900,-4.833053510051555,50
960950,-3.307247917923346,50
961000,-8.039984685329209,50
961050,-8.371182069810978,50
961100,-2.0811171170183003,50
961150,-5.883166837604537,50
961200,-3.321466201891198,50
961250,-4.056230069609564,50
961300,-7.958133661184271,50
961350,-2.608163816487623,50
961400,-2.5320691565073177,50
961450,-7.858116586250545,50
961500,-3.2416457628995925,50
961550,-7.374227991364083,50
961600,-2.3837295465930657,50
961650,-7.059706221087313,50
961700,-2.469037435594898,50
961750,-3.9622307135647836,50
961800,-3.6388822778128453,50
961850,-4.222461330020056,50
961900,-6.594580040360821,50
961950,-2.8473945274900387,50
962000,-2.835205142849096,50
962050,-10.892339908899945,50
962100,-3.8004346081243083,50
962150,-6.19703597670382,50
962200,-6.046607357555383,50
962250,-5.801264456626697,50
962300,-8.275412441932515,50
962350,-8.087538270909704,50
962400,-4.209684891679402,50
962450,-8.364322472982186,50
962500,-3.3592579836651866,50
962550,-7.081657048595745,50
962600,-5.610572297781992,50
962650,-2.0734809725218506,50
962700,-6.910178823674425,50
962750,-4.991507574339376,50
962800,-7.849399093642871,50
962850,-6.879600241793601,50
962900,-5.728269012174543,50
962950,-7.894579233407124,50
963000,-8.278543046119905,50
963050,-8.516431325521426,50
963100,-5.342957852997993,50
963150,-7.998635458565294,50
963200,-4.711362725310828,50
963250,-5.253281091598673,50
963300,-4.569041700384155,50
963350,-7.3529013355245425,50
963400,-7.290119319571739,50
963450,-4.800559566114529,50
963500,-6.965569746017488,50
963550,-8.216750493814178,50
963600,-8.244075653909062,50
963650,-4.658959497398162,50
963700,-6.565416910871189,50
963750,-7.420423526135232,50
963800,-4.35516744877325,50
963850,-3.8010506862005307,50
963900,-6.239351564249742,50
963950,-7.59682622927083,50
964000,-3.3169542016792954,50
964050,-4.700712347785014,50
964100,-1.517188932786513,50
964150,-1.6553677502212745,50
964200,-4.4617082275514175,50
964250,-7.588378493398514,50
964300,-4.935468930957391,50
964350,-5.173468639881691,50
964400,-6.347468245214652,50
964450,-5.536693694576535,50
964500,-8.222863157371393,50
964550,-4.498255776739764,50
964600,-8.207479815387895,50
964650,-8.228627132105794,50
964700,-5.245260018643884,50
964750,-5.019407711590058,50
964800,-7.298877672216504,50
964850,-2.10836462942124,50
964900,-7.795544037768513,50
964950,-5.6013219968922385,50
965000,-7.475085471875404,50
965050,-5.780388041105488,50
965100,-4.5578226291889194,50
965150,-7.97200734549464,50
965200,-6.787089674463602,50
965250,-7.525846700887303,50
965300,-8.187728076479745,50
965350,-7.638203193171123,50
965400,-6.560798712581484,50
965450,-6.746875621089665,50
965500,-8.084962920293613,50
965550,-7.499303868699766,50
965600,-3.1699934627886237,50
965650,-3.0596139788113237,50
965700,-4.2173433741449164,50
965750,-3.9874602377080373,50
965800,-3.400176374783843,50
965850,-6.5604616309730925,50
965900,-5.956605205964079,50
965950,-5.674771157963958,50
966000,-5.725340695484581,50
966050,-3.8657154484172582,50
966100,-5.5799480241667885,50
966150,-6.104386427229027,50
966200,-7.179268486564534,50
966250,-7.434248940100196,50
966300,-5.559559556971448,50
966350,-7.137603280414807,50
966400,-6.771989973692671,50
966450,-2.5979540582325553,50
966500,-4.045504309775401,50
966550,-5.597283889352591,50
966600,-6.221896604928359,50
966650,-6.387891142934345,50
966700,-6.00155555430792,50
966750,-4.350510249297117,50
966800,-4.187784635139775,50
966850,-6.107094478203172,50
966900,-4.46446986558781,50
966950,-7.909910912039815,50
967000,-4.151904367216516,50
967050,-6.876540334667398,50
967100,-7.932985186923326,50
967150,-4.929873331243774,50
967200,-7.846375276676166,50
967250,-5.299439852422921,50
967300,-4.846347390532617,50
967350,-5.063195787718139,50
967400,-6.087103283534314,50
967450,-6.1108078772526,50
967500,-9.246054504230743,50
967550,-3.6468264575908598,50
967600,-4.426259785957533,50
967650,-5.040580038119347,50
967700,-5.320970530347312,50
967750,-3.7088007229728563,50
967800,-4.46379393398741,50
967850,-8.075719177065356,50
967900,-7.468285539178203,50
967950,-5.874674599661319,50
968000,-7.969860595474293,50
968050,-5.659150445599939,50
968100,-8.249688049799063,50
968150,-7.099977793101566,50
968200,-3.69617641565097,50
968250,-5.81228513561991,50
968300,-7.832596297296878,50
968350,-4.924084381844786,50
968400,-5.311229312703646,50
968450,-5.4948500492600445,50
968500,-5.4152087674347955,50
968550,-5.923735246663387,50
968600,-8.668613705247694,50
968650,-4.684623415051275,50
968700,-3.977519096019691,50
968750,-8.203598546272062,50
968800,-4.479953425939425,50
968850,-8.884580209520566,50
968900,-7.600757974665406,50
968950,-7.323851544822686,50
969000,-7.863595603943496,50
969050,-3.4240975641037035,50
969100,-3.2468888209726434,50
969150,-5.140329279028437,50
969200,-3.421010007891056,50
969250,-8.024284704854661,50
969300,-7.864168854075563,50
969350,-5.883148600454999,50
969400,-4.810311109842859,50
969450,-7.297521126598665,50
969500,-4.183788703707236,50
969550,-2.9259928569406157,50
969600,-5.166852184283625,50
969650,-7.532946426633653,50
969700,-7.032201139365211,50
969750,-6.888412241984754,50
969800,-6.408829458989938,50
969850,-2.937877401545355,50
969900,-5.722088292844874,50
969950,-4.482064369269954,50
970000,-6.504737143180258,50
970050,-5.55757400888095,50
970100,-4.594942865706232,50
970150,-6.381113397033602,50
970200,-3.308248579014973,50
970250,-5.707084629155006,50
970300,-3.769647119498613,50
970350,-6.165875903810893,50
970400,-2.4062058043036005,50
970450,-7.22295042409922,50
970500,-6.736806340154181,50
970550,-4.014383272132366,50
970600,-4.338682064464914,50
970650,-6.677753979240469,50
970700,-7.1545137091412725,50
970750,-5.245599804859616,50
970800,-8.48957314300966,50
970850,-4.380893280885436,50
970900,-5.777879434005207,50
970950,-3.120479353849414,50
971000,-6.62365285743352,50
971050,-5.061912333965535,50
971100,-5.087320289235244,50
971150,-7.705928966908034,50
971200,-12.57004459356951,50
971250,-7.209732243853623,50
971300,-6.129424663265163,50
971350,-6.904275033356775,50
971400,-3.168694581282909,50
971450,-5.768042379825946,50
971500,-7.6235891035276095,50
971550,-5.728874100067523,50
971600,-5.28167610618182,50
971650,-8.143451101898957,50
971700,-1.7199776330848757,50
971750,-5.721010598261775,50
971800,-8.092612624677757,50
971850,-4.551044200108681,50
971900,-6.521848698204413,50
971950,-5.88964950111462,50
972000,-6.000655669050758,50
972050,-8.014515078431916,50
972100,-5.497292665027544,50
972150,-7.978011414822042,50
972200,-6.4276654866176735,50
972250,-5.504780759775617,50
972300,-7.916256564314924,50
972350,-3.2508652641620555,50
972400,-7.694647885418681,50
972450,-7.782231071505993,50
972500,-6.013032948948028,50
972550,-7.992305893902864,50
972600,-6.436228789512337,50
972650,-6.256649252670609,50
972700,-2.4684858059352393,50
972750,-5.91606619029361,50
972800,-8.214749610343269,50
972850,-2.648266560813166,50
972900,-4.7420314060082385,50
972950,-8.885057308366564,50
973000,-8.112404348755925,50
973050,-6.6091480178819895,50
973100,-7.9390066127239995,50
973150,-5.3952259193080865,50
973200,-2.8158752964847142,50
973250,-2.75435880328721,50
973300,-5.767209307927707,50
973350,-8.420679519928214,50
973400,-7.842038323487991,50
973450,-6.197357682894556,50
973500,-6.9995374010755445,50
973550,-5.050589134970316,50
973600,-4.311445426277312,50
973650,-7.901273258942415,50
973700,-3.8607072409058416,50
973750,-5.7822323149654276,50
973800,-3.5987411066745416,50
973850,-7.877170904560887,50
973900,-8.315708699353715,50
973950,-3.1076413747343956,50
974000,-2.7871285618470396,50
974050,-1.905522760328023,50
974100,-6.282815809427612,50
974150,-4.292299308815913,50
974200,-7.545861938371062,50
974250,-7.248629131879691,50
974300,-4.639029528800434,50
974350,-6.0243775461164875,50
974400,-7.147213429204219,50
974450,-6.259512353715205,50
974500,-3.583942645058001,50
974550,-7.9419454493325015,50
974600,-5.037808401057147,50
974650,-6.1269437047203965,50
974700,-5.985213390608133,50
974750,-7.921222944516896,50
974800,-5.663992273179653,50
974850,-5.771381102924938,50
974900,-3.9848978928324854,50
974950,-4.822759098443619,50
975000,-3.0944367885545563,50
975050,-5.243249696259889,50
975100,-5.871430143237782,50
975150,-7.818024974803428,50
975200,-7.750002014575994,50
975250,-7.9893807104243635,50
975300,-4.336653174787456,50
975350,-3.66017240441577,50
975400,-4.451723878741857,50
975450,-7.279679807298299,50
975500,-5.619492747609701,50
975550,-3.640354240653488,50
975600,-4.5509384616926285,50
975650,-4.965439205999068,50
975700,-7.873484614304767,50
975750,-5.399028344379023,50
975800,-5.189723325781034,50
975850,-8.285391934920176,50
975900,-1.9884662134001296,50
975950,-7.380159330445542,50
976000,-8.054001316471464,50
976050,-7.892757910779695,50
976100,-7.254294018530692,50
976150,-8.148861359113566,50
976200,-5.960656103925175,50
976250,-10.309963969210711,50
976300,-5.715392381720871,50
976350,-6.408726869668687,50
976400,-7.379622054430625,50
976450,-3.9640355500272277,50
976500,-5.906525829792965,50
976550,-8.108812629000948,50
976600,-3.331557691905699,50
976650,-4.842901500707666,50
976700,-5.786877858424001,50
976750,-4.440527296980712,50
976800,-5.838267685378868,50
976850,-7.043742707340713,50
976900,-2.3344110383411962,50
976950,-6.044765981861785,50
977000,-5.070589750535085,50
977050,-4.716352504221697,50
977100,-8.882053804867935,50
977150,-6.62563186590339,50
977200,-5.723576795406426,50
977250,-6.197548981630921,50
977300,-7.909845591807842,50
977350,-7.494761867552786,50
977400,-5.371166402579253,50
977450,-5.85638741248468,50
977500,-2.408596472579156,50
977550,-6.022456598590092,50
977600,-4.615805508086496,50
977650,-8.43290233507507,50
977700,-6.179797073763887,50
977750,-6.362695912740539,50
977800,-7.303491396452348,50
977850,-6.512847631346055,50
977900,-7.472079213960205,50
977950,-3.9238900297745043,50
978000,-7.833365439170214,50
978050,-3.488549636536374,50
978100,-3.7919180258428566,50
978150,-6.015292350596524,50
978200,-5.61274189016102,50
978250,-5.219683342743275,50
978300,-5.367308899569524,50
978350,-4.7424114209943795,50
978400,-5.402979922426276,50
978450,-5.914639749524761,50
978500,-8.122486729235003,50
978550,-5.210445563088222,50
978600,-1.5267126806876605,50
978650,-5.964414316706707,50
978700,-5.620864362455162,50
978750,-8.112308678286483,50
978800,-6.9302699347752785,50
978850,-6.335028535224548,50
978900,-7.541300550312307,50
978950,-3.0406855380453983,50
979000,-4.926225277833513,50
979050,-5.748268687025168,50
979100,-1.655226427110928,50
979150,-5.627347373684501,50
979200,-5.917163638588101,50
979250,-6.797252185151671,50
979300,-6.4973070032858375,50
979350,-8.332595500862293,50
979400,-5.497312203663745,50
979450,-3.6680459873107663,50
979500,-6.018573125188934,50
979550,-3.7062490146041815,50
979600,-4.503339272500208,50
979650,-5.744373667521209,50
979700,-5.015899430881607,50
979750,-4.354696875124351,50
979800,-5.401792626543331,50
979850,-4.227246366217748,50
979900,-7.805702468536701,50
979950,-7.754771287805562,50
980000,-2.291072178933641,50
980050,-5.545088773088095,50
980100,-6.002394901712026,50
980150,-7.563999662050565,50
980200,-6.870546469976066,50
980250,-8.820716321568844,50
980300,-2.3967229824028404,50
980350,-5.669654988507181,50
980400,-7.9236417648003945,50
980450,-5.56744411164889,50
980500,-5.122856008026715,50
980550,-4.084077784091449,50
980600,-3.450797310390469,50
980650,-5.969467729962478,50
980700,-7.946110510130073,50
980750,-2.399015762143801,50
980800,-5.727063002377211,50
980850,-7.5812603092057245,50
980900,-8.850253268754415,50
980950,-5.055722203941168,50
981000,-4.6218211842341255,50
981050,-5.400443782078094,50
981100,-2.210551633064276,50
981150,-5.606717356734553,50
981200,-8.0095272057694,50
981250,-4.60092359260839,50
981300,-5.747662910362969,50
981350,-4.7873754621871605,50
981400,-7.613977641558476,50
981450,-5.549188196952356,50
981500,-7.796408072850893,50
981550,-6.264364529483381,50
981600,-5.916969091638964,50
981650,-7.796392683571313,50
981700,-5.859797119949626,50
981750,-8.146909171681916,50
981800,-7.730490969932368,50
981850,-16.063229852813844,50
981900,-5.267180515796266,50
981950,-6.058067003484843,50
982000,-3.4887535804273577,50
982050,-2.951609785745524,50
982100,-4.784958782313585,50
982150,-1.8498327561176207,50
982200,-7.887013244954836,50
982250,-1.567890878616798,50
982300,-7.495111613237565,50
982350,-7.93500620630339,50
982400,-1.8950127774899224,50
982450,-8.73919013087812,50
982500,-7.046620172739641,50
982550,-7.029305494445936,50
982600,-5.651169292646586,50
982650,-2.253476155885134,50
982700,-7.949149617055739,50
982750,-5.274577556716723,50
982800,-6.665618707136871,50
982850,-4.415387027521118,50
982900,-2.676950177102012,50
982950,-1.8785339192697554,50
983000,-3.4534863471359682,50
983050,-5.351089892833289,50
983100,-7.199061632336261,50
983150,-7.114343567510801,50
983200,-6.959756109972202,50
983250,-5.55226360313547,50
983300,-5.720449444722557,50
983350,-7.572714296633035,50
983400,-7.455420860710237,50
983450,-5.362164170762766,50
983500,-5.994210324117894,50
983550,-4.300459924352436,50
983600,-5.692174572143226,50
983650,-7.449032569363686,50
983700,-4.414860597443199,50
983750,-4.739854229013446,50
983800,-6.761367094818702,50
983850,-2.8188496227272606,50
983900,-2.8008901343655657,50
983950,-6.235393856928206,50
984000,-3.2959606892939113,50
984050,-6.878601213318938,50
984100,-7.7497760766727675,50
984150,-7.473694616858073,50
984200,-1.985219797772041,50
984250,-4.263685497505089,50
984300,-3.603411381859573,50
984350,-2.8372705627486927,50
984400,-5.964678778870206,50
984450,-5.452465099010946,50
984500,-1.9913204417298456,50
984550,-8.15048246650231,50
984600,-7.511175163014011,50
984650,-4.801884742317434,50
984700,-4.485727452630464,50
984750,-4.5257796860516475,50
984800,-4.186279774664394,50
984850,-7.418146919988343,50
984900,-5.879264759688221,50
984950,-6.042059951802645,50
985000,-6.32709796081857,50
985050,-7.192450746772031,50
985100,-13.77885108563898,50
985150,-3.88663758839022,50
985200,-2.9660204942592316,50
985250,-8.14058382465797,50
985300,-7.894865956435227,50
985350,-6.12630232051263,50
985400,-2.4019760368933736,50
985450,-7.615079086823282,50
985500,-8.123969444890166,50
985550,-7.940476173560709,50
985600,-1.9892833293212853,50
985650,-8.021636694292841,50
985700,-7.2034784294059016,50
985750,-2.189077381073284,50
985800,-5.950110586320349,50
985850,-1.9276434385826737,50
985900,-5.300018979542916,50
985950,-6.7038297207762625,50
986000,-3.449840574690356,50
986050,-6.160243736268386,50
986100,-3.6663910744829953,50
986150,-7.002548019109668,50
986200,-2.2824721818073317,50
986250,-8.147785417085215,50
986300,-3.5114366021116465,50
986350,-7.32152264331464,50
986400,-7.72597441844816,50
986450,-6.329709592556604,50
986500,-15.228027644774539,50
986550,-5.601799544012753,50
986600,-5.1794667196198025,50
986650,-8.04096781401278,50
986700,-3.4096286670998706,50
986750,-4.86541763773615,50
986800,-9.769374325058102,50
986850,-7.601708683767357,50
986900,-6.758904844854785,50
986950,-8.819212925444374,50
987000,-8.424191239459772,50
987050,-5.6323326644995575,50
987100,-6.776541977976614,50
987150,-7.071298540740835,50
987200,-3.369443597041382,50
987250,-4.439895865086125,50
987300,-4.66499481751905,50
987350,-6.834875923534834,50
987400,-5.34713880210202,50
987450,-1.6178335001580257,50
987500,-5.706746072156955,50
987550,-8.066411205436397,50
987600,-5.668103808641577,50
987650,-6.3361533035443935,50
987700,-7.777539017495277,50
987750,-7.849027155885679,50
987800,-7.913876671930835,50
987850,-7.027177728385692,50
987900,-5.3675277720952685,50
987950,-1.8648723200318702,50
988000,-7.683994083047669,50
988050,-5.256921414088555,50
988100,-3.1148627896343717,50
988150,-7.7671734720269425,50
988200,-7.42607991201603,50
988250,-4.827063947381017,50
988300,-16.733401123910756,50
988350,-5.7996214622837075,50
988400,-5.673679622030391,50
988450,-7.333179477903281,50
988500,-3.4447176258294108,50
988550,-10.616101602781939,50
988600,-7.736418666490228,50
988650,-3.404614479785835,50
988700,-6.811136316525286,50
988750,-8.175808991941981,50
988800,-4.128102362277104,50
988850,-7.915421087367018,50
988900,-2.6515528236150367,50
988950,-4.280786384122123,50
989000,-5.664799122956812,50
989050,-5.679782136874438,50
989100,-4.84946146652008,50
989150,-10.75873231752239,50
989200,-3.3009798630800766,50
989250,-13.760151893630272,50
989300,-7.845468525099986,50
989350,-2.8755680649668856,50
989400,-7.77989928065647,50
989450,-7.4087984450449165,50
989500,-4.396825292399497,50
989550,-6.154805466719035,50
989600,-7.52647705991405,50
989650,-3.5325156470223242,50
989700,-4.756521360492027,50
989750,-2.696602461285314,50
989800,-5.4100815144473176,50
989850,-7.598053687310989,50
989900,-6.651037916951188,50
989950,-4.191892413438324,50
990000,-4.123556914366297,50
990050,-5.912632738410254,50
990100,-8.00392369838253,50
990150,-2.8497527909553746,50
990200,-6.061618175666805,50
990250,-7.75954365076278,50
990300,-5.545754534402758,50
990350,-6.797147884364813,50
990400,-4.393281932236962,50
990450,-6.5974686657595365,50
990500,-1.4068733279414534,50
990550,-5.529791237311478,50
990600,-6.382919983274812,50
990650,-6.524938917819075,50
990700,-8.218618088960667,50
990750,-7.961241063151738,50
990800,-6.164859607326233,50
990850,-4.728559908555551,50
990900,-7.846236616860653,50
990950,-7.790859784613095,50
991000,-6.756491597633088,50
991050,-5.739255788981583,50
991100,-4.657406135301899,50
991150,-4.244929204717355,50
991200,-5.627651367286525,50
991250,-4.559702107583077,50
991300,-6.486109718808108,50
991350,-3.90825694195615,50
991400,-5.348977782684677,50
991450,-5.762885770529416,50
991500,-1.8570461713101558,50
991550,-7.969166997680016,50
991600,-7.908033749263869,50
991650,-8.007490548517785,50
991700,-7.995302193085613,50
991750,-7.481288061349678,50
991800,-4.5980143654679075,50
991850,-5.502733522029001,50
991900,-4.090300889936259,50
991950,-3.8055164201222365,50
992000,-2.2981418961600286,50
992050,-6.632268399182334,50
992100,-7.262576584490934,50
992150,-5.833410655126943,50
992200,-8.166750711003179,50
992250,-8.203819565944894,50
992300,-8.198786733035066,50
992350,-7.1863667790555885,50
992400,-7.750313121473143,50
992450,-6.13268659987225,50
992500,-5.706253117211542,50
992550,-3.6114842100274647,50
992600,-4.519106093219619,50
992650,-4.802273456491286,50
992700,-4.934248044268064,50
992750,-4.072775936769179,50
992800,-6.789751853441902,50
992850,-5.472768027207485,50
992900,-6.794882965410058,50
992950,-3.5717543775808274,50
993000,-5.794399973217881,50
993050,-7.421633550903597,50
993100,-6.216870739285602,50
993150,-3.061277737584553,50
993200,-6.362830142167515,50
993250,-3.7497781381484447,50
993300,-2.627260642411928,50
993350,-6.1904000888137025,50
993400,-3.1247748653182197,50
993450,-6.189234211058746,50
993500,-8.265571647274898,50
993550,-7.720425854851104,50
993600,-6.697940533990346,50
993650,-8.139928976056844,50
993700,-5.397455355995724,50
993750,-6.169603100079259,50
993800,-2.710391361607229,50
993850,-1.8483912417521,50
993900,-5.486065964465653,50
993950,-2.7917549431896984,50
994000,-6.4867293904868255,50
994050,-6.695257265409985,50
994100,-2.9870912766492683,50
994150,-6.348839397791209,50
994200,-7.841450436155724,50
994250,-7.651207692128333,50
994300,-6.0356069786935445,50
994350,-7.342273656319011,50
994400,-5.056461149794167,50
994450,-4.012993058628521,50
994500,-6.287507236974307,50
994550,-2.4656593911730464,50
994600,-4.989125843259235,50
994650,-3.543458138927825,50
994700,-8.727775977115067,50
994750,-7.779770578785131,50
994800,-7.782559647867965,50
994850,-3.511037934955887,50
994900,-7.876785737068659,50
994950,-6.392629548450499,50
995000,-1.5324177022420529,50
995050,-6.8945210403029815,50
995100,-7.343180244692905,50
995150,-5.8277566762420365,50
995200,-8.011667238198742,50
995250,-5.5830050883894025,50
995300,-5.535926870001626,50
995350,-5.868235128987438,50
995400,-4.419005653386632,50
995450,-7.455315909524738,50
995500,-2.4163103489381843,50
995550,-9.331689592408072,50
995600,-8.739041556484192,50
995650,-4.284621544721517,50
995700,-3.2584904689486187,50
995750,-3.170794583092134,50
995800,-3.5991449128425637,50
995850,-4.340537878551255,50
995900,-7.2794795187442665,50
995950,-3.751542648123186,50
996000,-8.092663357465577,50
996050,-2.6630272289311887,50
996100,-4.618836032291906,50
996150,-5.635190670465145,50
996200,-6.272040939825198,50
996250,-4.840203508140573,50
996300,-4.425211920783413,50
996350,-8.109888718707301,50
996400,-5.701718465273576,50
996450,-3.9633591236907137,50
996500,-6.187038202879464,50
996550,-3.098059539959102,50
996600,-3.7824190298521603,50
996650,-3.6321240419136833,50
996700,-7.580753851306669,50
996750,-6.928900698134061,50
996800,-7.954215217755282,50
996850,-4.406220533190314,50
996900,-6.867014985134665,50
996950,-4.9227919484263944,50
997000,-6.621231978272238,50
997050,-6.513821963143528,50
997100,-6.316292332822718,50
997150,-8.158624194535644,50
997200,-5.978388798117721,50
997250,-6.388640925816843,50
997300,-6.437208260201819,50
997350,-2.167766402938231,50
997400,-4.230638793161451,50
997450,-3.5776239402859087,50
997500,-6.753586706662025,50
997550,-7.771119797320918,50
997600,-4.489002485847477,50
997650,-4.145553176779442,50
997700,-3.843197399645155,50
997750,-5.565153307240172,50
997800,-5.132719883175114,50
997850,-6.785361461276625,50
997900,-7.152218233608167,50
997950,-5.339831859551036,50
998000,-4.34386165091298,50
998050,-6.6248339376141345,50
998100,-7.017871788334414,50
998150,-8.276268327635123,50
998200,-8.648373673010807,50
998250,-5.579218942119777,50
998300,-6.321377084147863,50
998350,-8.392852580860545,50
998400,-7.888179563533696,50
998450,-7.283281482934873,50
998500,-5.294054163657987,50
998550,-3.537899887706837,50
998600,-8.054719400286675,50
998650,-6.18937735422126,50
998700,-1.9588731461810145,50
998750,-6.267693801344639,50
998800,-7.177144806434473,50
998850,-6.102651178827299,50
998900,-5.649773149626731,50
998950,-5.65719830570723,50
999000,-7.511863513375387,50
999050,-8.076816871776618,50
999100,-7.91794896819985,50
999150,-7.010478332406792,50
999200,-5.230354198491037,50
999250,-6.3219716583915835,50
999300,-7.159845440469517,50
999350,-7.916172720284549,50
999400,-4.205091440658353,50
