global_step,return,length
26,1.8358991502351054,26
42,12.288694384969215,16
57,14.705955702381559,15
96,23.356426720191344,39
126,14.294126087029069,30
152,7.154045348722475,26
163,8.13295636937475,11
192,47.21410960936418,29
203,7.377637585308391,11
222,6.5191004833213935,19
257,37.84140067085659,35
270,11.197351181763521,13
287,16.91753018070732,17
301,9.841598203943564,14
322,5.0773440513061665,21
342,19.267994376685653,20
354,10.220193386319792,12
375,8.721831464514448,21
394,20.28338575361382,19
408,9.481145388695044,14
426,10.151117176429166,18
441,10.110458679205115,15
459,17.491787941629802,18
469,7.199334127853048,10
488,8.998732569377363,19
499,6.82713878874601,11
518,8.805333674942863,19
536,12.829966402809506,18
554,10.182124454632467,18
573,18.908308380432977,19
598,23.231539400134388,25
625,28.468259496255637,27
642,11.05174606105961,17
657,8.864229213685132,15
676,16.743951710878743,19
697,13.307454655265477,21
715,8.808758092355824,18
736,17.597060439708667,21
750,9.354766470985915,14
766,10.355151892857121,16
790,10.20843099649407,24
807,12.498690365276891,17
820,11.042602265459545,13
830,3.9959377922674513,10
841,8.200731835319194,11
862,21.0210845561258,21
886,23.836614673364643,24
906,10.62039290040631,20
922,7.5943783682756605,16
946,5.266877996996568,24
975,17.34614530353765,29
988,6.694538821396922,13
1017,30.801879363428192,29
1032,7.9446017492848275,15
1040,3.6798080952348506,8
1051,5.6679305676934035,11
1063,9.417461612126184,12
1091,19.573417283811462,28
1102,9.064696367545416,11
1145,47.525294637529974,43
1164,9.043683510210297,19
1191,14.196783723391942,27
1202,5.813723707215461,11
1224,5.132663478636832,22
1238,11.625038486257608,14
1251,9.518067220969696,13
1271,20.10114464775524,20
1322,49.48834590281788,51
1340,17.029569367005514,18
1357,6.198707981109381,17
1370,8.32354856439434,13
1389,19.674387263194706,19
1468,62.14812645157716,79
1482,9.157776311773324,14
1497,8.898608606916778,15
1508,8.574872888051122,11
1531,14.558931267011452,23
1547,16.251133950888857,16
1557,5.76240745998235,10
1582,24.54824000214226,25
1592,5.468870076044055,10
1604,7.608815077103371,12
1623,19.94002686430836,19
1639,9.526174487700448,16
1668,20.949819643329793,29
1687,4.430686757962158,19
1711,20.37773938729454,24
1720,6.590324404138113,9
1730,7.030267821663847,10
1742,5.023533101725694,12
1772,32.370723198855096,30
1789,12.535331612467292,17
1806,13.565964157578769,17
1840,29.494660151629446,34
1849,6.284322109767335,9
1861,7.928335854378217,12
1874,10.548518510718681,13
1887,11.919979399047703,13
1920,40.7241527616777,33
1945,14.971852767623114,25
1971,13.176545832812149,26
1984,7.476660041135557,13
2028,61.76570076305725,44
2040,8.47773209324829,12
2075,57.10836881973411,35
2107,54.578061871937216,32
2136,47.084304291372206,29
2163,44.364917359838806,27
2191,45.96434723064729,28
2218,17.297864829068757,27
2252,56.38055034893534,34
2284,51.2040284481434,32
2312,44.45617864993819,28
2349,59.36098271114039,37
2377,46.0797565145812,28
2411,54.65084723110335,34
2444,54.22114492301748,33
2474,48.82728650140274,30
2502,45.92777480584277,28
2540,62.31315259388408,38
2565,40.89635805884524,25
2594,47.690165141826405,29
2646,71.96509995901779,52
2671,41.42620577625807,25
2709,62.16443696541288,38
2738,46.73601864544231,29
2773,59.814062392455455,35
2790,6.824644975818154,17
2821,48.95053840079195,31
2840,8.945486714345945,19
2865,41.162234965932434,25
2906,66.6119704655959,41
2936,48.18699866161406,30
2963,43.73144063286551,27
2991,46.43834142811323,28
3019,45.27139587357437,28
3052,53.50157871846506,33
3086,54.90225849540335,34
3116,48.44505279578933,30
3145,46.997127347717175,29
3177,52.737066251974774,32
3209,31.33528948601718,32
3239,47.934939283040904,30
3260,9.204749721171028,21
3294,55.38709134224009,34
3340,71.66958377267262,46
3367,43.80387344431168,27
3402,55.825461016080276,35
3460,46.491157923176495,58
3503,69.48527730067502,43
3528,20.994177467412793,25
3568,64.34941526072754,40
3597,47.88557650766034,29
3633,32.02638552463182,36
3666,34.544518571333704,33
3686,20.256211667052362,20
3720,55.82440651919702,34
3749,46.61464560884461,29
3781,51.84468822347098,32
3812,49.941633222603855,31
3856,57.525791760830195,44
3895,38.577150525725514,39
3930,56.19049607988416,35
3960,27.552461068995726,30
3997,59.406661326382505,37
4027,48.157647574903066,30
4047,5.997455448478157,20
4075,45.801597801382435,28
4124,71.78595635161055,49
4155,50.480886533612036,31
4189,55.11212600010127,34
4220,52.52320371580187,31
4249,48.22015620837389,29
4276,44.35866611217689,27
4308,50.83427861655908,32
4338,47.63123986983243,30
4371,53.27252932444244,33
4404,54.04624148768741,33
4435,50.70894725749343,31
4466,50.427785938764856,31
4498,52.277341507436226,32
4529,51.24886804008142,31
4559,48.08619342189481,30
4592,53.01133709016149,33
4625,55.682014475480514,33
4657,55.25388488214167,32
4687,49.82999956677818,30
4717,47.83022481961923,30
4749,52.1404551375303,32
4781,51.924220162586266,32
4808,45.262751981632185,27
4836,46.5228186608309,28
4865,49.06465246087046,29
4899,57.16700050466618,34
4932,53.61422230933345,33
4962,50.520667452073084,30
4995,53.57179371420608,33
5029,55.25882207401754,34
5064,56.915383875206295,35
5093,47.68380532539128,29
5124,51.906610591742904,31
5155,50.410067664845094,31
5185,48.39289035915268,30
5215,48.41301421709353,30
5246,51.56211378768447,31
5281,56.86937945884848,35
5309,45.29071756134917,28
5340,51.811977239457306,31
5369,46.797839426655685,29
5401,51.263486999929114,32
5434,52.95340077484761,33
5465,50.41362387644446,31
5497,51.682742984250474,32
5532,58.380997478756605,35
5566,54.278212158892224,34
5598,52.82117785769288,32
5629,49.48893172321359,31
5658,47.461796131009265,29
5688,47.38174649414364,30
5716,44.963080828226985,28
5746,48.80123831412472,30
5777,54.326103003639055,31
5813,56.969934767451065,36
5845,53.49222151329818,32
5885,68.64677108857266,40
5911,43.21095973676553,26
5940,49.73261454135588,29
5972,55.12956131773027,32
6004,51.99226692176128,32
6036,52.39505140731333,32
6067,51.141609752027634,31
6100,55.925062174755276,33
6134,56.04426887997377,34
6189,103.00178810996822,55
6209,26.607962165507907,20
6251,44.49327658842383,42
6294,63.80580042488807,43
6322,38.01289369915489,28
6372,84.24998688385621,50
6393,29.1008379578835,21
6417,31.423195392600874,24
6464,78.31571840827895,47
6483,24.47117512568516,19
6524,59.74859805930184,41
6572,80.29690096402705,48
6616,73.46988518446537,44
6656,60.89813107900921,40
6700,71.61002672208443,44
6722,28.026944815157655,22
6775,96.43312283725716,53
6815,61.52686496497349,40
6856,65.05228830301577,41
6896,61.021521349818464,40
6940,68.3946642030554,44
6963,29.699069945292127,23
6987,31.194809037113195,24
7034,68.68115567136797,47
7090,104.67446998257623,56
7111,27.27504455524368,21
7190,117.76118639144694,79
7214,33.391436138856825,24
7261,78.13299116940749,47
7282,28.787302051871233,21
7336,99.97738879304144,54
7360,31.50836249161318,24
7400,62.430154155197556,40
7443,63.395742982263585,43
7482,59.94461944662469,39
7525,65.11704409347254,43
7546,29.709400480629622,21
7570,31.617316812512513,24
7590,25.810744200512826,20
7634,70.83440665424706,44
7686,66.26111150634344,52
7726,60.89028210205561,40
7768,64.84856015771578,42
7814,74.58311395548674,46
7874,117.26626457716416,60
7919,72.06209059340613,45
7961,52.87403364915832,42
7982,27.17173593493317,21
8025,68.72788231215804,43
8074,70.1033755810084,49
8095,26.80568279624594,21
8148,93.96745761013014,53
8171,31.28828838926111,23
8230,110.81526393826026,59
8295,127.24085041945642,65
8353,106.87000131882174,58
8420,132.03094667961585,67
8487,133.8798904336123,67
8553,130.7157325838826,66
8622,141.53556076110706,69
8684,119.62440661894865,62
8746,119.18563447857872,62
8811,127.48961153588266,65
8875,125.45348492432136,64
8942,132.2058878077949,67
9007,127.96222352011202,65
9072,128.3155020152895,65
9140,136.57162247634045,68
9205,127.42275674984442,65
9269,125.31100942482412,64
9331,121.47110987804571,62
9399,136.8885947697571,68
9468,139.24302489322548,69
9530,119.56462330765461,62
9593,122.57420444438927,63
9660,133.8456974659276,67
9727,132.91809887420305,67
9792,127.99731636091987,65
9857,128.1203542979878,65
9921,123.76974963413195,64
9982,115.54991521457826,61
10046,127.00182696554815,64
10117,145.03516701330472,71
10179,118.63564379650745,62
10270,204.06561068313732,91
10361,200.2161189925864,91
10453,206.74898047621292,92
10545,203.93283486956517,92
10635,200.77032017686145,90
10726,203.85806242332592,91
10817,204.23612667881739,91
10911,205.9172835129832,94
11004,202.42394351397277,93
11097,204.34694017986018,93
11189,207.53331453005063,92
11278,197.36232846409925,89
11369,204.40970913497733,91
11460,203.46613290868925,91
11552,203.35916417979615,92
11644,202.4550581741731,92
11736,205.14277437832513,92
11825,198.60696948858933,89
11917,203.55473504242542,92
12008,202.51358563339159,91
12098,200.4727072506908,90
12190,205.36366552821096,92
12278,196.44521654917247,88
12358,175.98887599790098,80
12440,180.20105835520138,82
12524,186.43211958838697,84
12607,184.69710235975953,83
12689,179.66514837821637,82
12770,176.9395879875558,81
12852,180.53085977665265,82
12934,179.57660120747798,82
13015,174.74724439345346,81
13099,183.98520687175315,84
13183,187.7971160817792,84
13267,186.45220624857424,84
13347,175.01163798353176,80
13432,189.33083789333904,85
13518,192.07043219358945,86
13604,194.08307351111878,86
13688,186.61937633148275,84
13770,182.3887104346817,82
13856,192.9805953973271,86
13937,178.0879283316683,81
14025,197.5018314101247,88
14111,192.81698577314765,86
14196,190.1245782475275,85
14280,181.97517744830637,84
14373,209.64225784412668,93
14469,213.98939321691697,96
14562,208.9567894506388,93
14653,206.3762858576299,91
14746,209.31394249709413,93
14838,206.56861546124858,92
14930,209.14500005291134,92
15024,213.90409618705974,94
15114,204.70565137530875,90
15206,206.10208599008527,92
15297,205.16741729238794,91
15389,207.57283852130968,92
15481,207.85476427459784,92
15573,209.50190545227125,92
15663,204.34078346227795,90
15764,219.269178912898,101
15853,201.68158059664384,89
15949,212.6369252582241,96
16041,208.24580925001283,92
16132,205.7611643002668,91
16224,210.78753352430053,92
16313,200.7177529957863,89
16408,215.51081620232966,95
16500,210.70001159162658,92
16588,202.44768195796343,88
16680,209.4661718866859,92
16773,212.6448535260056,93
16864,208.52774085472564,91
16955,208.22708397818573,91
17047,209.9778596140086,92
17138,207.51656512890924,91
17229,209.17807473801423,91
17321,211.31029879836527,92
17411,207.08810979199498,90
17503,210.74149972854184,92
17594,209.2265372639705,91
17687,212.2828069598071,93
17777,207.13913384675004,90
17866,204.60781908445162,89
17958,210.67031751934917,92
18048,207.37372960341114,90
18139,209.18772025869842,91
18230,209.0325209737455,91
18319,203.9900741006124,89
18412,213.88347023518753,93
18507,222.92892907195,95
18604,218.8979564689211,97
18706,225.90020327867836,102
18800,218.2694572575635,94
18891,210.61901132196064,91
18994,222.18494525357127,103
19092,218.36847299835088,98
19221,269.4061105122955,129
19330,238.03005753019974,109
19420,207.69610276890606,90
19512,213.51150194186513,92
19608,221.26326680661955,96
19718,252.3404802524711,110
19811,213.69288619202086,93
19910,220.00500992522353,99
20018,230.5688699365351,108
20127,241.87987053042914,109
20226,219.17717967768849,99
20323,220.4303429143794,97
20416,213.13682346418693,93
20542,313.95017830287645,126
20660,266.93738315304097,118
20794,318.6056391097374,134
20923,298.605552519803,129
21047,288.80428986642727,124
21176,303.5684504176776,129
21300,262.5317288755465,124
21427,289.87982282576746,127
21562,298.83930808454835,135
21683,281.8431585327296,121
21820,348.06858138352203,137
21944,266.61460858033735,124
22074,327.4267660185573,130
22208,341.6568873148387,134
22335,296.96997064485413,127
22468,287.978733017692,133
22590,278.7495761791344,122
22706,248.1161475026794,116
22827,264.97424100909205,121
22948,261.0350005960728,121
23068,267.48640795346233,120
23193,295.8587359192355,125
23318,290.9990453205252,125
23440,260.7398501502942,122
23569,281.026179002964,129
23692,285.3937913161259,123
23814,278.80219312144436,122
23943,281.29113278565006,129
24061,269.509094300676,118
24187,289.14755047845745,126
24312,280.39275051545695,125
24430,256.53108438763127,118
24553,277.31279902163413,123
24737,403.667260417328,184
24902,368.42645593753383,165
25073,374.2897028823183,171
25239,376.0413554890162,166
25392,341.6689422428559,153
25550,344.58468612302886,158
25714,353.46209636693516,164
25865,338.2714704905237,151
26060,436.4345805704032,195
26226,373.1005125203633,166
26392,367.01642428195987,166
26545,341.1132469751084,153
26708,349.19470055132086,163
26892,423.4158057372006,184
27098,481.09892509017095,206
27252,340.7224386724786,154
27423,359.688888278671,171
27601,388.29782122843926,178
27781,427.0822143661982,180
27936,350.17077414255033,155
28112,393.97751218564224,176
28263,338.86759643254493,151
28443,399.10927175987393,180
28625,433.8935768883731,182
28778,324.67510931833215,153
28934,352.0604989149708,156
29091,354.1560242291207,157
29240,317.5858181807181,149
29422,450.6457657002745,182
29576,318.70236166373616,154
29808,588.4819798793358,232
30033,557.428887550728,225
30291,637.5790968033901,258
30483,504.36427978966304,192
30721,603.9569306964341,238
31253,1159.2609700762368,532
31386,255.6955169130992,133
31736,714.8733275907381,350
31968,468.5669801971388,232
32088,210.11127241128978,120
32211,229.0923548935669,123
32345,251.69233944034247,134
32467,210.97058269802594,122
32578,188.13682506008047,111
33007,1045.2228100892457,429
33235,587.8723508140159,228
33916,1749.8532619838722,681
34008,178.2386116811236,92
34328,724.6957246081171,320
34888,1636.6255818270213,560
35888,2519.474406030709,1000
36217,741.2017230781652,329
36571,876.5053741469904,354
37571,2264.1359162825065,1000
38571,2233.9751386072435,1000
39571,2177.4199445938148,1000
40571,1924.0044849470107,1000
41571,2348.53146268247,1000
42571,2505.50897395449,1000
42998,1046.4265402015874,427
43388,870.4532946253779,390
43611,491.7627934090011,223
44310,1492.5477307241138,699
45269,2146.8381628582765,959
45409,304.1499630264329,140
45688,632.8606624036461,279
45942,727.3881891600776,254
46168,560.7092124635378,226
47118,2545.2195411544303,950
47267,398.8795996921508,149
47477,550.9434552570409,210
47620,381.12630079762187,143
47891,835.993880286852,271
48044,362.30092810416414,153
48202,438.14880538001614,158
48360,387.46182305742326,158
48513,372.278516796111,153
48713,571.9622223540616,200
48863,406.9145419393011,150
49008,386.83090427108135,145
49149,392.9080640046496,141
49294,383.54713563622073,145
49483,547.9746162189397,189
49620,376.3546353710339,137
49760,381.4142973013062,140
49928,473.66324325189885,168
50063,369.13527165461136,135
50201,381.3807830573535,138
50341,379.5299084117094,140
50530,574.9259702008662,189
50670,377.7030569342226,140
50813,371.57373917005214,143
50947,378.3810349068673,134
51092,400.5267441542202,145
51231,385.08146248198585,139
51401,502.8883092860143,170
51613,640.3220607946585,212
51865,776.8952904907986,252
52012,391.8559618788722,147
52204,539.8379394761077,192
52332,343.0979892052431,128
52521,569.6021930067557,189
52747,688.0423311300273,226
52897,427.18275043495464,150
53096,586.0652984642813,199
53326,669.2516213516134,230
53487,458.0202898325147,161
53715,692.0784998771665,228
53930,553.0531003427885,215
54138,646.3168867717625,208
54345,641.472684991869,207
54570,657.8743686496737,225
54837,825.340027188087,267
54994,444.5745144909381,157
55157,439.26554098019693,163
55324,485.12253709731976,167
55488,512.8914528011561,164
55626,380.5440588399012,138
55784,446.34145829048674,158
56014,717.1139078080056,230
56132,317.8342709606563,118
56253,326.74708661879845,121
56429,500.63359609307366,176
56641,657.5223072679952,212
56795,434.8434125888662,154
56952,459.5299121721279,157
57074,323.02819914739524,122
57245,513.790490723708,171
57373,312.6932246063714,128
57484,278.52104535574165,111
57627,364.2400259568452,143
57746,301.1062500367839,119
57993,801.9624636171905,247
58096,244.34157945221222,103
58218,310.4022699670804,122
58349,338.5623316341049,131
58456,260.2536995636828,107
58560,218.06467085552677,104
58682,301.6415619378437,122
58817,357.90051508622935,135
58944,327.8995613775472,127
59088,353.7809196051011,144
59303,688.922798953558,215
59455,321.56206770988194,152
59563,270.67613387401866,108
59676,278.4791451876178,113
59781,196.42917568591207,105
59921,358.6364309795809,140
60053,353.33811696247426,132
60169,288.44549218788114,116
60353,567.3340076386644,184
60501,437.12167361638285,148
60636,370.7942488571455,135
60786,347.82346940337584,150
60919,374.0854665256046,133
61030,257.050956753462,111
61255,643.0535838780316,225
61356,206.18351611060618,101
61608,759.0162212958363,252
61853,769.160629729562,245
61968,275.8656555116638,115
62167,558.95946734284,199
62368,587.7606815579624,201
62564,602.8295001886106,196
62666,242.02203688933346,102
62831,489.4659254482935,165
62999,463.50634775311005,168
63147,385.29749063210545,148
63285,330.25474729562046,138
63413,318.86039469353665,128
63632,618.3406082336527,219
63914,741.2661672688471,282
64121,533.3422457983672,207
64325,514.0933727525521,204
64701,1088.7036824704774,376
64907,575.3232018308116,206
65095,497.41426385155484,188
65307,561.4069790189495,212
65451,352.58427852569423,144
65660,551.3159831631704,209
65883,497.5082924104614,223
66044,415.32557993742057,161
66346,847.0211361024792,302
66506,404.3489374665849,160
66671,429.34877466935404,165
67015,787.43129656853,344
67217,480.14081604074306,202
67437,608.6185155342334,220
67690,769.7709560307773,253
67868,471.0775662179657,178
68062,506.964307049755,194
68236,419.4686391379882,174
68467,673.4513632407754,231
68646,511.9387281542294,179
68866,594.0282765072968,220
69055,547.0450798693432,189
69243,484.12034148788024,188
69428,534.3640474740243,185
69570,340.64180454220815,142
69785,589.599413601324,215
69998,624.9651701893387,213
70217,617.1995987387984,219
70355,381.00027651350644,138
70524,482.26104513579855,169
70699,509.21570714417396,175
70829,308.4090888768516,130
70957,355.1989855558726,128
71121,483.6742843474989,164
71319,579.8051150201499,198
71494,494.81008297144814,175
71673,497.4171837581124,179
71815,357.65528428297813,142
71949,318.59642940982746,134
72131,510.1310298309893,182
72260,317.47820983564196,129
72381,282.0675105993178,121
72535,449.12189741078635,154
72665,325.2803888139875,130
72773,245.88512083235852,108
72924,365.64187155220105,151
73019,206.33443189067194,95
73242,626.2408560146991,223
73375,319.71390972587756,133
73526,378.6327059746748,151
73800,772.5757859849136,274
74031,632.213384248384,231
74251,630.5760739993846,220
74491,676.1780881835414,240
74682,540.0305959287389,191
74918,679.5955251782406,236
75216,890.4945665912721,298
75365,302.2951240485305,149
75580,645.1814513967729,215
75814,681.7657428668188,234
75970,416.418958783432,156
76189,675.9479555678112,219
76348,422.48276854786644,159
76532,526.0517402166696,184
76860,1015.5669038700429,328
76967,243.29564788333803,107
77107,365.818662766108,140
77313,609.0699601430791,206
77484,477.33321486833734,171
77662,508.0712985675367,178
77893,720.1362516732211,231
78018,312.4290579426454,125
78261,800.4560006792852,243
78413,403.0857961621967,152
78523,277.87760820636896,110
78672,319.99890906403647,149
78824,361.1772485634718,152
79045,639.7063269502185,221
79225,521.5401964419297,180
79362,335.0857881492208,137
79473,277.6371883384575,111
79615,325.23177896746876,142
79694,142.14463110034762,79
79859,498.9980060315371,165
79949,179.0480947958735,90
80068,286.5085232642287,119
80196,346.84593839864107,128
80354,471.99794096706546,158
80498,338.8357289636657,144
80607,263.96506082661284,109
80747,355.8767599856927,140
80870,315.1825320227278,123
80986,295.0686330458427,116
81358,1271.8814404554041,372
81502,343.83678716949635,144
81665,461.40588778933625,163
81782,276.835452321028,117
81922,336.0943949084059,140
82061,327.567389577635,139
82193,313.0359383860732,132
82291,191.5755532017092,98
82424,320.05588781885876,133
82527,197.5028882317282,103
82618,167.46372016127228,91
82750,310.51912930177116,132
82838,161.5134733549912,88
82927,163.12150797852206,89
83024,198.19384042972018,97
83154,308.14886550519685,130
83280,294.3386797214423,126
83409,319.8741834388494,129
83530,266.80008983938563,121
83609,144.6447123619506,79
83696,145.745315219355,87
83854,464.8928110651947,158
83991,324.5279201084106,137
84101,200.4951050780332,110
84239,318.42676704563235,138
84359,203.16937919695312,120
84505,337.92017289460443,146
84608,193.01075749886314,103
84715,220.71360125417874,107
84837,223.794503144303,122
84998,388.4982740124686,161
85139,334.5818730054453,141
85366,434.9750507957813,227
85488,207.01197908370094,122
85573,137.9259664274164,85
85679,184.12558528994117,106
85827,383.9660461437049,148
85976,391.1900237647521,149
86056,124.67036923111371,80
86210,414.42337185579703,154
86349,328.1541229415442,139
86485,316.9235409112546,136
86702,689.1529434641657,217
86864,369.4630885990219,162
86991,252.98662017933253,127
87175,324.5991820576526,184
87258,141.72478556692369,83
87421,416.54551120725347,163
87632,602.0104614025975,211
87733,170.61936222546123,101
87823,149.4477458592098,90
87957,327.63665187167146,134
88108,351.87072104086894,151
88292,422.4327923177655,184
88404,217.71854097789566,112
88509,181.58348911677177,105
88655,334.1823428297138,146
88795,327.9471749261721,140
88962,381.2096295035199,167
89063,173.14085753969798,101
89299,684.705662030931,236
89442,339.00409851444226,143
89559,204.84212257366042,117
89728,401.1393175976898,169
89989,776.0026277123035,261
90122,224.4873128910165,133
90230,210.22803202506714,108
90379,360.0448650945333,149
90529,353.2180509875568,150
90668,337.16672061207623,139
90810,303.22168592084034,142
90965,357.9792199239473,155
91092,257.8161109654418,127
91244,362.92883396119794,152
91406,372.68362120510903,162
91526,221.32569434501602,120
91653,227.82893069584833,127
91770,212.3861919977634,117
91884,212.23137635967595,114
92001,202.39344296131182,117
92114,232.20852869361994,113
92270,324.68537091108294,156
92402,325.4233983490345,132
92536,321.21522095272553,134
92672,327.5261829983101,136
92846,522.8047159378339,174
92957,224.98985014036867,111
93061,173.76662289133063,104
93205,384.7833529493599,144
93350,372.30911434159776,145
93489,302.07377067994906,139
93636,353.084660756543,147
93776,340.3881368484737,140
93916,313.8006045586184,140
93997,157.93253486460154,81
94093,168.0787846200321,96
94229,316.15375944702026,136
94351,341.8857243256721,122
94433,155.28328082325874,82
94576,363.1642084927276,143
94700,342.6747746644546,124
94806,212.5645881534639,106
94929,327.84882937385623,123
95012,159.1922975890762,83
95123,282.06342336764015,111
95248,364.1415828458466,125
95338,154.73424876115988,90
95424,166.11812215197878,86
95653,711.1949303529718,229
95761,267.3253095670136,108
95929,479.9597686285869,168
96035,212.33860047439805,106
96146,282.02463919176216,111
96268,346.9085309871055,122
96393,332.6273095165905,125
96529,283.17224838871977,136
96648,314.9457092529628,119
96728,148.15392573174165,80
96858,358.067089581629,130
96996,341.1532965373204,138
97069,123.18912295252949,73
97146,142.40818359824348,77
97236,170.5755119932163,90
97380,312.20178418481356,144
97459,140.78767042002158,79
97606,369.0803275716238,147
97707,173.0361637308938,101
97845,302.572128978902,138
97919,129.76101903447923,74
98002,155.95709588127767,83
98077,128.71559314081819,75
98153,135.25582384928688,76
98232,150.6916846733425,79
98358,268.4997870792021,126
98452,218.61244925105208,94
98560,262.9712350313607,108
98645,167.46998992075336,85
98766,325.4930205663166,121
98898,324.2199614533983,132
98978,147.82932677801108,80
99086,260.2040072145394,108
99170,161.61043054738946,84
99300,312.1465689982356,130
99379,151.2148506094996,79
99463,165.18722013039186,84
99589,323.1222264400706,126
99716,324.05201101449234,127
99822,231.49414685741763,106
99915,202.0328953872415,93
100057,299.31393328355273,142
100165,261.87409965988155,108
100270,250.2678135905479,105
100402,368.76358511634106,132
100492,207.58341630396245,90
100631,350.55422344739753,139
100735,255.83163338113684,104
100827,210.54189852516467,92
100920,217.47404979047116,93
101026,250.8140258298301,106
101141,295.2506511960939,115
101244,245.22460241731352,103
101336,208.31267347453652,92
101455,283.8938250794085,119
101552,234.84372427348043,97
101673,328.5252105981441,121
101764,210.71094150928943,91
101877,280.81963674632397,113
101990,281.61798479978677,113
102079,173.6285144377313,89
102165,161.23378208339932,86
102255,208.3185770946844,90
102360,249.16461871797338,105
102491,308.9556014703046,131
102610,318.3416280672208,119
102730,302.24384835704524,120
102816,161.94049476770005,86
102940,339.24045666778636,124
103059,299.40059101534433,119
103180,326.26432359751175,121
103293,278.0262722393482,113
103410,311.7054318429576,117
103531,320.35725483980997,121
103649,302.3937553334767,118
103774,339.5744582427359,125
103909,362.5116625078135,135
104028,320.96415922785957,119
104153,343.54786982391994,125
104278,324.43755484026957,125
104399,316.2077390352641,121
104517,314.12705330673214,118
104645,349.7882738333076,128
104732,172.82170180983962,87
104814,152.70115562212177,82
104929,297.9530280447366,115
105034,255.47095169429912,105
105123,184.5438721512936,89
105251,362.5149273172786,128
105370,311.83952412629367,119
105495,317.34176364086846,125
105607,280.29321451359783,112
105721,287.2225014459775,114
105835,279.5368651437049,114
105956,328.7960147308563,121
106041,164.1764076777659,85
106157,304.64026371908767,116
106282,310.9854597047717,125
106379,224.2011412034239,97
106506,361.13214820767195,127
106629,336.2434702400224,123
106754,343.5009316727281,125
106878,340.1939366287644,124
107001,336.25013091090483,123
107124,331.55753387666084,123
107246,328.786197227281,122
107369,334.7404807783983,123
107492,333.0937370527998,123
107614,332.5515511534868,122
107735,323.566905904322,121
107859,340.1496490378539,124
107981,333.28106710126474,122
108104,339.64368155519696,123
108231,349.6967230406767,127
108353,332.6540759153166,122
108471,310.81061927340585,118
108595,333.6354002391875,124
108717,329.0271228257327,122
108839,327.83371034246966,122
108969,354.7508986539582,130
109092,332.2147402246698,123
109220,340.9831907072374,128
109343,328.0955833010195,123
109471,343.0971866568068,128
109598,342.1904106745875,127
109723,334.28571299863034,125
109851,340.9136871044536,128
109976,337.3876383558772,125
110098,330.4502948423406,122
110223,333.0669073347166,125
110342,321.8819543616587,119
110466,330.03782033037754,124
110592,334.2186072300389,126
110714,330.5603538541011,122
110831,305.9805449674647,117
110949,317.25032863475695,118
111069,318.9430506140077,120
111190,327.929033991552,121
111310,319.9675964113936,120
111433,332.2642829904779,123
111554,328.0024942439973,121
111672,307.06730438423756,118
111787,300.7793625033702,115
111907,324.3866155326998,120
112026,319.16555916925864,119
112147,328.17320373863697,121
112269,323.50092006891936,122
112383,299.93961340885267,114
112501,317.61302578698104,118
112620,308.5891104149412,119
112735,301.91287292333465,115
112855,325.89316145404035,120
112968,288.7618596710514,113
113062,214.34724614771886,94
113186,337.7766141482594,124
113308,333.9638156972415,122
113428,322.5602533125046,120
113546,310.69497611307384,118
113671,337.41339862579673,125
113776,252.71033294390563,105
113897,327.0312106039868,121
114016,320.8141972745718,119
114134,325.3973734632629,118
114252,310.72326031110447,118
114372,326.50605251820747,120
114490,318.3147764089272,118
114613,332.84075460707044,123
114732,323.76194990852514,119
114852,323.4046861762143,120
114973,324.3455202031146,121
115091,318.4286485216329,118
115212,325.7334234072414,121
115335,330.183444831704,123
115457,324.47531989579943,122
115580,332.9008950395538,123
115699,321.0870066001305,119
115818,319.1456018771972,119
115939,324.9186504618775,121
116061,329.3825390322961,122
116180,319.77364989192137,119
116301,321.97341847349065,121
116421,319.3610155611537,120
116543,329.389657731325,122
116664,323.29784484759546,121
116788,338.50382481445547,124
116911,327.6106743016806,123
117035,332.9325348254726,124
117159,333.5974334086096,124
117282,331.074652198592,123
117406,337.10623067527035,124
117530,333.28204940729876,124
117653,329.0024716114068,123
117774,326.65621910969634,121
117898,336.23573046566213,124
118022,337.1625953676976,124
118147,335.0574848439478,125
118270,332.2722940740688,123
118392,326.0722321240726,122
118517,336.6814224233114,125
118642,333.9038175226441,125
118765,330.9765109559995,123
118878,287.57852475933635,113
118980,241.5123290039415,102
119100,324.9595084947326,120
119218,313.36633038834674,118
119336,314.7912266893647,118
119456,312.5890241401613,120
119571,297.95469195620836,115
119698,342.1773311810437,127
119824,334.2845599426251,126
119943,318.36943579269507,119
120063,311.7286236382243,120
120182,312.287012967073,119
120304,328.1140894898309,122
120426,329.4459416620794,122
120549,330.10319358568654,123
120650,236.02761884507487,101
120771,320.668474840107,121
120892,319.5745185861295,121
121017,328.0112229171799,125
121138,313.026625195298,121
121261,320.72061385493544,123
121363,237.40999712786692,102
121487,327.86871145259494,124
121613,330.2416065775629,126
121735,309.6368451625664,122
121858,319.8774167733584,123
121981,317.5552116539122,123
122100,300.2040149163562,119
122224,323.4188376306815,124
122347,321.49068630691016,123
122472,330.94763427684745,125
122598,329.7568065730445,126
122724,334.27877374978596,126
122844,317.63495362983576,120
122966,322.9303477487397,122
123087,324.03724423227897,121
123210,325.5628607176592,123
123332,321.7253383361561,122
123454,322.7073449162868,122
123576,318.42753638970146,122
123700,325.50099382089445,124
123825,331.99137197432714,125
123948,321.98190851447754,123
124069,318.7668343049777,121
124192,325.7017981331515,123
124316,326.82283681355017,124
124441,327.2969557412383,125
124564,325.9154526465766,123
124685,319.88453805066797,121
124808,325.47124878317226,123
124933,331.58155274409626,125
125057,327.28872838716137,124
125182,329.76974224719186,125
125305,327.784402703571,123
125429,325.0232385070235,124
125553,331.62992856830897,124
125679,334.28265178658233,126
125801,326.2464062031958,122
125926,329.2393906733697,125
126051,327.6339797513347,125
126172,323.1672937470054,121
126294,323.71023086365744,122
126417,323.6139169377667,123
126540,328.59143066245724,123
126661,322.1505520200505,121
126786,332.87835506135366,125
126910,328.21542884812374,124
127035,325.6739839632888,125
127161,335.89678005483034,126
127286,329.1358416737889,125
127411,327.34819207069324,125
127536,331.9212769052373,125
127661,330.22808990355713,125
127787,333.1228162482507,126
127910,321.4199575602996,123
128037,334.23439931936633,127
128163,330.8494847128811,126
128288,326.1551185203848,125
128413,326.06241164579507,125
128537,328.5635038164156,124
128661,323.55451745688487,124
128785,328.0464831365011,124
128910,323.81767035893785,125
129036,332.16059415544095,126
129166,340.5742612207777,130
129293,326.9663262165707,127
129420,326.8613242177902,127
129549,336.2386684384049,129
129675,327.3252462525654,126
129804,334.0576940313632,129
129933,335.49349939581174,129
130063,336.7786531611764,130
130191,332.2926813638927,128
130318,324.79678021889345,127
130445,332.4641544636733,127
130573,334.55839111890737,128
130700,328.7865387765304,127
130824,316.0827729911407,124
130953,337.1594546848734,129
131080,330.232805895903,127
131209,343.5904994167057,129
131339,344.7189862025647,130
131470,343.8693733872046,131
131600,343.8530481263417,130
131730,341.91256270586496,130
131858,339.15367774449476,128
131989,348.28001314725606,131
132118,341.0394115168416,129
132247,343.1153670462487,129
132377,342.3648248525214,130
132507,345.3785907117324,130
132638,349.2601392943313,131
132768,342.5907083501371,130
132897,342.70113811802094,129
133028,346.49555467273024,131
133159,347.3432601889336,131
133290,344.21965771582774,131
133422,344.64312124581716,132
133554,347.25784217506845,132
133685,343.505577870604,131
133812,336.9144469389715,127
133943,343.67212528241896,131
134071,337.8369784471881,128
134203,347.4285750549058,132
134334,345.56193086250113,131
134462,339.0375387882786,128
134593,343.46842150469996,131
134722,338.9446335786632,129
134850,339.08414709898966,128
134981,345.7756529939263,131
135111,341.7593055107757,130
135241,343.6198259669437,130
135374,348.1763082946308,133
135506,347.72964937330863,132
135637,345.84453625140526,131
135765,340.9446372607731,128
135893,338.53420968453025,128
136023,343.4971486221096,130
136154,345.29426972584804,131
136288,353.5407231224567,134
136424,359.1877494374222,136
136554,343.12420259171114,130
136685,344.01741363563696,131
136814,341.6695880779743,129
136944,343.2356058927808,130
137073,342.0784545015643,129
137202,339.53279650683004,129
137336,349.96685195046183,134
137464,338.45252408218846,128
137590,334.1699692075562,126
137719,345.9416534239112,129
137850,346.1031674256202,131
137982,350.14019548166215,132
138113,348.45236824443964,131
138243,345.05642446912276,130
138375,348.71394810155124,132
138506,347.63687632530457,131
138641,356.1719179599386,135
138772,349.3830125996499,131
138903,345.2795846335167,131
139033,345.8721596776207,130
139163,346.0540858401506,130
139291,342.5033877810009,128
139427,359.8029222907767,136
139564,360.5885561105419,137
139697,352.51049288597045,133
139830,352.2796025084511,133
139964,352.4683145538763,134
140101,359.07828359307484,137
140234,349.5465992176772,133
140366,348.6156388083296,132
140500,357.3182729477089,134
140634,357.095416810277,134
140764,346.25771434793916,130
140898,355.8509149639576,134
141030,351.58333676063063,132
141165,358.75897495708995,135
141299,356.0424056604226,134
141436,363.3249253144976,137
141576,365.8837503304178,140
141710,357.0111797220892,134
141846,359.47109322334416,136
141977,345.1895865262485,131
142113,358.94929105494083,136
142247,357.99458029160326,134
142382,358.537295557719,135
142517,362.37230295447694,135
142651,355.2081235294137,134
142787,360.18717723847504,136
142921,359.42800414515875,134
143056,360.86009460303035,135
143190,357.22938346684504,134
143322,352.8680034316055,132
143453,353.53517349372754,131
143586,359.78799686742957,133
143720,359.53526914756145,134
143853,360.48631368124,133
143986,360.933703519738,133
144124,370.22553002797804,138
144255,351.26012686596164,131
144388,357.723729891426,133
144517,347.50827415839177,129
144647,352.5223666354521,130
144780,352.0681205376755,133
144916,367.32193399182853,136
145051,367.32481237343666,135
145183,354.57001248720843,132
145313,349.4573728844533,130
145450,366.98724139174533,137
145580,351.4188572442747,130
145711,354.8520274494348,131
145844,360.64883942465855,133
145973,345.04170837958407,129
146105,356.86750800543376,132
146237,356.1897813777588,132
146369,359.6349125212229,132
146505,366.4626411973711,136
146638,355.3042191166301,133
146768,350.3130541926231,130
146898,350.97068899779873,130
147030,355.79615509831626,132
147159,349.1883717355397,129
147292,356.14125436514723,133
147424,353.9643860050559,132
147555,353.2157089249908,131
147688,351.27977907178195,133
147823,358.7751754865093,135
147955,352.51830300407255,132
148085,347.97379469410953,130
148221,360.0054508725044,136
148354,355.75155338451816,133
148487,361.40746078111846,133
148623,359.5757056734844,136
148757,358.0998104546529,134
148890,353.5549143529489,133
149022,353.2847049787103,132
149153,348.35392996806587,131
149287,355.2815850980924,134
149422,360.0876337714344,135
149552,347.11647982707126,130
149688,362.18757346318915,136
149820,350.952659026136,132
149953,354.998678407021,133
150086,355.02104830498234,133
150220,357.95446168038495,134
150354,355.91933124054503,134
150489,356.3898558885229,135
150621,352.7855303752356,132
150758,361.1211849745585,137
150891,352.0390598350543,133
151026,355.78983145404067,135
151160,356.7013352004872,134
151295,355.79734113126295,135
151432,361.8060345926815,137
151564,351.1261228377811,132
151698,357.3085725256067,134
151833,360.54713487291554,135
151966,356.3231194282851,133
152101,358.9102492317679,135
152235,357.84275062222906,134
152368,355.35249531773735,133
152505,368.645624365643,137
152642,365.7229036180009,137
152777,360.40077162339276,135
152915,365.6110177066915,138
153053,368.5082937802113,138
153185,357.2955192159101,132
153324,368.92475199158105,139
153461,361.8992827281757,137
153596,359.7082106820306,135
153732,360.1125314023548,136
153867,362.3771183902839,135
154004,365.6501811695298,137
154143,368.07056414891497,139
154279,359.7960559609893,136
154413,358.42123783962205,134
154552,371.4060334825068,139
154689,361.47928273278745,137
154829,373.5745190823023,140
154967,366.55614407213426,138
155107,373.0654812838502,140
155248,376.03996611869974,141
155390,368.52796074742133,142
155526,361.01823876055556,136
155660,356.13527744900756,134
155798,372.43077088591485,138
155935,373.6099834018098,137
156077,385.2371145714372,142
156220,391.8003374085129,143
156354,364.95666830150856,134
156491,372.9562660187895,137
156627,372.22671031606603,136
156765,370.5633288338526,138
156901,368.4186813616099,136
157039,371.1342129715087,138
157174,361.5136723632889,135
157313,374.4657600905187,139
157453,372.19169890055633,140
157593,381.0708212721405,140
157730,369.20511828945973,137
157871,392.26651093785944,141
158011,377.1660673669113,140
158149,379.4260085325469,138
158287,376.7311338437129,138
158424,375.1970794073906,137
158564,380.113878504162,140
158703,377.82047132325937,139
158840,371.9553363287996,137
158980,380.7620066910497,140
159120,384.56853908935403,140
159256,372.6842769021593,136
159392,376.6909164494003,136
159533,388.5425472225307,141
159673,389.34054321768866,140
159815,392.09002921272935,142
159963,409.6567783690608,148
160107,398.43207223627695,144
160253,400.9934345433824,146
160397,392.13507851962106,144
160541,392.6425603489278,144
160686,400.89284012514855,145
160827,382.4249982827277,141
160974,400.2624315279964,147
161116,384.6946170275101,142
161257,383.01786708725774,141
161403,399.99633802748144,146
161548,390.45521254903997,145
161694,398.7304433549275,146
161839,391.61666016679095,145
161979,382.80926840038995,140
162120,380.8382268177491,141
162262,390.53187611650884,142
162402,385.3800275311298,140
162543,389.17715842525797,141
162680,370.9716432667408,137
162820,377.6678293522983,140
162960,382.0526912127079,140
163099,386.52460498407925,139
163239,385.25953926282347,140
163381,395.7280632233804,142
163522,396.6010898861842,141
163658,371.9422518246115,136
163796,379.7679324111694,138
163939,392.703331272383,143
164086,412.05148477404083,147
164236,425.46130609457333,150
164383,409.1631908079709,147
164529,412.18775820950884,146
164676,411.0940395201123,147
164820,398.90679371233045,144
164965,395.1839619016071,145
165109,401.2152427947056,144
165255,411.6795839280544,146
165397,394.3732215081981,142
165543,402.7215762712504,146
165690,415.2781565874906,147
165833,400.0089874702659,143
165977,403.4664931272885,144
166123,411.9620604368252,146
166267,399.36964220655256,144
166416,415.9044079867586,149
166561,400.00070728654515,145
166706,404.34698774968916,145
166852,414.18153514795523,146
166998,403.14837847990935,146
167144,405.97628606989394,146
167291,402.021623596093,147
167441,418.93735593287886,150
167586,401.90354227974933,145
167728,393.55415584801165,142
167873,407.3258291840299,145
168017,411.5268668977705,144
168162,418.33211548021393,145
168307,410.6869243400463,145
168451,406.40702896471873,144
168593,403.6588460379158,142
168736,396.72716360452995,143
168880,411.30557696580837,144
169025,416.0511179407894,145
169176,430.169677902368,151
169323,425.17716470350507,147
169469,420.53764940479124,146
169613,413.71690660939646,144
169754,405.5402510648029,141
169900,421.73815186335906,146
170048,418.695741900663,148
170198,428.3516387643331,150
170347,426.6895569063854,149
170492,409.1648383800447,145
170641,434.1599231021641,149
170786,413.25464584434286,145
170934,423.5976656696967,148
171079,408.2468823874206,145
171222,407.7701286770205,143
171371,429.81312613595094,149
171519,426.01345536680503,148
171670,433.9798496658208,151
171814,416.2177856575971,144
171964,430.1906415018833,150
172120,449.13107042422655,156
172281,466.25691625621124,161
172438,445.4428468741825,157
172592,437.6212020428383,154
172756,483.16768150342176,164
172915,461.448776024605,159
173061,412.42044659446384,146
173208,407.72836610666667,147
173363,446.5074966636093,155
173508,406.29768022894876,145
173655,415.3460312104423,147
173811,444.1849296816713,156
173957,419.3997526853336,146
174107,429.3919903367601,150
174261,441.79942576643435,154
174416,444.1838936107271,155
174566,420.70840956935245,150
174714,417.6314521527566,148
174863,421.83789943587607,149
175012,425.07957176027503,149
175164,434.79202067891964,152
175355,581.8296698943306,191
175513,459.62838495414223,158
175710,608.5805471075763,197
175867,451.50705978463156,157
176016,421.99371405700526,149
176189,506.4624446574677,173
176394,632.8533265424753,205
176593,606.3297390677116,199
176748,441.28559520805624,155
176920,506.9789199421234,172
177084,486.27923837923885,164
177244,458.8328808360248,160
177425,544.5683528991126,181
177620,583.3720317358648,195
177780,459.00115849691133,160
177976,593.7137405988449,196
178169,596.5249607516363,193
178377,645.3643818108269,208
178579,622.2511857459247,202
178782,632.7784777979955,203
178982,619.0283452848008,200
179185,625.7000464888602,203
179401,677.3733651859535,216
179619,674.6399009649125,218
179822,632.0651965302324,203
180022,609.8080403831406,200
180238,657.4750368140714,216
180345,229.08011016553138,107
180513,437.20023296176953,168
180719,615.5994482221831,206
180928,632.6110031061665,209
181141,645.8512545816328,213
181361,673.0910745122786,220
181567,623.6420669173033,206
181778,636.7483263767824,211
181884,222.3717838189677,106
182091,623.5800238169354,207
182261,438.52705935446755,170
182365,217.68455268806989,104
182467,212.2760630490133,102
182676,626.7712191009214,209
182846,442.5245796777219,170
183058,647.1358581578428,212
183165,229.67237569449816,107
183373,620.280623605984,208
183477,220.48721273285037,104
183690,640.7657730243515,213
183793,215.26355149648498,103
184002,625.1659284871126,209
184213,634.1002566020771,211
184411,591.7350776917762,198
184611,582.3639014091104,200
184818,613.7558782684672,207
185026,627.2999431087287,208
185193,430.0133664649225,167
185363,438.7452619875542,170
185570,606.3740237338849,207
185798,687.9314052240575,228
186008,628.1461610704282,210
186210,586.3138712004859,202
186422,634.8140236639149,212
186589,427.77945701578136,167
186809,671.9003808124223,220
187031,668.9113217520116,222
187233,601.9747495038915,202
187443,630.9704636537032,210
187647,601.0264948929113,204
187849,614.0619139727003,202
188052,615.1500266890656,203
188261,630.7394733293569,209
188489,705.9852798687695,228
188713,682.4381646489794,224
188919,627.6780381009568,206
189129,640.1433718238334,210
189341,648.1936228584586,212
189552,639.1413772791018,211
189763,639.9696407543339,211
189962,603.3591520832134,199
190165,600.2434689137148,203
190366,612.0690507613535,201
190574,632.9383470276674,208
190780,622.8765743539026,206
190992,641.5890230646536,212
191221,721.0270769897155,229
191423,602.8251360913234,202
191637,657.4385293648171,214
191839,609.3601779568513,202
192051,636.8446934765169,212
192259,630.31549210098,208
192473,653.6381103781597,214
192686,645.3967557341118,213
192899,642.7053651011556,213
193121,674.9275102871868,222
193341,662.109493906098,220
193551,636.3388604235968,210
193779,712.7359670741415,228
193991,628.0836463796234,212
194199,638.9473462746154,208
194415,649.9238321515061,216
194639,686.9144755090321,224
194855,658.6257249064657,216
195098,748.0854220564999,243
195318,656.3765940904641,220
195544,689.9784458133555,226
195767,683.3785117722783,223
195973,607.8992756243416,206
196202,691.7744912277727,229
196426,691.50271623848,224
196642,655.2662788951708,216
196856,637.206956886326,214
197091,730.0334244933493,235
197317,687.66146161872,226
197549,731.6351520881633,232
197756,607.6789082174317,207
197976,664.4363287482525,220
198189,632.8378050122581,213
198403,641.1836616615662,214
198631,703.9788137839329,228
198838,612.9952306166421,207
199041,594.1315230293633,203
199246,610.6589589398704,205
199455,629.3518050992938,209
199677,675.2237344171704,222
199900,688.0967948273739,223
200107,611.7678848474436,207
200358,791.7710575075607,251
200570,633.6176681534529,212
200782,635.5876581150436,212
201007,704.0635449817611,225
201218,629.3335891822347,211
201427,626.5296999731323,209
201668,754.9357924306333,241
201893,698.8522917855183,225
202143,778.1727859343332,250
202367,682.8062893456525,224
202573,617.3939696838313,206
202792,670.4253178166317,219
203036,781.3882723556712,244
203253,677.6264750020964,217
203478,714.3032385579123,225
203727,788.3241353140666,249
203950,700.3456858583323,223
204185,751.9774896938064,235
204413,725.3022125696878,228
204627,659.9812144273463,214
204729,210.4050934591713,102
204952,701.0685986298284,223
205175,684.5379861824911,223
205389,666.138155147888,214
205617,727.321542361779,228
205828,649.1035768303507,211
206039,644.7684739422381,211
206252,659.3336021311252,213
206468,665.7765873504046,216
206676,629.397990729953,208
206912,761.3146418026035,236
207120,643.0012746790193,208
207327,636.984301497836,207
207541,671.0547132617867,214
207748,626.2926196920523,207
207981,747.8864330205315,233
208192,653.8393864129226,211
208403,648.9178290629181,211
208613,640.5514554057604,210
208825,651.5109252336116,212
209041,672.33032069818,216
209256,678.9925379835047,215
209465,650.679080063763,209
209682,676.9470350217482,217
209895,656.2807367026807,213
210110,676.1359945204916,215
210315,629.8103918893102,205
210522,636.0034873381431,207
210736,679.8384668341565,214
210953,680.0653796106166,217
211160,662.8985489541675,207
211367,640.4694963629786,207
211575,644.5829159417411,208
211783,648.686939954978,208
211990,638.9235000044923,207
212200,659.7872200105793,210
212404,632.6714525496536,204
212607,626.090985913207,203
212807,613.1062935881135,200
213003,610.4212863955203,196
213209,646.469700007621,206
213411,630.4130864274044,202
213613,627.4902651414186,202
213818,640.3590078502251,205
214024,638.1863300331596,206
214229,643.1496708226005,205
214428,618.1739488668254,199
214625,616.1485623215123,197
214828,635.3139455239746,203
215023,601.5291917024642,195
215217,586.8997442869054,194
215420,618.0393587609591,203
215628,654.8085048355123,208
215840,677.3656251704741,212
216030,554.9716490210518,190
216237,639.6411176838183,207
216446,650.7202903048149,209
216654,648.2154898501575,208
216856,622.5560641761595,202
217048,559.5701293098374,192
217248,580.6430324837648,200
217449,600.2706606518581,201
217653,614.4448231005247,204
217860,633.1563784710531,207
218059,585.3305332027888,199
218272,656.9484341448064,213
218469,579.7514280683696,197
218670,582.2496011921278,201
218869,600.2698994308964,199
219073,624.6114270524201,204
219263,559.4957633687283,190
219477,652.4748394568935,214
219656,529.0294560560185,179
219833,508.32880187411587,177
220024,556.2360634762258,191
220189,470.05963215393524,165
220364,517.5805821430756,175
220551,553.7301028067187,187
220757,618.0179346676679,206
220940,532.0100786273614,183
221143,602.8739815399458,203
221339,592.6424588307374,196
221530,582.3954467848008,191
221732,609.7409813796941,202
221928,585.0623596705823,196
222132,603.3646113039692,204
222333,587.0503509903757,201
222545,651.0147151855576,212
222723,517.8391658992626,178
222928,624.9491909598291,205
223132,598.4344603965012,204
223320,558.5079124379423,188
223530,628.142846191832,210
223722,585.3998152961644,192
223915,570.4255549928005,193
224117,587.4585693552026,202
224323,619.882773448716,206
224516,578.029425553451,193
224706,577.6469882157809,190
224926,675.8884740792815,220
225117,576.6628409431614,191
225319,606.8163402699299,202
225519,611.1847921961506,200
225720,587.8005093716233,201
225917,562.0412315143616,197
226118,588.5462011517352,201
226324,584.4617446058431,206
226532,633.1968394802333,208
226742,620.3217822634224,210
226944,611.5624147797464,202
227145,608.4043738922696,201
227354,603.5578290090177,209
227554,592.7691612038268,200
227761,617.5254782192751,207
227963,570.2515649028126,202
228157,582.8370253610916,194
228380,701.0238329022651,223
228580,607.7929806494067,200
228776,590.6280094481758,196
228990,615.3773060963492,214
229191,599.0880520688593,201
229399,618.1015145375427,208
229611,627.0591840233943,212
229817,615.1738130121659,206
230022,606.645390966027,205
230279,841.6769318345224,257
230494,652.1546832889993,215
230771,904.6941112552717,277
230988,670.0376511158815,217
231206,655.2341182942462,218
231461,829.6715073871633,255
231726,856.4043995769333,265
231980,825.5253714966606,254
232220,784.0500517989938,240
232432,640.6020696502146,212
232716,919.189459119947,284
232959,786.9827918296135,243
233170,626.9320734005444,211
233387,670.8373388227394,217
233642,822.9608170038061,255
233905,851.8967523173882,263
234169,840.2145021321872,264
234411,783.5507575974415,242
234617,600.4898987757164,206
234786,429.59363905430627,169
234999,648.8506490037626,213
235229,715.9801282646026,230
235446,669.9572044952635,217
235707,846.3848135869798,261
235961,818.6981355938423,254
236234,887.8414415480981,273
236485,822.0536481552323,251
236760,889.7891392342092,275
237017,824.9957532210773,257
237296,891.4051373160324,279
237515,680.8370988102665,219
237725,624.139769581886,210
237937,624.1957042103245,212
238196,826.713643351268,259
238456,843.653531289354,260
238665,601.088371653746,209
238887,682.1110527484938,222
239102,653.589517128854,215
239376,876.5706129019461,274
239632,825.7878548677638,256
239872,777.8953806541656,240
240131,818.8920559478166,259
240403,863.9552439552116,272
240624,682.3770153431575,221
240887,848.4613903678937,263
241119,708.6834664518614,232
241370,795.3927698707912,251
241634,845.1344410536133,264
241866,699.3944948860751,232
242142,883.8889520442485,276
242382,730.889122685016,240
242636,816.4752676958182,254
242877,740.7169974019434,241
243133,832.147700209957,256
243411,890.811440922507,278
243670,819.6784179599223,259
243937,846.7199193898755,267
244188,806.0315317489426,251
244463,859.7843065149224,275
244736,856.9603433148766,273
244995,833.2025550753577,259
245278,918.9486679038733,283
245550,861.7496275016948,272
245716,405.4894692399369,166
245999,931.0448344207243,283
246245,785.5877574588899,246
246530,906.5011463381743,285
246800,882.4665902885819,270
247025,679.4928537501133,225
247283,834.6608701747202,258
247534,824.3106565973502,251
247763,695.1229958101004,229
248025,865.9583131071199,262
248297,893.2244090974807,272
248562,868.1455881892239,265
248809,786.165307809774,247
249064,820.933436244043,255
249307,783.2140104269082,243
249554,793.7783141805645,247
249806,808.0711440016389,252
250053,812.0827765217776,247
250327,896.3536978950149,274
250604,900.376402758499,277
250878,907.2427229050219,274
251110,704.5720928344019,232
251379,876.8283028783083,269
251626,798.1261667850118,247
251897,892.3337489186378,271
252160,873.1329225404825,263
252252,178.10874260865626,92
252504,821.7039700751682,252
252763,853.1286099289784,259
253025,863.4950729937061,262
253286,858.7542805415576,261
253536,830.282143328829,250
253803,869.2539907840014,267
254056,814.6592255956243,253
254333,891.607360053293,277
254564,682.1327748226869,231
254847,889.8422217218991,283
255124,896.8563921098416,277
255217,180.3626062547532,93
255487,871.2560621656428,270
255754,865.9293586330924,267
256028,896.166816923527,274
256307,912.3061228963962,279
256579,886.5455006173653,272
256856,905.0210073828445,277
257142,927.1614604103872,286
257236,183.79874425545697,94
257407,426.1727709763327,171
257575,420.4775533066929,168
257857,912.7943571047149,282
258139,880.046555778116,282
258394,820.2946926816555,255
258680,909.567334105995,286
258940,851.2507441416645,260
259202,873.8251616141666,262
259492,949.2790088875424,290
259741,811.2031766059459,249
260007,871.6080153909102,266
260289,910.4544212925271,282
260575,921.7237964849623,286
260864,918.6490511350102,289
261148,912.3792286653481,284
261432,909.3131208902681,284
261703,887.2502119784256,271
261873,433.8149675544657,170
262162,917.877785703384,289
262441,897.3838678655255,279
262738,963.4671669898007,297
263035,944.5936523703135,297
263330,925.6122451550727,295
263632,948.5562090423779,302
263927,935.4324078986862,295
264221,925.7799212002392,294
264479,828.7621506363578,258
264784,990.566087559538,305
265074,907.3868935409994,290
265369,922.2862928143488,295
265678,999.9321968588379,309
265964,917.0654582968469,286
266255,927.3538249509853,291
266544,909.2627236143977,289
266848,986.4145491257532,304
267101,826.3768570782778,253
267326,660.2879402945633,225
267603,903.4577678572554,277
267893,946.2496989971465,290
268178,911.902913439829,285
268455,888.0437038147064,277
268725,875.6753924306,270
268974,805.2534904079578,249
269254,897.7687887420741,280
269516,853.2693830574248,262
269757,791.4124985022098,241
269997,773.3593432735414,240
270248,824.1878459866153,251
270511,867.8255057590069,263
270766,808.9810732986035,255
271034,864.8391040958134,268
271257,689.3228349483078,223
271519,858.5452600682569,262
271779,848.0514965692056,260
272049,881.6484322244867,270
272273,701.1603647236841,224
272499,699.5339017075055,226
272766,869.4127600748534,267
273032,877.9569931011715,266
273276,800.5420398471041,244
273505,720.6882229174436,229
273731,706.6542878854531,226
273980,807.688188345988,249
274226,791.6246519501244,246
274436,629.4887052634672,210
274683,809.9408937282875,247
274932,810.8722161156924,249
275140,625.4622150973354,208
275396,845.9525467734969,256
275661,820.2122029396949,265
275875,640.5927788399831,214
276114,779.317935265613,239
276345,749.2057135958268,231
276571,712.7652434227333,226
276801,745.6773225742893,230
277049,814.9498646461861,248
277268,676.4151725922105,219
277491,693.9793285105434,223
277771,911.450108105267,280
277990,675.7641614343942,219
278221,748.8966069701461,231
278457,769.4756456251416,236
278723,866.6385717039834,266
278962,778.7596273746157,239
279221,851.269101479053,259
279476,825.373018213788,255
279756,913.6085954170597,280
279994,765.3744588578337,238
280249,844.3204914028153,255
280502,843.0003302437462,253
280785,924.4948286830198,283
281056,885.8964951278272,271
281318,856.7740736500839,262
281560,788.4565548746752,242
281818,836.2913919049802,258
282102,921.604293987939,284
282336,750.6619000709326,234
282612,899.214723947565,276
282867,852.260629986868,255
283095,688.6200977913646,228
283374,915.8625808257221,279
283634,853.2057203124832,260
283892,848.2699804780532,258
284133,799.8847892102716,241
284383,831.0374347560175,250
284624,800.5459829042157,241
284836,657.8253994181924,212
285080,804.3399746923972,244
285309,751.7230793881545,229
285522,655.3836068994773,213
285788,882.8291033288357,266
286049,866.0888860476798,261
286313,883.6992165910657,264
286589,893.1790341421575,276
286843,855.8445704572739,254
287090,824.0404855087846,247
287341,842.9031492762433,251
287614,896.4584959548507,273
287870,849.7428749199831,256
288119,832.653521710698,249
288385,870.8280686399713,266
288655,895.4828144052349,270
288863,641.3170014721144,208
289118,850.2836749930049,255
289361,807.0480437042464,243
289610,841.8601417275235,249
289886,903.4561636066352,276
290151,867.5985045259966,265
290425,884.4058392435155,274
290700,912.8833734169771,275
290979,919.3562651927936,279
291245,864.1640602553704,266
291502,848.2448147660252,257
291767,865.9652590931729,265
292039,877.6637288355666,272
292316,910.3202465008135,277
292587,891.4817195996106,271
292854,881.3736695357342,267
293018,421.28257568647,164
293290,902.769456846971,272
293564,893.1255798267583,274
293849,923.8817412811867,285
294015,428.25613082422745,166
294296,907.7309641114435,281
294389,184.45210253313624,93
294670,916.1866190693969,281
294929,849.252822026593,259
295093,430.05638365353127,164
295258,423.6671930951632,165
295524,860.8287905279287,266
295689,425.4082343323279,165
295853,417.94088697822565,164
296016,419.35402159494714,163
296182,422.46836440570803,166
296345,426.9252081398141,163
296507,415.7815593562199,162
296796,914.9938290114474,289
297068,854.0325939263333,272
297163,191.18034939401568,95
297328,425.89165946392205,165
297490,424.83003892597935,162
297652,422.04742214530614,162
297934,901.1240511579485,282
298095,425.48059211426516,161
298258,421.7363110726224,163
298424,432.95602529482284,166
298703,906.3889624897432,279
298866,426.1944515369545,163
299126,853.8376635881789,260
299404,892.215996555147,278
299571,450.83561793234924,167
299738,438.6924253316915,167
299903,422.35460132737023,165
300068,429.86688842788163,165
300285,688.3841821683932,217
300453,449.22281399493835,168
300686,762.30596288919,233
300854,436.03849146608815,168
301020,437.4918283193394,166
301283,867.17869462688,263
301537,850.220900973754,254
301748,661.6886703417265,211
302002,831.5170850921045,254
302243,804.3675134605812,241
302464,708.8482396711679,221
302724,860.7287740431599,260
302998,904.9885363536611,274
303163,437.57529554967465,165
303448,921.3274933182,285
303721,905.5970494908995,273
303990,891.7066781157147,269
304267,896.9177445903186,277
304435,436.5421074016735,168
304601,432.2809807079433,166
304864,874.0581720508779,263
305124,858.7702314000844,260
305291,450.10580574613607,167
305500,655.3960982332283,209
305710,653.9822113842467,210
305879,447.87047035532777,169
306088,657.1229264220051,209
306316,731.3444389358425,228
306482,443.9544955968333,166
306693,668.2679909578188,211
306904,659.7292473487939,211
307075,467.34270345629574,171
307239,431.6091096959244,164
307409,446.38645867644357,170
307581,466.9824944771608,172
307792,656.4333903190827,211
308005,678.3516236684287,213
308173,447.5752077143428,168
308448,900.0473760941501,275
308659,659.3557874131549,211
308828,459.9841112863804,169
309074,817.421319947137,246
309239,442.3096568211016,165
309409,464.22699630811024,170
309618,656.7892365184084,209
309830,662.8447998331154,212
310034,621.2066290573625,204
310205,464.0451693396178,171
310373,446.42825284200785,168
310583,665.1748025446609,210
310750,450.6528398932492,167
310961,650.0299033371323,211
311173,672.7228183850318,212
311384,650.2631544389317,211
311554,457.2348802014024,170
311758,628.8692503348788,204
311968,662.4322439801183,210
312133,437.38146891125336,165
312339,641.0662083984557,206
312548,659.7094131269494,209
312757,654.9954330390208,209
312966,655.2908152867499,209
313169,636.8108343321649,203
313376,655.6829226234559,207
313586,654.653434140564,210
313794,654.229763380069,208
314003,651.7592903156319,209
314211,658.4396543528261,208
314418,644.3490834994211,207
314629,661.1000420643163,211
314882,821.4755109439088,253
315090,650.2294059261519,208
315297,646.1443593443911,207
315509,655.2978211806707,212
315716,652.7993706507253,207
315927,657.7580179694972,211
316140,665.3902970079117,213
316348,642.311627862083,208
316552,637.4756720924452,204
316762,651.1147311332738,210
316970,650.2947254860676,208
317181,664.1631611721982,211
317386,633.5908973285136,205
317597,657.417246404566,211
317806,661.9506167931718,209
317972,441.45506342944475,166
318179,649.6464053976084,207
318387,652.7260963380328,208
318597,659.3547909023788,210
318801,633.7280170913702,204
319010,665.4863689366175,209
319220,649.5476325404651,210
319428,656.4295419387751,208
319637,659.5624409677015,209
319849,672.4737535084543,212
320056,657.4827879324056,207
320255,623.6162540166888,199
320463,652.8015349974983,208
320670,649.0291085180639,207
320881,652.4968510318872,211
321091,653.5265160659625,210
321296,641.7470022030303,205
321506,654.3417616700583,210
321716,655.4444271527718,210
321920,639.6214899293342,204
322132,672.5399766258525,212
322343,662.8822528088382,211
322555,668.1925813813702,212
322767,659.1796740742603,212
322977,651.0103941773874,210
323190,667.5955998609944,213
323401,659.6428723089624,211
323633,741.8639222480795,232
323843,663.5344074585256,210
324053,663.2459223744502,210
324266,668.7164631256207,213
324475,655.452178443373,209
324680,651.7321784472034,205
324886,653.36245741462,206
325097,656.5097531198527,211
325328,753.2844353730524,231
325536,649.3263067474156,208
325742,652.1000042687583,206
325946,631.3567117813012,204
326152,642.4340635581262,206
326355,633.1413544498166,203
326559,641.1945269798135,204
326763,630.7968725632612,204
326964,625.8833916057283,201
327160,608.3985242830308,196
327365,626.6655393385496,205
327570,617.9134231816503,205
327809,784.9343374398787,239
328016,644.2906117876397,207
328217,624.1078060458448,201
328425,655.6792437172525,208
328624,624.0104485236603,199
328810,567.2975168140699,186
329013,638.0591661152091,203
329225,668.3624376146153,212
329430,637.0399664159852,205
329631,629.1839288571589,201
329834,635.7797484109874,203
330040,631.3414366271567,206
330244,623.3901991511195,204
330454,647.0588137694349,210
330660,642.8875080367195,206
330866,639.0803135407452,206
331062,601.457357425039,196
331266,617.177913834664,204
331464,606.3453827260267,198
331669,638.7371637269051,205
331865,596.3945175642228,196
332065,617.8514891701747,200
332261,593.1098931990301,196
332451,585.6556691551395,190
332638,575.9304126365134,187
332843,627.1050658516469,205
333025,556.8062541941425,182
333228,617.183168304381,203
333433,627.4520620176868,205
333638,634.2037879162876,205
333839,622.6813100356318,201
334037,605.643580566054,198
334240,630.2259868449901,203
334426,569.7627458874597,186
334627,618.8215135421879,201
334808,547.9268621184643,181
335000,595.140170840218,192
335204,620.479420757972,204
335419,664.5000114523349,215
335604,552.7316040766541,185
335785,545.4549838594344,181
335969,570.0506456312598,184
336167,587.5690475983824,198
336370,610.6285029595828,203
336577,643.593257770866,207
336770,585.4756136762394,193
336966,591.1639138242965,196
337161,591.7849011666065,195
337363,604.1663516336555,202
337566,623.3679612415553,203
337770,620.2555238716229,204
337970,606.7191769144636,200
338165,590.9506209917408,195
338388,692.488141699662,223
338577,578.9842712261093,189
338767,588.0865545162447,190
338984,661.8124951546853,217
339187,618.5864805353865,203
339391,623.6201206588144,204
339597,630.8910949387567,206
339812,655.6238199577043,215
340012,598.4935673868188,200
340221,635.7402809949667,209
340430,627.3740651698284,209
340668,752.3088676811342,238
340860,582.7757037817188,192
341055,594.3090314262087,195
341271,657.0968232601822,216
341466,592.0537488509567,195
341658,582.0190550075985,192
341912,803.1232377093477,254
342119,622.047805947249,207
342327,630.2807063819498,208
342532,604.1140451978548,205
342743,627.9681296532284,211
342935,579.25793579779,192
343128,577.7245765424647,193
343382,821.6007739346206,254
343566,553.0318303917461,184
343762,588.213460583608,196
343970,614.959058225924,208
344178,624.1264698615798,208
344399,674.7029230670623,221
344599,584.2585330360836,200
344804,599.9038424736796,205
345012,615.4134005619353,208
345229,655.5461948211856,217
345442,637.9824684696966,213
345642,594.9607645874872,200
345846,604.6414953711587,204
346049,597.7598077381471,203
346295,793.0518070434046,246
346487,579.136963713253,192
346746,816.4729222588231,259
347006,820.4561147042605,260
347243,756.5980812414945,237
347491,795.3490710521202,248
347683,566.3149962350918,192
347933,806.7050200824916,250
348179,780.3683559373491,246
348441,823.024214897783,262
348630,564.2046387649351,189
348873,776.5286753835469,243
349088,660.1354492492163,215
349284,587.0112084437276,196
349495,645.4423132456046,211
349731,742.8743579711276,236
349989,803.9105702472591,258
350254,827.525936393261,265
350462,619.92247501813,208
350661,585.6017490593936,199
350859,583.7172485647349,198
351052,580.4779197125333,193
351298,784.8195119711431,246
351496,587.5272929111915,198
351722,698.3050092255496,226
351931,626.2562475003934,209
352139,626.4224396764424,208
352336,590.1150159554171,197
352539,600.9591837226175,203
352718,538.4299461638915,179
352983,817.510872314997,265
353178,585.1950132883851,195
353377,593.1117347672719,199
353581,602.4648185731065,204
353792,624.9305193775167,211
353979,562.097090795389,187
354203,700.0331624751468,224
354413,634.0080532911536,210
354623,637.5327586671124,210
354834,637.1903852926636,211
355074,762.1692515876114,240
355273,592.1229228229506,199
355482,633.0883765403439,209
355713,726.774992166957,231
355945,738.5304675266302,232
356155,642.5447896119532,210
356378,693.4219486274635,223
356587,632.3611332979443,209
356814,722.6238503078491,227
357078,833.777635950704,264
357288,625.0433764565394,210
357498,634.4944367586684,210
357703,605.5408338623988,205
357908,602.4850900266597,205
358127,678.722445275684,219
358345,678.5570318397183,218
358557,657.476654085156,212
358768,640.3512845746502,211
358978,634.7033005282987,210
359217,763.2871598587565,239
359425,625.1000054422392,208
359634,630.6352877104466,209
359859,712.1168591221659,225
360070,627.5138983083486,211
360309,768.6453954857941,239
360521,635.6708367699283,212
360746,691.69803122826,225
360965,666.6330328625161,219
361177,638.5885044466557,212
361386,628.0430841212819,209
361603,656.3299007367641,217
361850,795.0564767831564,247
362075,696.5972694054951,225
362295,674.8988793798701,220
362503,624.0153218682154,208
362712,626.2236533188025,209
362946,739.4923867119144,234
363170,682.6300437091811,224
363379,625.9879072864335,209
363588,648.2968805451578,209
363830,751.2137487210646,242
364041,623.7778865525387,211
364261,678.1399012933183,220
364470,616.7197985296204,209
364677,623.2902446250285,207
364919,765.2903765486728,242
365117,581.4516629136359,198
365340,675.4347391904867,223
365535,582.4200682740955,195
365784,794.7391398729648,249
366027,776.8472457840378,243
366234,595.3510031424215,207
366432,588.5338073261595,198
366634,593.3588305593352,202
366832,584.9882322479484,198
367044,640.6542157056535,212
367234,562.7087182253562,190
367435,599.9344868837076,201
367638,604.3655122657747,203
367821,551.3138174655222,183
368025,601.3075589757786,204
368223,583.0236617084269,198
368429,613.7932273546766,206
368635,625.1905833213867,206
368821,558.507774978094,186
369015,571.0352022261404,194
369219,604.8897976880154,204
369436,649.9414193146605,217
369643,617.5787374466671,207
369845,597.7980218028391,202
370051,617.3576364062016,206
370256,605.1744296897061,205
370460,615.7350560936683,204
370645,553.9818278856253,185
370848,598.5576875382898,203
371055,616.4246621314388,207
371261,615.3053925632008,206
371452,565.5481038236888,191
371700,786.9538989469557,248
371883,553.1175058112808,183
372084,592.0203599576241,201
372282,580.5887878798621,198
372488,612.9942064783725,206
372683,572.483079859305,195
372920,761.8271238373966,237
373142,700.2086957700442,222
373342,597.7812353367099,200
373583,765.1662257548018,241
373796,661.1245413945018,213
374002,622.6064470015734,206
374205,586.0856857737421,203
374411,612.4590835692678,206
374606,577.4848328145401,195
374815,633.0547628789103,209
375035,702.1633871480096,220
375262,730.6903980189585,227
375500,760.1998288291011,238
375724,704.0645024238635,224
375980,819.8629915720811,256
376186,611.9913306668338,206
376394,631.1936761769778,208
376627,735.4331946917476,233
376837,644.0194771884849,210
377048,644.2452490730641,211
377258,629.5432856909382,210
377468,636.5005584504735,210
377677,634.8220170034292,209
377888,637.152117015215,211
378100,642.7663873220482,212
378311,645.1493539631268,211
378529,670.2051601493964,218
378737,636.4775785843334,208
378953,674.2588331520661,216
379164,644.9933674461921,211
379374,649.970877753628,210
379616,787.1769792221587,242
379833,660.8406292911646,217
380041,627.1207941080349,208
380252,650.6798814013385,211
380462,637.0317924815665,210
380672,629.0099209409985,210
380882,633.006402634165,210
381094,638.4109550398036,212
381305,643.8812904530607,211
381516,634.4419383029135,211
381762,792.8078718909453,246
381999,751.1046027951501,237
382208,633.3704287661823,209
382417,634.3716947760987,209
382632,654.2420523656526,215
382835,610.3299316840279,203
383046,645.7627722519511,211
383251,628.3828481364865,205
383461,646.9242594206892,210
383670,636.9417422797011,209
383885,668.1502316156198,215
384094,638.2901665004777,209
384295,602.6720657616883,201
384500,615.7272155775577,205
384679,551.0717770649965,179
384891,647.9540173428177,212
385120,731.4936024070772,229
385328,628.5319058114878,208
385537,639.3429522923284,209
385747,646.299836360387,210
385957,653.441174755195,210
386166,642.3072681561495,209
386408,789.1685993998348,242
386648,769.8554259204391,240
386861,660.993996510217,213
387072,645.5612308739323,211
387310,770.0800724119074,238
387528,674.2573368782491,218
387759,734.3068901070213,231
387980,688.3951213042985,221
388191,635.1463901272216,211
388415,714.200284414643,224
388634,668.5980697214504,219
388873,764.1340671695458,239
389132,832.6777646647078,259
389344,648.7028314986464,212
389555,652.2753951582346,211
389765,647.8090532819141,210
389977,652.4006074798832,212
390202,712.1290602068538,225
390414,651.2163838384879,212
390662,803.9233830402407,248
390876,667.2543465549408,214
391092,664.1274951825491,216
391305,653.0576963358984,213
391507,608.4754876655539,202
391717,648.1064809053855,210
391948,738.15507343743,231
392206,826.6361095249024,258
392434,719.8863949034456,228
392688,810.4774633021822,254
392900,646.224435956977,212
393140,780.5168498969915,240
393388,795.9735500549525,248
393607,681.0386944470537,219
393807,607.9404789177453,200
394005,597.3396905016889,198
394205,599.0578049019923,200
394458,803.029298127735,253
394682,694.5065348085062,224
394917,747.8355588144892,235
395153,762.3606257736855,236
395370,671.2247760344592,217
395593,696.6124402966008,223
395787,584.2969091274525,194
396040,806.1897856719338,253
396238,599.6466635743031,198
396489,808.370643395828,251
396708,674.6836099617288,219
396990,898.899362100324,282
397199,629.871607405173,209
397436,759.4776936430254,237
397657,683.3773437717255,221
397867,638.0691780519712,210
398123,821.8580021143272,256
398333,633.2594124386312,210
398572,765.6324785021914,239
398805,742.959540495907,233
399015,639.2999356321187,210
399226,646.6978668767058,211
399454,731.6604328329237,228
399684,746.1472404315016,230
399894,648.7402681023767,210
400104,633.9175374027806,210
400339,757.6314064586214,235
400541,625.0487376869568,202
400769,714.1722238631389,228
400980,645.4976706966199,211
401192,646.6534217372533,212
401432,769.6932330719035,240
401638,640.389845965048,206
401845,630.607702955692,207
402056,654.1431580622714,211
402265,646.8478144030219,209
402476,653.6443434984109,211
402686,641.8733248366639,210
402893,644.6649575074765,207
403100,635.316821672113,207
403303,632.6493624008032,203
403511,643.4997144387399,208
403716,630.8883903442195,205
403923,636.4563759763593,207
404143,680.0928429649784,220
404349,633.9066431564617,206
404558,644.5106496380839,209
404766,631.5677259834589,208
404973,624.3453758235202,207
405184,649.4846827883058,211
405387,627.9442859491754,203
405595,649.1981255834263,208
405800,618.3539608353024,205
406016,677.7375923039599,216
406226,649.8317745935587,210
406426,608.2213589500856,200
406632,625.9217051419549,206
406841,647.0874825396729,209
407044,624.833630877326,203
407255,650.3480342140581,211
407459,615.2882858715791,204
407660,609.5668082429244,201
407866,640.8619614212706,206
408056,572.0615728292676,190
408255,610.2738260756187,199
408458,613.2650542062595,203
408666,647.7483438184912,208
408869,622.9595779324412,203
409071,609.7007346496974,202
409269,610.4391053725133,198
409465,596.8369949814153,196
409669,629.8067504967313,204
409871,605.05151557314,202
410074,618.1996241889335,203
410275,612.0216462529057,201
410473,600.6963512882068,198
410676,619.3142280522845,203
410881,621.0616917161683,205
411083,618.7431352934494,202
411279,589.0829282629337,196
411469,575.9605923466673,190
411668,611.8465962176391,199
411871,628.0477424119691,203
412075,624.0906712610209,204
412261,563.0902300354162,186
412469,638.6124632242253,208
412674,630.7933648457789,205
412875,611.6096098255426,201
413076,611.666353938537,201
413290,666.0915523177397,214
413512,704.7271926268329,222
413711,599.857372673802,199
413921,648.608969109586,210
414116,578.0095558667857,195
414317,614.5522296249228,201
414501,559.9710179092394,184
414707,634.2365924512281,206
414942,765.9442108857836,235
415178,771.1311790753247,236
415370,578.9462399850572,192
415569,601.3469614364149,199
415774,628.3636292792878,205
415978,624.2475633636258,204
416168,582.5101373596194,190
416364,584.506827542528,196
416567,615.3532357130148,203
416760,583.3381733077802,193
416961,613.779614623884,201
417158,586.9932040208242,197
417360,609.4740574380587,202
417562,612.0423621593492,202
417763,604.070275436536,201
417966,620.5326067277317,203
418151,566.7156987092203,185
418344,583.3163863175545,193
418540,591.4797972930002,196
418727,577.6222163168915,187
418923,592.3313414711852,196
419125,599.00585611558,202
419322,589.1093491062494,197
419520,592.6010509037496,198
419708,577.5308845761637,188
419905,590.1855263619931,197
420101,576.660351935678,196
420288,575.6342467044287,187
420466,521.8308664663488,178
420647,529.9277312307365,181
420835,567.9815960482122,188
421021,564.1390380500054,186
421168,401.2183651525075,147
421313,395.04377553908466,145
421463,413.7068975276425,150
421602,368.8297934828094,139
421741,369.38025821162705,139
421926,565.7460932457834,185
422066,374.576339076964,140
422205,361.6050655335579,139
422347,377.4056738076895,142
422482,353.6493618860517,135
422626,389.364304491795,144
422760,345.3744046995653,134
422898,365.0810688449809,138
423084,565.2668165572791,186
423259,511.90361974957807,175
423395,357.96031028805095,136
423542,401.8521919859659,147
423706,478.43334663257815,164
423840,353.8449684563549,134
423985,397.0420956519323,145
424169,555.9147393091673,184
424333,474.56463690291946,164
424467,346.08449770585713,134
424605,353.4540589828571,138
424748,381.4637407424213,143
424939,571.1656007600734,191
425095,442.8865995627525,156
425232,358.4684876791198,137
425424,576.9743459718823,192
425571,396.2289820101059,147
425710,364.6040988952939,139
425897,561.1878029555144,187
426039,381.53089860609026,142
426193,429.7369587187104,154
426339,397.3676619924014,146
426499,455.9092452164595,160
426633,341.8365341303857,134
426766,335.82470735185893,133
426906,356.7412299270827,140
427048,378.6028594547209,142
427210,459.1498864866402,162
427384,514.8934098964122,174
427517,344.01393148715965,133
427701,556.6102560947942,184
427887,559.6472499670791,186
428043,443.16982708392203,156
428180,362.20452986790264,137
428362,546.2256715783872,182
428512,412.4724712888045,150
428649,359.66549793490066,137
428782,346.5872729084029,133
428930,407.475788626537,148
429079,410.48194464524306,149
429220,375.89740018449066,141
429376,437.4008112911099,156
429520,392.03274059690926,144
429667,397.9133300031775,147
429800,340.1168942611529,133
429971,496.83140785963576,171
430105,348.6591532526134,134
430258,424.755891223298,153
430434,519.20839256522,176
430575,377.28770467788604,141
430714,369.65275526084025,139
430851,358.6859619999454,137
430985,344.89008330912054,134
431146,460.40732660960776,161
431286,371.8556798332376,140
431421,350.8067037850854,135
431603,549.8227428760171,182
431735,334.75455910662356,132
431872,360.4638745367604,137
432006,350.05623605591086,134
432139,335.3388135839124,133
432273,343.59121317846194,134
432405,336.2788178702047,132
432538,342.90831982804576,133
432687,409.5764237261982,149
432860,514.4127706108143,173
433011,421.0502465465304,151
433147,356.79539795169353,136
433295,407.6840954165034,148
433427,331.0685036420497,132
433559,340.92318606445406,132
433709,416.33999341283237,150
433840,337.94345059791516,131
433973,337.7378124843226,133
434123,413.9781485977418,150
434255,341.9355597247077,132
434432,537.018406357286,177
434586,437.3748309951215,154
434728,387.69743040742594,142
434896,498.819347325182,168
435040,391.04088737894875,144
435185,397.8590397367118,145
435318,342.73616615459906,133
435453,354.6866338028773,135
435588,358.5710523188429,135
435773,553.6071764087706,185
435913,377.3032629702764,140
436046,339.92928503286186,133
436178,341.6373543184816,132
436356,541.566987402906,178
436496,368.2171510760705,140
436658,470.14569063036896,162
436808,420.09809718922384,150
436952,393.18782851925465,144
437088,357.2436085318769,136
437222,349.9550447306549,134
437403,548.0258602900781,181
437543,374.3291820481863,140
437676,343.9105634167353,133
437815,373.7326760289965,139
437945,331.97199271112544,130
438080,353.76969215630965,135
438215,353.22898817554807,135
438365,419.30192058753715,150
438523,452.00746903396686,158
438654,336.4286650884477,131
438841,568.1325039326678,187
438973,339.6840211396058,132
439144,510.71086858035915,171
439284,375.6914355929794,140
439461,538.7107251209356,177
439652,569.6250594282608,191
439788,353.6393145445213,136
439948,467.1331443640825,160
440097,416.71149692145303,149
440258,472.5656970710273,161
440425,497.80488012595237,167
440625,611.687287825227,200
440784,462.3636798360722,159
440948,489.3981861046506,164
441128,552.2826851455026,180
441322,585.509924212064,194
441525,618.5921149109427,203
441706,552.6165757058619,181
441901,587.5585393863797,195
442100,610.9714049240158,199
442301,616.7338504700427,201
442470,506.53126085023365,169
442656,564.5956045397497,186
442812,451.73261494352914,156
443001,568.0539702169588,189
443178,541.5970192706125,177
443337,466.07343248352225,159
443503,497.0068706567345,166
443702,611.1209037425867,199
443835,350.10845432351954,133
444012,535.8187849902223,177
444187,534.2463031656142,175
444377,576.5444775265214,190
444569,573.8719944288508,192
444761,580.5429559586007,192
444894,351.0067062684793,133
445070,533.874688915583,176
445248,545.0656908196856,178
445424,538.4507442060942,176
445608,558.2215735165594,184
445784,537.5504608852501,176
445956,521.5776340508885,172
446153,603.3399527768005,197
446325,521.2297607988459,172
446469,398.0917585564491,144
446669,603.3397165745782,200
446805,362.28960713078175,136
446949,398.8700069047943,144
447090,385.3674931690139,141
447239,417.5725279678486,149
447421,555.534318733286,182
447609,568.2128118133038,188
447788,549.7933073847566,179
447925,366.6537895414969,137
448114,568.1834648172807,189
448292,543.5236709051309,178
448443,433.6815540237167,151
448643,611.3180173800749,200
448775,344.2703557475304,132
448959,561.7708469688818,184
449153,589.8502725397824,194
449289,361.8622258644479,136
449425,360.1893787203148,136
449557,347.1467655790451,132
449729,521.4003806440343,172
449880,427.7879947542773,151
450017,368.3270359404709,137
450150,349.179156288179,133
450326,539.3948037822041,176
450471,405.0702924536713,145
450605,353.83731977029544,134
450745,382.879521182793,140
450897,439.1216826903642,152
451068,511.74133132147375,171
451259,574.8938701100733,191
451434,536.7245647122727,175
451620,563.3779630237977,186
451807,568.2308958958098,187
451952,405.407538943834,145
452135,555.0840889879017,183
452295,470.98016898965443,160
452458,488.28836882791717,163
452633,531.11246260893,175
452762,326.6248622633234,129
452894,347.2694188274239,132
453028,352.1307403548516,134
453160,343.18581392742783,132
453297,357.86755891090536,137
453429,345.48083303607046,132
453570,381.09196569890446,141
453705,356.23366452355276,135
453849,395.76171111319866,144
454006,451.8921918472331,157
454138,338.63004378731546,132
454268,334.53341094265085,130
454401,347.02909177291673,133
454531,335.73515939889734,130
454662,340.0402539458774,131
454794,342.99169057684605,132
454929,353.7572147108736,135
455062,343.409468534457,133
455214,431.7691899615783,152
455347,346.98513444445007,133
455480,343.47094495604296,133
455611,333.3986009451009,131
455744,343.58842861958146,133
455880,359.22198330479347,136
456013,339.0211775238498,133
456145,337.2925835578148,132
456278,343.03450327640445,133
456453,530.1801232143641,175
456584,334.40080102239995,131
456724,379.14152768295276,140
456855,340.460299112923,131
456988,346.1585458885636,133
457128,379.1808218825363,140
457262,352.13845062969244,134
457393,339.8493421439779,131
457527,355.0221966768025,134
457658,340.5159526055537,131
457796,369.23637579155206,138
457925,333.5457888938102,129
458058,350.79519987136337,133
458191,352.434165443617,133
458322,340.60193695730237,131
458454,338.74282935774386,132
458592,371.38632141016416,138
458734,389.30262006140293,142
458868,354.6794192747018,134
459001,344.1971769788903,133
459133,348.66944385021264,132
459262,334.37936705460993,129
459392,335.45220480881846,130
459561,496.1718044994717,169
459733,515.4433742132661,172
459864,335.8146809948576,131
460045,544.9305885511379,181
460179,344.63308833619357,134
460313,354.14222474327823,134
460442,330.1033779384675,129
460573,338.19938580850106,131
460709,363.6217985965903,136
460841,341.2672356181392,132
460980,378.21173717966644,139
461116,361.74214064863344,136
461254,370.8576028847949,138
461431,542.5668728191597,177
461563,345.31658929789774,132
461703,381.6544395639095,140
461881,544.9930206131374,178
462020,373.18939409920944,139
462183,473.7028265079299,163
462338,441.7938216738199,155
462482,397.7499474780116,144
462629,405.8283040339351,147
462764,355.5556946514555,135
462894,334.51915152567494,130
463026,342.35948683944775,132
463209,551.5347829260473,183
463342,341.06841847847926,133
463520,541.8998869902399,178
463701,534.2332371791214,181
463836,353.7607894643982,135
463968,343.83303000262606,132
464100,342.15851024898967,132
464265,479.17247948033514,165
464439,520.9144653315093,174
464570,338.47292051000187,131
464748,548.7857338473368,178
464917,506.8058766976693,169
465108,577.1025574875389,191
465288,555.576048491208,180
465465,538.372893150665,177
465605,381.238315977579,140
465747,389.63269204917174,142
465941,594.3980502146575,194
466125,567.4203001440238,184
466325,621.9897445729933,200
466511,570.3455262081903,186
466689,545.0654358489975,178
466873,558.1638549481653,184
467052,558.7230648240472,179
467249,606.099182018839,197
467442,586.6347790525252,193
467638,604.5869885137366,196
467836,597.298142523277,198
468035,614.7241745740049,199
468236,612.6093908099898,201
468415,552.202272147326,179
468615,617.8648336063312,200
468800,572.2344089809015,185
468986,568.3294312686792,186
469189,629.4952555427119,203
469389,619.9734152009428,200
469584,601.5292716864076,195
469783,614.3661624970043,199
469994,657.6868965044753,211
470194,618.9142228734487,200
470372,555.8589219803636,178
470573,619.9900757234237,201
470773,611.039931737708,200
470974,613.5824994885262,201
471168,594.0341339771601,194
471365,604.425143508725,197
471565,610.3300720460336,200
471752,574.2316378769611,187
471954,627.2351075392376,202
472154,605.9979951363812,200
472353,606.9019348163613,199
472551,600.6951901188899,198
472756,638.9138533747704,205
472953,607.4679028550172,197
473147,588.804490113556,194
473348,614.8716086448131,201
473555,639.9497057316257,207
473780,728.0105852255027,225
473988,649.3186815740844,208
474186,601.1621196495145,198
474398,666.3887202748485,212
474600,629.8741200003892,202
474781,560.8363579714774,181
474982,621.1125173214007,201
475188,638.9556066656739,206
475402,675.985933622255,214
475599,603.7053518289572,197
475791,583.4835965336794,192
475982,589.8582813924126,191
476186,630.4394985418566,204
476391,642.0169802060894,205
476588,606.9836635181573,197
476784,592.1414973182611,196
476987,629.16455546112,203
477193,630.9298637431938,206
477400,643.0837159550864,207
477604,630.5885480247804,204
477799,591.5603639673477,195
478007,646.4920510981932,208
478210,629.0530013384467,203
478409,602.6064063274907,199
478630,697.6856571573842,221
478821,585.0918100787055,191
479023,630.4534760776361,202
479215,586.7184871467988,192
479408,586.7170548441271,193
479617,645.6544318245595,209
479817,605.9894096167908,200
480018,616.636738549272,201
480215,598.7452408939704,197
480416,621.2276551300145,201
480623,639.2186990209508,207
480822,605.1076373027962,199
481012,575.8158107807894,190
481212,616.3472372820175,200
481410,595.8711318318909,198
481612,620.3838738395168,202
481796,569.0077784618993,184
481971,541.5327348131167,175
482181,648.9995287380669,210
482384,627.6854594787023,203
482591,638.260031989409,207
482791,614.7285940852593,200
482989,609.8247843345823,198
483200,652.7414507325481,211
483426,726.8589895166737,226
483649,716.8021772356084,223
483852,628.0148219355235,203
484086,772.2569622378954,234
484293,645.32213611913,207
484482,574.7931195694429,189
484695,665.3480346422018,213
484878,570.866137824812,183
485084,632.1755341467016,206
485288,631.0973717929887,204
485477,577.0563387568714,189
485689,661.82728787181,212
485896,639.2691251129504,207
486103,639.3625578473082,207
486324,705.8005680408354,221
486551,723.9251245970634,227
486754,621.9110002984991,203
486963,642.6714398845611,209
487174,659.1012117822997,211
487379,634.6744365506765,205
487602,711.9911412576575,223
487805,626.7813796657301,203
488015,648.6345232381492,210
488227,661.6032264324047,212
488438,654.8996420514756,211
488645,633.1091706695207,207
488849,621.586772933392,204
489054,633.3902158454605,205
489256,625.1280221326498,202
489459,625.777342194605,203
489665,631.9479037259908,206
489886,709.8664654749577,221
490086,609.8633260561758,200
490314,728.3221114776774,228
490530,688.2850972597208,216
490735,638.9477691538129,205
490959,726.3924281569587,224
491159,618.1101971312928,200
491362,628.3488352702255,203
491569,646.2846713917396,207
491785,686.9672735507468,216
491992,627.972674986933,207
492242,797.6871442340827,250
492451,654.4720354466351,209
492660,650.6208202578423,209
492900,772.5678210703318,240
493100,625.4850896840674,200
493309,648.4311975067587,209
493520,654.0046951167463,211
493730,655.2874734262114,210
493934,632.1325880327928,204
494138,626.0356431514244,204
494349,656.6886052243544,211
494556,637.6521256418496,207
494766,647.574765778834,210
494973,631.1656960705554,207
495205,740.1658830888555,232
495407,627.1521957584529,202
495614,641.0654930800231,207
495824,649.8329310098017,210
496068,770.6895338375554,244
496294,730.0675952333658,226
496497,634.3853578246453,203
496704,649.3423513049721,207
496922,673.930121321383,218
497127,621.8026343318589,205
497338,645.9268288240684,211
497551,670.6082178784987,213
497761,657.0996590759664,210
497969,632.1831203628248,208
498187,689.156874616854,218
498401,663.4670456248756,214
498645,783.1585064763696,244
498899,806.5045007483905,254
499148,786.2101449862824,249
499384,752.6967979068522,236
499599,656.6684192587402,215
499805,637.0820863619264,206
500039,741.6356903711027,234
500133,183.94853696208529,94
500337,641.5430020987052,204
500541,634.6325551951537,204
500752,664.0284436912974,211
500961,650.6097840133658,209
501200,767.5553233724477,239
501296,190.49061247300028,96
501528,736.8032270316174,232
501732,637.8104226184527,204
501972,768.784135341981,240
502199,734.2633418759891,227
502424,727.1827583069064,225
502645,708.0829821205647,221
502880,754.3834577767587,235
503095,679.5749151151713,215
503331,779.8907068137032,236
503494,430.85526253655036,163
503703,645.7283589058168,209
503911,624.947549079651,208
504128,674.234389565746,217
504335,643.678595718523,207
504573,758.0975225229262,238
504801,727.1852603185177,228
505026,718.3877221101058,225
505255,724.2602311524322,229
505482,702.3303611439063,227
505685,631.8522193736338,203
505894,648.9577524212394,209
506133,765.9211647164232,239
506227,184.6415694012255,94
506437,659.4574296274104,210
506674,753.3298775690737,237
506881,641.481232841206,207
507091,659.6997307075982,210
507298,628.9357006407517,207
507504,647.9247195307958,206
507709,620.2099740861969,205
507928,678.7809652052949,219
508171,771.024346629867,243
508390,680.3109524103453,219
508636,780.3944105444853,246
508729,179.284884640847,93
508963,751.0027922221045,234
509192,746.5284726739974,229
509441,794.6143986642983,249
509674,744.5069141586151,233
509880,631.8428050744413,206
510122,776.8575441122813,242
510365,775.6703799238937,243
510573,645.5549808436118,208
510802,732.3231263517536,229
511042,750.6887868069497,240
511284,773.9189107731163,242
511508,728.5965972427563,224
511759,794.8233585161014,251
512009,797.0089637737866,250
512258,786.0501402269238,249
512508,789.6251727749974,250
512757,797.5059836826795,249
512850,180.88133298582363,93
513084,754.5163459967865,234
513332,791.6554206789707,248
513576,782.9396588061854,244
513813,773.6890583281382,237
514040,704.3085383627487,227
514132,179.34682415565422,92
514349,692.3150846128715,217
514598,794.991866813379,249
514842,783.0033267218777,244
515088,787.1685040259073,246
515329,789.2521297504454,241
515547,685.014158897723,218
515786,767.5764976086386,239
516021,751.2369946722663,235
516264,774.7263534375588,243
516516,811.8615023732657,252
516770,810.0320064058852,254
517014,781.0020230875966,244
517256,758.062682487148,242
517493,751.9771649438676,237
517747,815.4556771063887,254
517992,789.4366724846893,245
518236,780.1916228229179,244
518494,825.9234914126037,258
518746,807.7005426089767,252
519008,831.1078829552674,262
519099,175.80637401329327,91
519342,769.0784181317409,243
519593,801.8465383894561,251
519837,774.7043648458119,244
520093,812.808375123555,256
520185,178.7748112220155,92
520441,809.7554676899487,256
520711,855.8967771652741,270
520802,176.55463979553681,91
521057,804.2968957251047,255
521148,176.680747094693,91
521391,764.3851769901809,243
521481,173.45360405132436,90
521748,847.3853457092189,267
521993,787.3830351576255,245
522232,749.0887750758598,239
522484,800.1089440626703,252
522743,818.2386630303599,259
522999,812.6736098726011,256
523090,177.87738690736404,91
523342,807.8424309089826,252
523587,786.5435138219208,245
523833,780.5388608463331,246
524088,808.9763907229203,255
524178,172.60527520266143,90
524270,179.5836717706848,92
524516,782.8500533357744,246
524765,798.3516549428227,249
525009,792.6414495078901,244
525100,175.8560289520381,91
525348,794.4856994461409,248
525602,813.5051887963826,254
525692,172.27271270034905,90
525784,181.38070810501623,92
526038,815.3726179911757,254
526276,742.7408434708042,238
526516,759.21511465065,240
526764,803.3014678792164,248
527011,804.7035899672906,247
527267,816.5856632384822,256
527512,780.9913979782738,245
527754,771.1133035098151,242
527846,178.49937222439232,92
528097,811.8614810523801,251
528349,810.7309674819884,252
528603,816.6792532773746,254
528851,793.1328749685005,248
529093,781.7955133659261,242
529186,183.66837023682828,93
529441,824.5273189055576,255
529534,182.15553957758448,93
529785,811.2842561109405,251
529877,177.9538800500763,92
529969,182.43692870555515,92
530198,715.6570613836137,229
530289,175.66721742247896,91
530534,801.6968956560661,245
530784,805.2255877603665,250
531034,796.4075545948962,250
531285,796.2794112615436,251
531529,777.7243433461439,244
531797,867.7068082028004,268
532063,848.489755290273,266
532309,778.8600305729886,246
532554,808.9251053518213,245
532646,180.74224277822657,92
532909,854.5198792784616,263
533000,177.32901874999627,91
533248,796.596339588281,248
533486,755.1784088198818,238
533743,830.2530261299419,257
533836,182.84627247044435,93
533928,181.98738863319207,92
534193,849.1432100710042,265
534455,845.2044784021572,262
534545,173.5945575441283,90
534637,177.13900868817038,92
534727,175.0127929157119,90
534820,183.02723213588806,93
534911,175.54491359874814,91
535000,170.38316024529865,89
535090,172.7124561179954,90
535182,178.358265580155,92
535273,178.3407913571612,91
535541,872.552681486938,268
535632,175.26382707084585,91
535723,177.56574022127919,91
535814,175.0229845918447,91
535907,183.4430521758916,93
536170,851.3133021521367,263
536260,173.46683367216087,90
536352,180.36606680787492,92
536613,848.031007117529,261
536879,851.0994116195185,266
536970,175.37282362286945,91
537061,178.70620789189672,91
537153,180.41074875003818,92
537436,900.3062979811439,283
537527,177.79079331710176,91
537617,174.10306642541818,90
537710,185.89382559632273,93
537800,171.73275272030878,90
537924,281.51335771282146,124
538014,175.55331016806753,90
538179,419.71037075344077,165
538271,181.40406084284265,92
538362,175.6271515689445,91
538453,175.9705184988281,91
538543,173.73449632494413,90
538706,420.26245733481454,163
538969,845.7946094063165,263
539132,414.4860504227254,163
539396,849.6330559835682,264
539659,850.5083104488212,263
539749,173.1147036747787,90
540019,868.8666072410749,270
540110,176.43219955695156,91
540201,176.97736676826784,91
540292,178.894312838337,91
540382,174.6173734543411,90
540475,183.768222539553,93
540746,862.7094267903502,271
540909,417.72353698072646,163
541183,885.913158264924,274
541276,183.2115811687762,93
541367,176.85319910681233,91
541531,415.22171082989854,164
541693,415.6211715655026,162
541820,295.23231436545876,127
542084,856.9557958117921,264
542354,881.006214970952,270
542482,300.867000395696,128
542741,833.3663936217482,259
542906,417.32109985814503,165
542999,183.11779621452405,93
543165,416.5032568287149,166
543257,181.04775447865617,92
543519,833.8712545904937,262
543610,175.57095194101964,91
543701,174.976197505429,91
543982,906.8354857189075,281
544245,850.2125613500153,263
544372,292.8291016810656,127
544463,176.88882609461106,91
544731,867.3066544593756,268
544996,849.3338261329152,265
545260,846.9164547345515,264
545529,852.5770499221803,269
545621,181.51946291418156,92
545782,415.1375557619629,161
545873,179.2053356779465,91
545963,174.3092194350451,90
546129,416.49082574699156,166
546220,176.52529765053777,91
546479,845.1205969371758,259
546741,853.6612357176848,262
546903,403.1255902161859,162
546995,182.22187208480193,92
547085,174.0952765512284,90
547352,855.1510237254696,267
547610,825.052591157354,258
547702,182.41303675191838,92
547982,892.0556439953898,280
548246,852.2245046580772,264
548514,855.7406388789724,268
548679,417.81475702524534,165
548843,411.53474538345466,164
549110,846.1483619115453,267
549275,422.8125218973245,165
549536,831.7794519148806,261
549627,176.97169238645293,91
549719,178.44408248212895,92
549812,179.8916375728287,93
550088,878.097838790117,276
550364,873.6247536591397,276
550624,813.075193371994,260
550895,859.1090927741618,271
551173,889.6537618927474,278
551441,845.1512375785612,268
551532,179.49744532381695,91
551795,841.5307373377253,263
552057,837.790343488129,262
552340,891.1229921336834,283
552597,824.1937691985801,257
552870,872.7475204603695,273
553131,826.6656634078089,261
553402,862.0076947280562,271
553685,888.3268963278072,283
553851,424.5735733434397,166
554109,820.8630405244753,258
554373,838.9081914076544,264
554498,278.654481036883,125
554776,873.2221795696969,278
555045,854.7578444974195,269
555173,294.2683121075817,128
555457,897.5182728586285,284
555733,872.5414001444071,276
555996,835.119251626791,263
556248,806.7331152538195,252
556523,858.7488370006212,275
556687,398.2276191004568,164
556965,877.4256718569167,278
557249,889.9002140056521,284
557520,851.8137083111026,271
557685,405.3655396170122,165
557812,286.47690188480715,127
558087,860.9605567386955,275
558355,849.6253892740696,268
558484,295.1258427179268,129
558745,826.8501346913561,261
559024,880.8523827495061,279
559291,852.184918071246,267
559572,878.4425678418908,281
559836,837.7714921208438,264
560120,875.8778505982135,284
560383,830.6409042945629,263
560660,872.9761456706344,277
560934,866.3552032431062,274
561189,814.0588506424091,255
561355,402.2967024603044,166
561636,877.8467644120344,281
561729,181.44650432238578,93
561987,833.670700303472,258
562268,884.4866864333171,281
562396,286.9211231356528,128
562560,399.9911135512901,164
562829,854.6590945664562,269
562995,409.7669941538171,166
563277,879.2958927213916,282
563558,891.5983115217335,281
563651,181.22857294215967,93
563776,278.06729307669156,125
563867,176.55135856382952,91
564028,389.7613955107325,161
564119,176.25271343789797,91
564380,835.821466425883,261
564641,842.998139727377,261
564912,853.542191890156,271
565188,867.5551957730873,276
565458,853.5560603889871,270
565738,872.2095213505564,280
565828,173.46410545777465,90
565989,384.48139838895935,161
566273,884.9482474517731,284
566552,883.4530568594819,279
566828,867.9386499883825,276
567104,865.9873177167971,276
567367,827.9403964822476,263
567644,873.633084368266,277
567806,387.3296225482807,162
568086,861.1735460692538,280
568368,872.34024643832,282
568653,902.194402607566,285
568928,857.6553415021567,275
569206,861.6439176162277,278
569367,390.3701619093907,161
569527,379.6541016133275,160
569655,284.8838041992893,128
569939,874.129623956406,284
570214,862.330920223414,275
570498,873.6280434092555,284
570778,870.1224055059671,280
570942,394.04704828640223,164
571213,857.6697384070565,271
571488,860.2654151516036,275
571769,888.1396210230847,281
571929,380.5588401396009,160
572207,873.7952969536215,278
572486,850.7058296559497,279
572767,880.4799993043703,281
572930,395.831223397749,163
573208,868.678217439464,278
573338,296.49903373729,130
573591,803.452444186016,253
573858,856.1705726145776,267
574138,871.0628336893425,280
574400,840.1684633964868,262
574677,867.0865401016192,277
574959,885.9961477376278,282
575245,893.0604130437646,286
575525,869.7929123564833,280
575804,867.1518810380978,279
576085,855.065114455401,281
576371,894.4956148033085,286
576650,886.8940059311036,279
576936,922.7693708793431,286
577213,889.1926869001567,277
577505,899.2148853850841,292
577787,881.4209967618593,282
577949,394.9386227019843,162
578112,395.16174041643796,163
578272,379.9113553697307,160
578555,884.6269145483849,283
578838,895.3602020642493,283
578965,284.6124603707187,127
579245,871.5703328822499,280
579404,370.13819140890996,159
579567,386.50341316067545,163
579847,886.423615980132,280
580130,874.9822541226577,283
580413,885.5703148683388,283
580576,388.02233072706326,163
580854,862.3614881804026,278
581018,390.75361030214026,164
581298,866.1100121200041,280
581459,380.9694918895806,161
581620,378.2130071450616,161
581904,882.0926531143515,284
582066,384.93278906905374,162
582348,908.6910449226172,282
582511,392.7449208708707,163
582793,908.7079246639153,282
583072,892.6570746625866,279
583349,890.8556040642693,277
583557,615.5190938844175,208
583837,884.7971607419145,280
584122,880.6426561884637,285
584399,888.1475271386925,277
584563,397.1965869146052,164
584726,399.3208917014652,163
585007,906.5318628263724,281
585286,865.6533726751165,279
585567,859.1309560937302,281
585844,872.0692829231475,277
586005,383.37104326240205,161
586287,886.7748545936549,282
586571,876.8051902719723,284
586732,385.5252708606235,161
586897,404.59507500609254,165
587058,382.6990463456008,161
587218,385.0188197327064,160
587499,896.5959646253053,281
587775,853.3601562571304,276
587939,390.4580853517564,164
588223,880.9512277829213,284
588374,362.29201390755657,151
588537,396.4669511029291,163
588823,889.5143420079535,286
589109,872.5574472784363,286
589272,389.77678877362735,163
589558,872.4988407748332,286
589845,910.0345071183676,287
590125,896.8101578773708,280
590290,401.9336217519518,165
590575,904.266905024929,285
590858,892.73392443299,283
591020,390.40213047593426,162
591185,405.31964864686654,165
591452,846.762197178426,267
591739,908.8160945320001,287
591904,404.0484826043035,165
592067,393.00595227458626,163
592350,879.0361499003263,283
592638,908.4467828794845,288
592801,393.45749655778644,163
593084,891.822365330396,283
593247,394.09426351055555,163
593400,366.54130564611415,153
593684,899.554751832039,284
593970,903.7075886182107,286
594131,382.8906406560032,161
594282,364.15602261145966,151
594446,399.5429458916952,164
594536,171.22796285190248,90
594685,356.89576643159756,149
594782,189.7712457781663,97
595066,887.2392284570711,284
595218,366.2666118303832,152
595486,849.2356034659635,268
595651,398.9970454609287,165
595749,192.57940666617313,98
595901,369.04702943577814,152
595997,186.94419073278638,96
596222,627.6748128353454,225
596386,403.1489803706551,164
596535,357.87729147303475,149
596631,188.40585254117732,96
596783,366.01902924103706,152
596938,375.19404970751617,155
597100,398.07034896422743,162
597196,187.68473984876474,96
597353,378.04330541298367,157
597448,184.3365393162523,95
597542,181.95276225968476,94
597694,363.7307039927399,152
597843,358.91936216360307,149
597935,179.19917149127122,92
598032,191.48921130741124,97
598324,922.2030437986964,292
598549,627.0544581262712,225
598707,381.2921571520631,158
598931,635.8339852338622,224
599026,184.09422831530583,95
599177,358.4903742255592,151
599328,364.4064648170089,151
599492,402.76444860033246,164
599656,399.57443138309384,164
599886,641.1338695832089,230
600048,389.45020416192597,162
600320,857.675081903932,272
600546,638.4782953279528,226
600713,402.09767031999456,167
600940,637.2211989783685,227
601223,876.273665759932,283
601320,191.88524499192982,97
601585,853.0967354103423,265
601812,638.3177795819443,227
601975,398.81926350510446,163
602139,402.94019637776864,164
602437,944.28769598389,298
602533,188.5296602668257,96
602800,847.9889712106855,267
602895,185.05573586396784,95
603047,367.1416689404287,152
603197,358.47075165005486,150
603351,381.4787215561199,154
603502,366.2781143371316,151
603727,639.7955072083475,225
603875,360.0435254633685,148
604102,642.7849367307814,227
604375,868.6926866960247,273
604651,899.2043347077359,276
604935,890.0102833508253,284
605165,663.6243793497476,230
605314,362.1618438308638,149
605595,873.8336595265762,281
605758,400.1712115888563,163
606031,877.6334434155045,273
606183,366.3169609613855,152
606410,655.367897100829,227
606640,660.9204793203846,230
606806,402.6172134620731,166
606892,172.44335899492407,86
606990,195.6095575081298,98
607076,170.32544819326915,86
607362,884.9587662606165,286
607638,885.684112702005,276
607735,192.6745528184259,97
607887,369.3783214974987,152
608160,865.4461954438822,273
608313,372.2452855816751,153
608407,182.44061545835453,94
608494,173.29823512645552,87
608780,910.5530716481521,286
609067,907.6272394174895,287
609352,880.4407972968893,285
609448,190.89897738952976,96
609533,168.7394234979027,85
609628,183.98510201538187,95
609783,373.67918736967005,155
610064,892.688926405574,281
610149,166.81639718634457,85
610240,177.55322792637438,91
610332,178.66812048404668,92
610416,165.64265167382396,84
610646,650.6535772460668,230
610731,170.82666059342282,85
611026,914.238612415521,295
611108,161.90279486077904,82
611274,405.3221594653391,166
611428,368.81906155382757,154
611581,369.5693865325467,153
611663,159.20968930523276,82
611827,397.15039339439306,164
611911,163.884818576378,84
611994,161.8383284123187,83
612080,170.3146803511246,86
612244,398.87638414848766,164
612330,170.85697306308558,86
612487,382.26375228773657,157
612638,358.42564859417416,151
612801,397.0377333153001,163
612885,165.29882771964424,84
612969,164.6048232420768,84
613056,172.70360166763385,87
613139,162.14830091513363,83
613223,166.4174627472506,84
613307,167.13098630319251,84
613390,161.0486291848988,83
613474,166.26205483816193,84
613557,160.4662032297703,83
613784,631.342437142481,227
613868,164.15582964826402,84
613951,162.1201523382302,83
614043,176.45927544382644,92
614124,155.77618897681066,81
614209,167.59715831600445,85
614289,154.8789993105994,80
614371,158.27884741006417,82
614453,159.29753155684742,82
614733,868.5332713467021,280
614886,367.0390913532183,153
614981,183.77081147651725,95
615063,160.13472223212835,82
615148,166.7954614784388,85
615229,158.36248164409025,81
615313,166.0282192009272,84
615398,167.84953177657013,85
615547,351.82946298912503,149
615631,167.57667595147726,84
615715,165.24907181660362,84
615799,163.032142856516,84
615949,359.0121846783929,150
616041,176.32618599792545,92
616122,155.89062669361647,81
616212,170.98638822445363,90
616295,162.24595042168818,83
616379,166.54857333003145,84
616463,164.72404929059508,84
616745,881.1712150626959,282
616899,371.47505197604744,154
617049,358.9309747233669,150
617131,161.8539994558509,82
617214,163.05968558127415,83
617297,163.54945446361023,83
617382,168.41046150560942,85
617466,166.22230114295965,84
617551,166.54338997102866,85
617629,149.8901834208681,78
617710,157.11186858511635,81
617794,165.47554124413406,84
618025,636.7125502733759,231
618109,166.65782893729636,84
618192,160.86879105224355,83
618275,166.0793281306934,83
618560,882.1097383475336,285
618643,164.9103332270715,83
618725,160.56692321779977,82
618808,166.42106273034298,83
618888,155.9663074807787,80
618972,167.2445195013031,84
619056,166.038291496222,84
619137,157.69090499770618,81
619217,154.78019199549215,80
619299,161.94556367425065,82
619383,165.8558537280715,84
619465,162.12040600224452,82
619544,153.71307888517023,79
619627,164.549305159073,83
619708,157.49726731999064,81
619789,158.3292880813324,81
619872,165.71057017758739,83
619953,154.77417349780978,81
620035,160.82545492135085,82
620119,167.29219831321396,84
620201,160.26610605405372,82
620285,165.80271581671585,84
620367,159.1159837457616,82
620447,155.84419362074846,80
620529,159.60371995036408,82
620610,158.05389627207106,81
620692,161.68533372101885,82
620774,163.30355003665292,82
620854,156.76558439653274,80
620935,157.43943243357734,81
621017,162.13310852219988,82
621100,162.55757325013857,83
621182,161.5826115460405,82
621263,157.70869765942317,81
621347,168.5939669701127,84
621429,161.33520971949034,82
621513,167.46106068654734,84
621597,167.80673504873096,84
621678,157.93410836342764,81
621761,162.89758761265904,83
621840,153.86059973890895,79
621923,163.95582825097256,83
622005,161.58272569739432,82
622088,164.3657168883254,83
622168,156.4063324162809,80
622247,154.04569875409058,79
622330,165.01717540213122,83
622414,169.31729113653935,84
622496,158.97781734394096,82
622575,153.251443962188,79
622659,167.39717785274075,84
622740,158.89921068883535,81
622823,160.64274954901668,83
622908,170.41494770598047,85
622990,162.5485687829309,82
623073,162.71591013449932,83
623154,158.50934203316345,81
623236,160.19492720041413,82
623319,165.81908167827046,83
623400,158.63281478238895,81
623479,153.32325506997526,79
623561,162.0144356586175,82
623642,156.8656053100162,81
623724,163.47274530994125,82
623805,158.71557245962185,81
623885,155.64383178685264,80
623966,157.3686803215684,81
624047,158.34197197540874,81
624129,160.27943530407575,82
624212,163.51464707872256,83
624295,165.88171205925062,83
624378,164.0507416290068,83
624459,159.51210316172478,81
624538,153.10608796597447,79
624620,160.55000224939488,82
624703,163.0710172620812,83
624788,170.7196716864392,85
624872,170.00690387324278,84
624954,163.4739528399476,82
625038,169.92797330465928,84
625120,162.40670961108543,82
625204,170.0050901074482,84
625288,168.95142611303822,84
625371,164.97269532989023,83
625454,167.8905524958322,83
625536,161.41494532514176,82
625619,164.24308027418456,83
625701,165.36011305905586,82
625782,160.74801823915286,81
625864,163.96089281936037,82
625945,160.32881013452976,81
626029,169.00702228992154,84
626110,158.52804779808824,81
626194,167.09475427788982,84
626274,156.56566460533904,80
626357,163.33732600613914,83
626439,162.73168151509918,82
626522,165.65566131765033,83
626604,160.19183358887437,82
626686,162.12275520663684,82
626846,382.94100130720557,160
626940,180.0410750049632,94
627023,163.78385956472172,83
627106,165.17249059067507,83
627191,166.5208771577088,85
627275,168.3333835116495,84
627358,164.88152063385135,83
627441,165.69039726105086,83
627525,165.86206837475606,84
627609,167.53503374945277,84
627694,169.87864866547037,85
627777,161.3093285432071,83
627858,159.56233925053797,81
627941,162.87527045478174,83
628024,164.29657978785005,83
628176,364.1806394229975,152
628259,165.1093353031671,83
628341,162.69621335582437,82
628425,167.58725258255342,84
628508,160.7686300796084,83
628592,167.89357518903805,84
628675,166.1461900539396,83
628758,166.12576695676069,83
628840,162.80562514333516,82
628923,166.01648339897957,83
629072,347.9433386270423,149
629155,165.8888892498314,83
629237,161.6396754255437,82
629320,166.31575118542395,83
629403,165.65831836585224,83
629485,162.66141226682325,82
629569,165.42008766576268,84
629652,165.04361773563133,83
629734,164.7004025547072,82
629815,158.51170194771737,81
629898,164.58229410600637,83
629981,165.0256697217161,83
630062,158.3349986467829,81
630145,165.3604592658056,83
630230,170.09850030066394,85
630313,165.24835362628983,83
630395,162.44876819108848,82
630477,163.0006699148643,82
630560,165.90400057234106,83
630641,159.27346237751055,81
630725,167.9968054130587,84
630808,164.7207683056092,83
630889,157.61468818801526,81
630972,165.89670617241282,83
631053,158.6525304889217,81
631134,157.53728390097655,81
631217,165.72747290288228,83
631299,163.22728183101057,82
631382,163.38930427585916,83
631465,164.08169599967118,83
631546,159.4108059488509,81
631629,162.30019926323317,83
631711,163.74618112388566,82
631792,158.6198837625548,81
631873,158.07876562218473,81
631955,161.16121131514197,82
632039,167.9235985589359,84
632123,169.32052844411265,84
632206,163.01389442606396,83
632289,164.34895012219977,83
632371,161.52698434085687,82
632453,162.5492330029402,82
632536,165.1930469096294,83
632619,165.85163878132738,83
632701,162.6210576191499,82
632784,165.0090121988656,83
632867,164.52577475363722,83
632951,168.36385978909505,84
633035,167.05980141921302,84
633116,160.43458960240463,81
633198,163.67979359042,82
633280,161.15478555138907,82
633364,166.7411409447355,84
633446,161.17656065320404,82
633529,163.86283590076647,83
633614,170.12832995473357,85
633697,164.92082853744094,83
633779,160.04801075024028,82
633861,160.876758011995,82
633944,162.0293167760216,83
634026,162.0367039765894,82
634110,167.8746833321919,84
634192,162.16906012988508,82
634274,162.65381802896218,82
634355,160.08180078204305,81
634436,158.3384704985983,81
634521,170.5946817720793,85
634604,165.48716568408685,83
634686,159.8645696610649,82
634769,167.3322606640253,83
634853,169.16686059055954,84
634934,156.57794953857626,81
635015,158.7405366183039,81
635098,164.40673738422416,83
635182,169.29536498284165,84
635262,157.2338915653879,80
635345,165.88537045740878,83
635428,165.2541373579386,83
635512,168.92098258470696,84
635592,155.2993019398345,80
635674,163.64530274823963,82
635755,159.2447236571232,81
635838,164.91847952349855,83
635919,159.9181130423808,81
636068,347.87352062149546,149
636151,164.19681648333977,83
636233,162.36397789420587,82
636314,158.35536173704241,81
636395,158.45722517922098,81
636477,161.23557149424013,82
636559,161.53792501077734,82
636642,165.54234673161116,83
636722,156.76355491147925,80
636803,158.890517983823,81
636887,166.57436584259713,84
636969,160.04035228051626,82
637052,163.49563095783802,83
637133,158.55080210403352,81
637214,159.3943608173502,81
637295,161.37471392180348,81
637394,198.95659219260764,99
637476,162.144544980538,82
637559,164.63775518103705,83
637642,164.86607378089275,83
637724,159.86940410498954,82
637805,158.72054730300462,81
637887,163.4009911338908,82
637969,161.10478905961708,82
638052,162.2216544676755,83
638135,165.26582072874174,83
638216,160.39791355766312,81
638299,163.9201968921226,83
638382,164.40201178860258,83
638463,160.2292818552688,81
638545,161.72522171626244,82
638628,165.30574241701288,83
638711,161.84438510755567,83
638794,163.72538132814864,83
638876,161.4768547224872,82
638961,168.8868377718624,85
639044,167.05268428309938,83
639125,160.96155419583184,81
639209,165.97848306650852,84
639288,154.99924601661806,79
639371,164.71310161941847,83
639452,158.4064165886168,81
639536,167.01162274539126,84
639617,159.66522594892916,81
639700,163.11842783610746,83
639783,162.0394517887024,83
639866,163.52598726143202,83
639950,165.36400649446483,84
640032,162.80073495053782,82
640117,171.45520291465945,85
640202,170.18757193966752,85
640286,164.89587636231383,84
640365,155.71592260736398,79
640447,163.79207636689233,82
640530,163.47059891253488,83
640612,160.31075727995474,82
640694,160.32186904926877,82
640777,165.20389533296589,83
640861,165.29788178771054,84
640943,161.59070442572428,82
641025,163.3877244531598,82
641105,156.54274199530556,80
641189,167.7783565817501,84
641273,167.2046395434591,84
641355,161.255425339839,82
641437,161.33647545975322,82
641519,161.43730978932723,82
641602,162.73722043243401,83
641688,174.4496396745692,86
641768,157.8747662884319,80
641852,167.2533564253634,84
641934,161.69826336445885,82
642016,163.613095246216,82
642100,165.35150540627063,84
642184,168.87209394610096,84
642268,166.64729649819984,84
642351,164.24035167790174,83
642433,160.10287021329697,82
642514,156.89582877397066,81
642597,164.69507731828188,83
642679,162.65002606240895,82
642762,163.48850892693463,83
642845,163.00324868353712,83
642926,158.44280463788428,81
643010,168.53983952101746,84
643093,161.38943725447683,83
643177,166.2519468316385,84
643260,163.2541492464237,83
643343,161.9829999976336,83
643422,151.92158360307505,79
643504,161.92908395256654,82
643657,365.7367307846782,153
643740,163.59987907136684,83
643821,157.75303398010882,81
643904,165.15402449393756,83
643986,159.80746839941912,82
644068,158.9813700766292,82
644153,167.3636922116724,85
644236,163.06220468088705,83
644319,161.52125098306465,83
644401,161.69726102783878,82
644485,165.69378984084315,84
644567,160.46738414027377,82
644650,161.0877788972949,83
644803,370.5043797551629,153
644887,166.11942293568342,84
644970,165.30180054858732,83
645128,384.57233139698394,158
645211,161.6524235034524,83
645293,157.9728393381205,82
645375,160.66752509074175,82
645459,165.48502430644552,84
645542,162.40930382525323,83
645624,161.40102073893928,82
645773,355.25013633811767,149
645854,155.15256815396262,81
646000,345.0666661766459,146
646084,164.53500581516562,84
646168,162.3534320230346,84
646249,157.79132287862785,81
646329,154.22829673276942,80
646413,164.53003842783082,84
646562,353.82497608258024,149
646644,159.38841930882268,82
646728,166.11969120616178,84
646809,156.4945061852689,81
646890,156.3329335222441,81
646972,159.52727823021522,82
647053,156.49610075342164,81
647203,356.22843321848785,150
647349,337.6444073989105,146
647496,342.2196408592169,147
647643,343.1130436173504,147
647724,155.13516435831477,81
647874,350.53581627404054,150
647953,151.2417829067724,79
648101,348.44161671672856,148
648251,357.54235234767543,150
648330,151.352958884988,79
648477,347.6517039413725,147
648558,154.49287099526134,81
648640,158.2122371355748,82
648787,346.0640856648914,147
648936,350.294378292533,149
649018,159.55652981650113,82
649097,150.95707646917268,79
649245,349.618187330291,148
649392,343.1213220024202,147
649542,351.46989327961415,150
649690,346.77399343843916,148
649769,149.6324316206542,79
649848,149.29259609708754,79
649994,341.0587173867965,146
650073,151.25652966218433,79
650221,354.8766880131143,148
650368,343.2838217614834,147
650448,152.12840596806547,80
650594,339.6179029956592,146
650673,150.6993148190539,79
650818,343.9734419002537,145
650965,341.5373174549621,147
651116,354.90325642408834,151
651262,344.24596922229557,146
651341,148.88296934249132,79
651489,353.0264584376511,148
651566,147.7853867578185,77
651712,346.9962846107832,146
651789,145.98996809266785,77
651866,146.0721400228183,77
652013,355.7257377706994,147
652160,346.93569998390785,147
652308,356.0184450148391,148
652455,352.3463502578649,147
652602,344.8239790789399,147
652750,353.0104191392271,148
652899,357.65720766691777,149
652978,149.43850429543855,79
653056,147.3939606100075,78
653274,657.4440419173237,218
653352,147.56676883307736,78
653572,617.1700932209066,220
653722,356.31435414042,150
653800,147.51082339796972,78
653951,356.1433934043377,151
654029,147.14219527118948,78
654283,834.5865035689965,254
654570,885.5380290270906,287
654718,346.6018577548789,148
654868,354.76642974882844,150
655017,349.8954300058477,149
655099,156.21212796542244,82
655245,338.6450864231301,146
655393,348.3083042998504,148
655614,623.4675890708379,221
655761,347.0695251788187,147
656018,814.0189213396063,257
656227,617.60027048615,209
656373,338.56859979943516,146
656520,343.62607526040813,147
656668,345.1952954875798,148
656940,856.6757442603621,272
657019,150.83268515731257,79
657274,824.9559015456047,255
657423,347.49982190408,149
657677,821.4460115299343,254
657824,343.78656007681286,147
658077,815.3848116321452,253
658223,333.8269558362484,146
658372,355.67828773890943,149
658522,361.9205673692067,150
658777,833.09569503939,255
658925,339.3214514698757,148
659146,671.3162183855042,221
659293,339.89003742035464,147
659440,344.1946984214506,147
659675,739.8214137564192,235
659957,889.5172276635956,282
660107,355.01292479066734,150
660389,891.5515873894125,282
660540,359.3368841175969,151
660761,611.5683465693558,221
661035,863.6398971817144,274
661302,847.6366658285625,267
661382,151.0431117481274,80
661644,848.2531522511183,262
661896,811.8612882905455,252
662117,621.3680898779106,221
662264,346.18205609282705,147
662528,841.861470271572,264
662676,344.83092492994166,148
662899,619.8091734813534,223
663167,853.4816652306797,268
663392,630.5611109140598,225
663541,349.33099731905025,149
663792,816.1548664299352,251
663939,341.90128565849733,147
664159,616.6139665719664,220
664308,350.5671110331018,149
664556,794.3831331805643,248
664779,623.5539250658961,223
664927,348.94807391595816,148
665183,834.88465362234,256
665443,834.5713252189092,260
665591,345.03287643749104,148
665888,951.2728494238777,297
666130,777.0645063579663,242
666351,622.8566515747874,221
666604,811.4747336909318,253
666878,856.4717075967849,274
667026,346.82034136885596,148
667248,619.9633343033414,222
667519,843.4121623431778,271
667786,842.8145818463494,267
668010,631.829705166329,224
668280,850.1563998769648,270
668501,674.2237085844421,221
668651,360.7660119954254,150
668922,850.0775526952877,271
669148,702.2073862587896,226
669347,567.3681802060852,199
669562,640.0846542847438,215
669713,355.5729236372609,151
669978,846.2749739592687,265
670226,788.9714377634073,248
670374,348.5650773419645,148
670522,344.76413519944225,148
670759,749.1919037675129,237
670907,344.4361833046998,148
671128,616.6394501394074,221
671400,855.7775275618415,272
671547,348.5410050607548,147
671625,147.55626265399633,78
671702,146.7527277376665,77
671849,344.9124252057089,147
672069,616.7681581965526,220
672217,347.22762557347454,148
672479,834.0908346188163,262
672627,348.28012401031424,148
672882,824.5452133234998,255
673151,842.521493455536,269
673299,347.8009126543352,148
673377,148.54046106061955,78
673523,342.3815042704369,146
673778,819.4974858899375,255
673857,150.88652409120164,79
674111,818.881852196699,254
674317,598.6684146344863,206
674563,798.8324316177058,246
674799,746.6706961820222,236
674946,341.1333856649227,147
675148,583.2102245427071,202
675408,838.4268999748438,260
675647,761.3571625181838,239
675864,650.7435533119954,217
676083,673.7577148483961,219
676296,639.8634102440675,213
676546,813.200684410274,250
676765,662.124640064606,219
676981,651.2321643049708,216
677185,594.9974196213427,204
677263,148.29979087495767,78
677480,647.5238505690963,217
677742,826.2420926027997,262
678001,823.160176728461,259
678269,839.3974897305868,268
678524,835.1982673151247,255
678773,807.6093076172637,249
679036,835.4138244190124,263
679253,657.4292018009552,217
679464,624.8640151854369,211
679674,618.8453915405908,210
679909,739.9215054297846,235
680058,352.02162514619295,149
680324,839.6928456689309,266
680570,789.2917018972448,246
680798,707.0329882289526,228
681027,713.2645001518206,229
681277,801.7843050012049,250
681504,712.4162577615269,227
681736,726.4559532568619,232
681991,827.8740319704286,255
682209,656.7730704585407,218
682408,576.8671184947606,199
682610,583.4861924100552,202
682835,700.6671396969728,225
683099,840.9260486132846,264
683360,841.4911549110248,261
683592,718.9526575409036,232
683815,683.6960778530132,223
684078,833.0622324085127,263
684297,663.6265779342266,219
684534,743.9179883559028,237
684805,846.8912777543406,271
685062,843.163058230472,257
685334,831.8939393250645,272
685540,600.0892238535789,206
685745,598.5146101788966,205
685986,769.9471316676029,241
686133,351.11096660760415,147
686392,833.2587807174451,259
686642,803.6724179936189,250
686893,804.6358615512239,251
687149,825.9655155447062,256
687296,348.126328064187,147
687554,836.0855060024727,258
687806,804.2604439064108,252
688057,812.0136219605902,251
688302,780.1062203962211,245
688558,829.492705388876,256
688830,846.9330127741889,272
689078,794.2469067099718,248
689331,816.5200922315466,253
689552,666.7765163189224,221
689807,813.6012272582041,255
690069,826.9048670934568,262
690292,622.2525182582724,223
690539,791.2314737895194,247
690687,343.23375557742054,148
690933,787.299450324375,246
691179,789.0975654480358,246
691420,758.3152540944598,241
691690,847.9348465433709,270
691939,791.3231183478389,249
692195,810.1901885888534,256
692415,669.4944062882156,220
692671,819.9020923785388,256
692923,794.4212848487846,252
693175,814.6692640330916,252
693435,826.973406722733,260
693655,672.514886153471,220
693915,815.9535691240408,260
694156,770.8423087366073,241
694416,824.6373173521296,260
694564,347.7706939825845,148
694789,692.5486625065951,225
694986,565.4197810456616,197
695238,811.7039715155502,252
695472,736.5572090960887,234
695728,814.4883210696157,256
695976,786.8064131276715,248
696198,677.2590462700422,222
696456,812.9711635661665,258
696601,341.53564813201376,145
696818,651.1987128909519,217
697071,797.8122690439153,253
697270,567.1899674696434,199
697468,562.6354678144601,198
697612,337.2831659885349,144
697866,811.151195021621,254
698114,797.4544397870474,248
698322,615.150785960994,208
698555,726.9037238997148,233
698803,786.0225983403939,248
699058,797.4529943064634,255
699273,646.9737770884151,215
699488,645.5747222581366,215
699687,568.9591495865205,199
699906,666.6394016747951,219
700108,584.5067153657934,202
700313,600.6440917554979,205
700527,632.5823504367495,214
700722,559.1852932289082,195
700962,752.0961612783466,240
701205,779.9004492642658,243
701466,802.4144843032103,261
701662,554.6732568067678,196
701907,766.0726233444183,245
702139,722.2794106465137,232
702340,579.9805195926829,201
702595,780.0719204960299,255
702836,764.9644438860636,241
703098,824.0105060151272,262
703324,695.5070383834538,226
703572,792.8138675698966,248
703793,672.6800998527999,221
704055,817.237842877696,262
704308,780.3344924906698,253
704512,592.3771132904252,204
704764,800.0964621916075,252
704971,605.283513665273,207
705215,769.3102118543263,244
705453,765.0504669306224,238
705680,698.549501762383,227
705943,819.5142782357325,263
706082,315.0987335282519,139
706328,780.7426106553195,246
706549,679.7092938475537,221
706579,44.01960758725006,30
706823,746.2849248054657,244
706967,337.54828344429654,144
706998,45.969541250905806,31
707030,48.34340462028461,32
707280,807.4284036132228,250
707506,700.4997646794483,226
707723,663.1338983474261,217
707754,45.80468318490964,31
707963,604.1403000864893,209
707992,42.22511544898377,29
708198,606.0431048078251,206
708457,827.6299402541962,259
708534,143.4053480970006,77
708553,24.354615724913387,19
708581,39.84563983331157,28
708610,41.95963659778011,29
708754,334.56581632915,144
708784,43.855643606422305,30
708930,350.6348021249167,146
708959,42.375619028925286,29
709104,342.97532121192086,145
709130,36.24173971472335,26
709345,648.8539266720708,215
709583,743.3304036026058,238
709728,339.1238999062184,145
709936,603.0634520401268,208
710174,760.3186402706857,238
710385,625.4097843143059,211
710581,556.1356827608695,196
710792,624.3615144635833,211
710819,38.49865221315094,27
710845,36.271419834407006,26
711075,715.5495177790265,230
711286,630.5894047838656,211
711314,40.37793043638745,28
711516,583.191563356778,202
711663,354.12264440736556,147
711863,581.489559578836,200
712096,733.618505885149,233
712200,214.05920009638993,104
712437,747.0057709357708,237
712689,782.9483073423021,252
712901,631.2170885727578,212
712932,46.5624432145383,31
713183,797.7729075254408,251
713381,564.6355284012387,198
713528,336.3812445384086,147
713556,40.629081662964374,28
713583,38.37588126599858,27
713611,40.16181180968411,28
713833,613.0601356389831,222
713980,343.77407153681173,147
714003,30.643581594786397,23
714034,46.29740941358651,31
714061,38.157672939053946,27
714274,632.042139041623,213
714301,37.915528787671946,27
714511,616.5089415799185,210
714538,38.56873546083627,27
714752,638.6417270223967,214
714781,42.393459723308695,29
715041,820.2362574185964,260
715072,46.01202834860508,31
715274,581.3944182406179,202
715520,778.9554792223986,246
715549,42.15096973857128,29
715696,353.2984711996287,147
715841,339.4931355675304,145
715870,42.31795476286571,29
716096,696.3663315022568,226
716358,816.9548711970564,262
716387,42.3929958549609,29
716415,40.619992526812645,28
716444,42.17285143700833,29
716472,39.96083578151175,28
716503,45.858081012884455,31
716756,810.1643357885175,253
716784,40.187187318689595,28
717031,787.5113657144308,247
717271,759.3692928547463,240
717524,790.0917758464002,253
717553,41.82487797618485,29
717810,811.5008947698261,257
718061,789.9689463232356,251
718090,41.924899410620085,29
718118,40.24665191317413,28
718148,43.835424453296596,30
718394,790.5552018585915,246
718632,750.5694776635013,238
718710,146.1294014416107,78
718927,590.3171935885563,217
718959,48.006770640542875,32
719206,787.373828224267,247
719351,338.4436027304,145
719610,793.8780318271598,259
719642,48.13511665471555,32
719896,783.4136523474673,254
720094,561.1511775670929,198
720356,812.8542887925227,262
720626,832.4921629296746,270
720770,331.75735760027084,144
721034,812.0702573796217,264
721075,65.04291281813684,41
721105,43.69613186534189,30
721315,617.8936818926888,210
721531,648.9935976295144,216
721550,24.00345175040187,19
721756,604.8815347720487,206
721900,332.3514761987138,144
721921,26.983330443280185,21
722064,333.2828594236415,143
722139,139.42336391577493,75
722348,608.7705670591431,209
722543,552.1405779661247,195
722571,39.55917492324089,28
722828,810.6409773045577,257
723074,780.4236238584884,246
723316,760.864383669517,242
723513,561.2971850503009,197
723753,760.6788456945334,240
723997,776.2554462477995,244
724139,319.7561872413211,142
724181,67.62315709822917,42
724326,336.2326014516475,145
724471,332.05088355361806,145
724609,308.69350550411554,138
724862,797.8254271308556,253
725119,801.7845070659774,257
725363,777.2083138266993,244
725508,337.3942991148615,145
725730,676.988851077537,222
725874,343.002540664886,144
726017,330.4438501502871,143
726159,325.25649634485126,142
726303,333.19450531218735,144
726330,37.8564125104415,27
726562,723.1513267852253,232
726815,796.086383239615,253
726849,52.26716730628065,34
727098,793.8697636142414,249
727350,802.9754913565747,252
727370,25.6107466331544,20
727605,738.8617089283731,235
727750,344.3439465272258,145
727974,668.3546722191066,224
728003,41.79308002491038,29
728148,342.7601185259188,145
728167,23.99682316914605,19
728310,329.40080142651,143
728454,337.639879262586,144
728474,25.604000068512537,20
728690,644.9051924840104,216
728930,742.6717186888321,240
728957,38.41901296864903,27
729205,798.2345282343655,248
729348,327.58417339439046,143
729580,726.4449578837716,232
729724,334.1466535056643,144
729935,628.8799273079401,211
730185,808.3484093116564,250
730331,340.2718009073725,146
730360,41.76117162719738,29
730577,637.3920339878186,217
730724,359.20434276897066,147
730960,732.2809473947767,236
731103,332.6763505708286,143
731326,679.2630971974162,223
731576,809.3734696749754,250
731721,340.1970927053553,145
731966,778.6942557949053,245
732173,601.9832840953369,207
732318,340.87226817358186,145
732563,784.3829440045677,245
732701,312.9503552128981,138
732846,343.353960166032,145
732987,318.75601727275057,141
733199,630.4901593759777,212
733396,565.1040400707658,197
733591,557.359619120399,195
733668,144.17935288787686,77
733686,22.62802677170305,18
733831,348.72995163609295,145
733977,341.2235141028466,146
734133,366.02427743487334,156
734152,23.703876148624747,19
734371,662.6456046248965,219
734595,690.6893295417905,224
734798,592.2704053591162,203
734941,335.73401749794306,143
735079,317.2591112755931,138
735097,22.564638409311492,18
735304,611.7696945471222,207
735452,352.2407403484587,148
735471,23.898381230720975,19
735612,319.3114493167863,141
735632,25.38582568321746,20
735877,786.2109021766307,245
735908,45.79412849605529,31
735926,22.60544530608434,18
735944,22.61246333122316,18
736144,589.9363642797592,200
736289,341.9354826969877,145
736497,615.7235957196972,208
736740,778.6151246127795,243
736758,22.796235493469077,18
736901,332.42860184686936,143
736931,43.95801785587772,30
737074,331.7407940251136,143
737092,22.54232871846589,18
737289,570.6281265641317,197
737543,819.7182292455183,254
737768,689.7537390639972,225
737911,336.18546623586207,143
737930,24.075895729933023,19
738132,582.8326912624382,202
738163,46.1564353064826,31
738183,25.569135986400397,20
738215,47.50514664099824,32
738359,340.64431181357736,144
738378,24.131870325195525,19
738593,640.8967051335791,215
738612,23.834757507146257,19
738865,810.5720069747315,253
738883,22.566247459261298,18
739130,788.4137378291623,247
739149,24.0955483486459,19
739370,681.7052570078658,221
739511,330.309841393552,141
739540,41.84980817104232,29
739559,24.02402276758156,19
739577,22.65188617220048,18
739722,339.7068165764905,145
739866,334.80940669554127,144
739885,23.956661683186304,19
739903,22.567049330937284,18
740153,805.3446560977345,250
740172,24.226123268109042,19
740250,144.6412614182036,78
740280,43.75552730125738,30
740427,343.4673595493846,147
740447,25.853864381765288,20
740466,24.25041525209876,19
740608,326.7203123883549,142
740627,23.871747001595754,19
740772,341.95821321393953,145
740850,146.94907647885557,78
740869,24.170303790498952,19
741011,328.82012679670873,142
741030,23.968895381223135,19
741174,337.8776490279571,144
741318,337.70272101065814,144
741337,23.992887143819885,19
741477,315.7555428799529,140
741496,24.225435902129487,19
741516,25.817395046722726,20
741547,45.581857353192305,31
741796,803.2831323795168,249
742019,680.4207221238792,223
742162,331.45641230334934,143
742380,667.9152089777406,218
742399,23.944719263512035,19
742417,22.556095969487465,18
742562,336.9589093105774,145
742639,142.05248364750187,77
742657,22.772634529794583,18
742868,632.1606002232232,211
742944,140.98024693629375,76
742962,22.63861635809827,18
743040,144.83575110655917,78
743182,324.1439193825879,142
743326,331.7687974044585,144
743346,25.61025403434927,20
743488,324.952274448262,142
743506,22.59438704690353,18
743524,22.563095860624244,18
743542,22.925849294239693,18
743559,21.336212039917108,17
743578,23.99959675188529,19
743805,691.4679187771551,227
743823,22.698002851372873,18
743843,25.658259278736214,20
743862,24.313241025311985,19
743881,24.016582517856005,19
743901,25.692287313702245,20
743919,22.904539465358354,18
743937,22.65682172090807,18
743955,22.583927938297418,18
744167,637.201629721173,212
744186,24.090098413860506,19
744204,22.99353507166224,18
744223,24.24953160463029,19
744370,351.69601754117963,147
744388,22.788496992242266,18
744407,24.194403925796685,19
744425,22.755783312123462,18
744443,22.671103467610948,18
744461,22.776011001024973,18
744714,796.8987707147701,253
744732,22.833779077954127,18
744751,24.30314231228185,19
744898,347.33801394781796,147
744917,24.309857009414056,19
744948,45.652440652737035,31
744967,24.14564288183992,19
744986,24.15798768179847,19
745003,21.307371603875435,17
745022,24.145913314712786,19
745041,24.216709110209038,19
745060,24.04140747932879,19
745079,24.331795464462495,19
745225,345.8456152664781,146
745243,22.889390498893125,18
745261,22.7178327668419,18
745477,652.2950136989912,216
745495,22.55327334629694,18
745515,25.780243560217098,20
745533,23.03690232658034,18
745794,822.2059897776253,261
745812,22.686439177674345,18
745956,331.2143878287292,144
746057,202.4172216711059,101
746200,337.39301595765494,143
746407,613.6725520434683,207
746426,24.170822846776662,19
746572,346.3632586213866,146
746591,23.972536455593247,19
746610,24.269619001824132,19
746630,25.843760960369384,20
746884,810.6586308986649,254
746903,24.061051247152864,19
747109,603.2061435000952,206
747128,24.195094012643708,19
747206,144.38879702327208,78
747445,753.963896712492,239
747463,22.78818885611533,18
747481,22.4480467050798,18
747500,24.054856917238563,19
747518,22.658900885904725,18
747742,687.074480598795,224
747760,22.53626051257696,18
748012,810.8492129854715,252
748156,336.017664370967,144
748300,338.4670759760073,144
748320,25.589240972610803,20
748530,626.6124712689028,210
748734,598.1674020873511,204
748752,22.61644954257355,18
748830,145.13836948504357,78
748905,138.99270682253123,75
748924,24.11191049898529,19
749067,331.8659190709872,143
749210,328.96604437365374,143
749229,23.86239100310391,19
749249,25.356928858835154,20
749394,337.3088873813264,145
749413,24.11473486891882,19
749432,23.80070060040439,19
749451,24.286647663498766,19
749470,24.014959022534022,19
749489,24.013848126098733,19
749508,23.790112811681155,19
749652,332.56223860569673,144
749671,23.92620257400139,19
749690,23.973547575433468,19
749708,22.557625422582284,18
749902,542.3478787075519,194
749982,152.28683335616174,80
750126,333.32985457927845,144
750144,22.815912455821177,18
750163,23.92081721857288,19
750307,334.0873728192608,144
750450,332.0303128370719,143
750700,794.5529412357431,250
750718,22.68711407782629,18
750860,330.8900982357195,142
750937,143.72408426298355,77
750955,22.516987407745045,18
751100,333.74571352458935,145
751119,23.811126330162214,19
751138,23.990603469803276,19
751156,22.61906696807928,18
751174,22.57124650219451,18
751317,334.44590575023784,143
751335,22.772313926350343,18
751354,23.860540442244456,19
751575,671.2434358103712,221
751593,22.654383970930787,18
751612,23.904529760592222,19
751630,22.709103530526818,18
751649,24.0984952540177,19
751726,144.85946354380027,77
751746,25.525410513916217,20
751764,22.598353653549534,18
751968,595.712724835576,204
752113,339.299642558363,145
752131,22.578061476622707,18
752149,22.58145908612516,18
752168,23.99608835896392,19
752186,22.646594099756857,18
752204,22.688246818915836,18
752348,334.49035009465825,144
752496,353.53741191050494,148
752642,339.87395894351283,146
752660,22.75061354555793,18
752680,25.408183668877435,20
752699,23.908827992981323,19
752718,23.967253671641664,19
752736,22.42656809201125,18
752755,24.106178413458807,19
752773,22.71433510695962,18
752923,358.6491722801371,150
753064,327.8355244938495,141
753209,338.75224666796345,145
753228,24.060328565761754,19
753247,24.203601182919083,19
753325,146.8596822707009,78
753402,143.14258598153367,77
753421,24.047813812768023,19
753439,22.937104209645234,18
753458,24.262816518506988,19
753476,22.524642554019074,18
753495,24.006384205284032,19
753514,24.111478636654052,19
753533,24.15044699251283,19
753551,22.70938158624401,18
753630,149.26217243088647,79
753648,22.668075211024625,18
753667,24.208250812495393,19
753686,23.592395037628464,19
753703,21.164927808595237,17
753721,22.38501159062286,18
753740,24.095734625346463,19
753757,21.23684398089519,17
753775,22.384756141271897,18
753792,21.23227471265141,17
753810,22.662170950065764,18
753829,23.84796586246727,19
753847,22.61743824536434,18
753865,22.40673212699634,18
753883,22.53380735675525,18
753901,22.464447880574845,18
753918,21.287855098516133,17
753937,23.68392740265467,19
753956,23.83958860279405,19
753975,23.906330706357025,19
753993,22.50644740345778,18
754135,333.47089807078316,142
754153,22.557925101036673,18
754230,145.2450159218872,77
754248,22.449731472265594,18
754265,21.179366236584993,17
754284,23.9562563618442,19
754303,24.174843232935334,19
754321,22.306582635153344,18
754339,22.60292337772994,18
754357,22.45600927808238,18
754375,22.495733675970666,18
754394,24.094879539903825,19
754413,23.834697158917088,19
754431,22.285357387311066,18
754449,22.607856658494658,18
754466,21.210430312691248,17
754484,22.527990503050496,18
754502,22.473017975663737,18
754519,21.129477551113162,17
754536,21.225586306212406,17
754554,22.473589420177284,18
754572,22.419327510986726,18
754590,22.427367318544114,18
754608,22.48701507840185,18
754627,23.84283936569849,19
754645,22.287770432376036,18
754664,23.79769429541164,19
754682,22.58843996580694,18
754700,22.309847500030205,18
754718,22.47423170231231,18
754736,22.445928777861283,18
754754,22.547605384600956,18
754772,22.383668787766744,18
754790,22.630641581252366,18
754809,24.009862788884696,19
754827,22.58544893322554,18
754845,22.588287058828406,18
754864,23.915521749209503,19
754882,22.64900065492034,18
754901,23.985640184550494,19
754919,22.580962696855625,18
754939,25.433962935566974,20
754957,22.39578352110849,18
754975,22.52844679883379,18
754993,22.687772415654198,18
755010,21.314905300879566,17
755029,23.973862951334524,19
755048,23.92345089702882,19
755066,22.41647664939608,18
755084,22.37363109127585,18
755103,23.972252696754158,19
755121,22.559550574826485,18
755139,22.421969282267366,18
755157,22.619418307166306,18
755175,22.685219855268734,18
755193,22.49729473656168,18
755211,22.436123898417474,18
755228,21.248534685253794,17
755247,23.670518996036222,19
755265,22.649573231366798,18
755282,21.21231770016626,17
755300,22.636083177394312,18
755318,22.30238687713297,18
755336,22.278839235505284,18
755355,23.693321452267302,19
755373,22.585065058328738,18
755391,22.463618899249287,18
755410,23.976819074384284,19
755428,22.690294473769427,18
755448,25.53536537192285,20
755466,22.61422460625862,18
755484,22.464873352903137,18
755502,22.645224347007517,18
755520,22.490674463305236,18
755537,20.918001724416726,17
755554,20.974525197365644,17
755572,22.327289905658418,18
755589,21.168095959921413,17
755607,22.60094070456981,18
755625,22.56214013652239,18
755643,22.499525647313455,18
755660,21.414700016617285,17
755678,22.38473341779537,18
755697,23.78629690232595,19
755715,22.451562738756994,18
755734,24.19448442549255,19
755752,22.3549265010923,18
755771,24.071711960565104,19
755789,22.34576464970016,18
755808,24.176729700896416,19
755826,22.754284583714387,18
755844,22.520866697852913,18
755862,22.497980218497755,18
755880,22.86115039838536,18
755899,23.79496655985757,19
755917,22.427764797494188,18
755937,25.48034472635843,20
755955,22.32168608757638,18
755974,23.79563129046742,19
755992,22.668471616722634,18
756014,28.60912830045141,22
756032,22.431137997535938,18
756055,30.11455911954889,23
756074,23.927581168045876,19
756092,22.48517818048924,18
756111,23.99753655528696,19
756129,22.547260117019498,18
756147,22.44645564147235,18
756168,26.755237226136856,21
756186,22.557524088043756,18
756205,23.9638594338724,19
756225,25.303613082574024,20
756244,23.960443510506973,19
756262,22.50668963993895,18
756280,22.506602755162103,18
756298,22.560862663365995,18
756316,22.659015977675633,18
756335,23.947156149642158,19
756354,24.110144277525617,19
756373,24.1915682583267,19
756391,22.688246516467544,18
756409,22.39290105609573,18
756426,21.2520227346958,17
756444,22.54330154227239,18
756521,144.21965379350056,77
756539,22.441689712819645,18
756558,24.021229766255672,19
756577,23.96451275534708,19
756596,23.947426267142202,19
756615,24.08335006415882,19
756632,21.18117183544832,17
756652,25.48202934312523,20
756670,22.56759001452433,18
756692,28.60499256043924,22
756710,22.603781723096695,18
756729,23.861992349833244,19
756751,28.271367122590757,22
756773,28.427052659834207,22
756791,22.408995324901948,18
756809,22.605652272015103,18
756828,24.01956574100256,19
756846,22.521707322536468,18
756864,22.585236596082314,18
756882,22.41493251005848,18
756901,23.979472844995957,19
757044,331.38370970349735,143
757063,24.089792001137965,19
757081,22.64453884576361,18
757100,23.973452035688204,19
757118,22.486487806493596,18
757136,22.55035581624905,18
757155,23.93164588289952,19
757177,28.651753521339003,22
757195,22.47607490378989,18
757214,23.84984305490093,19
757233,23.998872082448454,19
757377,337.1393668855943,144
757396,23.905394869113778,19
757415,23.817722950821825,19
757434,24.01059062759531,19
757453,23.819863095686156,19
757471,22.64297877363014,18
757489,22.35997298883602,18
757506,21.251820385296377,17
757734,716.0682273930374,228
757753,23.92606069810352,19
757771,22.611119596256472,18
757789,22.50129190386173,18
757808,24.08311188616172,19
757826,22.49919331760471,18
757844,22.38908559941301,18
757862,22.34071400592953,18
757880,22.383819443576286,18
757898,22.21761524057967,18
757916,22.53226141695156,18
757934,22.40392233554652,18
757952,22.41590509875117,18
757970,22.412562343321238,18
757987,21.09579450252532,17
758004,20.975003701039196,17
758024,25.620610421281643,20
758041,21.039773644595737,17
758059,22.472457098669917,18
758077,22.23778579840861,18
758095,22.697983664406458,18
758113,22.57724788101619,18
758132,24.128255476660822,19
758150,22.353575082466016,18
758168,22.390885523022494,18
758185,21.20174072880495,17
758202,21.39985291332852,17
758219,21.215761682044906,17
758237,22.51101890041569,18
758254,21.0763588294437,17
758272,22.623808211332705,18
758290,22.550183404630506,18
758307,21.192568851787293,17
758324,21.071444827304084,17
758342,22.669459676212366,18
758360,22.533107851360104,18
758378,22.55231582131673,18
758396,22.565158633466694,18
758414,22.502514556829738,18
758433,23.82205475488997,19
758454,26.789897813750727,21
758471,21.180992687749153,17
758491,25.15331981730926,20
758509,22.362359129812848,18
758535,35.761060474316885,26
758554,23.967997571951106,19
758576,28.143942642840578,22
758595,23.954378458459555,19
758614,24.10079234352634,19
758632,22.24779023234168,18
758650,22.393263453748695,18
758668,22.400133733120278,18
758685,21.349809859587786,17
758703,22.397403730407596,18
758720,21.150614406677963,17
758738,22.504668980962858,18
758756,22.562373205573003,18
758773,21.07022454124769,17
758792,24.02454600824914,19
758811,23.768573344158494,19
758829,22.45556254553702,18
758847,22.29057407249384,18
758865,22.424404640404518,18
758882,21.26364472897449,17
758900,22.56753867692227,18
758918,22.554629759186174,18
758936,22.57734178185974,18
758954,22.39075852957456,18
758972,22.72886136348538,18
758990,22.475240030583848,18
759009,23.77325613711833,19
759027,22.50830397649719,18
759045,22.57478773924409,18
759062,21.030030243423454,17
759080,22.55378293569755,18
759099,23.940598911365957,19
759117,22.34621398253663,18
759135,22.414233660824486,18
759153,22.465479585868653,18
759171,22.49687203558431,18
759189,22.623275354818627,18
759206,21.084692754322592,17
759225,23.96414483406887,19
759243,22.52431650856324,18
759261,22.431689467310868,18
759279,22.418690470540284,18
759299,25.511374915317486,20
759317,22.62133068685486,18
759337,25.434080021637264,20
759356,24.081349080593537,19
759374,22.568564066894368,18
759392,22.35090283490777,18
759410,22.516444614229673,18
759429,23.816992897882606,19
759447,22.558053053560474,18
759465,22.59512828567376,18
759483,22.366081431068014,18
759502,23.812921386796962,19
759520,22.467636221656008,18
759538,22.27149107500607,18
759557,23.91108969019873,19
759574,21.12225676743464,17
759651,145.16478573032066,77
759670,24.02268529641389,19
759688,22.59762091559169,18
759706,22.37011861285796,18
759724,22.53816322526407,18
759742,22.304689041311413,18
759760,22.416583927872992,18
759778,22.448967106744092,18
759796,22.44058648531196,18
759813,20.981953157156013,17
759830,21.337344075345076,17
759848,22.582718528854897,18
759866,22.61946591272997,18
759884,22.252120458641603,18
759902,22.445554626701153,18
759919,21.167791390858856,17
759937,22.510002138524616,18
759954,21.225763377652545,17
759971,21.159001938901664,17
759988,21.007559577580103,17
760006,22.525723505612252,18
760023,21.08809190678726,17
760040,21.286319712526826,17
760058,22.506897651672666,18
760075,21.161944795593705,17
760092,21.050333475033558,17
760110,22.487040992598907,18
760128,22.214318080425425,18
760145,21.302515423244532,17
760162,21.098214164815328,17
760179,21.0915916374461,17
760197,22.42996400215396,18
760214,21.12315749597425,17
760231,21.042235592695093,17
760249,22.389000368615385,18
760267,22.40008605375289,18
760284,21.177201322752307,17
760301,21.02397784482716,17
760318,21.141986457062977,17
760336,22.287653403239776,18
760354,22.268264845820614,18
760372,22.550925592482177,18
760390,22.523577846060817,18
760408,22.575201399716068,18
760425,21.069988379683963,17
760443,22.521609024929607,18
760461,22.362856465411415,18
760478,21.1784136690699,17
760495,21.128348487629015,17
760512,21.085720716287522,17
760529,20.995395374486623,17
760548,23.788860162613766,19
760565,21.12250024370291,17
760583,22.610161722076878,18
760600,21.227093994075723,17
760618,22.77868686631617,18
760637,23.76867274651856,19
760654,21.115490432739065,17
760671,21.27268907726696,17
760689,22.318245568531392,18
760706,21.117030608817323,17
760724,22.486443823624047,18
760740,19.67983110709933,16
760758,22.572361394854486,18
760775,21.204851181448454,17
760792,21.129636750857138,17
760809,21.22586411449377,17
760827,22.4588548257185,18
760844,21.243347780038125,17
760862,22.42568470342855,18
760880,22.481908743332053,18
760897,21.34263680439197,17
760915,22.492802502230735,18
760932,21.15317780012786,17
760949,21.260593590954574,17
760966,21.098645209859868,17
760983,21.197125058710018,17
761001,22.52434888245364,18
761019,22.466080915948574,18
761036,21.133955267223293,17
761054,22.540979868265495,18
761072,22.494361192572207,18
761089,20.953987720551165,17
761107,22.468333282621426,18
761125,22.556465216065988,18
761142,21.221114173450953,17
761159,21.358131343331024,17
761182,30.06851997340083,23
761201,23.692441029341445,19
761219,22.608678982501832,18
761236,21.018350108274685,17
761253,21.105694273972905,17
761271,22.301397611876673,18
761288,21.155597774076842,17
761305,21.1670815183683,17
761323,22.55388381388706,18
761341,22.501398560852188,18
761359,22.642613195688007,18
761377,22.57651049743199,18
761394,21.12148181047835,17
761411,21.078366454555265,17
761428,21.058669486643506,17
761445,21.31570620018277,17
761463,22.369132264032306,18
761481,22.401840421755743,18
761499,22.50096602033232,18
761516,20.974272237915862,17
761533,21.30479142508778,17
761550,21.03753596555077,17
761567,21.045023131538116,17
761584,21.191065918145508,17
761602,22.51784611214589,18
761619,21.25301913692673,17
761636,20.905321549569262,17
761654,22.590534007238645,18
761671,21.198624704258464,17
761689,22.404832784410875,18
761706,21.143537291642918,17
761724,22.574935009512743,18
761742,22.57003252318777,18
761760,22.500962213839056,18
761778,22.406731243410153,18
761796,22.38507364656169,18
761815,23.935613921836215,19
761833,22.389216640326083,18
761850,21.100730611661273,17
761867,21.3911574969839,17
761885,22.45269754948228,18
761903,22.575069893962436,18
761920,21.30750297397761,17
761937,21.19395779094049,17
761955,22.398515039730274,18
761973,22.467081250946183,18
761991,22.414532679423573,18
762008,21.298152831730604,17
762025,21.274045807757847,17
762042,21.128498032803787,17
762060,22.453863401583565,18
762077,21.374497910471597,17
762094,20.985065036679856,17
762112,22.508021807829984,18
762130,22.494293367939804,18
762147,21.122622766557612,17
762165,22.402564593291913,18
762183,22.38070724150567,18
762201,22.53516232798537,18
762219,22.490146440599048,18
762237,22.406599500520727,18
762255,22.374151254482715,18
762273,22.43630898837767,18
762291,22.437218664068354,18
762309,22.38001008182114,18
762327,22.62474224271712,18
762345,22.64707224130513,18
762363,22.53822781918258,18
762381,22.458991890274852,18
762398,21.21677654197952,17
762416,22.462100866734776,18
762433,21.14384786725751,17
762451,22.428321541508875,18
762469,22.53613205166368,18
762486,21.23372834465258,17
762503,21.22823872819062,17
762520,21.25113615102584,17
762537,21.17283629986572,17
762555,22.47137890868474,18
762572,21.10953993334534,17
762589,21.11859525235491,17
762606,21.32247663851384,17
762624,22.3346253693567,18
762641,21.057769884572664,17
762658,21.133055225421657,17
762675,21.171691300484436,17
762693,22.528851194771132,18
762711,22.598913694264652,18
762729,22.370018996780455,18
762747,22.446704692109467,18
762764,21.164681562787358,17
762781,21.15762700520007,17
762799,22.529141633727352,18
762817,22.371255924574406,18
762834,21.278922528585102,17
762852,22.58023900562387,18
762869,21.084086795042644,17
762887,22.50543253359764,18
762904,20.993327535503422,17
762922,22.554178352501832,18
762939,21.03953497274492,17
762958,24.028720275004478,19
762975,21.125502176371892,17
762993,22.40670082590381,18
763011,22.546391585440414,18
763029,22.562743579338182,18
763047,22.47124031980712,18
763065,22.642277296894576,18
763082,21.221193024836722,17
763099,21.165096602167317,17
763116,21.03086461699694,17
763134,22.47717636246228,18
763153,23.70889899072609,19
763171,22.452610684409418,18
763189,22.555543539114783,18
763207,22.606862258958625,18
763225,22.499864271630724,18
763242,21.255445513355948,17
763259,20.987038931720654,17
763276,20.962313888059647,17
763294,22.51070552337725,18
763311,21.015869855175872,17
763329,22.44409915416148,18
763347,22.392956398843992,18
763364,21.010842443602304,17
763382,22.32030050457177,18
763400,22.415276607889115,18
763417,21.354030799758153,17
763434,21.077183036204655,17
763451,21.208028885114416,17
763469,22.5412311492958,18
763486,21.02313487800738,17
763503,21.194323596353236,17
763521,22.61838925506513,18
763539,22.30012313146329,18
763556,21.17078583040054,17
763574,22.64172531162448,18
763591,21.13883570630261,17
763608,21.19712699586514,17
763625,21.30820112337344,17
763642,21.242320367749855,17
763661,24.005494714958402,19
763678,21.2165264042107,17
763695,20.911627182744187,17
763712,21.17029595441269,17
763730,22.370669048744762,18
763748,22.323675290578247,18
763766,22.55919158919109,18
763784,22.43246390746246,18
763801,21.170296363888337,17
763818,21.36417722452661,17
763836,22.56467250029647,18
763854,22.430452403845866,18
763871,21.161947967714713,17
763888,21.12377219498723,17
763905,21.079879953288327,17
763923,22.50781582062875,18
763940,21.07549958934999,17
763958,22.56777047801457,18
763977,23.96731920791238,19
763994,21.281707234909,17
764011,21.1012921379992,17
764028,21.09725543812326,17
764045,21.25249277597781,17
764063,22.51231543073023,18
764081,22.453351642683238,18
764099,22.462179529279386,18
764117,22.40631645455677,18
764135,22.492725061524453,18
764153,22.32105640471072,18
764171,22.51186693600122,18
764188,21.072839329814617,17
764205,21.122100550821017,17
764222,21.286737361566438,17
764239,20.997274860680612,17
764258,23.972784471965447,19
764276,22.481577551581328,18
764294,22.528219133000583,18
764311,21.14858835553773,17
764329,22.368930067631283,18
764346,21.259071285521564,17
764365,23.915596427847984,19
764383,22.58390165494744,18
764401,22.444363965802413,18
764418,20.965867466795338,17
764436,22.51816909145039,18
764453,21.112184219922696,17
764471,22.44143102856497,18
764489,22.656541020870446,18
764506,21.03563698214661,17
764524,22.361163566146473,18
764542,22.554142370681333,18
764559,21.29468346357331,17
764576,21.248512443704197,17
764593,21.24723172747392,17
764611,22.602373549534867,18
764628,21.069735368016527,17
764646,22.567628535646893,18
764663,21.09695730568739,17
764681,22.538694124237598,18
764698,21.353708381289724,17
764716,22.6251099891381,18
764733,21.11824443298039,17
764750,21.033397782714225,17
764767,21.129930774301112,17
764784,21.099183123952646,17
764802,22.662325497749297,18
764820,22.535574160082557,18
764837,21.343546200024534,17
764854,21.25110109344049,17
764874,25.366264416401602,20
764892,22.574192103667286,18
764910,22.313441527307926,18
764928,22.565898273621308,18
764945,21.197247497675857,17
764963,22.397994783038175,18
764980,21.17404640943153,17
764997,21.027269722644505,17
765015,22.62928657470456,18
765033,22.641894165491724,18
765050,21.215618432230247,17
765068,22.58092637257679,18
765085,20.997008017090646,17
765103,22.48455933505467,18
765120,21.220699372900565,17
765137,21.111310060823577,17
765155,22.425841298433262,18
765173,22.50636598109341,18
765190,21.200711542842352,17
765208,22.623181943926927,18
765226,22.53389074130407,18
765243,21.21804710820895,17
765260,21.17096295358406,17
765277,21.106468848429618,17
765295,22.281276855861194,18
765313,22.357159969416077,18
765332,24.07530399953192,19
765349,21.096780123490237,17
765367,22.480214542393576,18
765385,22.487154111109817,18
765403,22.253566234796363,18
765420,21.232225827995602,17
765438,22.56135608062243,18
765455,21.142281043358725,17
765473,22.55933192229185,18
765490,21.113215675612214,17
765508,22.62712428636057,18
765526,22.38897382951725,18
765543,21.0434868705423,17
765561,22.275151861655235,18
765578,21.02978279659679,17
765596,22.33568192202261,18
765613,21.18008189917582,17
765631,22.471777999579032,18
765649,22.273755341129206,18
765667,22.523488910422387,18
765685,22.365395794725156,18
765702,21.18464282716202,17
765720,22.412521048854284,18
765739,24.032021088374993,19
765756,21.199404400177112,17
765774,22.316142292411996,18
765792,22.571695817738025,18
765810,22.437883120036727,18
765828,22.664152781966756,18
765845,21.000096026921955,17
765864,23.862310675257206,19
765882,22.569239604778787,18
765900,22.442939196688428,18
765917,21.089122114069387,17
765934,21.188721144170774,17
765952,22.292775013090782,18
765969,21.16323081400536,17
765986,21.083889210134146,17
766003,21.234108049094274,17
766021,22.471357559503776,18
766039,22.588324687167976,18
766056,21.316063919159898,17
766074,22.681933016458053,18
766091,21.258153013827965,17
766108,21.351601723655012,17
766126,22.470448697382405,18
766144,22.702000693742274,18
766162,22.564979194774036,18
766180,22.759471162179967,18
766198,22.731840285026255,18
766215,21.31478099934858,17
766232,21.1368669605991,17
766249,21.441840291327267,17
766266,21.421888685519754,17
766284,22.526364586171542,18
766301,21.368770920930945,17
766319,22.572044258793003,18
766336,21.195712922978835,17
766353,21.344368747907225,17
766371,22.60944400621087,18
766389,22.61016206836326,18
766406,21.226540848951686,17
766425,24.06634979924637,19
766443,22.630994824931665,18
766460,20.998178160757295,17
766478,22.75602674567418,18
766496,22.562045746145955,18
766514,22.53285472222243,18
766531,21.31184951578615,17
766548,21.329498632466496,17
766565,21.3886122964238,17
766583,22.46676112567493,18
766600,21.22084385836127,17
766618,22.57402353796829,18
766636,22.608218161821142,18
766653,21.265194719966132,17
766671,22.536299698634526,18
766689,22.64328023549621,18
766707,22.64036847190008,18
766725,22.635125518824093,18
766742,21.133469151358053,17
766759,21.21583657863746,17
766777,22.725680129599656,18
766794,21.124325070991414,17
766811,21.183411525491938,17
766828,21.303708387248008,17
766846,22.568918175033712,18
766864,22.539844154115507,18
766882,22.632141365453542,18
766899,21.272868794606786,17
766916,21.218544956911277,17
766933,21.286281027004456,17
766950,21.118559242603475,17
766968,22.605987639547212,18
766986,22.499138405831232,18
767003,21.290728240436437,17
767021,22.70420395585112,18
767038,21.31177064961669,17
767056,22.704730083070924,18
767074,22.637334183244718,18
767092,22.579670962319227,18
767109,21.150423815404448,17
767126,21.346792992169686,17
767143,21.491951699746437,17
767160,21.378232547874816,17
767178,22.59919642699949,18
767195,21.16300993788601,17
767212,21.23843673038944,17
767229,21.37298309689087,17
767246,21.224219217575452,17
767263,21.267018239804134,17
767280,21.248180056800248,17
767297,21.249887436132685,17
767314,21.158333956392347,17
767331,21.313368301594604,17
767348,21.331225059287632,17
767365,21.369214401354586,17
767383,22.582870346149097,18
767401,22.547757474947907,18
767419,22.538960356675315,18
767437,22.612953910775776,18
767454,21.358026148961784,17
767472,22.615450073604205,18
767490,22.49843183324137,18
767508,22.65905496070059,18
767525,21.174284739527863,17
767543,22.406832927162807,18
767560,21.458250780483407,17
767577,21.311978938934672,17
767594,21.338359274154648,17
767611,21.341998197183653,17
767629,22.407727512929263,18
767646,21.240337652195567,17
767663,21.171261042816486,17
767680,21.260809366449198,17
767697,21.09086035896315,17
767714,21.194762124699068,17
767731,21.482227799942674,17
767748,21.215282346276446,17
767767,23.930010787257608,19
767785,22.43470286123406,18
767802,21.37415203207785,17
767820,22.48656871509657,18
767838,22.702894876431785,18
767855,21.146584854364797,17
767873,22.45583844704587,18
767890,21.27737609211608,17
767907,21.15614387494769,17
767924,21.374949750495492,17
767942,22.617705501947103,18
767959,21.29338259078961,17
767976,21.388473656497183,17
767993,21.312006311929604,17
768010,21.247209650674545,17
768027,21.294750341753605,17
768044,21.38575999637655,17
768062,22.46007291956542,18
768079,21.0643667707998,17
768096,21.47344408789133,17
768113,21.445921589934716,17
768130,21.301081636986,17
768147,21.268388820941524,17
768164,21.30425469480209,17
768181,21.34179031844836,17
768199,22.543152806766045,18
768217,22.68899821690856,18
768235,22.594644756713503,18
768252,21.29437550135229,17
768269,21.197612587271696,17
768286,21.421461090485124,17
768303,21.426601736882546,17
768320,21.378726506659735,17
768337,21.23420474936838,17
768354,21.49332503940634,17
768372,22.614349880577606,18
768389,21.367591565165228,17
768407,22.539879838407547,18
768423,20.00469354707031,16
768441,22.572520076767113,18
768458,21.225229257875313,17
768475,21.410953053184947,17
768493,22.528381838086656,18
768511,22.828377416523878,18
768528,21.205392790983975,17
768545,21.272689950799467,17
768562,21.1783068726944,17
768580,22.447121137056186,18
768596,19.94939857439069,16
768613,21.26638066181688,17
768631,22.49419560567469,18
768648,21.070145271110228,17
768665,21.375829798261403,17
768682,21.1921737838429,17
768699,21.347772956327645,17
768716,21.301081215456794,17
768733,21.210855622874547,17
768750,21.20276932905045,17
768767,21.457637527140346,17
768784,21.286876525995506,17
768802,22.484150366441433,18
768819,21.39245906712389,17
768835,19.963329925096215,16
768853,22.51552986818098,18
768870,21.42117948972808,17
768887,21.350433536265964,17
768904,21.269106617233653,17
768921,21.250467602259643,17
768938,21.327531025383117,17
768956,22.560304059435392,18
768974,22.46736403700298,18
768991,21.22940771316371,17
769008,21.314186772396567,17
769025,21.203435160336582,17
769043,22.49200484534664,18
769060,21.525650179741756,17
769078,22.256544395289197,18
769096,22.515371299474488,18
769113,21.32124526477027,17
769130,21.12802367766531,17
769147,21.414296438356438,17
769164,21.403348552303047,17
769182,22.682111791217217,18
769199,21.210610674770564,17
769216,21.289072209840658,17
769234,22.665073619614645,18
769251,21.160303812145138,17
769269,22.420935218451287,18
769286,21.395513292202253,17
769303,21.34279643453764,17
769320,21.227659573219544,17
769337,21.28337872741446,17
769355,22.723658094390895,18
769373,22.759999701794488,18
769390,21.34836792229125,17
769407,21.352403724915074,17
769425,22.668772095145485,18
769442,21.329804702224294,17
769459,21.33480113597153,17
769477,22.637424023851647,18
769494,21.16194705757973,17
769511,21.24973013962983,17
769528,21.44599426809485,17
769545,21.459069534705616,17
769562,21.36447937676423,17
769579,21.226780112637623,17
769596,21.25045371917021,17
769613,21.143624955172864,17
769630,21.470749620513352,17
769647,21.249770070270618,17
769665,22.557520250221835,18
769682,21.266009816319603,17
769699,21.134775966312382,17
769716,21.381248409018475,17
769733,21.302695198048184,17
769750,21.152714152635692,17
769767,21.220378957576724,17
769784,21.18272186408544,17
769801,21.282435621629705,17
769818,21.153138952546804,17
769835,21.315298762321135,17
769853,22.494016014618634,18
769870,21.431743787518926,17
769887,21.387347032551602,17
769904,21.218538734649933,17
769921,21.210110384873413,17
769939,22.547010480149215,18
769957,22.472936243441485,18
769975,22.578655217292265,18
769993,22.590954691682285,18
770010,21.44669717615207,17
770027,21.3363585081398,17
770043,19.9933322984353,16
770060,21.3026520212789,17
770077,21.32770633953166,17
770094,21.20910234134321,17
770111,21.138013050973402,17
770128,21.14932646273945,17
770145,21.030157629442044,17
770162,21.038410600653812,17
770179,21.15130119366176,17
770195,19.98310369347529,16
770212,21.18583421291679,17
770229,21.299597371416386,17
770245,20.001563888053752,16
770262,21.3151078319673,17
770279,21.385371703916594,17
770297,22.465604084851005,18
770314,21.268695759152465,17
770331,21.28947344413311,17
770348,21.366823189070665,17
770364,19.848662497236603,16
770380,20.04018868008729,16
770397,21.160126863985553,17
770414,21.126386990616876,17
770431,20.992138501437374,17
770448,21.242988499496978,17
770464,19.789125875625405,16
770481,21.496344937871385,17
770497,19.954028026795744,16
770514,21.303353493391256,17
770530,19.993590292860652,16
770547,21.37544032886617,17
770564,21.184852680765324,17
770581,21.257723102698037,17
770597,19.90673066663922,16
770614,21.27103493271798,17
770631,21.214786248506016,17
770648,21.05741879619215,17
770665,21.17052490636656,17
770682,21.260522855247622,17
770698,19.85261367144009,16
770714,19.955461845509937,16
770731,21.230477275837877,17
770748,21.280556879628964,17
770765,21.151885702476974,17
770781,20.119386631825986,16
770798,21.30579674686243,17
770815,21.085220419008227,17
770832,21.35530004520256,17
770849,21.155932599882462,17
770866,21.183558467656066,17
770883,21.246307481999118,17
770900,21.24514719556009,17
770917,21.307971940320982,17
770934,21.19061094601269,17
770951,21.06983047093439,17
770967,19.88874031241614,16
770984,21.219210418614924,17
771001,21.314522364264054,17
771018,21.293254803079645,17
771036,22.639088552488577,18
771054,22.663265922911556,18
771071,21.20804851021349,17
771088,21.284166169276833,17
771105,21.24316819008179,17
771122,21.155645925044446,17
771139,21.227285446981384,17
771156,21.285042006530446,17
771173,21.349575076860088,17
771190,21.244420641655637,17
771207,21.187360737580118,17
771224,21.460542393606296,17
771241,21.054828813974684,17
771258,21.21710079381561,17
771274,19.73559389790987,16
771291,21.090451353734483,17
771308,21.1314872494707,17
771324,19.953037781895492,16
771341,21.179183724736784,17
771358,21.303844558268143,17
771375,21.24728124139076,17
771391,19.808544478834722,16
771408,21.128406385521966,17
771425,21.02320938339686,17
771442,21.302393846071713,17
771459,21.00751126019451,17
771475,19.98493986974436,16
771493,22.548652611013548,18
771509,19.999256215164284,16
771526,21.387523000344626,17
771542,19.85737756798756,16
771559,21.241546161776746,17
771576,21.219270513475177,17
771592,20.12049802963901,16
771608,19.901295297090794,16
771625,21.24710087317388,17
771642,21.2458814793557,17
771659,21.329713177010518,17
771676,21.1333645707914,17
771693,21.15252913257415,17
771710,21.22643827573985,17
771727,21.196405458164925,17
771743,19.840603711832923,16
771760,21.337798421478407,17
771776,19.956987555243305,16
771793,21.336838454808284,17
771810,21.299646411620294,17
771827,21.429393545215905,17
771844,21.256906090381747,17
771860,19.94356811085486,16
771877,21.179079300930265,17
771894,21.12041453182263,17
771910,19.732186580744173,16
771926,19.90388640601847,16
771943,21.152914406876555,17
771960,21.125550553384628,17
771977,21.25488688359843,17
771994,21.253942746617952,17
772011,21.184733837935187,17
772028,21.29590111332824,17
772045,21.258944130556557,17
772062,21.22053970373844,17
772079,21.328555964295173,17
772096,21.1384845720056,17
772113,21.12023335509857,17
772129,20.05466097252774,16
772146,21.267588121354244,17
772163,21.344295987798855,17
772179,20.084555222044465,16
772196,21.43309486374807,17
772213,21.259344520725268,17
772230,21.378786591273233,17
772247,21.31546427857381,17
772264,21.251742046045564,17
772281,21.24936916019308,17
772297,20.145890335142113,16
772314,21.237506275104668,17
772330,20.129831190446563,16
772347,21.29691663589965,17
772364,21.318441488324698,17
772381,21.158119496865616,17
772398,21.343450591989086,17
772415,21.246130269843952,17
772432,21.5002375140693,17
772449,21.152346378041457,17
772466,21.27627749843946,17
772483,21.374780840661174,17
772500,21.31549380663334,17
772517,21.2138592816392,17
772534,21.39743464692115,17
772550,20.07320425273153,16
772566,20.142540457879914,16
772582,19.89975347879358,16
772599,21.32603728160353,17
772616,21.39487876441928,17
772633,21.399359934257678,17
772650,21.32709859181837,17
772667,21.24470684631966,17
772684,21.483079672035647,17
772701,21.40173440037329,17
772717,20.083300899734937,16
772734,21.262076862766904,17
772750,19.990224927182304,16
772767,21.26939734629229,17
772784,21.517733444920104,17
772801,21.248220978789536,17
772817,19.920901968624886,16
772834,21.387444762209107,17
772851,21.263233250404195,17
772868,21.28972266092012,17
772885,21.364634996522728,17
772902,21.305993258856816,17
772919,21.4314743729159,17
772936,21.151779616991945,17
772953,21.396602702271984,17
772969,20.077206426124864,16
772986,21.373284042666498,17
773002,19.98740908841213,16
773019,21.29346209010076,17
773036,21.259809109840283,17
773053,21.157881759746243,17
773070,21.46477275855623,17
773087,21.2865893405575,17
773103,20.04872218601686,16
773120,21.504765822197225,17
773136,20.155314774164584,16
773152,20.180588074138655,16
773169,21.357709020272083,17
773186,21.31123796055104,17
773202,20.18705921068158,16
773219,21.39488473728865,17
773236,21.334166261687752,17
773253,21.341133815611343,17
773270,21.356434796273064,17
773287,21.455108415619474,17
773304,21.4146748344093,17
773321,21.343171085650738,17
773338,21.160210990016196,17
773355,21.324168526768972,17
773372,21.026122686220376,17
773389,21.148786452371002,17
773406,21.537319427873996,17
773423,21.26482952169894,17
773440,21.366105022152723,17
773457,21.263669348485067,17
773474,21.34464980522998,17
773491,21.239933518558185,17
773508,21.22892897588971,17
773525,21.407918830126203,17
773542,21.237743755581917,17
773559,21.412612071012074,17
773575,19.895715224766242,16
773592,21.19654380040252,17
773609,21.377919340389884,17
773626,21.350760987135597,17
773642,20.005512745990256,16
773659,21.304344860558192,17
773676,21.33625500955778,17
773692,20.03423077337329,16
773709,21.23028621087434,17
773726,21.241996983975493,17
773743,21.24544193332457,17
773760,21.268030214431576,17
773777,21.451673976734657,17
773794,21.059442587916312,17
773811,21.396213786841173,17
773827,20.035999902906063,16
773844,21.182025968688624,17
773861,21.17825294432567,17
773878,21.251927948296295,17
773895,21.304286494084568,17
773912,21.32634254110998,17
773929,21.248488458186202,17
773946,21.11836488795986,17
773962,20.07278010340222,16
773978,19.975119367587357,16
773995,21.461093478462892,17
774011,19.903291975847175,16
774027,19.996370930842787,16
774044,21.34061154534759,17
774061,21.15019152742364,17
774078,21.18824585182671,17
774094,20.01986777454467,16
774111,21.34001683478736,17
774128,21.32205906954846,17
774145,21.335034869870135,17
774162,21.253312906688524,17
774179,21.168256697394188,17
774196,21.389934894367048,17
774213,21.546285138412475,17
774230,21.507795606022707,17
774247,21.34016334581154,17
774264,21.406599857429207,17
774281,21.350030724593054,17
774298,21.31692036463804,17
774315,21.151336833790356,17
774332,21.30060133880089,17
774349,21.389690324925144,17
774366,21.102231699869563,17
774383,21.415150039154497,17
774400,21.142059843029546,17
774417,21.219023129698048,17
774434,21.230807769761373,17
774450,20.174984757910867,16
774466,20.12721613747119,16
774483,21.313569290117634,17
774500,21.206354200076454,17
774517,21.40840965659827,17
774534,21.264345123958652,17
774551,21.339206749860494,17
774568,21.170371099166605,17
774585,21.06291000951801,17
774602,21.5951462368931,17
774619,21.374184023359135,17
774636,21.390675707120728,17
774652,20.064750693299963,16
774669,21.177668596387164,17
774686,21.13768954212047,17
774703,21.163436958436584,17
774720,21.431637416302856,17
774736,20.13751336303948,16
774753,21.29523574078841,17
774770,21.09460578800784,17
774787,21.305742106819384,17
774803,20.100058976223856,16
774820,21.217019988566744,17
774837,21.36686755014243,17
774854,21.24120555999671,17
774871,21.44689283678712,17
774888,21.25472934869455,17
774905,21.31970234589665,17
774922,21.443876419275863,17
774939,21.44119072257084,17
774956,21.40557142988845,17
774973,21.08109705722693,17
774989,20.086770824756233,16
775006,21.35133232639283,17
775023,21.386684769694792,17
775040,21.377881630645742,17
775057,21.347472516230404,17
775074,21.032833632461706,17
775091,21.392103436156354,17
775108,21.262629333070432,17
775125,21.068835794217833,17
775142,21.361608779271528,17
775159,21.449392551387447,17
775175,19.850558198183762,16
775192,21.417972336772866,17
775209,21.18292943445754,17
775225,20.20669169498115,16
775242,21.400361750788843,17
775259,21.43959249251386,17
775276,21.21067845843882,17
775293,21.421581358661403,17
775309,20.0346475548968,16
775326,21.40607149395823,17
775343,21.329836519891774,17
775360,21.42131169484788,17
775377,21.446509154889444,17
775394,21.400065819255786,17
775411,21.129682957197243,17
775428,21.172616354815222,17
775444,19.90065892441256,16
775460,20.020190436450672,16
775476,20.064590196013338,16
775493,21.442003221982404,17
775510,21.444131475996635,17
775527,21.333812018137905,17
775543,20.20041713727164,16
775559,19.930880075881884,16
775576,21.32413069142525,17
775592,20.156027187461497,16
775609,21.307895729890433,17
775626,21.44356517131907,17
775642,19.97430885220719,16
775659,21.314292667576908,17
775675,19.96516750916744,16
775692,21.39844812727408,17
775709,21.33602867149242,17
775726,21.46838238013223,17
775743,21.41529375591591,17
775760,21.263662643588845,17
775777,21.407390449710746,17
775794,21.265390763981053,17
775811,21.215120553787354,17
775827,20.055031329159792,16
775844,21.315168753971708,17
775861,21.40790582320271,17
775878,21.24431126547948,17
775894,20.015741358501447,16
775910,20.020106697367993,16
775927,21.314040089129005,17
775944,21.497560436183438,17
775960,19.90376315826963,16
775977,21.357778760892934,17
775994,21.23336854854384,17
776011,21.402569998344866,17
776027,20.020213959586936,16
776044,21.205108206216984,17
776061,21.188080528893476,17
776077,19.92812934406475,16
776094,21.3158920503473,17
776111,21.24936131907454,17
776127,20.144509313204278,16
776143,19.94166085212313,16
776160,21.308817808339388,17
776177,21.03650293523757,17
776194,21.435258186405303,17
776210,20.007778197721784,16
776227,21.48461921081669,17
776244,21.288015859255623,17
776260,20.167302937167214,16
776277,21.581111618168393,17
776294,21.42605661376932,17
776311,21.414715604610254,17
776327,20.31371671865876,16
776344,21.410190019659705,17
776361,21.322590557654195,17
776378,21.29546313648397,17
776395,21.54569481801652,17
776412,21.442166017083853,17
776429,21.50679046278719,17
776445,20.126695248828845,16
776461,20.054831569604787,16
776478,21.262093669518457,17
776494,20.0559627845193,16
776511,21.423713103878704,17
776528,21.528289755206618,17
776545,21.397594090383024,17
776562,21.495682560438997,17
776579,21.416366764722266,17
776596,21.52599453347525,17
776612,19.929368261363233,16
776629,21.440358894825973,17
776645,20.070212316676084,16
776662,21.278080121430587,17
776679,21.43877721937571,17
776695,20.05382277378167,16
776712,21.342562894884512,17
776729,21.47180367525377,17
776746,21.526993732916477,17
776762,20.032618778552774,16
776778,19.98364466633135,16
776795,21.511740403523497,17
776812,21.575505433973138,17
776829,21.423908387255334,17
776846,21.559244321005558,17
776863,21.359050524555887,17
776880,21.118640415641945,17
776897,21.29109443123807,17
776914,21.496947879034387,17
776931,21.5619646374387,17
776948,21.51049013028602,17
776964,19.942502213332045,16
776981,21.213209958057863,17
776998,21.320202180704083,17
777015,21.527118796485336,17
777032,21.417582483572076,17
777048,20.054701004233156,16
777065,21.5557870055637,17
777082,21.378009494196807,17
777099,21.500247328378492,17
777116,21.157861792186402,17
777132,20.03750222982405,16
777149,21.28585188315567,17
777166,21.465945600833443,17
777182,20.191056747738642,16
777199,21.351596365309646,17
777216,21.404112473123497,17
777233,21.217011325871262,17
777249,20.167009383781384,16
777266,21.264007826372204,17
777283,21.3639649842101,17
777300,21.371853138508172,17
777317,21.13703636988031,17
777333,20.305393535025875,16
777350,21.163727211517386,17
777367,21.351493234050633,17
777384,21.53644847489992,17
777400,20.105586572015902,16
777417,21.412301035620462,17
777434,21.37881150044015,17
777451,21.445005114689383,17
777468,21.43223926709835,17
777484,19.893387784472516,16
777501,21.37850194587305,17
777518,21.577558113809346,17
777534,20.25954248343649,16
777551,21.34000674247069,17
777568,21.40266192540405,17
777585,21.44907636436119,17
777602,21.540535711859203,17
777618,20.092101951971696,16
777635,21.36906524635723,17
777651,20.093928750213212,16
777667,20.019024090212465,16
777684,21.34095222875885,17
777701,21.317277759068514,17
777718,21.440366087183765,17
777734,20.179388336694263,16
777751,21.271462627177108,17
777767,20.11236531064691,16
777784,21.53865926245016,17
777801,21.32795565300543,17
777818,21.34300587724186,17
777834,20.264226066529204,16
777851,21.215553875008776,17
777868,21.537554850813425,17
777885,21.479269245341822,17
777902,21.396055705012188,17
777919,21.190155272812106,17
777935,20.04606329610146,16
777952,21.419783612407414,17
777969,21.70868055497342,17
777985,20.318392612306713,16
778002,21.410988556548084,17
778019,21.486502537422258,17
778035,20.07119214502675,16
778052,21.51163290351831,17
778068,20.292755837968695,16
778084,20.14826981513666,16
778100,20.132938202081547,16
778117,21.38187587491244,17
778134,21.285638553341645,17
778151,21.341044005345783,17
778168,21.177294964243895,17
778185,21.402947209704234,17
778201,20.057322963629034,16
778217,20.131127232074263,16
778233,20.203756741646213,16
778250,21.06993763666942,17
778267,21.162017868367755,17
778284,21.25802323790706,17
778301,21.329988220633293,17
778318,21.366595284762045,17
778335,21.58814125150451,17
778352,21.464431994624967,17
778369,21.570064217989696,17
778386,21.455399957599056,17
778403,21.22647829275457,17
778420,21.175302896624423,17
778436,20.255281876359053,16
778452,20.06696130317324,16
778468,20.146692361165638,16
778485,21.34743869483974,17
778502,21.61946740091594,17
778519,21.261827269482577,17
778536,21.125510685227663,17
778553,21.44398884708558,17
778569,20.14971513950383,16
778586,21.297082604939984,17
778603,21.29374496177624,17
778620,21.373346796411067,17
778636,20.02567557651892,16
778653,21.422469322493797,17
778670,21.311826408463112,17
778687,21.559269643405532,17
778704,21.17293288777538,17
778720,20.285802087462155,16
778736,20.384468338913788,16
778753,21.36094445469136,17
778770,21.48328109376805,17
778787,21.227365690781838,17
778804,21.09127354030824,17
778821,21.35524792250245,17
778838,21.3031293637559,17
778855,21.362311096702427,17
778872,21.345522137661334,17
778888,20.1802969533679,16
778905,21.2867045263699,17
778922,21.476653232452325,17
778939,21.317331162875377,17
778956,21.498059531445435,17
778973,21.221275805505915,17
778990,21.270483833253692,17
779006,19.9302468669988,16
779023,21.580925386795982,17
779040,21.334551260266704,17
779057,21.408531782667016,17
779074,21.26545802127312,17
779091,21.386658718519776,17
779108,21.43248603710821,17
779125,21.128468120910366,17
779142,21.099900636668476,17
779159,21.523175725564382,17
779176,21.27344844576548,17
779193,21.243742005219246,17
779209,20.078019634697846,16
779226,21.442039020927975,17
779243,21.69306607885761,17
779259,19.957612565892806,16
779276,21.389935830070034,17
779293,21.27430683980416,17
779310,21.55657698158177,17
779327,21.20483912522303,17
779344,21.19300903580954,17
779361,21.184530655758163,17
779378,21.269344591569723,17
779395,21.461529145671726,17
779411,19.917090453234096,16
779428,21.172559499818256,17
779444,20.18688525955635,16
779460,19.971996029283652,16
779477,21.25618656041135,17
779494,21.257852405189524,17
779511,21.50382204722146,17
779527,20.17282644513715,16
779544,21.493888343919412,17
779561,21.51493538813149,17
779578,21.16811480879922,17
779594,20.03431674280093,16
779611,21.52456537949816,17
779628,21.347476617149397,17
779644,20.041101220560815,16
779660,20.088291976359663,16
779677,21.57164935073928,17
779694,21.077538864213714,17
779711,21.43638200999259,17
779728,21.40683541157883,17
779744,19.822717456134505,16
779761,21.38664863433456,17
779778,21.510160099923887,17
779794,20.13249275852042,16
779811,21.290195463068244,17
779828,21.676437435810268,17
779845,21.40032496823814,17
779862,21.595756992223713,17
779879,21.209593309397995,17
779896,21.344579294029455,17
779913,21.24605065251919,17
779929,20.190620930641078,16
779946,21.428524552965985,17
779963,21.157458290596512,17
779979,20.08777928903442,16
779996,21.540363606651923,17
780012,20.241606247886754,16
780028,20.06918734494342,16
780045,21.618069651667266,17
780062,21.36344725591498,17
780079,21.547795179177044,17
780096,21.478449583944197,17
780113,21.36651810754748,17
780130,21.372088376571917,17
780147,21.350741601373603,17
780163,20.0639088157856,16
780180,21.457310667255626,17
780197,21.160683920371373,17
780214,21.576070150387437,17
780230,20.207262993199663,16
780247,21.54196406916078,17
780264,21.591398085778604,17
780281,21.19346828019271,17
780298,21.572910869600946,17
780315,21.224926632095297,17
780331,20.0404284464776,16
780348,21.621215789971473,17
780365,21.24083170885166,17
780382,21.066525953120838,17
780399,21.28579642340358,17
780415,20.06591044371683,16
780431,19.96046843819625,16
780448,21.141918763015266,17
780465,21.24879798319567,17
780482,21.449599047198365,17
780499,21.12016131609308,17
780516,21.53412479712268,17
780533,21.149210207546712,17
780550,21.282242739678125,17
780567,21.13565479252912,17
780584,21.31655834821823,17
780601,21.276942626023054,17
780617,20.24926768430729,16
780634,21.50615816349398,17
780650,19.904491034347565,16
780666,20.018357406955868,16
780683,21.362243977635785,17
780700,21.202611391074747,17
780717,21.445640850472838,17
780734,21.280759230048957,17
780750,19.99752126654091,16
780767,21.50338767138416,17
780783,20.15684134401551,16
780800,21.26745126687954,17
780816,20.16347619589261,16
780832,19.913976416500116,16
780849,21.3293927469458,17
780866,21.28335869050843,17
780882,20.148702841128625,16
780899,21.274424693349765,17
780916,21.132777834569247,17
780932,19.926222915132108,16
780949,21.470777347240535,17
780966,21.510097956641477,17
780983,21.180799877604326,17
781000,21.37376640666364,17
781016,20.146542501448923,16
781033,21.193120566577335,17
781050,21.213347599746182,17
781067,21.12646822816063,17
781084,21.24548436199915,17
781101,21.34139958766313,17
781118,21.305427601222682,17
781135,21.186576188736648,17
781152,21.00226339926701,17
781168,19.852605854936698,16
781184,19.98142431046041,16
781201,21.182899581110394,17
781218,21.473560955651962,17
781234,20.129645268303076,16
781251,21.09078366424118,17
781268,21.443750149864762,17
781284,20.333535205368367,16
781300,20.107630674001296,16
781317,21.4465702765177,17
781334,21.139762722121286,17
781351,21.336855112540885,17
781368,21.382276571189095,17
781384,20.024441607892395,16
781401,21.095892245142462,17
781418,21.420753397387838,17
781435,21.585547987772227,17
781452,21.482743552300075,17
781468,19.99271448150052,16
781485,21.264725688615915,17
781502,21.151861517364054,17
781519,21.229918681210048,17
781535,20.133324194500922,16
781552,21.31654784982393,17
781568,19.937450771002368,16
781584,20.087911132640606,16
781601,21.476212148107326,17
781618,21.12265458925994,17
781635,21.06387349745428,17
781652,21.486312462170886,17
781669,21.365835217587737,17
781686,21.346250734318794,17
781703,21.342426538524055,17
781720,21.31222557211233,17
781736,20.122413027259288,16
781752,20.241738824879377,16
781769,20.93346579457535,17
781786,21.46112914755761,17
781803,21.20600837106975,17
781820,21.20636645334388,17
781836,20.08759918233149,16
781853,21.28192908156254,17
781870,21.445744664261795,17
781886,19.971903185541,16
781902,20.111702560520836,16
781919,21.094709296066597,17
781936,21.202080155727867,17
781953,21.332039629052804,17
781970,21.29579817336471,17
781986,20.06417720979679,16
782003,21.313361330960596,17
782020,21.34282191141358,17
782037,21.178591950820206,17
782054,21.236858962363744,17
782071,21.129392537966712,17
782087,20.143415855862827,16
782104,21.412974361670443,17
782121,21.27603122071322,17
782138,21.213900792517414,17
782154,20.146924982602933,16
782170,20.052424590182206,16
782187,21.489236633311222,17
782204,21.261402351731153,17
782221,21.155127759152553,17
782238,21.425478336037653,17
782255,21.170568730434628,17
782271,19.990404842503004,16
782288,21.463093999437238,17
782304,19.996504562277806,16
782321,21.54093237498519,17
782337,20.218818628379996,16
782354,21.309172159340978,17
782370,20.097214077336517,16
782386,19.85269784230524,16
782403,21.424472151358955,17
782420,21.222362499597065,17
782436,20.009821777768558,16
782453,21.205290977213373,17
782470,21.289247140326182,17
782487,21.439638040114733,17
782504,21.530653574096814,17
782520,20.13966196359229,16
782537,21.168760448179707,17
782554,21.55105403183885,17
782570,20.151742656364338,16
782586,19.990416495052948,16
782603,21.416181995018874,17
782620,21.224498411575006,17
782637,21.490864960029477,17
782654,21.31863646779256,17
782670,20.055113027048957,16
782687,21.4715552145091,17
782704,21.337686411863057,17
782721,21.43193435393581,17
782738,21.319914859056585,17
782754,20.100097723248012,16
782771,21.173119450883977,17
782788,21.355339397078954,17
782805,21.26961373250055,17
782821,20.166303219551864,16
782838,21.273183896468286,17
782855,21.356046623219164,17
782873,22.76172655264684,18
782889,19.96642661595409,16
782906,21.234078624647488,17
782923,21.29315514883471,17
782939,20.033988278794354,16
782956,21.350416513428126,17
782972,20.040629856431448,16
782988,20.001882888788696,16
783005,21.109867348588,17
783022,21.196948188874178,17
783039,21.49439420913973,17
783056,21.158873197548758,17
783072,20.15120683117862,16
783088,20.054242277859,16
783105,21.527814436817714,17
783121,20.01409710222344,16
783137,20.031356091069142,16
783153,20.076857142998097,16
783169,20.2134903636433,16
783186,21.114169665419237,17
783203,21.07478096827174,17
783220,21.383006816718893,17
783237,21.132327280734117,17
783254,21.386157881523154,17
783270,20.10782281431645,16
783287,21.33593431092203,17
783304,21.42469540520036,17
783320,19.930409668437573,16
783337,21.14064788951802,17
783354,21.429233054172208,17
783371,21.184044250124703,17
783388,21.303821720169996,17
783404,20.14328613474585,16
783421,21.608992790097897,17
783437,20.00154312868036,16
783454,21.48683983810188,17
783471,21.224642249993703,17
783487,20.116216077533533,16
783503,20.023418205629508,16
783519,20.024536920665028,16
783536,21.306632558059487,17
783553,21.32841433096767,17
783570,21.268258615596206,17
783587,21.48337785056188,17
783604,21.314886018846373,17
783620,20.090060630498918,16
783637,21.20786881886133,17
783654,21.32594771633538,17
783671,21.353812220955028,17
783688,21.401225392740542,17
783705,21.355938550615456,17
783722,21.430021689933128,17
783739,21.077067634451755,17
783756,21.131031771399826,17
783773,21.322126519069077,17
783789,20.255312624569235,16
783806,21.06388907443438,17
783822,20.00834992360003,16
783839,21.454864049771967,17
783855,20.20863646497215,16
783872,21.228201600222793,17
783889,21.270898443438952,17
783906,21.485083002233527,17
783923,21.47492522937276,17
783939,20.033642926825852,16
783956,21.27254514541707,17
783972,20.033746535273895,16
783989,21.267614806003973,17
784006,21.10979470104028,17
784023,21.423020351660544,17
784039,20.00990770973708,16
784055,20.110218298744954,16
784072,21.367860093355322,17
784089,21.358926226943613,17
784105,19.979837135757094,16
784122,21.612626697979216,17
784139,21.465540164931433,17
784156,21.163964928814167,17
784172,20.149678980754167,16
784189,21.440880523701015,17
784206,21.259058580269233,17
784223,21.379251439094975,17
784240,21.383108750596065,17
784257,21.45835399390285,17
784274,21.122338743269527,17
784291,21.23504258173157,17
784308,21.24894241780885,17
784325,21.412341654658004,17
784342,21.27378686956954,17
784359,21.258026041577605,17
784376,21.15626133889633,17
784393,21.459229804796554,17
784410,21.05350217792494,17
784426,19.84211846019204,16
784443,21.35317933240741,17
784460,21.373376521382713,17
784476,20.037508983325804,16
784493,21.36741807573349,17
784509,20.01845257941513,16
784526,21.420320085146738,17
784543,21.073603888780983,17
784560,21.385819430840396,17
784576,20.085311119855707,16
784593,21.280597438768268,17
784610,21.156021139264134,17
784627,21.335538000780726,17
784643,20.180331653995072,16
784659,19.910542581644986,16
784676,21.26920262780203,17
784692,20.04357995914995,16
784709,21.29263442754703,17
784726,21.349038992425445,17
784743,21.36016748353503,17
784759,19.992750465603873,16
784776,21.35408034117247,17
784793,21.473185575493257,17
784810,21.116472487675594,17
784827,21.211005027981717,17
784844,21.478227198015638,17
784861,21.03259345582948,17
784878,21.348722289523923,17
784894,19.860181908202797,16
784910,20.023826985822225,16
784926,20.094088813531542,16
784942,20.122490688196873,16
784959,20.992231747870242,17
784976,21.45595338389963,17
784993,21.2875086006711,17
785009,20.09067694473667,16
785026,21.179783618065468,17
785042,19.900462227558695,16
785058,20.11059510073252,16
785075,21.15479018964327,17
785092,21.106388362397578,17
785109,21.2794175171978,17
785125,19.92312262283053,16
785142,21.187671596496507,17
785159,21.361314553538353,17
785175,19.862352021251944,16
785191,20.15936658562691,16
785208,21.26611923861162,17
785224,19.94386971503678,16
785240,20.14482474141852,16
785257,21.243590534437523,17
785273,19.99101399748698,16
785290,21.265197244828197,17
785307,21.31096666779248,17
785323,19.971169960417203,16
785340,21.278229092365947,17
785356,19.92896399714725,16
785373,21.08588511238711,17
785390,21.270382078258397,17
785406,20.033495913726977,16
785423,21.156261265452816,17
785439,20.08690293308318,16
785456,21.24780854662041,17
785473,21.00275053482676,17
785489,20.072838114267874,16
785506,21.16144383651013,17
785522,20.14312698924563,16
785539,21.152156640131984,17
785555,19.872551846072398,16
785572,21.100636893764204,17
785589,21.388846198807112,17
785606,21.148509240299695,17
785622,19.998618490096387,16
785639,21.29560303398668,17
785655,20.018509684579353,16
785672,21.323563114705017,17
785688,19.955723095744474,16
785704,19.957049321884966,16
785721,21.21364961373914,17
785738,21.21955408069592,17
785754,19.882660737064334,16
785771,21.249128341308047,17
785788,21.22347329342557,17
785804,20.052339461466897,16
785820,19.89447977548633,16
785836,20.08171161477836,16
785852,19.96656978903327,16
785869,21.44665582201583,17
785886,21.120883923179424,17
785902,20.030298057018328,16
785919,21.243618984034207,17
785936,21.301796618189293,17
785952,19.985453445519944,16
785969,21.317944364649144,17
785985,19.85585991344586,16
786001,20.075154645953543,16
786018,21.380615698179177,17
786035,21.1807681010056,17
786052,21.2829071088334,17
786068,19.9147898101517,16
786084,19.9867894455966,16
786101,21.315795138687488,17
786118,21.3491812131864,17
786135,21.33472044027783,17
786152,21.15383896065677,17
786169,21.12758398603444,17
786186,21.200650705189982,17
786203,21.419701882036232,17
786219,19.986675128198875,16
786236,21.067655622409465,17
786252,20.18056157661463,16
786268,20.0417522501012,16
786285,21.156456940530965,17
786302,21.050995961042652,17
786319,21.426102454027596,17
786336,21.41746010594675,17
786353,21.195066384355734,17
786369,20.092958755584164,16
786386,21.439590452031073,17
786403,21.227476524098883,17
786420,21.185026277895386,17
786436,20.02196847577473,16
786453,21.375634488177333,17
786469,19.942523742080212,16
786485,20.00667948066405,16
786502,21.115523149407338,17
786519,21.237827091752113,17
786536,21.422089633316094,17
786553,21.57187085906281,17
786569,20.01214713054623,16
786586,21.401824925625668,17
786603,21.339976064545557,17
786619,20.103252908585304,16
786635,20.154854666334465,16
786652,21.2284614876862,17
786668,19.99704392258331,16
786684,19.86393037698917,16
786701,21.229560301046117,17
786718,21.35821467971764,17
786734,19.86054126506444,16
786751,21.3142163758893,17
786768,21.22068934403266,17
786784,20.31103567368156,16
786801,21.378008293974137,17
786817,20.272180077281366,16
786834,21.20693542998299,17
786851,21.110317604092206,17
786867,19.9615474929696,16
786883,20.022508803559038,16
786900,21.49259334219255,17
786917,21.382665612614883,17
786934,21.379881357315377,17
786951,21.27612188552816,17
786968,21.507056783634663,17
786985,21.33283129570304,17
787001,20.20424341213629,16
787018,21.193644081129296,17
787035,21.253716967898466,17
787052,21.124939000944888,17
787069,21.22945545576612,17
787086,21.470383548544962,17
787102,20.207620790151143,16
787119,21.27328258919662,17
787136,21.272518701872254,17
787153,21.24753703622688,17
787170,21.22151767848659,17
787186,20.294298205048165,16
787203,21.24500605705126,17
787219,20.246600160835225,16
787236,21.416439398243888,17
787252,20.20201964512991,16
787269,21.40201423288743,17
787286,21.184349677784237,17
787303,21.48043045348458,17
787320,21.55281323269069,17
787336,20.005271550161854,16
787353,21.444428391085196,17
787370,21.520114002272226,17
787386,19.973334032071353,16
787403,21.157010800763064,17
787419,20.189149876990747,16
787436,21.34740844609858,17
787452,19.953332397168506,16
787469,21.446146331935026,17
787486,21.305781603362053,17
787502,20.00056375062408,16
787518,20.096432612052467,16
787535,21.363145152028327,17
787552,21.63874931044728,17
787569,21.19434617322188,17
787586,21.077729984228107,17
787603,21.250319572713952,17
787619,19.988050336968758,16
787635,19.967741960981098,16
787651,19.89868782825938,16
787668,21.207496277182777,17
787684,19.956425341545184,16
787700,20.126985393005647,16
787717,21.451926580508697,17
787734,21.391281225263793,17
787750,20.038457337485767,16
787767,21.340180559901842,17
787784,21.115619593623126,17
787801,21.403274973117686,17
787818,21.48770618768097,17
787835,21.31890792436574,17
787851,20.24485745765093,16
787867,19.86847963366484,16
787883,20.182613454824573,16
787899,20.12912299186701,16
787916,21.32048988040956,17
787933,21.304231702634798,17
787950,21.5432518055194,17
787967,21.362798563603036,17
787984,21.248699679486105,17
788001,21.511891231854634,17
788018,21.337579570781447,17
788034,20.005039960834885,16
788051,21.04967202633619,17
788067,20.16607795040512,16
788083,19.919747102701333,16
788100,21.24173251646125,17
788117,21.468183644902588,17
788133,20.152836727720285,16
788149,20.05315631227752,16
788165,19.95627740423092,16
788181,20.10226702180113,16
788197,20.174234216371918,16
788213,20.07689236055608,16
788230,21.3522331132055,17
788246,20.204668011029412,16
788263,21.311169543337957,17
788279,20.079073976284825,16
788296,21.3143105333336,17
788312,20.19202349578988,16
788329,21.415269659810107,17
788346,21.444162377094244,17
788362,19.909857934442726,16
788379,21.287480418278612,17
788395,20.020285906761472,16
788411,19.993595708429584,16
788428,21.33546634253247,17
788445,21.21017568083515,17
788461,20.05806922905036,16
788478,21.436091137087555,17
788494,20.123428338486274,16
788510,19.85530581860708,16
788527,21.104355900276506,17
788544,21.308903361480223,17
788561,21.443316772827583,17
788578,21.37933335344815,17
788594,20.0329328738773,16
788610,20.00194020287876,16
788626,19.773514250483743,16
788642,20.007416622840644,16
788659,21.40418885846317,17
788675,20.136770672745634,16
788691,20.134704689017813,16
788707,20.173796883387148,16
788724,21.402751983124528,17
788741,21.374737529754402,17
788757,20.070064146927464,16
788774,21.21360673660204,17
788791,21.15768564702714,17
788808,21.394067102079745,17
788824,20.052516879780207,16
788841,21.501803986717427,17
788857,19.982271125168428,16
788873,20.10276852267092,16
788890,21.44403026327944,17
788907,21.36252112060074,17
788924,21.152554274630752,17
788941,21.384977031865777,17
788957,20.003251385712247,16
788973,20.02967028694702,16
788989,19.949241690594743,16
789006,21.438484400803475,17
789023,21.43800207924997,17
789039,19.91609558375708,16
789056,21.2399119200694,17
789073,21.321256435620203,17
789089,19.990997508929002,16
789105,19.901179086946428,16
789122,21.502501031675703,17
789139,21.51733836731519,17
789155,19.79350189984156,16
789172,21.46965323862285,17
789189,21.130098327643505,17
789205,19.93364990117858,16
789222,21.567624127658032,17
789238,20.26133056854031,16
789254,20.13853762546879,16
789271,21.320627922797115,17
789287,20.064523030077265,16
789304,21.23792443711914,17
789321,21.25871222499942,17
789338,21.421052511761445,17
789355,21.291746678463856,17
789372,21.387701440396395,17
789388,19.947668864242736,16
789404,20.099860414999686,16
789421,21.38876995615057,17
789438,21.361363319676734,17
789455,21.134943654272085,17
789471,20.14031014900827,16
789487,20.142579123450364,16
789504,21.403519176208118,17
789521,21.470011172392482,17
789538,21.33065348071843,17
789555,21.118175192031348,17
789571,20.128998904566526,16
789587,20.062691123463225,16
789604,21.207454370546785,17
789621,21.389384858085403,17
789637,20.160925711945325,16
789654,21.25436139132291,17
789670,20.224563374433934,16
789686,20.17132653413172,16
789702,20.104693050333022,16
789719,21.361743885975454,17
789736,21.098631576996386,17
789752,19.959540476667225,16
789769,21.5030426730276,17
789785,20.02512844179905,16
789801,20.230257602839586,16
789817,20.08150375844346,16
789834,21.315823584924466,17
789851,21.223621676589158,17
789867,20.140354145768136,16
789884,21.290269755122356,17
789901,21.052695914585975,17
789917,19.973461585989124,16
789934,21.253153985472043,17
789951,21.082351157630963,17
789968,21.395663730526746,17
789985,21.355382160697406,17
790002,21.02520794803111,17
790018,20.202123914775964,16
790034,19.940280928617817,16
790051,21.094458966973697,17
790068,21.197965318553425,17
790084,20.099072462636848,16
790101,21.26856386879532,17
790117,19.87332687308479,16
790134,21.141163840131327,17
790150,19.930728038072974,16
790167,21.42002451204894,17
790184,21.38582854351941,17
790201,21.074972160390946,17
790218,21.07623791969871,17
790234,20.100962438390777,16
790251,21.410983036740106,17
790267,20.038965592906663,16
790284,21.357107985498494,17
790301,21.2854219827107,17
790317,20.08170057457262,16
790333,20.06171229047191,16
790349,20.057609095756185,16
790366,21.235429837163096,17
790382,19.926468232330503,16
790398,19.98407649993967,16
790415,21.084749589620568,17
790431,19.963303526251536,16
790447,20.218598183355493,16
790463,20.065788366609727,16
790480,21.22703860457396,17
790497,21.311728457091622,17
790514,21.383740947588446,17
790531,21.165575890293642,17
790548,21.0917415883941,17
790565,21.101799586553895,17
790581,19.972561845262398,16
790598,21.049155280243934,17
790615,21.305831210894763,17
790631,19.94462462324032,16
790648,21.25482707804166,17
790664,19.988438156432824,16
790680,20.082737441788158,16
790696,19.81116433588732,16
790713,21.28950240724328,17
790729,20.127255745833104,16
790746,21.057936817546683,17
790762,19.800161653727578,16
790779,21.272996420682755,17
790795,19.94810971598105,16
790811,19.9058988688511,16
790827,19.844355528499356,16
790844,21.21609430208611,17
790860,20.06902967328057,16
790876,19.89796966498553,16
790892,20.144417408071714,16
790909,21.37163873965394,17
790926,21.236360597823264,17
790942,20.105557681318828,16
790958,20.145592418237896,16
790975,21.371570939151184,17
790992,21.101745115690633,17
791009,21.00416296349669,17
791026,21.241189109938745,17
791043,21.406431270338977,17
791059,19.94091496367045,16
791075,20.0245741987349,16
791091,19.911584169845142,16
791107,20.202477368977863,16
791123,20.068955749522452,16
791140,21.013121895234065,17
791157,21.31537701333301,17
791174,21.239838532522455,17
791191,21.176032416472694,17
791207,19.801214277121666,16
791224,21.255920784451423,17
791240,19.966996948076627,16
791257,21.109347387985437,17
791273,19.986288409065892,16
791289,19.994038740602765,16
791306,21.29390047330212,17
791323,21.220793513620333,17
791340,21.28469593029438,17
791357,21.09266479972806,17
791373,20.008590681690812,16
791389,20.071524926153504,16
791406,21.018294066509718,17
791423,21.104770819778306,17
791440,21.1315819001234,17
791457,21.010888898611956,17
791473,19.921559529721538,16
791489,20.047639551217635,16
791506,21.064445883503723,17
791523,21.090343778015367,17
791540,21.17323234054576,17
791556,19.927610505293412,16
791572,20.1700582947878,16
791588,19.89767918132986,16
791604,19.945916922854494,16
791621,21.02226264942874,17
791637,20.041043973767394,16
791653,19.987786766298854,16
791669,20.009617648704882,16
791686,20.898882328639328,17
791703,21.407076256954557,17
791720,21.18315435890836,17
791737,21.215089864500627,17
791753,19.843912180884853,16
791770,21.069500555489103,17
791787,21.17181572079436,17
791803,19.817530537983128,16
791819,19.69098942727877,16
791835,20.027255159667337,16
791851,20.00098453636936,16
791868,21.27020194543465,17
791885,21.372340141496757,17
791901,19.954236242146294,16
791917,19.910787608713825,16
791934,21.16947922123945,17
791951,21.277609677666774,17
791967,20.067517766103467,16
791984,21.06723008549904,17
792001,20.99651289779737,17
792017,20.295361312223346,16
792034,21.21245555891082,17
792050,20.094937334846424,16
792067,21.103101560485733,17
792084,21.274297943917002,17
792101,21.192005300791365,17
792117,19.90718343487951,16
792134,21.371709382434123,17
792151,21.03465299173194,17
792167,19.807421199925027,16
792184,21.1232932160148,17
792200,19.76134005935402,16
792216,19.95854689830651,16
792232,19.846312236123854,16
792249,21.151077994927114,17
792265,20.202867928991548,16
792281,19.86183285310104,16
792298,21.377190372056624,17
792314,19.93649419067104,16
792330,19.855879585763017,16
792346,20.097084641218437,16
792362,19.983219430988314,16
792378,20.060248610535687,16
792395,21.195833150944075,17
792411,20.162913729886732,16
792427,20.34052991461554,16
792443,20.121247354383414,16
792460,21.088962623036,17
792476,19.774256279592947,16
792493,21.37939189478602,17
792510,21.105804206463674,17
792527,21.37792621523524,17
792544,21.387121412154407,17
792561,21.088771429365423,17
792577,19.951735937716503,16
792593,19.836581415660152,16
792610,21.35128713298317,17
792627,21.049422247896032,17
792644,21.293998072155166,17
792660,19.859265205683197,16
792677,21.060508681465436,17
792694,21.386678729211226,17
792710,19.891895206431855,16
792726,20.197608179556497,16
792742,19.8975246159494,16
792759,21.426707351298997,17
792775,20.262690789989954,16
792792,21.311007753789006,17
792809,21.33146847956148,17
792826,21.30302701665275,17
792843,21.353791419047653,17
792859,20.061468783981805,16
792875,20.009250889297398,16
792892,21.267383701430354,17
792908,20.103354097226298,16
792925,21.38804839122691,17
792941,20.053935712142575,16
792958,21.118831223440978,17
792974,20.091926170824543,16
792990,19.914064419586868,16
793007,21.08788919499609,17
793024,21.225986917115463,17
793041,21.25271681906764,17
793058,21.326201559120207,17
793074,20.080535589924903,16
793091,21.219712476383716,17
793108,21.421136227625535,17
793125,21.473701848487927,17
793141,20.161417754681864,16
793158,21.285747355640503,17
793175,21.101873635158444,17
793192,21.449437803137464,17
793208,20.33665990783132,16
793225,21.19688892908149,17
793242,21.319965523587584,17
793258,19.9823194367119,16
793275,21.253212137440926,17
793292,21.126604805602877,17
793308,20.13365679571928,16
793325,20.96526731167922,17
793342,21.444504436010924,17
793359,21.310942956506796,17
793376,21.22649651088761,17
793392,19.949269710424808,16
793409,21.267146408387326,17
793426,21.050026720855875,17
793443,21.19602115896491,17
793460,21.144095289001772,17
793476,19.94188201589566,16
793492,19.97104114315942,16
793508,19.84546816028386,16
793524,20.06234697275945,16
793540,20.00528963507311,16
793557,21.395055618105093,17
793573,20.154956293756996,16
793590,21.200681087157022,17
793607,21.105892402417975,17
793624,21.05866709660981,17
793641,21.331258375006932,17
793658,21.22040422385283,17
793675,21.191067124864404,17
793691,20.112197142025522,16
793707,20.24601569709067,16
793724,21.21472991194579,17
793741,21.42665879026663,17
793757,20.218834128017253,16
793773,20.048314348842567,16
793790,21.27278685681234,17
793806,19.868022403557973,16
793823,21.482394258040284,17
793840,21.274921275888065,17
793857,21.22119464133604,17
793873,20.132269357205303,16
793889,19.849225641137576,16
793905,20.04312263394508,16
793922,21.35196164914089,17
793939,21.281790741835753,17
793955,19.818513002867455,16
793971,19.914272973712546,16
793988,21.39520357888629,17
794005,20.982644334848096,17
794022,21.38126740895742,17
794039,20.997792930467348,17
794055,20.040539873944173,16
794071,20.10068770452934,16
794087,19.87568845520135,16
794104,21.55316210929251,17
794120,19.967317874591064,16
794136,20.150626800192608,16
794152,20.132406867824642,16
794169,21.184488349116762,17
794185,19.874486334508255,16
794202,21.246042871961123,17
794218,20.032238321568762,16
794235,21.25206620296071,17
794251,20.074652862192345,16
794268,21.448357482513742,17
794285,21.313418389298867,17
794301,20.19186282408623,16
794318,21.392716393183534,17
794335,21.260109797310026,17
794352,21.25093579995181,17
794368,20.175922034988602,16
794385,21.4962320870887,17
794401,19.911977171301885,16
794418,21.220003368743097,17
794435,21.245832520854663,17
794452,21.482936787919133,17
794468,19.897489491787876,16
794485,21.351268983020063,17
794502,21.30173948814914,17
794518,19.908097877016,16
794534,20.01689653813314,16
794550,20.05047096832478,16
794567,21.281284201282602,17
794583,19.87839383772336,16
794600,21.268478116306063,17
794617,21.305488353282545,17
794633,19.868206728650247,16
794649,20.01947959965954,16
794666,21.332366544819504,17
794682,19.938567658329564,16
794699,21.155608704378807,17
794716,20.996781477237484,17
794733,21.18306313124177,17
794749,20.09974955218008,16
794766,21.218272407585054,17
794782,20.1244280506103,16
794799,21.167026924324144,17
794816,21.1223696199836,17
794833,21.222585120890695,17
794850,21.36173092122379,17
794867,21.34471944181124,17
794883,19.845182892671218,16
794900,21.181224564753176,17
794916,20.02645295154638,16
794933,21.112756581061156,17
794950,21.209408913583303,17
794966,20.166443915087918,16
794982,19.801685714034978,16
794998,19.940445411217386,16
795015,21.419597270672323,17
795031,19.886071156502428,16
795047,19.964287256160787,16
795064,21.41489631502725,17
795081,21.25928720087933,17
795097,19.91639124068216,16
795113,19.95892635442627,16
795129,20.08026673469361,16
795145,19.922734395745426,16
795161,19.889012536975507,16
795177,20.068685105703697,16
795194,21.18406547558473,17
795211,21.11216776995915,17
795227,20.166945571458125,16
795243,19.772420207507416,16
795259,19.95910719829209,16
795275,20.070198416473662,16
795292,20.983111667345863,17
795309,21.366810238099397,17
795325,19.72554171675346,16
795342,21.254487183955188,17
795358,19.941290464508008,16
795374,19.98078804733157,16
795390,19.80213738985999,16
795406,20.045089952639593,16
795423,21.227429857415085,17
795440,21.128485267234158,17
795456,20.027708482510036,16
795472,19.774501806167493,16
795488,19.819750127004077,16
795504,20.06821092177529,16
795521,21.04517154363859,17
795538,21.275806089433292,17
795555,21.274782532162313,17
795572,21.364599502463843,17
795589,21.286056718382085,17
795606,21.450479700546904,17
795623,21.111393412549134,17
795639,19.83677370498804,16
795656,21.07897616768947,17
795672,20.156404942359842,16
795689,21.17909666916262,17
795706,21.145654976148577,17
795723,21.114513665485756,17
795740,21.36164928927581,17
795756,19.97505283463184,16
795773,21.175175902774665,17
795790,21.24397441760965,17
795807,21.153650381110708,17
795824,21.29664591026852,17
795840,19.894812612907245,16
795856,20.06022379206586,16
795872,20.00647719166444,16
795888,20.14103927141893,16
795905,21.34758893226923,17
795921,20.089594397455542,16
795937,19.931383419063938,16
795953,19.932505911531027,16
795970,21.089163886598026,17
795987,21.11996191771341,17
796003,19.81747674452016,16
796019,19.829168111897758,16
796035,19.961572343219864,16
796052,21.39703859786765,17
796069,21.120534194587968,17
796085,19.93458511941803,16
796101,20.039560160574094,16
796117,20.19931730892026,16
796133,20.01791752225164,16
796150,21.195058071762485,17
796166,19.937951403197545,16
796182,19.925918095985907,16
796199,21.319989893268836,17
796216,21.436598330167794,17
796232,19.962125597365006,16
796248,19.991016437883918,16
796264,20.104891303041747,16
796281,21.414610117327165,17
796297,19.897037261686584,16
796313,19.77595240795793,16
796330,21.223863565641,17
796346,19.935542819391063,16
796362,19.95221550271661,16
796378,19.928684004878843,16
796394,20.327997297421387,16
796411,21.18211674650476,17
796427,20.015606369931636,16
796443,19.795902424481355,16
796460,21.199410680365688,17
796477,21.180419014206453,17
796494,21.117996906221332,17
796510,19.898422585349365,16
796526,19.998953179332112,16
796542,19.83421920683703,16
796558,19.9533502085653,16
796574,19.82797806362333,16
796591,21.19709571056853,17
796607,20.09987563928881,16
796623,20.082935808625198,16
796639,19.778203015389202,16
796655,19.866244764466174,16
796672,21.235663300469547,17
796689,21.01628311016182,17
796706,21.11024942795571,17
796723,21.118239581515656,17
796740,21.173340102149364,17
796757,21.051380303572916,17
796774,21.028184762301574,17
796790,20.020447137007064,16
796807,21.148707315744637,17
796824,21.204224439244076,17
796841,21.21765530552515,17
796857,19.913569892099357,16
796874,20.97838362628822,17
796891,21.265233890495132,17
796908,21.210539634285492,17
796925,21.19940195769719,17
796942,20.825856004524862,17
796959,20.952206690971128,17
796976,21.150477780419045,17
796992,19.999119448025713,16
797009,21.085848334375903,17
797025,20.018139033222273,16
797041,20.013639262248844,16
797058,21.09763182114112,17
797074,19.912225703791282,16
797090,19.708554914561095,16
797107,20.881369781492058,17
797123,19.95220661837363,16
797140,21.07394514145873,17
797157,20.984486972181998,17
797174,21.064727744875164,17
797191,21.271590610361454,17
797208,21.279814626180276,17
797225,21.058720307735125,17
797241,19.94326890180843,16
797258,21.077236359480644,17
797275,20.854118936757114,17
797292,20.82142515829211,17
797308,19.674223867564766,16
797325,21.15394145448319,17
797341,19.94599921227056,16
797357,19.83527948387434,16
797374,20.916193951172428,17
797391,21.047387937632493,17
797408,21.159565778630153,17
797425,21.060917553742687,17
797442,21.03507307334267,17
797459,21.094941064289305,17
797476,21.122889746307546,17
797492,19.85128397980453,16
797508,19.720375007889004,16
797525,21.115952700142245,17
797542,21.266986350323315,17
797559,21.170432955835732,17
797575,19.889493029492805,16
797591,19.75416243224976,16
797608,20.979982160348843,17
797624,19.87713978750448,16
797640,19.891253433898758,16
797657,21.334288850123947,17
797674,21.160437978462472,17
797690,19.80908886476873,16
797707,20.95262341723842,17
797723,19.759900078562286,16
797740,21.261010709592682,17
797757,21.08575021770376,17
797773,20.029728301401775,16
797789,19.555416995674914,16
797806,20.89866529317648,17
797823,20.975039036593795,17
797839,19.77014769095308,16
797856,21.091387865967594,17
797874,22.440296968720865,18
797891,21.13901598215253,17
797907,19.856831169869974,16
797923,19.790528723576145,16
797940,21.1183971885297,17
797957,20.982871777278767,17
797974,21.05706228909244,17
797991,21.088430127280443,17
798008,21.196041519252944,17
798025,21.05128320734187,17
798042,20.925246313066793,17
798059,21.059945963918793,17
798076,21.100743377794014,17
798092,19.85658543351829,16
798108,19.940423310500577,16
798125,20.942119478962244,17
798142,21.106706701287372,17
798159,20.869861238189692,17
798176,21.147684807744763,17
798193,21.197932521369083,17
798210,21.190382634182647,17
798227,20.99925256424811,17
798244,20.9578794896813,17
798261,21.286716080782718,17
798278,21.121223164767752,17
798296,22.30788923000889,18
798313,21.23645744976159,17
798330,21.279919348483368,17
798347,21.05325143534474,17
798364,21.18328049704786,17
798381,21.083614436449793,17
798398,21.065625712849847,17
798415,20.961203488607985,17
798431,19.634716394057904,16
798447,20.02053141222792,16
798464,21.121432325258024,17
798481,21.107997790638578,17
798498,21.15162674713726,17
798515,21.180606946174645,17
798532,21.057033183818753,17
798548,19.979984252397188,16
798564,19.909092672747068,16
798581,21.295585766386893,17
798597,19.765315516005945,16
798614,21.11481468732423,17
798631,21.02439878398907,17
798648,21.27402341219308,17
798665,21.053007821742124,17
798681,19.70983836435204,16
798698,21.04237333334627,17
798715,21.195658714709563,17
798732,21.13141739590681,17
798748,20.037022466924647,16
798765,20.949439370379405,17
798781,19.668862818451913,16
798798,21.023323352602745,17
798814,20.04626062693145,16
798831,21.121464840705396,17
798847,19.908397824098998,16
798863,19.590629293633466,16
798880,20.869208516650094,17
798897,20.77561863627312,17
798914,21.0655041787927,17
798931,21.036376430821413,17
798947,19.740019969309746,16
798963,19.812890383714343,16
798979,19.921931020596908,16
798996,21.213024241360667,17
799013,21.09362991044949,17
799029,19.58621747318668,16
799046,21.060005093707943,17
799063,21.52584667833015,17
799080,20.99969496497237,17
799097,21.062655625499932,17
799114,21.094552103430168,17
799130,19.740342757172073,16
799147,21.178823773396083,17
799164,21.135480268851904,17
799180,19.865920888276666,16
799196,19.98395041004547,16
799212,19.87806979508077,16
799228,19.79393730949502,16
799245,20.99263574967976,17
799261,19.87211825140564,16
799277,19.82004849885386,16
799293,19.921491035042756,16
799309,19.96123995694666,16
799325,19.806962462774866,16
799342,21.124752500561794,17
799359,21.15951002582745,17
799375,19.8577643885497,16
799392,21.191700269238613,17
799409,21.183738202866483,17
799425,19.68487516971351,16
799442,21.051916746877453,17
799459,20.942326727460276,17
799476,21.099764306159866,17
799493,21.161667416858972,17
799509,19.921747793810606,16
799525,19.582436629314625,16
799542,20.949184895151514,17
799558,19.81056630150584,16
799575,21.186167420023565,17
799591,19.81583604202534,16
799607,19.94208817822386,16
799624,21.19573774521238,17
799641,20.86198345663156,17
799657,19.65236369710906,16
799673,19.68902595211649,16
799689,19.770905978875252,16
799705,19.61691303592998,16
799722,20.927360719090387,17
799739,20.90210884175458,17
799755,19.761563285346657,16
799771,19.83958406346667,16
799788,20.831765293208647,17
799805,20.87509320603752,17
799821,19.97894183397909,16
799838,20.939383943989956,17
799855,20.856368657029844,17
799871,19.804985117227833,16
799887,19.679907498284155,16
799903,19.8118159280297,16
799919,19.750011063321455,16
799936,21.19556161602264,17
799953,21.096300752195948,17
799970,20.830405126379745,17
799986,20.039947032359873,16
800003,20.952920274528733,17
800020,20.99781669070469,17
800036,19.849247795214424,16
800052,19.730771623400955,16
800069,21.051413072621678,17
800086,21.042869849086237,17
800103,21.11987155980391,17
800119,19.673274320433325,16
800136,21.08835004413739,17
800153,21.068714687652626,17
800169,19.674156298463995,16
800186,20.914665473176818,17
800203,21.009719393752167,17
800220,21.12653341423843,17
800237,21.019430847003562,17
800253,19.86056801550125,16
800269,19.80091199143011,16
800285,19.787704464937335,16
800301,19.899288402662773,16
800318,21.106931853301905,17
800334,19.836957180895144,16
800351,21.056784192967374,17
800368,20.972196010396495,17
800385,20.984276220259222,17
800401,19.729085380105214,16
800418,21.010221199924292,17
800434,19.594544102152213,16
800450,20.00889936596942,16
800466,19.818403633074645,16
800482,19.688409435033368,16
800499,20.77551804021916,17
800515,19.661481083379773,16
800532,21.16649036600361,17
800549,20.854077801622278,17
800566,21.04685500579371,17
800582,19.854030144514198,16
800598,19.89923648191153,16
800614,19.850732042306607,16
800631,20.821096827225297,17
800648,21.032934932150376,17
800666,22.201918050783437,18
800683,20.984807895872798,17
800700,20.96745447965375,17
800716,20.119337327949644,16
800733,21.17960026809882,17
800749,19.886077807116596,16
800765,19.91898605848874,16
800781,19.86218583499178,16
800797,19.99277595614512,16
800814,20.879719240989193,17
800831,21.17911206567859,17
800848,21.128362518256093,17
800864,19.998920884090992,16
800881,21.286472866623114,17
800898,21.187894554587103,17
800915,20.996807410961658,17
800932,20.864431270605362,17
800949,20.97454563346058,17
800966,21.013044960095176,17
800982,19.910297040101565,16
800999,21.207964469192024,17
801016,21.046042506248355,17
801033,21.15776759498028,17
801050,21.257740264735414,17
801067,20.901953907605936,17
801084,21.095589563900447,17
801100,19.98349983348452,16
801117,21.146640400708886,17
801134,21.175249343196793,17
801151,21.152196039308894,17
801167,20.062614164988354,16
801184,21.26107595622895,17
801201,21.161237637377166,17
801218,21.132292546986438,17
801235,21.22299089848172,17
801252,21.187797418331787,17
801269,21.106813742848026,17
801286,21.14756467397615,17
801303,21.28611383621742,17
801319,19.781747423146598,16
801335,20.091520822620126,16
801351,19.934130364530862,16
801368,21.16613272510709,17
801384,19.916856504681043,16
801401,21.12551354046713,17
801417,19.86336085907404,16
801434,21.18985967324645,17
801450,19.857561930972917,16
801467,21.193649094858124,17
801483,19.896411130424298,16
801499,19.92483579509764,16
801516,20.953618242389215,17
801533,21.338516017388407,17
801549,19.98380001102204,16
801566,21.150613798627703,17
801583,21.257454226699565,17
801599,19.715387578673457,16
801616,21.178026653584087,17
801633,20.987445377518473,17
801650,20.98645020681959,17
801667,20.894720989870738,17
801684,21.040875172058502,17
801701,21.038961036730534,17
801718,21.25731799683732,17
801735,20.936265708972503,17
801751,19.91169006395448,16
801767,19.91946241870529,16
801784,20.922138006770805,17
801801,20.81988553668795,17
801818,21.144790487882673,17
801835,21.118675892040322,17
801852,20.971254747187274,17
801868,19.639558021816754,16
801885,20.968637355978263,17
801901,19.903168315551675,16
801918,21.223341267137744,17
801934,19.98353014066325,16
801950,19.84521170794311,16
801966,19.90318548456452,16
801982,19.994789083292865,16
801999,21.006582126719948,17
802016,21.242495195815582,17
802032,19.80640401004199,16
802049,20.932410213796917,17
802066,20.99219426563306,17
802083,21.238496714925635,17
802100,20.889111031737684,17
802116,19.76128455664054,16
802133,21.04075591750963,17
802151,22.4691819794451,18
802168,20.961274063497612,17
802185,21.247078933855605,17
802202,21.31890135939233,17
802219,21.157527809455143,17
802236,21.045771035166535,17
802253,21.209161084694355,17
802270,21.13566849950293,17
802287,21.14263583060641,17
802304,21.14310666874843,17
802321,21.13807354067898,17
802338,20.991095019208814,17
802355,21.20341760863278,17
802371,19.95224230496233,16
802388,21.104558999022746,17
802405,21.210129862337116,17
802422,21.16561677806672,17
802439,21.14875929771485,17
802456,21.312161738614225,17
802473,21.204679521437697,17
802490,21.151017925547645,17
802506,19.946177822253617,16
802523,21.172547084575974,17
802539,19.89137182238344,16
802555,19.818836891862418,16
802571,20.018574196383664,16
802588,21.232546231196032,17
802605,21.123259449053982,17
802622,21.09067991355916,17
802639,21.105704353913456,17
802656,21.0712635158462,17
802672,20.088496507633803,16
802689,21.114927560647303,17
802706,21.184722619371477,17
802723,21.140698424150184,17
802740,21.03328229332766,17
802757,21.255050899656762,17
802774,21.392223642861847,17
802791,21.23422132000769,17
802807,19.821111695736164,16
802824,21.1676809960992,17
802841,21.042499968780774,17
802858,21.217469921827707,17
802875,21.35618942809772,17
802892,21.082947059214238,17
802908,19.960899346664874,16
802925,21.169163349954403,17
802942,21.065326244795553,17
802958,20.08018149184966,16
802975,21.221562267895223,17
802991,19.94474996998125,16
803008,21.137477577691808,17
803024,19.846182714688872,16
803041,21.15643100683078,17
803057,19.826816557582866,16
803074,21.183815779520646,17
803091,21.03094028137572,17
803108,21.157037288289075,17
803124,20.113555283384006,16
803141,21.02555460859546,17
803157,19.98105229420806,16
803173,19.80712136788756,16
803190,20.99529639163363,17
803207,21.104694206760943,17
803223,20.032168413468007,16
803240,21.14190651127041,17
803256,19.82996100531819,16
803273,21.329343201987506,17
803289,19.917747872282153,16
803306,21.16391244859856,17
803322,19.93406766096832,16
803339,21.2534497807238,17
803356,21.273848193810256,17
803373,21.291309724623957,17
803389,19.81903386883664,16
803406,21.023443761077484,17
803422,19.863483229467626,16
803439,21.252089117305825,17
803456,21.144129106495164,17
803473,21.09951070976693,17
803489,19.772620076222836,16
803506,21.215346818988056,17
803523,21.045736940289714,17
803540,21.08622532354566,17
803557,21.106052249835436,17
803574,21.227006190435684,17
803591,21.011926035001363,17
803608,21.24392395974549,17
803624,19.90188784408929,16
803641,21.26344029247627,17
803658,21.191098960530148,17
803674,19.818625386678423,16
803690,19.834851070627032,16
803707,21.086122796271177,17
803724,21.210832702941907,17
803741,21.184785845200864,17
803758,21.27347674115544,17
803774,19.912172270306588,16
803791,21.08468207484395,17
803808,20.86501522542226,17
803824,19.876602315423426,16
803840,19.977226238733255,16
803857,21.15186775302357,17
803873,19.839631263976308,16
803889,20.04747385777929,16
803905,19.944786362354854,16
803921,19.879421347070306,16
803938,21.12315627955224,17
803955,21.182466196686264,17
803972,21.095906771087446,17
803988,20.06108226590073,16
804005,21.194262763686535,17
804021,19.894085655820508,16
804038,21.126105598460317,17
804054,19.86622233327314,16
804071,21.076617185182133,17
804087,19.978013626532416,16
804103,19.716677067851546,16
804119,19.852887617457696,16
804136,21.182908542960174,17
804153,21.14261427455092,17
804169,19.999919490954227,16
804185,20.033402686526472,16
804201,19.914829940730215,16
804217,19.75881981203157,16
804234,21.12533154375527,17
804251,21.27129935042658,17
804268,21.00388770480367,17
804284,20.02639633561273,16
804301,21.282697220441097,17
804318,21.149927734710168,17
804335,21.17779159950752,17
804352,20.89547209565523,17
804369,21.10104338122662,17
804386,21.19979528508844,17
804403,21.112530386973475,17
804420,21.10597882574873,17
804437,21.09158921584893,17
804454,21.089468188267823,17
804471,21.234105828075773,17
804487,19.98304237216445,16
804504,21.098811879197683,17
804521,21.038312480182903,17
804537,19.97293404524122,16
804554,21.215342802529353,17
804570,19.855967738838327,16
804587,21.0900037972226,17
804604,21.217171423827793,17
804621,21.043692844512087,17
804637,19.87611090798108,16
804654,21.095874229679506,17
804671,21.154879638159546,17
804687,20.038142383322604,16
804704,20.986162690680203,17
804721,21.09469763023368,17
804738,20.96539534385425,17
804755,20.978426062451025,17
804771,20.066330393127714,16
804788,20.982551986691117,17
804805,21.13802190155606,17
804822,21.24970413917994,17
804839,21.333591224901767,17
804855,19.800645885852738,16
804872,21.2628952712684,17
804888,19.81700029899094,16
804905,21.176860498246995,17
804921,19.963735019112193,16
804938,21.21620608886284,17
804955,21.20811810527861,17
804971,19.83876789534162,16
804987,19.872064710774758,16
805003,19.918363735562508,16
805020,21.297970428011357,17
805037,21.16424755831188,17
805054,20.799701999132616,17
805070,19.834313878134793,16
805087,21.10630428844401,17
805104,21.08879705798738,17
805120,19.839269676910572,16
805137,21.045947035577754,17
805154,21.268470088593958,17
805171,21.187492000126117,17
805188,21.07683289335237,17
805204,19.634237590946757,16
805221,21.32514347810431,17
805238,21.21872369430454,17
805255,21.040669831485324,17
805272,21.23880085059204,17
805289,21.07337520334396,17
805306,21.09878479297113,17
805323,21.150242454922008,17
805339,19.754904541393124,16
805355,20.079608084948656,16
805371,20.010363710463327,16
805388,21.305939690847957,17
805404,19.74991543423999,16
805420,19.881560656072562,16
805437,21.160319972161293,17
805454,20.948050370931135,17
805470,19.802276048058566,16
805486,19.633911449990517,16
805502,19.819213708116514,16
805518,19.89781253263486,16
805535,21.266276005613506,17
805552,21.088539560302166,17
805569,21.032490923593723,17
805586,21.28789582995623,17
805602,19.94645329588709,16
805619,21.112629322040203,17
805636,21.139669055610778,17
805652,19.803159823091743,16
805669,21.212752639812344,17
805686,21.175327770333272,17
805703,21.098647822379974,17
805720,20.969719107133777,17
805736,20.008443007910767,16
805753,21.051529001915107,17
805770,21.1538055226249,17
805786,19.771127290238127,16
805803,21.178689681875856,17
805820,21.15382515643278,17
805837,20.931310976031327,17
805854,21.11028285515436,17
805871,21.111129284123418,17
805887,20.030128543780798,16
805904,21.141152163645035,17
805921,21.227393049297547,17
805938,21.03518523600565,17
805955,21.074433526253657,17
805972,21.09124782057687,17
805989,21.276864902018662,17
806006,21.131385743019393,17
806022,19.808909027605377,16
806038,20.003356457308062,16
806055,21.189488869150885,17
806072,21.300820773890095,17
806089,20.993747272990532,17
806106,21.004357247610493,17
806123,21.071066516354477,17
806140,21.152544477082735,17
806156,19.98088962655622,16
806172,19.774132542066948,16
806188,19.76740466580007,16
806204,19.916953173256335,16
806220,19.840182192408196,16
806236,19.753047141798454,16
806253,21.027113257315698,17
806270,20.947639564746446,17
806286,19.968794059451216,16
806302,20.004804560224688,16
806319,21.173224826981315,17
806336,21.090138158294828,17
806353,21.004580692387687,17
806370,21.28730412737677,17
806386,19.823173796017834,16
806403,21.1327665711806,17
806419,19.86257410027636,16
806435,19.779486968372275,16
806452,21.139135121219677,17
806468,19.944086830886068,16
806484,19.883701923144148,16
806500,20.092227641901815,16
806517,21.272135404360967,17
806533,19.77037007639986,16
806550,21.105402495635555,17
806567,21.16760641220502,17
806584,21.25656933073383,17
806601,21.003312753851933,17
806618,21.14842011860317,17
806634,19.776862132668153,16
806650,20.0416107398424,16
806667,21.081857082235693,17
806683,19.729254653656508,16
806700,21.00738864823522,17
806717,20.92117164487838,17
806734,21.145290553136107,17
806750,19.92403952513391,16
806767,21.157234838859992,17
806784,21.176327136058344,17
806800,19.940010514770083,16
806816,20.033587253363418,16
806833,20.94295033709165,17
806849,20.07056056141416,16
806865,19.956987257046855,16
806881,19.78849911989452,16
806898,21.059605723850023,17
806915,21.376773398916846,17
806932,21.4088905985619,17
806948,20.099679508240687,16
806965,21.374765648588713,17
806981,19.98232452474444,16
806998,21.267833283781297,17
807015,21.317713825008756,17
807032,21.375637035727294,17
807049,21.0888597721275,17
807066,21.230690789828667,17
807083,21.34418404856306,17
807100,21.251766235464846,17
807117,21.30812504054956,17
807134,21.25003584728266,17
807151,21.34712644152209,17
807167,20.040777557798474,16
807184,21.23720977145129,17
807200,20.054193582628574,16
807217,21.34501024776706,17
807233,20.075654733418943,16
807249,19.960282284552353,16
807266,21.009448502680634,17
807283,21.512272871641194,17
807299,19.84316550728345,16
807316,21.12607486143842,17
807333,21.25016673293632,17
807350,21.056661660512628,17
807366,20.098429748496695,16
807383,21.158863112546374,17
807399,19.949639990272903,16
807416,21.151171823419293,17
807433,21.36987000506365,17
807450,21.225556593761365,17
807467,21.131284609911777,17
807484,21.214747928580554,17
807501,21.13380689076042,17
807518,21.105425223356352,17
807535,21.09502144883851,17
807552,21.351294635528696,17
807569,21.223740934825283,17
807586,21.10246081834782,17
807602,20.04489507592101,16
807618,20.010314089854177,16
807635,21.342009008027752,17
807652,21.294189080913608,17
807669,21.17999157601537,17
807686,21.21727896955004,17
807703,21.010499020152952,17
807720,21.26502374196166,17
807737,21.170188247178167,17
807754,21.189985485364183,17
807771,21.387917263650102,17
807787,19.889463274087696,16
807803,19.81020319613805,16
807820,21.30848446997118,17
807837,21.21625543059913,17
807854,21.127994108707313,17
807870,19.925398987621993,16
807887,21.093470407774333,17
807904,21.106569277897055,17
807920,19.89913468968814,16
807937,21.29764005122971,17
807954,21.107170893067448,17
807971,21.29799551500426,17
807987,20.105249929990862,16
808004,21.32182777681929,17
808021,21.221045667080816,17
808038,21.189320277049983,17
808054,20.130467657560907,16
808071,21.2792216461438,17
808087,19.95954065265658,16
808103,20.062572090400575,16
808120,21.26451076882828,17
808137,21.02818847918321,17
808154,21.193132868055972,17
808171,21.02874101473253,17
808188,21.07365615964985,17
808204,20.126958316532125,16
808221,21.131128996485998,17
808237,20.016402794557578,16
808253,20.040242422759512,16
808270,21.274658453540823,17
808286,20.016038675365596,16
808302,20.005000239299513,16
808319,21.267195693108096,17
808336,20.99566846605777,17
808353,21.316284343531205,17
808369,20.046705305272148,16
808386,21.065846410406078,17
808403,21.09977006055714,17
808419,19.94331985809853,16
808436,21.064732612768765,17
808453,21.165080846400606,17
808469,20.005727417791054,16
808486,21.1684417440948,17
808502,19.924216797812505,16
808519,21.158431004812,17
808536,21.15917709413675,17
808553,21.325175208647348,17
808570,21.4582100587029,17
808587,21.43585960717008,17
808604,21.101433931009343,17
808621,21.141624110035746,17
808638,21.076782346435074,17
808655,21.24292804528307,17
808672,21.143307220504347,17
808689,21.346040112391336,17
808706,21.228128539605674,17
808723,21.276124574224497,17
808740,21.160927041528254,17
808757,21.20526143114125,17
808773,20.054234423968314,16
808790,21.306090826568564,17
808807,21.249861659015288,17
808823,19.777249692276825,16
808839,20.217785079893346,16
808856,21.30993253020528,17
808873,21.23887137061208,17
808890,21.24867888262378,17
808907,21.12954610836646,17
808924,21.202585196615264,17
808941,21.184274525986094,17
808957,20.032641226678756,16
808974,21.306644377451363,17
808990,19.94842018521075,16
809006,19.852995138736578,16
809022,20.073272653104937,16
809038,20.125232464582908,16
809055,21.227426263283625,17
809072,20.938113710761613,17
809089,21.107748717898208,17
809106,21.10908118846931,17
809123,21.069368549463693,17
809140,21.33846559394734,17
809156,20.03341447245687,16
809172,20.10363958322236,16
809189,21.23182490938216,17
809206,21.003457829656615,17
809222,19.907544554148103,16
809238,19.977553818389623,16
809255,21.08810242183063,17
809272,21.111080721152014,17
809288,19.790938654627517,16
809305,21.15592680564269,17
809321,19.760099452441686,16
809337,19.95096548970396,16
809354,21.07921174676928,17
809371,21.033498711087145,17
809388,20.929650037823652,17
809405,21.28182482516806,17
809422,21.33264240951283,17
809438,19.98356015789734,16
809455,20.852429853451678,17
809472,21.150121631251597,17
809489,21.33448117289189,17
809505,19.81967431248525,16
809522,21.06936674287368,17
809538,19.82474839919265,16
809554,19.86491329239941,16
809570,19.988865721115634,16
809586,20.025622293810432,16
809602,20.03971881833588,16
809618,19.782212995394723,16
809634,19.87387287400393,16
809651,21.199646657571,17
809668,21.302304166814846,17
809685,21.03134671410711,17
809702,21.130049755854404,17
809718,19.7360782633656,16
809735,21.222053745448164,17
809752,21.07251855793725,17
809768,20.011595237132937,16
809785,21.121296154699355,17
809801,19.83534912815031,16
809817,19.651183012795954,16
809834,21.109010257509517,17
809851,21.151769806019573,17
809867,20.01440376813981,16
809884,21.04372688894491,17
809901,21.190848147518043,17
809918,21.195926595825984,17
809935,21.24746602711331,17
809951,20.134944605951386,16
809968,21.090020472903223,17
809984,19.923863433716615,16
810001,21.108253112128068,17
810017,19.83644748747,16
810034,21.077341659474566,17
810050,19.678789203329384,16
810067,21.266345203988646,17
810083,20.008889041836945,16
810099,20.031221481458907,16
810116,20.88980296440088,17
810133,21.19793737442835,17
810149,19.965394915284318,16
810165,19.98218704324459,16
810182,21.106837993801022,17
810199,21.287656784072635,17
810216,21.219322996760628,17
810232,19.78585693086237,16
810249,21.208559243456037,17
810266,21.312003614844365,17
810283,21.08735482712256,17
810300,21.258877017181014,17
810317,21.064127872036536,17
810334,21.024550141502164,17
810350,20.028674584559255,16
810367,20.953527466772385,17
810383,19.869128542110623,16
810400,21.138592044882635,17
810417,21.078962815349243,17
810433,19.852365774251286,16
810449,19.94329899571108,16
810465,19.74610736763253,16
810482,21.060221639875888,17
810498,19.9031487666262,16
810515,21.272570052874613,17
810531,19.91691496639148,16
810548,21.27254201704721,17
810564,19.958921356606535,16
810581,21.407974983543077,17
810597,20.010875874113182,16
810614,20.899093122305825,17
810630,19.715393996577603,16
810647,20.97927946762517,17
810664,21.218860453750988,17
810680,20.04809595581671,16
810696,20.164004126413744,16
810712,19.90397106789665,16
810729,21.086804511042757,17
810745,20.097450364621423,16
810761,19.949440104061463,16
810777,19.645064960485726,16
810793,19.968389586853505,16
810809,19.837756990550805,16
810826,21.204442078693287,17
810842,19.93004503095625,16
810859,21.131252259787377,17
810875,20.099111639081002,16
810892,20.977316366000352,17
810908,19.91600662181337,16
810924,19.849314037297038,16
810941,21.275257919587713,17
810958,21.08666801195406,17
810975,21.06913511533689,17
810992,21.11177496935302,17
811009,21.032380745757912,17
811026,20.934094420688336,17
811043,20.851912695264488,17
811059,19.86598536489388,16
811076,21.06100982375586,17
811093,21.094423206276158,17
811109,19.836984491619795,16
811126,21.12845905554665,17
811142,19.616679293721727,16
811158,19.795943142662605,16
811175,21.042410624623507,17
811192,21.039754834946653,17
811209,21.0223468645917,17
811226,21.12960387569839,17
811242,19.90020178607921,16
811259,21.109634784145246,17
811276,21.137587564354103,17
811293,20.963294714117204,17
811309,19.866704488688743,16
811326,21.214343931048155,17
811343,20.8741315642408,17
811360,21.086549562632612,17
811377,21.10324943433144,17
811394,21.05502086325143,17
811411,21.162191011607007,17
811427,20.14221210622537,16
811444,21.035833840418483,17
811461,21.188362581997627,17
811477,19.94942300799304,16
811494,21.07892332594617,17
811511,21.036649871005512,17
811528,21.07992194739406,17
811544,19.736245777441916,16
811561,20.86731695907535,17
811578,21.124937261253606,17
811595,21.216538033545348,17
811611,19.790385658041334,16
811628,21.00616148959339,17
811645,20.911100043974894,17
811662,20.99812865313084,17
811678,19.76404125201897,16
811695,21.103221118557183,17
811712,21.170336917532065,17
811728,19.936710542957474,16
811745,21.17852578316939,17
811762,21.119291746114037,17
811779,21.184562232068135,17
811796,21.17027909737902,17
811813,20.918944958703587,17
811830,21.109164854648576,17
811847,20.953939322507832,17
811864,21.026927127923923,17
811881,21.05861556864357,17
811898,20.932677275673388,17
811915,20.945211684559787,17
811932,21.143427233616748,17
811949,21.177645999281804,17
811966,20.857886805219536,17
811983,21.018244489258905,17
812000,21.09997089685248,17
812017,21.219641952465626,17
812034,20.964807025824342,17
812051,21.009493249661407,17
812068,20.928965576824464,17
812085,21.00002844160034,17
812101,20.006893079741534,16
812118,21.121420899813625,17
812135,21.310225785961542,17
812151,19.757754538482175,16
812168,20.98633398661509,17
812184,19.693521159467345,16
812200,19.839618965192503,16
812216,19.785021503253425,16
812233,21.062073304950776,17
812249,19.705640813340512,16
812265,19.76704504705653,16
812282,21.068270420033283,17
812298,19.748353803474316,16
812315,21.05013826953915,17
812332,20.91621876934062,17
812349,21.02751623579197,17
812365,19.831361766563173,16
812381,20.017682876552954,16
812398,20.840160058191024,17
812415,21.03478724911985,17
812432,21.140614764628573,17
812449,20.917402758760115,17
812466,21.134086913503577,17
812483,20.999408036673312,17
812500,21.057245688003462,17
812516,19.955300298348323,16
812533,21.101597532156074,17
812549,19.921654815080295,16
812565,19.740015322387165,16
812582,21.05431809395013,17
812599,21.137506317274628,17
812616,20.986126511672172,17
812632,19.77951991266779,16
812649,21.2315966348944,17
812666,21.09713161355594,17
812682,20.007518220041483,16
812699,21.096153123828326,17
812715,19.742670104480474,16
812732,21.076120943034283,17
812749,21.150878135078585,17
812765,19.84197345908419,16
812782,21.103993850093058,17
812798,19.998788148289716,16
812814,19.93642591163467,16
812831,21.04271174200996,17
812847,19.811333107456452,16
812863,19.951072150527704,16
812879,20.01245468741329,16
812896,21.117974746696092,17
812913,21.01225948339769,17
812930,20.990343760661126,17
812947,21.027285739271537,17
812963,19.844223780415817,16
812979,19.665007243240897,16
812995,19.853698202695796,16
813012,21.007696080002162,17
813028,19.654025138952132,16
813045,21.164599269372424,17
813062,21.070573686330796,17
813078,19.984163867073846,16
813095,21.11747163855073,17
813111,19.94087758624332,16
813128,21.10289877230617,17
813145,21.00056839160434,17
813162,21.068295354084867,17
813179,21.115227982019658,17
813195,19.989701159048664,16
813211,19.76028456724977,16
813228,21.053018167594622,17
813245,21.256220568388148,17
813261,19.919678264171296,16
813278,21.08514117886889,17
813294,19.835219629252215,16
813311,20.92750672714257,17
813327,19.960857051245878,16
813344,21.016318640355177,17
813360,19.83213884446862,16
813377,20.889283772707497,17
813394,21.12223235094754,17
813411,21.049824324097855,17
813428,21.089597214915646,17
813445,21.017879073539778,17
813462,21.243285719635004,17
813479,21.15833092846607,17
813496,21.178876425031486,17
813513,20.89736328964423,17
813530,21.016508299256007,17
813547,20.881254270351196,17
813563,19.843812216203816,16
813580,21.117913730688535,17
813597,21.209708250841185,17
813614,21.120034558066898,17
813630,19.951144626033013,16
813646,19.927888463459016,16
813663,21.155514244051695,17
813680,21.124372783183745,17
813697,21.254879710666817,17
813714,21.145728229009134,17
813730,19.98528208975242,16
813747,21.178472740567113,17
813763,19.730372707239297,16
813779,20.00982974218891,16
813796,21.141256628508852,17
813813,21.199614364155842,17
813830,21.048440346149555,17
813847,21.278518298652493,17
813864,21.262664968313846,17
813881,21.0573860177633,17
813897,19.69760644299431,16
813914,21.097517258842593,17
813931,21.352431988632024,17
813947,19.797587394650453,16
813964,21.131938755270326,17
813981,20.982395956529665,17
813998,21.087006147613675,17
814015,21.183034494194267,17
814032,21.17203428515262,17
814049,21.20498513638713,17
814065,19.89438465927056,16
814082,21.022548861609234,17
814099,21.188953645507734,17
814116,20.91428176155314,17
814133,21.183124555641573,17
814150,21.095858479677233,17
814167,21.165146671530632,17
814183,19.906488914020404,16
814200,21.103131294008854,17
814216,19.810443175530953,16
814233,21.115090017538616,17
814250,21.149149091296813,17
814266,19.948661312670158,16
814283,21.146500080312652,17
814300,21.128029448012484,17
814316,19.930165531892563,16
814333,21.283219443046107,17
814350,21.080098145274327,17
814366,19.677991068969522,16
814383,21.056262802330867,17
814400,21.15262923327471,17
814416,19.948324838790015,16
814432,19.868944073105073,16
814449,21.177498405617584,17
814466,21.06867622055194,17
814483,21.09768939453328,17
814499,19.929679683522576,16
814516,21.174792929389174,17
814533,21.307097724904818,17
814550,20.950436463625,17
814566,20.107329802980548,16
814583,21.21176337519481,17
814600,21.191599847398383,17
814616,19.786877576983805,16
814633,21.149904852707614,17
814649,19.864308902928055,16
814666,21.07687607120934,17
814683,21.097708957768464,17
814700,21.02689643922931,17
814717,21.105171331711972,17
814734,21.33885310126038,17
814750,19.868908911874684,16
814767,21.19353096119242,17
814783,19.874951069696337,16
814800,21.11594922285068,17
814817,21.33188360338022,17
814833,19.792098458564087,16
814850,20.977600925905303,17
814866,20.054342255936657,16
814883,21.021226531438607,17
814899,19.74863973043194,16
814916,21.099300427824513,17
814933,21.203983007371527,17
814950,20.96060852726865,17
814967,21.030039550051825,17
814984,20.977413989186616,17
815001,21.17049361027766,17
815018,21.163228765797115,17
815035,21.02393391032075,17
815052,21.145590248807135,17
815068,19.943326453976585,16
815084,20.0115200903597,16
815101,21.011567997192028,17
815118,21.325386018075278,17
815135,21.314613329438416,17
815152,21.13314415475164,17
815169,21.374928824202396,17
815186,21.17100496891423,17
815203,21.193832233441913,17
815220,21.22530824640354,17
815237,21.079567694434935,17
815253,19.856028446069935,16
815270,21.05861882288222,17
815287,21.32199464748048,17
815304,21.355413420716214,17
815321,21.246265785818185,17
815338,21.22803585331002,17
815355,21.395505389896126,17
815372,21.146006825460628,17
815389,21.155817907139788,17
815406,21.28888962638464,17
815423,21.09811148285521,17
815440,21.29903896095265,17
815457,21.309882215707763,17
815474,21.26869635316694,17
815491,21.40631029312836,17
815508,21.269825780686958,17
815525,21.264516204735205,17
815542,21.312119091049375,17
815559,21.216137937472354,17
815576,21.193939870119788,17
815593,21.128920135432796,17
815609,19.959067348203547,16
815626,21.23460683914472,17
815643,21.16518622664163,17
815660,21.13959457492774,17
815676,19.932393763625814,16
815692,19.972656417655344,16
815709,21.24167489510569,17
815726,21.08978428138178,17
815743,21.178722598124864,17
815760,21.445997741989736,17
815777,21.084877585966566,17
815794,21.17102185306525,17
815811,21.120026811357945,17
815828,21.287513847408658,17
815844,19.919801934106236,16
815861,21.112918367527932,17
815878,21.33833942988294,17
815895,21.27783580030049,17
815912,21.404021961611374,17
815929,21.359109556971294,17
815946,21.219452460468148,17
815963,21.146372701580674,17
815980,21.31439544633577,17
815996,20.07333393643879,16
816013,21.328716494311234,17
816030,21.17710840306094,17
816046,20.146942090894964,16
816063,21.436835773828587,17
816080,21.250238610213696,17
816097,21.13279353279644,17
816114,21.20954212130941,17
816131,21.412064186236673,17
816148,21.248384755098254,17
816165,21.33822638352456,17
816182,21.20148110925971,17
816199,21.27672397836611,17
816215,19.940752438929227,16
816232,21.28437537463009,17
816249,21.287702518793964,17
816266,21.274727700370086,17
816283,21.22855034422158,17
816300,21.319621555783964,17
816317,21.148402261678633,17
816334,21.16002492101471,17
816351,21.28503695728508,17
816368,21.255690321408586,17
816385,21.236183035477115,17
816401,19.88780037205561,16
816418,21.245793203730155,17
816435,21.37034781711316,17
816452,21.20796788818097,17
816469,21.24764529208716,17
816485,20.021038695714843,16
816502,20.99443555046418,17
816518,20.13613592922304,16
816535,21.18203517772183,17
816552,21.364851432586455,17
816569,21.267523090135537,17
816586,21.228590073403325,17
816603,21.270285359847062,17
816620,21.26098437106537,17
816637,21.244080174037535,17
816654,21.290613345837695,17
816671,21.378455052771052,17
816688,21.195329750859695,17
816704,20.06181191202808,16
816721,21.121405230144756,17
816738,21.134248843512413,17
816755,21.376539034131344,17
816772,21.247442436386986,17
816788,20.091415484469533,16
816805,21.14438220193481,17
816822,21.269171913439266,17
816839,21.17621913074945,17
816856,21.246062382275532,17
816873,21.213238549546467,17
816890,21.1495296573108,17
816907,21.199004258933293,17
816924,21.241099674429456,17
816941,21.241783584412147,17
816958,21.14576304882508,17
816975,21.230669860794624,17
816992,21.14192165271406,17
817009,21.211997849626087,17
817026,21.307187004320266,17
817043,21.165983086167905,17
817060,21.263805684916445,17
817077,21.298085129148678,17
817094,21.480894551766394,17
817111,21.327985693948293,17
817128,21.208956898424972,17
817145,21.272102423049628,17
817162,21.21489431451679,17
817179,21.332563045498286,17
817196,21.07465523938588,17
817213,21.358402533590198,17
817230,21.30950902913731,17
817246,19.937229133480454,16
817263,21.028340040496463,17
817280,21.363418773727822,17
817297,21.353033779086505,17
817314,21.34938823731228,17
817330,19.93551858601341,16
817347,21.169723575212277,17
817364,21.44609314396368,17
817381,21.179586271172653,17
817397,19.838904640643964,16
817414,21.345099681792647,17
817431,21.14071409564376,17
817448,21.348791324524118,17
817465,21.42900394018289,17
817482,21.327981355868477,17
817498,20.03391070180699,16
817515,21.223993581255375,17
817532,21.378864586374128,17
817549,21.20397199961154,17
817566,21.465757674803648,17
817582,20.08356449753598,16
817599,21.499615269027235,17
817616,21.312767439374674,17
817633,21.28016421157544,17
817650,21.331297692342137,17
817667,21.2729993346655,17
817684,21.299385161869086,17
817701,21.359304962146787,17
817718,21.298555509577856,17
817735,21.371342388222843,17
817752,21.227842746620865,17
817769,21.190756748052298,17
817786,21.23916079152998,17
817803,21.35420788003521,17
817820,21.15923587077687,17
817837,21.164372128687518,17
817854,21.344018964582837,17
817871,21.219836322062942,17
817888,21.199692301700523,17
817905,21.45136590205991,17
817922,21.42546398856669,17
817939,21.15341500068418,17
817956,21.389842447244842,17
817972,20.048702764651036,16
817989,20.99628985638212,17
818006,21.449163773527957,17
818022,20.089656969495014,16
818039,21.31495038652325,17
818056,21.354621077050204,17
818073,21.397288046289916,17
818090,21.330349068614005,17
818107,21.29127111434262,17
818124,21.34848053381009,17
818141,21.43322260120262,17
818157,19.9569252749319,16
818174,21.35260139804541,17
818191,21.29990258646903,17
818208,21.30581476185934,17
818225,21.333123435767764,17
818242,21.43133243394493,17
818259,21.368763567164233,17
818276,21.484666405556048,17
818293,21.272369814943705,17
818309,20.12527102148988,16
818326,21.383923242873777,17
818343,21.3235082799602,17
818360,21.290508078143922,17
818377,21.29670825250176,17
818393,20.06623055022261,16
818410,21.36921367002781,17
818427,21.35264939354308,17
818444,21.21531329787197,17
818461,21.29980387717273,17
818478,21.311945152037147,17
818495,21.295106638219778,17
818512,21.310325620564598,17
818529,21.24564233222137,17
818546,21.118840031827236,17
818563,21.41130627511248,17
818580,21.383729409031613,17
818597,21.242181093287865,17
818614,21.174787927865527,17
818630,20.015466721199328,16
818647,21.292097452583814,17
818664,21.231145848128946,17
818681,21.318304587148017,17
818698,21.392786987283717,17
818715,21.359043141980525,17
818732,21.06340116775373,17
818749,21.477146028890115,17
818766,21.3910827644712,17
818783,21.287277742967547,17
818800,21.31855699473352,17
818817,21.29619161624789,17
818834,21.372416787807456,17
818850,20.116710557089586,16
818867,21.233256702766642,17
818884,21.30910580780642,17
818901,21.558452231236235,17
818918,21.20413363472582,17
818935,21.408690963554644,17
818952,21.216385675717053,17
818969,21.24310592272648,17
818986,21.27676081817021,17
819003,21.219773648057433,17
819020,21.321409472629522,17
819037,21.16368728444525,17
819054,21.337031547876908,17
819071,21.349535518917914,17
819087,20.03186593398841,16
819104,21.33415289032115,17
819121,21.350333614680082,17
819138,21.384925736148777,17
819155,21.358098998656097,17
819172,21.349682928706788,17
819189,21.13164873687833,17
819206,21.32130289069717,17
819223,21.283116807066207,17
819240,21.277540063117772,17
819257,21.329207865393883,17
819274,21.260939371450355,17
819291,21.181224680109455,17
819308,21.20336909184878,17
819325,21.3749350335196,17
819342,21.377468388505818,17
819359,21.460537822631913,17
819376,21.25472764255507,17
819393,21.33384040126214,17
819410,21.12063573015812,17
819427,21.302568879789387,17
819444,21.210624820503522,17
819461,21.34167032697477,17
819478,21.402662887970468,17
819495,21.168927023052373,17
819512,21.155017158169642,17
819529,21.245306866579146,17
819546,21.384147611422044,17
819563,21.370386112647058,17
819580,21.353221281365887,17
819597,21.397287104331976,17
819614,21.47133722394073,17
819631,21.2043282915787,17
819648,21.19704206076477,17
819664,20.141037837009918,16
819681,21.376195586727224,17
819698,21.3342603286931,17
819715,21.519072017138537,17
819731,20.1978866779286,16
819748,21.34801528404174,17
819764,20.044940101604404,16
819781,21.31092363607214,17
819798,21.365176442516596,17
819814,19.976604290584497,16
819830,20.136798650511288,16
819846,20.004738021652244,16
819863,21.36177936051908,17
819880,21.304351242526266,17
819897,21.247899490230292,17
819914,21.292382211726334,17
819931,21.254704481005234,17
819947,19.949329765537716,16
819964,21.231442437482517,17
819981,21.369625726211726,17
819998,21.22094750910263,17
820015,21.35293243112116,17
820032,21.375314765783706,17
820049,21.119698823782162,17
820066,21.283680975566647,17
820083,21.32659699440968,17
820100,21.212828727859428,17
820117,21.274062074608345,17
820134,21.06519413852439,17
820151,21.379407452505777,17
820168,21.36885728371686,17
820185,21.302757631187326,17
820202,21.266126683839087,17
820218,20.090798740543274,16
820235,21.438129378965908,17
820252,21.31266757725521,17
820269,21.18841959740257,17
820286,21.472009344961144,17
820303,21.33133590189814,17
820320,21.078044611074194,17
820337,21.420310096940856,17
820354,21.374245960776552,17
820370,20.20034991284043,16
820387,21.487838877565945,17
820404,21.175337693089762,17
820421,21.42430495272751,17
820438,21.421376348679956,17
820455,21.335844537833285,17
820472,21.370381470749614,17
820489,21.267272499295768,17
820506,21.221744286649216,17
820523,21.2638927838519,17
820540,21.3465701003696,17
820556,20.115162718439777,16
820573,21.33949974853326,17
820590,21.094078165375247,17
820607,21.330447820649763,17
820624,21.273027019813526,17
820641,21.346219589774332,17
820658,21.494523007241547,17
820675,21.373099983715893,17
820692,21.344815448418856,17
820709,21.074057717652316,17
820726,21.392818020815817,17
820743,21.197531918258544,17
820760,21.31374788777314,17
820776,20.070859749863317,16
820793,21.24771294183631,17
820810,21.381571675337014,17
820827,21.218593808651775,17
820843,19.99430953535246,16
820860,21.28312656310652,17
820877,21.26705961905828,17
820894,21.20788559556443,17
820911,21.17239790958725,17
820928,21.148388479802087,17
820944,20.073801651861757,16
820961,21.205384362304155,17
820978,21.275569594282633,17
820995,21.350081159044795,17
821012,21.360249563218872,17
821029,21.340126300521874,17
821046,21.24532793994145,17
821063,21.299985013355737,17
821080,21.08481999508662,17
821097,21.33915299551798,17
821113,19.979309852312163,16
821130,21.54372763125244,17
821147,21.46398847626501,17
821164,21.204653660707923,17
821181,21.318235586861,17
821198,21.303919633989878,17
821215,21.36014298039568,17
821232,21.348106689667006,17
821249,21.20722223835668,17
821266,21.156079191728427,17
821283,21.20119042438616,17
821300,21.150008587833696,17
821317,21.327868199823847,17
821334,21.22682866483859,17
821350,19.763335060149846,16
821366,19.825052357971863,16
821382,20.006153233313277,16
821398,19.96637686484592,16
821414,19.986155529451047,16
821431,21.1555772299708,17
821448,21.162053265734077,17
821465,21.24942413686635,17
821482,21.225637379029333,17
821499,21.17292376737947,17
821516,21.141101494853633,17
821533,21.189942030686993,17
821550,21.0969061756598,17
821567,21.050868907576,17
821584,21.121342213931342,17
821601,21.14276598787141,17
821618,21.231619719804765,17
821634,20.1153889256714,16
821651,21.311824617109483,17
821668,21.2740010740959,17
821684,19.852766579128808,16
821701,21.289962521358696,17
821717,19.89726407693721,16
821733,19.78979517408144,16
821749,19.837672493937983,16
821766,21.123888222325377,17
821782,20.106460501095466,16
821798,19.87470860605894,16
821815,21.20489980463344,17
821832,21.246590950411157,17
821849,21.04680125735668,17
821866,21.173705119431588,17
821882,20.004724691902883,16
821899,21.19840633362068,17
821916,21.119491219870948,17
821933,21.07845544000364,17
821950,21.1859876739084,17
821967,21.037760080766116,17
821983,20.012425500483843,16
822000,21.17508960779569,17
822016,20.00539765966896,16
822033,21.16015954970905,17
822049,19.809732866784863,16
822065,19.89322879701652,16
822081,20.03341375223093,16
822097,19.875538800826913,16
822113,20.067377191114076,16
822130,20.983133592208286,17
822147,21.03379525999381,17
822164,21.164779366613637,17
822181,21.318281076855182,17
822198,21.274105069367018,17
822215,21.17300007188984,17
822232,21.165281950007074,17
822249,21.09626775199963,17
822266,21.20153847534654,17
822282,20.097968252664717,16
822299,21.272079625482895,17
822316,21.30531408040474,17
822333,21.116515724955608,17
822349,20.061889609270033,16
822365,19.980078662001066,16
822381,19.93102726682942,16
822397,20.12383551356671,16
822414,21.158646236359026,17
822430,19.85971128809342,16
822447,21.182541702316822,17
822464,21.097425298962495,17
822481,21.339654089818165,17
822497,20.066523498009563,16
822513,19.9675319796524,16
822529,19.84845141598427,16
822546,21.120448702635166,17
822563,20.998180958616512,17
822580,21.19638603815022,17
822597,21.180947131434863,17
822613,19.927147390781354,16
822630,21.259054859004223,17
822646,19.90350887293963,16
822662,19.931535405988445,16
822678,19.733765716923852,16
822694,19.820739934819205,16
822710,19.877799944897838,16
822727,21.199685709566694,17
822743,19.892404001886444,16
822760,21.09770425655938,17
822776,20.055381715767435,16
822793,21.02533233097805,17
822810,21.22269842626261,17
822827,21.06371593190237,17
822844,21.36903288620501,17
822860,19.80486434522642,16
822877,21.18949743178284,17
822894,21.188475778132286,17
822910,19.90825672126586,16
822927,21.17140851348732,17
822944,21.22312135742231,17
822960,20.098465251752376,16
822976,19.89913736943853,16
822993,21.12283927395257,17
823010,21.155222606831366,17
823026,19.765329571601598,16
823043,21.050913599101122,17
823059,19.889457224063058,16
823076,21.25037594880931,17
823093,20.860562298620323,17
823110,21.22035929060924,17
823126,19.85976805710555,16
823143,21.14123156663845,17
823160,21.228295573810392,17
823176,20.03586747996044,16
823192,19.925994829048044,16
823209,21.287085902060177,17
823226,21.03157274386867,17
823243,21.162642357850416,17
823260,21.209320146872447,17
823277,20.979188442360723,17
823294,21.242613805656852,17
823311,21.199398358385423,17
823328,21.251663217416503,17
823345,21.335016151600975,17
823362,21.186111125296563,17
823379,21.211938170871118,17
823396,21.13189166185355,17
823413,21.146600971047505,17
823430,21.20489167388449,17
823447,21.265082130960042,17
823464,21.174132281403637,17
823481,21.24481847602566,17
823498,21.256852234588575,17
823515,21.254966780691387,17
823532,21.285055857251248,17
823549,21.397949285954976,17
823566,21.21374784916402,17
823583,21.102748477215535,17
823600,21.260674458355858,17
823617,21.2322756650136,17
823634,21.169126478550428,17
823651,21.294589728941034,17
823668,21.103503261310745,17
823684,19.825716663672246,16
823701,21.11725132995419,17
823718,21.061442990971678,17
823735,21.31570301697822,17
823751,19.983810143592166,16
823768,21.18823994058913,17
823784,19.885285837117404,16
823801,21.312225525187383,17
823818,21.34058773429157,17
823835,21.376631004890523,17
823852,21.23002777774897,17
823869,21.165265314988865,17
823886,21.369989285234226,17
823903,21.285406120491174,17
823919,19.948698492690532,16
823936,21.250799946135533,17
823953,21.40988772727354,17
823970,21.165567271024937,17
823987,21.092634003303935,17
824003,20.057488316959304,16
824020,21.097315919238486,17
824037,21.14890421435557,17
824054,21.27994196863165,17
824071,21.267169295562965,17
824088,21.26589278055153,17
824105,21.15204110959951,17
824122,21.312608387590725,17
824139,21.296389300674544,17
824156,21.327913397355555,17
824173,21.33791271053444,17
824190,21.257000734166528,17
824207,21.21828215006456,17
824224,21.262315327210533,17
824241,21.365596580933083,17
824258,21.187247971960726,17
824275,21.130736052387714,17
824292,21.31344046448929,17
824309,21.173991552704106,17
824326,21.25330472343509,17
824343,21.183237492909836,17
824360,21.318699338852614,17
824377,21.279129379703093,17
824394,21.30662259504191,17
824411,21.4413631342573,17
824428,21.0516608801475,17
824445,21.43167299605901,17
824461,19.977192365669254,16
824478,21.345142879188103,17
824495,21.220383478463198,17
824512,21.498243395301166,17
824528,20.02921239218427,16
824545,21.234793343759176,17
824562,21.305970139122827,17
824579,21.376159135857016,17
824596,21.28242519270506,17
824613,21.14479842969209,17
824630,21.461634045225292,17
824647,21.159520601675666,17
824664,21.289681988298046,17
824680,20.04108356236433,16
824697,21.18880015584163,17
824713,19.956531845688172,16
824730,21.19665346573585,17
824747,21.23895905234689,17
824763,19.978949489756637,16
824779,20.15053515988651,16
824796,21.324903121076023,17
824813,21.2081293374735,17
824830,21.39176673297576,17
824847,21.296404115212006,17
824864,21.256117771706798,17
824880,19.816437067754826,16
824897,21.320614478295628,17
824914,21.193503285822008,17
824931,21.141161373070577,17
824948,21.40596329803249,17
824965,21.15593493440417,17
824982,21.050413957640146,17
824999,21.228495029896123,17
825015,20.036602464373235,16
825032,21.224396377587208,17
825049,21.17675876826475,17
825066,21.128955845962878,17
825083,21.29565585755184,17
825100,21.11296720391534,17
825116,19.884325111367776,16
825133,21.18804678865368,17
825149,20.013237997854826,16
825166,21.270566969014713,17
825183,21.358381274233647,17
825199,20.05303492285317,16
825216,21.23150625425637,17
825233,21.056452896062737,17
825249,19.945202846952306,16
825266,21.245046492655558,17
825283,21.268707453326815,17
825300,21.28691079703661,17
825317,21.320910326328175,17
825334,21.21656926421891,17
825351,21.293962290427903,17
825368,21.291042361485445,17
825384,20.150817154829426,16
825401,21.327367460685025,17
825418,21.107233001070494,17
825435,21.254003027009126,17
825452,21.28196051336009,17
825469,21.272521304239287,17
825485,20.12131818215671,16
825501,19.82828193543149,16
825518,21.20369083127685,17
825535,21.26845736628495,17
825552,21.36472643017442,17
825569,21.248823919420328,17
825586,21.247731838534975,17
825603,21.306496828436007,17
825620,21.3501267302604,17
825637,21.10221362587634,17
825654,21.396798092071585,17
825671,21.29741439502079,17
825687,20.11799514935331,16
825704,21.132711060012614,17
825720,20.09633264959022,16
825736,19.998683233939573,16
825752,20.125190886810277,16
825769,21.2326676279281,17
825786,21.241626209345533,17
825803,21.39861176810963,17
825819,19.957462274078384,16
825836,21.342646812558986,17
825852,19.988147095315583,16
825869,21.24273070787798,17
825886,21.342165774896728,17
825903,21.45708387727112,17
825920,21.101735274319076,17
825937,21.238184162846014,17
825953,20.06082161420438,16
825970,21.1465813790174,17
825987,21.38846297609305,17
826003,19.962795466318763,16
826020,21.248588638451743,17
826037,21.245320263376016,17
826054,21.231493603173778,17
826071,21.22917052447336,17
826088,21.36553605643401,17
826105,21.3640551090079,17
826122,21.276956686818064,17
826139,21.38005715911656,17
826156,21.28241539099155,17
826172,19.99673817313249,16
826189,21.205470143836187,17
826206,21.163781059460916,17
826223,21.304370852902014,17
826240,21.192393391251834,17
826257,21.297325781678527,17
826274,21.279033953043157,17
826291,21.310743143237005,17
826308,21.317863328427535,17
826324,20.023735885732464,16
826341,21.22852758691183,17
826357,20.157630195395722,16
826374,21.270513402244866,17
826390,20.119021724197466,16
826407,21.265948713742198,17
826424,21.40831677236952,17
826441,21.373726428306238,17
826458,21.416899472294855,17
826475,21.259366770954333,17
826492,21.318055735343066,17
826509,21.37023469047323,17
826526,21.06942276949524,17
826543,21.273997929972236,17
826560,21.40969340499293,17
826577,21.411240333696693,17
826594,21.235051662774513,17
826611,21.295268295324295,17
826628,21.331213601790985,17
826644,20.013529967296634,16
826661,21.02778356451414,17
826678,21.347259175042232,17
826695,21.074672203100903,17
826712,21.249029181253743,17
826729,21.35413004705852,17
826746,21.229986036431157,17
826762,20.021544888602865,16
826779,21.175986189833406,17
826796,21.146180592810943,17
826813,21.361172205949263,17
826830,21.293580974400022,17
826847,21.40399113922171,17
826864,21.1292225321225,17
826881,21.020341078973022,17
826898,21.285250751834845,17
826915,21.23072505910887,17
826932,21.117508455599005,17
826949,21.250142369478727,17
826966,21.348832851127536,17
826983,21.306647751682423,17
827000,21.08500377352981,17
827017,21.263144639525677,17
827034,21.21053738217763,17
827051,21.204695349189763,17
827067,19.913863868665477,16
827084,21.347149513374635,17
827101,21.38582998936503,17
827118,21.385441315314328,17
827135,21.20585096935967,17
827152,21.135449689758197,17
827169,21.384264922981924,17
827185,19.939757668477736,16
827202,21.309561508812,17
827219,21.336991427654592,17
827236,21.22411982593039,17
827252,19.928535727074493,16
827269,21.285436334359456,17
827286,21.255081224231837,17
827303,21.236717536052826,17
827320,21.06554199165678,17
827337,21.24167691447162,17
827354,21.134317844867166,17
827371,21.200564936988624,17
827388,21.04819085097515,17
827405,21.414225107285162,17
827422,21.438013401158326,17
827439,21.39771810308332,17
827456,21.438468223199177,17
827472,20.13293351085363,16
827489,21.1983489958941,17
827505,20.099480601636955,16
827522,21.547397684055916,17
827539,21.201712559923422,17
827555,20.10562024216446,16
827572,21.444089851050894,17
827588,20.19693083344521,16
827605,21.628693575749008,17
827622,21.48514466328191,17
827638,20.342057194863752,16
827655,21.554004197447096,17
827672,21.27445616606659,17
827689,21.392032139048062,17
827705,20.12000176788622,16
827722,21.131681172242597,17
827739,21.45678967470638,17
827756,21.391777985784202,17
827773,21.27711552006967,17
827790,21.476493985365337,17
827806,20.016478837154356,16
827822,20.16620367720198,16
827839,21.22498508517296,17
827856,21.50011395316537,17
827872,20.035214010050836,16
827889,21.54888875019109,17
827905,20.015092223001144,16
827922,21.62194887915572,17
827938,20.117448620580245,16
827955,21.161084388990496,17
827972,21.37681050408102,17
827989,21.332121166994934,17
828006,21.09664153003756,17
828023,21.518742209246582,17
828039,20.13351241421085,16
828056,21.21624164243246,17
828073,21.230216349219972,17
828089,20.215097170803407,16
828106,21.30710585934657,17
828123,21.248865210707837,17
828140,21.396845915522096,17
828157,21.4219984812647,17
828174,21.529902553545167,17
828191,21.38290922685901,17
828208,21.17872267413924,17
828224,20.053907632450084,16
828241,21.46285929804311,17
828258,21.292367901326397,17
828274,20.078116415735156,16
828291,21.21584892172878,17
828307,20.124921976025302,16
828324,21.57446627704719,17
828340,20.181970148346878,16
828357,21.36059424971277,17
828374,21.283622716461867,17
828391,21.446015053953232,17
828408,21.436118448066868,17
828425,21.445009445951683,17
828442,21.41635976831614,17
828459,21.479515484674067,17
828476,21.574371915666436,17
828493,21.27870557847981,17
828510,21.2749484756721,17
828527,21.26284636993632,17
828544,21.415439264278863,17
828560,20.026391807526466,16
828577,21.514827711915398,17
828594,21.319529075118812,17
828611,21.23764235045472,17
828627,20.206252797067407,16
828644,21.348109733770123,17
828661,21.334059596498072,17
828678,21.34577617158514,17
828695,21.33293980516438,17
828712,21.374814845096843,17
828728,20.184425369783924,16
828744,20.07161621468485,16
828761,21.398956985847835,17
828778,21.174013103115797,17
828795,21.33306466272916,17
828811,20.127326520849895,16
828828,21.204266696907307,17
828845,21.41869412563201,17
828862,21.199715616173062,17
828878,20.056751677942753,16
828894,19.976609935588726,16
828911,21.322692971535766,17
828927,20.101295394383854,16
828944,21.320622621948278,17
828961,21.203296760033577,17
828978,21.45424680476332,17
828995,21.46010412167713,17
829012,21.325930629348875,17
829029,21.484775854271327,17
829045,20.179306676252722,16
829061,20.135265079810882,16
829078,21.207003692444335,17
829095,21.32886433181376,17
829112,21.456369445829058,17
829129,21.44096088360545,17
829145,20.117449522507588,16
829161,19.955440863044036,16
829178,21.192020763190428,17
829195,21.423482034064488,17
829211,20.008392718081712,16
829228,21.394464089170143,17
829245,21.27434422772853,17
829262,21.375493911961126,17
829279,21.453136215305904,17
829296,21.34162739407916,17
829313,21.202875337058213,17
829330,21.472234423298776,17
829347,21.316269248056216,17
829364,21.182876423304283,17
829381,21.251663238522116,17
829397,19.969966084018953,16
829414,21.507721951894396,17
829431,21.41156720479236,17
829448,21.413321896523314,17
829465,21.49499118359411,17
829481,20.10896478793221,16
829498,21.464809404566168,17
829514,20.20363668011884,16
829531,21.544749048320796,17
829548,21.361726007099435,17
829565,21.619909639236813,17
829582,21.595229703765582,17
829599,21.384876385183595,17
829616,21.34666495488429,17
829632,20.18153263178607,16
829649,21.528361840021795,17
829665,20.36268103074617,16
829682,21.480555086241587,17
829699,21.31429355326436,17
829716,21.42608481598367,17
829732,20.193818361475476,16
829749,21.495396746832185,17
829766,21.366077292526604,17
829782,20.292432340209427,16
829799,21.2553686501161,17
829816,21.410838304119814,17
829833,21.3655058275118,17
829849,20.219502638540426,16
829866,21.655527351755826,17
829883,21.407765309506352,17
829899,20.238544028737838,16
829916,21.36144420414356,17
829933,21.24695584467237,17
829950,21.32872020944865,17
829966,20.108680620437305,16
829983,21.5944701146904,17
829999,20.330717971751135,16
830015,20.26060781907845,16
830031,20.308145873572528,16
830048,21.525581479060445,17
830064,20.182304726104018,16
830081,21.497663239665226,17
830097,20.22309963762108,16
830114,21.364408994581808,17
830131,21.334873006670417,17
830148,21.66868831227876,17
830165,21.411707358860887,17
830182,21.557047641535725,17
830199,21.498001675217356,17
830215,20.218925897279092,16
830232,21.361728985913636,17
830248,20.123972397414473,16
830265,21.53298140665927,17
830282,21.549744462848228,17
830299,21.47003693233738,17
830315,20.203054929053135,16
830332,21.475329343211317,17
830349,21.589081787176017,17
830366,21.41761097969966,17
830382,20.301719015324473,16
830399,21.491255909308023,17
830416,21.308840934309625,17
830433,21.490824907677386,17
830449,20.251356037832423,16
830466,21.47483669864823,17
830483,21.22016022713247,17
830500,21.4385359319578,17
830517,21.507955796139157,17
830533,20.147764911592613,16
830550,21.387149897765234,17
830567,21.4570553681954,17
830583,20.18673015914042,16
830599,20.16013540754133,16
830616,21.436769512717188,17
830633,21.319708347921278,17
830649,20.125013548792705,16
830666,21.551022751553294,17
830682,20.226448482183013,16
830699,21.51631211175553,17
830716,21.474550812040402,17
830733,21.375342127288633,17
830749,20.2211880319273,16
830766,21.49500807422549,17
830782,20.0527241405163,16
830798,20.32397011052463,16
830815,21.546619975348126,17
830831,20.078816701404538,16
830848,21.434378703415483,17
830865,21.323675530911725,17
830882,21.391855402148785,17
830898,20.144333274190295,16
830915,21.503594697840654,17
830932,21.42667938608118,17
830949,21.517767739239964,17
830966,21.187191373926648,17
830983,21.498846245940097,17
830999,20.124191572536684,16
831016,21.500947157262075,17
831033,21.26488087667864,17
831050,21.395006366518118,17
831067,21.319515874985456,17
831084,21.319461711418676,17
831101,21.426968561955206,17
831118,21.436709007553368,17
831134,20.202207454002508,16
831151,21.366266096342002,17
831168,21.45420580796597,17
831185,21.386109568081647,17
831201,20.292835541861763,16
831218,21.338809632731298,17
831235,21.407605546920955,17
831252,21.50020477073693,17
831269,21.43412831096362,17
831285,20.06717876351443,16
831302,21.35044316367274,17
831319,21.496480230252573,17
831336,21.422033301231828,17
831353,21.505216449336366,17
831370,21.191283774537233,17
831386,20.28275490972576,16
831403,21.368078336768967,17
831419,20.127473082891306,16
831436,21.602838745485222,17
831453,21.43087743492364,17
831470,21.60225545646256,17
831487,21.443848434989583,17
831504,21.497188209930492,17
831521,21.483738957347818,17
831537,20.289683338882643,16
831554,21.3954592346881,17
831571,21.4129914825536,17
831588,21.695164897899996,17
831605,21.40424919495188,17
831622,21.467631786579446,17
831639,21.49039448834019,17
831655,20.199708005526453,16
831672,21.521717754457317,17
831688,20.282115964241648,16
831704,20.198129716844562,16
831720,20.257200086664078,16
831737,21.5076462543655,17
831753,20.447717691761767,16
831770,21.63397453418189,17
831786,20.30618426155911,16
831803,21.460279208054274,17
831820,21.573030498433873,17
831837,21.39652362995537,17
831853,20.186649335540267,16
831869,20.233688276172295,16
831885,20.239369390063526,16
831902,21.47844268943484,17
831919,21.56071820190278,17
831936,21.452826527063625,17
831953,21.59833491049999,17
831970,21.450751844126035,17
831987,21.4267591430635,17
832004,21.488043999105784,17
832021,21.404820880693634,17
832038,21.46997207445802,17
832054,20.369300771134203,16
832071,21.3821363733581,17
832087,20.275764841127586,16
832104,21.475941942265905,17
832121,21.559448717465056,17
832137,20.17239920661178,16
832154,21.255420151583486,17
832170,20.236135417315914,16
832187,21.62979980355457,17
832203,20.134310779074507,16
832219,20.220595642384797,16
832235,20.351335450064308,16
832252,21.468014706302938,17
832268,20.19792909066392,16
832285,21.538133074289608,17
832302,21.570652586369878,17
832318,20.37419209752142,16
832334,20.201275903829607,16
832350,20.40241710716588,16
832367,21.45886021328396,17
832383,20.250197848798354,16
832400,21.54880522160864,17
832417,21.392184693781143,17
832434,21.42832017539948,17
832451,21.5017725358829,17
832468,21.44466770500503,17
832485,21.320702293866972,17
832501,20.24087880163808,16
832518,21.471210988485698,17
832535,21.501677871203395,17
832552,21.407706186770405,17
832569,21.492727936964428,17
832586,21.778456886152693,17
832603,21.54268570236674,17
832620,21.566375568971157,17
832637,21.385274659775657,17
832654,21.63329965132274,17
832671,21.474713572810277,17
832688,21.601588893054668,17
832705,21.63410377682197,17
832722,21.49608510550898,17
832738,20.3681510333702,16
832755,21.57455232828697,17
832771,20.15766380757551,16
832788,21.718048356936773,17
832805,21.597188817204447,17
832822,21.535393151290073,17
832838,20.20132204814633,16
832855,21.387115379073922,17
832872,21.736440288686115,17
832888,20.26859414405748,16
832905,21.537003353035942,17
832922,21.31469425930043,17
832939,21.667554062848946,17
832955,20.23463622707439,16
832971,20.29204199112983,16
832988,21.378080031431523,17
833005,21.417225937129313,17
833021,20.282866272810754,16
833038,21.463162600602086,17
833054,20.12080979073467,16
833071,21.34853807240328,17
833087,20.198421503502065,16
833103,20.219570707984982,16
833120,21.536520147180433,17
833137,21.446480887143277,17
833154,21.61312407501594,17
833171,21.478485033621535,17
833188,21.575095178547105,17
833205,21.48824923407756,17
833221,20.162620056402282,16
833238,21.390219410777586,17
833255,21.53221673189968,17
833272,21.477626029866244,17
833289,21.328518718612866,17
833306,21.296227901711926,17
833323,21.44729876009964,17
833340,21.62585564465129,17
833356,20.192981458990136,16
833373,21.469381871678877,17
833389,20.205093208606677,16
833406,21.46696502553637,17
833423,21.648457704389656,17
833440,21.52763663712194,17
833456,20.43845105034471,16
833472,20.31136550044514,16
833489,21.535073066051364,17
833506,21.37565398874235,17
833523,21.548351665434833,17
833540,21.627631134358467,17
833557,21.536912908785144,17
833574,21.45063873079785,17
833590,20.37209051313267,16
833607,21.582306438123542,17
833623,20.260568432782875,16
833639,20.18203954353127,16
833656,21.67698189231328,17
833672,20.45921965705769,16
833688,20.231920785719556,16
833705,21.63680819846525,17
833722,21.457081509236485,17
833739,21.658681897651643,17
833756,21.497210544415147,17
833772,20.47759926209091,16
833788,20.419455592816977,16
833804,20.224458347805935,16
833821,21.55035575832485,17
833838,21.533193623275025,17
833855,21.55872840083034,17
833872,21.42032867079582,17
833889,21.59141889216296,17
833906,21.498188189362878,17
833923,21.410716630065462,17
833940,21.42794309322597,17
833957,21.445274692794175,17
833974,21.433891011518025,17
833991,21.6062469919913,17
834008,21.62327815020218,17
834025,21.519329211706534,17
834042,21.674715280873418,17
834058,20.289414125784255,16
834074,20.275230756840333,16
834090,20.135826224805548,16
834106,20.22234946920463,16
834123,21.496626561683684,17
834140,21.556566604294446,17
834156,20.301528646673674,16
834173,21.614596790546134,17
834189,20.475879546893662,16
834205,20.121413845503497,16
834221,20.269947978187297,16
834238,21.60913160447055,17
834254,20.297369701092762,16
834270,20.34803364293651,16
834286,20.2862080058408,16
834303,21.610720181304053,17
834319,20.166702460267867,16
834336,21.477327818046973,17
834352,20.35423104623118,16
834368,20.295560195282455,16
834385,21.402951011240283,17
834402,21.5940791916888,17
834419,21.505223981594487,17
834436,21.49406300739047,17
834453,21.551588433324874,17
834470,21.485960656966874,17
834487,21.649882972173135,17
834503,20.426121372187403,16
834519,20.249399948608527,16
834535,20.252631489773954,16
834552,21.599539782443507,17
834569,21.3985099731416,17
834586,21.456079168166635,17
834603,21.5865868138008,17
834619,20.27290334593417,16
834635,20.163497004051774,16
834652,21.54229953895853,17
834669,21.739249538392052,17
834685,20.306556830810187,16
834701,20.451470315658806,16
834718,21.71769316675071,17
834734,20.30025866117643,16
834750,20.18935472256258,16
834766,20.216204898280168,16
834783,21.53085879403635,17
834799,20.488005543924945,16
834816,21.57148417978903,17
834833,21.637718956326996,17
834850,21.563502538697847,17
834867,21.511479599304423,17
834884,21.568592236979296,17
834901,21.753984147867435,17
834918,21.446233938766582,17
834935,21.56209353160947,17
834951,20.250328311932122,16
834968,21.564958210245596,17
834985,21.712645997796756,17
835002,21.302139413992556,17
835018,20.399179313854766,16
835034,20.472459461847603,16
835050,20.28874763699008,16
835067,21.600969831228728,17
835084,21.557285125898808,17
835100,20.35969445973078,16
835117,21.465599616447484,17
835134,21.32400014458165,17
835151,21.81559259662285,17
835168,21.54365961218214,17
835184,20.424966519134696,16
835200,20.20380212069606,16
835217,21.55126984958674,17
835233,20.28990671581555,16
835249,20.345241175224636,16
835266,21.498819614982533,17
835282,20.32670262974093,16
835299,21.642626888760045,17
835316,21.49784850119005,17
835332,20.243904677520735,16
835348,20.248866032835693,16
835364,20.364489569236873,16
835381,21.42434772800001,17
835397,20.314247600931097,16
835414,21.432226169397186,17
835430,20.26483992662826,16
835447,21.56072492211168,17
835464,21.592068300912228,17
835480,20.181858824213457,16
835497,21.53236517668223,17
835514,21.57575316328474,17
835531,21.616498936442387,17
835547,20.271131965108964,16
835564,21.651393654967887,17
835581,21.412498402763248,17
835598,21.621710337900797,17
835615,21.672462282317397,17
835632,21.589373876384993,17
835648,20.315137956382575,16
835665,21.567727910222093,17
835681,20.312982302932383,16
835698,21.609901689280793,17
835714,20.419195581947243,16
835730,20.459793382142045,16
835747,21.58171701573083,17
835764,21.607394835418827,17
835781,21.567077393774778,17
835798,21.657620617362312,17
835815,21.734750326382713,17
835832,21.698913151146705,17
835849,21.604991341514456,17
835866,21.55795061900223,17
835882,20.484094216481115,16
835898,20.392344997517792,16
835915,21.686201186693275,17
835931,20.54231743590647,16
835948,21.610939518069223,17
835964,20.22960108539548,16
835981,21.719752318004133,17
835997,20.368200344066572,16
836013,20.453087392090936,16
836029,20.47259468120092,16
836046,21.652530694079232,17
836063,21.49334753878484,17
836080,21.811812270332062,17
836097,21.601244458367166,17
836114,21.755378804892374,17
836130,20.43599416853353,16
836147,21.60483926053375,17
836164,21.52174698425289,17
836181,21.511268498652985,17
836198,21.55282371672007,17
836214,20.312670726181818,16
836230,20.31534543918424,16
836247,21.68271978907501,17
836264,21.7064051803293,17
836281,21.659515975297175,17
836298,21.484821220787865,17
836314,20.379978462193183,16
836330,20.419566231113958,16
836346,20.307998380352032,16
836363,21.55738303560172,17
836379,20.245970034834723,16
836396,21.43705771388681,17
836413,21.43014891327581,17
836429,20.370304328000458,16
836445,20.449728815101558,16
836461,20.30885277485185,16
836478,21.669127139877236,17
836495,21.466679718399217,17
836511,20.252500543171312,16
836528,21.52950715606507,17
836545,21.497030387474762,17
836561,20.333610581719704,16
836577,20.40297101298658,16
836594,21.660717746906712,17
836611,21.48366890994839,17
836628,21.674304312848342,17
836645,21.53779989806632,17
836661,20.375353799731382,16
836678,21.495271810180597,17
836694,20.266725827777933,16
836711,21.368380611914606,17
836728,21.549171917844422,17
836744,20.404918659733568,16
836760,20.339677135460512,16
836777,21.52370042719557,17
836794,21.473900275097137,17
836810,20.429162844690474,16
836827,21.373955165813836,17
836844,21.666331260606757,17
836861,21.520782215292115,17
836878,21.59009819601424,17
836895,21.523295932600412,17
836912,21.442059396822646,17
836929,21.596418709434282,17
836946,21.584401269133636,17
836963,21.655007586998714,17
836979,20.386653590860227,16
836996,21.58996831567046,17
837013,21.5943573082792,17
837030,21.56360744206367,17
837046,20.45937669850655,16
837062,20.2881290294831,16
837079,21.518162919035124,17
837095,20.481049585956256,16
837112,21.699654734618132,17
837128,20.198512498310038,16
837144,20.403518251116267,16
837160,20.314328799104953,16
837176,20.241515173954692,16
837193,21.63506439422922,17
837210,21.533395586568503,17
837227,21.544530554920154,17
837244,21.518784274906295,17
837260,20.382227722610157,16
837276,20.52887298628986,16
837292,20.47010977373474,16
837309,21.58925393230335,17
837325,20.39384625867071,16
837342,21.698119971880846,17
837358,20.43652176423248,16
837374,20.42159398153821,16
837390,20.354697463799713,16
837406,20.40366704131771,16
837422,20.36837214188635,16
837439,21.475148709353522,17
837456,21.753424083099695,17
837473,21.504949732527656,17
837489,20.362491302111838,16
837506,21.64580409404642,17
837522,20.304017612676873,16
837539,21.55014790347662,17
837556,21.748178082971414,17
837572,20.343938344613154,16
837588,20.340474558061224,16
837605,21.735553791519013,17
837622,21.51791837613503,17
837639,21.61379322511384,17
837656,21.63356765533532,17
837673,21.509613442769602,17
837690,21.877359488933227,17
837707,21.78144445365218,17
837724,21.60794802226799,17
837741,21.645489745418214,17
837758,21.595733627680715,17
837775,21.463740391989933,17
837791,20.226242069225002,16
837807,20.24250520865758,16
837824,21.58241456490188,17
837840,20.235899571237393,16
837856,20.3160280860888,16
837872,20.319256821853134,16
837889,21.61775593050504,17
837906,21.593454814896457,17
837922,20.32863805234212,16
837939,21.507804094812943,17
837956,21.76175441804149,17
837972,20.346948740473444,16
837989,21.50781883391537,17
838006,21.620416941529257,17
838022,20.29385648529507,16
838039,21.385923186090924,17
838056,21.479250575952054,17
838073,21.539563609460515,17
838090,21.445968734545474,17
838107,21.443373423840463,17
838124,21.677635099536538,17
838141,21.55879380573955,17
838158,21.614694699120264,17
838175,21.72081792328667,17
838192,21.50803655454518,17
838209,21.669066303971217,17
838225,20.367199585077977,16
838242,21.607905632097996,17
838259,21.534010068209994,17
838275,20.363402545338754,16
838291,20.279173820941182,16
838308,21.491819854222484,17
838325,21.49207382621937,17
838342,21.443369211210115,17
838359,21.600705699050206,17
838375,20.35480369559183,16
838392,21.53833523319415,17
838409,21.615679281408752,17
838426,21.50163117115902,17
838443,21.72356010404499,17
838460,21.813079913665646,17
838477,21.70058220212047,17
838494,21.717261686257384,17
838511,21.37727841222907,17
838527,20.42745228394364,16
838544,21.561301986710713,17
838561,21.680679881370992,17
838578,21.647066559577848,17
838595,21.5715498698207,17
838612,21.609372969240766,17
838629,21.49825665407755,17
838645,20.520607979914875,16
838661,20.303485763297942,16
838677,20.382567994829664,16
838693,20.27146402871941,16
838709,20.375570326886617,16
838725,20.344554495230145,16
838742,21.626950874942317,17
838759,21.401165180355115,17
838776,21.34862610488832,17
838792,20.2025592679616,16
838808,20.28807308820866,16
838824,20.346293111958808,16
838840,20.34439337402902,16
838857,21.50863072662602,17
838873,20.218299608925143,16
838889,20.180374944166456,16
838905,20.36865650715459,16
838922,21.68244209932131,17
838939,21.616713827608987,17
838956,21.687385834747264,17
838973,21.569040947937086,17
838990,21.60556126004219,17
839007,21.317342058879934,17
839023,20.26306743766004,16
839040,21.47887623266484,17
839057,21.717108348161783,17
839073,20.192549428874784,16
839090,21.603117973490182,17
839106,20.45303881145065,16
839122,20.214174950927536,16
839139,21.634412137062892,17
839156,21.483662966682743,17
839173,21.68338281319007,17
839189,20.223253105461488,16
839206,21.347287569458725,17
839223,21.64456627298935,17
839240,21.545840261335293,17
839257,21.470903682359854,17
839274,21.583932871493847,17
839291,21.649252458105522,17
839308,21.530338615738902,17
839324,20.334508740325404,16
839341,21.56905418521592,17
839358,21.465661324472695,17
839375,21.466035154547587,17
839392,21.631311663197305,17
839408,20.262851178072005,16
839425,21.444534933841144,17
839441,20.324427306667772,16
839458,21.71902293291676,17
839474,20.237629139275732,16
839491,21.530473146232012,17
839507,20.30348984946454,16
839524,21.482926565484192,17
839541,21.607529039345096,17
839558,21.510427976022825,17
839575,21.510047274800364,17
839592,21.542497438105624,17
839608,20.30245898711631,16
839624,20.28828551742839,16
839640,20.347983511299393,16
839657,21.71694039605901,17
839674,21.372797366561457,17
839691,21.513778534519457,17
839708,21.68199458297242,17
839724,20.251283494156684,16
839741,21.569732390364923,17
839757,20.278040494227938,16
839773,20.438310326358426,16
839790,21.460294348661986,17
839806,20.221782873169836,16
839823,21.612427323636783,17
839839,20.549395459672727,16
839856,21.625137571913193,17
839872,20.410543443405196,16
839889,21.546691529566285,17
839906,21.444300002683285,17
839922,20.420188516533997,16
839939,21.779340860872264,17
839955,20.433752642599163,16
839971,20.347138357777357,16
839988,21.556088636296117,17
840005,21.489505559633074,17
840021,20.426433491876686,16
840037,20.528214357399793,16
840053,20.398405110738782,16
840069,20.29148975361567,16
840086,21.541535451681543,17
840102,20.237665843565722,16
840119,21.631822657597997,17
840135,20.499449378324805,16
840151,20.392702370876815,16
840168,21.54082140372251,17
840184,20.24482562699329,16
840201,21.71020999457796,17
840217,20.35872999128543,16
840234,21.81475611865743,17
840251,21.643254718752754,17
840268,21.411856572665997,17
840284,20.235396963118426,16
840301,21.70591104420964,17
840318,21.490571629685135,17
840335,21.72145923558106,17
840352,21.484135512744892,17
840368,20.449991502009635,16
840385,21.502533300493646,17
840401,20.446766552744396,16
840417,20.306094857813964,16
840434,21.67038042043997,17
840450,20.272803120706406,16
840466,20.27847373806103,16
840483,21.39231884833683,17
840499,20.373277433858824,16
840516,21.72551743867841,17
840532,20.348326183997905,16
840549,21.64349645816711,17
840565,20.474577506920248,16
840581,20.427975243902733,16
840598,21.654079985474514,17
840614,20.261495985705775,16
840631,21.48023993466262,17
840647,20.350609143467242,16
840663,20.532482645428885,16
840679,20.431550770237084,16
840695,20.428022650484962,16
840711,20.242713330785705,16
840728,21.644801010130283,17
840744,20.39182622143415,16
840760,20.366060289682387,16
840777,21.517938746208724,17
840794,21.7797302177036,17
840810,20.328152815910933,16
840826,20.372728972585325,16
840843,21.630874449779014,17
840859,20.22717677819647,16
840876,21.650448284550407,17
840892,20.37218822880097,16
840908,20.44159543698884,16
840925,21.503653729938375,17
840942,21.582731932199668,17
840959,21.546129724290637,17
840975,20.2307855473398,16
840991,20.23231838095879,16
841008,21.59868451797001,17
841025,21.57351537191633,17
841041,20.307633086178097,16
841058,21.469398440356102,17
841075,21.612835394514278,17
841091,20.508570830809617,16
841108,21.58735145767241,17
841124,20.399916884062787,16
841141,21.653400999408063,17
841158,21.661799095028012,17
841175,21.684881635323446,17
841191,20.328406460982784,16
841208,21.449412436765645,17
841225,21.74700361489573,17
841241,20.323255961436182,16
841258,21.48084501574416,17
841275,21.528833092413496,17
841292,21.57844340742798,17
841308,20.23274051904922,16
841325,21.547611744038644,17
841342,21.597472592629416,17
841358,20.39318275510784,16
841375,21.668736855753657,17
841392,21.555624423935324,17
841409,21.609178240515885,17
841425,20.545425607598872,16
841442,21.63877103864038,17
841458,20.41333196789058,16
841474,20.260540460837973,16
841490,20.230495897050044,16
841507,21.476449301113693,17
841524,21.377893282766667,17
841540,20.308402090101854,16
841556,20.337524469051434,16
841573,21.79964361177565,17
841590,21.499811001294102,17
841607,21.462224186314227,17
841623,20.543931678008107,16
841639,20.426194999590162,16
841656,21.757722610619776,17
841673,21.315808807803442,17
841690,21.73103355915674,17
841707,21.807164575437415,17
841724,21.79764493544641,17
841740,20.38357099607538,16
841757,21.53947569841366,17
841773,20.4120019534475,16
841790,21.46001346879903,17
841806,20.272023049479177,16
841822,20.44198589472488,16
841838,20.45805940877082,16
841854,20.391777031918544,16
841871,21.59275004247378,17
841887,20.470472003265957,16
841903,20.4314729393867,16
841920,21.676336570824805,17
841937,21.526984827118017,17
841954,21.641316609615917,17
841971,21.595387583525167,17
841988,21.55708423844734,17
842005,21.574770912470996,17
842021,20.449100671855284,16
842038,21.589321848869385,17
842054,20.31059154026272,16
842070,20.516200776769928,16
842086,20.456889333848675,16
842103,21.48530127070498,17
842119,20.414732935871385,16
842136,21.437015297273128,17
842152,20.41916269758414,16
842168,20.333494270674294,16
842185,21.62394804255592,17
842201,20.34056761469379,16
842218,21.588475256892995,17
842234,20.39609916083124,16
842250,20.442776591435283,16
842267,21.708529252022977,17
842284,21.808454426686392,17
842301,21.550031993606385,17
842318,21.50880537437363,17
842334,20.477288000123178,16
842351,21.69714828979433,17
842367,20.36742881560397,16
842384,21.618837204200435,17
842400,20.321235478322013,16
842416,20.52515723568738,16
842432,20.254819054376526,16
842449,21.655532204180126,17
842465,20.257299242785002,16
842482,21.47176004903342,17
842499,21.66552714682552,17
842515,20.490830537713013,16
842531,20.360674416950967,16
842548,21.406858184691416,17
842565,21.620406334190008,17
842581,20.496785554129815,16
842597,20.34781368449632,16
842614,21.719387480764617,17
842631,21.45013872452966,17
842647,20.422899412974903,16
842663,20.48505791555572,16
842679,20.35617767708445,16
842695,20.508573673507787,16
842712,21.58966108778937,17
842729,21.620199347077673,17
842745,20.290038532563443,16
842761,20.406302965436936,16
842777,20.49006449964924,16
842794,21.572708546612677,17
842810,20.314959557075788,16
842826,20.25708698402006,16
842842,20.423290126439145,16
842858,20.206550238425848,16
842874,20.459687614217312,16
842890,20.333533135282824,16
842907,21.462668244740822,17
842923,20.33770475386286,16
842939,20.334737828726855,16
842956,21.638905291770627,17
842972,20.39752193781846,16
842988,20.34872817185942,16
843004,20.448080043425033,16
843020,20.454170971412488,16
843036,20.31675724598981,16
843053,21.814317618774055,17
843069,20.21722869680838,16
843086,21.511353160196702,17
843102,20.364835938502925,16
843118,20.460492088294323,16
843134,20.291310467066072,16
843150,20.23960984017025,16
843167,21.62940138927603,17
843183,20.552779987805103,16
843199,20.527700642720436,16
843216,21.584530435719827,17
843232,20.377961671834118,16
843248,20.40687769173629,16
843265,21.67510106276349,17
843281,20.180759779859688,16
843297,20.371426177641407,16
843313,20.471177566199202,16
843329,20.39336489889173,16
843346,21.66251541451723,17
843362,20.2314909162582,16
843379,21.65319776903754,17
843395,20.57973083239487,16
843411,20.25975518223835,16
843428,21.50299032150431,17
843444,20.402107647324755,16
843460,20.430306439983397,16
843476,20.47930259537207,16
843492,20.4062112580997,16
843508,20.33427493601492,16
843524,20.55070450525762,16
843540,20.389182130037508,16
843557,21.619964240936916,17
843574,21.319002134401615,17
843590,20.445957079960184,16
843606,20.331210489112813,16
843622,20.364447138636898,16
843639,21.465304456449072,17
843656,21.65445456110864,17
843673,21.447254049902188,17
843689,20.284647894543028,16
843706,21.314376074660714,17
843722,20.41074537603365,16
843738,20.422851301881504,16
843755,21.60712269532978,17
843772,21.62289089485579,17
843789,21.590977685210525,17
843805,20.39024000266939,16
843821,20.47201632127196,16
843837,20.312057851185134,16
843853,20.384896529932174,16
843870,21.76678270708356,17
843886,20.467168914004997,16
843902,20.37618548384048,16
843918,20.515765638308668,16
843934,20.224299402261448,16
843950,20.314135698314832,16
843966,20.51302851796718,16
843982,20.375866045498302,16
843999,21.35041451733538,17
844015,20.379517227885902,16
844032,21.560839486832368,17
844049,21.776227152488033,17
844065,20.18215016883308,16
844081,20.332593477903963,16
844098,21.614300240340256,17
844115,21.72934653034177,17
844132,21.393219855066377,17
844148,20.307901320204664,16
844164,20.565242302275358,16
844181,21.401538459147616,17
844198,21.400318064737927,17
844215,21.344124178894393,17
844232,21.670702095838067,17
844248,20.359542436001835,16
844265,21.711423749934305,17
844281,20.504332717815416,16
844297,20.36862937786798,16
844314,21.660895123095855,17
844330,20.408943500573255,16
844346,20.476490320470276,16
844363,21.4635625208373,17
844380,21.540831188684663,17
844396,20.242421434075492,16
844412,20.398744567770823,16
844429,21.536050079424136,17
844445,20.314542166744044,16
844461,20.34523927302316,16
844477,20.353881245677638,16
844494,21.776108642074735,17
844510,20.32197870211712,16
844526,20.59640825041218,16
844543,21.6049796868309,17
844559,20.222686887972326,16
844576,21.606714031897205,17
844592,20.282297355478253,16
844609,21.461337979598703,17
844625,20.334368171573352,16
844641,20.44146897873221,16
844658,21.710605687854596,17
844674,20.329445389563347,16
844690,20.326376065049445,16
844707,21.61437797740165,17
844723,20.37840700989039,16
844739,20.323391218793617,16
844755,20.5716627174014,16
844771,20.476940475633683,16
844787,20.440312662114916,16
844804,21.55034859970098,17
844820,20.37122222600076,16
844836,20.384852177664815,16
844852,20.404792608094724,16
844868,20.30581860615093,16
844885,21.508547268575708,17
844901,20.45557994008192,16
844917,20.323293254544506,16
844934,21.492429141822925,17
844951,21.586792784274355,17
844968,21.79505394433386,17
844985,21.614556071105785,17
845001,20.296153808146446,16
845017,20.345076460000907,16
845033,20.25576894482595,16
845049,20.403683578995118,16
845066,21.696060654173532,17
845083,21.5086054798274,17
845099,20.359321812789236,16
845116,21.61007531746666,17
845132,20.256668336026564,16
845149,21.432353703122764,17
845165,20.272989810817997,16
845182,21.743499622031273,17
845199,21.554963128156334,17
845215,20.268539064849634,16
845232,21.60579625048273,17
845248,20.27947209555944,16
845264,20.365345614058246,16
845280,20.30495005053754,16
845296,20.43404003019078,16
845313,21.595755761234198,17
845329,20.311157152414278,16
845346,21.715671250130253,17
845362,20.34599975426556,16
845379,21.508828986297754,17
845395,20.36244118245248,16
845411,20.34219470368492,16
845428,21.667765945296896,17
845444,20.192730897372392,16
845460,20.28410211519807,16
845477,21.603212945253258,17
845494,21.543677661743345,17
845511,21.746444792770664,17
845527,20.36612360431839,16
845543,20.30897348431232,16
845560,21.78672915920719,17
845577,21.623882516307535,17
845593,20.3560462531497,16
845610,21.613571347977548,17
845627,21.53593841493883,17
845643,20.376678161846947,16
845660,21.51604248414939,17
845677,21.53614262430869,17
845693,20.37986962100921,16
845710,21.545062671588827,17
845726,20.481101327141964,16
845742,20.345067253941657,16
845758,20.342420733691362,16
845774,20.349346084440235,16
845790,20.46788360390832,16
845806,20.308574929826314,16
845823,21.441908775601117,17
845839,20.269878992802216,16
845855,20.185931770803677,16
845871,20.19581915488207,16
845887,20.296701773759917,16
845903,20.277580453936235,16
845919,20.236389106549225,16
845936,21.51493597278939,17
845952,20.47381472764891,16
845969,21.521258683814203,17
845986,21.62002637800407,17
846002,20.27831901700236,16
846019,21.509108243861228,17
846036,21.526738990568624,17
846052,20.34444400371531,16
846068,20.35698993648204,16
846084,20.365014927699818,16
846100,20.378545425714876,16
846116,20.250972868395273,16
846132,20.404537242246054,16
846148,20.432129999512537,16
846164,20.239891098628846,16
846180,20.109395099377643,16
846197,21.57301241227572,17
846214,21.471103783504052,17
846230,20.31039470339975,16
846247,21.384446431590508,17
846264,21.437418890092776,17
846280,20.32212136385654,16
846297,21.42897572746702,17
846313,20.240289659894874,16
846329,20.334787267622396,16
846345,20.321275861018528,16
846361,20.188544551425235,16
846377,20.43855774698215,16
846393,20.291675592569757,16
846409,20.329033586433,16
846425,20.35845187727011,16
846442,21.468619706248997,17
846458,20.275284698284732,16
846474,20.303987747163163,16
846490,20.242445825579836,16
846506,20.34092207706617,16
846522,20.33979256494181,16
846539,21.67911014288856,17
846555,20.44765719692238,16
846571,20.30064509811079,16
846587,20.491106367513993,16
846603,20.400826183990738,16
846620,21.45579522249563,17
846636,20.19450866007927,16
846652,20.256783366163397,16
846668,20.390003946859025,16
846684,20.342661487755354,16
846700,20.348986474121972,16
846716,20.47416470513624,16
846732,20.25679255940199,16
846749,21.509818062260784,17
846765,20.27820699575004,16
846782,21.39319898259797,17
846799,21.616171323696513,17
846816,21.46904733406318,17
846833,21.65967421316253,17
846850,21.54773707081605,17
846866,20.208442573770625,16
846882,20.40856196548497,16
846898,20.24987766500047,16
846915,21.60442537792731,17
846932,21.51696355006952,17
846948,20.237386638705594,16
846965,21.485957357666393,17
846981,20.134950647028784,16
846997,20.31537812507333,16
847014,21.731712728574816,17
847030,20.409026567278875,16
847046,20.193686614719073,16
847063,21.4124095228211,17
847079,20.285080604513176,16
847095,20.390763639214953,16
847112,21.663065151688528,17
847128,20.427099973967643,16
847144,20.381244543382408,16
847160,20.367902662078937,16
847176,20.339313935714866,16
847192,20.389323105619138,16
847208,20.349746089694012,16
847224,20.3950982075238,16
847240,20.352951955443665,16
847256,20.404033144004476,16
847272,20.463925757121032,16
847288,20.45798074298248,16
847305,21.545506242419442,17
847321,20.39527077063546,16
847337,20.268567487329154,16
847354,21.586782659561152,17
847370,20.32548040266094,16
847386,20.431911253466023,16
847403,21.468284013141115,17
847419,20.204563818646793,16
847435,20.299300548337936,16
847451,20.36233302053649,16
847467,20.388528868717444,16
847483,20.283972425397064,16
847499,20.453161135701045,16
847515,20.37352137024486,16
847531,20.142327194637097,16
847548,21.64731953188124,17
847564,20.18736116073298,16
847581,21.52102262692902,17
847597,20.375085672187293,16
847613,20.393665238580994,16
847629,20.312204385774216,16
847646,21.50258813868617,17
847663,21.285777653660908,17
847679,20.3690542043495,16
847695,20.371894971251937,16
847711,20.328852013434187,16
847728,21.65801634463687,17
847744,20.359331678182528,16
847760,20.36536583942971,16
847776,20.273285071184024,16
847792,20.216763078687958,16
847809,21.395453012314963,17
847825,20.355725708404538,16
847842,21.598905506790874,17
847859,21.716027997675024,17
847876,21.306607620527217,17
847892,20.480269325595263,16
847909,21.46674722105513,17
847925,20.433825907508904,16
847941,20.365070239129675,16
847957,20.309121607016863,16
847973,20.073880884230146,16
847989,20.265694278699783,16
848005,20.38422218485491,16
848021,20.298696036284298,16
848037,20.19332333237153,16
848053,20.28722412541405,16
848069,20.394928879364198,16
848085,20.123484482781027,16
848102,21.421594637282833,17
848119,21.438963211329593,17
848135,20.177010158367167,16
848152,21.521910483749142,17
848168,20.266245168198534,16
848185,21.562851279238416,17
848201,20.304113871276552,16
848217,20.19902822097098,16
848233,20.176127202033054,16
848249,20.094585074926034,16
848265,20.287402086957126,16
848281,20.15998299386878,16
848298,21.286168569446467,17
848314,20.218004510706297,16
848330,20.32698919920873,16
848346,20.395257590574282,16
848362,20.282600755166975,16
848378,20.096173925602567,16
848394,20.322774609566594,16
848410,20.325396641998253,16
848426,20.213963382780186,16
848442,20.06056479529275,16
848458,20.209496640251924,16
848474,20.308155218514877,16
848490,20.22093313678883,16
848506,20.168681449487174,16
848522,20.166871238136967,16
848539,21.516301679594,17
848555,20.190005878661573,16
848572,21.35944515733432,17
848589,21.38460864269999,17
848605,20.255887410846274,16
848622,21.551651888520585,17
848638,20.105841247053963,16
848654,20.27890918316003,16
848670,20.266585520760497,16
848687,21.328312101664476,17
848703,20.267452151054876,16
848719,20.276510529315736,16
848735,20.20237334508341,16
848751,20.22103436395635,16
848767,20.338764462262272,16
848783,20.308036137195483,16
848799,20.242958982728016,16
848815,20.13068266218644,16
848831,20.14379669798572,16
848848,21.2545570563056,17
848864,20.21252659096347,16
848881,21.527633474139904,17
848897,20.214889809601633,16
848913,20.2879349895681,16
848930,21.548061209078348,17
848947,21.49506045012133,17
848963,20.439318884267482,16
848979,20.283993596800325,16
848996,21.650705468093513,17
849013,21.57118970901411,17
849029,20.2894842455916,16
849045,20.397026111833593,16
849062,21.42927699822525,17
849078,20.235750428383813,16
849094,20.30279942997166,16
849110,20.24145844485602,16
849126,20.33409146226175,16
849142,20.317581151174878,16
849158,20.296834479216198,16
849175,21.559741494654453,17
849191,20.280842048943803,16
849207,20.331576902770163,16
849223,20.310147068615173,16
849239,20.438014606373955,16
849255,20.148850056132087,16
849271,20.269328510024387,16
849287,20.047009349426553,16
849304,21.556982003957522,17
849320,20.283556042923678,16
849336,20.124387773311355,16
849352,20.377944047702954,16
849368,20.375151457390082,16
849385,21.43184775978219,17
849401,20.388244060700593,16
849417,20.27276983845292,16
849434,21.577222702628426,17
849450,20.242130076114357,16
849467,21.546861936376633,17
849484,21.58057553510623,17
849500,20.17373331038806,16
849517,21.517320818323054,17
849533,20.24362218777395,16
849549,20.271903110714504,16
849565,20.41317897496137,16
849581,20.272050682714788,16
849597,20.228827856411492,16
849614,21.453585383480853,17
849630,20.211752708851723,16
849647,21.504610335983582,17
849664,21.440145703690426,17
849680,20.303403480442856,16
849696,20.256080284166064,16
849712,20.37253840979955,16
849728,20.277140925817967,16
849745,21.585821701922182,17
849761,20.296713265347066,16
849778,21.512689372311772,17
849795,21.415570002442944,17
849811,20.315634843045103,16
849827,20.194617561228398,16
849843,20.253498186620952,16
849859,20.336266680743204,16
849875,20.301012570053963,16
849892,21.409664613236906,17
849908,20.169109972475393,16
849924,20.297751496401975,16
849941,21.53073300836949,17
849958,21.55899802468091,17
849974,20.532478637222514,16
849990,20.32245409292467,16
850006,20.165273481220325,16
850022,20.200894189610505,16
850038,20.418937063322552,16
850054,20.305223352867277,16
850071,21.51022492961471,17
850087,20.285367094114427,16
850103,20.525672247998926,16
850119,20.33484528693004,16
850135,20.200544501260207,16
850151,20.154664089294165,16
850167,20.364241974087772,16
850183,20.354643186778016,16
850199,20.249644980971546,16
850215,20.425419625543984,16
850231,20.24975708358775,16
850247,20.25097370232987,16
850263,20.365824577585922,16
850279,20.37009548849499,16
850296,21.56022456564028,17
850313,21.507819942065765,17
850330,21.422452903181682,17
850346,20.153150439104913,16
850362,20.34630219694889,16
850378,20.472089543438567,16
850395,21.63810356820198,17
850411,20.197559278424293,16
850427,20.453456622470135,16
850443,20.345295111064353,16
850459,20.269090716624582,16
850475,20.178375306002092,16
850491,20.417208125808603,16
850507,20.263992215671816,16
850523,20.342346872104876,16
850540,21.74255023261945,17
850556,20.37347003014865,16
850572,20.222998137602126,16
850589,21.487351385195847,17
850605,20.49266713767265,16
850622,21.550113773883528,17
850638,20.19443963258118,16
850654,20.337606520742582,16
850671,21.413655988885626,17
850688,21.509028442782878,17
850704,20.337725733324657,16
850720,20.426312975701972,16
850736,20.3079327631551,16
850752,20.304469064210572,16
850768,20.40117426538678,16
850784,20.466417981798656,16
850800,20.340302478715024,16
850816,20.2649645298825,16
850833,21.47986199764266,17
850849,20.411897214521815,16
850865,20.19736713266484,16
850881,20.32073550323298,16
850897,20.258277984070386,16
850914,21.56892025677776,17
850930,20.304143475674888,16
850946,20.22075368838437,16
850962,20.30598101584032,16
850978,20.363429534327523,16
850994,20.13819298046493,16
851010,20.4212753625659,16
851026,20.370002623231265,16
851043,21.33013977532307,17
851060,21.47325487750669,17
851076,20.44720435549975,16
851092,20.26300092354787,16
851108,20.251449885807567,16
851124,20.317663335730444,16
851140,20.365223872035653,16
851157,21.43618063177834,17
851173,20.383282240054005,16
851189,20.45219283104152,16
851205,20.32355807549541,16
851221,20.37881299939894,16
851237,20.287683664604433,16
851253,20.198801098538105,16
851269,20.094229591799248,16
851285,20.26409212664881,16
851302,21.48418885551368,17
851318,20.272670445703827,16
851334,20.246348039033567,16
851351,21.626378521011947,17
851367,20.34593510114787,16
851383,20.38792906603066,16
851399,20.32461465770702,16
851416,21.506274849323848,17
851432,20.32281083093332,16
851449,21.464368360971644,17
851465,20.431076564596736,16
851482,21.584712649721848,17
851498,20.41709903959716,16
851514,20.2296430206219,16
851531,21.405588547999418,17
851547,20.23308072450413,16
851563,20.26029026870782,16
851580,21.69514363261306,17
851596,20.403607369726657,16
851612,20.37081541613721,16
851628,20.263351358658745,16
851644,20.39267997388391,16
851660,20.298182170639105,16
851676,20.345214631042023,16
851692,20.301665121011208,16
851709,21.529404002518454,17
851725,20.27420046473952,16
851742,21.531470226062375,17
851758,20.367777615007967,16
851774,20.1996758100028,16
851790,20.296952566590402,16
851806,20.120698499954898,16
851822,20.346210105717375,16
851838,20.223313309285686,16
851855,21.378561889447216,17
851872,21.610305486728656,17
851888,20.332696630375214,16
851904,20.241694273234014,16
851920,20.283767797086057,16
851936,20.357612002056914,16
851952,20.391722080834224,16
851968,20.09635392391699,16
851984,20.15286686855979,16
852001,21.575057290213785,17
852017,20.277630563926625,16
852033,20.14945785342913,16
852050,21.451258842893118,17
852066,20.423671717018312,16
852082,20.12896100416571,16
852098,20.19576899005741,16
852115,21.425572441801062,17
852131,20.29546341112169,16
852147,20.236561183791455,16
852163,20.320941566742853,16
852180,21.551051550138634,17
852196,20.119563063754814,16
852213,21.3558449913244,17
852229,20.167294299510342,16
852245,20.48045422860958,16
852261,20.170858503927114,16
852277,20.22326862895169,16
852294,21.39304978893206,17
852310,20.394917549564692,16
852326,20.316854835868106,16
852343,21.58702670861303,17
852360,21.212929739935586,17
852376,20.277859018805668,16
852393,21.491790578223423,17
852409,20.26135111283801,16
852426,21.343329822657836,17
852442,20.203936098119314,16
852458,20.29082871833162,16
852474,20.232350695225634,16
852490,20.2032281530077,16
852506,20.359312331768127,16
852523,21.302752209490674,17
852540,21.55635203479047,17
852557,21.584744731220173,17
852573,20.130609544369015,16
852589,20.269786205588595,16
852605,20.23172274894693,16
852621,20.18287448651361,16
852637,20.106103079966022,16
852653,20.314892426495494,16
852670,21.418061557958826,17
852686,20.00232488478845,16
852702,20.14503522464792,16
852718,20.350080918514802,16
852734,20.202199278745194,16
852750,20.090644136522677,16
852766,20.270302449662356,16
852782,20.270887398455322,16
852798,20.094434324173218,16
852815,21.358118850960892,17
852832,21.433847823189662,17
852848,20.328369170855005,16
852864,20.02009349790819,16
852880,20.16266340465013,16
852896,20.353607074127012,16
852912,20.16180808369521,16
852928,20.150238002409832,16
852944,20.147480656278553,16
852961,21.40335170742089,17
852977,20.441626787892677,16
852993,20.359444082733166,16
853009,20.25983184263972,16
853025,20.27661782360071,16
853042,21.303216816817873,17
853058,20.401197507539884,16
853075,21.409194647813386,17
853091,20.332061132111875,16
853107,20.15685631738601,16
853123,20.290758571226167,16
853139,20.126201608776725,16
853155,20.21261429180611,16
853171,20.08916704618979,16
853188,21.412566262539038,17
853205,21.421804626350163,17
853221,20.26179069588674,16
853237,20.217203220310285,16
853253,20.14919583105954,16
853269,20.123355917023844,16
853286,21.68056728255135,17
853302,20.244782315965576,16
853318,20.19502700931477,16
853334,20.081305023909366,16
853350,20.28066562310589,16
853366,20.278270584285092,16
853382,20.21522896121156,16
853398,20.266407802283634,16
853414,20.26195717730805,16
853430,20.479160595592404,16
853446,20.19172293256502,16
853462,20.204535407998637,16
853478,20.214747629723092,16
853495,21.532194542676606,17
853511,20.262311062426317,16
853528,21.21960264282796,17
853544,20.305527183988804,16
853560,20.26792785867012,16
853576,20.294253719218787,16
853593,21.577209525678555,17
853609,20.2936017840368,16
853625,20.15424612223051,16
853641,20.269189315989713,16
853658,21.44556179410018,17
853674,20.314341800180532,16
853690,20.281273947478876,16
853706,20.36294738998056,16
853722,20.123987011271154,16
853738,20.36668034337258,16
853754,20.250281100492582,16
853770,20.258463192714217,16
853787,21.531040907775726,17
853803,20.232274001046417,16
853820,21.5298671054276,17
853837,21.466351555908332,17
853853,20.375141853364166,16
853869,20.06783628065172,16
853886,21.562528054433866,17
853902,20.264402938608438,16
853918,20.398390579562125,16
853934,20.276901062386717,16
853950,20.20230756607637,16
853966,20.373626335694006,16
853983,21.2577388155938,17
853999,20.19423879682807,16
854015,20.10610291945349,16
854031,20.483019561544165,16
854047,20.1318992420997,16
854064,21.52783265630246,17
854080,20.23495727572806,16
854096,20.30576020935259,16
854112,20.380195015520805,16
854128,20.279988567297824,16
854145,21.41357036036778,17
854161,20.258043290588127,16
854177,20.300139445114397,16
854193,20.39620032719084,16
854209,20.27292753108019,16
854225,20.37760397299696,16
854241,20.350541429448757,16
854257,20.217531408331038,16
854273,20.236357670224606,16
854289,20.275689304448356,16
854305,20.379163363461196,16
854321,20.37267028382576,16
854337,20.26385266011763,16
854353,20.169565507947674,16
854369,20.475822997398673,16
854385,20.27083784160379,16
854401,20.326942449052225,16
854417,20.20642839949738,16
854433,20.317704895894057,16
854449,20.29801511852191,16
854465,20.105813376539544,16
854481,20.26678844144007,16
854497,20.224645269945842,16
854513,20.343050607788655,16
854529,20.297020925496287,16
854545,20.35783289704085,16
854561,20.275802294757796,16
854578,21.732399257492574,17
854594,20.329124165128643,16
854611,21.42279707722013,17
854628,21.60675675851876,17
854645,21.692106929908388,17
854661,20.301090743133813,16
854677,20.298507366802333,16
854693,20.203811030507925,16
854709,20.321581814410976,16
854725,20.165080574848353,16
854741,20.489299780152592,16
854757,20.33555748680462,16
854773,20.281791903569317,16
854789,20.46375726084983,16
854805,20.210379893443132,16
854822,21.40659132291595,17
854838,20.198526292270852,16
854854,20.299517847691646,16
854870,20.16078532266072,16
854886,20.142310263642766,16
854902,20.33520342799398,16
854918,20.43845130300459,16
854934,20.438097773132682,16
854950,20.272565779350785,16
854966,20.41377510865651,16
854982,20.299836508922073,16
854998,20.235660284075223,16
855014,20.308542861590393,16
855030,20.293748680930538,16
855046,20.43923481873399,16
855062,20.33849658422743,16
855078,20.138001634899492,16
855094,20.16872431121744,16
855110,20.17940209424668,16
855126,20.280573430691714,16
855142,20.27868373359295,16
855159,21.661173562322375,17
855175,20.29855341913914,16
855191,20.369029517367707,16
855207,20.042815869908754,16
855223,20.433547457828578,16
855239,20.21638015000627,16
855255,20.24743718887236,16
855271,20.428320332682826,16
855287,20.431573019162663,16
855303,20.29006823714649,16
855319,20.253265782509654,16
855335,20.206697859813456,16
855351,20.2866191332736,16
855367,20.287535912060346,16
855383,20.268128694965437,16
855400,21.453900973714187,17
855416,20.198837729202474,16
855432,20.247233119915705,16
855448,20.3525003512703,16
855464,20.225682850508615,16
855480,20.349879801123645,16
855496,20.395722941013023,16
855512,20.141264883969043,16
855528,20.335367162071154,16
855545,21.436334198643554,17
855561,20.318487626935912,16
855577,20.2149589411188,16
855593,20.174698861631345,16
855609,20.31659249523518,16
855625,20.281289535483353,16
855641,20.250595008518378,16
855657,20.20280080529649,16
855673,20.26591637923076,16
855689,20.46957528589186,16
855705,20.169125941738493,16
855721,20.206377623219833,16
855737,20.123968119551915,16
855753,20.411217053027492,16
855769,20.36882806837403,16
855785,20.308019499176222,16
855801,20.37382745651528,16
855817,20.285370021143944,16
855833,20.262928736926064,16
855849,20.247994148066763,16
855865,20.167594703092647,16
855881,20.287482717772278,16
855897,20.29666327755818,16
855913,20.169955194869278,16
855929,19.989906277432976,16
855945,20.376387597580198,16
855961,20.29506095630845,16
855977,20.34776234230222,16
855993,20.377552800592422,16
856009,20.396146451539664,16
856025,20.354904725675237,16
856042,21.448887540505762,17
856058,20.23971526260971,16
856074,20.1915505251232,16
856090,20.317086432420005,16
856106,20.37415759028896,16
856122,20.090630851124846,16
856138,20.18013894666774,16
856154,20.253826301787768,16
856170,20.245244722610078,16
856186,20.21258898095132,16
856202,20.254907635018736,16
856218,20.210316596287388,16
856234,20.173821410086894,16
856250,20.229204110558157,16
856266,20.346038027993483,16
856282,20.116528042759487,16
856298,20.403542927726228,16
856314,20.058525266335987,16
856330,20.2709917206176,16
856346,20.38878164664129,16
856362,20.357055115578195,16
856378,20.23945191555579,16
856394,20.066940429620214,16
856410,20.135995086796843,16
856426,20.205221639195074,16
856442,20.225267146148628,16
856458,20.481261776634916,16
856474,20.35798715084707,16
856490,20.34742049492772,16
856506,20.254088452738987,16
856522,20.265538571844946,16
856538,20.220270133669143,16
856554,20.219445643383658,16
856570,20.170625430531334,16
856586,20.232273522951786,16
856602,20.291584997843113,16
856618,20.37865192751113,16
856634,20.254759211154187,16
856650,20.23401069350002,16
856666,20.246381881980742,16
856682,20.18775070604479,16
856698,20.332546914675824,16
856714,20.274774507511793,16
856730,20.08400218091538,16
856746,20.23589062976835,16
856762,20.317995081099244,16
856779,21.589803985943053,17
856795,20.27095085797271,16
856811,20.363763452936308,16
856827,20.331155699753573,16
856843,20.237340735382617,16
856859,20.362216028632783,16
856875,20.251982945405157,16
856891,20.303205965868962,16
856907,20.28738037075322,16
856924,21.374529098615575,17
856940,20.383596077585864,16
856956,20.34214228085138,16
856972,20.28819569562828,16
856988,20.30670728328691,16
857004,20.228430321516573,16
857020,20.327554497305933,16
857036,20.22941148471538,16
857052,20.33334729424378,16
857068,20.219957624631693,16
857084,20.199570886292236,16
857101,21.477265921342674,17
857117,20.22398897911804,16
857133,20.36261896747217,16
857149,20.513350713442517,16
857165,20.23841043085524,16
857181,20.39110778747665,16
857197,20.13510445581926,16
857213,20.37618243530448,16
857229,20.22719167472702,16
857245,20.225446935300813,16
857261,20.28326194312637,16
857277,20.150695086299578,16
857293,20.29472162427396,16
857309,20.140893349684262,16
857325,20.203798140493866,16
857341,20.263332378954377,16
857357,20.30061143508012,16
857373,20.304313584403026,16
857389,20.35156496997816,16
857405,20.161177375079813,16
857421,20.317911738411212,16
857437,20.2819804876305,16
857453,20.24791574156996,16
857469,20.070966375112434,16
857486,21.490805096862537,17
857502,20.24796314479721,16
857518,20.072594209522922,16
857535,21.478773215666877,17
857551,20.25858313736736,16
857567,20.33169431574166,16
857583,20.255322378951398,16
857599,20.344487867856227,16
857615,20.162080653548273,16
857631,20.24096131907613,16
857647,20.326722826524794,16
857663,20.26297787674408,16
857679,20.27534374266434,16
857695,20.409670245427577,16
857711,20.13942202744907,16
857727,20.148668848927013,16
857744,21.640480531487555,17
857760,20.35119875920668,16
857776,20.219041041132634,16
857792,20.127673508566307,16
857808,20.216069333268013,16
857824,20.282513200759084,16
857840,20.282877365520157,16
857856,20.295118676826615,16
857872,20.243492881391106,16
857888,20.301235491678966,16
857904,20.192075309878366,16
857920,20.111022920692736,16
857936,20.295053825949488,16
857952,20.344248739918285,16
857968,20.32619508972517,16
857984,20.408451652380386,16
858000,20.260828688414183,16
858016,20.32055470118104,16
858032,20.253276256328306,16
858048,20.201569671037717,16
858064,20.377577487350777,16
858080,20.27855542254316,16
858096,20.14143959216688,16
858112,20.082271735162927,16
858128,20.438556223971364,16
858144,20.29919329502309,16
858160,20.30266025716556,16
858176,20.293123216608937,16
858192,20.351621670765937,16
858208,20.39948347616598,16
858224,20.42783614271111,16
858240,20.383440022793316,16
858256,20.269773811487518,16
858272,20.541970595717938,16
858288,20.400357167343696,16
858304,20.51255353754951,16
858320,20.504448396466817,16
858336,20.46848321426649,16
858352,20.500523274081015,16
858368,20.38393490671663,16
858385,21.431522909521558,17
858401,20.345469366032336,16
858417,20.22400624482477,16
858433,20.544093255119627,16
858449,20.352047724783397,16
858465,20.277650044356136,16
858481,20.168842454633932,16
858497,20.23569606584786,16
858513,20.33076120766292,16
858529,20.410631585543047,16
858545,20.508157088229343,16
858561,20.443808551778904,16
858577,20.425901426230563,16
858593,20.42962468042307,16
858609,20.482131374975367,16
858625,20.538771189568585,16
858642,21.752772778960924,17
858658,20.40765843239801,16
858674,20.421989715106445,16
858691,21.81684290188941,17
858707,20.340742354196923,16
858723,20.360254930472287,16
858739,20.49867818282627,16
858755,20.489808093896144,16
858771,20.382435673235413,16
858787,20.356179049221225,16
858803,20.568610178098904,16
858819,20.512432590859937,16
858835,20.39522137625051,16
858851,20.528761763190495,16
858867,20.420381965314373,16
858883,20.310311697528594,16
858899,20.440707850318443,16
858915,20.25319963464365,16
858931,20.378745294668356,16
858947,20.521314217642534,16
858963,20.444575479006915,16
858979,20.583412301697123,16
858995,20.397061884480703,16
859011,20.460467140897407,16
859027,20.282183832990466,16
859043,20.456539186119986,16
859059,20.37598976123812,16
859075,20.364492861240077,16
859091,20.36818845014664,16
859107,20.41474624922101,16
859123,20.329338712908356,16
859139,20.46248126754613,16
859156,21.66306499220458,17
859172,20.42034241514827,16
859188,20.524595748207606,16
859204,20.43616950053972,16
859220,20.329737238345025,16
859237,21.776373914615768,17
859253,20.444348685204524,16
859269,20.530858269637395,16
859285,20.314416162268785,16
859301,20.309449891304958,16
859317,20.54044526834044,16
859334,21.624150462894043,17
859350,20.494446681976886,16
859366,20.40036558760035,16
859382,20.41152267636149,16
859398,20.343707408914057,16
859414,20.567255268622198,16
859430,20.412062694758614,16
859446,20.503093525804523,16
859462,20.436802278114122,16
859478,20.330267354943132,16
859494,20.43125018725347,16
859510,20.457743208346365,16
859526,20.405968529940537,16
859542,20.35524797187221,16
859558,20.365482087407866,16
859574,20.42011750233777,16
859590,20.474315160104258,16
859606,20.403306618364432,16
859622,20.35959788833277,16
859638,20.397363791971806,16
859654,20.415044948534863,16
859670,20.547560941645546,16
859686,20.492562053577384,16
859702,20.338203472258986,16
859718,20.391328541805404,16
859734,20.37470738169338,16
859750,20.33327104230603,16
859766,20.333230718684035,16
859782,20.399839461170863,16
859798,20.302678052266845,16
859814,20.332468631162172,16
859830,20.561716925095805,16
859846,20.594632020485793,16
859862,20.25016489047289,16
859878,20.41665569818967,16
859894,20.21292742763432,16
859911,21.611245965084546,17
859927,20.469161352468973,16
859943,20.47449258145063,16
859959,20.482259822987007,16
859975,20.559948121572702,16
859991,20.366119686741246,16
860007,20.359294891409164,16
860023,20.609745307100688,16
860039,20.460905690113457,16
860055,20.442167207815608,16
860071,20.1500091658875,16
860087,20.50585041504721,16
860103,20.369302161890257,16
860119,20.43605184113696,16
860135,20.38892109831176,16
860151,20.26254299404208,16
860167,20.59394191354963,16
860183,20.46011448645088,16
860199,20.354241300884198,16
860215,20.418265189052217,16
860231,20.614869467690202,16
860247,20.477210404957948,16
860263,20.374294154287988,16
860279,20.45273566738389,16
860295,20.316968993786187,16
860311,20.324624184298017,16
860327,20.56741198396483,16
860343,20.487941749998825,16
860359,20.32190837853091,16
860375,20.453729724686887,16
860391,20.49349861419324,16
860407,20.613006440003765,16
860423,20.4547416541775,16
860439,20.406657140010154,16
860455,20.49250883315711,16
860471,20.530597927484678,16
860487,20.412217234208942,16
860503,20.609400592977728,16
860520,21.913719804384883,17
860536,20.376713492449667,16
860552,20.440557435333513,16
860568,20.336755645122107,16
860584,20.456427327233303,16
860600,20.332132636618837,16
860616,20.436089850873874,16
860632,20.418836068331768,16
860648,20.315199005037112,16
860664,20.33324685922831,16
860680,20.520314339894192,16
860696,20.32389355045452,16
860712,20.529994016933927,16
860728,20.558311022541073,16
860744,20.362351294747004,16
860760,20.629462057654074,16
860776,20.25353554365921,16
860792,20.443585673695686,16
860808,20.411434731438284,16
860824,20.323162844439747,16
860840,20.49660108684784,16
860856,20.349808412150978,16
860872,20.563589052787542,16
860888,20.52891795175387,16
860905,21.721299521453837,17
860921,20.38239748236343,16
860937,20.538365072322037,16
860953,20.495518702843892,16
860969,20.486795397038104,16
860985,20.369114356111382,16
861001,20.528565338561933,16
861017,20.477670895433313,16
861033,20.42246865379631,16
861049,20.415300337253015,16
861065,20.4234723239457,16
861081,20.37919470118949,16
861097,20.545904529666483,16
861113,20.333905953563857,16
861129,20.40286482235692,16
861145,20.329448922919124,16
861161,20.554989047092135,16
861177,20.375208825368205,16
861193,20.345485465758056,16
861209,20.64125395218326,16
861225,20.505939900755113,16
861241,20.46428207825454,16
861257,20.509908665530638,16
861273,20.426180007092583,16
861289,20.57663540837428,16
861305,20.48199991948894,16
861321,20.460639368611396,16
861337,20.507678804508235,16
861354,21.707408221463947,17
861370,20.54799917270686,16
861386,20.411864788204827,16
861402,20.3915981780531,16
861418,20.623097402908293,16
861434,20.532071885326044,16
861450,20.47139894902796,16
861466,20.57753181472224,16
861482,20.554697313675828,16
861498,20.442633772427993,16
861514,20.526598659080904,16
861530,20.413121070335432,16
861546,20.613472467116964,16
861562,20.45466223864092,16
861578,20.316001221684083,16
861594,20.471294301802157,16
861610,20.389159893508573,16
861626,20.608554683730002,16
861642,20.17184944938887,16
861658,20.48767582010953,16
861674,20.40138828849758,16
861690,20.529158310439353,16
861706,20.31379610457065,16
861722,20.408212559654306,16
861738,20.448976965580048,16
861754,20.585391315200436,16
861771,21.773801339274655,17
861787,20.51616172266729,16
861803,20.503147770497282,16
861819,20.21895588449019,16
861835,20.39711546031507,16
861851,20.478424674544865,16
861867,20.389777180050498,16
861883,20.505733099100656,16
861899,20.470796031702264,16
861915,20.534207480037548,16
861931,20.438578940914464,16
861947,20.55032676022316,16
861963,20.428814229622294,16
861979,20.566845657149635,16
861995,20.35150648686318,16
862011,20.46468172712818,16
862027,20.4701973038144,16
862044,21.74737751628696,17
862060,20.291973281973366,16
862076,20.3910538911457,16
862092,20.572370113372976,16
862108,20.437756638170693,16
862124,20.39502148776529,16
862140,20.362769766457703,16
862156,20.30307354270078,16
862172,20.54241011521915,16
862188,20.54056384860013,16
862204,20.35046282408615,16
862220,20.450603582149526,16
862236,20.28696377475935,16
862252,20.282584903386848,16
862268,20.528426943457887,16
862284,20.543682550567432,16
862300,20.486380189484905,16
862316,20.23137436722271,16
862332,20.410925631101012,16
862348,20.490864246841678,16
862364,20.32990342095094,16
862380,20.579279806286387,16
862396,20.425935089418164,16
862412,20.458137042749424,16
862428,20.489687378956997,16
862444,20.421212950202868,16
862460,20.4446862473364,16
862476,20.396676774813223,16
862492,20.554904820056166,16
862508,20.537250270583147,16
862524,20.353029913017995,16
862540,20.34716089222856,16
862556,20.53980520431142,16
862572,20.479306824309344,16
862588,20.451713172764464,16
862604,20.404777748309037,16
862620,20.50824844382096,16
862636,20.394674993572064,16
862652,20.376849103448006,16
862668,20.47305398201554,16
862684,20.39495490979464,16
862700,20.49668811800097,16
862716,20.55642356923268,16
862732,20.47788177962567,16
862748,20.507244063474094,16
862764,20.370570465888857,16
862780,20.409600801183124,16
862796,20.589219006670152,16
862812,20.54852048638858,16
862828,20.602855705964302,16
862844,20.37599975842822,16
862860,20.405355952517333,16
862876,20.453373412494983,16
862892,20.37988774661636,16
862908,20.30752763604337,16
862924,20.50124248019384,16
862940,20.41126806500508,16
862956,20.43459010504839,16
862972,20.46078760315249,16
862988,20.4310932565013,16
863005,21.778769576709873,17
863021,20.389104232737278,16
863037,20.53608043051809,16
863053,20.59888626539367,16
863069,20.51046124210234,16
863085,20.337376476127076,16
863101,20.436966535610903,16
863117,20.349949253901382,16
863133,20.429429478743483,16
863149,20.545359342114992,16
863165,20.35623602646084,16
863181,20.453626418360432,16
863197,20.39115219370531,16
863213,20.463401974174694,16
863229,20.449362528113358,16
863245,20.549351617539166,16
863261,20.61205863364355,16
863277,20.293621428081426,16
863293,20.396304591003624,16
863309,20.553576365108345,16
863325,20.460677671224055,16
863341,20.448004788226022,16
863357,20.442627757988504,16
863373,20.454722496532703,16
863389,20.344368227818038,16
863405,20.352962203104937,16
863421,20.418571316338205,16
863437,20.370855934281163,16
863453,20.262127896235405,16
863469,20.53892299328479,16
863485,20.36828503561158,16
863501,20.430444643284428,16
863517,20.47280271991309,16
863533,20.383120855907183,16
863549,20.374443718333442,16
863565,20.34438378446495,16
863581,20.492390632901323,16
863597,20.56020062157959,16
863613,20.32259761354268,16
863629,20.454428507436074,16
863645,20.4321065031324,16
863661,20.466737557956485,16
863677,20.370238730590696,16
863693,20.447961066389976,16
863709,20.34805472114952,16
863725,20.475113948758576,16
863741,20.38700191020409,16
863757,20.330306555121812,16
863773,20.32282634535887,16
863789,20.31642003127075,16
863805,20.42841993424301,16
863821,20.502278938894484,16
863837,20.46955059898177,16
863853,20.425927704097464,16
863869,20.490048323513047,16
863885,20.3933555663035,16
863901,20.426679983956085,16
863917,20.392682258131448,16
863933,20.588542009462312,16
863949,20.482873109740503,16
863965,20.411058206082114,16
863981,20.214201630893083,16
863997,20.520807822026736,16
864013,20.402600980715416,16
864029,20.54767206560742,16
864045,20.406909960869232,16
864061,20.520547571780135,16
864077,20.55266264588732,16
864093,20.435337124860066,16
864109,20.535602073272763,16
864125,20.52718060320268,16
864141,20.524587643578347,16
864157,20.467191488553414,16
864173,20.406345284687152,16
864189,20.46627693393277,16
864205,20.509870877780493,16
864221,20.38758387072042,16
864237,20.257368868380684,16
864253,20.282521820152514,16
864269,20.21425488018331,16
864285,20.440331842754134,16
864301,20.36608355063894,16
864317,20.368291627346295,16
864333,20.568452642422216,16
864349,20.482956225049133,16
864365,20.512803052163232,16
864381,20.322070604780308,16
864397,20.43155517470507,16
864413,20.46661635742589,16
864429,20.47815696925514,16
864445,20.49792540448531,16
864461,20.365392459824754,16
864477,20.283586615720015,16
864493,20.26524732954293,16
864509,20.391793137978606,16
864525,20.314284005642474,16
864541,20.36539108439035,16
864557,20.428488561422764,16
864573,20.410761796767098,16
864589,20.431199783396735,16
864605,20.460213028907482,16
864621,20.496095830425283,16
864637,20.24202502481797,16
864653,20.51277573165088,16
864669,20.495918609228813,16
864685,20.32762686398346,16
864701,20.436119039304373,16
864717,20.300921917726342,16
864733,20.41605660789987,16
864749,20.51152036591867,16
864765,20.482245460666174,16
864781,20.32005312903855,16
864797,20.52011788175893,16
864813,20.366602958465133,16
864829,20.38093328536033,16
864845,20.45660753857972,16
864861,20.492097413589857,16
864877,20.50679022499309,16
864893,20.368379986069534,16
864909,20.332662706191815,16
864925,20.454029083919682,16
864941,20.244692432608076,16
864957,20.224057852256248,16
864973,20.444781322160335,16
864989,20.521953337297774,16
865005,20.388255490786182,16
865021,20.395266470003747,16
865037,20.40723691629199,16
865053,20.428577469719716,16
865069,20.244373305465306,16
865085,20.308021530045913,16
865101,20.34979836830601,16
865117,20.32177704857258,16
865133,20.404004597740617,16
865149,20.278293869010916,16
865165,20.31539677197393,16
865181,20.194167273117337,16
865197,20.299331513364628,16
865213,20.448744693313607,16
865229,20.210590316302472,16
865245,20.404281920033142,16
865261,20.464443453174855,16
865277,20.441789653667364,16
865293,20.495383634771084,16
865309,20.456144922577465,16
865325,20.402096105610262,16
865341,20.280933240733237,16
865357,20.46457090480571,16
865373,20.543514537112053,16
865389,20.450332753414536,16
865405,20.44611781497982,16
865421,20.333229505076574,16
865437,20.265790305124433,16
865453,20.49937532354914,16
865469,20.35707986074665,16
865485,20.394303270965814,16
865501,20.279229683151396,16
865517,20.468145066811896,16
865533,20.371075320254988,16
865549,20.35821661754493,16
865565,20.498679171448103,16
865581,20.243015408338533,16
865597,20.352352573110917,16
865613,20.393999897742535,16
865629,20.3478084226148,16
865645,20.42626313891045,16
865661,20.245986497712234,16
865677,20.23409294238359,16
865693,20.467237505519837,16
865709,20.344060769707564,16
865725,20.46525669291435,16
865741,20.255227151876355,16
865757,20.374459894283536,16
865773,20.38701093570472,16
865789,20.43926450129753,16
865805,20.31666447069849,16
865821,20.3181900988316,16
865837,20.411415131175048,16
865853,20.517013111605984,16
865869,20.36375652048904,16
865885,20.4469751568432,16
865901,20.418405365896014,16
865917,20.45913122966954,16
865933,20.464470997338342,16
865949,20.32140252663104,16
865965,20.22105163948573,16
865981,20.522910377888508,16
865997,20.45514099708558,16
866013,20.414315451126207,16
866029,20.492962730801995,16
866045,20.51501291027074,16
866061,20.36945712152839,16
866077,20.40197106941861,16
866093,20.32144119799276,16
866109,20.44877202186331,16
866125,20.362476636540038,16
866141,20.374683171961085,16
866157,20.426311333285536,16
866173,20.417937336153106,16
866189,20.372307305404185,16
866205,20.26866561142976,16
866221,20.21091206083072,16
866237,20.432620989247308,16
866253,20.250251238239592,16
866269,20.44707245570643,16
866285,20.312623906547913,16
866301,20.454902376037424,16
866317,20.438364776933593,16
866333,20.224380689128456,16
866349,20.181080300038168,16
866365,20.34481067460922,16
866381,20.219059699017468,16
866397,20.43542105642969,16
866413,20.330629914056313,16
866429,20.349548199784344,16
866445,20.458506270007483,16
866461,20.357307806192317,16
866477,20.289430936559146,16
866493,20.28084874353669,16
866509,20.279827389603504,16
866525,20.471577526203724,16
866541,20.30767008611388,16
866557,20.40438531492862,16
866573,20.316665885888995,16
866589,20.431665647753245,16
866605,20.441563088419826,16
866621,20.56215034324462,16
866637,20.32452605811721,16
866653,20.46842611235165,16
866669,20.28474662476734,16
866685,20.552319634362917,16
866701,20.568698503300553,16
866717,20.334143174497708,16
866733,20.48527820610218,16
866749,20.4499621157575,16
866765,20.404613310486113,16
866781,20.50902136585459,16
866797,20.486465567092942,16
866813,20.430300032462494,16
866829,20.48243871689058,16
866845,20.307709030309137,16
866861,20.451916255749584,16
866877,20.19260320657628,16
866893,20.39767058851429,16
866909,20.477316491167574,16
866925,20.468167320367865,16
866941,20.310179330730005,16
866957,20.310625800977686,16
866973,20.465242520254055,16
866989,20.485630717876536,16
867005,20.44663975559004,16
867021,20.281096509682158,16
867037,20.54508003888959,16
867053,20.44037991481524,16
867069,20.358729212292804,16
867085,20.336324467480864,16
867101,20.341217818584198,16
867117,20.365011737501085,16
867133,20.171173229094027,16
867149,20.413730206014826,16
867165,20.303959313810864,16
867181,20.504477526104488,16
867197,20.44348213990818,16
867213,20.444030154651262,16
867229,20.432227646596388,16
867245,20.380291421396176,16
867261,20.428217891466726,16
867277,20.386693875184786,16
867293,20.324105121192115,16
867309,20.23964461594704,16
867325,20.18830938327783,16
867341,20.32937348832713,16
867357,20.47337212556562,16
867373,20.618866634174076,16
867389,20.27109927650933,16
867405,20.29437782043497,16
867421,20.22291393657151,16
867437,20.155882391366642,16
867453,20.2404504670738,16
867469,20.30296825873197,16
867485,20.37393714158286,16
867501,20.494739027448283,16
867517,20.33808101056464,16
867533,20.319490358215347,16
867549,20.335477430690148,16
867565,20.345646357769542,16
867581,20.307873733951038,16
867597,20.426660473548047,16
867613,20.562202560795924,16
867629,20.354391585343198,16
867645,20.39782358958016,16
867661,20.426426203754772,16
867677,20.42414123247295,16
867693,20.43038682288751,16
867709,20.423162937221008,16
867725,20.261332770908673,16
867741,20.311645529497802,16
867757,20.405473255227033,16
867773,20.331516264695328,16
867789,20.314078874198092,16
867805,20.43153270923372,16
867821,20.418031937887402,16
867837,20.178469895805993,16
867853,20.413036803531806,16
867869,20.379398085650696,16
867885,20.306556307403437,16
867901,20.33947100755812,16
867917,20.348346645578193,16
867933,20.424422810843794,16
867949,20.42452233511983,16
867965,20.268726833545383,16
867981,20.443547731395856,16
867997,20.33352657450252,16
868013,20.30900961004481,16
868029,20.439817667388194,16
868045,20.339894790886813,16
868061,20.309059239308596,16
868077,20.307745396008663,16
868093,20.344515853755745,16
868109,20.314591895029913,16
868125,20.476043086219338,16
868141,20.453108062805473,16
868157,20.255125641841815,16
868173,20.509258593508918,16
868189,20.32209679445207,16
868205,20.561416115914305,16
868221,20.318541795616056,16
868237,20.296353054400353,16
868253,20.26123293616511,16
868269,20.455645145624107,16
868285,20.273552598626686,16
868301,20.435480903454724,16
868317,20.24048079009805,16
868333,20.32156637673341,16
868349,20.48431934761486,16
868365,20.362248856430785,16
868381,20.51196500755467,16
868397,20.29416776796973,16
868413,20.341252339019295,16
868429,20.295524307151947,16
868445,20.254280271218665,16
868461,20.101427931266986,16
868477,20.454048284797548,16
868493,20.277926837935542,16
868509,20.292758117810685,16
868525,20.380340506569503,16
868541,20.37333906138616,16
868557,20.381650044180965,16
868573,20.358261263613002,16
868589,20.4792939069049,16
868605,20.224843139793542,16
868621,20.487956627679843,16
868637,20.396255055492553,16
868653,20.251766782407554,16
868669,20.238243878859283,16
868685,20.371659275687257,16
868701,20.222716034459644,16
868717,20.161079233815506,16
868733,20.268447135469824,16
868749,20.252924458437892,16
868765,20.1846493443446,16
868781,20.28948220149797,16
868797,20.41102570774936,16
868813,20.280790115311937,16
868829,20.38923194346664,16
868845,20.335640037033045,16
868861,20.283722717792784,16
868877,20.234252321094836,16
868893,20.281961315443574,16
868909,20.325380618263164,16
868925,20.355956490240093,16
868941,20.33822487900731,16
868957,20.355595009973925,16
868973,20.271423329309002,16
868989,20.271237352373902,16
869005,20.29012816144708,16
869021,20.345993250521815,16
869037,20.317107011779427,16
869053,20.198178734660434,16
869069,20.199978101261582,16
869085,20.392851612418774,16
869101,20.33822153795189,16
869117,20.401688567609803,16
869133,20.318171181962885,16
869149,20.314611053712305,16
869165,20.32530099225996,16
869181,20.16908871686087,16
869197,20.309973836146884,16
869213,20.30275645996463,16
869229,20.431435628681847,16
869245,20.38974685406256,16
869261,20.280716033512412,16
869277,20.49900225686768,16
869293,20.259264197865285,16
869309,20.33538324095024,16
869325,20.262471170224813,16
869341,20.31994231420642,16
869357,20.32514318623826,16
869373,20.317606504914014,16
869389,20.249384618065477,16
869405,20.27981129948645,16
869421,20.20075209734044,16
869437,20.219341585485957,16
869453,20.308207151042904,16
869469,20.263493119948954,16
869485,20.215038218637652,16
869501,20.18973210747847,16
869517,20.273710196050807,16
869533,20.27179665756287,16
869549,20.439197677775926,16
869565,20.38472989412329,16
869581,20.19452417242675,16
869597,20.213143593562236,16
869613,20.2690605057772,16
869629,20.223872557557815,16
869645,20.325625050449812,16
869661,20.27669909445719,16
869677,20.308561832744086,16
869693,20.167987547114603,16
869709,20.409609637286128,16
869725,20.477788843904754,16
869741,20.31643447941729,16
869757,20.326388737650127,16
869773,20.3978385883948,16
869789,20.288562000746513,16
869805,20.211099846369216,16
869821,20.209588729243972,16
869837,20.243171046300983,16
869853,20.369447851326555,16
869869,20.22048163707157,16
869885,20.13466287150797,16
869901,20.333531206447052,16
869917,20.365784984857882,16
869933,20.262373028054242,16
869949,20.242539207835136,16
869965,20.248496001500023,16
869981,20.252623127648008,16
869997,20.455619485830738,16
870013,20.443155639495384,16
870029,20.352011319989565,16
870045,20.32426121318516,16
870061,20.330734503602738,16
870077,20.45796161071736,16
870093,20.351628685757287,16
870109,20.250022265896078,16
870125,20.2229458777011,16
870141,20.218963276868152,16
870157,20.2160633303268,16
870173,20.457832580700757,16
870189,20.416204063822647,16
870205,20.272280569711096,16
870221,20.283484294689536,16
870237,20.244060616687083,16
870253,20.392604501165035,16
870269,20.386849062596397,16
870285,20.33779364370767,16
870301,20.47628210218681,16
870317,20.30666191664404,16
870333,20.32793133183327,16
870349,20.290634302755997,16
870365,20.30797898728359,16
870381,20.3632902819988,16
870397,20.335307981852104,16
870413,20.416269795276474,16
870429,20.341053204645842,16
870445,20.299826825429363,16
870461,20.375691556559115,16
870477,20.354058206350338,16
870493,20.21276504962968,16
870509,20.357608198457168,16
870525,20.487723041785287,16
870541,20.39956727908464,16
870557,20.306425535373442,16
870573,20.445465237546234,16
870589,20.447996219358505,16
870605,20.413838792263142,16
870621,20.345302267604033,16
870637,20.501023311514054,16
870653,20.180238390788027,16
870669,20.439368022316046,16
870685,20.28450217616763,16
870701,20.353031538212996,16
870717,20.362901365567343,16
870733,20.201264233837378,16
870749,20.28594908847063,16
870765,20.400899078882567,16
870781,20.435712922815924,16
870797,20.52951419163937,16
870813,20.52041364634542,16
870829,20.29848466386594,16
870845,20.616482661885684,16
870861,20.294318121765034,16
870877,20.335448666021716,16
870893,20.360356071542533,16
870909,20.282900924449297,16
870925,20.40223821137811,16
870941,20.44798400584271,16
870957,20.336354956033336,16
870973,20.381995702964236,16
870989,20.419854797613432,16
871005,20.37429388896946,16
871021,20.39825556989157,16
871037,20.463223512931144,16
871053,20.345478647135423,16
871069,20.40934128853456,16
871085,20.31123927476748,16
871101,20.360762194217155,16
871117,20.109700278464,16
871133,20.204747066862744,16
871149,20.34755068733486,16
871165,20.299662899920556,16
871181,20.48981057121167,16
871197,20.47568708379017,16
871213,20.416305847224947,16
871229,20.222174386213517,16
871245,20.122351294223925,16
871261,20.26748489434245,16
871277,20.214082525013914,16
871293,20.394376115958874,16
871309,20.335877952786937,16
871325,20.45360464055204,16
871341,20.400677774551628,16
871357,20.39194595467878,16
871373,20.351959355985983,16
871389,20.223316060192825,16
871405,20.32429590813059,16
871421,20.455308977279323,16
871437,20.43939646529176,16
871453,20.372279205146235,16
871469,20.397024360818456,16
871485,20.149585663060016,16
871501,20.351918905525675,16
871517,20.397222364731093,16
871533,20.277050524975074,16
871549,20.313017803369675,16
871565,20.31182174823061,16
871581,20.316139848670353,16
871597,20.483176363929218,16
871613,20.39813098476972,16
871629,20.428223122519267,16
871645,20.380829424472118,16
871661,20.24893852421924,16
871677,20.351876527794335,16
871693,20.433373907995282,16
871709,20.344274198424866,16
871725,20.492007468356935,16
871741,20.45622416126613,16
871757,20.315061014626956,16
871773,20.366285244940624,16
871789,20.409567043502314,16
871805,20.37011847444379,16
871821,20.41828330977804,16
871837,20.1677156101879,16
871853,20.438066589831614,16
871869,20.273058037901574,16
871885,20.288292397907703,16
871901,20.45406903311491,16
871917,20.32312417455113,16
871933,20.552086041476215,16
871949,20.389933101144372,16
871965,20.392035715894114,16
871981,20.198388383246183,16
871997,20.324726966320735,16
872013,20.36741046389276,16
872029,20.277930404596706,16
872045,20.406780991943606,16
872061,20.520084972405755,16
872077,20.440675586835052,16
872093,20.392862151365687,16
872109,20.30913022607848,16
872125,20.627594246400683,16
872141,20.369774132623718,16
872157,20.382747185738246,16
872173,20.3581896971387,16
872189,20.263363464801618,16
872205,20.411032031891807,16
872221,20.386358600255996,16
872237,20.339108250668648,16
872253,20.431479558767442,16
872269,20.24675794874781,16
872285,20.451559496656998,16
872301,20.546189039132273,16
872317,20.323004258717802,16
872333,20.26849603881037,16
872349,20.275811424263324,16
872365,20.212465576902204,16
872381,20.375614186618314,16
872397,20.54996766830587,16
872413,20.446338955106995,16
872429,20.32571577257876,16
872445,20.301208904957814,16
872461,20.33233281393312,16
872477,20.21036720329822,16
872493,20.286872438297326,16
872509,20.23401716773555,16
872525,20.20740509339366,16
872541,20.378361459915975,16
872557,20.235428000960216,16
872573,20.470587394794336,16
872589,20.296137459060436,16
872605,20.353350414971025,16
872621,20.23911885158418,16
872637,20.36903170581203,16
872653,20.379844380433514,16
872669,20.48702113578399,16
872685,20.187153208119696,16
872701,20.48292561465566,16
872717,20.240425485120443,16
872733,20.275477503274473,16
872749,20.327440974595778,16
872765,20.31974907791538,16
872781,20.462610386292617,16
872797,20.25350495378075,16
872813,20.324699671076132,16
872829,20.428741856563306,16
872845,20.181312429293627,16
872861,20.324399093394568,16
872877,20.259101229063923,16
872893,20.339972463616494,16
872909,20.250947106935197,16
872925,20.45452883216403,16
872941,20.314308105190847,16
872957,20.30946387987404,16
872973,20.327302124376423,16
872989,20.299122453946634,16
873005,20.439199963597073,16
873021,20.273604380763718,16
873037,20.452246834254474,16
873053,20.272865552235565,16
873069,20.40472944609694,16
873085,20.243838453290753,16
873101,20.482851113301933,16
873117,20.412230140443757,16
873133,20.342301438857337,16
873149,20.413111016550424,16
873165,20.207172297492907,16
873181,20.41026406912659,16
873197,20.362739961765488,16
873213,20.345122574569128,16
873229,20.44358024889372,16
873245,20.207876097275285,16
873261,20.253791307078234,16
873277,20.205781643075905,16
873293,20.336452651110058,16
873309,20.48910983259521,16
873325,20.30540612744606,16
873341,20.31422400655245,16
873357,20.20257920898531,16
873373,20.41103546052371,16
873389,20.457471389019638,16
873405,20.429977298268557,16
873421,20.345249074371296,16
873437,20.404320083541258,16
873453,20.28381481344093,16
873469,20.25751747930625,16
873485,20.293691085592812,16
873501,20.376563143483455,16
873517,20.494196735899205,16
873533,20.30012207595804,16
873549,20.370289389036532,16
873565,20.347126205014295,16
873581,20.272163375305333,16
873597,20.277177323713442,16
873613,20.351693432717948,16
873629,20.399308859564883,16
873645,20.253019884749445,16
873661,20.424728614322536,16
873677,20.479581530981157,16
873693,20.11377932150035,16
873709,20.144853676176012,16
873725,20.232464076669384,16
873741,20.49474788150578,16
873757,20.20599747558252,16
873773,20.262044602532185,16
873789,20.28633868577852,16
873805,20.20314187756243,16
873821,20.406276202083692,16
873837,20.35880019496208,16
873853,20.157293414028356,16
873869,20.479745989037166,16
873885,20.33679675694575,16
873901,20.199135027654975,16
873917,20.413940635116617,16
873933,20.351505317275937,16
873949,20.19965145849134,16
873965,20.415015491599604,16
873981,20.28476857177624,16
873997,20.17926044726721,16
874013,20.274669314985715,16
874029,20.255313921767844,16
874045,20.133889754378263,16
874061,20.37720618344301,16
874077,20.49754796257679,16
874093,20.26805105762584,16
874109,20.203250169417935,16
874125,20.48936142868286,16
874141,20.337473468374714,16
874157,20.437439385189663,16
874173,20.379423798474352,16
874189,20.261184027899105,16
874205,20.316014478733873,16
874221,20.480835912753147,16
874237,20.393363390094837,16
874253,20.328501113099872,16
874269,20.413407075842834,16
874285,20.128182981987283,16
874301,20.34657585686533,16
874317,20.178083750816004,16
874333,20.36777751671022,16
874349,20.30592173011095,16
874365,20.405234512118803,16
874381,20.395881003643954,16
874397,20.320202284230692,16
874413,20.29439026936678,16
874429,20.358266482403753,16
874445,20.461889535528538,16
874461,20.346395612798958,16
874477,20.24582675549203,16
874493,20.409025367755195,16
874509,20.23436245758353,16
874525,20.326757540206668,16
874541,20.442043849641145,16
874557,20.21133355182907,16
874573,20.460671776195138,16
874589,20.335924343585095,16
874605,20.369488546839747,16
874621,20.326584244036702,16
874637,20.356906329627982,16
874653,20.421556015038636,16
874669,20.431645490825744,16
874685,20.420274896527836,16
874701,20.454043575111093,16
874717,20.221444614047627,16
874733,20.334247813567995,16
874749,20.345958143595826,16
874765,20.210557718218226,16
874781,20.29423021117095,16
874797,20.311346126419846,16
874813,20.387087108204625,16
874829,20.429432183969137,16
874845,20.369149173131387,16
874861,20.228801416201982,16
874877,20.386061122590583,16
874893,20.529182519288774,16
874909,20.293402845041054,16
874925,20.277942312930286,16
874941,20.24745997690897,16
874957,20.270197784414915,16
874973,20.328982451586462,16
874989,20.361117497653265,16
875005,20.301536671494276,16
875021,20.328216122394167,16
875037,20.164195445236945,16
875053,20.200296374707733,16
875069,20.302037420534,16
875085,20.501874331462556,16
875101,20.189643632457727,16
875117,20.21016373096147,16
875133,20.27297728285534,16
875149,20.39107796939693,16
875165,20.454456110223607,16
875181,20.246336614436853,16
875197,20.287792985817315,16
875213,20.296126312053797,16
875229,20.53989391932643,16
875245,20.13034328877381,16
875261,20.32023480739685,16
875277,20.399308825694593,16
875293,20.1259093769289,16
875309,20.284221358670912,16
875325,20.330503711410575,16
875341,20.32374865668744,16
875357,20.529955081700066,16
875373,20.267690326567088,16
875389,20.135964609044013,16
875405,20.1969308555682,16
875421,20.148774622914154,16
875437,20.180854056146476,16
875453,20.498551816688543,16
875469,20.34428682395451,16
875485,20.374397885893003,16
875501,20.374498734136807,16
875517,20.35208370577241,16
875533,20.286833139663717,16
875549,20.44234784339675,16
875565,20.34218257925207,16
875581,20.497993102921946,16
875597,20.217651453741382,16
875613,20.317013870379043,16
875629,20.29370657141885,16
875645,20.13001844553097,16
875661,20.366939980258177,16
875677,20.30497707749704,16
875693,20.42550092816392,16
875709,20.26394260174803,16
875725,20.208323934828936,16
875741,20.27649839225865,16
875757,20.38035015716691,16
875773,20.153485140369792,16
875789,20.297201407981408,16
875805,20.23288771691377,16
875821,20.545802111408,16
875837,20.422882318568533,16
875853,20.269757888376578,16
875869,20.38053646840765,16
875885,20.225701622041466,16
875901,20.302654520720456,16
875917,20.235437863591866,16
875933,20.27278269220346,16
875949,20.373812397879178,16
875965,20.32121761442747,16
875981,20.290499481526624,16
875997,20.22165627748624,16
876013,20.250394896123403,16
876029,20.295909327861605,16
876045,20.379590552789708,16
876061,20.39655085666472,16
876077,20.25768463211495,16
876093,20.426553821261802,16
876109,20.103528836213723,16
876125,20.30653223804185,16
876141,20.315162847797808,16
876157,20.141753555389872,16
876173,20.213502599617975,16
876189,20.287261560521387,16
876205,20.269770117637005,16
876221,20.416978211355786,16
876237,20.22997537959186,16
876253,20.294105894950178,16
876269,20.37451394214977,16
876285,20.16846346146423,16
876301,20.19306426707553,16
876317,20.23962780866984,16
876333,20.354030565707408,16
876349,20.418923504408976,16
876365,20.40627182132585,16
876382,21.51072836963653,17
876398,20.371067838757945,16
876414,20.28487584579559,16
876430,20.173439376153123,16
876446,20.3889424544185,16
876462,20.26969338307063,16
876478,20.303298330416826,16
876494,20.297789522079846,16
876510,20.39644389969838,16
876526,20.263613512762483,16
876542,20.234196125340933,16
876558,20.495381380293367,16
876574,20.386892214870855,16
876590,20.46956607852725,16
876606,20.4417623278572,16
876622,20.280931751283113,16
876638,20.502284774813305,16
876654,20.277638258918504,16
876670,20.34522901823707,16
876686,20.34847624281554,16
876702,20.496743688897123,16
876718,20.267772135529558,16
876734,20.555034609502503,16
876750,20.368289127333725,16
876766,20.3389041627329,16
876782,20.525152039549276,16
876798,20.431608454573468,16
876814,20.350853614159917,16
876830,20.374159449588138,16
876846,20.37502261726279,16
876862,20.243579518254712,16
876878,20.31486991602973,16
876894,20.416996050539893,16
876910,20.248369023697148,16
876926,20.265066247867825,16
876942,20.38993797516737,16
876958,20.366569438122465,16
876974,20.330740816230616,16
876990,20.17537820771298,16
877006,20.249077087400185,16
877022,20.19624457083863,16
877038,20.298646397813414,16
877054,20.378193759826434,16
877070,20.24101139785801,16
877086,20.267762186902964,16
877102,20.28776001130006,16
877118,20.495770000524537,16
877134,20.369471447748893,16
877150,20.34121467912489,16
877166,20.39506554197376,16
877182,20.213427446562594,16
877198,20.379083501521844,16
877215,21.549876396395348,17
877231,20.37395280000207,16
877247,20.492364454464123,16
877263,20.25926626003095,16
877279,20.505963261386633,16
877295,20.219575556044735,16
877311,20.30358014311044,16
877327,20.238627477155287,16
877343,20.426100101996596,16
877359,20.36387056901739,16
877375,20.237312184941214,16
877391,20.28503515125235,16
877407,20.360535880985466,16
877423,20.23613600826917,16
877439,20.592609478061114,16
877455,20.315564339018042,16
877471,20.46180834645111,16
877487,20.284941253719573,16
877503,20.330664238412965,16
877519,20.30550323861007,16
877535,20.35134308696205,16
877551,20.42803178642854,16
877567,20.1527174250408,16
877583,20.305588601983285,16
877599,20.210014553389033,16
877615,20.34515027532641,16
877631,20.439238503400468,16
877647,20.396259224175346,16
877663,20.38725503928806,16
877679,20.307514273869803,16
877695,20.41701470572667,16
877711,20.455701775127366,16
877727,20.21723365224161,16
877743,20.197268133702657,16
877759,20.47523231254031,16
877775,20.384003610937885,16
877791,20.376623651910247,16
877807,20.32431675171931,16
877823,20.450550491198683,16
877839,20.25453853759127,16
877855,20.269174419244628,16
877871,20.290991502600132,16
877887,20.35403261835532,16
877903,20.205778524470993,16
877919,20.49377359914117,16
877935,20.257537191515798,16
877951,20.47506111306514,16
877967,20.31372600525391,16
877983,20.408828561755787,16
877999,20.26138003166868,16
878015,20.257565655971643,16
878031,20.257124100619553,16
878047,20.361562250572614,16
878063,20.37564887957573,16
878079,20.32639468505778,16
878095,20.314754159147405,16
878111,20.373948039196083,16
878127,20.400331236380197,16
878143,20.468758731074214,16
878159,20.46010604640053,16
878175,20.55507199213476,16
878191,20.372146630160234,16
878207,20.320548488707715,16
878223,20.373495274188723,16
878239,20.420512622424976,16
878255,20.410875496075278,16
878271,20.42557801147282,16
878287,20.42048380846001,16
878303,20.341560376400015,16
878319,20.35902968007849,16
878335,20.362844012208537,16
878351,20.298889128238784,16
878367,20.37055732385734,16
878383,20.51765439371926,16
878399,20.30679674424718,16
878415,20.41696582977647,16
878431,20.40112745361546,16
878447,20.3339160598809,16
878463,20.242268646881755,16
878479,20.550044783600118,16
878495,20.431071827090896,16
878511,20.258489717702272,16
878527,20.383842050844923,16
878543,20.344668383703223,16
878559,20.538131130912674,16
878575,20.285506067302084,16
878591,20.220072776141706,16
878607,20.205019234305517,16
878623,20.391577117895515,16
878639,20.476572498427252,16
878655,20.355777881299186,16
878671,20.449345230289264,16
878687,20.187989763308426,16
878703,20.437940713599218,16
878719,20.311106751449973,16
878735,20.240563640193184,16
878751,20.506627067871236,16
878767,20.471559771202305,16
878783,20.35571664583673,16
878799,20.562668534643095,16
878815,20.276149199074382,16
878831,20.328080108769186,16
878847,20.345340897941224,16
878863,20.369498937011873,16
878879,20.41253415985755,16
878896,21.714584586278278,17
878912,20.474480027811744,16
878928,20.410154764156452,16
878944,20.314016034106224,16
878960,20.44815316014518,16
878976,20.352516862738074,16
878992,20.376179421232106,16
879008,20.140931444057873,16
879024,20.39528908495913,16
879040,20.25659465444759,16
879056,20.204434354431523,16
879072,20.499458198355644,16
879088,20.310993611556412,16
879104,20.226534265413935,16
879120,20.3406664642413,16
879136,20.538492019676507,16
879152,20.31114179773188,16
879168,20.31113828493311,16
879184,20.4001031393582,16
879200,20.254005537487927,16
879216,20.415079609479534,16
879232,20.263863081991367,16
879248,20.528370159860263,16
879264,20.336915761920807,16
879280,20.368249121441046,16
879296,20.360592767112212,16
879312,20.341745143469343,16
879328,20.45540149864923,16
879344,20.32528814504388,16
879360,20.500146463935078,16
879376,20.383863257859275,16
879392,20.323905621281842,16
879408,20.40426219893797,16
879424,20.346589119907524,16
879440,20.349965956684457,16
879456,20.602140005953682,16
879472,20.35660322278264,16
879488,20.30296512728538,16
879504,20.52185384302245,16
879520,20.377961526151935,16
879536,20.227163994211566,16
879552,20.434923922381202,16
879568,20.476283145786418,16
879585,21.68217884762611,17
879601,20.3579193281098,16
879617,20.208462112708403,16
879633,20.481777667483463,16
879649,20.331569509224934,16
879665,20.439683154243404,16
879681,20.309939780324495,16
879697,20.294228202824417,16
879713,20.265979067872966,16
879729,20.317587889384512,16
879745,20.507593109431124,16
879761,20.46924687123342,16
879777,20.343415036926153,16
879793,20.310059541166726,16
879809,20.432050743260028,16
879825,20.233246406364735,16
879841,20.461364963336937,16
879857,20.420985608301233,16
879873,20.409586148918063,16
879889,20.362367958134566,16
879905,20.158837801722914,16
879921,20.44768947105487,16
879937,20.31966029323326,16
879953,20.329728385532434,16
879969,20.31785722829578,16
879985,20.543192198179295,16
880001,20.40395590470561,16
880017,20.319359339600933,16
880033,20.453100600680163,16
880049,20.328708599310417,16
880065,20.3650374803232,16
880081,20.282057847839702,16
880097,20.40721631749731,16
880113,20.40421064704707,16
880129,20.374518723858962,16
880145,20.25639515749179,16
880161,20.31968110488306,16
880177,20.351908478407022,16
880193,20.469846988169603,16
880209,20.5249100116135,16
880225,20.44859662322397,16
880241,20.408943634252548,16
880257,20.455533414860493,16
880273,20.51189886307021,16
880289,20.40361238366955,16
880305,20.446620476514514,16
880321,20.26239825591768,16
880337,20.309026425873487,16
880353,20.404456715301055,16
880369,20.29247765511124,16
880385,20.382720501132777,16
880401,20.21110344623095,16
880417,20.412326000879105,16
880433,20.404453285021134,16
880449,20.24649570107903,16
880465,20.20867592087273,16
880481,20.3289981250699,16
880497,20.378832039037906,16
880513,20.508929672271517,16
880529,20.3139827385689,16
880545,20.29733102560807,16
880561,20.408580350940895,16
880577,20.39343205650529,16
880593,20.292851645937198,16
880609,20.446878433650507,16
880625,20.41918611873317,16
880641,20.526934604535978,16
880657,20.56077149328694,16
880673,20.603333482590816,16
880689,20.50824871134081,16
880705,20.30045758422232,16
880721,20.348080916275617,16
880737,20.513189916380902,16
880753,20.230657661206152,16
880769,20.394681605788875,16
880785,20.351201302024272,16
880801,20.57712941522631,16
880817,20.53359057154812,16
880833,20.651168448956494,16
880849,20.45439794993157,16
880865,20.410251236068685,16
880881,20.474947100929867,16
880897,20.34583595872054,16
880913,20.465529229801508,16
880929,20.289049491416385,16
880945,20.388155832152897,16
880961,20.491244906641523,16
880977,20.488567270293988,16
880993,20.45208513284626,16
881009,20.587372853974706,16
881025,20.508364042036487,16
881041,20.340330667385597,16
881057,20.50909296850621,16
881073,20.546591484238427,16
881089,20.487181370353092,16
881105,20.553851316435747,16
881121,20.454856972859933,16
881137,20.60962448997309,16
881153,20.48505295263969,16
881169,20.292507147243004,16
881185,20.503544056390243,16
881201,20.45565550132267,16
881217,20.427014093208278,16
881233,20.402969137692764,16
881249,20.535869509522175,16
881265,20.444170633467397,16
881281,20.50369991326422,16
881297,20.506888876496046,16
881313,20.379500005189243,16
881329,20.625105273257894,16
881345,20.593434963870934,16
881361,20.385976139997638,16
881377,20.374657755041014,16
881393,20.539245891884196,16
881409,20.470274208529432,16
881425,20.379623069945044,16
881442,21.70597585704344,17
881458,20.479037707096783,16
881474,20.74165525248187,16
881490,20.307461362414752,16
881506,20.309545500509074,16
881522,20.546111176375614,16
881538,20.575647310446616,16
881554,20.34374887295236,16
881570,20.318679378322177,16
881586,20.557452772877518,16
881602,20.540936091159733,16
881618,20.452866865487177,16
881634,20.36441743383184,16
881650,20.591979416416063,16
881666,20.589547388338758,16
881682,20.534203319093237,16
881698,20.469576853759396,16
881714,20.479992868656556,16
881730,20.52463686131746,16
881746,20.391503773222603,16
881762,20.545853456357715,16
881778,20.518194254067065,16
881794,20.31332455225163,16
881810,20.396159139871997,16
881826,20.478878890478285,16
881842,20.48297522666757,16
881858,20.629773377777255,16
881874,20.77530241773013,16
881890,20.561145994999436,16
881906,20.448490852338892,16
881922,20.58783264610507,16
881938,20.4675172941226,16
881954,20.503284651224323,16
881970,20.548563547160718,16
881986,20.626623776146353,16
882002,20.48955329373693,16
882018,20.404591552977084,16
882034,20.26747708257899,16
882050,20.457363315598723,16
882066,20.363227722990096,16
882082,20.54204678509087,16
882098,20.315947827821866,16
882114,20.520668268909056,16
882130,20.358678544213653,16
882146,20.569687380682144,16
882162,20.621102069835153,16
882179,21.578526863174478,17
882195,20.56049447954354,16
882211,20.59751220636728,16
882227,20.501371641416988,16
882243,20.43218794317082,16
882259,20.637446861193688,16
882275,20.54083522525471,16
882291,20.320621530903153,16
882307,20.502546552967956,16
882323,20.4505181733992,16
882339,20.52082147677377,16
882355,20.511605786364193,16
882371,20.39676877705398,16
882387,20.591211317539976,16
882403,20.51094030737308,16
882419,20.378920571359167,16
882435,20.531868119059983,16
882451,20.491672924041588,16
882467,20.756775365499678,16
882483,20.573138496593316,16
882499,20.501362599499434,16
882515,20.398753537807803,16
882531,20.461199071430958,16
882547,20.582344145221867,16
882563,20.321434873142948,16
882579,20.51303753492068,16
882595,20.599225525338877,16
882611,20.457851029754536,16
882627,20.434197664366344,16
882643,20.405532241205524,16
882659,20.508258565027866,16
882675,20.533097508943097,16
882691,20.486398237980154,16
882707,20.38324756288271,16
882723,20.365554350181664,16
882739,20.42930945679761,16
882755,20.423859306891636,16
882771,20.425888250159847,16
882787,20.134070048400005,16
882803,20.345214956705295,16
882819,20.339918766018,16
882835,20.544194161163382,16
882851,20.37793790610149,16
882867,20.388656963476972,16
882883,20.279197075157352,16
882899,20.365173425774042,16
882915,20.40550882960486,16
882931,20.49462792556431,16
882947,20.41979518064616,16
882963,20.50015607945055,16
882979,20.240421928217785,16
882995,20.398676643459428,16
883011,20.453627466830312,16
883027,20.558843516897294,16
883043,20.414749893381067,16
883059,20.46649078183482,16
883075,20.202792292301552,16
883091,20.409168445162614,16
883107,20.509858785858423,16
883123,20.49687168944507,16
883139,20.444834900881993,16
883155,20.47956659783362,16
883171,20.30225710489088,16
883187,20.483329542290626,16
883203,20.414230603727855,16
883219,20.394279524581425,16
883235,20.432381139124715,16
883251,20.48455516223514,16
883267,20.278729454481677,16
883283,20.54302175409688,16
883299,20.40527749230703,16
883315,20.404472572999254,16
883331,20.38905991042892,16
883347,20.45286209028438,16
883363,20.434183276174473,16
883379,20.56862892369949,16
883395,20.478936312145535,16
883411,20.463749004406882,16
883427,20.34723737887441,16
883443,20.27376467876601,16
883459,20.223125382760887,16
883475,20.398172632284837,16
883491,20.32165032111387,16
883507,20.352345410250063,16
883523,20.330536978305144,16
883539,20.101717466737917,16
883555,20.37148791323028,16
883571,20.29164186099885,16
883587,20.35032956855006,16
883603,20.41268737998179,16
883619,20.318689987353913,16
883635,20.380133024530778,16
883651,20.29786947879309,16
883667,20.425470064698505,16
883683,20.41851481734945,16
883699,20.304259055894725,16
883715,20.424203542870522,16
883731,20.383220867998855,16
883747,20.25702147749939,16
883763,20.34366472541675,16
883779,20.459125746783076,16
883795,20.42576068034421,16
883811,20.3374232954287,16
883827,20.27873048587185,16
883843,20.260930860416867,16
883859,20.332067877405066,16
883875,20.39820527708724,16
883891,20.486627871192997,16
883907,20.336292447351745,16
883923,20.23257995086794,16
883939,20.248520969615527,16
883955,20.12718777325484,16
883971,20.20433198927074,16
883987,20.35416753380656,16
884003,20.393096974660043,16
884019,20.354731581746684,16
884035,20.391557087971826,16
884051,20.341340763930713,16
884067,20.270299016167385,16
884083,20.318196156386417,16
884099,20.37609914491909,16
884115,20.306279227411423,16
884131,20.319010483085062,16
884147,20.171488778892478,16
884163,20.19543019528531,16
884179,20.496902732546097,16
884195,20.443394030542297,16
884211,20.386434082394953,16
884227,20.364435776211305,16
884243,20.54568280192586,16
884259,20.387488831371467,16
884275,20.420757410572747,16
884291,20.412096936404975,16
884307,20.447525572506652,16
884323,20.477043067299242,16
884339,20.474689081554548,16
884355,20.432861309111317,16
884371,20.464557628222224,16
884387,20.435912118818283,16
884403,20.135823231892022,16
884419,20.497130989025592,16
884435,20.249314203849888,16
884451,20.261720898459064,16
884467,20.275290315083346,16
884483,20.5144022968516,16
884499,20.42352195081269,16
884515,20.526779152418815,16
884531,20.43351654059816,16
884547,20.47209512441222,16
884563,20.383014129124543,16
884579,20.415957688215528,16
884595,20.576665434814295,16
884611,20.44184839257437,16
884627,20.46642419068508,16
884643,20.34419481760598,16
884659,20.373327088293347,16
884675,20.463111435911625,16
884691,20.33794458782217,16
884707,20.429673770151936,16
884723,20.362519561390364,16
884739,20.366771601458193,16
884755,20.34165823133716,16
884771,20.41628265608208,16
884787,20.3260178587375,16
884803,20.17232900569349,16
884819,20.415204663518132,16
884835,20.371514730180582,16
884851,20.472356415584407,16
884867,20.252876983696176,16
884883,20.40097593939856,16
884899,20.385257461437273,16
884915,20.409172476174266,16
884931,20.457475267953605,16
884947,20.42036257333863,16
884963,20.407528319397922,16
884979,20.544534821337024,16
884995,20.256670599414036,16
885011,20.342176013587235,16
885027,20.356231640469183,16
885043,20.420928332123086,16
885059,20.401713981268184,16
885075,20.386394729603552,16
885091,20.442411144198587,16
885107,20.51930477482344,16
885123,20.225829546661426,16
885139,20.128058410925,16
885155,20.500082086771954,16
885171,20.369737548952052,16
885187,20.291197482974898,16
885203,20.523268485497372,16
885219,20.319452370926435,16
885235,20.484527837687885,16
885251,20.14668850270607,16
885267,20.375126658610426,16
885283,20.414430054259533,16
885299,20.403260559165215,16
885315,20.359052640383524,16
885331,20.44800040398096,16
885347,20.6325914273745,16
885363,20.505757168089417,16
885379,20.279040010766273,16
885395,20.48195313358839,16
885411,20.341895276342502,16
885427,20.540103183232453,16
885443,20.54812738188631,16
885459,20.33775044079614,16
885475,20.315633782212334,16
885491,20.42400933347329,16
885507,20.38419937406248,16
885523,20.393227448366567,16
885539,20.351860711425495,16
885555,20.339777073510056,16
885571,20.396711227445874,16
885587,20.397305013131447,16
885603,20.28715911360782,16
885619,20.43821399984563,16
885635,20.238815728274297,16
885651,20.169623842322988,16
885667,20.367996966356433,16
885683,20.3766240954541,16
885699,20.46110875298038,16
885715,20.33139218322813,16
885731,20.323010166712752,16
885747,20.37601755882609,16
885763,20.378887930155308,16
885779,20.444925896182607,16
885795,20.440019206752257,16
885811,20.36524191550838,16
885827,20.233988038710102,16
885843,20.478050525944262,16
885859,20.46759328581287,16
885875,20.580933461196995,16
885891,20.347919581224495,16
885907,20.550287181939975,16
885923,20.45383089282009,16
885939,20.48026332595297,16
885955,20.3236660933742,16
885971,20.419207809472205,16
885987,20.315464214175513,16
886003,20.32196330566998,16
886019,20.342835277629693,16
886035,20.480292753682946,16
886051,20.435361658366944,16
886067,20.283592652946034,16
886083,20.364980311169955,16
886099,20.42086785012828,16
886115,20.457282079026864,16
886131,20.52260721928728,16
886147,20.45615077823591,16
886163,20.433330776434506,16
886179,20.355893910711856,16
886195,20.431039717730094,16
886211,20.502263060911012,16
886227,20.44425119101902,16
886243,20.39016075315742,16
886259,20.384071054526075,16
886275,20.518797436953605,16
886291,20.39211723033933,16
886307,20.46891119000499,16
886323,20.32409829994665,16
886339,20.411370513837912,16
886355,20.418918984034324,16
886371,20.392844907933743,16
886387,20.313781832332776,16
886403,20.558109050933275,16
886419,20.450775270015317,16
886435,20.294309453007955,16
886451,20.46664954348,16
886467,20.47955257020767,16
886483,20.34672305798812,16
886499,20.33612288090721,16
886515,20.195537067752213,16
886531,20.54347816115834,16
886547,20.476627193742367,16
886563,20.40430230264236,16
886579,20.22467926957598,16
886595,20.50404137864528,16
886611,20.388183551620635,16
886627,20.33259561574014,16
886643,20.35015741498492,16
886659,20.238148698270034,16
886675,20.312181878279866,16
886691,20.43164461401883,16
886707,20.423703876426362,16
886723,20.307123360567168,16
886739,20.580913869392344,16
886755,20.39037387349346,16
886771,20.395213767797298,16
886787,20.429078738467513,16
886803,20.457463781251974,16
886819,20.532010383152855,16
886835,20.472815681695284,16
886851,20.58692481838976,16
886867,20.294506986829997,16
886883,20.479472224696604,16
886899,20.379436328319745,16
886915,20.42476613006792,16
886931,20.426871460807487,16
886947,20.602655615575745,16
886963,20.46853056885855,16
886979,20.40054391822222,16
886995,20.50294167661292,16
887011,20.519421967491834,16
887027,20.509589566766767,16
887043,20.517781647912766,16
887059,20.498534183918192,16
887075,20.366138676037796,16
887091,20.5217597929571,16
887107,20.447295393023694,16
887123,20.44222914817438,16
887139,20.621520611643266,16
887155,20.50023583336211,16
887171,20.408402611739877,16
887187,20.38547142939781,16
887203,20.50186370562007,16
887219,20.462394480111893,16
887235,20.41637800639701,16
887251,20.49266595362989,16
887267,20.44489948174845,16
887283,20.54856188376139,16
887299,20.535719415884795,16
887316,21.816594576106848,17
887332,20.358949456476967,16
887348,20.45483754128089,16
887364,20.363024915104305,16
887380,20.481863354770965,16
887396,20.374161711414477,16
887412,20.39208932263579,16
887428,20.71524138830746,16
887444,20.470946704316976,16
887460,20.46157764990539,16
887476,20.486910736789483,16
887492,20.439748484278045,16
887508,20.44805303900953,16
887524,20.551064945368697,16
887540,20.52361804431798,16
887556,20.501080518895083,16
887572,20.45900548522991,16
887588,20.645341299764965,16
887604,20.603047470147025,16
887620,20.47650137777456,16
887636,20.606236321866405,16
887652,20.453962762378925,16
887668,20.533813333834505,16
887684,20.51939057461376,16
887700,20.49597192584316,16
887716,20.41115448352793,16
887732,20.282957922665716,16
887748,20.61416483236428,16
887764,20.273076748281177,16
887780,20.49574210044564,16
887796,20.295548090404356,16
887812,20.3835094320082,16
887828,20.44268489890561,16
887844,20.393324679199996,16
887860,20.43158288232185,16
887876,20.39229673208843,16
887892,20.56693469539138,16
887908,20.558517715582973,16
887924,20.67669760283122,16
887940,20.31711872886761,16
887956,20.424449563634404,16
887972,20.383913646635847,16
887988,20.639726831014688,16
888004,20.66668326085498,16
888020,20.522699447908813,16
888036,20.609414901789492,16
888052,20.49017920479941,16
888068,20.468328593103994,16
888084,20.561417617061743,16
888100,20.444416542602873,16
888116,20.52782455962338,16
888132,20.520353650394576,16
888148,20.37596799911418,16
888164,20.492803126909045,16
888180,20.434731753955223,16
888196,20.528268792014387,16
888212,20.326542661824632,16
888228,20.48180098727978,16
888244,20.46953914823316,16
888260,20.285538569562803,16
888276,20.52150873808393,16
888292,20.568268200117384,16
888308,20.515867688467207,16
888324,20.39716190521058,16
888340,20.418534077714654,16
888356,20.375627386202744,16
888372,20.343242144059825,16
888388,20.542202138373778,16
888404,20.42352878670021,16
888420,20.708991575068286,16
888436,20.60264611373624,16
888452,20.5263203505678,16
888468,20.212650268548025,16
888484,20.38337020782377,16
888500,20.415226599202395,16
888516,20.42930543119865,16
888532,20.455126922458543,16
888548,20.45551806197119,16
888564,20.46670359009922,16
888580,20.38641787209624,16
888596,20.534830633890692,16
888612,20.466174433536597,16
888628,20.580023559454705,16
888644,20.360081084582795,16
888660,20.621544821435123,16
888676,20.604340172279763,16
888692,20.352421947617007,16
888708,20.569408581435358,16
888724,20.54058466320079,16
888740,20.467213895569163,16
888756,20.46084224560637,16
888772,20.560538596272195,16
888788,20.461914326056842,16
888804,20.49147855546986,16
888820,20.377065564271387,16
888836,20.490381552768305,16
888852,20.272248677936044,16
888868,20.586286203540762,16
888884,20.6403830891284,16
888900,20.576474557628597,16
888916,20.16795281908724,16
888932,20.409024999309693,16
888948,20.527911097130524,16
888964,20.51194395673481,16
888980,20.445837913200393,16
888996,20.481903603596916,16
889012,20.383496183992975,16
889028,20.51303593720118,16
889044,20.433940990376165,16
889060,20.564533016916158,16
889076,20.436114931823003,16
889092,20.439221824894794,16
889108,20.626697183983225,16
889124,20.544212455049795,16
889140,20.45891542908649,16
889156,20.499312164525048,16
889172,20.342981990099823,16
889188,20.582394846890818,16
889204,20.448018584739902,16
889220,20.346339985602604,16
889237,21.734151265171683,17
889253,20.544878887408153,16
889269,20.495763206695095,16
889285,20.367083861598957,16
889302,21.782553658630302,17
889318,20.44353844396537,16
889334,20.53632653805103,16
889350,20.488687090454782,16
889366,20.505962182660305,16
889382,20.53053154335477,16
889398,20.3434861496468,16
889414,20.327562410303972,16
889430,20.575125677211926,16
889447,21.758303488385867,17
889463,20.641381797633283,16
889479,20.43671344775369,16
889495,20.535492397506562,16
889511,20.517960330901346,16
889527,20.574939113823785,16
889543,20.68380030403837,16
889559,20.560031598068644,16
889575,20.56326148260243,16
889591,20.41708936966708,16
889607,20.43940611064206,16
889623,20.60424319022863,16
889639,20.52324225625824,16
889655,20.229224479177077,16
889671,20.60309225054702,16
889687,20.38244441791315,16
889703,20.606248991208812,16
889719,20.355502768756036,16
889735,20.446509733798006,16
889751,20.5285400115113,16
889767,20.513477461081266,16
889783,20.42899706399272,16
889799,20.549582971006174,16
889815,20.435218477842092,16
889831,20.526506128909055,16
889847,20.59161837996281,16
889863,20.44700214460783,16
889879,20.29211535239212,16
889895,20.59243501325397,16
889911,20.468308708967644,16
889928,21.791947242579198,17
889944,20.626289158840454,16
889960,20.567566040213986,16
889976,20.461220842611574,16
889992,20.590924750683993,16
890008,20.494853466032314,16
890024,20.475828308873755,16
890040,20.52169200176967,16
890056,20.42918824322938,16
890072,20.379648378817762,16
890088,20.40671659147607,16
890104,20.558645190536577,16
890120,20.25542998801957,16
890136,20.48425573822392,16
890152,20.401825204124698,16
890168,20.50197176447942,16
890184,20.462858143166724,16
890200,20.30120008583532,16
890216,20.539703530407436,16
890232,20.67972367419759,16
890248,20.35370731185786,16
890264,20.641549982023943,16
890280,20.5867162145369,16
890296,20.363237686366986,16
890312,20.431538971099435,16
890328,20.47496853691619,16
890344,20.538954748817016,16
890360,20.376046825985192,16
890376,20.451352149528237,16
890392,20.390555405970563,16
890408,20.54540586975045,16
890424,20.502945283049755,16
890440,20.487612845213757,16
890456,20.564848643338546,16
890472,20.542583196981283,16
890488,20.45976134507426,16
890504,20.54696430715238,16
890520,20.19568564846604,16
890537,21.854961344401204,17
890553,20.527533813739993,16
890569,20.594940285317197,16
890585,20.32813654324089,16
890601,20.566351328922966,16
890617,20.603467231080426,16
890633,20.4660469061391,16
890649,20.447517476239728,16
890665,20.582583177618513,16
890681,20.569518834932403,16
890697,20.377259494193446,16
890713,20.47075085002811,16
890729,20.703339246549227,16
890745,20.592115698806968,16
890761,20.437693512654707,16
890777,20.271809256289263,16
890793,20.264142309328466,16
890809,20.448151077300327,16
890825,20.541735834678963,16
890841,20.499795203705713,16
890857,20.591417196285615,16
890873,20.295618698222352,16
890889,20.43177883727275,16
890905,20.49828862680423,16
890921,20.53450534350404,16
890937,20.59737475519271,16
890953,20.371189769534073,16
890969,20.36918328302531,16
890985,20.451808626350633,16
891001,20.515948471939357,16
891017,20.33505584439005,16
891033,20.51638622661564,16
891049,20.495888734005554,16
891065,20.40485231107288,16
891081,20.4235871805992,16
891097,20.269167832213007,16
891113,20.55001078294055,16
891129,20.28356593770393,16
891145,20.441146741402434,16
891161,20.428518655555767,16
891177,20.273034599720706,16
891193,20.43652192761268,16
891209,20.37115442815416,16
891225,20.335906163733142,16
891242,21.67344504707031,17
891258,20.372274884446412,16
891274,20.533784463732875,16
891290,20.555886426155205,16
891306,20.487090691973467,16
891322,20.417401645510537,16
891338,20.428401696870544,16
891354,20.583447399181686,16
891370,20.343795163002962,16
891386,20.43119749812779,16
891402,20.540222346667374,16
891418,20.290725819160734,16
891434,20.320132365799573,16
891450,20.401979361198375,16
891466,20.38756068194047,16
891483,21.44846634228715,17
891499,20.470881521687605,16
891515,20.4601117010027,16
891531,20.356875039047782,16
891547,20.451815373217354,16
891563,20.498446290246363,16
891579,20.39411890739308,16
891595,20.424997055780494,16
891611,20.433942478914087,16
891627,20.513755673107287,16
891643,20.393658797455917,16
891659,20.51937979294299,16
891675,20.37104870015019,16
891691,20.466790446557653,16
891707,20.376027523651647,16
891723,20.51291974337028,16
891739,20.44388250736344,16
891755,20.250741894242072,16
891771,20.517198724565898,16
891787,20.60056981712861,16
891803,20.474237065724736,16
891819,20.498715869615936,16
891835,20.381985124363982,16
891851,20.217570910639683,16
891867,20.340103646731595,16
891883,20.534262093340473,16
891899,20.354213516889477,16
891915,20.283248976228577,16
891931,20.574358375521363,16
891947,20.34277633293092,16
891963,20.40460478169063,16
891979,20.401591428779195,16
891995,20.21865799085862,16
892011,20.376267206925537,16
892027,20.292959639817276,16
892043,20.50554013135108,16
892059,20.435818993725263,16
892075,20.527563299276007,16
892091,20.4895506803853,16
892107,20.224167766346568,16
892123,20.554732094600514,16
892139,20.41164565167663,16
892155,20.666213031275618,16
892171,20.442849970208247,16
892187,20.40423397173,16
892203,20.486190599017526,16
892219,20.467815773771235,16
892235,20.341051984254847,16
892251,20.59709237752051,16
892267,20.447984940922552,16
892283,20.39632048890858,16
892299,20.287502980808316,16
892315,20.53116765222121,16
892331,20.53779197564038,16
892347,20.53533024115533,16
892363,20.47796785616859,16
892379,20.45257814878436,16
892395,20.543666309523516,16
892411,20.40221914561013,16
892427,20.39009960129836,16
892443,20.400813416150132,16
892459,20.50350920076723,16
892475,20.570426057187845,16
892492,21.596787790800864,17
892508,20.58715265190949,16
892524,20.36773807590449,16
892540,20.57937607125028,16
892556,20.445139480846276,16
892572,20.350336903058526,16
892588,20.32922204369394,16
892604,20.516061793694522,16
892621,21.656240920259716,17
892637,20.456150571937737,16
892653,20.294172279027325,16
892669,20.57612724670949,16
892685,20.42994481728043,16
892701,20.46587653083994,16
892717,20.515842805204365,16
892733,20.529877915645432,16
892749,20.474852723305055,16
892766,21.77432399743891,17
892783,21.6747268481845,17
892799,20.48632992933852,16
892815,20.479355983477735,16
892831,20.33647377279527,16
892847,20.60293293024583,16
892863,20.414771697596446,16
892879,20.37808220890442,16
892895,20.513287588011558,16
892911,20.530940569341574,16
892927,20.517891158749404,16
892943,20.545129605212185,16
892959,20.37042157398813,16
892975,20.47598944775506,16
892991,20.430223501134236,16
893007,20.524020689778023,16
893023,20.47919532660368,16
893039,20.322969249461245,16
893055,20.493252369594117,16
893071,20.385104440009506,16
893087,20.2562766475624,16
893103,20.35239915926881,16
893119,20.318376032310578,16
893135,20.524524253022058,16
893151,20.369670125950208,16
893167,20.39222614790507,16
893183,20.539847378107087,16
893199,20.360984803562022,16
893215,20.362682571841425,16
893231,20.384065327347646,16
893247,20.538038609094997,16
893263,20.327959593147362,16
893279,20.414501784961466,16
893295,20.253449288839732,16
893311,20.397903919788835,16
893327,20.438894053191873,16
893343,20.54331751189807,16
893359,20.362007747538513,16
893375,20.500282338896053,16
893391,20.446582726492995,16
893407,20.405151679053013,16
893423,20.39004015653895,16
893439,20.55025889654331,16
893455,20.517639441252562,16
893471,20.354015073216402,16
893487,20.419126574458474,16
893503,20.416494585269945,16
893519,20.516895242643194,16
893535,20.3548914759794,16
893551,20.39470737144264,16
893567,20.556745517437925,16
893583,20.53020787502716,16
893599,20.32684851404255,16
893615,20.45375213517932,16
893631,20.294428186009824,16
893647,20.531391786055053,16
893663,20.45064429363231,16
893679,20.424346087832323,16
893695,20.31237732218601,16
893711,20.48661165739643,16
893727,20.576697614465406,16
893743,20.39816415076374,16
893759,20.323717690253204,16
893775,20.43047914405867,16
893791,20.46943030580374,16
893807,20.371619795815743,16
893823,20.48973934264878,16
893839,20.6280601128987,16
893855,20.46597954700731,16
893871,20.464894723647287,16
893887,20.454920418240576,16
893903,20.406742714889976,16
893919,20.457810977847704,16
893935,20.465189602673803,16
893951,20.558055080794848,16
893967,20.508614272517022,16
893983,20.483134059350572,16
893999,20.16735782115054,16
894015,20.39205492687788,16
894031,20.48497236022118,16
894048,21.487276715124217,17
894064,20.41310822884387,16
894080,20.285150775586217,16
894096,20.484218036679888,16
894112,20.417933500081922,16
894128,20.354975770079058,16
894144,20.654958716135486,16
894160,20.469238380781036,16
894176,20.399940992262582,16
894192,20.5615998741646,16
894208,20.40545345170995,16
894224,20.35543202679644,16
894240,20.391114839430546,16
894256,20.471155845599814,16
894272,20.31412804762846,16
894288,20.45283180288824,16
894304,20.441447837801604,16
894320,20.542660865969456,16
894336,20.440468539381094,16
894352,20.29572166421095,16
894368,20.581545095308307,16
894384,20.60565681940195,16
894400,20.390516584417853,16
894416,20.379466275094682,16
894432,20.2520486345744,16
894448,20.38631771143459,16
894464,20.496884669531532,16
894480,20.31970683651408,16
894497,21.69278510089637,17
894513,20.460020341607184,16
894529,20.46195169969854,16
894545,20.37358108890468,16
894561,20.388226286415907,16
894577,20.328266641643125,16
894593,20.41514012040833,16
894609,20.371504171442616,16
894625,20.321368486672622,16
894641,20.378861208686537,16
894657,20.361847352280087,16
894673,20.378218940246597,16
894689,20.438491780825792,16
894705,20.537517738131783,16
894721,20.375849111772315,16
894737,20.466922139423893,16
894753,20.36997970130776,16
894769,20.515481119078917,16
894785,20.395121490930002,16
894801,20.55925166804691,16
894817,20.468697795159844,16
894833,20.41212683203871,16
894849,20.319877618776708,16
894865,20.411954152023224,16
894881,20.281755288989373,16
894897,20.448503110643767,16
894913,20.30511852146767,16
894929,20.562862988228673,16
894945,20.35699560537578,16
894961,20.480038370859177,16
894977,20.34611738115237,16
894993,20.43310453547243,16
895009,20.364009258343916,16
895025,20.454956472912645,16
895041,20.417909415292325,16
895057,20.46491122426023,16
895073,20.362530328699513,16
895089,20.30885805429362,16
895105,20.33767188211759,16
895121,20.177355592960055,16
895137,20.470632477755217,16
895153,20.300079273841423,16
895169,20.386425832760253,16
895185,20.39600722305765,16
895201,20.29554044199829,16
895217,20.44813076276099,16
895233,20.501041672637477,16
895249,20.471356096836583,16
895265,20.353885769063336,16
895281,20.360172499249867,16
895297,20.40475673073188,16
895313,20.46252163203131,16
895329,20.464643535048598,16
895345,20.26756295735486,16
895361,20.29156204189303,16
895378,21.75741654208488,17
895394,20.27684084890512,16
895411,21.56098103019982,17
895427,20.30200565709462,16
895443,20.27656548410466,16
895459,20.211635656427003,16
895475,20.391430360637028,16
895491,20.269731546446017,16
895507,20.44487693531384,16
895523,20.415932932708227,16
895540,21.59886851025716,17
895556,20.25697111036876,16
895572,20.35243058293594,16
895588,20.36220532700058,16
895604,20.270662791921378,16
895620,20.31518549138518,16
895636,20.281546554793845,16
895652,20.27802082264545,16
895668,20.34674397339384,16
895684,20.397689485634178,16
895700,20.362080806524908,16
895716,20.41027314939294,16
895733,21.585560525026725,17
895749,20.412375553063878,16
895765,20.37275179351764,16
895781,20.219355145128592,16
895797,20.352061010532847,16
895813,20.44144543761257,16
895830,21.39485869924898,17
895847,21.72050026291364,17
895863,20.35104341274324,16
895879,20.407091413107107,16
895895,20.308068327983694,16
895911,20.452348684825136,16
895927,20.373056812943243,16
895943,20.39333276412466,16
895959,20.422321147178376,16
895975,20.265888556455156,16
895991,20.46059002219892,16
896007,20.303685555549777,16
896023,20.418640458666722,16
896039,20.319526929724656,16
896055,20.253725790477525,16
896071,20.263423821133575,16
896087,20.49318543846388,16
896103,20.441546524448555,16
896119,20.20804606465027,16
896135,20.33770006851773,16
896151,20.283643507359177,16
896168,21.589891279910564,17
896185,21.5787008581218,17
896201,20.395741395094934,16
896217,20.209002354366824,16
896233,20.35290227510237,16
896249,20.291244252348218,16
896265,20.418479582976197,16
896281,20.27273095124505,16
896297,20.38114312528206,16
896314,21.723594370063815,17
896330,20.441839022014328,16
896346,20.463062665885964,16
896362,20.351401589718026,16
896378,20.386992301246647,16
896394,20.41915537502563,16
896410,20.41748542563739,16
896426,20.45471576500431,16
896442,20.313467032332433,16
896458,20.26869857726371,16
896474,20.34204545401097,16
896490,20.128564428309723,16
896506,20.275736111615352,16
896522,20.56175258902968,16
896538,20.473905585559763,16
896554,20.314206966584823,16
896570,20.307864457570027,16
896586,20.315799869842476,16
896602,20.283216250328746,16
896618,20.275451149865415,16
896634,20.402907404375753,16
896650,20.352246483294824,16
896666,20.43989447342635,16
896682,20.407828476083644,16
896698,20.449100649993653,16
896714,20.386143055829955,16
896730,20.351009059553416,16
896746,20.388393846209492,16
896762,20.50627431687784,16
896778,20.30619634802684,16
896794,20.251286065584384,16
896810,20.380436915877713,16
896826,20.32417101299246,16
896842,20.30238045925009,16
896858,20.35823738154419,16
896874,20.214209577286546,16
896890,20.440425403111544,16
896906,20.407423113701242,16
896923,21.639062775904602,17
896939,20.422237028245284,16
896955,20.34947669661589,16
896971,20.421036760528544,16
896987,20.443662919505364,16
897003,20.4522548208023,16
897019,20.492634959475726,16
897035,20.312934387204542,16
897051,20.46480214679627,16
897067,20.23249478435857,16
897083,20.452241758673672,16
897099,20.326282505990427,16
897115,20.375548031172716,16
897131,20.477238274116544,16
897147,20.22973601098326,16
897163,20.531423031132856,16
897179,20.253896487054536,16
897195,20.355903030567667,16
897211,20.409949686105307,16
897227,20.397602194926357,16
897243,20.29715557633525,16
897259,20.369385229687754,16
897275,20.27861980652462,16
897291,20.314496139627,16
897307,20.442232562864987,16
897324,21.479814284092058,17
897340,20.462735227800042,16
897356,20.424107273151776,16
897372,20.51274216575417,16
897388,20.55188758931847,16
897404,20.322312451512964,16
897420,20.318471631709713,16
897436,20.343740004653817,16
897452,20.39734755790182,16
897468,20.35263889550841,16
897484,20.249399399411413,16
897500,20.322177215130335,16
897516,20.590648713200384,16
897532,20.383949113112777,16
897548,20.120192300555722,16
897564,20.429944779416218,16
897580,20.472294052553067,16
897596,20.436668365162774,16
897612,20.40290700865545,16
897628,20.279721841028994,16
897644,20.343566607473665,16
897660,20.25222782065389,16
897676,20.29491929033923,16
897692,20.25680787246427,16
897708,20.210475446088633,16
897724,20.38469632802084,16
897740,20.188773771706682,16
897756,20.43513416901946,16
897772,20.295119081477914,16
897788,20.404856550633898,16
897804,20.408996703473786,16
897820,20.29727076460848,16
897836,20.16188507596073,16
897852,20.420352180623304,16
897868,20.412065013111818,16
897884,20.368041176937815,16
897900,20.341259581295446,16
897916,20.223457664900707,16
897932,20.34599541779042,16
897948,20.280408370126807,16
897964,20.291948550183843,16
897980,20.067968946013437,16
897996,20.360747091054172,16
898012,20.385073556146644,16
898028,20.231715697095108,16
898044,20.498834140966565,16
898060,20.42916392609682,16
898076,20.416223716736983,16
898092,20.34793338186109,16
898108,20.282041090990646,16
898124,20.492541626925814,16
898140,20.417576521515574,16
898157,21.79711206979476,17
898173,20.478122909001936,16
898189,20.481068162203147,16
898205,20.462555371189534,16
898221,20.600038085474903,16
898237,20.375887844322733,16
898253,20.24512051974983,16
898269,20.545264535898873,16
898285,20.316955475463264,16
898301,20.36858437517589,16
898317,20.394172937694808,16
898333,20.310025827098695,16
898349,20.42735594927892,16
898365,20.391145772819844,16
898381,20.464000763121952,16
898397,20.278206598520086,16
898413,20.49952488828274,16
898430,21.586965325058536,17
898446,20.529981642616686,16
898462,20.432991111879147,16
898478,20.221613681287476,16
898494,20.245347902136,16
898510,20.353421655390715,16
898526,20.444730530459182,16
898542,20.30592613624408,16
898558,20.483018629296936,16
898574,20.489864206175287,16
898590,20.416081555700327,16
898606,20.234677445987113,16
898622,20.436227162618763,16
898638,20.44931928978587,16
898654,20.317990524384623,16
898670,20.383614997273554,16
898686,20.285778753062697,16
898702,20.362368547153174,16
898718,20.37351179144783,16
898734,20.411918923488138,16
898750,20.224373893770682,16
898766,20.380804311780622,16
898782,20.296863724798804,16
898798,20.391005641888004,16
898815,21.61426165635826,17
898831,20.180209307743848,16
898847,20.472614589661692,16
898863,20.462473210616487,16
898879,20.223643858976576,16
898895,20.391081471569706,16
898911,20.513452890570417,16
898927,20.488676699899575,16
898943,20.467968288932596,16
898959,20.27996917759065,16
898975,20.269567531315804,16
898991,20.491820468432262,16
899007,20.233906227220395,16
899023,20.275792435573695,16
899039,20.309634035980885,16
899055,20.24367427867096,16
899071,20.33158744139552,16
899087,20.161579278177992,16
899103,20.31643518415262,16
899119,20.445364418313194,16
899135,20.317390598728963,16
899151,20.40147723918124,16
899167,20.59080755817311,16
899183,20.360686528972956,16
899199,20.416688273058895,16
899215,20.524186622356297,16
899231,20.386282606299364,16
899247,20.536280694296853,16
899263,20.2820658380318,16
899279,20.381792929048714,16
899295,20.415991963415454,16
899312,21.568719888581505,17
899328,20.29000221760036,16
899344,20.30626989875578,16
899360,20.263153583659644,16
899376,20.336696344547896,16
899393,21.60106042192153,17
899409,20.21437310848521,16
899426,21.456925286924957,17
899442,20.327022446775533,16
899458,20.19729616995841,16
899474,20.361632430456485,16
899490,20.431075662041227,16
899506,20.372846553421063,16
899522,20.265390722955328,16
899538,20.42864583202249,16
899554,20.466736589410214,16
899570,20.55927577993161,16
899586,20.17787336781682,16
899602,20.28140014162095,16
899618,20.22841701857649,16
899634,20.47690369233464,16
899650,20.33644219685977,16
899666,20.407523064430567,16
899682,20.27847718076076,16
899698,20.340098772942603,16
899714,20.441272941349677,16
899730,20.42913803414075,16
899747,21.800911291517156,17
899763,20.19874266083127,16
899780,21.526900015265696,17
899796,20.364222306458924,16
899812,20.371436755037646,16
899828,20.431048993701637,16
899844,20.223362947352456,16
899860,20.36898673067641,16
899876,20.372062753120876,16
899892,20.402333154384518,16
899909,21.5479746403193,17
899925,20.341590607636522,16
899941,20.403915494605375,16
899957,20.225252634353524,16
899973,20.35331289290877,16
899989,20.45915721999203,16
900005,20.241072888792974,16
900022,21.532897761493484,17
900038,20.359341572596275,16
900055,21.673673546734705,17
900071,20.26898801406288,16
900087,20.30448027349316,16
900103,20.461953345251114,16
900119,20.295754312154063,16
900135,20.388445560852773,16
900151,20.278479283030812,16
900167,20.231675137734882,16
900183,20.322362183320006,16
900199,20.301107463840403,16
900215,20.37040433601468,16
900231,20.34480370948366,16
900247,20.31265417287205,16
900263,20.52508731857766,16
900279,20.4435758891357,16
900295,20.42702767600329,16
900311,20.38265148889375,16
900327,20.120467603922894,16
900343,20.3084122323166,16
900359,20.321915127330623,16
900375,20.341353805223473,16
900391,20.310761020184188,16
900407,20.29532694219848,16
900423,20.218630422382812,16
900439,20.41400225493391,16
900455,20.330739438274584,16
900471,20.328610022494722,16
900487,20.41142680232815,16
900503,20.45310769883148,16
900519,20.31490944403444,16
900535,20.350108693227355,16
900551,20.380715061550077,16
900568,21.58797452949355,17
900584,20.30355145789604,16
900600,20.369935773144995,16
900616,20.434257417441085,16
900632,20.269408230097213,16
900648,20.342884779834623,16
900664,20.39795703998391,16
900680,20.249510926984232,16
900696,20.4256247041784,16
900712,20.304890480456915,16
900729,21.737560138902744,17
900745,20.391183711472717,16
900761,20.283383938434397,16
900777,20.42308223862031,16
900793,20.340547802406093,16
900809,20.31796834937392,16
900825,20.255225201266093,16
900841,20.498416109649767,16
900857,20.44559395794865,16
900873,20.230062796068793,16
900889,20.46121157702578,16
900905,20.24269099658463,16
900922,21.51014001042059,17
900938,20.43766738966403,16
900954,20.378619476638605,16
900970,20.29555398288703,16
900986,20.439805581781517,16
901002,20.425884406114136,16
901018,20.31430216344976,16
901034,20.516227785118865,16
901050,20.431850326790876,16
901067,21.498073971356426,17
901083,20.36017328788243,16
901099,20.413270316535666,16
901115,20.4635900495359,16
901131,20.621246421545546,16
901147,20.388773680240853,16
901164,21.563616852133038,17
901180,20.30836001415243,16
901196,20.508356158129978,16
901212,20.393150221736757,16
901228,20.472431114669643,16
901244,20.424973474019556,16
901260,20.60347533158852,16
901276,20.40762620496637,16
901292,20.37021777390224,16
901308,20.35796312625602,16
901324,20.412081888023494,16
901340,20.473923862132686,16
901356,20.262493806791497,16
901372,20.311245780650612,16
901388,20.448203836135747,16
901404,20.477137903548496,16
901420,20.40180134361731,16
901436,20.444752669041467,16
901452,20.563612936817588,16
901469,21.684142818609192,17
901485,20.493070436158316,16
901501,20.65246913905363,16
901517,20.33934702628435,16
901533,20.396461240396267,16
901549,20.420133449022053,16
901565,20.44830969754547,16
901581,20.22386236643289,16
901597,20.515754513364953,16
901613,20.381287294877808,16
901629,20.26426219666608,16
901645,20.34013906989817,16
901661,20.441960801077272,16
901678,21.751382899115317,17
901694,20.539549459593875,16
901710,20.367605798886533,16
901726,20.421782275177545,16
901742,20.341473824354612,16
901758,20.594498611856935,16
901774,20.33777600590621,16
901790,20.403756672954508,16
901806,20.32332112248238,16
901822,20.39722152309612,16
901838,20.274153459703722,16
901854,20.374915797020574,16
901870,20.34634345989959,16
901886,20.45851032799453,16
901902,20.302044054071327,16
901918,20.361174929678366,16
901934,20.377290608357423,16
901950,20.438712509618867,16
901966,20.262862402243346,16
901982,20.251232415476682,16
901998,20.4283084548158,16
902014,20.286521755888106,16
902031,21.678573393632604,17
902047,20.35992284419352,16
902063,20.47687831900585,16
902079,20.490723376520133,16
902095,20.487510286733393,16
902111,20.132006136174915,16
902127,20.28995178914053,16
902143,20.4717500260869,16
902159,20.389499634458367,16
902175,20.555327655389846,16
902191,20.45889933924583,16
902207,20.369109150310102,16
902223,20.398264010768678,16
902239,20.403244025449673,16
902255,20.22392775823124,16
902271,20.30252230996649,16
902287,20.566649808265243,16
902303,20.386617794032535,16
902320,21.552403784345113,17
902336,20.529387973983017,16
902352,20.486215891398004,16
902368,20.3529686753167,16
902384,20.319755695689647,16
902400,20.461463731268243,16
902417,21.603514913714893,17
902433,20.25909323535621,16
902449,20.28718368481517,16
902465,20.262907883554817,16
902481,20.296204674660064,16
902497,20.252349138158532,16
902513,20.374344105526802,16
902530,21.585738881596114,17
902546,20.49219217619021,16
902562,20.18256556617305,16
902578,20.424824873341695,16
902594,20.4615334490961,16
902611,21.462774157329616,17
902627,20.407741940704444,16
902643,20.585160205584675,16
902660,21.697156823895437,17
902676,20.41191458744289,16
902692,20.308934447018046,16
902708,20.293979723498467,16
902724,20.442060508560484,16
902740,20.349289821083683,16
902756,20.314931375403912,16
902772,20.30950852775397,16
902788,20.521084152035645,16
902805,21.611905790208844,17
902821,20.161067319251632,16
902837,20.315319886059612,16
902853,20.436536525663286,16
902869,20.47189617796984,16
902885,20.304457954489013,16
902901,20.496367444898002,16
902917,20.403050825994455,16
902933,20.526668956474786,16
902949,20.299520627506404,16
902965,20.234361055464063,16
902981,20.413984490181317,16
902998,21.759980286471883,17
903014,20.151346925459528,16
903030,20.239440476982846,16
903046,20.35243762486526,16
903062,20.29943191664953,16
903078,20.30289820233198,16
903095,21.536504548637577,17
903111,20.278579038807987,16
903127,20.28838261215994,16
903143,20.399697840944697,16
903159,20.31596430475002,16
903175,20.631009887092365,16
903191,20.553787480548294,16
903208,21.363527274018946,17
903224,20.541064626825207,16
903240,20.398278429906412,16
903256,20.233197822224923,16
903272,20.51573730542453,16
903288,20.408844883816204,16
903304,20.425051742086797,16
903320,20.60797193378169,16
903336,20.269121416804865,16
903352,20.34601643568704,16
903368,20.243478676079675,16
903384,20.596132071105536,16
903400,20.553925828541374,16
903416,20.468028936813862,16
903432,20.276801531078537,16
903448,20.34476654052111,16
903464,20.45067893918271,16
903480,20.361096302978318,16
903496,20.241060288807695,16
903512,20.43765219316783,16
903528,20.391577921593527,16
903544,20.388950526408287,16
903560,20.245717610989935,16
903576,20.33256950281599,16
903592,20.50821788018491,16
903608,20.396504787844083,16
903624,20.438444345818453,16
903640,20.41864200573244,16
903656,20.442072954224248,16
903672,20.267861088745274,16
903688,20.481419928360644,16
903704,20.474995252824385,16
903720,20.298428734662846,16
903736,20.374972249728287,16
903752,20.266235192233545,16
903768,20.334066186038932,16
903784,20.559684474602985,16
903800,20.306601288325474,16
903816,20.2877124011226,16
903832,20.34338444923653,16
903848,20.33630326267157,16
903864,20.407957254769823,16
903880,20.293853829677843,16
903896,20.44139424876482,16
903912,20.301652421600846,16
903928,20.31485364240843,16
903944,20.503010198523636,16
903960,20.440423310215834,16
903976,20.39977172656233,16
903992,20.344374840404104,16
904008,20.61332580643591,16
904024,20.28374580266256,16
904040,20.546080966697453,16
904056,20.390967729912553,16
904072,20.469728249236194,16
904088,20.210325990138294,16
904104,20.37785272269145,16
904120,20.375963437056857,16
904137,21.473130964600426,17
904153,20.362705365498105,16
904169,20.436767090772232,16
904185,20.37721594538852,16
904201,20.522753450700968,16
904218,21.80631990336024,17
904234,20.439195646794424,16
904250,20.473252299131712,16
904266,20.41101284124272,16
904282,20.541855589499278,16
904298,20.204293633328675,16
904314,20.553366906700155,16
904330,20.386937604829715,16
904346,20.343141599226463,16
904362,20.323010838450806,16
904378,20.335021843886018,16
904394,20.26098983027436,16
904410,20.13580408839553,16
904426,20.455486050260838,16
904442,20.602683048426,16
904458,20.18725400234957,16
904474,20.336355535701976,16
904490,20.533707568041955,16
904506,20.186175032702817,16
904522,20.345451773103164,16
904538,20.454432278552343,16
904554,20.46993939883326,16
904570,20.184862051428055,16
904586,20.514803011796023,16
904602,20.364686446983193,16
904618,20.35688910068116,16
904634,20.496122948432117,16
904650,20.485544982701487,16
904666,20.424199708234934,16
904683,21.427947486899118,17
904699,20.10689915131623,16
904715,20.360552279595147,16
904732,21.710243653120582,17
904748,20.26748708336168,16
904764,20.436596210447785,16
904780,20.382276163424518,16
904796,20.55078801769849,16
904812,20.349693070500624,16
904828,20.451030979882308,16
904845,21.527664448942986,17
904861,20.503739276225463,16
904877,20.474479477827455,16
904893,20.50433711603552,16
904909,20.429854343616043,16
904925,20.448262268471346,16
904941,20.36096411870427,16
904957,20.336800623240734,16
904973,20.265974983514653,16
904989,20.326066206948266,16
905005,20.654589159872533,16
905021,20.38143234538723,16
905037,20.249527172637215,16
905053,20.370032302759686,16
905069,20.519896524029527,16
905085,20.37165084364282,16
905101,20.478879376798844,16
905117,20.52415005637255,16
905133,20.373647156661637,16
905149,20.298720008119247,16
905165,20.514135041305437,16
905181,20.509370954589535,16
905197,20.414874211669236,16
905214,21.715266047384223,17
905230,20.556955735922013,16
905246,20.617495242151705,16
905262,20.455431026923367,16
905278,20.154332893842216,16
905294,20.451216140567972,16
905311,21.66263213210738,17
905327,20.29321075487853,16
905343,20.59664400063367,16
905359,20.414075050548924,16
905375,20.517083391273783,16
905391,20.58748140737863,16
905407,20.63205117358254,16
905424,21.633758048043227,17
905440,20.400368414245143,16
905456,20.29936163321307,16
905473,21.804358560689185,17
905489,20.478338913822345,16
905506,21.69549205277046,17
905522,20.407414203132618,16
905539,21.72651863268707,17
905556,21.697276358597883,17
905573,21.82198258456366,17
905589,20.59043810939735,16
905605,20.5501151659273,16
905621,20.436719372898754,16
905637,20.540805010683368,16
905654,21.616371117611433,17
905671,21.52285153437124,17
905687,20.53802430627918,16
905703,20.354142194852205,16
905719,20.483007962543372,16
905735,20.520329841745045,16
905751,20.39033920273662,16
905767,20.535327342738,16
905784,21.79875870449432,17
905801,21.802289450252736,17
905817,20.310509417055503,16
905833,20.465880847070448,16
905850,21.679420616252703,17
905866,20.392031455368144,16
905883,21.5738657066893,17
905899,20.508461900086285,16
905915,20.514082804057175,16
905931,20.47253452618425,16
905947,20.446622154122032,16
905963,20.415921522915674,16
905979,20.38250360601131,16
905995,20.46522114332698,16
906011,20.573405508134403,16
906027,20.294048056633947,16
906044,21.637054598503745,17
906060,20.41298430345703,16
906076,20.484465881665884,16
906092,20.379808450012735,16
906109,21.63988983253608,17
906125,20.348966029420932,16
906141,20.424418828531827,16
906158,21.779733751872165,17
906174,20.575695035067394,16
906190,20.572615736967233,16
906206,20.401847849260484,16
906223,21.772706602836816,17
906239,20.40963027335982,16
906255,20.475645358603987,16
906272,21.81825729868748,17
906288,20.410852330803415,16
906304,20.50771654063386,16
906320,20.134091290877592,16
906336,20.542372022305706,16
906352,20.448364727344757,16
906369,21.5589915194816,17
906385,20.475923372888136,16
906401,20.330009631661326,16
906417,20.217116849349992,16
906433,20.589879044248324,16
906449,20.564067421127152,16
906465,20.439032189727094,16
906481,20.61210508164568,16
906497,20.308204703042957,16
906513,20.47685396817531,16
906529,20.387207535422476,16
906545,20.396854651486525,16
906561,20.45335930274066,16
906577,20.633663906476027,16
906593,20.369960197234683,16
906609,20.342204951162177,16
906625,20.52624954445802,16
906641,20.505963561792797,16
906657,20.295805034995333,16
906674,21.702166376552785,17
906690,20.338808443862842,16
906706,20.365105483356984,16
906722,20.469512670492836,16
906738,20.17829283712533,16
906755,21.859961442226275,17
906771,20.455977355864977,16
906787,20.405577810071453,16
906803,20.3287263220054,16
906819,20.39173562343771,16
906835,20.34852345362049,16
906851,20.485125544248987,16
906867,20.33557108967578,16
906883,20.541667708438013,16
906899,20.362374510563097,16
906915,20.49647185539317,16
906932,21.66928626594866,17
906948,20.547383234884823,16
906964,20.57754476410362,16
906980,20.39907392753054,16
906996,20.435719904954407,16
907012,20.51578086007073,16
907029,21.670252934201557,17
907045,20.402069272269667,16
907061,20.424621756819,16
907077,20.499108594878567,16
907094,21.771316178509867,17
907110,20.520109709800398,16
907126,20.557388059070203,16
907142,20.577030205990305,16
907158,20.359215264575404,16
907175,21.566154725981814,17
907191,20.472205340442578,16
907207,20.532417758676313,16
907223,20.529915572451667,16
907239,20.434533717141036,16
907255,20.577405932820394,16
907271,20.63952119653216,16
907287,20.37358766423903,16
907303,20.621317981864845,16
907319,20.53337269049673,16
907335,20.445709858957233,16
907351,20.354110892379474,16
907367,20.399257926259185,16
907383,20.400128979986654,16
907400,21.680750900581103,17
907416,20.33956737959261,16
907432,20.589833234913414,16
907448,20.650842509091504,16
907464,20.63052210908746,16
907480,20.489833438226466,16
907496,20.53916226876131,16
907512,20.554456973821388,16
907528,20.55167437834078,16
907544,20.55417308381287,16
907560,20.273133274844646,16
907576,20.489698946333565,16
907592,20.399483131528967,16
907608,20.38409727995363,16
907625,21.72875490871566,17
907641,20.564060734939744,16
907657,20.289296152195114,16
907673,20.641860620572068,16
907689,20.29211428467604,16
907705,20.685361745078687,16
907721,20.712576775519402,16
907737,20.736499699741817,16
907753,20.53753820922473,16
907769,20.532231853529623,16
907785,20.484842388805546,16
907801,20.591327796513845,16
907818,21.548969006656417,17
907834,20.54961306394095,16
907850,20.270077418115665,16
907866,20.419997919367887,16
907882,20.399679768296,16
907899,21.812600190182167,17
907916,21.771200230378444,17
907933,21.848699005894932,17
907950,21.70110369102188,17
907966,20.56160085291,16
907982,20.43669702045867,16
907999,21.715961192756,17
908015,20.673012488600474,16
908031,20.733078351479158,16
908047,20.51428799364604,16
908063,20.521170764301953,16
908079,20.607542244845334,16
908095,20.608076111565893,16
908111,20.597533521892906,16
908127,20.545396920517412,16
908143,20.317260810754117,16
908159,20.371495460289967,16
908175,20.57984431101952,16
908191,20.543696746509774,16
908207,20.35577681158722,16
908223,20.660523305333694,16
908239,20.518641587847366,16
908256,21.821054196183987,17
908272,20.478973683228347,16
908288,20.486474026231107,16
908304,20.535988139342944,16
908320,20.546044778448163,16
908336,20.429490165392597,16
908352,20.512562015029566,16
908368,20.458020102883882,16
908384,20.43498902567847,16
908400,20.659122833487103,16
908416,20.625914820333833,16
908432,20.64125650981644,16
908448,20.502294432403776,16
908464,20.411844631056752,16
908480,20.43127770306879,16
908496,20.520980438195647,16
908512,20.53641593667916,16
908528,20.781984286210267,16
908544,20.54518727237082,16
908560,20.64091866026675,16
908576,20.357391418905543,16
908592,20.458899508320684,16
908608,20.57477245245256,16
908624,20.60591827395344,16
908640,20.633809939571236,16
908656,20.64350378358703,16
908672,20.45094437796767,16
908688,20.187050701958803,16
908705,21.68736432035477,17
908722,21.76788004959873,17
908738,20.411639758463746,16
908754,20.514404872665594,16
908770,20.589154518177402,16
908786,20.614385388416192,16
908802,20.405925037433313,16
908818,20.388452814186248,16
908834,20.486487241200255,16
908851,21.710228171662383,17
908867,20.51288899360088,16
908883,20.611794533338596,16
908899,20.59559689602644,16
908915,20.464688799376994,16
908931,20.586050001173767,16
908947,20.45068505934493,16
908963,20.524445929924344,16
908979,20.34332901185006,16
908995,20.730088141058477,16
909012,21.78613634572423,17
909028,20.467668254017976,16
909044,20.532226415339835,16
909060,20.641944772856352,16
909076,20.418339143352693,16
909092,20.40010948961933,16
909108,20.522223046589087,16
909124,20.579249508211294,16
909141,21.76920402925114,17
909158,21.614886261499443,17
909174,20.45921695236822,16
909190,20.364062029323236,16
909206,20.603432226878116,16
909223,21.778888775885292,17
909239,20.65117735600137,16
909255,20.61704311413621,16
909271,20.442934399786218,16
909287,20.61535112050822,16
909303,20.59489682664107,16
909319,20.600445047240843,16
909335,20.537918570933236,16
909351,20.602117003766114,16
909367,20.403424213402968,16
909383,20.439378372922615,16
909400,21.821954092435522,17
909416,20.743679663723338,16
909432,20.53991565766655,16
909448,20.74564518739352,16
909464,20.514598170989654,16
909480,20.764846675393894,16
909496,20.635304187998223,16
909512,20.37489280781846,16
909528,20.472508967470098,16
909544,20.588497015016166,16
909560,20.630902161947013,16
909576,20.395263094138894,16
909592,20.639781359113005,16
909609,21.87146597728272,17
909625,20.66008396505381,16
909642,21.88629448479995,17
909658,20.542590831861983,16
909674,20.433842553430814,16
909690,20.51739486608466,16
909706,20.529452834492034,16
909722,20.655058075531834,16
909738,20.535773060372847,16
909754,20.286289651799006,16
909770,20.668131986295606,16
909786,20.39863493450211,16
909802,20.379946926938175,16
909818,20.65133344982902,16
909834,20.541708684518746,16
909850,20.673468319139833,16
909866,20.546231956712557,16
909882,20.735336683458907,16
909898,20.63994323281912,16
909914,20.470189386497783,16
909930,20.66123082102297,16
909946,20.657638567570256,16
909962,20.495117176077372,16
909978,20.604413450616736,16
909994,20.551726921776904,16
910010,20.597337597489847,16
910026,20.42824268880416,16
910042,20.472364346687204,16
910058,20.6185008345168,16
910074,20.61732531042655,16
910090,20.669440367229445,16
910106,20.49026330084865,16
910122,20.57994511308229,16
910138,20.407913000998295,16
910154,20.640333604101095,16
910170,20.796005592917155,16
910186,20.676437600598867,16
910202,20.586273508782632,16
910218,20.582509787318443,16
910234,20.53454364565991,16
910250,20.508040857438026,16
910266,20.480832335880045,16
910282,20.503710855025737,16
910298,20.530120860823175,16
910314,20.565792162568385,16
910330,20.46025793726972,16
910346,20.435074540110712,16
910362,20.51445824130451,16
910378,20.524486618767163,16
910394,20.583762101877088,16
910410,20.511034898832825,16
910426,20.741053300384575,16
910442,20.69699035370981,16
910458,20.602274567949543,16
910474,20.65604565276536,16
910490,20.449773701855865,16
910506,20.636150973020516,16
910522,20.425103682411525,16
910538,20.598718661019817,16
910554,20.332831600779727,16
910571,21.61155310854158,17
910587,20.58548436021645,16
910604,22.08209642965458,17
910620,20.271634487336403,16
910636,20.4311868814031,16
910652,20.487419884644545,16
910668,20.656277998797258,16
910684,20.68070863576611,16
910700,20.550688916805022,16
910716,20.52655922411931,16
910732,20.644407165148774,16
910748,20.73108624356435,16
910764,20.474341450143267,16
910780,20.589937155459804,16
910796,20.541536562281497,16
910812,20.567961618822356,16
910829,21.79120080291631,17
910845,20.549433100070054,16
910861,20.552170306891096,16
910877,20.653531020570725,16
910893,20.50315093013575,16
910909,20.499540625004425,16
910925,20.55218680901626,16
910941,20.674185413478867,16
910957,20.417157788673993,16
910973,20.653910048375728,16
910989,20.430720905051054,16
911005,20.77006778424462,16
911021,20.34368434707175,16
911037,20.70362569625847,16
911053,20.511785302787825,16
911069,20.552506625081648,16
911085,20.57195151207898,16
911101,20.729915503696095,16
911117,20.520152082946833,16
911133,20.54668265988303,16
911149,20.55816542820829,16
911165,20.556663460740424,16
911181,20.62797737175708,16
911197,20.48657175429667,16
911213,20.46565709672665,16
911229,20.30001066981431,16
911245,20.566156639386207,16
911261,20.669480665575847,16
911277,20.79047504911686,16
911293,20.625165819500985,16
911309,20.458842702313014,16
911325,20.549487264128885,16
911341,20.55500043594608,16
911357,20.65858545749862,16
911373,20.50263798327954,16
911389,20.695895600179966,16
911405,20.56748525167863,16
911421,20.778179379946128,16
911437,20.474265272271264,16
911453,20.722607718772426,16
911469,20.50526995933749,16
911485,20.556797682383348,16
911501,20.482872055555077,16
911517,20.635709725912456,16
911533,20.465444326458027,16
911549,20.68538243750662,16
911565,20.6813585899094,16
911581,20.512223238010836,16
911597,20.513613860875665,16
911613,20.5525020398176,16
911629,20.601433697184873,16
911646,21.77515062420848,17
911663,21.85762872410278,17
911679,20.793493911013403,16
911696,21.714413725657185,17
911712,20.47016217930073,16
911728,20.455266498708202,16
911744,20.37213161213082,16
911760,20.59466668869748,16
911776,20.636975673417368,16
911793,21.743764053863863,17
911809,20.479094259468486,16
911825,20.52268402878788,16
911841,20.642719561185306,16
911857,20.56914927968962,16
911873,20.72478067645392,16
911889,20.627345860446344,16
911905,20.651728425397447,16
911921,20.457238708548623,16
911937,20.785119889744575,16
911953,20.407047355608857,16
911969,20.374929616020285,16
911985,20.582410673458522,16
912001,20.54713727591074,16
912017,20.754539527558897,16
912033,20.298551171075783,16
912049,20.652612299065876,16
912065,20.48971360358003,16
912081,20.60097349080214,16
912097,20.549606861986536,16
912113,20.59218922617187,16
912129,20.600195720536785,16
912145,20.53430688301917,16
912162,21.65590168397265,17
912178,20.66090205158544,16
912194,20.581646335263034,16
912210,20.679200334278846,16
912226,20.416661005487722,16
912243,21.698412930134168,17
912259,20.5130870066242,16
912275,20.623268449909176,16
912291,20.433620268940448,16
912307,20.397622708097764,16
912323,20.6763451943179,16
912339,20.60002204536232,16
912355,20.65836426533299,16
912371,20.481960633216403,16
912387,20.47650012150632,16
912403,20.482601739885563,16
912419,20.476446596341873,16
912435,20.44038006020198,16
912451,20.61589888067439,16
912467,20.491915450465626,16
912483,20.570596810016248,16
912499,20.59017376472645,16
912516,21.969731307743373,17
912532,20.557737475908404,16
912548,20.71561151557364,16
912564,20.54041927483842,16
912580,20.60004250307323,16
912596,20.69407544386302,16
912612,20.633978903108915,16
912628,20.41928171318387,16
912644,20.782009818278205,16
912660,20.346888902649006,16
912676,20.517434737477416,16
912692,20.443284362880313,16
912708,20.823049470117635,16
912724,20.50958760343344,16
912740,20.75009304042355,16
912756,20.636582109215237,16
912773,21.742165842048014,17
912789,20.578753633417247,16
912805,20.631782267426097,16
912821,20.568407963386132,16
912837,20.654176023237174,16
912853,20.511419003480977,16
912869,20.686151662797208,16
912885,20.401603512146274,16
912901,20.58911228660799,16
912917,20.61079659141278,16
912933,20.502966490339947,16
912949,20.5207201970648,16
912965,20.591766596927428,16
912981,20.412575433920537,16
912997,20.630216737887892,16
913013,20.499946299475702,16
913029,20.819893326269327,16
913045,20.54244355574371,16
913061,20.64164869763729,16
913077,20.763052600003505,16
913093,20.6705521401162,16
913109,20.542223375521637,16
913125,20.6646108972672,16
913141,20.482070448861066,16
913157,20.63328236409335,16
913173,20.65771333623759,16
913189,20.38437228026626,16
913205,20.554619788578737,16
913221,20.53629282426021,16
913237,20.5307689286265,16
913253,20.63944693399161,16
913269,20.553360969570832,16
913285,20.57274621594658,16
913301,20.576586249722236,16
913317,20.620733249979576,16
913333,20.630298256188812,16
913349,20.457542444991017,16
913365,20.505785680800763,16
913381,20.732651122718128,16
913397,20.31882814941619,16
913413,20.589622198655388,16
913429,20.68290632255999,16
913445,20.67343134504838,16
913461,20.496100358776545,16
913477,20.825449710309442,16
913493,20.754634075856085,16
913509,20.567844044114686,16
913525,20.781291864985533,16
913541,20.664175240891353,16
913557,20.74489848789375,16
913573,20.634390476305043,16
913589,20.814811697626244,16
913605,20.53097879077546,16
913621,20.660243793327624,16
913637,20.693332272762788,16
913653,20.812439592491483,16
913669,20.789039412220177,16
913685,20.818482163343592,16
913701,20.661821325431077,16
913717,20.68254716233055,16
913733,20.54747074762565,16
913750,22.047879430452838,17
913766,20.514726174935728,16
913782,20.723999279354206,16
913798,20.732515810899574,16
913814,20.609026297149356,16
913830,20.615725425015036,16
913847,21.999753237039407,17
913863,20.640698996662326,16
913879,20.669615775237045,16
913895,20.838219686447488,16
913912,21.83960428951457,17
913928,20.480624848375527,16
913944,20.2868654360088,16
913960,20.84198677306872,16
913976,20.709643365087857,16
913992,20.472684446783802,16
914008,20.635009458196812,16
914024,20.6512530307077,16
914041,22.076884737653113,17
914057,20.630349493393716,16
914073,20.642862589208153,16
914089,20.65318288403403,16
914105,20.541180892483432,16
914121,20.743835841379017,16
914137,20.702071125106148,16
914153,20.377823264983498,16
914169,20.652120829529657,16
914185,20.602371597925732,16
914201,20.635420035309004,16
914217,20.59093644273775,16
914233,20.728822511867694,16
914249,20.72384035482511,16
914265,20.784094643808857,16
914281,20.67761304146037,16
914297,20.6621991297749,16
914313,20.665658050846456,16
914329,20.498694345623672,16
914346,21.861633521587184,17
914362,20.7366494360773,16
914378,20.48877169943194,16
914394,20.551854332646638,16
914411,22.0710433707287,17
914428,22.090174455374537,17
914444,20.56130730091354,16
914460,20.58164373472748,16
914476,20.77330733647163,16
914492,20.77440676630571,16
914508,20.712985865331888,16
914525,21.985133827345503,17
914542,22.018376588100846,17
914558,20.728838543000826,16
914574,20.738240788121452,16
914590,20.747182021246047,16
914606,20.72297072380485,16
914622,20.787234042054653,16
914638,20.65534197989609,16
914654,20.775004367186863,16
914670,20.51463482308138,16
914686,20.496124686670864,16
914702,20.787141671952355,16
914718,20.672566696342923,16
914734,20.41368993313409,16
914750,20.505552190571102,16
914766,20.762569192914942,16
914783,22.08549959671666,17
914799,20.778432890665904,16
914815,20.38204462307666,16
914831,20.845146214815372,16
914847,20.792934253034762,16
914863,20.729129557855295,16
914879,20.68226754732478,16
914895,20.603240359432807,16
914911,20.80730665610262,16
914927,20.64821198747832,16
914943,20.685058104771933,16
914959,20.554349389440475,16
914975,20.776565223226232,16
914991,20.62357873471488,16
915007,20.646906210226135,16
915023,20.713695539654445,16
915040,21.963852312649177,17
915056,20.49018854624145,16
915072,20.617388487666336,16
915088,20.48588055952208,16
915104,20.582199406406485,16
915120,20.46288296977338,16
915136,20.79195235411254,16
915152,20.605142257428724,16
915168,20.731229882660887,16
915184,20.861570405283047,16
915200,20.819165026987108,16
915216,20.580275574972266,16
915232,20.668971337819798,16
915248,20.57402566498004,16
915264,20.493447431168338,16
915280,20.704788902232814,16
915296,20.46669331707536,16
915312,20.573641689072396,16
915328,20.553460355768117,16
915344,20.546668245942133,16
915360,20.568578894153294,16
915376,20.602765124838726,16
915392,20.636699843477118,16
915408,20.54650950570236,16
915424,20.476909442301483,16
915440,20.76330374698435,16
915456,20.660976176311728,16
915472,20.549702173774786,16
915488,20.648519218410293,16
915504,20.56707526815266,16
915520,20.574638242585756,16
915536,20.58505739990582,16
915552,20.54772365885959,16
915568,20.582288266161292,16
915584,20.63950027620145,16
915600,20.506618966318083,16
915616,20.522052790913158,16
915632,20.548167797130226,16
915648,20.488810659269152,16
915665,21.883712314304567,17
915681,20.510019318132546,16
915697,20.511906463576636,16
915713,20.736610215781084,16
915729,20.49622727408264,16
915745,20.41947622145544,16
915761,20.46844459459387,16
915777,20.489477068976502,16
915793,20.60118633163274,16
915810,21.763912325757506,17
915826,20.383019997785965,16
915842,20.766352078277954,16
915858,20.683953747663576,16
915874,20.653973882193643,16
915890,20.662716062753248,16
915906,20.694715245630842,16
915922,20.391138213242126,16
915938,20.582599796610893,16
915954,20.77160963688937,16
915970,20.638022934303645,16
915986,20.56007821077929,16
916002,20.58306396474264,16
916018,20.7390870494437,16
916034,20.561922587490415,16
916050,20.651095985156342,16
916066,20.665812261680752,16
916082,20.551688916603904,16
916098,20.52678370984106,16
916114,20.699764898680783,16
916130,20.736376950261665,16
916147,21.829869428162755,17
916163,20.447532197543524,16
916179,20.36284020429933,16
916195,20.515968627749295,16
916211,20.56421242106998,16
916227,20.751652130477463,16
916244,21.80102120713805,17
916260,20.593493571465586,16
916277,21.717752402653097,17
916293,20.458919548933984,16
916309,20.573881682656616,16
916325,20.646132676400228,16
916341,20.82673593209268,16
916357,20.72990928874042,16
916373,20.38893234884432,16
916389,20.629121766239784,16
916405,20.519892463843906,16
916421,20.501347211120905,16
916437,20.496340771776083,16
916453,20.569669867050244,16
916469,20.67456917977508,16
916485,20.607770137738328,16
916501,20.741792376163335,16
916517,20.649414764862595,16
916533,20.578931377818858,16
916549,20.613363610257846,16
916565,20.507640653650064,16
916581,20.690079723876398,16
916597,20.493876732166516,16
916613,20.54336283906402,16
916629,20.553805128357556,16
916645,20.546295684849632,16
916661,20.485228289116638,16
916677,20.781760182769386,16
916693,20.358043837394074,16
916709,20.53898317890242,16
916725,20.463240561730103,16
916741,20.686768650364392,16
916757,20.730376177587406,16
916773,20.768348930692227,16
916789,20.677265418901165,16
916805,20.49395101153287,16
916821,20.5583500167296,16
916837,20.411447580297907,16
916853,20.47478815228096,16
916869,20.72418596278498,16
916885,20.572048377371367,16
916901,20.66945495963111,16
916917,20.511684232499586,16
916933,20.483718520184926,16
916949,20.526781561612015,16
916965,20.396122913322824,16
916981,20.49444696654562,16
916997,20.550120356736997,16
917013,20.58442243818757,16
917029,20.62893608707687,16
917045,20.604280985999967,16
917061,20.72896752191563,16
917077,20.466525351701772,16
917093,20.65673920902835,16
917109,20.69008815484795,16
917125,20.53104501902013,16
917141,20.451460075189825,16
917158,21.92992346305212,17
917174,20.46086949361213,16
917190,20.700018848151977,16
917206,20.531168066528963,16
917222,20.649939912366534,16
917238,20.324445760570498,16
917254,20.720395500175798,16
917270,20.567478007151088,16
917286,20.511838544912173,16
917302,20.804160641054732,16
917318,20.517615443172648,16
917334,20.564422825028057,16
917350,20.526846353632912,16
917366,20.46377021369038,16
917382,20.51734777111927,16
917398,20.347821053674732,16
917414,20.388643096969094,16
917430,20.559266315342114,16
917446,20.515714907428865,16
917462,20.554764585944092,16
917479,21.79305800033351,17
917495,20.570925853735435,16
917511,20.631144648506318,16
917527,20.48028934382329,16
917543,20.490136381795715,16
917559,20.762066271224814,16
917575,20.626312347197597,16
917591,20.507276156668723,16
917607,20.45641145186419,16
917623,20.699439851054983,16
917639,20.479597828546925,16
917655,20.5115144751637,16
917671,20.527228035707914,16
917687,20.65512930154744,16
917703,20.533477589590518,16
917719,20.54836300383076,16
917735,20.615497180112314,16
917751,20.37571532543696,16
917767,20.58709004644932,16
917783,20.463589840046954,16
917799,20.558049780536216,16
917815,20.34355733823042,16
917832,21.67791666885517,17
917848,20.568254954440334,16
917864,20.714148855422863,16
917880,20.67458378334795,16
917896,20.488855665445982,16
917912,20.530585039871504,16
917928,20.37164611765953,16
917944,20.606331801590297,16
917960,20.559620101701487,16
917977,21.841418353942014,17
917994,21.855044733082238,17
918010,20.580843590463942,16
918026,20.45613333759831,16
918042,20.523939280456077,16
918058,20.59993091853335,16
918074,20.65285822131959,16
918090,20.531130070505963,16
918106,20.457767072893407,16
918122,20.54788358069572,16
918138,20.643645522282164,16
918154,20.471431618196313,16
918170,20.59174022913737,16
918186,20.601899404355112,16
918203,21.922657696276886,17
918219,20.52558001806389,16
918235,20.647292900040995,16
918251,20.622246986920562,16
918267,20.66574270050725,16
918283,20.37814831957875,16
918299,20.665910902754145,16
918315,20.436557235109326,16
918331,20.56255035486445,16
918347,20.523735064792376,16
918363,20.646086610226476,16
918379,20.44304200307147,16
918395,20.551130455363104,16
918411,20.51297870193537,16
918427,20.52368143672551,16
918443,20.56473508676892,16
918459,20.290373618722455,16
918475,20.62291322187643,16
918491,20.611313798296425,16
918507,20.34546563948521,16
918523,20.581724895417395,16
918539,20.540555441448245,16
918555,20.444651186713358,16
918571,20.550733721135163,16
918587,20.625217440578016,16
918603,20.533118660644547,16
918619,20.56143135256475,16
918635,20.563160433205052,16
918651,20.444919331593884,16
918667,20.45314885643113,16
918683,20.472236218173027,16
918700,21.666931053435558,17
918716,20.720809430851773,16
918733,21.83942241727935,17
918749,20.622821574404668,16
918765,20.67144814825218,16
918781,20.4720851138731,16
918797,20.50782131607483,16
918813,20.36593185963954,16
918829,20.35598185142146,16
918845,20.46681772447631,16
918861,20.362933685248006,16
918877,20.61547951703698,16
918893,20.483972014489908,16
918909,20.518567992888755,16
918925,20.36136449315985,16
918941,20.503050337302845,16
918957,20.602575151226493,16
918973,20.487137145965836,16
918990,21.67284443884428,17
919007,21.725328830903685,17
919023,20.543970800950756,16
919039,20.350836111260396,16
919055,20.37247116022529,16
919071,20.45058012184632,16
919087,20.610087045660105,16
919103,20.44233429495054,16
919119,20.5024633373897,16
919135,20.5099025681602,16
919151,20.60305125715937,16
919167,20.660952984008667,16
919183,20.588553647072274,16
919199,20.544286986057642,16
919215,20.44835387061781,16
919232,21.574037501113153,17
919248,20.54088005641484,16
919264,20.31009732933293,16
919280,20.44648728925841,16
919296,20.54889015281295,16
919313,21.86971817259502,17
919329,20.554162320272745,16
919345,20.626275494251708,16
919361,20.590344730948857,16
919377,20.702262521877948,16
919394,21.52845366004524,17
919410,20.61412823848586,16
919426,20.40176007526245,16
919442,20.777666610829044,16
919458,20.38161805043988,16
919474,20.503453902116597,16
919490,20.636844563370023,16
919506,20.519432220122283,16
919522,20.47267948030975,16
919538,20.555422260938283,16
919554,20.440240401696094,16
919570,20.712455301949905,16
919586,20.606007116798562,16
919602,20.474829081696967,16
919618,20.467599815062,16
919634,20.598341460441635,16
919650,20.684128186568206,16
919666,20.710057223179454,16
919682,20.56271017074088,16
919699,21.73836897427903,17
919715,20.53982005513489,16
919731,20.439136486201626,16
919747,20.652818714448046,16
919763,20.567567986053156,16
919779,20.638958220717264,16
919795,20.490977134055854,16
919811,20.743791069423345,16
919827,20.789034919397036,16
919843,20.53501516113723,16
919859,20.713745843506615,16
919875,20.48506692798103,16
919891,20.483547142787398,16
919907,20.63907717409424,16
919923,20.489574712839293,16
919939,20.618908978926058,16
919955,20.631106783067814,16
919971,20.481928674792623,16
919987,20.53529683286906,16
920003,20.660581247082664,16
920019,20.671604224817695,16
920035,20.390655642073995,16
920051,20.725904747729718,16
920067,20.429488291116773,16
920083,20.502328266268357,16
920099,20.5051210223909,16
920115,20.62908355412415,16
920131,20.825854921309144,16
920147,20.356318591387293,16
920163,20.743698118692777,16
920179,20.368015083553633,16
920195,20.559982998986545,16
920211,20.543681319837084,16
920227,20.65357912554619,16
920243,20.451820335535498,16
920259,20.61434784388476,16
920275,20.675849394207887,16
920291,20.537706774505942,16
920307,20.48486019626262,16
920323,20.489251598337468,16
920339,20.49147961990221,16
920355,20.62777057364308,16
920371,20.579979405920675,16
920387,20.727964895081072,16
920403,20.70539079692771,16
920419,20.474336505936964,16
920435,20.716291587482626,16
920451,20.45794242566836,16
920467,20.371465556786937,16
920483,20.683463368976785,16
920499,20.378710893170556,16
920515,20.710233454969874,16
920531,20.582624082624125,16
920547,20.293940417596787,16
920563,20.5189440161284,16
920579,20.48410178741603,16
920595,20.514940524623768,16
920611,20.46040847699771,16
920628,21.953674718762407,17
920644,20.526049857057068,16
920660,20.601580851224227,16
920676,20.53430720031165,16
920692,20.482134229257696,16
920708,20.792336226290633,16
920724,20.401965206433587,16
920740,20.660840192764795,16
920756,20.60840857617413,16
920772,20.713690507684507,16
920788,20.65190442352499,16
920805,21.983589009111913,17
920821,20.506671552836583,16
920837,20.58152264002521,16
920853,20.601651820935434,16
920869,20.576343369236213,16
920885,20.597822439328322,16
920901,20.645254647092653,16
920917,20.504825823630362,16
920933,20.504293410414583,16
920949,20.578753793932236,16
920965,20.46072165849213,16
920982,21.850968360516216,17
920998,20.66194521944838,16
921014,20.36508656910128,16
921030,20.684960590194592,16
921046,20.492694735193773,16
921062,20.409085906213047,16
921078,20.38337685674469,16
921095,22.004978007154605,17
921111,20.52271937021692,16
921127,20.551825434149514,16
921143,20.70648161311464,16
921159,20.628585005175342,16
921175,20.55150771439182,16
921191,20.460407354321855,16
921207,20.597221819946245,16
921223,20.472839813734502,16
921239,20.469195214210753,16
921255,20.496903283331772,16
921271,20.494439983948038,16
921287,20.437769318765227,16
921303,20.649318774814756,16
921319,20.67028139540761,16
921335,20.530508317697308,16
921351,20.586138344584835,16
921367,20.590926738210417,16
921383,20.60538206801271,16
921399,20.545669059356463,16
921415,20.77722016868025,16
921431,20.657410924063583,16
921447,20.513371643393256,16
921463,20.611708742339008,16
921479,20.663516468632714,16
921495,20.62610868576367,16
921511,20.43178817420671,16
921527,20.777357951172487,16
921543,20.63222924555106,16
921559,20.59738466410159,16
921575,20.580437520663633,16
921591,20.509465395461227,16
921607,20.276361610672474,16
921623,20.521534529840363,16
921639,20.493545170384493,16
921655,20.573853038667558,16
921671,20.472565824905008,16
921687,20.631732449551244,16
921703,20.604063595615315,16
921719,20.444502168952404,16
921735,20.610346464238262,16
921751,20.528437318133793,16
921767,20.52926059163548,16
921783,20.793060466786883,16
921799,20.549449504733182,16
921815,20.7222910294174,16
921831,20.386721570579763,16
921847,20.50565192964332,16
921863,20.65298074155127,16
921879,20.709837306338777,16
921895,20.590134768006635,16
921911,20.5680197886139,16
921927,20.69585615899385,16
921943,20.58565050814697,16
921959,20.50065778334222,16
921975,20.69331009342037,16
921991,20.49074244180708,16
922007,20.762774630039264,16
922023,20.620624791719337,16
922039,20.589989061002637,16
922055,20.42785995247858,16
922071,20.545592794573377,16
922087,20.538974685652025,16
922103,20.629109206046508,16
922119,20.67682567105552,16
922135,20.330348229995224,16
922151,20.632260680231,16
922167,20.578838398845193,16
922183,20.509006285081618,16
922199,20.612167013607255,16
922215,20.389020735310776,16
922231,20.654417504076044,16
922247,20.54190155073723,16
922263,20.47949726623073,16
922279,20.640237692372022,16
922295,20.587516797848483,16
922311,20.559141036785444,16
922327,20.503196188314696,16
922343,20.70941706688356,16
922359,20.670226932184992,16
922375,20.40642819808568,16
922391,20.61091206958895,16
922407,20.6263294766855,16
922423,20.617901273138767,16
922439,20.599179520374623,16
922455,20.424858371974903,16
922471,20.622212428784387,16
922487,20.81104210023955,16
922503,20.419317956042903,16
922519,20.582720756190444,16
922535,20.39791365307154,16
922551,20.528867635365817,16
922567,20.502460980809673,16
922583,20.579433684334422,16
922599,20.471780076907358,16
922615,20.556040058263697,16
922631,20.723476869507397,16
922647,20.653886259214666,16
922664,21.786777580870275,17
922680,20.729430955794097,16
922696,20.444777261994062,16
922712,20.614551275669342,16
922728,20.583683065610455,16
922744,20.536180868701955,16
922760,20.54356374364936,16
922776,20.83262932492669,16
922792,20.627936527630535,16
922808,20.577686793581588,16
922824,20.399283886086035,16
922840,20.67667279452606,16
922856,20.581451151398316,16
922872,20.623142641028984,16
922888,20.559843556440317,16
922904,20.51342467822942,16
922920,20.744686258576,16
922936,20.36731985482215,16
922952,20.535185123716477,16
922969,21.99624774777692,17
922985,20.52221605694887,16
923001,20.563966980242636,16
923017,20.445928138503405,16
923033,20.491448684236133,16
923049,20.528197874526953,16
923065,20.576799321220726,16
923081,20.546378096042773,16
923097,20.53255446629842,16
923114,21.824125307146456,17
923130,20.718050562521594,16
923146,20.58498383677756,16
923162,20.6360894663427,16
923178,20.554170339520024,16
923194,20.47749693696308,16
923210,20.44074818521699,16
923226,20.714129013152697,16
923242,20.688682259749452,16
923258,20.606074771832652,16
923274,20.49318256996761,16
923290,20.69204695670135,16
923306,20.701709769463925,16
923322,20.542914846920333,16
923338,20.57128028978703,16
923354,20.556111747247456,16
923370,20.312171607744745,16
923386,20.448267019302527,16
923402,20.6235989813661,16
923418,20.564664823766815,16
923434,20.59349255450885,16
923450,20.61608936200629,16
923466,20.61331329597793,16
923482,20.42798662411415,16
923498,20.490832450219557,16
923514,20.41851614545583,16
923530,20.595686506342282,16
923546,20.517691702707292,16
923562,20.41248551087932,16
923578,20.487779909573156,16
923594,20.589184484212957,16
923610,20.44448471220297,16
923626,20.6389981813111,16
923642,20.420925976355885,16
923658,20.49725394868665,16
923675,21.868619962669314,17
923691,20.5745140921744,16
923707,20.498843813918437,16
923723,20.55028262057928,16
923739,20.364530681865713,16
923755,20.64192585770586,16
923771,20.62146492590672,16
923787,20.639246461733407,16
923803,20.436838593014606,16
923819,20.640058985183646,16
923835,20.60764674937389,16
923851,20.54879691289008,16
923867,20.63624471521062,16
923883,20.565609773992065,16
923899,20.7341498127552,16
923915,20.50060542520514,16
923931,20.498221694275568,16
923947,20.585840864693964,16
923963,20.625257400725843,16
923979,20.511228795080424,16
923995,20.309842698325415,16
924011,20.659564055683212,16
924027,20.311022878985813,16
924043,20.421739069597695,16
924059,20.430798412746512,16
924075,20.470330475205866,16
924091,20.5398190464829,16
924107,20.504850743874446,16
924123,20.486401236852853,16
924139,20.73790984832384,16
924155,20.410915752280573,16
924171,20.529525804143873,16
924187,20.476965624533843,16
924203,20.54618288934068,16
924219,20.485629596899937,16
924235,20.522837904432983,16
924251,20.411959276280427,16
924267,20.57604532782765,16
924283,20.552057282743043,16
924299,20.326522241575127,16
924315,20.487087617510745,16
924331,20.528091698961017,16
924347,20.53443423573351,16
924363,20.427898038657013,16
924379,20.613064797045652,16
924395,20.390606190288846,16
924411,20.659203572673803,16
924427,20.541360530608134,16
924443,20.648311803958205,16
924459,20.478006988660084,16
924475,20.57619222789477,16
924491,20.593810215857296,16
924507,20.587620874197825,16
924523,20.6135158014432,16
924539,20.377702430239573,16
924555,20.407091163660493,16
924571,20.522816431338864,16
924587,20.467041205230192,16
924603,20.47392061923231,16
924619,20.52330611976616,16
924635,20.478259057847062,16
924651,20.64558450815063,16
924667,20.700402605314164,16
924683,20.674509421087624,16
924699,20.514593239466066,16
924715,20.601489264290713,16
924731,20.390225058176043,16
924747,20.522605696206742,16
924763,20.64205217807754,16
924779,20.505250449024746,16
924795,20.422385059268432,16
924811,20.523286315822038,16
924827,20.46339553291099,16
924843,20.56844997351176,16
924859,20.540074068946947,16
924875,20.497186015441212,16
924891,20.494889231840247,16
924907,20.578597532281876,16
924923,20.51811880773074,16
924939,20.596687309049727,16
924955,20.70804820559715,16
924971,20.692150652360574,16
924987,20.622748516984633,16
925003,20.424442950347668,16
925019,20.436476401171813,16
925035,20.442918142740957,16
925051,20.447395092873982,16
925067,20.50265598426939,16
925083,20.3295843971954,16
925099,20.540768401651416,16
925115,20.56536421114154,16
925131,20.666409204410222,16
925147,20.560696718297645,16
925163,20.65453320917137,16
925179,20.65135897662703,16
925195,20.506322603930528,16
925211,20.51163005985242,16
925227,20.57768406252103,16
925243,20.531211783747334,16
925259,20.555832065249945,16
925275,20.61183203586402,16
925291,20.454188745722227,16
925307,20.634972329072504,16
925323,20.679047328582037,16
925339,20.673847086414934,16
925355,20.382338432895274,16
925371,20.510127304313368,16
925387,20.539537226507523,16
925403,20.531278939919858,16
925419,20.594644829338897,16
925435,20.568651210045843,16
925451,20.559342649309734,16
925467,20.644464030141485,16
925483,20.565030716819653,16
925499,20.515248289219496,16
925515,20.583948322577083,16
925531,20.407202993573573,16
925547,20.57261153253818,16
925563,20.381553194485466,16
925579,20.55146095268502,16
925595,20.339201566312596,16
925611,20.532251341999384,16
925627,20.556235429773377,16
925643,20.52761236412049,16
925659,20.674361573441487,16
925675,20.786726351793607,16
925691,20.569308767900342,16
925707,20.454010205804785,16
925723,20.54560607819274,16
925739,20.5700733644149,16
925755,20.388377257319128,16
925771,20.642831362077477,16
925787,20.513862843227507,16
925803,20.451077582395158,16
925819,20.430875168361514,16
925835,20.622261172788633,16
925851,20.359701432012415,16
925867,20.602848183423287,16
925884,21.701499818727626,17
925900,20.581684214703238,16
925916,20.412568946335174,16
925932,20.497781718655798,16
925948,20.286804613595546,16
925964,20.46650655350188,16
925980,20.52597498944917,16
925996,20.421110796234284,16
926012,20.413472106358316,16
926028,20.479450906856584,16
926044,20.53794423254326,16
926060,20.55422205848508,16
926076,20.597105200274672,16
926092,20.402496098278462,16
926108,20.35532259652078,16
926124,20.424387747202438,16
926140,20.414048434880236,16
926156,20.480597049834408,16
926172,20.720177855359967,16
926188,20.501187814318648,16
926204,20.493320319030612,16
926220,20.439162390962103,16
926236,20.65555734893089,16
926252,20.478376960596545,16
926268,20.478433145917183,16
926284,20.40888592984758,16
926300,20.504939152134607,16
926316,20.50993613851946,16
926332,20.485784953200334,16
926348,20.53412809710814,16
926364,20.41733590595474,16
926380,20.26332427122927,16
926396,20.53964717896099,16
926412,20.566554068812586,16
926428,20.574560892337587,16
926444,20.525090723897442,16
926460,20.28072872150453,16
926476,20.578603738165178,16
926492,20.52931887486843,16
926508,20.59557692106238,16
926524,20.420203914093648,16
926540,20.394720240045757,16
926556,20.349377667056718,16
926572,20.502500076865207,16
926588,20.311273833287714,16
926604,20.366287478790184,16
926620,20.47244915809462,16
926636,20.51434808370422,16
926652,20.57264914808532,16
926668,20.445958189268143,16
926684,20.23830950921279,16
926700,20.481700436869854,16
926716,20.57897370646881,16
926732,20.408323285494998,16
926748,20.296355704064798,16
926764,20.476845528049477,16
926780,20.29862182949073,16
926796,20.457086417054946,16
926812,20.5136212129634,16
926829,21.709919546214703,17
926845,20.571940538420648,16
926862,21.728568435462186,17
926878,20.389389035736926,16
926894,20.56920801682597,16
926910,20.401252426979816,16
926926,20.592427279731407,16
926942,20.34747331023673,16
926958,20.60522622570293,16
926974,20.48616337045519,16
926990,20.45561389483759,16
927006,20.636865822526627,16
927022,20.44260928234887,16
927038,20.58182568127279,16
927054,20.56554633832916,16
927070,20.61295529371775,16
927086,20.46443101547447,16
927102,20.35229814634658,16
927118,20.555149260899306,16
927134,20.40364395903052,16
927150,20.495840711749004,16
927166,20.5753810246945,16
927182,20.434543084776543,16
927198,20.31148755436687,16
927214,20.28984083406883,16
927230,20.55507743164042,16
927246,20.4950089464817,16
927262,20.501696924279305,16
927278,20.292915172945033,16
927294,20.593117478116746,16
927310,20.49480903161531,16
927326,20.27431023765478,16
927342,20.28190998856856,16
927358,20.60893413542214,16
927374,20.58550532430432,16
927390,20.38620585950635,16
927406,20.49438153686617,16
927422,20.452928663133026,16
927438,20.390460633778062,16
927454,20.402033615877887,16
927470,20.54109696508506,16
927486,20.48906499388751,16
927502,20.452607159768274,16
927518,20.52671639160761,16
927534,20.506066479178102,16
927550,20.44303413158235,16
927566,20.55838682487282,16
927582,20.642356491290307,16
927598,20.63601372159434,16
927614,20.496278580810113,16
927630,20.26190322033,16
927646,20.457012788835065,16
927662,20.578550884672826,16
927678,20.573888708885953,16
927694,20.26649539498214,16
927710,20.523932890072665,16
927726,20.624708689749127,16
927742,20.39783876137915,16
927758,20.232740288461883,16
927775,21.560596392457516,17
927791,20.634719529489985,16
927807,20.424972629272922,16
927823,20.43518124098462,16
927839,20.65003446787143,16
927855,20.674426713283637,16
927871,20.708902797820087,16
927888,21.548936784333655,17
927904,20.528496940616865,16
927921,21.792515892866952,17
927937,20.596173249752027,16
927954,21.565106095304827,17
927970,20.572984995510264,16
927987,21.813661971062306,17
928004,21.63734548632267,17
928020,20.431905594042252,16
928036,20.55576862795481,16
928052,20.420684081379328,16
928068,20.65755046347688,16
928085,21.64444639189488,17
928101,20.582990889392775,16
928117,20.497115208238437,16
928133,20.531895302016434,16
928149,20.52917343253746,16
928166,21.589170514588695,17
928183,21.70192538507437,17
928200,21.773741162950184,17
928216,20.329706014619827,16
928233,21.599246227425336,17
928249,20.537173368955102,16
928265,20.661028735374938,16
928281,20.440948789218684,16
928298,21.622634130558485,17
928314,20.52172714455327,16
928330,20.50127540826332,16
928346,20.610852822413296,16
928362,20.374381342586904,16
928378,20.511951655899058,16
928394,20.363981011451184,16
928410,20.368424331227697,16
928426,20.39454262897377,16
928442,20.47405781466607,16
928458,20.590963748460986,16
928474,20.51417832704477,16
928490,20.657809232103443,16
928506,20.589463405343363,16
928522,20.622328328389116,16
928538,20.578758312047754,16
928554,20.427029040108042,16
928570,20.257325273753693,16
928586,20.64521209143173,16
928603,21.801393751336736,17
928619,20.201600370662234,16
928635,20.439081369056364,16
928651,20.369856752313275,16
928667,20.40942295069381,16
928683,20.46593569898835,16
928699,20.581821053177517,16
928715,20.62656266795573,16
928731,20.575936858930387,16
928748,21.711771322690915,17
928764,20.451833150753007,16
928780,20.33014021666938,16
928796,20.513584707900556,16
928812,20.49654076596076,16
928828,20.4336818282939,16
928844,20.58964725482439,16
928860,20.618639820264576,16
928876,20.48483547845602,16
928892,20.40850730654919,16
928908,20.642354034482732,16
928925,21.77897809124057,17
928942,21.852140300101816,17
928958,20.687774295804264,16
928974,20.59056112802519,16
928990,20.446584203836103,16
929006,20.654607288363824,16
929022,20.328959228688323,16
929039,21.702905192119765,17
929055,20.582044485051416,16
929071,20.601659154604413,16
929087,20.374236161091826,16
929103,20.548904529426462,16
929119,20.57400092924095,16
929135,20.27835177712824,16
929151,20.596350046607505,16
929167,20.46555590851541,16
929183,20.565249012720315,16
929199,20.571835761130817,16
929215,20.406133007807476,16
929231,20.573364608489733,16
929247,20.488338777218054,16
929263,20.595096697632748,16
929279,20.656869782930563,16
929295,20.51994999434222,16
929311,20.60475218369916,16
929327,20.405370685304472,16
929343,20.49429403664532,16
929359,20.469248561304223,16
929375,20.33880593731847,16
929391,20.344630990859592,16
929408,21.811561913727612,17
929424,20.551941285121995,16
929440,20.399922598478817,16
929456,20.497087146860686,16
929472,20.404961011845725,16
929488,20.58770878794539,16
929504,20.445535865556167,16
929520,20.363987866656725,16
929536,20.40619296951343,16
929552,20.53151123430147,16
929568,20.58368711097759,16
929584,20.526416734581723,16
929600,20.69378577413634,16
929616,20.41900234468098,16
929632,20.33059399687551,16
929648,20.38065411137267,16
929664,20.629546702656267,16
929681,21.819735629416158,17
929697,20.61521722611205,16
929713,20.60817153096171,16
929729,20.6049158071101,16
929745,20.61801769435065,16
929761,20.388272916643274,16
929778,21.63155570778179,17
929794,20.47929413626475,16
929810,20.77830299529835,16
929826,20.51437268267202,16
929842,20.447649481217887,16
929858,20.551794903360953,16
929874,20.323829239097442,16
929890,20.45649526509941,16
929906,20.532591131519386,16
929922,20.295972851288468,16
929938,20.49016194890829,16
929954,20.439588789456987,16
929970,20.45338641577455,16
929987,21.9257389350269,17
930003,20.627685698213483,16
930019,20.686022076662315,16
930035,20.523497056665576,16
930051,20.610435028361277,16
930067,20.720896813682764,16
930083,20.594876700434355,16
930099,20.436344595418646,16
930115,20.65873542405682,16
930131,20.494656174480244,16
930148,21.84371524217046,17
930164,20.470886754247,16
930181,21.665798613850182,17
930197,20.55724487107669,16
930213,20.737067625186402,16
930229,20.37782692978869,16
930246,21.743124206828693,17
930262,20.570753732300215,16
930278,20.633524067870287,16
930294,20.657018957275476,16
930310,20.474858614151728,16
930326,20.514902484545786,16
930342,20.738442978908182,16
930359,21.7925780074367,17
930375,20.560865929022054,16
930391,20.284219713139773,16
930407,20.460220657787143,16
930424,21.56688667945308,17
930441,21.59002687033477,17
930457,20.323912507651208,16
930473,20.632942876466473,16
930489,20.57541984083903,16
930506,21.728739091281028,17
930522,20.585843258421665,16
930539,21.841949988017475,17
930556,21.686373467427085,17
930572,20.38274983515496,16
930589,21.526330331450062,17
930605,20.529994828016207,16
930622,21.672414891496352,17
930638,20.513488438250775,16
930654,20.56920720814749,16
930670,20.557261250119215,16
930686,20.663094946566748,16
930702,20.542656625301888,16
930718,20.54701104009525,16
930734,20.622035077719627,16
930750,20.62511508176294,16
930766,20.607093144858805,16
930782,20.582131767365794,16
930798,20.514633846199533,16
930814,20.51423674636763,16
930830,20.406961304577685,16
930846,20.34830835122256,16
930863,21.823784929046383,17
930879,20.489402982475596,16
930895,20.460444712773793,16
930911,20.4127763779311,16
930927,20.4938916653752,16
930943,20.593838024101046,16
930959,20.61041706920241,16
930975,20.47698088763144,16
930991,20.433530276551682,16
931007,20.50267920355332,16
931023,20.57382470239539,16
931039,20.596712850938626,16
931056,21.81761548667599,17
931072,20.469422911929282,16
931088,20.37340811856591,16
931104,20.73018069961581,16
931120,20.64366399687708,16
931136,20.471889698608283,16
931152,20.34347003003283,16
931168,20.484709680842652,16
931184,20.595398531895917,16
931200,20.539841468307927,16
931216,20.519741302706286,16
931232,20.531019633666045,16
931248,20.348880874431334,16
931264,20.540328186364274,16
931280,20.519509823798238,16
931296,20.472191957540034,16
931312,20.656240192789994,16
931328,20.471622223415654,16
931344,20.574457059920082,16
931360,20.313631595927948,16
931376,20.491461839323563,16
931392,20.57244120257349,16
931408,20.68915854042479,16
931424,20.651770805367835,16
931441,21.659078817963948,17
931457,20.540139331942125,16
931473,20.581770279958857,16
931489,20.528900821055807,16
931505,20.5226921543559,16
931521,20.49479177267583,16
931537,20.520925037926244,16
931554,21.738804639289338,17
931570,20.637843208689617,16
931586,20.53829722619462,16
931602,20.253871981574044,16
931618,20.47680939968941,16
931634,20.4157192042963,16
931650,20.29951588533017,16
931666,20.587180082403822,16
931682,20.64944763516985,16
931698,20.606634361775267,16
931714,20.574345135464174,16
931730,20.46511917853932,16
931746,20.5696842000479,16
931763,21.714779576452248,17
931779,20.44173686997742,16
931795,20.626498068697305,16
931811,20.290870205532798,16
931827,20.556080111551754,16
931843,20.77165056731929,16
931859,20.498520917987815,16
931875,20.309860915729395,16
931891,20.662730112517803,16
931907,20.607835981631393,16
931923,20.416644352994638,16
931939,20.642130455177817,16
931955,20.550755285466455,16
931971,20.357211771421053,16
931987,20.671093827447624,16
932003,20.559599421842744,16
932019,20.381810568574164,16
932035,20.67724800473211,16
932051,20.258270637272474,16
932067,20.35546782905293,16
932083,20.599248227463125,16
932099,20.464796691687987,16
932115,20.480593482591402,16
932132,21.740886858688842,17
932148,20.725952601206064,16
932164,20.418650561898097,16
932180,20.66790026250289,16
932196,20.370371967395574,16
932212,20.58258646979415,16
932228,20.612873131882544,16
932244,20.414989160793876,16
932260,20.43995221510428,16
932276,20.50089486854969,16
932292,20.43903879758909,16
932308,20.593079764544044,16
932324,20.505149973630704,16
932340,20.546634720046338,16
932356,20.471369317134272,16
932372,20.49216918432596,16
932388,20.38082480908381,16
932404,20.456883919651148,16
932420,20.49269284466406,16
932436,20.5290110384606,16
932452,20.351343479475236,16
932468,20.533421744116687,16
932484,20.487933270257148,16
932500,20.431199076977386,16
932516,20.65311771715855,16
932532,20.437687116124785,16
932548,20.399438758057585,16
932565,21.532815607647684,17
932581,20.61787403206441,16
932597,20.57230654419044,16
932613,20.51916708656441,16
932629,20.349633867694013,16
932645,20.34318436915442,16
932661,20.557235663967333,16
932677,20.37377973279247,16
932693,20.201700396576957,16
932709,20.65256678670284,16
932725,20.425939550924035,16
932742,21.677585976499042,17
932758,20.29432916695364,16
932774,20.535771348548256,16
932790,20.543608491931423,16
932807,21.622290474930743,17
932823,20.56803020199566,16
932839,20.53264763789889,16
932855,20.364754465709556,16
932871,20.58319496213639,16
932887,20.301012892375798,16
932903,20.52420180680927,16
932919,20.401082740627846,16
932935,20.623394649937453,16
932951,20.366560315864753,16
932967,20.41855633823677,16
932983,20.631570070462917,16
932999,20.45683569326641,16
933015,20.529991845828004,16
933031,20.413164203980767,16
933047,20.660781819385964,16
933063,20.586194164577897,16
933079,20.549398335517512,16
933095,20.371782942953487,16
933111,20.512708771015244,16
933127,20.325055377250305,16
933143,20.60767668460669,16
933159,20.52231179976431,16
933175,20.379876532620955,16
933191,20.409582408186083,16
933208,21.694070653938233,17
933224,20.506330626581015,16
933240,20.58707677232007,16
933256,20.5543566907857,16
933272,20.50951753606917,16
933288,20.460501899985463,16
933304,20.53046428151089,16
933320,20.304359743986215,16
933336,20.316098686376513,16
933352,20.375767186264934,16
933368,20.701538156360648,16
933384,20.50408873167206,16
933400,20.533921775361133,16
933416,20.482683858187222,16
933432,20.331665209774574,16
933448,20.425077888467158,16
933464,20.50885449303974,16
933481,21.653663297030494,17
933497,20.427356377455755,16
933513,20.54114780718176,16
933529,20.696983320906863,16
933545,20.420221570312727,16
933561,20.463306512267945,16
933577,20.423664461098024,16
933593,20.594563851168036,16
933609,20.560607629868024,16
933625,20.3683182408323,16
933641,20.418105376433356,16
933657,20.444549811825095,16
933673,20.654154521839345,16
933689,20.538634011901113,16
933705,20.61455094188955,16
933721,20.51140926743257,16
933737,20.549030932694677,16
933753,20.620523460095956,16
933769,20.46898056614939,16
933785,20.566773237896346,16
933801,20.52318930489935,16
933817,20.51317444932618,16
933833,20.575599814947665,16
933849,20.359228157888147,16
933865,20.57204797665432,16
933881,20.52015252601881,16
933897,20.64431881430069,16
933913,20.58697042377248,16
933929,20.564108207331298,16
933945,20.54242080223378,16
933961,20.678051130399723,16
933977,20.5875207074817,16
933993,20.30954530816191,16
934009,20.577925620861937,16
934025,20.598001813557076,16
934041,20.335910220371165,16
934057,20.616882163191786,16
934073,20.744177524826345,16
934089,20.604962657154978,16
934105,20.537920649039886,16
934121,20.257994525335896,16
934137,20.588429409553683,16
934153,20.5108567614098,16
934169,20.59058326112131,16
934185,20.504241951635954,16
934201,20.802961129653525,16
934217,20.6698625703294,16
934233,20.601299306517,16
934249,20.668951930072907,16
934265,20.482738554347378,16
934281,20.49097107781254,16
934297,20.513477517225244,16
934313,20.50543489641456,16
934329,20.44706679164125,16
934345,20.59579916723168,16
934362,21.746774412826678,17
934378,20.604199552859622,16
934394,20.514117683786527,16
934410,20.48892372969607,16
934426,20.667274403068543,16
934442,20.455034048338433,16
934458,20.629848823840003,16
934474,20.548284035527455,16
934490,20.47879251080473,16
934506,20.465722272296215,16
934522,20.551884355523327,16
934538,20.487361903287514,16
934554,20.691301007674202,16
934570,20.631073438216944,16
934586,20.559964103639306,16
934602,20.461146907964142,16
934618,20.519602268133433,16
934635,21.90410125732243,17
934651,20.43066115316254,16
934667,20.619862168004556,16
934683,20.463820067411266,16
934699,20.594951613415148,16
934715,20.352021357746953,16
934731,20.52175328702878,16
934747,20.51659760601881,16
934764,21.826907667034117,17
934780,20.315831278643383,16
934796,20.48636938601617,16
934812,20.65834507305311,16
934828,20.712188866360716,16
934844,20.460710962737814,16
934861,21.760696403131465,17
934877,20.608345161711377,16
934893,20.446920667222017,16
934909,20.329647747540083,16
934925,20.424346591648497,16
934941,20.514492583461823,16
934957,20.430544257126357,16
934973,20.5485585043433,16
934989,20.592636037969623,16
935005,20.66957046519266,16
935021,20.410944690726314,16
935038,21.610338455162374,17
935054,20.549536044054076,16
935070,20.5962439258846,16
935086,20.587871922315692,16
935102,20.65927565354769,16
935118,20.629683503462292,16
935134,20.655007449793203,16
935150,20.57971362995591,16
935166,20.47627000791761,16
935182,20.59525142845022,16
935198,20.612704029299007,16
935214,20.673527747085846,16
935231,21.801058821938774,17
935247,20.349904762045576,16
935263,20.484266725975807,16
935279,20.614053363819302,16
935295,20.55378459129559,16
935311,20.558555480823397,16
935327,20.439635435681822,16
935343,20.677918912872112,16
935359,20.526816624555227,16
935375,20.56481871983188,16
935391,20.515508108459883,16
935407,20.50518680582597,16
935423,20.624392390785044,16
935439,20.547059746227944,16
935455,20.631878416302737,16
935471,20.467703429607354,16
935487,20.47859075926626,16
935503,20.663879116970907,16
935519,20.57514581738136,16
935535,20.56049099482591,16
935551,20.377083980922873,16
935567,20.664606122544996,16
935583,20.672538159143155,16
935599,20.678711208165332,16
935615,20.497735369474988,16
935631,20.47291645164702,16
935647,20.63654211325874,16
935663,20.515031547034148,16
935679,20.571973356116843,16
935695,20.36799661097364,16
935711,20.62147651621036,16
935727,20.46548101403491,16
935743,20.204631454467247,16
935760,21.690483959873085,17
935777,21.762646680419564,17
935793,20.508548691279213,16
935810,21.788388194718095,17
935826,20.68465882172414,16
935842,20.581538748630948,16
935858,20.630423070432176,16
935874,20.410351999540364,16
935891,21.701372731631146,17
935907,20.638680157063046,16
935923,20.475108163440808,16
935939,20.392246300931006,16
935955,20.412260439603244,16
935971,20.542041251321965,16
935987,20.621779221038107,16
936003,20.583225160197927,16
936019,20.781527919612767,16
936036,21.867624561992134,17
936052,20.672180633295664,16
936068,20.627879835467898,16
936084,20.73390816112032,16
936100,20.450968900514045,16
936116,20.63061339079587,16
936132,20.484286874503653,16
936149,21.68191523531649,17
936165,20.818525370462414,16
936182,21.76663301083549,17
936198,20.57044890924476,16
936214,20.719486661007195,16
936230,20.545958716362946,16
936246,20.563163352790376,16
936262,20.643822745531104,16
936278,20.565051969053524,16
936294,20.561648004869095,16
936310,20.522211281210165,16
936326,20.663363710245445,16
936342,20.480867671967772,16
936358,20.45717425775249,16
936374,20.49906855922947,16
936390,20.67107683687847,16
936406,20.678337728800823,16
936422,20.663999237960983,16
936438,20.527237596835416,16
936455,21.823541454850663,17
936471,20.644043178577906,16
936487,20.486795367734107,16
936503,20.608691110559406,16
936519,20.712266222975856,16
936535,20.605125929488143,16
936551,20.75302334103901,16
936567,20.411185382740214,16
936583,20.578846089317214,16
936599,20.466630892016376,16
936615,20.54638489548717,16
936632,21.64207492453649,17
936648,20.522284364011558,16
936664,20.382771836306414,16
936680,20.767575048073475,16
936696,20.54486094380604,16
936712,20.734985948898004,16
936728,20.666340267080408,16
936744,20.425285801068668,16
936760,20.39430880004157,16
936777,21.800352500651226,17
936793,20.528324143079264,16
936809,20.5922729553424,16
936825,20.602047323441006,16
936841,20.702060538497147,16
936857,20.51103339451791,16
936873,20.588646435935203,16
936889,20.535023760969175,16
936905,20.615155912735382,16
936921,20.50875127359165,16
936937,20.582450672083077,16
936953,20.492864424878302,16
936969,20.64373726499122,16
936985,20.527718496532227,16
937001,20.421608660458933,16
937017,20.65620380340195,16
937034,21.709376560586737,17
937050,20.47384827242272,16
937066,20.652458504267376,16
937082,20.43878607745476,16
937098,20.642508219634568,16
937114,20.645532068905386,16
937130,20.743103264089847,16
937146,20.603225407402025,16
937162,20.562322193013582,16
937178,20.31490971196422,16
937194,20.447179019794707,16
937210,20.59921526678941,16
937226,20.65073536977342,16
937242,20.595126461551068,16
937258,20.490298774615333,16
937274,20.645318201370507,16
937290,20.53154491548775,16
937306,20.649060420608702,16
937322,20.50224526120707,16
937338,20.589877981478597,16
937354,20.74324012404584,16
937371,21.719335857873766,17
937387,20.489140701576748,16
937403,20.74457087215962,16
937419,20.581107771511647,16
937435,20.556519296263733,16
937452,21.895416152920948,17
937468,20.730635795146714,16
937484,20.424057277436216,16
937501,21.792907526008616,17
937517,20.49379678063271,16
937533,20.570568717779693,16
937549,20.44289458118114,16
937566,21.735394428296427,17
937582,20.761172653288458,16
937599,21.73257206142212,17
937615,20.473317098029053,16
937631,20.71929202092304,16
937648,21.71863482107106,17
937665,21.77754329025981,17
937681,20.693108991444863,16
937697,20.54917948409818,16
937713,20.520208621494174,16
937729,20.57383951994914,16
937745,20.460489095909928,16
937761,20.381926592278464,16
937777,20.58232313968951,16
937794,21.691592115577937,17
937810,20.59503654665354,16
937826,20.516104854366276,16
937842,20.45773470659754,16
937858,20.42015299228244,16
937874,20.70102050928406,16
937890,20.48086773183348,16
937906,20.649713195048733,16
937922,20.69050923904475,16
937938,20.54795972988013,16
937954,20.611372441229562,16
937971,21.89850580156115,17
937987,20.723824201927684,16
938004,21.69637171695726,17
938020,20.57939597033127,16
938036,20.606285144421513,16
938052,20.70365015166332,16
938068,20.332734437959818,16
938084,20.669365156162403,16
938100,20.5554195471217,16
938117,21.894869388356234,17
938133,20.546313151841666,16
938149,20.51105294177614,16
938165,20.56580252777314,16
938181,20.55589392169301,16
938198,21.67821331546668,17
938214,20.60780091649133,16
938230,20.58678414091648,16
938246,20.48795942460362,16
938263,21.82638039260941,17
938279,20.477011700139887,16
938295,20.516885530499533,16
938311,20.8107475069641,16
938328,21.951314453059357,17
938344,20.584568028923243,16
938360,20.492776332271326,16
938376,20.608267502212772,16
938392,20.67379510111228,16
938408,20.661043524728953,16
938424,20.61927285069642,16
938441,21.794079969486518,17
938458,21.746438986333516,17
938475,21.650044461583114,17
938491,20.741171355727573,16
938507,20.525170488013313,16
938523,20.60366871541295,16
938539,20.68876703077139,16
938555,20.6942057608009,16
938571,20.645521658086086,16
938587,20.42338344552983,16
938603,20.563819205927842,16
938619,20.694406038507832,16
938635,20.581137979685305,16
938651,20.619859465249355,16
938667,20.59978112758992,16
938683,20.45656931021694,16
938699,20.645187195308463,16
938715,20.546923744508607,16
938732,21.824985800302322,17
938748,20.63085230937749,16
938764,20.6603946610409,16
938780,20.60047734702376,16
938796,20.518118473348206,16
938812,20.504236353125197,16
938828,20.52227955516665,16
938844,20.46830630318495,16
938860,20.463436952838737,16
938876,20.32594001317397,16
938893,21.702718103888014,17
938909,20.463501569271955,16
938925,20.557977577349035,16
938942,21.80189136993189,17
938958,20.481142074117532,16
938974,20.422670956329075,16
938991,21.576514854963815,17
939007,20.54865154541174,16
939023,20.490683514706124,16
939039,20.426330140490364,16
939055,20.71313013881238,16
939071,20.560936797155986,16
939087,20.63405009137968,16
939104,21.794911194517912,17
939120,20.706254635626152,16
939136,20.673569425246882,16
939152,20.693542787781695,16
939168,20.48885906101041,16
939184,20.663702478871482,16
939201,21.696287385029695,17
939217,20.447814555646968,16
939233,20.56891736552014,16
939249,20.53124914540898,16
939265,20.555444041633073,16
939281,20.493870952290557,16
939297,20.611945757361372,16
939313,20.545913256550936,16
939329,20.517246640294218,16
939346,21.771033156681998,17
939362,20.607590294150828,16
939378,20.57066957791602,16
939394,20.586145321273662,16
939410,20.508150244798795,16
939426,20.58834154753939,16
939442,20.43729615295824,16
939458,20.66630228458944,16
939475,21.827733772592357,17
939491,20.525786508358838,16
939507,20.572894119133856,16
939523,20.619075295717966,16
939539,20.72775372349827,16
939555,20.643293558201126,16
939571,20.549082230526345,16
939587,20.43901917001841,16
939603,20.59745801273936,16
939620,21.94323401576654,17
939636,20.655954707493542,16
939652,20.763693701836512,16
939668,20.38087760446363,16
939684,20.56374206529195,16
939700,20.540663521242454,16
939717,21.78897505368532,17
939733,20.398291706676826,16
939749,20.442573304100602,16
939765,20.573782132691836,16
939781,20.533309212615325,16
939797,20.502002870504565,16
939813,20.661294572506186,16
939829,20.77362121343654,16
939845,20.47582598015617,16
939862,21.968118106464416,17
939878,20.560223062470893,16
939894,20.663205829820363,16
939910,20.670758972004954,16
939927,21.65071539460018,17
939943,20.61925314323001,16
939959,20.421075339076165,16
939975,20.473238171384722,16
939991,20.595910181126868,16
940007,20.541707072029634,16
940023,20.58861778726799,16
940039,20.544797028835397,16
940055,20.462171023220883,16
940071,20.54311164097899,16
940087,20.554272005565593,16
940103,20.508417892621708,16
940119,20.6780004405648,16
940135,20.685598815358546,16
940152,21.614931566703603,17
940168,20.45630585362497,16
940184,20.642287642894956,16
940200,20.717445285328886,16
940216,20.489440738202603,16
940233,21.72959141111243,17
940249,20.567890428514318,16
940265,20.724778005992484,16
940282,21.808480806812998,17
940298,20.588566934942182,16
940314,20.476410239903203,16
940331,21.726615028907233,17
940347,20.688672373282294,16
940363,20.635937969729586,16
940379,20.85540525653457,16
940395,20.662724413469856,16
940411,20.734545180982895,16
940427,20.519888903045086,16
940443,20.762492610892135,16
940459,20.493464168339116,16
940475,20.649559727144258,16
940491,20.571726740176018,16
940507,20.48433569503203,16
940523,20.77226478888675,16
940539,20.329404672076883,16
940555,20.522566812914693,16
940571,20.740989111654894,16
940587,20.344351265601503,16
940603,20.531613130152216,16
940619,20.64667313016583,16
940635,20.5512988554941,16
940651,20.38856752479329,16
940667,20.646091914728355,16
940683,20.659327817584344,16
940699,20.65101104589446,16
940715,20.792340626841824,16
940731,20.63803547574695,16
940748,21.537399431041507,17
940764,20.48146999557126,16
940780,20.45626502858618,16
940796,20.71510626777101,16
940812,20.35612012407534,16
940828,20.513483546467608,16
940844,20.451648893757,16
940860,20.487064143873397,16
940876,20.44423377979645,16
940892,20.685348476458174,16
940908,20.466607145143726,16
940924,20.593353154197015,16
940940,20.801060499661205,16
940956,20.64323471598346,16
940972,20.243930315671708,16
940988,20.65492193044055,16
941004,20.532203371825005,16
941020,20.476549684611804,16
941036,20.67091792897918,16
941052,20.650703472701235,16
941068,20.529458994696398,16
941084,20.447741768252087,16
941100,20.697177336196496,16
941116,20.542103921690725,16
941132,20.583771373163483,16
941148,20.699285552279754,16
941164,20.60689612600697,16
941180,20.468387432482047,16
941196,20.620774319123214,16
941213,21.880971626738425,17
941229,20.473573713771792,16
941245,20.571786929158215,16
941261,20.484911318926574,16
941277,20.538734501775444,16
941293,20.452117800011134,16
941309,20.56790010142992,16
941325,20.811271986236218,16
941341,20.585937011605882,16
941357,20.64720071488884,16
941373,20.631749112440314,16
941389,20.656276731970177,16
941405,20.72588830205495,16
941421,20.708416475980428,16
941437,20.651022764030913,16
941453,20.536132444492214,16
941469,20.52014715967635,16
941485,20.581701137016466,16
941501,20.39033500960735,16
941518,21.635034459374108,17
941534,20.572970576655916,16
941550,20.57731657913764,16
941566,20.545775321293352,16
941582,20.682903846762773,16
941598,20.645316233051453,16
941614,20.43800598086298,16
941631,21.74233878549011,17
941647,20.65261786975033,16
941663,20.657342623774685,16
941679,20.461107478291762,16
941695,20.442385020565975,16
941711,20.548900900563396,16
941727,20.456119601799074,16
941743,20.636111887642564,16
941759,20.406289963826698,16
941775,20.552518316486452,16
941791,20.54125452579838,16
941807,20.549274022942537,16
941823,20.622553890274972,16
941839,20.653441066714663,16
941855,20.61131597725878,16
941871,20.632051209423942,16
941887,20.748789447381423,16
941903,20.450718120055136,16
941919,20.442322468747413,16
941935,20.537599401324222,16
941951,20.484293690514786,16
941967,20.667958945693297,16
941983,20.598215697426447,16
941999,20.65748450503969,16
942015,20.69707350660394,16
942031,20.442111489887942,16
942047,20.598368175879266,16
942063,20.666299268377536,16
942080,21.77986727301511,17
942096,20.580535178478875,16
942112,20.653567252307393,16
942128,20.585655780147572,16
942144,20.58326001545829,16
942160,20.54023268408415,16
942176,20.64426592023898,16
942192,20.65401651082839,16
942208,20.47214960663979,16
942224,20.48482924618929,16
942240,20.595381710461375,16
942256,20.570597758282997,16
942272,20.602511482370144,16
942288,20.688764866595385,16
942304,20.64338273401333,16
942320,20.5026179889988,16
942336,20.567830100147077,16
942352,20.60326337147279,16
942368,20.456622950694957,16
942384,20.469606686872464,16
942400,20.554886654314355,16
942416,20.779990699060438,16
942432,20.576703590113596,16
942448,20.71911682959398,16
942464,20.672469449209967,16
942480,20.42738849417453,16
942497,21.764244464606612,17
942513,20.660103301205606,16
942529,20.769859427531298,16
942545,20.652854869746875,16
942561,20.332212319183924,16
942577,20.450107586106157,16
942593,20.53905155027025,16
942609,20.391136046696598,16
942625,20.692669150883887,16
942641,20.52432911527821,16
942657,20.538931779201672,16
942673,20.681532417265753,16
942689,20.672054319064742,16
942705,20.533058411668968,16
942721,20.496584623382383,16
942738,21.63115749345402,17
942754,20.662147131303016,16
942770,20.696774307913504,16
942786,20.572928907165874,16
942802,20.626513893724923,16
942818,20.445399754867164,16
942835,21.76050215725866,17
942851,20.681232495376374,16
942867,20.621968985471373,16
942883,20.449159433835952,16
942899,20.726847415002542,16
942915,20.616065048393345,16
942931,20.51728700497733,16
942947,20.23581151505997,16
942963,20.483754180607946,16
942979,20.54520454861984,16
942995,20.463974857178787,16
943011,20.578556599935382,16
943028,21.662461442032487,17
943044,20.377856390111,16
943060,20.384502793114777,16
943076,20.567279589883455,16
943092,20.580311455112486,16
943108,20.451538095745857,16
943124,20.438999119849907,16
943140,20.7462066194729,16
943156,20.583101109895907,16
943172,20.549805953639506,16
943188,20.410418266297903,16
943204,20.660128265349496,16
943220,20.653604962534352,16
943236,20.60314664921591,16
943252,20.542056990358464,16
943268,20.397887101951408,16
943284,20.415077870684474,16
943300,20.425068703075397,16
943316,20.714101524508653,16
943332,20.711745160766654,16
943348,20.569573036528283,16
943364,20.444491996563904,16
943380,20.488955933007432,16
943396,20.73889026993915,16
943412,20.720242813077512,16
943428,20.567625493350924,16
943444,20.56768174285432,16
943461,21.743700114231725,17
943477,20.54919703577659,16
943493,20.649304390334,16
943509,20.57849274005706,16
943525,20.663568985279053,16
943541,20.33630924661915,16
943558,21.81498112331824,17
943574,20.48630539168185,16
943590,20.724102580314614,16
943606,20.591498721469005,16
943622,20.490965301994464,16
943638,20.522342193700908,16
943654,20.676545404856423,16
943670,20.44933944465088,16
943686,20.601354133135693,16
943702,20.523698818107892,16
943718,20.354944819314014,16
943734,20.56741057141923,16
943750,20.446576542402752,16
943766,20.503415546432226,16
943782,20.57819449033958,16
943798,20.569933168280965,16
943815,21.737101670645718,17
943831,20.529848026604267,16
943847,20.504028199765745,16
943864,21.997865000105154,17
943880,20.411600360578365,16
943896,20.583666416048146,16
943912,20.731019172114475,16
943928,20.77318945602297,16
943945,21.732521548893956,17
943961,20.715880309043303,16
943977,20.492111794595278,16
943993,20.722868183725502,16
944009,20.444563897967488,16
944026,21.820545146913823,17
944042,20.516060780700272,16
944058,20.472969313752767,16
944075,21.740399087141405,17
944091,20.663483891091317,16
944107,20.659718695156826,16
944123,20.459876430051004,16
944139,20.291268212239345,16
944155,20.59316874072388,16
944172,21.81065023021459,17
944189,21.71924064553825,17
944205,20.56236543764215,16
944221,20.437634161822725,16
944237,20.42899794658484,16
944253,20.497666765122183,16
944269,20.532590936276133,16
944285,20.478221644324105,16
944301,20.50795227315728,16
944317,20.46048122495735,16
944333,20.598156327109905,16
944349,20.31120516705766,16
944365,20.52504914843301,16
944381,20.451634345745195,16
944397,20.455803922728467,16
944413,20.421875470159904,16
944429,20.58283680575782,16
944445,20.441343556106467,16
944461,20.351969723698808,16
944477,20.408049395514734,16
944493,20.502269648692685,16
944510,21.691451255096556,17
944526,20.537168102694835,16
944542,20.533068323923413,16
944559,21.75616948599265,17
944575,20.46540647880742,16
944592,21.801440721712844,17
944608,20.689542296728,16
944624,20.585858209825908,16
944641,21.780165941222386,17
944657,20.461545880674247,16
944673,20.582842369710423,16
944689,20.473207052574814,16
944705,20.57851607511257,16
944721,20.43337707373405,16
944738,21.6406853649727,17
944754,20.528249311897945,16
944771,21.70697416520938,17
944787,20.43381764460196,16
944803,20.388581283675016,16
944819,20.51124250135328,16
944835,20.612413655511446,16
944852,21.6792361927377,17
944869,21.710034882279665,17
944885,20.51084267263796,16
944901,20.56313824743145,16
944917,20.43411340356503,16
944933,20.416339819913013,16
944949,20.347895575410778,16
944965,20.565857387061612,16
944981,20.66577739739324,16
944997,20.572108278135193,16
945013,20.705196926298843,16
945029,20.505805576235772,16
945045,20.48298255690809,16
945061,20.344040745596107,16
945077,20.567960715044777,16
945094,21.58698045208117,17
945110,20.441371663097094,16
945126,20.574258423117186,16
945142,20.370055046003387,16
945158,20.475551806253307,16
945174,20.4866771181123,16
945190,20.370001833226556,16
945206,20.624705053149363,16
945222,20.52170512154286,16
945238,20.623624800278474,16
945254,20.339932314349852,16
945271,21.75290117093578,17
945287,20.46388060858551,16
945303,20.544478772610614,16
945319,20.578744665735954,16
945335,20.378845327224074,16
945351,20.66018937127194,16
945367,20.428987983622775,16
945383,20.472316979192627,16
945399,20.39841571215624,16
945415,20.561414986075878,16
945431,20.49496826963756,16
945447,20.43918954856345,16
945463,20.501008727416863,16
945479,20.543190012461306,16
945495,20.545950603178607,16
945511,20.43221908055469,16
945528,21.589602699890403,17
945544,20.476602868269786,16
945560,20.649526629614748,16
945576,20.604577078588857,16
945592,20.40980616713443,16
945609,21.63331749982955,17
945625,20.544889444354443,16
945641,20.55758052010294,16
945657,20.60036166911162,16
945673,20.599923586618694,16
945689,20.522691079736887,16
945705,20.54988411524138,16
945721,20.4805891648365,16
945737,20.54564966192151,16
945754,21.61273302848329,17
945770,20.517474461929304,16
945786,20.373711707136884,16
945803,21.88179728441008,17
945819,20.535922094747985,16
945835,20.602342300102762,16
945851,20.37352463357318,16
945867,20.449948355064798,16
945883,20.547454721088982,16
945899,20.300993003626143,16
945915,20.468852811380216,16
945931,20.34164778583424,16
945947,20.39543206843577,16
945963,20.67516571166557,16
945979,20.458813220199172,16
945995,20.537270559215102,16
946012,21.818003048586803,17
946028,20.50679738217278,16
946044,20.603677119025154,16
946061,21.677173971327132,17
946077,20.474539364331203,16
946093,20.44658679626076,16
946109,20.537792993151445,16
946125,20.412275627962032,16
946141,20.552349112386487,16
946157,20.530737976478427,16
946173,20.27998202535424,16
946189,20.484455467848015,16
946205,20.479398836966574,16
946221,20.40644846356721,16
946237,20.576934133423414,16
946253,20.64549984618227,16
946269,20.375548917266332,16
946285,20.53124643940153,16
946301,20.663184665303845,16
946317,20.431009297938093,16
946333,20.38611656107038,16
946349,20.630493547912575,16
946365,20.481117289049358,16
946381,20.55974611290469,16
946397,20.52673551546868,16
946413,20.545159006195657,16
946429,20.554476085834168,16
946445,20.581610135427628,16
946461,20.408835592697173,16
946477,20.670221548985445,16
946493,20.516146238113578,16
946510,21.760692508084613,17
946526,20.505519429889063,16
946542,20.278544736290062,16
946558,20.67493775753147,16
946574,20.35680913116584,16
946590,20.445733550283304,16
946606,20.57582274898934,16
946622,20.59951060412195,16
946639,21.626595944012774,17
946655,20.374951177455387,16
946671,20.614297376111278,16
946687,20.542620065079202,16
946704,21.594563377593577,17
946720,20.389880152804672,16
946736,20.432281011957496,16
946752,20.391456370914746,16
946768,20.554476011729907,16
946784,20.60693593686552,16
946800,20.34847735805458,16
946816,20.41193962642784,16
946832,20.528104340274542,16
946848,20.442623934533476,16
946864,20.583886461652657,16
946880,20.34895635008645,16
946896,20.56083454945856,16
946913,21.86641734691762,17
946929,20.316844051115055,16
946945,20.36403496414496,16
946961,20.529141274778667,16
946978,21.540565886811056,17
946994,20.53090730217702,16
947010,20.336524962901596,16
947026,20.477372558770703,16
947042,20.481922579854526,16
947059,21.86443511113081,17
947075,20.564117607962444,16
947091,20.485094067982114,16
947107,20.270323643748544,16
947124,21.756267294378908,17
947140,20.577532498236522,16
947156,20.39027062727649,16
947172,20.615529866356688,16
947188,20.540409741918122,16
947204,20.428713555390168,16
947220,20.570330192480085,16
947236,20.302298912644442,16
947252,20.419833937411834,16
947268,20.57938772160743,16
947284,20.546261066693862,16
947300,20.499445332867456,16
947316,20.431875855098436,16
947332,20.374152191377966,16
947349,21.57560362760945,17
947365,20.424381695278928,16
947381,20.633704828999296,16
947397,20.43694326060658,16
947413,20.441269526032965,16
947429,20.678572594932184,16
947445,20.584113706525446,16
947461,20.496650295018387,16
947477,20.62630339647088,16
947493,20.44604762588972,16
947509,20.4371656021537,16
947525,20.45479215291365,16
947542,21.802402442043558,17
947558,20.339261782546174,16
947574,20.57919944257666,16
947590,20.409306509247298,16
947606,20.524600630305446,16
947623,21.76468553103647,17
947639,20.40191353505859,16
947655,20.38345280637605,16
947671,20.54581285256323,16
947687,20.386689538908914,16
947703,20.398488092153404,16
947719,20.442770051715755,16
947735,20.411017600390664,16
947751,20.582004086062845,16
947767,20.596818979113525,16
947783,20.26818579003437,16
947799,20.40065201578494,16
947815,20.50049314358153,16
947831,20.519523388786343,16
947847,20.516204583839365,16
947863,20.631166710699652,16
947880,21.88367814045492,17
947897,21.656792820635314,17
947913,20.492966492718,16
947929,20.262445524184034,16
947946,21.605151615723614,17
947962,20.293230131575996,16
947978,20.396767932162206,16
947994,20.677614942560858,16
948010,20.296744894470383,16
948026,20.639106875882074,16
948042,20.57910238072406,16
948058,20.52779600890429,16
948074,20.53409457122484,16
948090,20.523591883228633,16
948106,20.4931942317555,16
948122,20.394567517661986,16
948138,20.4122456303772,16
948154,20.24542451009008,16
948171,21.726197993807638,17
948187,20.404978174953545,16
948204,21.61330016707467,17
948220,20.39296269105852,16
948237,21.6972858618561,17
948253,20.485864035042972,16
948269,20.566140755625202,16
948285,20.468050025036987,16
948301,20.263825476836473,16
948317,20.49840678489084,16
948333,20.520266978800453,16
948349,20.400294487637062,16
948365,20.569519646297216,16
948381,20.382277872503117,16
948397,20.535809144860654,16
948413,20.38158256845356,16
948430,21.57753158312682,17
948446,20.45835863095641,16
948462,20.487254804204994,16
948478,20.407920328583725,16
948495,21.61147224403029,17
948511,20.68842727715465,16
948527,20.61836456500448,16
948543,20.558697526039232,16
948559,20.378194717976463,16
948575,20.454002446669282,16
948591,20.47340200550582,16
948607,20.39430247997045,16
948623,20.35285641365499,16
948640,21.551414043954754,17
948656,20.281328512227415,16
948672,20.42246762521847,16
948688,20.51062511812917,16
948704,20.287192916204646,16
948720,20.4566935452123,16
948736,20.56752017274647,16
948752,20.49340360997031,16
948768,20.454977752073567,16
948784,20.433745804582216,16
948800,20.423861002315977,16
948816,20.449372052629293,16
948832,20.450153814918473,16
948848,20.57905483410595,16
948864,20.477088977338386,16
948880,20.478894847540214,16
948897,21.57378216014744,17
948913,20.440092033124365,16
948929,20.388377612207744,16
948945,20.295383863002346,16
948961,20.575139001604004,16
948977,20.531154019033647,16
948993,20.554430239652795,16
949009,20.611373105303716,16
949025,20.64801631967472,16
949041,20.375641578733553,16
949057,20.513570622810523,16
949074,21.748104757718135,17
949090,20.413849216241662,16
949106,20.458434737615086,16
949122,20.41217836177666,16
949138,20.38264962517522,16
949154,20.578853229486345,16
949170,20.389774216264666,16
949186,20.505156158468168,16
949202,20.295755056359162,16
949218,20.48055721231136,16
949234,20.547472515856278,16
949250,20.31834853377695,16
949266,20.529872981122544,16
949283,21.660939294452774,17
949299,20.39121798926011,16
949315,20.555191265226625,16
949331,20.44047020085104,16
949347,20.336989692391757,16
949363,20.441021160634037,16
949379,20.40430227329118,16
949395,20.274661338851253,16
949411,20.393972202927817,16
949427,20.233151828677844,16
949443,20.518918796283508,16
949459,20.588411923029422,16
949475,20.432315765859276,16
949491,20.624191802376227,16
949507,20.489635765466858,16
949523,20.298775849588075,16
949539,20.63037253511135,16
949555,20.559913868886394,16
949572,21.560923480531535,17
949588,20.46502354943622,16
949604,20.608649077893983,16
949620,20.48130749358748,16
949636,20.347528698681323,16
949652,20.4205709905663,16
949669,21.57347145703924,17
949686,21.549644201522547,17
949702,20.422753767008427,16
949718,20.442757556616595,16
949734,20.39032927370079,16
949750,20.420487309218718,16
949767,21.71846004185337,17
949784,21.728370535517218,17
949800,20.56504830932795,16
949816,20.5600584384157,16
949832,20.485176815135123,16
949849,21.821578134363655,17
949865,20.5386299345301,16
949881,20.53179958910811,16
949898,21.52009259839501,17
949915,21.682932822481202,17
949931,20.592540497908058,16
949947,20.529729313158803,16
949963,20.43268928689377,16
949979,20.455396826791798,16
949995,20.368259302361686,16
950011,20.355718336192176,16
950028,21.723088985086704,17
950044,20.509548091469707,16
950060,20.410419951198076,16
950076,20.24242198475158,16
950092,20.35461871050323,16
950108,20.348523344486814,16
950124,20.36983657758901,16
950140,20.267187866928552,16
950156,20.425366615619428,16
950172,20.547254536234327,16
950188,20.400361984461505,16
950204,20.49464381970619,16
950220,20.434010825914267,16
950236,20.41106727287969,16
950253,21.503290068505365,17
950269,20.363981204196225,16
950285,20.40947653429758,16
950301,20.221852147338957,16
950317,20.422949051057895,16
950333,20.369959480241704,16
950349,20.355417356479645,16
950365,20.371112841138594,16
950381,20.33204414892378,16
950397,20.477811917156096,16
950413,20.300445968914744,16
950429,20.4228243850104,16
950445,20.36923589284404,16
950461,20.459515808624687,16
950477,20.17867244441269,16
950493,20.333578456624092,16
950509,20.438640051304212,16
950525,20.405686305468496,16
950541,20.052161119121497,16
950557,20.271893947269373,16
950573,20.330311832254605,16
950589,20.169791759358702,16
950605,20.248748565292058,16
950621,20.48961901536779,16
950637,20.454516819966674,16
950653,20.361466038753314,16
950669,20.2851697756719,16
950685,20.483343249186856,16
950701,20.55720867377979,16
950717,20.390128297675567,16
950733,20.333977753294178,16
950749,20.294830435073102,16
950765,20.21925336998089,16
950781,20.354316832708005,16
950797,20.153540625426505,16
950813,20.269953996215083,16
950829,20.411416296445307,16
950845,20.461133398027908,16
950861,20.522821370960205,16
950877,20.305640112031956,16
950893,20.295953750314666,16
950909,20.330830160796236,16
950925,20.438969092541438,16
950941,20.355143935972873,16
950957,20.383279082003536,16
950973,20.26242817063229,16
950989,20.46312273330761,16
951005,20.434974099016724,16
951022,21.572819979792307,17
951038,20.305102001176625,16
951054,20.31713313171171,16
951070,20.363992494845043,16
951086,20.44940003036644,16
951102,20.35408361245832,16
951118,20.51324570729246,16
951134,20.489102162388303,16
951150,20.45064280554575,16
951166,20.342155087382967,16
951182,20.362964648973286,16
951198,20.44029413066435,16
951214,20.346134840659886,16
951230,20.363014105968166,16
951246,20.485285934396675,16
951262,20.330171480161926,16
951278,20.23743378530592,16
951294,20.44065371682052,16
951310,20.437403608170957,16
951326,20.292438928398862,16
951343,21.639970027249383,17
951359,20.237128916939714,16
951375,20.53205681951549,16
951391,20.296881306544464,16
951407,20.46919734891477,16
951423,20.42482264081239,16
951439,20.334700788390624,16
951455,20.494754840022207,16
951471,20.244552553085587,16
951487,20.29129644338498,16
951503,20.337908185563887,16
951520,21.633209162138137,17
951536,20.31511706393359,16
951552,20.501749600856712,16
951568,20.263187760881753,16
951584,20.27138251076748,16
951600,20.56886610543657,16
951616,20.516943869566322,16
951632,20.345831298683777,16
951648,20.43704398207986,16
951664,20.38013850160558,16
951680,20.42483419275915,16
951696,20.26044598562643,16
951712,20.443996706531394,16
951728,20.36468207659995,16
951744,20.303199642702968,16
951760,20.42658289550973,16
951776,20.33107049918144,16
951792,20.37385317359072,16
951808,20.446371601450938,16
951824,20.463277183170167,16
951840,20.229556186661284,16
951856,20.417937057454356,16
951872,20.41518998972787,16
951888,20.178644234852673,16
951904,20.337783567231742,16
951920,20.4004482455717,16
951936,20.34722284597962,16
951952,20.324418880162835,16
951968,20.50224096702658,16
951984,20.4700240253182,16
952000,20.48526259088173,16
952016,20.366861078461646,16
952032,20.1648799765228,16
952048,20.20874459967764,16
952064,20.336050868405643,16
952080,20.417131103472943,16
952096,20.43136982416229,16
952112,20.275300353320855,16
952128,20.23211237262914,16
952144,20.384880049039708,16
952160,20.296027401016836,16
952176,20.27514955396332,16
952192,20.47307675437554,16
952208,20.559401930335525,16
952224,20.45698207835933,16
952240,20.376732579147564,16
952256,20.389293314132455,16
952272,20.34757523480969,16
952288,20.437869625382096,16
952304,20.228544621499534,16
952320,20.288563952114153,16
952336,20.416863364515788,16
952352,20.474529596449518,16
952368,20.42300551269382,16
952384,20.428111319850974,16
952400,20.271572765085168,16
952416,20.421600917066996,16
952432,20.37632622814264,16
952448,20.271907213093183,16
952464,20.266070952735696,16
952480,20.251304235706453,16
952497,21.525005458402322,17
952513,20.376057455801327,16
952529,20.516850058821266,16
952545,20.415716717565967,16
952561,20.316734909158637,16
952577,20.46109686167604,16
952593,20.33631322293609,16
952609,20.40509888001826,16
952625,20.43219005262547,16
952641,20.240323610118256,16
952657,20.407345654407134,16
952673,20.329377721828894,16
952689,20.282762367707264,16
952705,20.414647986799913,16
952721,20.2859380024551,16
952737,20.305455650880386,16
952753,20.40693876787278,16
952769,20.324218440856423,16
952785,20.471049447760866,16
952801,20.381045948420176,16
952817,20.316063692123517,16
952833,20.480488232423653,16
952849,20.44256524165897,16
952865,20.437446339016134,16
952881,20.449733957045908,16
952897,20.39367370401208,16
952913,20.36726324857245,16
952929,20.124190389200432,16
952945,20.331498903768665,16
952961,20.345966367813975,16
952977,20.418149855904236,16
952993,20.290596783474047,16
953009,20.42661817952398,16
953025,20.32275084329898,16
953041,20.37741084619994,16
953058,21.552373650809322,17
953075,21.58374431380361,17
953091,20.401155865803855,16
953107,20.20960455349585,16
953123,20.200657587516343,16
953139,20.370434681761097,16
953155,20.387749946698374,16
953172,21.51779282117195,17
953188,20.373313769299603,16
953204,20.280889049329613,16
953220,20.526351782852302,16
953236,20.460767028786503,16
953252,20.378814614831576,16
953269,21.613733232380426,17
953285,20.294271305623468,16
953301,20.40034442682387,16
953317,20.441441453722348,16
953333,20.488442149457818,16
953349,20.33497622752727,16
953365,20.436826525856144,16
953381,20.41480543157377,16
953397,20.525001558443808,16
953413,20.35704463757992,16
953429,20.504546874440976,16
953445,20.310378732869477,16
953461,20.23222319946016,16
953477,20.48257099968554,16
953493,20.282946997802444,16
953509,20.404563968896394,16
953526,21.489343293619967,17
953542,20.437576554772097,16
953558,20.308930629586353,16
953574,20.209572589849554,16
953590,20.418366073744146,16
953606,20.56736632936512,16
953622,20.409013177022597,16
953638,20.226089437767858,16
953654,20.285515518216318,16
953670,20.398484085833633,16
953686,20.440085765501212,16
953702,20.32518407424181,16
953719,21.588583906896627,17
953735,20.3197645065422,16
953751,20.379031131456802,16
953767,20.343359628625105,16
953783,20.22847853347881,16
953799,20.448744190849904,16
953815,20.458125623346156,16
953831,20.392744108887456,16
953847,20.35796743804893,16
953863,20.335943480832807,16
953879,20.17549061152228,16
953895,20.452738044104198,16
953911,20.319394479294296,16
953927,20.307773441797682,16
953943,20.486172384714532,16
953959,20.26596023738108,16
953975,20.32555371484809,16
953991,20.43885504301549,16
954007,20.419645113460092,16
954023,20.218348888646197,16
954039,20.371918111617262,16
954055,20.21555130478372,16
954071,20.452781605727576,16
954087,20.40280390908027,16
954103,20.521073269123118,16
954119,20.196653597266415,16
954135,20.322617963542136,16
954151,20.314151816223305,16
954167,20.383547565546888,16
954183,20.433543903869907,16
954199,20.281558188602112,16
954215,20.435420714322035,16
954231,20.579724129033004,16
954247,20.236301414394944,16
954263,20.37427468569413,16
954279,20.233543521852603,16
954295,20.463479677630474,16
954312,21.572133368207986,17
954328,20.293819776185096,16
954344,20.280521836942203,16
954360,20.14495003736712,16
954376,20.285769938058255,16
954392,20.393928340433682,16
954408,20.30410100365291,16
954424,20.388547523407112,16
954440,20.16633904800082,16
954456,20.20804632260175,16
954472,20.424491546455027,16
954488,20.432405847086425,16
954504,20.24339108284862,16
954520,20.453089702058247,16
954536,20.361728461290284,16
954552,20.428986252467112,16
954568,20.270517518017687,16
954584,20.32875568900115,16
954600,20.41244461679055,16
954616,20.26561470940962,16
954632,20.32182203487982,16
954648,20.212003926090812,16
954664,20.467586392042776,16
954681,21.603065519229624,17
954697,20.359335021376516,16
954713,20.350889111085973,16
954729,20.414652302359215,16
954745,20.443957545833772,16
954761,20.260738150213022,16
954777,20.18659633446421,16
954793,20.197567674706214,16
954809,20.440646614667425,16
954825,20.537649546938944,16
954841,20.334883642015747,16
954857,20.28992220777327,16
954873,20.332981337871086,16
954890,21.444430765392443,17
954906,20.15816395330324,16
954922,20.210175862742478,16
954938,20.175425945739438,16
954954,20.3409146391123,16
954970,20.31758474596727,16
954987,21.625200065697342,17
955003,20.242155159445918,16
955019,20.40497362154795,16
955035,20.38932562046945,16
955051,20.32727638494347,16
955067,20.237566154853127,16
955083,20.43564372735102,16
955099,20.383662591913442,16
955115,20.43008226262125,16
955131,20.22152718025468,16
955147,20.41439342301481,16
955163,20.450884467153017,16
955179,20.53545541246651,16
955195,20.33083055078386,16
955211,20.441169855019783,16
955227,20.338081535495963,16
955243,20.461630125688565,16
955259,20.27765931914724,16
955275,20.209182585638473,16
955291,20.265714736035203,16
955307,20.158184433200432,16
955323,20.29257105779246,16
955339,20.21815382165124,16
955355,20.198926007234554,16
955371,20.33383361072534,16
955387,20.300497929406234,16
955403,20.36903301607491,16
955419,20.249017819706193,16
955435,20.394865680044294,16
955451,20.259160829573986,16
955467,20.305255686895016,16
955483,20.35756586286018,16
955499,20.414876730586954,16
955515,20.37533540192152,16
955531,20.501523098785484,16
955547,20.354718949127165,16
955563,20.32758308007832,16
955579,20.205790846520088,16
955595,20.469145424291913,16
955611,20.427062854962394,16
955627,20.45852135617269,16
955643,20.252471834850347,16
955659,20.207387863889988,16
955675,20.160474621870733,16
955691,20.233252084881702,16
955708,21.52019255898914,17
955724,20.274471003734863,16
955740,20.283597443445224,16
955756,20.24994730339463,16
955772,20.37699899452815,16
955788,20.5184677048654,16
955804,20.299386583673353,16
955820,20.311855720357443,16
955836,20.133852288503405,16
955852,20.393723779173566,16
955868,20.269642507092534,16
955884,20.25115181857125,16
955900,20.357995774816793,16
955916,20.184380614525924,16
955932,20.323043704856893,16
955948,20.445574088924484,16
955964,20.37383559903521,16
955980,20.497902923449537,16
955996,20.335744900777332,16
956012,20.235244548108472,16
956028,20.459905754622582,16
956044,20.462497434005858,16
956060,20.443035194299956,16
956076,20.365379094169363,16
956092,20.11070513603535,16
956108,20.434868915981607,16
956124,19.999395058427304,16
956140,20.419787366913067,16
956156,20.16472276637628,16
956172,20.189196556255247,16
956188,20.293867425560908,16
956205,21.596802369505596,17
956221,20.238740663027286,16
956237,20.292084657013895,16
956253,20.293259085673366,16
956269,20.203281702785432,16
956285,20.287594981915674,16
956301,20.209114296772043,16
956317,20.322497926464013,16
956333,20.258588260163613,16
956349,20.392403546304894,16
956365,20.18510006565231,16
956381,20.4114001368147,16
956397,20.073235463976136,16
956413,20.28637528620264,16
956429,20.425335919172436,16
956445,20.193332339284375,16
956461,20.260820982325157,16
956477,20.198083378165993,16
956493,20.485257649318964,16
956509,20.3414393039248,16
956525,20.427422650469836,16
956541,20.44873476713971,16
956557,20.314903554243397,16
956573,20.279962711423707,16
956589,20.357305978839303,16
956605,20.368386248219217,16
956621,20.34653388837219,16
956637,20.34649375963369,16
956653,20.324203785225198,16
956669,20.243953679984436,16
956685,20.231274915359123,16
956701,20.41992928044916,16
956717,20.346739899412093,16
956733,20.47908281956089,16
956749,20.356454528485095,16
956765,20.277357388317355,16
956781,20.2350760661685,16
956797,20.502589268522094,16
956813,20.39772011859489,16
956829,20.243821896463626,16
956845,20.4787485673512,16
956861,20.307149843822216,16
956877,20.17182656388715,16
956893,20.39364007738537,16
956909,20.404244749469854,16
956926,21.555581522052105,17
956942,20.303358946899387,16
956958,20.359412291557195,16
956975,21.478319399394017,17
956991,20.400431827806774,16
957007,20.27617400534559,16
957024,21.532248163591284,17
957040,20.403155007064502,16
957056,20.392597825073974,16
957072,20.38530568220385,16
957088,20.33666768571046,16
957104,20.398685125166168,16
957121,21.61119285233648,17
957137,20.354155904458988,16
957153,20.331388871532134,16
957169,20.321681260057037,16
957185,20.5500876078222,16
957201,20.442634439743426,16
957217,20.367122956158802,16
957233,20.19642496043815,16
957249,20.43746921258999,16
957265,20.403859506674305,16
957281,20.392550985143394,16
957297,20.305031817810967,16
957313,20.38486831917953,16
957329,20.303043996209013,16
957345,20.26923221641578,16
957361,20.27947514024043,16
957377,20.402231794081153,16
957393,20.357489139430488,16
957409,20.48025748515118,16
957425,20.177450383654993,16
957441,20.36847971749856,16
957457,20.390638472400116,16
957473,20.34045593779246,16
957489,20.321871761652385,16
957505,20.372652482482383,16
957521,20.383736217325527,16
957537,20.43487729410998,16
957553,20.47980919197193,16
957569,20.355026782554617,16
957585,20.44387238243314,16
957601,20.32828863257971,16
957617,20.422608968385457,16
957633,20.25365739203783,16
957649,20.297404428739313,16
957665,20.33870466602868,16
957681,20.342242567250292,16
957698,21.641033910279237,17
957714,20.36140364738688,16
957730,20.214981030717343,16
957746,20.495058075231512,16
957762,20.184348646567898,16
957778,20.452108605557587,16
957794,20.456884821571382,16
957810,20.268528828639372,16
957826,20.383215157082518,16
957842,20.467192444471415,16
957859,21.519097227062648,17
957875,20.369533572515987,16
957891,20.16614757012137,16
957907,20.468067229902722,16
957923,20.44006946097331,16
957940,21.34879767182207,17
957956,20.243265655106054,16
957972,20.523817742124326,16
957988,20.376233036077835,16
958004,20.412527466958498,16
958020,20.34492020639832,16
958036,20.384407890413005,16
958052,20.31201233931943,16
958068,20.374932334378574,16
958084,20.250268963744052,16
958100,20.270742083003732,16
958116,20.41809389125771,16
958132,20.369684327299403,16
958148,20.183660318858724,16
958164,20.513602653111032,16
958180,20.3177653110266,16
958196,20.40745064297312,16
958212,20.312267693005477,16
958228,20.496565889233146,16
958244,20.32991219472838,16
958260,20.27684030528278,16
958276,20.322200916965333,16
958292,20.54756743737265,16
958308,20.365218349026765,16
958324,20.37405982578615,16
958340,20.35400384634848,16
958356,20.365729041144952,16
958372,20.401511546575886,16
958388,20.341239605727537,16
958404,20.392893347064252,16
958420,20.275200007753053,16
958436,20.367882705477278,16
958452,20.335264523553228,16
958468,20.39455437155446,16
958484,20.49043259637188,16
958500,20.163201108346072,16
958516,20.46685473694601,16
958532,20.262457151308016,16
958549,21.627354572770912,17
958565,20.406120786501702,16
958581,20.45258398179964,16
958597,20.496046558983267,16
958613,20.30327210770565,16
958629,20.288546023168518,16
958645,20.445227472629956,16
958662,21.568452741532134,17
958678,20.319425209160727,16
958694,20.319681225281897,16
958710,20.41733274495014,16
958726,20.349080164716835,16
958742,20.46773591421199,16
958758,20.502566127011193,16
958774,20.452295905257095,16
958790,20.445377607458934,16
958807,21.68551140128161,17
958823,20.43440947055001,16
958840,21.475923463325337,17
958856,20.31019213167591,16
958872,20.263027845455817,16
958888,20.176082179296568,16
958904,20.393865812852564,16
958920,20.34015184550445,16
958936,20.406175563896806,16
958952,20.30860765342272,16
958968,20.433425714563874,16
958984,20.410446504413528,16
959001,21.433232812258822,17
959017,20.40358571747702,16
959034,21.704315705280877,17
959050,20.512739287469643,16
959066,20.27257481621436,16
959082,20.373147029024214,16
959098,20.46339339639523,16
959114,20.386171403030943,16
959130,20.23246585357475,16
959146,20.2846828248835,16
959162,20.41813998852385,16
959178,20.40042495839114,16
959194,20.434041805272432,16
959210,20.335426405316035,16
959226,20.32249705517818,16
959243,21.370842641917275,17
959259,20.317414327898653,16
959276,21.59605921280431,17
959292,20.29523932284921,16
959308,20.280558483964324,16
959324,20.36910650940051,16
959340,20.403777896048496,16
959356,20.35706025076935,16
959372,20.502112750439224,16
959389,21.40319595406233,17
959405,20.26964501924082,16
959421,20.427931260230398,16
959437,20.313945577924134,16
959453,20.377737110079725,16
959469,20.277910973887668,16
959485,20.40684038210683,16
959501,20.25432422754904,16
959517,20.350501866231173,16
959533,20.24605183273325,16
959549,20.460901944313257,16
959566,21.609382896976715,17
959582,20.436052899828898,16
959598,20.51523707176057,16
959614,20.246401569765332,16
959630,20.240806697447642,16
959647,21.609860227654472,17
959663,20.278695425495247,16
959679,20.33591863969298,16
959695,20.351625782874432,16
959711,20.439908638700405,16
959727,20.291501486717543,16
959743,20.391267878655658,16
959759,20.343307393897103,16
959775,20.294823046684392,16
959791,20.39246505029066,16
959807,20.198168948789412,16
959823,20.282949509135168,16
959839,20.404335604207308,16
959855,20.387390082373244,16
959871,20.400757154271783,16
959887,20.382664969731668,16
959903,20.426037738267905,16
959919,20.196339294223417,16
959935,20.291564009190118,16
959951,20.40425946492381,16
959967,20.241063702373463,16
959983,20.380731146160116,16
959999,20.263231684959344,16
960015,20.20629905327763,16
960031,20.392568299026752,16
960047,20.326641199644676,16
960063,20.365778517129677,16
960079,20.36597835981954,16
960095,20.317137374718133,16
960111,20.38764564135888,16
960127,20.328616740718346,16
960143,20.404938211283692,16
960160,21.611589482938786,17
960177,21.656772813126793,17
960193,20.264290887049086,16
960209,20.43010001064531,16
960225,20.42514025821075,16
960241,20.522396329077633,16
960257,20.35069234577912,16
960273,20.314589073215206,16
960289,20.383303485842724,16
960305,20.469981236574853,16
960321,20.355157373758864,16
960337,20.372552491994362,16
960353,20.333304645062093,16
960369,20.576483712967924,16
960385,20.184357404739192,16
960401,20.14884265204241,16
960417,20.350935488362815,16
960433,20.35046725110386,16
960449,20.36878084882613,16
960465,20.271612378176574,16
960481,20.28266624005502,16
960497,20.499824035786755,16
960513,20.29061675608865,16
960529,20.35087047133036,16
960545,20.394086902669844,16
960561,20.44125455721438,16
960577,20.327379431236302,16
960593,20.272374910840547,16
960609,20.34666913125077,16
960625,20.358850724981064,16
960642,21.63769873506008,17
960658,20.240956809911264,16
960674,20.245178721839903,16
960690,20.394420453043814,16
960706,20.36129430920005,16
960722,20.39352536617192,16
960738,20.349086057347474,16
960754,20.30136128238385,16
960770,20.39809984820975,16
960786,20.377219771477638,16
960802,20.222652819792927,16
960819,21.469694032522636,17
960836,21.531106729989414,17
960852,20.326149833176625,16
960868,20.183691730494797,16
960884,20.325488691420446,16
960900,20.463961418743637,16
960916,20.241154350322944,16
960932,20.375308687857647,16
960948,20.322129161499006,16
960964,20.293341327027814,16
960980,20.378500026059562,16
960996,20.27158540050571,16
961012,20.544229633832284,16
961028,20.34783849915845,16
961044,20.267551457722867,16
961060,20.297763349757158,16
961076,20.2704613623058,16
961092,20.364222651617517,16
961108,20.309718829652848,16
961124,20.43362359421236,16
961140,20.293861700560548,16
961156,20.24321427312609,16
961172,20.210956218293266,16
961188,20.332071652736193,16
961204,20.341931017669214,16
961220,20.173148675544027,16
961237,21.511710349624877,17
961253,20.35658351202731,16
961269,20.286751827719673,16
961285,20.263408403276685,16
961302,21.610846934702064,17
961318,20.31304372012635,16
961334,20.254872049942747,16
961350,20.317502760550223,16
961366,20.237836198468106,16
961382,20.358116727222658,16
961398,20.33278143632916,16
961414,20.299366029781343,16
961430,20.325523800744143,16
961446,20.366681920340643,16
961462,20.38239493930222,16
961478,20.384975212901505,16
961494,20.364913642062277,16
961510,20.337050271292448,16
961526,20.48031939114712,16
961542,20.290272270302328,16
961558,20.37052284296163,16
961574,20.25518165395124,16
961590,20.356995677907253,16
961606,20.285204761488377,16
961623,21.625193477831953,17
961639,20.446986172127215,16
961655,20.208221612420573,16
961671,20.349203210647428,16
961687,20.356153433989213,16
961703,20.29795844680294,16
961719,20.297589091975166,16
961735,20.34401831166911,16
961751,20.39789751953827,16
961767,20.243415464359458,16
961783,20.417758810897105,16
961799,20.293365059289734,16
961815,20.41209075974523,16
961831,20.38119078588253,16
961847,20.44818294949741,16
961863,20.302316878545465,16
961879,20.28683770365194,16
961895,20.31495027571049,16
961911,20.368586756031835,16
961927,20.41614364991234,16
961943,20.3225107177708,16
961959,20.269274228043635,16
961975,20.15104970596014,16
961991,20.308807722420045,16
962007,20.029501026013254,16
962023,20.269787027913402,16
962039,20.34180420211247,16
962055,20.47305467338251,16
962071,20.376562094054677,16
962088,21.482526956553308,17
962105,21.542883537680698,17
962121,20.356164503527353,16
962137,20.147166279088285,16
962153,20.360027999678934,16
962169,20.268491437898227,16
962185,20.245547326583175,16
962201,20.374694951243345,16
962217,20.264426648929287,16
962233,20.36612091951575,16
962249,20.238243932336534,16
962265,20.324765034299283,16
962281,20.30906157376166,16
962297,20.251905788297563,16
962313,20.18103870752841,16
962329,20.129471741928306,16
962345,20.380517390461854,16
962361,20.36658034126599,16
962377,20.39473110759997,16
962393,20.288271512884666,16
962409,20.316415600187725,16
962425,20.12557647474988,16
962441,20.43246483135375,16
962458,21.39711816068973,17
962474,20.29264966167411,16
962490,20.382287081699715,16
962506,20.286603830870163,16
962522,20.273767815596116,16
962538,20.226654215192777,16
962554,20.325070578711763,16
962570,20.291822046538357,16
962586,20.2584863070499,16
962602,20.393588237608114,16
962618,20.245408446670353,16
962635,21.5702042363651,17
962651,20.345486474409686,16
962667,20.44060841662749,16
962683,20.279412590082277,16
962699,20.336642533216814,16
962715,20.513775637301702,16
962731,20.271789040241877,16
962747,20.427695914017406,16
962763,20.25736661042917,16
962779,20.424445816262377,16
962795,20.35916862656768,16
962811,20.277009283763068,16
962827,20.241001162344457,16
962843,20.299414597363572,16
962860,21.45360520706848,17
962876,20.305186065993144,16
962892,20.304045776139205,16
962908,20.315769295444017,16
962924,20.20693001804034,16
962940,20.33159512730582,16
962956,20.284783302503442,16
962972,20.412981843503353,16
962988,20.28138208378885,16
963004,20.26599998060776,16
963020,20.430651756985164,16
963036,20.46759525762932,16
963052,20.32111610627321,16
963068,20.3256878844046,16
963084,20.345447238630676,16
963100,20.487853090706135,16
963116,20.210802696537247,16
963132,20.3626582711352,16
963148,20.437926388327543,16
963164,20.38042369757464,16
963180,20.334264784659876,16
963196,20.440997331780732,16
963212,20.24062114097952,16
963228,20.3637166923724,16
963244,20.331143398657623,16
963260,20.364143881546802,16
963276,20.251230532346696,16
963292,20.24893542045819,16
963308,20.3664490595316,16
963324,20.40612577837969,16
963340,20.49849671116201,16
963356,20.30797983297979,16
963372,20.402622089759593,16
963388,20.24939857777969,16
963404,20.424249304829974,16
963420,20.278780077496087,16
963436,20.475506621647867,16
963452,20.392612113156805,16
963468,20.439112422598676,16
963484,20.38148288870545,16
963500,20.363991482196194,16
963516,20.342249883684993,16
963532,20.366896389115066,16
963549,21.603521584551157,17
963565,20.358771963735325,16
963581,20.39856167909104,16
963597,20.40493323160779,16
963613,20.35673196823885,16
963630,21.604738522102444,17
963646,20.46077826633856,16
963662,20.226686010877817,16
963678,20.27495304295877,16
963694,20.266097923630706,16
963710,20.31809105411221,16
963726,20.443314719562004,16
963742,20.463764092575513,16
963758,20.31612626890516,16
963774,20.487335531597896,16
963790,20.16929134404085,16
963806,20.38701955590322,16
963822,20.352933771327443,16
963838,20.535505541826158,16
963854,20.243986497017676,16
963870,20.293955258154934,16
963886,20.355135284744,16
963902,20.484575036517455,16
963918,20.40351384284872,16
963934,20.224220035153603,16
963950,20.224996424916455,16
963966,20.289188763367214,16
963982,20.181219845552206,16
963998,20.35215202366907,16
964014,20.49170062262355,16
964030,20.38173961932869,16
964046,20.466470700013545,16
964062,20.415416001243614,16
964078,20.251755177390038,16
964094,20.330701137890472,16
964110,20.452709738127552,16
964126,20.55186847855546,16
964142,20.114730071025527,16
964158,20.36902850244786,16
964174,20.407034851562646,16
964191,21.555426950957184,17
964207,20.398943498533896,16
964223,20.367747479476357,16
964239,20.50469582507408,16
964255,20.280120557089052,16
964271,20.369796563444165,16
964287,20.551837115441263,16
964303,20.371392485248695,16
964319,20.199517005602576,16
964335,20.40520047337943,16
964351,20.446510658938198,16
964367,20.28947233056915,16
964383,20.320045564692716,16
964399,20.408642473954036,16
964415,20.23134064966767,16
964431,20.25750806819486,16
964447,20.42182069474985,16
964463,20.32582247007075,16
964479,20.300540039936276,16
964495,20.421715347430478,16
964511,20.421322114231025,16
964527,20.40287028901474,16
964543,20.369279420841316,16
964559,20.512466038264606,16
964575,20.295752914795667,16
964591,20.341577372195975,16
964607,20.3330438315021,16
964623,20.279695160326078,16
964639,20.39534661947947,16
964655,20.245687693406712,16
964671,20.296785142203703,16
964687,20.311279990961292,16
964703,20.27854557166492,16
964719,20.24939397122123,16
964735,20.311527516543297,16
964751,20.26332235005858,16
964767,20.19226079445611,16
964783,20.43228043397798,16
964799,20.357614479186406,16
964815,20.06390773964086,16
964831,20.241726111440542,16
964848,21.547513621728783,17
964864,20.370743578072766,16
964880,20.31604665813438,16
964896,20.306125554891953,16
964912,20.511461520967266,16
964928,20.237779544622637,16
964944,20.21115651636606,16
964960,20.26580911054737,16
964976,20.274259809465576,16
964992,20.163018671059366,16
965008,20.46616861091196,16
965024,20.244107387220275,16
965040,20.31474826341627,16
965056,20.373333428999516,16
965072,20.32824182441896,16
965088,20.27971873849089,16
965104,20.32056787091246,16
965120,20.339198364614973,16
965136,20.397284009981153,16
965152,20.144624891666478,16
965168,20.296815047693787,16
965184,20.35581112818879,16
965200,20.19401594355365,16
965217,21.460264041054423,17
965233,20.269361219452605,16
965249,20.289902495675914,16
965265,20.395620577678933,16
965281,20.338337352251397,16
965297,20.224327744386322,16
965313,20.301591853754,16
965329,20.40073746054065,16
965345,20.276974493091274,16
965361,20.253001605867624,16
965377,20.30380025007237,16
965393,20.42298772646139,16
965409,20.279080487446354,16
965425,20.22769208537342,16
965441,20.25810943990562,16
965457,20.179425623894186,16
965473,20.280126445118874,16
965489,20.39517787022487,16
965505,20.29641989507516,16
965521,20.336303079482274,16
965537,20.114536428062806,16
965554,21.614709850762413,17
965570,20.103090767492546,16
965586,20.214268478964698,16
965602,20.444851097864028,16
965618,20.280828005148674,16
965634,20.238645521435664,16
965650,20.342576579955168,16
965666,20.28634393908657,16
965682,20.378803599423925,16
965698,20.404417652863817,16
965714,20.424184532511546,16
965730,20.303502047287033,16
965746,20.364733416158092,16
965762,20.358854459884157,16
965778,20.28203339566839,16
965794,20.259689450371766,16
965810,20.147432835144286,16
965826,20.271938926618578,16
965842,20.20245833565189,16
965858,20.127174959216802,16
965874,20.36018796472856,16
965890,20.30273405235055,16
965906,20.417924808701958,16
965922,20.264471806587633,16
965938,20.29744415140179,16
965954,20.23822867791978,16
965970,20.264549664050836,16
965986,20.44872345311244,16
966002,20.27292827811417,16
966018,20.406892558989433,16
966034,20.322109467668767,16
966050,20.140631662628437,16
966066,20.12292245332634,16
966082,20.241171916816818,16
966098,20.31638422559465,16
966114,20.282869950516854,16
966130,20.357089586479233,16
966146,20.259019363244086,16
966162,20.305262109748835,16
966178,20.13602349505575,16
966194,20.25457239997761,16
966210,20.34077584406963,16
966227,21.752087878433684,17
966243,20.271803548151123,16
966259,20.39667774769905,16
966275,20.411816269954944,16
966291,20.383106671111992,16
966307,20.301641608931,16
966323,20.29624026872754,16
966339,20.229970266599718,16
966355,20.283840385084634,16
966371,20.31546712432064,16
966387,20.30976418468615,16
966403,20.14851288592616,16
966419,20.28009751901968,16
966436,21.512134443689018,17
966452,20.24886493081813,16
966468,20.419108885893152,16
966484,20.2769523331358,16
966500,20.192158138497437,16
966516,20.235026106493397,16
966532,20.200681397422496,16
966548,20.26928579627567,16
966564,20.373633119238917,16
966580,20.194775845900796,16
966596,20.320230208878595,16
966612,20.49342497448606,16
966628,20.321331822001916,16
966644,20.3387356750378,16
966660,20.369628550428637,16
966676,20.435642930720192,16
966692,20.165275515413914,16
966708,20.271908527922843,16
966724,20.35499003820623,16
966740,20.301916102987107,16
966756,20.394863138197014,16
966772,20.354211259123364,16
966789,21.424259132417223,17
966805,20.424341069037432,16
966821,20.33982670417716,16
966837,20.350920743656218,16
966853,20.41006678541551,16
966869,20.268694681389118,16
966885,20.36299491502907,16
966901,20.195820338835496,16
966917,20.29404166003854,16
966933,20.396708851885876,16
966949,20.41056069207762,16
966965,20.388886766324337,16
966981,20.249402793548462,16
966997,20.377780063445815,16
967013,20.228094942413602,16
967029,20.213934042440293,16
967045,20.427764367886777,16
967061,20.262193360096582,16
967077,20.175275229198668,16
967093,20.189150883036966,16
967109,20.19432283759716,16
967125,20.400606917265378,16
967141,20.403599524504244,16
967157,20.296979563382575,16
967173,20.390436464616645,16
967189,20.31507663239229,16
967206,21.534741175579317,17
967222,20.402926051413633,16
967238,20.259778893540947,16
967254,20.41584426811448,16
967270,20.33331483801928,16
967286,20.320695804602753,16
967302,20.41970810868135,16
967318,20.31148285369202,16
967334,20.299296577146418,16
967350,20.373670512940375,16
967366,20.30662540269265,16
967382,20.27279584396447,16
967398,20.29282029546285,16
967414,20.33079302723102,16
967430,20.44497043202372,16
967446,20.423454290949934,16
967462,20.202924795788665,16
967478,20.38959609978458,16
967494,20.43947409221047,16
967510,20.370547762870565,16
967526,20.209387274881003,16
967542,20.516631807370732,16
967558,20.292353547171086,16
967574,20.436197848113487,16
967590,20.343505852445336,16
967606,20.456992141615736,16
967622,20.214769897234557,16
967638,20.364094362031736,16
967654,20.34328400939694,16
967670,20.4677590355631,16
967686,20.23534669118068,16
967702,20.32950750545644,16
967718,20.28750749593065,16
967734,20.409789512296655,16
967750,20.416968776097924,16
967766,20.18013028296997,16
967782,20.473696063243835,16
967798,20.404341059452573,16
967814,20.31571143460129,16
967830,20.37589902923089,16
967846,20.395571754893947,16
967862,20.435759901691515,16
967878,20.430401830151336,16
967894,20.420013354731697,16
967910,20.31556957399514,16
967926,20.400906873612243,16
967942,20.42165466753537,16
967958,20.39781687999469,16
967974,20.56372268048345,16
967990,20.274990626120434,16
968006,20.307878081007875,16
968022,20.313543030587677,16
968038,20.21026780290194,16
968054,20.379464925428437,16
968070,20.385301413357404,16
968086,20.404288576169147,16
968102,20.158475009510155,16
968118,20.39999477958447,16
968134,20.431833224646,16
968150,20.206838367710922,16
968167,21.503041067784906,17
968183,20.37471176409016,16
968199,20.39060058235442,16
968215,20.406138504060166,16
968231,20.101813655533764,16
968247,20.361252463609265,16
968263,20.323038619344082,16
968279,20.355164479281896,16
968295,20.219077176183944,16
968311,20.06192314047261,16
968327,20.244896434916136,16
968343,20.216793336079846,16
968359,20.22700243298848,16
968375,20.291112331892084,16
968391,20.388994207990518,16
968407,20.347121577740964,16
968423,20.44251490197358,16
968439,20.27388133977735,16
968455,20.32188609069099,16
968471,20.42722031269454,16
968487,20.355625889078514,16
968503,20.385531991570364,16
968519,20.475916773707265,16
968535,20.358801475951623,16
968551,20.391201240046215,16
968567,20.302785794157536,16
968583,20.3706366582848,16
968599,20.40674230515016,16
968615,20.396601327140395,16
968631,20.2435284495841,16
968647,20.521258395354995,16
968663,20.398438039965107,16
968679,20.29682797212264,16
968695,20.38084589496792,16
968711,20.483184936525973,16
968727,20.34401865963225,16
968743,20.3771282954958,16
968759,20.360822114857452,16
968775,20.329627471005256,16
968791,20.24890824871034,16
968807,20.323446586378385,16
968823,20.40809451406874,16
968839,20.283693532868806,16
968855,20.57034583312965,16
968871,20.349613614981628,16
968887,20.376170068453636,16
968903,20.293876131528908,16
968919,20.115800768077396,16
968935,20.29003582710681,16
968951,20.4927517295929,16
968967,20.36747511712688,16
968983,20.39141919005423,16
968999,20.51822109148692,16
969015,20.348878847610923,16
969031,20.533136718849615,16
969047,20.323711061075382,16
969063,20.293933304402483,16
969079,20.45760665256844,16
969095,20.56089525510163,16
969111,20.30520863438464,16
969127,20.398425818253774,16
969143,20.337238628885995,16
969159,20.284324326709402,16
969175,20.216254259893027,16
969191,20.352100915659737,16
969207,20.316398003889148,16
969223,20.48147550789393,16
969240,21.535099195802783,17
969256,20.30557729830822,16
969272,20.43919326924694,16
969288,20.46536165381499,16
969304,20.361932886532127,16
969320,20.433073103884034,16
969336,20.26036943239527,16
969353,21.562595213046567,17
969369,20.364941179672506,16
969385,20.275342657067462,16
969401,20.36243319520876,16
969417,20.236560870766176,16
969433,20.394352459411714,16
969449,20.367129185571706,16
969465,20.29523844463069,16
969481,20.28185489914428,16
969497,20.27821336742253,16
969513,20.507041019182076,16
969529,20.357531208163547,16
969545,20.48268101553407,16
969561,20.368303050459048,16
969577,20.396640849108824,16
969593,20.13831033574094,16
969609,20.417116755067664,16
969625,20.371120779339172,16
969641,20.392710985951215,16
969657,20.4330785635259,16
969673,20.2628748607913,16
969689,20.405923484358144,16
969705,20.279564209468116,16
969721,20.44640920049813,16
969737,20.37678123235802,16
969753,20.397149422299798,16
969769,20.422998903639307,16
969785,20.32627325231194,16
969801,20.43223586926316,16
969817,20.390374807301896,16
969833,20.407482396155498,16
969849,20.432490196216982,16
969865,20.19690236629734,16
969881,20.377171193019805,16
969897,20.44677190540987,16
969913,20.249237492159683,16
969929,20.324999764010933,16
969945,20.37859437877652,16
969961,20.279427810353376,16
969977,20.36992783579369,16
969993,20.46177235161487,16
970009,20.25153915117565,16
970025,20.493827729233686,16
970041,20.24681703817988,16
970057,20.30746194620911,16
970073,20.47884275173713,16
970089,20.437816606271433,16
970105,20.335463938257586,16
970121,20.318124762191864,16
970137,20.31258603217797,16
970153,20.368218680366983,16
970169,20.424773729323853,16
970185,20.610476573217255,16
970201,20.42331674639832,16
970217,20.350338823531395,16
970233,20.40413862000909,16
970249,20.389617881441197,16
970265,20.497063210759734,16
970281,20.40932476232977,16
970297,20.421364782220476,16
970313,20.359568286018796,16
970330,21.615856434975054,17
970346,20.30976051609599,16
970362,20.429891417022876,16
970378,20.292167940787078,16
970394,20.41143467628359,16
970410,20.26008189794918,16
970426,20.43493377401571,16
970442,20.373314711941287,16
970458,20.2864676566504,16
970474,20.40372142255978,16
970490,20.43047485093545,16
970506,20.355624770547518,16
970522,20.344724837647213,16
970538,20.41782027572255,16
970554,20.441549690911213,16
970570,20.3882292174997,16
970586,20.341676280067233,16
970602,20.472422601140753,16
970618,20.320375908782257,16
970634,20.33257928647147,16
970650,20.496198346834948,16
970666,20.33237821253856,16
970682,20.237036805450813,16
970698,20.603162207619285,16
970714,20.435675088901164,16
970730,20.263482536253964,16
970746,20.453427373536524,16
970762,20.35865039195369,16
970778,20.48550043018109,16
970794,20.31998424258879,16
970810,20.31965650142751,16
970826,20.39290032652545,16
970842,20.283214575225674,16
970859,21.58041832847931,17
970875,20.56735295273414,16
970891,20.469194669514795,16
970907,20.491159242046965,16
970923,20.229928653693143,16
970939,20.357863693997167,16
970955,20.25385020512999,16
970972,21.799019651036584,17
970988,20.369965558964974,16
971004,20.350176029352166,16
971020,20.47495607310058,16
971036,20.311952145985252,16
971052,20.451397599890605,16
971068,20.521925568296016,16
971084,20.343742835261477,16
971100,20.357750458101314,16
971116,20.41220563183335,16
971132,20.401925598934717,16
971148,20.4346484135002,16
971165,21.574636015022044,17
971181,20.37797108339507,16
971197,20.36580385767464,16
971213,20.40766664352755,16
971229,20.412914660293087,16
971245,20.428856028693865,16
971261,20.248920886242306,16
971277,20.503492937308827,16
971293,20.46486808186233,16
971309,20.419541835070223,16
971325,20.386889865076686,16
971341,20.285879286674042,16
971357,20.252869391613867,16
971373,20.37424213084629,16
971389,20.46486411102833,16
971405,20.325395318475913,16
971421,20.247706765373373,16
971437,20.431687918750168,16
971454,21.56900876957034,17
971470,20.478434292157104,16
971486,20.335686698108653,16
971502,20.263992138969225,16
971518,20.31494672568765,16
971534,20.363657089194394,16
971550,20.23729695969229,16
971566,20.400266168340814,16
971582,20.30179098912152,16
971598,20.345439866631768,16
971614,20.282842607902225,16
971630,20.47239058554282,16
971646,20.42692273894582,16
971662,20.47555839844893,16
971678,20.21724840623501,16
971694,20.405341433508646,16
971710,20.334549371988473,16
971726,20.381032789205147,16
971742,20.381335662031955,16
971758,20.333079930172698,16
971774,20.234372143933662,16
971790,20.27590836068595,16
971806,20.365851454648716,16
971822,20.17457189278869,16
971838,20.326718372057357,16
971854,20.433122828629628,16
971870,20.18839116844773,16
971886,20.464525883664052,16
971902,20.483190427317776,16
971918,20.22945286041468,16
971934,20.335718870489018,16
971950,20.547975290221935,16
971966,20.286361436173998,16
971982,20.42703996448592,16
971998,20.38776547317202,16
972014,20.53162271412934,16
972030,20.290561203614278,16
972046,20.368313492324518,16
972062,20.55547532606276,16
972078,20.26474296339762,16
972094,20.355727091593206,16
972110,20.43475348469733,16
972126,20.29020587518446,16
972142,20.37377400148776,16
972158,20.380479999972057,16
972174,20.290423359023173,16
972190,20.493451357754118,16
972206,20.467223159955115,16
972222,20.483831446227956,16
972238,20.254299439814428,16
972254,20.444723730757495,16
972270,20.512519884431303,16
972286,20.409302573560506,16
972302,20.229544098458568,16
972318,20.379389047204743,16
972334,20.315749466573404,16
972350,20.361286722998777,16
972366,20.417299272227893,16
972382,20.377441188928128,16
972398,20.477102572636046,16
972414,20.3303152430534,16
972430,20.41649630935255,16
972446,20.36102830763784,16
972462,20.404750168724433,16
972478,20.45622835607369,16
972495,21.680883599545137,17
972511,20.31843610373585,16
972527,20.238607125582234,16
972543,20.353584405028826,16
972559,20.526050554829702,16
972575,20.41041938327697,16
972591,20.380890095977765,16
972607,20.458857526359726,16
972623,20.352270816928026,16
972639,20.301529488425455,16
972655,20.351043000233133,16
972671,20.350580051099072,16
972687,20.391611010185787,16
972703,20.41272922247647,16
972719,20.486287609982156,16
972735,20.48800559541104,16
972751,20.406959512862816,16
972767,20.389563855667543,16
972783,20.153301985811794,16
972799,20.533000533858733,16
972815,20.305953870693468,16
972831,20.422680270220543,16
972847,20.34310633350717,16
972863,20.395751621163335,16
972879,20.377930574786095,16
972895,20.40765058083907,16
972911,20.44235688316436,16
972927,20.425687188388864,16
972943,20.4517174430975,16
972959,20.390943542035334,16
972975,20.511028205629334,16
972991,20.47568477760624,16
973007,20.471049445981492,16
973024,21.668517196786837,17
973040,20.438011291519686,16
973056,20.33339233600466,16
973072,20.54398755443593,16
973088,20.23933029136024,16
973104,20.391735536601818,16
973120,20.267937418324884,16
973136,20.54473153041558,16
973152,20.365032694688686,16
973168,20.175598080655643,16
973184,20.359502522841467,16
973200,20.387246286945967,16
973216,20.495798332280074,16
973232,20.397549173548423,16
973248,20.24781225094503,16
973264,20.370191932970293,16
973280,20.28813062871298,16
973296,20.440143920710018,16
973313,21.63101565632262,17
973329,20.50934784230183,16
973345,20.395348963244405,16
973362,21.60820476287533,17
973378,20.35754259678155,16
973394,20.594777989664813,16
973410,20.434345150531946,16
973426,20.336306799903017,16
973442,20.484031323211806,16
973458,20.346341222312816,16
973474,20.44525827065094,16
973490,20.563188920286056,16
973506,20.446228027850353,16
973522,20.42064674697233,16
973538,20.42423456452867,16
973554,20.43894281676312,16
973570,20.447428337998687,16
973586,20.28201881306761,16
973602,20.271828644334477,16
973618,20.353433055903825,16
973634,20.435560198270235,16
973650,20.294615129859306,16
973666,20.41090665330848,16
973682,20.463993696126987,16
973698,20.484921455286155,16
973714,20.422056222650557,16
973730,20.554879786736258,16
973746,20.540222325821887,16
973762,20.402119673688176,16
973778,20.401262286090294,16
973794,20.36639120736306,16
973810,20.471150430313415,16
973826,20.2954843191432,16
973842,20.463152628974655,16
973858,20.520723940569184,16
973874,20.440185535828423,16
973890,20.511427657209847,16
973906,20.46712923906275,16
973922,20.37958710781319,16
973938,20.541068174630325,16
973954,20.32042431828544,16
973970,20.385798419399233,16
973986,20.37831260673631,16
974002,20.39202610004955,16
974018,20.534130587698684,16
974034,20.277501452461483,16
974050,20.359984334345334,16
974066,20.361932205866424,16
974082,20.333765226030025,16
974098,20.215375905178696,16
974114,20.473589585955573,16
974130,20.2862114894871,16
974146,20.4160501981197,16
974162,20.420688446980275,16
974178,20.277607162555675,16
974194,20.419532303294122,16
974210,20.404038460941063,16
974226,20.435338788722888,16
974242,20.480135994065154,16
974258,20.41667640147553,16
974274,20.376133005683226,16
974290,20.242554106101682,16
974306,20.305335585096323,16
974322,20.319058772805114,16
974338,20.456381269441195,16
974354,20.556721832466685,16
974370,20.48659580464125,16
974386,20.31451304918541,16
974402,20.259128239490558,16
974418,20.240856302428785,16
974434,20.283974916738348,16
974450,20.35381699123232,16
974466,20.516969691247233,16
974482,20.337605407610035,16
974498,20.46126719448774,16
974514,20.371351888072844,16
974530,20.35496064017003,16
974546,20.329817670963088,16
974563,21.587518184189594,17
974579,20.453900371196305,16
974595,20.284259166396954,16
974611,20.340073112506634,16
974627,20.31211030389323,16
974644,21.712388388603586,17
974660,20.300662011545473,16
974676,20.399630259136355,16
974692,20.547791482674025,16
974708,20.42322618739733,16
974724,20.17305412480783,16
974740,20.554874472259847,16
974756,20.46172683855447,16
974773,21.485767683842344,17
974789,20.528583955215723,16
974805,20.432410274033728,16
974821,20.38317479313497,16
974837,20.500826211251702,16
974853,20.56283094569441,16
974869,20.360709363300092,16
974885,20.414810084954315,16
974901,20.424698416834957,16
974917,20.527314778947623,16
974933,20.409361679481822,16
974949,20.358779471023542,16
974965,20.383869223514075,16
974981,20.362387455717755,16
974997,20.477332585756287,16
975013,20.417250477519087,16
975029,20.415680288933125,16
975045,20.38000432291624,16
975061,20.52824798101383,16
975077,20.379853650336067,16
975093,20.581821405389732,16
975109,20.56326285558355,16
975125,20.22740029909774,16
975141,20.48340495893281,16
975157,20.273731832098182,16
975173,20.3090730084395,16
975189,20.330431883633445,16
975205,20.371277651469345,16
975221,20.31315146580339,16
975238,21.572299093203995,17
975254,20.375264834422197,16
975270,20.249026624115125,16
975286,20.251651994043513,16
975302,20.55646789017623,16
975318,20.525895906076638,16
975334,20.42082374303625,16
975350,20.478683303751264,16
975366,20.47833372822719,16
975382,20.371436540648293,16
975398,20.20885516748949,16
975414,20.391322164109376,16
975430,20.401141758948864,16
975446,20.272814659696703,16
975462,20.385763100725065,16
975478,20.317067785383998,16
975494,20.275436999775113,16
975510,20.300876140695784,16
975526,20.262774961002467,16
975542,20.526751696060067,16
975558,20.47704094167233,16
975574,20.25907963813877,16
975590,20.236717630874193,16
975606,20.450260716978267,16
975622,20.49027382210283,16
975638,20.385964031023825,16
975654,20.561030072069713,16
975670,20.30628662974404,16
975686,20.559811035471316,16
975702,20.236581426950217,16
975718,20.261718552513567,16
975734,20.494579464049522,16
975750,20.449994299683585,16
975766,20.30727542879927,16
975782,20.287925699695645,16
975798,20.427963676951336,16
975814,20.322855298712035,16
975830,20.363939730194215,16
975846,20.345700821585435,16
975862,20.534016636799546,16
975879,21.797866718140558,17
975895,20.387503067022354,16
975911,20.28819719774716,16
975927,20.40606282387716,16
975943,20.41166768164493,16
975959,20.404251177215468,16
975975,20.555700690758083,16
975991,20.216541048684817,16
976007,20.269267580297583,16
976023,20.459521679326457,16
976039,20.46393789564456,16
976055,20.330868507284734,16
976071,20.52884784013025,16
976087,20.431080159601755,16
976103,20.426576352679504,16
976119,20.41143406818778,16
976135,20.465781324506672,16
976151,20.348923276779566,16
976167,20.316358050222583,16
976183,20.418202361833572,16
976199,20.552297741348106,16
976215,20.405977641044775,16
976231,20.487933612106755,16
976247,20.39931699579341,16
976263,20.40608264232554,16
976279,20.4381364167031,16
976295,20.416730648536234,16
976311,20.436224533145428,16
976327,20.422027189128762,16
976343,20.48268360059705,16
976359,20.352670691885034,16
976375,20.331512173390426,16
976391,20.304299128184123,16
976407,20.325353551036716,16
976423,20.321738531662476,16
976439,20.367730902430413,16
976455,20.440829950666004,16
976471,20.50960962386205,16
976487,20.371102320781805,16
976503,20.34103306282945,16
976519,20.47934090847712,16
976535,20.49939221509788,16
976551,20.268545182738457,16
976567,20.44756915228509,16
976583,20.378650176156853,16
976599,20.3719330131822,16
976615,20.366967035889374,16
976631,20.471502887385693,16
976647,20.391420287079168,16
976663,20.496293518738945,16
976679,20.459971694946464,16
976695,20.249998371152483,16
976711,20.347055618354503,16
976727,20.266791968544762,16
976743,20.380165421321944,16
976759,20.531513885049748,16
976775,20.409055404187562,16
976791,20.35027714192312,16
976807,20.386118437539718,16
976823,20.41917857379315,16
976839,20.41694893098056,16
976855,20.432138548910434,16
976871,20.310988969124377,16
976887,20.515624646606675,16
976903,20.41253579142159,16
976919,20.570416190008032,16
976935,20.34563502686499,16
976951,20.458664773703628,16
976967,20.560840460807974,16
976983,20.59973097648405,16
976999,20.153709685545167,16
977015,20.647508915908244,16
977031,20.346360439935566,16
977047,20.458130088049135,16
977063,20.52388216850912,16
977079,20.318206239836147,16
977095,20.63165883024833,16
977111,20.596220102893994,16
977127,20.338013000237076,16
977143,20.48753329912211,16
977159,20.502708788385004,16
977175,20.485676450550063,16
977191,20.367503864309658,16
977207,20.33363872759109,16
977223,20.591468674877323,16
977239,20.38941572433379,16
977255,20.304174464693407,16
977271,20.41206184762691,16
977287,20.43917287803855,16
977303,20.467263674595916,16
977319,20.586432695272567,16
977335,20.48919970760558,16
977351,20.4096990599246,16
977367,20.259971647144077,16
977383,20.362152724817538,16
977399,20.486750174148025,16
977415,20.41840862667174,16
977431,20.408314073867313,16
977447,20.418280176846928,16
977463,20.281773863775992,16
977479,20.444129607105886,16
977495,20.40419622334765,16
977511,20.56281794973938,16
977527,20.55166735560419,16
977543,20.466985138741748,16
977559,20.199325682706057,16
977575,20.29224122702858,16
977591,20.236817210645903,16
977607,20.46097386886071,16
977623,20.305695733294826,16
977639,20.281801988346515,16
977655,20.55592989744366,16
977671,20.448970654530548,16
977687,20.466858573048437,16
977703,20.55687306413947,16
977719,20.410398362874172,16
977735,20.362317309471493,16
977751,20.51207792780913,16
977767,20.18326714770671,16
977783,20.407479296897684,16
977799,20.483138913062632,16
977815,20.551014891313574,16
977831,20.47622556312866,16
977847,20.336606824710497,16
977863,20.26356650655988,16
977879,20.393036990154993,16
977895,20.338485848414663,16
977911,20.461572302730733,16
977927,20.46504745215191,16
977943,20.297174497732474,16
977959,20.35181322063534,16
977975,20.417278073273483,16
977991,20.352060746893304,16
978007,20.449932534801565,16
978024,21.552709403249533,17
978040,20.41911318694798,16
978056,20.450008957187226,16
978072,20.47149425873293,16
978088,20.409253417150158,16
978104,20.43887713834704,16
978120,20.375383303925307,16
978136,20.5051473685064,16
978152,20.51373569018109,16
978168,20.357063344779206,16
978184,20.550782417470966,16
978200,20.400059849402588,16
978216,20.39271651183062,16
978233,21.8629423879838,17
978249,20.397605874228574,16
978265,20.6359037604965,16
978281,20.433105940363692,16
978297,20.436206617703892,16
978313,20.463129873293504,16
978329,20.350992415600835,16
978345,20.43079918287574,16
978361,20.475488695083147,16
978377,20.431144313799116,16
978393,20.50217231166858,16
978409,20.479007764039764,16
978425,20.283347052417444,16
978441,20.525867961691524,16
978457,20.56512519825113,16
978473,20.352720211094717,16
978489,20.388220408446532,16
978505,20.504493112195934,16
978521,20.366753021629574,16
978537,20.53751615777718,16
978553,20.47750841116802,16
978569,20.41093303950086,16
978585,20.62578942163791,16
978601,20.31740605030692,16
978617,20.506132087853633,16
978633,20.478366352467834,16
978649,20.42343934310188,16
978665,20.547339599220635,16
978681,20.366075627970904,16
978697,20.51750578379465,16
978713,20.517024877710067,16
978729,20.282023867426084,16
978745,20.557421959366206,16
978761,20.433366381599672,16
978777,20.420051763891166,16
978793,20.26111303032922,16
978809,20.45075049091173,16
978825,20.399787382868105,16
978841,20.54375880247861,16
978857,20.42976599263815,16
978873,20.355819504241968,16
978889,20.434490392039603,16
978905,20.389253924812504,16
978921,20.65783155864221,16
978937,20.480332206763183,16
978953,20.43762851635752,16
978969,20.37308935438452,16
978985,20.35954372699147,16
979001,20.505842971400483,16
979017,20.254149259752587,16
979033,20.424684507016924,16
979049,20.34537498339356,16
979065,20.491722829234064,16
979081,20.248752980804728,16
979097,20.232304272358284,16
979113,20.53267575394391,16
979129,20.349862492110077,16
979145,20.377062001538327,16
979161,20.492627473673014,16
979177,20.41189632192398,16
979193,20.44037028303158,16
979209,20.355389790878537,16
979225,20.467265204937,16
979241,20.308745457450254,16
979257,20.34093734155499,16
979273,20.433622285044763,16
979289,20.298783630075615,16
979305,20.4369984468509,16
979321,20.287474212516553,16
979337,20.485381309118498,16
979353,20.48580361430653,16
979369,20.466477330154408,16
979385,20.404536827560936,16
979401,20.38499896046976,16
979417,20.45576873298067,16
979433,20.361577415467487,16
979449,20.456481042026656,16
979465,20.419802959143734,16
979481,20.472326564848885,16
979497,20.410531713279426,16
979513,20.251373153643694,16
979529,20.549129831584008,16
979545,20.390309089184118,16
979561,20.335864699047796,16
979577,20.4459953797793,16
979593,20.449801271975968,16
979609,20.30318254291764,16
979625,20.437174601508325,16
979641,20.376720664799247,16
979657,20.390894501107667,16
979673,20.37086255099441,16
979689,20.495728475335746,16
979705,20.521196460867067,16
979721,20.588280318944456,16
979737,20.587268975014215,16
979753,20.346552147904262,16
979769,20.31370650823089,16
979785,20.464345686512203,16
979801,20.531474438266358,16
979817,20.473005814939,16
979833,20.178443697109095,16
979849,20.35779062018762,16
979865,20.355797728772803,16
979881,20.251866473019092,16
979897,20.426525617686423,16
979913,20.40324804869014,16
979929,20.209536510843016,16
979945,20.490192241369893,16
979961,20.489299470086646,16
979977,20.427143264009743,16
979993,20.501695921708116,16
980009,20.446889914220453,16
980025,20.424676003375264,16
980041,20.362543623388696,16
980057,20.363606181466295,16
980073,20.437620736241712,16
980089,20.436446757861106,16
980105,20.38690509648608,16
980121,20.504983099981573,16
980137,20.403234981506344,16
980153,20.42302407504898,16
980169,20.473941752817524,16
980185,20.26943481060166,16
980201,20.36178902310484,16
980217,20.516472594890736,16
980233,20.24876458014856,16
980249,20.39757646679338,16
980265,20.439933876177612,16
980281,20.232587775556574,16
980297,20.33863043806912,16
980313,20.532920124769962,16
980329,20.377300367421128,16
980345,20.403538046171477,16
980361,20.413888973235075,16
980377,20.35659475068724,16
980393,20.506135403521185,16
980409,20.434789790811497,16
980425,20.4102119037094,16
980441,20.496264005544596,16
980457,20.38437021393778,16
980473,20.232402108606863,16
980489,20.578021849215382,16
980505,20.4972009509707,16
980521,20.3146145028163,16
980537,20.327452875648852,16
980553,20.404779257332038,16
980569,20.404132984201137,16
980585,20.322944393213323,16
980601,20.41566921635977,16
980617,20.27198863939131,16
980633,20.606929859326208,16
980649,20.409397026689998,16
980665,20.366515744820738,16
980681,20.532559195121834,16
980697,20.385377137342648,16
980713,20.44425958636663,16
980729,20.484783150933005,16
980745,20.39209497213302,16
980761,20.436712490215655,16
980777,20.313121422912005,16
980793,20.461349215002556,16
980809,20.586599235563074,16
980825,20.30438233903217,16
980841,20.350051642733625,16
980857,20.410719054441397,16
980873,20.361304221596512,16
980889,20.34631079572261,16
980905,20.259759940729523,16
980921,20.32117947839808,16
980937,20.41178454439832,16
980953,20.40996043140919,16
980969,20.434853489248347,16
980985,20.5142166671834,16
981001,20.257649156803176,16
981017,20.32097454426318,16
981033,20.46880040676173,16
981049,20.28343999882643,16
981065,20.262933586646998,16
981081,20.394177995519776,16
981097,20.296126127808026,16
981113,20.358098119624646,16
981129,20.148891163148345,16
981145,20.39027114555247,16
981161,20.353041692564673,16
981177,20.33550924871262,16
981193,20.414085257280618,16
981209,20.52172754138371,16
981225,20.537256921821143,16
981241,20.47485533214283,16
981257,20.301030997792022,16
981273,20.323279090182453,16
981289,20.37554305769885,16
981305,20.333437308378468,16
981321,20.36747011647839,16
981337,20.336248555238452,16
981353,20.420004500506348,16
981369,20.31053430625019,16
981385,20.406705301671884,16
981401,20.537533467922405,16
981417,20.40297812599155,16
981433,20.329371375269947,16
981449,20.22095202275151,16
981465,20.405073115765926,16
981481,20.277880641778744,16
981497,20.516522365735153,16
981513,20.557149142706333,16
981529,20.479689266017704,16
981545,20.22854668164254,16
981561,20.171023450282537,16
981577,20.233194675838714,16
981593,20.261516193793685,16
981609,20.345537289761445,16
981625,20.375073605377978,16
981641,20.38642224715611,16
981657,20.415435357204082,16
981673,20.23737408289322,16
981689,20.39442024495936,16
981705,20.357450140833812,16
981721,20.44672515483802,16
981737,20.28862024985341,16
981753,20.352727961352738,16
981769,20.343766369255558,16
981785,20.443499384670428,16
981801,20.56108300583363,16
981817,20.26171536385608,16
981833,20.583411091213087,16
981849,20.345846915552528,16
981865,20.405402109044804,16
981881,20.25003682860541,16
981897,20.31821370939574,16
981913,20.26629173156705,16
981929,20.2825471433047,16
981945,20.366884437245012,16
981961,20.294324715001963,16
981977,20.293900519204893,16
981993,20.319092905841163,16
982009,20.270850036534455,16
982025,20.353309879499367,16
982041,20.370309457515987,16
982057,20.40096443606331,16
982073,20.508066170984563,16
982089,20.235758683009713,16
982105,20.339590513264667,16
982121,20.338248603793172,16
982137,20.359184159855953,16
982153,20.139840596536068,16
982169,20.44307490487473,16
982185,20.283854117207746,16
982201,20.568065398517934,16
982217,20.457158738994778,16
982233,20.3137983352469,16
982249,20.370410070853456,16
982265,20.41420433076878,16
982281,20.354791326237674,16
982297,20.222352788179407,16
982313,20.447344273454654,16
982329,20.38456083105741,16
982345,20.266669718485197,16
982361,20.327708850417757,16
982377,20.577508307218018,16
982393,20.435426511077328,16
982409,20.27395153741922,16
982425,20.290242790915265,16
982441,20.402212576308465,16
982457,20.380334864730738,16
982473,20.403622800605042,16
982489,20.449284400421433,16
982505,20.442795969726117,16
982521,20.512301678863846,16
982537,20.367774068542857,16
982553,20.333495018280114,16
982570,21.565078627791333,17
982586,20.307700328599676,16
982602,20.511662415395925,16
982618,20.467666191533976,16
982634,20.412229079918962,16
982650,20.338700798275106,16
982666,20.097937310729396,16
982682,20.376871660950517,16
982698,20.43490634333049,16
982714,20.280504081973888,16
982730,20.439098434079952,16
982746,20.334114109294845,16
982762,20.201022441342015,16
982778,20.479105616372287,16
982794,20.186600389729502,16
982810,20.366556390390603,16
982826,20.454052614194083,16
982842,20.510170612474788,16
982858,20.364992238427064,16
982874,20.432897717113008,16
982890,20.50905470571922,16
982906,20.338164767574263,16
982922,20.41418467380419,16
982938,20.329348550761548,16
982954,20.377530769585885,16
982970,20.358734332464113,16
982986,20.352049893314025,16
983002,20.352244753232586,16
983018,20.34993906353603,16
983034,20.369244685987848,16
983050,20.287234085509617,16
983066,20.333355784077394,16
983082,20.34263889809885,16
983098,20.411595354321662,16
983114,20.371551333964224,16
983130,20.284271813217547,16
983146,20.33056836189256,16
983162,20.338966547805388,16
983178,20.399440735467955,16
983194,20.373416027161976,16
983210,20.372010445505023,16
983226,20.474957381559253,16
983242,20.35355148035985,16
983258,20.37650667708608,16
983274,20.396464173658554,16
983290,20.403298432769343,16
983306,20.5110785879367,16
983322,20.218585191516063,16
983338,20.439204452153298,16
983354,20.418640986653962,16
983370,20.207435223140443,16
983386,20.416731488826585,16
983402,20.33314100031596,16
983418,20.497366087263757,16
983434,20.343337969339878,16
983450,20.46588051094778,16
983466,20.351140182753717,16
983482,20.409446558992506,16
983498,20.44573264880032,16
983514,20.402968994480908,16
983530,20.271256518165217,16
983546,20.398146597237005,16
983562,20.249991152980073,16
983578,20.27351788071091,16
983594,20.4314445890152,16
983610,20.303098602339247,16
983626,20.36650179567943,16
983642,20.36999556551479,16
983658,20.32488824326937,16
983674,20.49334237940961,16
983690,20.413427751760135,16
983706,20.537779652221783,16
983722,20.385561872451206,16
983738,20.378294981477477,16
983754,20.323690106716946,16
983770,20.325444454293322,16
983786,20.25127878440263,16
983802,20.409134069118224,16
983818,20.369504577937278,16
983834,20.41383780644475,16
983850,20.345957500419335,16
983866,20.448763421986012,16
983882,20.309512081169114,16
983898,20.324933568999754,16
983914,20.452604005245803,16
983930,20.28730710990481,16
983946,20.411172462558028,16
983962,20.28187462666718,16
983978,20.422074905773318,16
983994,20.393498048350484,16
984010,20.34075933546726,16
984026,20.36445815080551,16
984042,20.348958525928218,16
984058,20.224779432166134,16
984074,20.45673254625777,16
984090,20.336068860296603,16
984106,20.41966811342515,16
984122,20.45241691828192,16
984138,20.453059630936487,16
984154,20.39540370604993,16
984170,20.22313160833848,16
984186,20.28538040646626,16
984202,20.395080807845915,16
984218,20.37662624780663,16
984234,20.330559249857036,16
984250,20.37244030814801,16
984266,20.48864791443044,16
984282,20.180266402187375,16
984298,20.324776551566536,16
984314,20.27974910597222,16
984330,20.452903149923333,16
984346,20.31324460804124,16
984362,20.467878786113193,16
984378,20.365784644632377,16
984394,20.33843810714511,16
984410,20.478708378745825,16
984426,20.24326714321191,16
984442,20.351113400858196,16
984458,20.22122498935535,16
984474,20.328090044530853,16
984490,20.308330286547744,16
984506,20.359407222848187,16
984522,20.300666299127887,16
984538,20.38198772849692,16
984554,20.184360397381205,16
984570,20.320767677890515,16
984586,20.405851411771668,16
984602,20.200191745942963,16
984618,20.301890325394883,16
984635,21.631987217645054,17
984651,20.404383978319263,16
984667,20.315699085363608,16
984683,20.19184844102398,16
984699,20.320373175148827,16
984715,20.202945082944908,16
984731,20.357667511901642,16
984747,20.45285573055543,16
984763,20.341161554539312,16
984779,20.338081244021907,16
984795,20.464053977943113,16
984811,20.30904344518864,16
984827,20.41925049679582,16
984843,20.197881353504382,16
984859,20.402037118386346,16
984875,20.263008844802332,16
984891,20.18858720477434,16
984907,20.235185912179876,16
984923,20.45937826851134,16
984939,20.4325512247215,16
984955,20.631600640443594,16
984971,20.327792360716035,16
984987,20.39266898701702,16
985003,20.35700125613964,16
985019,20.3512343759703,16
985035,20.43866343293005,16
985051,20.364214428930012,16
985067,20.370181153936425,16
985083,20.279830543219397,16
985099,20.368068073329553,16
985115,20.43194359066708,16
985131,20.2625417081851,16
985147,20.521290793027543,16
985163,20.442868071759023,16
985179,20.37119934004327,16
985195,20.248273059608714,16
985211,20.20921405762356,16
985227,20.293615150074995,16
985243,20.399846885470865,16
985259,20.48834621075688,16
985275,20.35450994222825,16
985291,20.366808443766374,16
985307,20.325110133804465,16
985323,20.347620327290983,16
985339,20.28579317201228,16
985355,20.427816128970626,16
985371,20.31564319197003,16
985387,20.546768373631885,16
985403,20.31896240876327,16
985419,20.252362892229133,16
985435,20.22997005014275,16
985451,20.393629608796022,16
985467,20.1802149055759,16
985483,20.369175794809493,16
985499,20.341394948708313,16
985515,20.366550477330783,16
985531,20.32789583023803,16
985547,20.270808416468295,16
985563,20.34322141988673,16
985579,20.323902034058754,16
985595,20.333329371516047,16
985611,20.36621601289815,16
985627,20.445860714247242,16
985643,20.238708455670224,16
985659,20.491987648353753,16
985675,20.397383025633818,16
985691,20.22139221127034,16
985707,20.359164502156133,16
985723,20.38076874773671,16
985739,20.52899184131835,16
985755,20.39048492805716,16
985771,20.302622375592996,16
985787,20.38886459825183,16
985803,20.305676270261035,16
985819,20.193115141326125,16
985835,20.396724247296547,16
985851,20.449107220260476,16
985867,20.433411409816777,16
985883,20.4171446532118,16
985899,20.36524315354573,16
985915,20.241817024825256,16
985931,20.420443146562885,16
985947,20.363096394092853,16
985963,20.31278135627425,16
985979,20.316294986091926,16
985995,20.38667031426192,16
986011,20.4358816689323,16
986027,20.13959515328243,16
986043,20.33696055327925,16
986059,20.26518571990131,16
986075,20.412922511600243,16
986091,20.333174321067702,16
986107,20.407119524741777,16
986123,20.320743453941827,16
986139,20.471114694259864,16
986155,20.378887673171423,16
986171,20.33011821222272,16
986187,20.194300339711827,16
986203,20.224175583650176,16
986219,20.14329610703655,16
986235,20.346793372389214,16
986251,20.386199488408316,16
986267,20.313123498675825,16
986283,20.416758931905314,16
986299,20.329515922492618,16
986315,20.382979480982108,16
986331,20.31347288557916,16
986347,20.344167145219654,16
986363,20.373779084737432,16
986379,20.25113386724904,16
986395,20.431198023774293,16
986411,20.414082010021474,16
986427,20.396205922117428,16
986443,20.286646037340788,16
986459,20.294691842984964,16
986475,20.268895092176614,16
986491,20.17764568405382,16
986507,20.23609206332966,16
986523,20.400834757370998,16
986539,20.37066862677256,16
986555,20.380716347004775,16
986571,20.32381655815962,16
986587,20.315072158807784,16
986603,20.475643023538368,16
986619,20.418621121623616,16
986635,20.218391541373087,16
986651,20.372500795944003,16
986667,20.37758562155968,16
986683,20.319686674839,16
986699,20.189630157583412,16
986715,20.29897758919969,16
986731,20.432895390854448,16
986747,20.365230511639755,16
986763,20.342890021144676,16
986779,20.344262860807675,16
986795,20.08842845941035,16
986811,20.31221158683938,16
986827,20.371526421917522,16
986843,20.232630158593203,16
986859,20.40190782886281,16
986875,20.317555244769824,16
986891,20.34050565375478,16
986907,20.303799877730818,16
986923,20.364340604177727,16
986939,20.449945422585465,16
986955,20.39599119087834,16
986971,20.253400236259495,16
986987,20.389112926855432,16
987003,20.49810892315222,16
987019,20.250356603315673,16
987035,20.215145840915117,16
987051,20.347692767460646,16
987067,20.36353342848824,16
987083,20.39760605993427,16
987099,20.267958864824593,16
987115,20.40663802844395,16
987131,20.331740010352192,16
987147,20.469561183474173,16
987163,20.405054697416293,16
987179,20.282926190680804,16
987195,20.32109022462284,16
987211,20.441980379862162,16
987227,20.429228576134907,16
987243,20.345212878051633,16
987259,20.39557655109798,16
987275,20.34057069393864,16
987291,20.361951173171576,16
987307,20.418393828873256,16
987323,20.411999892791474,16
987339,20.37542471760298,16
987355,20.35625260291404,16
987371,20.371394580921493,16
987387,20.43069657919478,16
987403,20.38085726559927,16
987419,20.27324984335014,16
987435,20.42425676527542,16
987451,20.419816420474323,16
987467,20.336351517957652,16
987483,20.443129289287626,16
987499,20.322094815941554,16
987515,20.596682064051983,16
987531,20.409540058568762,16
987547,20.36257105746486,16
987563,20.39888927866066,16
987579,20.469508111963112,16
987595,20.4717156988328,16
987611,20.3376709022497,16
987627,20.3726559260183,16
987643,20.43064708573779,16
987659,20.355546686719368,16
987675,20.297463990901633,16
987691,20.355589209492596,16
987707,20.510631955636196,16
987723,20.562501959403612,16
987739,20.454145120547164,16
987755,20.374701061113257,16
987771,20.329625228212166,16
987787,20.400468095391442,16
987803,20.471072879723355,16
987819,20.339017106019377,16
987835,20.376895243271434,16
987851,20.207525990785637,16
987867,20.19028878259072,16
987883,20.25836634815483,16
987899,20.31941246688128,16
987915,20.507054022876954,16
987931,20.524417384021376,16
987947,20.4168756659067,16
987963,20.3253626345331,16
987979,20.489547062990138,16
987995,20.208205012832934,16
988011,20.40789668231845,16
988027,20.31434916737146,16
988043,20.352204906111492,16
988059,20.29917946377775,16
988075,20.233766215420932,16
988091,20.388384793898783,16
988107,20.411049496056453,16
988123,20.419773464384768,16
988139,20.48358010604253,16
988155,20.52812985684156,16
988171,20.338774201976435,16
988187,20.366819511843214,16
988203,20.46121489501295,16
988219,20.22355352164468,16
988235,20.1095596272569,16
988251,20.289423502685672,16
988267,20.339120621941767,16
988283,20.306103579115113,16
988299,20.31057847534433,16
988315,20.392709017494173,16
988331,20.54113468038382,16
988347,20.45097363480682,16
988363,20.420945414054426,16
988379,20.33608635207279,16
988395,20.44972141641073,16
988411,20.312566795367584,16
988427,20.594185304199605,16
988443,20.37039164366178,16
988459,20.382342147960166,16
988475,20.299145318964882,16
988491,20.4361152881908,16
988507,20.44773619746647,16
988523,20.362240597291464,16
988539,20.383209900774084,16
988555,20.48220319880615,16
988571,20.38330462432216,16
988587,20.290812612688292,16
988603,20.458065828954727,16
988619,20.28757205415474,16
988635,20.11544066200071,16
988651,20.301097015869953,16
988667,20.331311775272987,16
988683,20.33638533973866,16
988699,20.505221022252698,16
988715,20.230842141799076,16
988731,20.432020534027618,16
988747,20.296853229440742,16
988763,20.374073378805576,16
988779,20.455731459933833,16
988795,20.229389606150992,16
988811,20.31841838026945,16
988827,20.50921284261149,16
988843,20.523546065781133,16
988859,20.306569434441336,16
988875,20.23904851123418,16
988891,20.42432251034726,16
988907,20.457739410307017,16
988923,20.265077304187717,16
988939,20.32316170086219,16
988955,20.26284435921545,16
988971,20.208429851022444,16
988987,20.416026316315318,16
989003,20.28075692265513,16
989019,20.232307483834326,16
989035,20.32290152512669,16
989051,20.38614626905032,16
989067,20.36727405131298,16
989083,20.410724987910587,16
989099,20.489430969949343,16
989115,20.39373179730019,16
989131,20.243969216708628,16
989147,20.272060077880532,16
989163,20.419018370497152,16
989179,20.2604354066312,16
989195,20.437002492508867,16
989211,20.36423652759166,16
989227,20.44335922316551,16
989243,20.376067487423345,16
989259,20.35580285534201,16
989275,20.407016972706703,16
989291,20.42902117936845,16
989307,20.373661400458722,16
989323,20.504403704930166,16
989339,20.361634227982147,16
989355,20.46202711517444,16
989371,20.36832305588603,16
989387,20.415682543924643,16
989403,20.39482003733627,16
989419,20.432822319499756,16
989435,20.446631494686113,16
989451,20.298611306283615,16
989467,20.40224007221628,16
989483,20.383819584058788,16
989499,20.189292817963338,16
989515,20.27723579024415,16
989531,20.30480386642236,16
989547,20.381461836705824,16
989563,20.349377861427442,16
989579,20.270333875484035,16
989595,20.5361954059535,16
989611,20.423106406907362,16
989627,20.212758193245957,16
989643,20.455169884167653,16
989659,20.65346108703738,16
989675,20.569188833175716,16
989691,20.341246191258925,16
989707,20.424560640017607,16
989723,20.329027538653662,16
989739,20.27777457230383,16
989755,20.516723572515765,16
989771,20.331005298986636,16
989787,20.285567923035902,16
989803,20.144349880276664,16
989819,20.381682310665862,16
989835,20.20003740897061,16
989851,20.290111871772684,16
989867,20.382389899347935,16
989883,20.222712532831874,16
989899,20.445616686711997,16
989915,20.41172512473395,16
989931,20.616532897287303,16
989947,20.539809886287742,16
989963,20.26398335107476,16
989979,20.291578368314394,16
989995,20.458062709802025,16
990011,20.35299697115997,16
990027,20.413918050913484,16
990043,20.321144644778162,16
990059,20.26458124425305,16
990075,20.540401810407698,16
990091,20.268405748537898,16
990107,20.190797188156765,16
990123,20.43751863614206,16
990139,20.390237730645218,16
990155,20.267613758899177,16
990171,20.274530325713627,16
990187,20.295223707798215,16
990203,20.269324187250415,16
990219,20.15354341518406,16
990235,20.49981394189923,16
990251,20.465228622715934,16
990267,20.239323071469876,16
990283,20.458817116961228,16
990299,20.515276583308037,16
990315,20.37863778396227,16
990331,20.310691682816895,16
990347,20.38868821878117,16
990363,20.293193435135095,16
990379,20.280136324581836,16
990395,20.32495840115072,16
990411,20.413151357807948,16
990427,20.2892591011045,16
990443,20.47538065253485,16
990459,20.396726550683216,16
990475,20.260349800273477,16
990491,20.46160374864287,16
990507,20.26538862696982,16
990523,20.339315215229192,16
990539,20.259837861861943,16
990555,20.514396492785515,16
990571,20.290517813054045,16
990587,20.322323122460496,16
990603,20.364240259456963,16
990619,20.520618790085997,16
990635,20.395116927511918,16
990651,20.446268896660325,16
990667,20.476146291134594,16
990683,20.28072080796997,16
990699,20.56623993670663,16
990715,20.30520299927123,16
990731,20.41916816930041,16
990747,20.302756206352132,16
990763,20.509516671242498,16
990779,20.41122182137557,16
990795,20.18807951042595,16
990811,20.339196418179835,16
990827,20.44790815942775,16
990843,20.46943432886467,16
990859,20.50116462853264,16
990875,20.34458431931938,16
990891,20.299458812033514,16
990907,20.416059053126034,16
990923,20.396127651796167,16
990939,20.34538703390463,16
990955,20.329778904873297,16
990971,20.42557054768655,16
990987,20.452606537033507,16
991003,20.424751623315938,16
991019,20.47626681242462,16
991035,20.404752570407915,16
991051,20.42074234645232,16
991067,20.356215402942926,16
991083,20.32825881743542,16
991099,20.364948559982018,16
991115,20.3596546816422,16
991131,20.365255256033176,16
991147,20.473570573675964,16
991163,20.38150156364846,16
991179,20.464301516779127,16
991195,20.295432265285545,16
991211,20.40921029966131,16
991227,20.445309816315334,16
991243,20.497935035956846,16
991259,20.253353179114644,16
991275,20.35938544687018,16
991291,20.38455552553909,16
991307,20.246658478279734,16
991323,20.37643461381253,16
991339,20.458657282181278,16
991355,20.344200566880293,16
991371,20.253353790179784,16
991387,20.409746337385112,16
991403,20.309054043372395,16
991419,20.387885422758398,16
991435,20.53725416990861,16
991451,20.36728159694714,16
991467,20.359577845507395,16
991483,20.355913713349153,16
991499,20.470340114770288,16
991515,20.218887969006428,16
991531,20.34099362057373,16
991547,20.210359346281763,16
991563,20.47774579148747,16
991579,20.519289406850078,16
991595,20.46609124456269,16
991611,20.38087455482753,16
991627,20.32396301957731,16
991643,20.5010778672089,16
991659,20.485103319881354,16
991675,20.494977163134497,16
991691,20.395815631523458,16
991707,20.39273009604291,16
991723,20.34381198186171,16
991739,20.349593591298177,16
991755,20.52337714077169,16
991771,20.272165053329754,16
991787,20.564897279218012,16
991803,20.317061086416164,16
991819,20.334691887827734,16
991835,20.45457171597878,16
991851,20.28286944167922,16
991867,20.362568084864318,16
991883,20.364563130697274,16
991899,20.546841946337228,16
991915,20.194820045562082,16
991931,20.30909479478423,16
991947,20.30019605852284,16
991963,20.205049177617564,16
991979,20.32359708627183,16
991995,20.390613430543777,16
992011,20.408058172329035,16
992027,20.40061474348908,16
992043,20.324168750173175,16
992059,20.444859505629697,16
992075,20.39972781841754,16
992091,20.395346955531704,16
992107,20.311233897923696,16
992123,20.322151658050124,16
992139,20.444551185942608,16
992155,20.360562606448052,16
992171,20.41152095679235,16
992187,20.39139385141076,16
992203,20.343512425256097,16
992219,20.51573433751319,16
992235,20.591310569547762,16
992251,20.408008701037925,16
992267,20.4202070099931,16
992283,20.1377878518235,16
992299,20.321449211720765,16
992315,20.187095280006993,16
992331,20.43022606886315,16
992347,20.203300906919605,16
992363,20.348938476423015,16
992379,20.46614934239259,16
992395,20.09801621314718,16
992411,20.279991274772804,16
992427,20.404259288404855,16
992443,20.420971201477084,16
992459,20.354739140495273,16
992475,20.425721604513313,16
992491,20.154139861622465,16
992507,20.43353426967951,16
992523,20.434734513972536,16
992539,20.28026997973544,16
992555,20.246682500533108,16
992571,20.069885546438677,16
992587,20.4139562363752,16
992603,20.363539276609416,16
992619,20.376256370984123,16
992635,20.216398475472534,16
992651,20.518530768320385,16
992667,20.374658346443283,16
992683,20.26571336669966,16
992699,20.30177535044433,16
992715,20.431881999598577,16
992731,20.409056671482393,16
992747,20.287443768976797,16
992763,20.368415629186885,16
992779,20.456732680815257,16
992795,20.262062694989467,16
992811,20.431046557530806,16
992827,20.26722504273779,16
992843,20.421929841440683,16
992859,20.229985957967678,16
992875,20.458967145061404,16
992891,20.45651136619509,16
992907,20.347420289900054,16
992923,20.17359888171253,16
992939,20.44402276017271,16
992955,20.527244637836926,16
992971,20.485523997872523,16
992987,20.34234141504765,16
993003,20.350862937584193,16
993019,20.456873650180455,16
993035,20.37209852473493,16
993051,20.248558807787703,16
993067,20.266064138575686,16
993083,20.391441838345145,16
993099,20.477845004369183,16
993115,20.26583818792313,16
993131,20.37606073305049,16
993147,20.391378195264593,16
993163,20.20580416317608,16
993179,20.386479512443135,16
993195,20.344390989361518,16
993211,20.40227004351631,16
993227,20.41188824667543,16
993243,20.477047217798013,16
993259,20.36471248257035,16
993275,20.215612592154912,16
993291,20.471065254218384,16
993307,20.41140036616542,16
993323,20.5316158063562,16
993339,20.273563179000078,16
993355,20.379990547978988,16
993371,20.399988705769506,16
993387,20.36026577596763,16
993403,20.261627832951696,16
993419,20.49571182728183,16
993435,20.463554928560225,16
993451,20.259512680527873,16
993467,20.312767413369187,16
993483,20.256401791862967,16
993499,20.227888551593747,16
993515,20.414311223885694,16
993531,20.46073995727455,16
993547,20.411170243517216,16
993563,20.35834126411131,16
993579,20.43682541292228,16
993595,20.450885017998903,16
993611,20.21054463300095,16
993627,20.42464533385384,16
993643,20.316389434565078,16
993659,20.410756185002118,16
993675,20.284848527976425,16
993691,20.325374131071026,16
993707,20.32459021428925,16
993723,20.338902469361564,16
993739,20.129026764186168,16
993755,20.225780404571974,16
993771,20.272189473563692,16
993787,20.417726196336325,16
993803,20.322547332697162,16
993819,20.32604274191551,16
993835,20.577732544011422,16
993851,20.377521879168267,16
993867,20.573922430357914,16
993884,21.51177558693425,17
993900,20.266491585064173,16
993916,20.46840671583349,16
993932,20.406680328568207,16
993948,20.46405336202092,16
993964,20.392489657863504,16
993980,20.543489698871845,16
993996,20.2390127489436,16
994012,20.364578968784144,16
994028,20.40938143388176,16
994044,20.364443625775817,16
994060,20.4344633365654,16
994076,20.362237319989074,16
994092,20.37069169052584,16
994108,20.403006641670533,16
994124,20.269042042982292,16
994140,20.437541778811916,16
994156,20.16202504938715,16
994172,20.34561825629249,16
994188,20.223710806443794,16
994204,20.478434658126616,16
994220,20.263540929056028,16
994236,20.200458186968422,16
994252,20.385212310818684,16
994268,20.29643229685838,16
994284,20.117071201221634,16
994300,20.310941250167414,16
994316,20.270286827542495,16
994332,20.463085178776826,16
994348,20.312894910317034,16
994364,20.275376179517,16
994380,20.37026536979638,16
994396,20.566722475259724,16
994412,20.331641579503415,16
994428,20.299770300315895,16
994444,20.477292436073263,16
994460,20.30872379262962,16
994476,20.27817366430898,16
994492,20.487603020256397,16
994508,20.349119945886677,16
994524,20.251835275657577,16
994540,20.326591785869674,16
994556,20.392309464364008,16
994572,20.36023760067016,16
994588,20.289509544929675,16
994604,20.396898496431376,16
994620,20.44145767175161,16
994636,20.32649623197774,16
994652,20.422377823171185,16
994668,20.19070345301679,16
994684,20.388126138921375,16
994700,20.344326824638323,16
994716,20.34225199549368,16
994732,20.215968307997088,16
994748,20.43607148291754,16
994764,20.493104398149836,16
994780,20.523380379518382,16
994796,20.48347858186686,16
994812,20.485504693964906,16
994828,20.518356690714477,16
994844,20.245203690184727,16
994860,20.444996898765076,16
994876,20.34319744453747,16
994892,20.31434020036558,16
994908,20.315898032214353,16
994924,20.357608824340904,16
994940,20.367507695501043,16
994956,20.318184093564287,16
994972,20.365755346157325,16
994988,20.482279342802602,16
995004,20.42142656076196,16
995020,20.456135045309377,16
995036,20.394761361993744,16
995052,20.501397276632108,16
995068,20.34406663523535,16
995084,20.4924081091474,16
995100,20.265564304109226,16
995116,20.27456453643892,16
995132,20.572469374839795,16
995148,20.363476354340115,16
995164,20.360305999462348,16
995180,20.45613092447667,16
995196,20.49871496903826,16
995212,20.359925128307616,16
995228,20.456378906253462,16
995244,20.447715284505847,16
995260,20.219122580314426,16
995276,20.232621758481375,16
995292,20.232403038599475,16
995308,20.48865077626928,16
995324,20.486460843844412,16
995340,20.45317738704542,16
995356,20.481446186336246,16
995372,20.4147268220928,16
995388,20.251562681847926,16
995404,20.412708562318485,16
995420,20.358647693921846,16
995436,20.23810374258958,16
995452,20.40061128321509,16
995468,20.43879123927217,16
995484,20.270704828766533,16
995500,20.375494948457508,16
995516,20.367001748571166,16
995532,20.39155760094152,16
995548,20.49615866675172,16
995564,20.393582349842983,16
995580,20.547714732375404,16
995596,20.322739093113704,16
995612,20.48406000414947,16
995628,20.31819855981506,16
995644,20.11508049350139,16
995660,20.400645703421382,16
995676,20.27345482159684,16
995692,20.405193119084945,16
995708,20.385311128926954,16
995724,20.419097074298303,16
995740,20.337768455876276,16
995756,20.421194255131216,16
995772,20.391128284382443,16
995788,20.35909741025495,16
995804,20.472107166927273,16
995820,20.393885441343457,16
995836,20.48423120420432,16
995852,20.388490383978205,16
995868,20.169344075286507,16
995884,20.364077351934775,16
995900,20.321376242351995,16
995916,20.4734690140583,16
995932,20.377364885300214,16
995948,20.346820895177235,16
995964,20.34993852895725,16
995980,20.142718229214037,16
995996,20.448065840133737,16
996012,20.257308975767533,16
996028,20.313707332865267,16
996044,20.456485584569354,16
996060,20.43646395987087,16
996076,20.478857638703417,16
996092,20.41005112173168,16
996108,20.25467367510702,16
996124,20.1474845101873,16
996140,20.275337270411946,16
996156,20.343382607377297,16
996172,20.29483041994282,16
996188,20.438819819297883,16
996204,20.352258154527725,16
996220,20.473222287648234,16
996236,20.074086424199898,16
996252,20.267500438179326,16
996268,20.423210736574212,16
996284,20.483804270487333,16
996300,20.296154299895537,16
996316,20.31419527821971,16
996332,20.461664203829137,16
996348,20.495700683849282,16
996364,20.443550795760025,16
996380,20.386153594067252,16
996396,20.41542580617817,16
996412,20.32899441965867,16
996428,20.470956208068888,16
996444,20.38476865422445,16
996460,20.33849153622861,16
996476,20.452320253092868,16
996492,20.31809531576032,16
996508,20.618347292769275,16
996524,20.409759006085103,16
996540,20.33751554747438,16
996556,20.42282229699198,16
996572,20.308794280951926,16
996588,20.43495720650086,16
996604,20.28904238557106,16
996621,21.50787265069111,17
996637,20.446804715723157,16
996653,20.44640539846663,16
996669,20.54179848023981,16
996685,20.359715403956443,16
996701,20.309671925596906,16
996717,20.406858264506916,16
996733,20.52070064777153,16
996749,20.28668348512982,16
996765,20.389088022476216,16
996781,20.363508098350803,16
996797,20.485606716041854,16
996813,20.318656274692213,16
996829,20.41456392228297,16
996845,20.296005187596247,16
996861,20.467773027065107,16
996877,20.42132618781216,16
996893,20.426347693967923,16
996909,20.462139099629173,16
996925,20.485991779735357,16
996941,20.49948151365143,16
996957,20.25162214019796,16
996973,20.492231739089462,16
996989,20.52396208849973,16
997005,20.17444415267977,16
997021,20.5653528475797,16
997038,21.600954047951962,17
997054,20.311262863470404,16
997070,20.25969859807276,16
997086,20.389700756532534,16
997102,20.401670567269267,16
997118,20.605302180454242,16
997134,20.275687749964018,16
997150,20.384482797773725,16
997166,20.48190844450644,16
997182,20.40564553467804,16
997198,20.349074455476455,16
997214,20.40116718770286,16
997230,20.312314041365916,16
997246,20.3603659905779,16
997262,20.425229056135098,16
997278,20.150505316841976,16
997294,20.27840321702748,16
997310,20.391884383230373,16
997326,20.340792848739103,16
997342,20.349978592776804,16
997358,20.613539500957124,16
997374,20.29135114173432,16
997390,20.34215142158523,16
997406,20.193164106376383,16
997422,20.301208318741008,16
997438,20.370121389504035,16
997454,20.32304911011089,16
997470,20.239264629732023,16
997486,20.389753470273902,16
997502,20.21207227982531,16
997518,20.550366770693675,16
997534,20.342709416344974,16
997550,20.492975965067792,16
997566,20.364988473784308,16
997582,20.382275938320564,16
997598,20.34701735042386,16
997614,20.552702466730395,16
997630,20.475116151262664,16
997646,20.372611692393694,16
997662,20.390914046488362,16
997678,20.386010357553456,16
997694,20.44199345454133,16
997710,20.30738448406266,16
997726,20.270517924308063,16
997742,20.271598363303735,16
997758,20.368974777849367,16
997774,20.412026780888368,16
997790,20.37329410006626,16
997806,20.314745661138335,16
997822,20.36707901313659,16
997838,20.362086782262395,16
997854,20.351519379102093,16
997870,20.44683620813788,16
997886,20.48521550198143,16
997902,20.337266359962353,16
997918,20.33651425009357,16
997934,20.283278058397272,16
997950,20.43073495435307,16
997966,20.371344174232178,16
997982,20.34042707641055,16
997998,20.276259685390478,16
998014,20.431729190988246,16
998030,20.321233096864752,16
998046,20.3206941099788,16
998062,20.44873351860453,16
998078,20.23792665258844,16
998094,20.358334812436574,16
998110,20.385639290034344,16
998126,20.39787677750039,16
998142,20.26751102179819,16
998158,20.570076968755167,16
998174,20.27237551166276,16
998190,20.481000021994575,16
998206,20.338670680212047,16
998222,20.28066061910977,16
998238,20.460151979663507,16
998254,20.400761479597342,16
998270,20.413711119284056,16
998286,20.377781345927243,16
998302,20.483600446587623,16
998318,20.54845355719199,16
998334,20.55698354762716,16
998350,20.41719803249295,16
998366,20.406796869478153,16
998382,20.423592905111406,16
998398,20.331321734503838,16
998414,20.455711088605483,16
998430,20.40150469694171,16
998446,20.436763316583043,16
998462,20.39995451956946,16
998478,20.425520953374384,16
998494,20.22852285580839,16
998510,20.371792333187724,16
998526,20.42612992043526,16
998542,20.383522739643926,16
998558,20.30791259391957,16
998574,20.448619649911766,16
998590,20.51951149262325,16
998606,20.34701143254686,16
998622,20.3346596940458,16
998638,20.238233156572548,16
998654,20.250632253224673,16
998670,20.4770296591774,16
998686,20.274957677968686,16
998702,20.379077238302205,16
998718,20.456272167449264,16
998734,20.409164640857075,16
998750,20.19928601184729,16
998766,20.326833739268547,16
998782,20.441314580753485,16
998798,20.466016560530118,16
998814,20.449680090676548,16
998830,20.305056810536986,16
998846,20.32913783991149,16
998862,20.24467502355805,16
998878,20.40024230869149,16
998894,20.381737615536778,16
998910,20.306964937083706,16
998926,20.52679062484609,16
998942,20.181194549440967,16
998958,20.369286463779233,16
998974,20.411202722037235,16
998990,20.247002417248822,16
999006,20.229766810779925,16
999022,20.266631141491576,16
999038,20.363273072085857,16
999054,20.497328195352345,16
999070,20.41688859730096,16
999086,20.577785022784063,16
999102,20.34157050510466,16
999118,20.253085638396797,16
999134,20.57927809476946,16
999150,20.317849651886853,16
999166,20.301095120118692,16
999182,20.277143328567668,16
999198,20.53425368159156,16
999214,20.40046911611122,16
999230,20.291091461103502,16
999246,20.39527845924502,16
999262,20.2374189134975,16
999278,20.361760857052758,16
999294,20.36114790656587,16
999310,20.483739800213158,16
999326,20.459818789108333,16
999342,20.365744963238466,16
999358,20.31785186508401,16
999374,20.37448448529043,16
999390,20.294485604834257,16
999406,20.28242499439707,16
999422,20.339002688895206,16
