global_step,return,length
50,-57.15025362898965,50
100,-63.971525267544735,50
150,-62.33706817777426,50
200,-57.7687026183669,50
250,-58.85767793106094,50
300,-58.0928478944861,50
350,-63.43635496285636,50
400,-58.0800757368748,50
450,-58.82633725647215,50
500,-60.48736646280959,50
550,-58.015681068639054,50
600,-64.11072229948097,50
650,-66.3918610201042,50
700,-61.25210013443822,50
750,-66.45949095909401,50
800,-65.74802005016359,50
850,-64.97351210456664,50
900,-58.47680049748161,50
950,-51.309403244313685,50
1000,-67.62493034703937,50
1050,-62.74259112637697,50
1100,-71.14852629584955,50
1150,-61.011245172890696,50
1200,-67.30079406408204,50
1250,-54.13186789686445,50
1300,-66.85922353192838,50
1350,-64.76234514798863,50
1400,-59.416114083522636,50
1450,-58.209306167883334,50
1500,-60.00689455473351,50
1550,-51.99521303921271,50
1600,-58.714136072515494,50
1650,-56.84006266099033,50
1700,-71.14117226574187,50
1750,-57.56638273768641,50
1800,-64.0336035076819,50
1850,-59.8366344515493,50
1900,-59.632110325326515,50
1950,-60.22859805067016,50
2000,-59.558342408580536,50
2050,-58.08363680666283,50
2100,-64.17016348162994,50
2150,-60.99337223711813,50
2200,-54.88991257181045,50
2250,-67.3153043970944,50
2300,-53.61157899236937,50
2350,-59.96029800635444,50
2400,-60.345140570533495,50
2450,-60.72280028560187,50
2500,-59.6626458503737,50
2550,-61.86512817406786,50
2600,-57.640105136092984,50
2650,-62.88219498713437,50
2700,-62.25941615333102,50
2750,-63.693961718594736,50
2800,-52.986066101120564,50
2850,-52.430548253992505,50
2900,-62.86708363844269,50
2950,-60.918343948161585,50
3000,-60.820332263454304,50
3050,-64.27870928143942,50
3100,-58.133164869119796,50
3150,-65.53839660991825,50
3200,-66.5488693205671,50
3250,-66.67065647029561,50
3300,-64.29968301249349,50
3350,-64.54046899969065,50
3400,-59.62937973491577,50
3450,-53.00591640125189,50
3500,-62.43109767360643,50
3550,-66.59945918869539,50
3600,-71.46645151542805,50
3650,-57.88429961113431,50
3700,-62.710284630067186,50
3750,-70.89376343413302,50
3800,-62.48379862778741,50
3850,-59.713577388233965,50
3900,-60.195546576769246,50
3950,-65.07643064427927,50
4000,-61.19592569569543,50
4050,-59.70273346535233,50
4100,-60.877298202756386,50
4150,-63.51768705943346,50
4200,-56.94041977206716,50
4250,-64.07614024168743,50
4300,-65.7699853339358,50
4350,-62.16974643438664,50
4400,-62.83949247744303,50
4450,-58.35091022264071,50
4500,-59.76845209655425,50
4550,-54.16925048955905,50
4600,-56.79920830554058,50
4650,-62.6799755196381,50
4700,-57.5578520511367,50
4750,-60.98797580748136,50
4800,-61.00053613580689,50
4850,-56.50813662694089,50
4900,-57.6482095431363,50
4950,-61.471126057945604,50
5000,-51.97238302257107,50
5050,-63.39518522607752,50
5100,-68.30687810721565,50
5150,-57.16952134510679,50
5200,-65.5453118311855,50
5250,-66.74680574484805,50
5300,-55.003046745811375,50
5350,-57.5002035363101,50
5400,-62.669849378609925,50
5450,-56.48929969603495,50
5500,-64.36428391884074,50
5550,-61.69268929437437,50
5600,-64.54787679825183,50
5650,-55.665723340591924,50
5700,-55.31205608169437,50
5750,-52.53549984733522,50
5800,-56.823989735166094,50
5850,-53.763308927465104,50
5900,-60.81739136144161,50
5950,-60.594806664546255,50
6000,-66.94050484048458,50
6050,-54.51722896469437,50
6100,-56.43940610436194,50
6150,-66.01445916412597,50
6200,-53.312350364010996,50
6250,-55.99305177743035,50
6300,-61.50614781913217,50
6350,-59.97193797424524,50
6400,-56.69849393443202,50
6450,-54.58176594667593,50
6500,-66.11562947159224,50
6550,-49.64693966761789,50
6600,-56.741225362768496,50
6650,-53.12570687783968,50
6700,-61.348826574997105,50
6750,-55.07703403822203,50
6800,-51.66909282101247,50
6850,-63.00664575487009,50
6900,-52.420377458076594,50
6950,-60.830078162874884,50
7000,-52.09492274766418,50
7050,-56.43784022221061,50
7100,-58.69145126111623,50
7150,-58.4416060591443,50
7200,-53.8026285423443,50
7250,-54.050781904882626,50
7300,-67.3693641500548,50
7350,-59.55488085695844,50
7400,-55.00608793649947,50
7450,-50.099133807753645,50
7500,-54.94694175271957,50
7550,-54.99901025834186,50
7600,-62.32181218180367,50
7650,-49.813733755619914,50
7700,-62.219460166981975,50
7750,-53.197443996450104,50
7800,-57.28889867149912,50
7850,-55.238189505244684,50
7900,-53.03781801863404,50
7950,-60.14131729411724,50
8000,-53.70711212514411,50
8050,-62.188887989478914,50
8100,-55.41644408258366,50
8150,-62.29268104438689,50
8200,-58.56850487021208,50
8250,-59.69478555990274,50
8300,-66.99447828218733,50
8350,-60.451452952676114,50
8400,-54.71166475556393,50
8450,-58.50960634245101,50
8500,-51.99710946116185,50
8550,-57.185202777717535,50
8600,-54.253047998156696,50
8650,-65.2791134835929,50
8700,-62.33370038806119,50
8750,-51.78748941766025,50
8800,-58.49583375727403,50
8850,-56.60261598569827,50
8900,-61.9147525893097,50
8950,-49.85434371587791,50
9000,-50.16920357046674,50
9050,-52.74883557048787,50
9100,-59.76800702526786,50
9150,-54.06330996479594,50
9200,-57.383948186114154,50
9250,-55.16504851132111,50
9300,-60.80189361912274,50
9350,-51.37453921867905,50
9400,-56.828126821955166,50
9450,-58.5904828794292,50
9500,-55.301757719439664,50
9550,-49.07217463363539,50
9600,-60.41087689545262,50
9650,-50.9108150722059,50
9700,-65.5868826387696,50
9750,-59.484300545308656,50
9800,-48.590524413250904,50
9850,-58.45305875425671,50
9900,-63.068071196674616,50
9950,-57.95971671275552,50
10000,-57.28513382498227,50
10050,-62.90219800758581,50
10100,-49.44647099887534,50
10150,-64.23001397515789,50
10200,-51.049884317909864,50
10250,-56.21500780702549,50
10300,-56.380216283248686,50
10350,-53.10667704925382,50
10400,-63.62405308903223,50
10450,-50.73061267712149,50
10500,-64.93545750117359,50
10550,-64.80079821344101,50
10600,-50.20658491478333,50
10650,-52.12123829128677,50
10700,-48.70408924330512,50
10750,-51.87791970368129,50
10800,-55.24736035447983,50
10850,-52.49911897758757,50
10900,-52.82908952638861,50
10950,-53.89140435278829,50
11000,-58.08081214862652,50
11050,-56.946757706420215,50
11100,-59.25291846383828,50
11150,-54.2393626000279,50
11200,-57.434562848931385,50
11250,-52.11661399303232,50
11300,-49.30160579167987,50
11350,-54.51008906831351,50
11400,-55.317829949806324,50
11450,-46.381194890387434,50
11500,-55.37811977520603,50
11550,-58.11573978531195,50
11600,-55.8591052444199,50
11650,-51.118537552469235,50
11700,-51.781655715782094,50
11750,-53.374237647782294,50
11800,-51.84185290516082,50
11850,-47.534720577781414,50
11900,-62.422715613162744,50
11950,-54.850035804383445,50
12000,-46.94511936311189,50
12050,-57.42757718264115,50
12100,-52.93794317537895,50
12150,-50.75448087760363,50
12200,-50.84212613320232,50
12250,-53.146471929134854,50
12300,-49.757647354460154,50
12350,-58.10805458489792,50
12400,-56.65615256652314,50
12450,-53.87264205084382,50
12500,-50.45861529675389,50
12550,-55.56546418507115,50
12600,-50.73505749198478,50
12650,-53.19270146392095,50
12700,-52.125108244755374,50
12750,-49.15540035679742,50
12800,-62.77505957073918,50
12850,-62.77249091053134,50
12900,-47.908840550123884,50
12950,-55.15505098121421,50
13000,-53.85234439351037,50
13050,-59.43378314581473,50
13100,-53.516860140561406,50
13150,-51.09112389538928,50
13200,-60.80481394713329,50
13250,-54.07455732404716,50
13300,-54.7858326556151,50
13350,-52.28648429902608,50
13400,-52.392942196980805,50
13450,-54.08824719038619,50
13500,-54.63002056969723,50
13550,-50.71412098629098,50
13600,-56.51128387004229,50
13650,-49.576434114356665,50
13700,-52.50117019830938,50
13750,-52.62083574530052,50
13800,-54.811437045380764,50
13850,-45.908714683526156,50
13900,-50.15292867061199,50
13950,-58.74870023782222,50
14000,-55.776745925431584,50
14050,-52.94778704071002,50
14100,-48.5510078687344,50
14150,-52.63486025284632,50
14200,-53.877905537321034,50
14250,-63.43668400139558,50
14300,-56.007346743876724,50
14350,-50.57370158946546,50
14400,-64.4092118013,50
14450,-59.211608172510786,50
14500,-59.39125485596366,50
14550,-55.95286777517208,50
14600,-64.7251991907986,50
14650,-55.43578240203029,50
14700,-60.912078417514465,50
14750,-54.48114813418225,50
14800,-51.80050384262005,50
14850,-50.32382939147086,50
14900,-52.12326771385008,50
14950,-55.33237772760682,50
15000,-54.89720552736062,50
15050,-60.57526150509622,50
15100,-52.21936397870931,50
15150,-50.053820199120615,50
15200,-52.923396975566014,50
15250,-55.03304776740297,50
15300,-46.405220258587576,50
15350,-58.62105960595208,50
15400,-54.59406395371299,50
15450,-51.756942468616,50
15500,-50.62274440375664,50
15550,-55.62370814961808,50
15600,-59.65619034561177,50
15650,-52.022775818160405,50
15700,-52.92666125668016,50
15750,-48.180667234935925,50
15800,-46.96455829470348,50
15850,-54.66444389817423,50
15900,-56.36767060270947,50
15950,-52.11461124709942,50
16000,-55.945862607713636,50
16050,-58.70887591798704,50
16100,-53.059453981972034,50
16150,-53.084642016258286,50
16200,-49.848360174179874,50
16250,-53.835603124583386,50
16300,-55.439369400388,50
16350,-54.99983334295566,50
16400,-56.21115211550958,50
16450,-54.97402566222646,50
16500,-48.82104101179064,50
16550,-49.28698237410261,50
16600,-47.067726212365116,50
16650,-54.27195014570473,50
16700,-51.764970573572015,50
16750,-55.22436254871261,50
16800,-45.302772654563405,50
16850,-50.85059180324102,50
16900,-48.36698134186192,50
16950,-53.29188302461479,50
17000,-47.29030305753043,50
17050,-51.85967322347943,50
17100,-50.09463648304657,50
17150,-48.70846595042254,50
17200,-51.31198035014679,50
17250,-49.51229138705613,50
17300,-55.47599738145527,50
17350,-52.566593226855495,50
17400,-61.484376794856274,50
17450,-56.15822406071239,50
17500,-61.952234680347445,50
17550,-52.38098256395371,50
17600,-53.498709198441745,50
17650,-50.49842296621801,50
17700,-48.76155031087406,50
17750,-52.0931028106316,50
17800,-58.53570316412837,50
17850,-54.09972521608816,50
17900,-51.07438768060525,50
17950,-51.653224817896536,50
18000,-44.48888889005533,50
18050,-60.40872835124005,50
18100,-48.004202693091635,50
18150,-50.30286415288618,50
18200,-45.61397572209321,50
18250,-61.786064033803314,50
18300,-44.96904921863327,50
18350,-48.29896603729614,50
18400,-50.4723714891881,50
18450,-53.114271562715054,50
18500,-49.286429100512095,50
18550,-50.054060533843575,50
18600,-47.45517285094276,50
18650,-50.157051042337734,50
18700,-50.44611873604593,50
18750,-54.728692511397696,50
18800,-43.86895422541751,50
18850,-49.18566842973539,50
18900,-62.96584488510559,50
18950,-40.78362438807628,50
19000,-47.59133416712414,50
19050,-57.243032176626556,50
19100,-58.887585795001144,50
19150,-56.51639529535561,50
19200,-51.68687694643415,50
19250,-55.424123346502626,50
19300,-47.34024385264157,50
19350,-56.58699360865322,50
19400,-57.014087891625366,50
19450,-56.03933853911336,50
19500,-50.101669943034594,50
19550,-62.82047043485273,50
19600,-58.915792877869436,50
19650,-45.27099332599524,50
19700,-54.04210984565218,50
19750,-58.84169828600372,50
19800,-52.98207758766366,50
19850,-56.39337011098008,50
19900,-54.69807622428221,50
19950,-52.22782363909273,50
20000,-50.15566085471426,50
20050,-55.90935694612856,50
20100,-50.44137233094067,50
20150,-53.95883117959739,50
20200,-42.461254284815986,50
20250,-52.8162854931689,50
20300,-54.527173721409895,50
20350,-55.156296749330544,50
20400,-48.424589809912064,50
20450,-44.95671581736862,50
20500,-50.90051507726948,50
20550,-47.645919814206884,50
20600,-52.24006538502606,50
20650,-48.356780529614895,50
20700,-51.586576348045014,50
20750,-47.8730798522807,50
20800,-57.84211418824648,50
20850,-52.09903142759923,50
20900,-47.98973654727282,50
20950,-49.005977737793685,50
21000,-40.854907114274525,50
21050,-49.92954463511811,50
21100,-43.85866313945519,50
21150,-47.59354996354347,50
21200,-45.25172505208406,50
21250,-42.85135999472488,50
21300,-42.132528002839756,50
21350,-54.33794619927138,50
21400,-48.784501722646965,50
21450,-50.02174429416885,50
21500,-59.241635356726235,50
21550,-54.626538469320586,50
21600,-53.41113854373047,50
21650,-46.13774065992262,50
21700,-49.24547291830058,50
21750,-48.4357228705707,50
21800,-58.9155103713611,50
21850,-52.21242184908545,50
21900,-56.288536491146665,50
21950,-49.467399490826075,50
22000,-54.543193571129706,50
22050,-57.37170027732668,50
22100,-42.882627118790936,50
22150,-52.476552056428424,50
22200,-55.79584665825773,50
22250,-54.9797310626228,50
22300,-52.0837142069769,50
22350,-44.726532035541815,50
22400,-55.04119785816084,50
22450,-48.302781569180155,50
22500,-52.63812405428405,50
22550,-50.26390356388096,50
22600,-53.61481030592697,50
22650,-55.051202749421584,50
22700,-54.966511363418185,50
22750,-50.99718673127396,50
22800,-42.930661294477204,50
22850,-45.323045030058154,50
22900,-53.657070897301764,50
22950,-58.673344935666876,50
23000,-55.20157977036858,50
23050,-61.49014847342868,50
23100,-46.398370784112885,50
23150,-46.57163851760865,50
23200,-41.60893505371332,50
23250,-48.82903483818407,50
23300,-51.84478900956772,50
23350,-50.74413738465913,50
23400,-53.25910161522693,50
23450,-50.016661814624484,50
23500,-53.0215467553743,50
23550,-54.35695818656024,50
23600,-42.405347128936725,50
23650,-57.271196365980984,50
23700,-49.23786642693815,50
23750,-50.233523087977915,50
23800,-53.40366748348079,50
23850,-53.27076994660793,50
23900,-56.19419159352756,50
23950,-52.5293707376423,50
24000,-56.777962813704086,50
24050,-55.706901596693996,50
24100,-44.94446922894406,50
24150,-53.6376517200468,50
24200,-43.795014558776145,50
24250,-52.9400166817284,50
24300,-49.48002566198722,50
24350,-46.619811421937385,50
24400,-57.86842152300233,50
24450,-45.61606631954659,50
24500,-46.778009344657484,50
24550,-54.56377936040235,50
24600,-51.59133377314842,50
24650,-48.384840204151935,50
24700,-50.317238994655774,50
24750,-46.01227899967062,50
24800,-56.29317863210887,50
24850,-49.788544601059684,50
24900,-55.70141655319419,50
24950,-59.750215136093416,50
25000,-57.35058054119957,50
25050,-52.40007807547011,50
25100,-49.84428694510527,50
25150,-44.47407692297713,50
25200,-55.86012081623347,50
25250,-49.22197339394352,50
25300,-49.851084223111066,50
25350,-50.98389270474589,50
25400,-57.82332413689495,50
25450,-57.67900277253278,50
25500,-46.29984024974202,50
25550,-52.218240929006996,50
25600,-52.406532401776964,50
25650,-53.28397026858622,50
25700,-43.36696685604908,50
25750,-48.321589240970845,50
25800,-46.92260859228764,50
25850,-52.18372030966328,50
25900,-46.9336644261725,50
25950,-45.46036781581968,50
26000,-51.24206086404654,50
26050,-53.27586518726271,50
26100,-49.064193779147296,50
26150,-62.86841374631041,50
26200,-52.46751494479474,50
26250,-52.28633795379487,50
26300,-62.75282603503216,50
26350,-51.15169330174255,50
26400,-50.96457205474414,50
26450,-49.89713105463063,50
26500,-53.0014918899228,50
26550,-42.9960171599557,50
26600,-45.96651975061591,50
26650,-56.608498896415725,50
26700,-41.69958785343409,50
26750,-62.6593727412489,50
26800,-52.490005723262044,50
26850,-58.961641359579296,50
26900,-39.14393707224255,50
26950,-46.82162289363102,50
27000,-37.179750883605344,50
27050,-55.66581026608533,50
27100,-56.368919017710034,50
27150,-45.02279587498676,50
27200,-44.44714687121451,50
27250,-46.60725580225745,50
27300,-57.625585626451624,50
27350,-44.9237747318475,50
27400,-44.479080767437104,50
27450,-46.67542251515087,50
27500,-46.838502112780226,50
27550,-52.506665681236,50
27600,-37.41114197963412,50
27650,-41.47216058688204,50
27700,-53.34022005693808,50
27750,-47.556327212198724,50
27800,-63.46740000039281,50
27850,-55.031100481719534,50
27900,-53.20877074565859,50
27950,-47.906274737101995,50
28000,-45.93466961356734,50
28050,-48.73761419148158,50
28100,-56.93210412301444,50
28150,-43.3603024621508,50
28200,-44.67507308583876,50
28250,-47.198245750561206,50
28300,-46.303870594250185,50
28350,-48.00920780266103,50
28400,-50.801581795589975,50
28450,-57.388243785522505,50
28500,-55.86431945991542,50
28550,-48.370860669090874,50
28600,-46.49875860637842,50
28650,-60.19122165769546,50
28700,-60.06857336171245,50
28750,-40.95345032681498,50
28800,-50.83673586350579,50
28850,-44.50962640526158,50
28900,-48.03039643707812,50
28950,-53.8898932287176,50
29000,-53.479697900536124,50
29050,-43.001986595914985,50
29100,-54.11722281354147,50
29150,-43.74596959619177,50
29200,-44.99645194750837,50
29250,-45.9735219347034,50
29300,-50.72777395035029,50
29350,-57.6838394317624,50
29400,-41.41554292515746,50
29450,-48.23748513030302,50
29500,-53.137791425859604,50
29550,-43.11660826131933,50
29600,-37.990491949973304,50
29650,-51.18802764654894,50
29700,-53.65396347937945,50
29750,-58.46572979243227,50
29800,-51.33573269327446,50
29850,-48.727180828222714,50
29900,-53.15261076969349,50
29950,-56.97234410422189,50
30000,-48.09167211871063,50
30050,-42.14089987121235,50
30100,-49.796668404735655,50
30150,-37.8174692020401,50
30200,-58.97468638212924,50
30250,-41.492412416743704,50
30300,-47.0728629581774,50
30350,-48.615743053083165,50
30400,-50.25374587635965,50
30450,-50.27242404608725,50
30500,-43.471127891344736,50
30550,-55.4797074652721,50
30600,-44.198979638828455,50
30650,-50.50032735536463,50
30700,-35.24217798089197,50
30750,-62.47979964933882,50
30800,-48.19796967803902,50
30850,-42.98039899176935,50
30900,-47.42717344505978,50
30950,-49.50097771402671,50
31000,-46.09980416268479,50
31050,-56.093843888238936,50
31100,-40.75898946982686,50
31150,-47.65941520701721,50
31200,-56.88780463484245,50
31250,-42.000893647660675,50
31300,-46.84244997075322,50
31350,-52.856893401508536,50
31400,-47.630504475872485,50
31450,-55.65123955787098,50
31500,-35.22781648446287,50
31550,-42.23979797272942,50
31600,-54.23858003058985,50
31650,-56.69498730652277,50
31700,-62.77493961943152,50
31750,-56.18149559495635,50
31800,-45.902990796302646,50
31850,-56.20059961088386,50
31900,-48.102514583202826,50
31950,-44.420469649313645,50
32000,-40.854431565671206,50
32050,-48.78320245259393,50
32100,-50.62826915657245,50
32150,-42.34524528026107,50
32200,-46.85204308250363,50
32250,-43.177232804650636,50
32300,-35.899755222770494,50
32350,-38.95470781012878,50
32400,-67.01998532370528,50
32450,-42.09401365664766,50
32500,-44.902553272963,50
32550,-53.890454989621645,50
32600,-55.20304210121411,50
32650,-62.168826915423274,50
32700,-44.50738083909462,50
32750,-45.138182901803034,50
32800,-56.194280843664046,50
32850,-48.759559868787655,50
32900,-49.547037400354924,50
32950,-55.814650262727945,50
33000,-44.455039772055024,50
33050,-44.11793776232452,50
33100,-49.37771491030469,50
33150,-59.040225239300796,50
33200,-53.19461256410531,50
33250,-52.12738767032287,50
33300,-46.50573710300155,50
33350,-59.59345000555163,50
33400,-39.821373586522064,50
33450,-45.89470268149791,50
33500,-62.67019741085515,50
33550,-59.876633646231895,50
33600,-56.41330693285965,50
33650,-50.18594778483975,50
33700,-42.1528459327173,50
33750,-52.49794992093712,50
33800,-48.29746278910186,50
33850,-56.788298620389945,50
33900,-52.820012008108264,50
33950,-43.89019590508043,50
34000,-45.05433053477561,50
34050,-42.06432192043536,50
34100,-56.01781146753255,50
34150,-54.310884142845616,50
34200,-58.78375047024542,50
34250,-50.19977046634589,50
34300,-40.20147642342565,50
34350,-50.03932704576712,50
34400,-61.85674990362241,50
34450,-53.27101235542355,50
34500,-35.536194257372635,50
34550,-37.85646197958652,50
34600,-46.230267284036,50
34650,-52.81761212648198,50
34700,-46.80044287748624,50
34750,-39.53912851885017,50
34800,-41.2752578513323,50
34850,-38.444950484103686,50
34900,-40.551279760084064,50
34950,-34.97623652174735,50
35000,-43.00995271448637,50
35050,-48.89058176344479,50
35100,-48.52731644053484,50
35150,-43.53440885332176,50
35200,-51.38709137831961,50
35250,-55.256991748910146,50
35300,-57.15628616636959,50
35350,-60.25830000519088,50
35400,-44.75952858275,50
35450,-41.843238601540705,50
35500,-38.54761452120673,50
35550,-46.81595782428261,50
35600,-41.24418219541322,50
35650,-44.2222734167598,50
35700,-41.33756004371232,50
35750,-53.14919571626143,50
35800,-41.5559226421435,50
35850,-49.32847164527853,50
35900,-39.14080540531337,50
35950,-63.9686056638408,50
36000,-52.7571587001481,50
36050,-44.41027281603212,50
36100,-41.06653859079331,50
36150,-40.273314281968176,50
36200,-54.16287346773345,50
36250,-64.12018608673046,50
36300,-46.59596564337276,50
36350,-45.821535291299,50
36400,-41.974707033866004,50
36450,-46.383822281146244,50
36500,-48.8971608801601,50
36550,-62.11381436797641,50
36600,-42.89642177264481,50
36650,-46.64264609205132,50
36700,-52.23060696251121,50
36750,-39.3677911561419,50
36800,-40.99159047040604,50
36850,-50.226518375754615,50
36900,-45.80335016051412,50
36950,-38.19116579873959,50
37000,-47.71298481274301,50
37050,-50.018198490274926,50
37100,-43.82069865598702,50
37150,-50.22643003904482,50
37200,-52.16796234294836,50
37250,-42.30124335002249,50
37300,-55.21492611999537,50
37350,-42.83863906381768,50
37400,-61.06893023015821,50
37450,-57.41163831448668,50
37500,-38.27923344746794,50
37550,-44.067788739649956,50
37600,-44.19012879601699,50
37650,-45.62324943982989,50
37700,-34.66205928698803,50
37750,-59.528124976476576,50
37800,-47.53190133368065,50
37850,-52.113742788803485,50
37900,-38.6946157705109,50
37950,-52.47072424877834,50
38000,-55.938531691836346,50
38050,-46.01442477464921,50
38100,-49.79886526242199,50
38150,-42.357260582937435,50
38200,-35.08633353730538,50
38250,-63.0224607647204,50
38300,-48.034567996261025,50
38350,-48.56639748049456,50
38400,-42.4131625442625,50
38450,-57.27690563784264,50
38500,-53.19322315316565,50
38550,-39.756592785962056,50
38600,-47.09061594712126,50
38650,-34.86450261422566,50
38700,-42.10085149473971,50
38750,-59.606684299745886,50
38800,-49.64860308574366,50
38850,-54.22627430277874,50
38900,-45.04031724826111,50
38950,-41.12500125139144,50
39000,-57.85687989201245,50
39050,-56.932096761641795,50
39100,-35.32076873070694,50
39150,-54.058707418643266,50
39200,-50.422562097968864,50
39250,-50.8330702619952,50
39300,-41.86516791706961,50
39350,-51.882509554100714,50
39400,-54.851137389781506,50
39450,-49.99543821448687,50
39500,-39.382547505882215,50
39550,-44.872526011960495,50
39600,-43.81721045823773,50
39650,-44.92305561744697,50
39700,-58.79196025703916,50
39750,-49.04813966912972,50
39800,-51.753382998308496,50
39850,-40.00790128945978,50
39900,-35.168455992528806,50
39950,-50.52064619327356,50
40000,-44.4526151741792,50
40050,-62.51780653357977,50
40100,-46.22122327884898,50
40150,-47.728741162262786,50
40200,-50.05897836571605,50
40250,-43.90347554816819,50
40300,-49.43005109779925,50
40350,-58.6407395053984,50
40400,-64.19474445416917,50
40450,-39.007725877922894,50
40500,-39.62812240258367,50
40550,-50.58709855907672,50
40600,-47.187784220987226,50
40650,-40.046760472422875,50
40700,-41.080970550187445,50
40750,-55.685399135529636,50
40800,-53.73505012160086,50
40850,-46.52509192673185,50
40900,-53.84171267798974,50
40950,-39.93990267668522,50
41000,-51.992902772351464,50
41050,-53.08035128129256,50
41100,-48.39422037712098,50
41150,-46.19270537275369,50
41200,-40.14026339054489,50
41250,-42.11682773729134,50
41300,-44.809044414487616,50
41350,-48.58228642651356,50
41400,-36.76419548058268,50
41450,-49.041754969482746,50
41500,-37.36576622686735,50
41550,-51.66896356301061,50
41600,-46.429814326005065,50
41650,-58.477448662085656,50
41700,-39.57472190519431,50
41750,-41.85915703715624,50
41800,-53.8570140678874,50
41850,-47.586771472027955,50
41900,-53.749813451801586,50
41950,-41.817574223838335,50
42000,-54.14727192585308,50
42050,-55.92831526457049,50
42100,-37.52216070770542,50
42150,-50.283183579767595,50
42200,-54.489315043205295,50
42250,-43.62403410179274,50
42300,-41.733095504719955,50
42350,-40.32688177678494,50
42400,-44.36428729408762,50
42450,-40.50013076135293,50
42500,-38.529506816998385,50
42550,-42.6033927203287,50
42600,-41.91282040669287,50
42650,-43.679824759601054,50
42700,-45.495620339562066,50
42750,-41.80891810873499,50
42800,-53.07813697037967,50
42850,-48.35734913831169,50
42900,-59.87416032061915,50
42950,-49.36436165666661,50
43000,-36.632385496948395,50
43050,-46.60612956482531,50
43100,-40.881067008794645,50
43150,-36.70691926601206,50
43200,-54.754444747200345,50
43250,-52.66078050290536,50
43300,-56.48439170854375,50
43350,-45.12969031830134,50
43400,-52.89377896908508,50
43450,-39.12910964383183,50
43500,-39.75605682038237,50
43550,-51.04704682054677,50
43600,-43.742492076764535,50
43650,-52.81128717336645,50
43700,-37.34433658013066,50
43750,-51.20234158393341,50
43800,-36.1432448363239,50
43850,-35.47310830124016,50
43900,-50.33653821024076,50
43950,-38.996525613631164,50
44000,-47.378303179779806,50
44050,-44.821462577409235,50
44100,-39.15913479970696,50
44150,-49.50450225848341,50
44200,-44.472875165804304,50
44250,-42.84956399183177,50
44300,-56.5397004202589,50
44350,-42.06801181952544,50
44400,-45.41559135296568,50
44450,-58.470267677452576,50
44500,-32.97540550818645,50
44550,-38.22053656346535,50
44600,-34.95207528438033,50
44650,-41.0864458272693,50
44700,-47.12311177860771,50
44750,-47.41413517952905,50
44800,-40.03123768060157,50
44850,-48.45124726825766,50
44900,-51.88261674218745,50
44950,-39.0815216397417,50
45000,-52.07289550226455,50
45050,-52.740289402617115,50
45100,-47.92897017874129,50
45150,-49.413158075777595,50
45200,-34.484520894460346,50
45250,-48.97988082757925,50
45300,-34.83770731853219,50
45350,-40.812794339091546,50
45400,-35.619328842338994,50
45450,-55.76514534149231,50
45500,-43.956047901604954,50
45550,-38.673868161910356,50
45600,-49.09163888387929,50
45650,-54.141844707866454,50
45700,-36.66096034435856,50
45750,-48.785559713474605,50
45800,-52.08090979739813,50
45850,-33.33539964175215,50
45900,-47.40578776731943,50
45950,-52.358942164407935,50
46000,-40.69104388842335,50
46050,-35.77903867746704,50
46100,-58.262726232240425,50
46150,-43.73852578506993,50
46200,-37.2911830660127,50
46250,-41.478873153365015,50
46300,-37.45200040602091,50
46350,-49.15534063308764,50
46400,-55.627562314671124,50
46450,-49.295074946394976,50
46500,-43.6932265180558,50
46550,-45.62696375242335,50
46600,-57.270710193807254,50
46650,-48.68885458542376,50
46700,-37.27715811562783,50
46750,-41.67297534622981,50
46800,-54.82710039698226,50
46850,-38.360935523352985,50
46900,-53.61353122917481,50
46950,-38.36943941508025,50
47000,-53.428258759966894,50
47050,-57.70125609869948,50
47100,-48.011272301321966,50
47150,-48.61503848764131,50
47200,-34.289382266941054,50
47250,-34.35432939930784,50
47300,-44.67569777175975,50
47350,-49.139057219934635,50
47400,-45.48603309469496,50
47450,-42.18474145312893,50
47500,-31.643563537306076,50
47550,-51.39223244082118,50
47600,-44.56154362340542,50
47650,-34.650991211989584,50
47700,-42.42664020930708,50
47750,-45.697945386840054,50
47800,-40.82329008349363,50
47850,-38.140351965759734,50
47900,-43.23601773744985,50
47950,-36.49465383760561,50
48000,-36.242920674311776,50
48050,-55.86022860844549,50
48100,-47.61563837857498,50
48150,-50.814245207972476,50
48200,-43.66175726881297,50
48250,-37.534167631669355,50
48300,-31.196357524443776,50
48350,-46.63061052220214,50
48400,-51.53153640084308,50
48450,-46.94140460643718,50
48500,-52.030881281559445,50
48550,-37.42772045095086,50
48600,-34.179322407268884,50
48650,-36.15531668542767,50
48700,-50.03606260312389,50
48750,-34.998434802473916,50
48800,-52.34663846483511,50
48850,-38.04230615431986,50
48900,-41.735869126181235,50
48950,-36.5450116513254,50
49000,-48.6105828422834,50
49050,-53.825539984987756,50
49100,-54.31294960579666,50
49150,-50.84934358789076,50
49200,-34.20794754182164,50
49250,-50.72600891011269,50
49300,-39.941089912843275,50
49350,-45.17449111539446,50
49400,-51.589528529950655,50
49450,-57.01844028301492,50
49500,-50.089182969623174,50
49550,-49.40240383672693,50
49600,-42.1869153902348,50
49650,-38.05822637243199,50
49700,-37.40891940423251,50
49750,-38.09966771339581,50
49800,-34.115422026505776,50
49850,-36.93948794523646,50
49900,-46.12476997237803,50
49950,-33.212827554456,50
50000,-52.1644204130998,50
50050,-36.65815849984143,50
50100,-37.30586512635743,50
50150,-43.476138012711104,50
50200,-37.30409432584471,50
50250,-34.22279055358321,50
50300,-50.07277957747504,50
50350,-46.49994032592368,50
50400,-35.594735895563254,50
50450,-39.05535082983526,50
50500,-45.185990473571934,50
50550,-48.34435654196429,50
50600,-51.030348405073966,50
50650,-47.5568740842761,50
50700,-33.935545608845,50
50750,-36.77720283979471,50
50800,-46.03716710731547,50
50850,-40.56448495997525,50
50900,-42.256970410563,50
50950,-53.01119143912922,50
51000,-43.57694601165408,50
51050,-49.1261251334817,50
51100,-35.16214907830248,50
51150,-42.39369359940372,50
51200,-46.85988862058518,50
51250,-46.22094162643226,50
51300,-39.42455812743731,50
51350,-44.40698470388915,50
51400,-39.7146734147607,50
51450,-38.279865516890034,50
51500,-49.97837183150968,50
51550,-36.891816655739795,50
51600,-31.603048550705253,50
51650,-42.28296190358345,50
51700,-49.05035943727361,50
51750,-43.24202331104153,50
51800,-29.414031049861414,50
51850,-38.094603666487686,50
51900,-27.426236322207103,50
51950,-50.15757378467364,50
52000,-38.71411027606954,50
52050,-32.18616699716218,50
52100,-45.06458467665955,50
52150,-52.263442911899304,50
52200,-42.402822667765285,50
52250,-41.50323360029407,50
52300,-37.19895769387167,50
52350,-36.78586707806642,50
52400,-33.87771902295938,50
52450,-38.7814350045826,50
52500,-35.745448669351624,50
52550,-33.841616196278956,50
52600,-39.644564059552636,50
52650,-34.52920479241109,50
52700,-47.14698133398044,50
52750,-33.450694959264226,50
52800,-46.21382719843822,50
52850,-37.67392953605641,50
52900,-34.58067717190517,50
52950,-53.82821251511067,50
53000,-34.32796290421555,50
53050,-37.258635751346525,50
53100,-46.609882402330996,50
53150,-48.10333784747722,50
53200,-43.59288571855494,50
53250,-45.77865591138989,50
53300,-40.88282142650933,50
53350,-39.94105058295534,50
53400,-32.15962685970277,50
53450,-31.945585962726163,50
53500,-40.4632448011745,50
53550,-50.52845543086002,50
53600,-39.153886353011174,50
53650,-49.50286471075514,50
53700,-41.5160935923133,50
53750,-42.48922583883343,50
53800,-38.354710558677034,50
53850,-45.73939958065496,50
53900,-50.60928121571109,50
53950,-53.231645784315575,50
54000,-47.074147840954744,50
54050,-47.660460982846445,50
54100,-37.31910209220047,50
54150,-36.79237657171144,50
54200,-45.251367522835935,50
54250,-36.156430349066454,50
54300,-45.42630980515925,50
54350,-40.35075018794422,50
54400,-36.805556354908724,50
54450,-49.60433472506088,50
54500,-41.63094348846811,50
54550,-37.36078385217155,50
54600,-39.1100146550706,50
54650,-40.82619336049917,50
54700,-44.491375453387136,50
54750,-38.01934496098937,50
54800,-52.63520641045127,50
54850,-39.139888563752265,50
54900,-32.5043182878894,50
54950,-32.860554558792074,50
55000,-45.641667005885324,50
55050,-37.80714294360825,50
55100,-41.64973929616026,50
55150,-41.868722219409264,50
55200,-46.80598001961601,50
55250,-34.68778701791579,50
55300,-42.47610757493285,50
55350,-29.74545916238697,50
55400,-34.24435955372842,50
55450,-30.435420836732327,50
55500,-39.33244592795216,50
55550,-52.95368152177489,50
55600,-41.40056847090294,50
55650,-50.51615420645297,50
55700,-40.86328794119609,50
55750,-33.47334117770383,50
55800,-34.88267679915818,50
55850,-54.23614964652806,50
55900,-32.084637434564,50
55950,-32.64556763004497,50
56000,-39.81436664394269,50
56050,-46.28168236337365,50
56100,-42.73331181785588,50
56150,-47.77670957251215,50
56200,-29.671490658948567,50
56250,-29.51385600954048,50
56300,-36.398514922468046,50
56350,-54.74470253349647,50
56400,-43.30845611178872,50
56450,-31.348289820601934,50
56500,-23.630054293611437,50
56550,-33.088361771634744,50
56600,-28.68748504215514,50
56650,-60.8201280272638,50
56700,-49.5994910786692,50
56750,-40.386929115332,50
56800,-39.24237146638133,50
56850,-24.294654640342383,50
56900,-31.925849932559533,50
56950,-41.58345443501693,50
57000,-32.47542042098575,50
57050,-30.410878874151777,50
57100,-41.723449694162944,50
57150,-32.55483981851033,50
57200,-34.004985165473634,50
57250,-43.007644064000665,50
57300,-41.43717787704616,50
57350,-25.662877039462906,50
57400,-29.261923856363975,50
57450,-38.276836639836226,50
57500,-40.01766519131969,50
57550,-42.19694966288614,50
57600,-39.07755339029426,50
57650,-36.50959168780123,50
57700,-30.26229588807507,50
57750,-45.05325854122653,50
57800,-39.016017141961534,50
57850,-32.64724970151908,50
57900,-34.78807338896287,50
57950,-48.763467358405286,50
58000,-44.04790539964481,50
58050,-37.77966739878878,50
58100,-38.81526949870153,50
58150,-45.647381467518706,50
58200,-28.391162995375034,50
58250,-35.24467518451865,50
58300,-46.477038499987714,50
58350,-43.3813619168229,50
58400,-42.94631147756214,50
58450,-29.74491159762572,50
58500,-46.65209721007801,50
58550,-31.88061270622257,50
58600,-29.472983415568837,50
58650,-46.6009963143328,50
58700,-30.895598179454446,50
58750,-32.96800579041166,50
58800,-35.311314500387184,50
58850,-29.02218181449439,50
58900,-48.12300958559703,50
58950,-35.25115382327306,50
59000,-36.51102878010282,50
59050,-36.01733314660065,50
59100,-41.504243537233386,50
59150,-39.67309668615738,50
59200,-37.88304187337232,50
59250,-48.262967569913435,50
59300,-50.403156067786995,50
59350,-46.55399326682409,50
59400,-23.15537742355569,50
59450,-31.162254307161092,50
59500,-35.534332950862485,50
59550,-32.514260045443,50
59600,-42.06382788529201,50
59650,-37.31620968025564,50
59700,-34.48003068118566,50
59750,-33.89541138285977,50
59800,-46.36373263141817,50
59850,-28.64437559693517,50
59900,-39.08234831248922,50
59950,-44.719360082465755,50
60000,-41.70138590953377,50
60050,-46.05503641433014,50
60100,-47.853126580041135,50
60150,-26.07377259321359,50
60200,-49.125608168908485,50
60250,-49.496043711693865,50
60300,-41.625074079514796,50
60350,-29.056827859659943,50
60400,-31.793023889047355,50
60450,-37.42362340594619,50
60500,-37.18993402176407,50
60550,-31.28690914538409,50
60600,-40.318323675846564,50
60650,-43.05889972161394,50
60700,-43.931751511154246,50
60750,-31.57065093377321,50
60800,-42.063384968803156,50
60850,-42.57022317121722,50
60900,-35.195341889086464,50
60950,-49.53215274046701,50
61000,-26.03856622401661,50
61050,-42.32845290691368,50
61100,-49.7512844688289,50
61150,-40.844465105658855,50
61200,-29.55481067992828,50
61250,-34.81721516351623,50
61300,-35.183068623623946,50
61350,-35.91750085507308,50
61400,-48.98706646323914,50
61450,-44.92388545598602,50
61500,-32.742747775529295,50
61550,-37.8572308110163,50
61600,-47.92932074707687,50
61650,-40.892338099429715,50
61700,-37.410940509530725,50
61750,-48.05011335417122,50
61800,-36.34717437849132,50
61850,-49.223730997975714,50
61900,-46.16734333038934,50
61950,-45.71519265536808,50
62000,-31.357983872258433,50
62050,-35.77710243796872,50
62100,-43.1095382127597,50
62150,-42.528041398779166,50
62200,-39.62645383609086,50
62250,-33.44322240959945,50
62300,-31.12654591740652,50
62350,-36.446092232096625,50
62400,-30.967790378318703,50
62450,-41.2160936257477,50
62500,-33.810084746900415,50
62550,-43.87339985050088,50
62600,-36.770917276972554,50
62650,-38.34839318716151,50
62700,-31.016475499461663,50
62750,-42.56434281976233,50
62800,-49.12860735280899,50
62850,-44.05880913692028,50
62900,-27.151099516918674,50
62950,-28.827818532832094,50
63000,-24.555442676117355,50
63050,-47.0679662120761,50
63100,-48.02344904458305,50
63150,-25.06512280103693,50
63200,-29.98223052117475,50
63250,-32.121987627205534,50
63300,-38.13917569290671,50
63350,-33.904042472259974,50
63400,-29.992928864708354,50
63450,-38.53084991963334,50
63500,-29.756281833242102,50
63550,-43.559800089906474,50
63600,-31.58574681353232,50
63650,-27.528390141524724,50
63700,-19.546651078034905,50
63750,-32.208658034017205,50
63800,-54.19103110355093,50
63850,-39.91361609357187,50
63900,-31.482574065516136,50
63950,-39.69729709009492,50
64000,-30.99277686977342,50
64050,-43.917279609564254,50
64100,-35.639062922765895,50
64150,-29.326876643029664,50
64200,-40.93456004894432,50
64250,-32.87091631273233,50
64300,-22.18475589406429,50
64350,-48.481067225881475,50
64400,-36.97094907737545,50
64450,-26.491117207013573,50
64500,-40.95148660218571,50
64550,-28.530336697479484,50
64600,-29.789729306061258,50
64650,-28.081170198259144,50
64700,-30.939801131661724,50
64750,-42.503153550187214,50
64800,-41.59106676583579,50
64850,-47.537455654765985,50
64900,-44.173826173857655,50
64950,-42.01685844350076,50
65000,-28.9796871705386,50
65050,-33.59228083356622,50
65100,-44.91365432089497,50
65150,-23.807751606174413,50
65200,-39.44906140806418,50
65250,-25.377018035872993,50
65300,-25.11942313581566,50
65350,-42.097404305517145,50
65400,-46.23400201091028,50
65450,-47.382204938101935,50
65500,-51.949938275581964,50
65550,-27.236675216759586,50
65600,-27.179961284383737,50
65650,-29.12317842714511,50
65700,-20.653927458171648,50
65750,-26.84997395656015,50
65800,-24.56484197868286,50
65850,-43.95251260013029,50
65900,-41.40311481663135,50
65950,-48.0212064685485,50
66000,-38.64306594910001,50
66050,-28.075888447183047,50
66100,-46.126951737247346,50
66150,-32.85318848554955,50
66200,-28.41529744531498,50
66250,-23.551576863887153,50
66300,-46.11913224145173,50
66350,-26.989432513199606,50
66400,-44.89668817204574,50
66450,-44.35392939043641,50
66500,-29.1148356837039,50
66550,-29.380622128856814,50
66600,-33.028108769411986,50
66650,-45.808195922391334,50
66700,-39.408115267501564,50
66750,-43.291478570341546,50
66800,-29.175525925549618,50
66850,-35.19432528881428,50
66900,-36.79716549724374,50
66950,-43.03585804727301,50
67000,-22.15830881396856,50
67050,-34.01209976462363,50
67100,-36.77179898448394,50
67150,-38.43021392070824,50
67200,-27.181610779128732,50
67250,-31.093059035060758,50
67300,-46.04389448680008,50
67350,-37.57160059081734,50
67400,-35.57740847723464,50
67450,-39.71919417825446,50
67500,-25.92532992651914,50
67550,-23.04153650046091,50
67600,-33.695944544695855,50
67650,-26.397821677361886,50
67700,-41.759854914805956,50
67750,-23.73725956290311,50
67800,-32.805689736827254,50
67850,-32.77779582012134,50
67900,-23.35300473655864,50
67950,-22.861343658076855,50
68000,-25.392374343045915,50
68050,-45.60639575078875,50
68100,-34.01061755874006,50
68150,-34.09191566716264,50
68200,-34.922287286428514,50
68250,-43.00474478818022,50
68300,-31.419930850053273,50
68350,-23.613221008753506,50
68400,-37.73392240715386,50
68450,-27.732853504029386,50
68500,-31.279801754505414,50
68550,-21.4187591687163,50
68600,-35.495622149409485,50
68650,-29.329403613564686,50
68700,-41.96814874200354,50
68750,-34.72510368159437,50
68800,-43.95928047584909,50
68850,-41.274202606638084,50
68900,-19.920677393432797,50
68950,-32.407225590925215,50
69000,-39.508690312736235,50
69050,-26.439006609985704,50
69100,-31.04128407027666,50
69150,-29.854035891248788,50
69200,-39.679643597095264,50
69250,-48.300874492191234,50
69300,-39.92285465730767,50
69350,-35.24704766349452,50
69400,-29.9037160822382,50
69450,-48.06377722384814,50
69500,-39.306472923261815,50
69550,-22.305286303649567,50
69600,-28.54950301171722,50
69650,-40.75657537597652,50
69700,-29.346550438727935,50
69750,-22.866652289539687,50
69800,-29.763085636458303,50
69850,-36.0984177097681,50
69900,-31.19264935186313,50
69950,-35.33084872066521,50
70000,-31.33433815657625,50
70050,-32.70975371550409,50
70100,-36.19859091310034,50
70150,-34.1926904296187,50
70200,-39.07945941691967,50
70250,-30.553072381049724,50
70300,-24.723686995517294,50
70350,-26.85714386981077,50
70400,-25.476130365192027,50
70450,-38.313560273646225,50
70500,-21.985160611487615,50
70550,-24.40140658316874,50
70600,-34.753688242733425,50
70650,-38.50155522319395,50
70700,-29.399928383950783,50
70750,-23.535503677922012,50
70800,-26.380307599014678,50
70850,-41.397825842832326,50
70900,-41.43186515473646,50
70950,-31.88400313102256,50
71000,-22.91583382456468,50
71050,-30.265855720066092,50
71100,-26.469075521512995,50
71150,-30.75292216827009,50
71200,-23.67487912602601,50
71250,-29.19061195434319,50
71300,-35.0332252204899,50
71350,-20.846223717113933,50
71400,-22.052187689158533,50
71450,-35.455842835794066,50
71500,-32.0622892179666,50
71550,-39.28422749858916,50
71600,-31.802511749884886,50
71650,-26.64275056630597,50
71700,-38.51721654650256,50
71750,-35.38458582971646,50
71800,-31.059583290165804,50
71850,-29.99192260007148,50
71900,-44.72574740972425,50
71950,-27.218871028022125,50
72000,-35.29055593994783,50
72050,-23.779733186859534,50
72100,-39.19733255876738,50
72150,-32.0459849556261,50
72200,-36.32303296158833,50
72250,-26.23852749895648,50
72300,-18.612706199774976,50
72350,-31.882467743371357,50
72400,-37.16212051655505,50
72450,-26.979205245960284,50
72500,-25.371307994736163,50
72550,-33.156520716965424,50
72600,-38.020430615758826,50
72650,-31.306464431668736,50
72700,-40.593243078347456,50
72750,-24.360571889607556,50
72800,-24.62126955309574,50
72850,-30.784163917635617,50
72900,-36.79705844289411,50
72950,-30.30914804542802,50
73000,-31.596956497948213,50
73050,-33.561103236638296,50
73100,-25.41688813326604,50
73150,-23.244492866152502,50
73200,-23.489715972347856,50
73250,-33.57620056019684,50
73300,-29.02632947687343,50
73350,-26.969919492033103,50
73400,-24.537370985264438,50
73450,-24.42059567542813,50
73500,-30.26247512336395,50
73550,-35.415761664996744,50
73600,-31.318575744915663,50
73650,-39.24970204386923,50
73700,-40.23596826768859,50
73750,-40.64855513477251,50
73800,-21.29569712567458,50
73850,-26.71056557626711,50
73900,-16.315850561504508,50
73950,-37.79187242611446,50
74000,-31.33542336516971,50
74050,-33.58757713710503,50
74100,-25.669865075081105,50
74150,-23.752855579236705,50
74200,-42.22290109907041,50
74250,-24.06705052737521,50
74300,-40.94694681167532,50
74350,-31.29422775399796,50
74400,-32.10544139220517,50
74450,-33.284340209960455,50
74500,-32.088677491141745,50
74550,-39.240335447834674,50
74600,-36.514201002500926,50
74650,-23.683375138217148,50
74700,-19.869590450917194,50
74750,-32.277887186410666,50
74800,-35.16968726348498,50
74850,-22.13348363253662,50
74900,-32.97524902047125,50
74950,-23.03105598636714,50
75000,-40.12864173590059,50
75050,-24.082710203508952,50
75100,-39.82719916448078,50
75150,-29.30768658321685,50
75200,-40.15954694193746,50
75250,-38.71193781278214,50
75300,-28.06559178883345,50
75350,-37.54503905879321,50
75400,-23.346883854533715,50
75450,-35.461533650249045,50
75500,-22.633028727739106,50
75550,-31.79099914715286,50
75600,-39.69634965788673,50
75650,-39.17015118871495,50
75700,-37.74714781485003,50
75750,-23.744416589975344,50
75800,-33.347661882119695,50
75850,-28.123583630001498,50
75900,-18.110595286472844,50
75950,-43.19111144074194,50
76000,-39.04342242114571,50
76050,-27.287340650487693,50
76100,-21.550177174234637,50
76150,-19.514521928120537,50
76200,-26.83658211289413,50
76250,-26.30968250273602,50
76300,-40.29392895047005,50
76350,-27.41200983581131,50
76400,-38.408770235664036,50
76450,-25.513091012602693,50
76500,-32.14191675313366,50
76550,-24.739035340843284,50
76600,-31.026195355543415,50
76650,-40.4939862972953,50
76700,-29.900382901843585,50
76750,-29.14909133602468,50
76800,-35.56839951893044,50
76850,-25.599266030739727,50
76900,-21.306739950799855,50
76950,-28.96840943056859,50
77000,-32.080759247522785,50
77050,-21.9385331938664,50
77100,-27.653686008258514,50
77150,-24.5086848965129,50
77200,-25.384423232556617,50
77250,-27.984165961215645,50
77300,-20.70846061983993,50
77350,-34.696421973818715,50
77400,-30.515736883113707,50
77450,-21.802074908413196,50
77500,-24.056309863104143,50
77550,-27.38213866363711,50
77600,-29.66084066140066,50
77650,-26.19552626137815,50
77700,-39.16591164523346,50
77750,-23.825407890804414,50
77800,-22.452759495487243,50
77850,-22.266774228680042,50
77900,-41.67421341719067,50
77950,-30.105582623897092,50
78000,-23.751781225885505,50
78050,-32.54884175083785,50
78100,-24.717393510246204,50
78150,-41.009423787912695,50
78200,-20.900371279336714,50
78250,-22.326448883612613,50
78300,-35.37145202031592,50
78350,-31.86312899407494,50
78400,-35.52519140095625,50
78450,-20.825947894410753,50
78500,-33.355231181286726,50
78550,-30.068220424883467,50
78600,-30.36938745131825,50
78650,-40.87965664130856,50
78700,-29.6127689551686,50
78750,-27.289872826698023,50
78800,-22.45859584910596,50
78850,-21.71026240505813,50
78900,-20.55180561982602,50
78950,-24.655596300195505,50
79000,-21.616136036219967,50
79050,-34.99230883847584,50
79100,-32.84765070897214,50
79150,-27.708456778000805,50
79200,-40.60677184966552,50
79250,-33.040846700778275,50
79300,-35.38141060134007,50
79350,-30.32724982116268,50
79400,-22.435279061968405,50
79450,-39.48732729269457,50
79500,-33.2765375598233,50
79550,-22.066915787884223,50
79600,-28.2173817186633,50
79650,-21.245115894721128,50
79700,-24.709758830278513,50
79750,-36.308802973915476,50
79800,-38.65885462781914,50
79850,-40.133184706397486,50
79900,-21.946722690966844,50
79950,-23.86129819624408,50
80000,-28.159477511220345,50
80050,-39.033746636267225,50
80100,-30.801710406527626,50
80150,-37.525535191371695,50
80200,-33.68192348731698,50
80250,-17.98461280360166,50
80300,-21.317297954426596,50
80350,-29.670471707432963,50
80400,-27.2972253298651,50
80450,-37.966670111545994,50
80500,-20.574813112581456,50
80550,-16.82222004335757,50
80600,-22.75721164540667,50
80650,-31.763330325867976,50
80700,-24.336770722118107,50
80750,-28.138569830243963,50
80800,-21.9741196452901,50
80850,-15.742644244369576,50
80900,-37.67091026324258,50
80950,-25.094868735018224,50
81000,-22.80695963767379,50
81050,-36.27940869024624,50
81100,-32.277189206833114,50
81150,-32.89244299691993,50
81200,-26.037232255027153,50
81250,-40.13789722883182,50
81300,-20.03867273640507,50
81350,-15.810378428044002,50
81400,-20.957399330412084,50
81450,-26.055561702869575,50
81500,-16.84531228235276,50
81550,-40.99289890447696,50
81600,-31.653033855503047,50
81650,-19.459815810058974,50
81700,-22.011421631249952,50
81750,-40.26257159281073,50
81800,-16.866479665464784,50
81850,-25.356978381643682,50
81900,-35.13807052650753,50
81950,-22.376709305940917,50
82000,-39.26757576428737,50
82050,-34.191211186826756,50
82100,-27.871767395125822,50
82150,-25.41512994240299,50
82200,-20.451898060316577,50
82250,-22.27139482836078,50
82300,-30.051247897431704,50
82350,-19.213474963196912,50
82400,-33.42022328784573,50
82450,-39.45621815735676,50
82500,-31.699086969313537,50
82550,-19.682863642301577,50
82600,-25.419346512198178,50
82650,-34.25411169816348,50
82700,-21.14181367820759,50
82750,-32.57305944074147,50
82800,-25.82664780693508,50
82850,-27.067159018894873,50
82900,-19.808061637155255,50
82950,-44.00649399681163,50
83000,-25.269206973088526,50
83050,-20.623984828924083,50
83100,-16.575520646187734,50
83150,-15.303478311908409,50
83200,-27.8521255365631,50
83250,-26.344273704962653,50
83300,-30.078152415742466,50
83350,-38.213504266795326,50
83400,-31.164227106272108,50
83450,-32.114169162416864,50
83500,-35.159862618104455,50
83550,-29.765885731489163,50
83600,-21.205618566676236,50
83650,-19.155048803767595,50
83700,-26.141437086517332,50
83750,-41.07907956636323,50
83800,-26.366326296055956,50
83850,-41.71426714077492,50
83900,-33.24487152633845,50
83950,-39.36478531013463,50
84000,-18.35542132179075,50
84050,-33.829987569343615,50
84100,-36.88707849185797,50
84150,-19.219513014926285,50
84200,-38.383837171852434,50
84250,-17.797952611938083,50
84300,-24.188328993465284,50
84350,-36.7965117110765,50
84400,-25.22523779204086,50
84450,-28.6042049231674,50
84500,-33.43187221393621,50
84550,-27.239884216134044,50
84600,-26.43919942637542,50
84650,-34.2521501617596,50
84700,-24.930687329715678,50
84750,-18.515192772102502,50
84800,-25.799882306932926,50
84850,-32.238184480712874,50
84900,-26.215723389802193,50
84950,-23.004597432182308,50
85000,-17.140812516017192,50
85050,-18.102271321690896,50
85100,-38.74831704767727,50
85150,-33.50253442087589,50
85200,-33.053102329524066,50
85250,-24.640837669270084,50
85300,-17.094704475581803,50
85350,-27.85638403719012,50
85400,-27.180279368560235,50
85450,-15.229673553345032,50
85500,-17.48750459536262,50
85550,-18.44492507521826,50
85600,-20.50805195291116,50
85650,-35.21246363532036,50
85700,-30.488797723977346,50
85750,-23.77384842159717,50
85800,-23.26617254758005,50
85850,-23.49457909835117,50
85900,-21.947344019920436,50
85950,-32.948872437290945,50
86000,-22.76901305367225,50
86050,-14.203944268651407,50
86100,-19.91915290743592,50
86150,-18.64016819697888,50
86200,-31.610260584610337,50
86250,-18.215477153784065,50
86300,-16.551086579916827,50
86350,-28.37270632296195,50
86400,-30.345371964700576,50
86450,-30.551029223965344,50
86500,-28.58755019971196,50
86550,-38.612651027150086,50
86600,-33.18783700598239,50
86650,-24.823003480069016,50
86700,-18.568122832895597,50
86750,-26.77533985647214,50
86800,-25.08176906499361,50
86850,-27.519870941428938,50
86900,-21.433499074464624,50
86950,-39.03034298254212,50
87000,-28.006295761650538,50
87050,-20.31449551332717,50
87100,-18.385100150275996,50
87150,-25.201717241501232,50
87200,-20.113705155993532,50
87250,-17.319375922719555,50
87300,-37.623346824901034,50
87350,-23.327718445081327,50
87400,-30.60877548053214,50
87450,-15.58531624888901,50
87500,-23.185310102512975,50
87550,-29.360997903081373,50
87600,-24.37428836621614,50
87650,-24.620828230730627,50
87700,-19.787048514983482,50
87750,-31.883852613768063,50
87800,-17.319161279538207,50
87850,-25.519066548488546,50
87900,-16.900942424622798,50
87950,-29.03310453901805,50
88000,-26.70807496854556,50
88050,-18.389717160140417,50
88100,-22.221261210617488,50
88150,-21.331146569555656,50
88200,-28.36350787885356,50
88250,-26.37957662571662,50
88300,-37.88799445611756,50
88350,-25.388320660044435,50
88400,-38.241495278040865,50
88450,-28.221543149203132,50
88500,-31.917267805017214,50
88550,-14.013964615107179,50
88600,-17.122195970825455,50
88650,-14.580235965229921,50
88700,-16.495919188646994,50
88750,-16.233521303897568,50
88800,-23.87291877439594,50
88850,-25.24859598153379,50
88900,-23.952774942204396,50
88950,-18.139172159820216,50
89000,-16.488926992877406,50
89050,-21.982644203013056,50
89100,-18.95571913458203,50
89150,-19.77532638851613,50
89200,-24.636536932938665,50
89250,-40.04989981831739,50
89300,-35.77208979610478,50
89350,-22.61034478978228,50
89400,-16.635177268124234,50
89450,-25.751568373852546,50
89500,-20.60703616428807,50
89550,-22.753044832614282,50
89600,-32.296058077476424,50
89650,-17.92810993062342,50
89700,-15.824841101666792,50
89750,-17.966345877639707,50
89800,-23.867733357455855,50
89850,-35.92193927179599,50
89900,-17.530490700958236,50
89950,-37.01582866575982,50
90000,-24.156156789731998,50
90050,-14.013210668948664,50
90100,-15.355557262154168,50
90150,-31.69313618965292,50
90200,-20.643552641662993,50
90250,-16.13616097185939,50
90300,-36.41521407799659,50
90350,-19.23395123256741,50
90400,-14.655236724485215,50
90450,-24.6638337761026,50
90500,-19.809018420498557,50
90550,-24.317883631357876,50
90600,-17.90155129986429,50
90650,-15.443983063892606,50
90700,-20.272562295806956,50
90750,-21.531551261780336,50
90800,-13.386719646607371,50
90850,-18.42519676219389,50
90900,-20.410752878259103,50
90950,-24.026039024527968,50
91000,-18.564259917618212,50
91050,-15.453332510442172,50
91100,-14.878609153721934,50
91150,-21.284371476633513,50
91200,-26.136200549348185,50
91250,-20.39919016286762,50
91300,-26.598198701093803,50
91350,-36.29392052757753,50
91400,-25.80010699872562,50
91450,-21.4009861453952,50
91500,-26.578509483907283,50
91550,-18.21017962635076,50
91600,-19.13892542767573,50
91650,-19.459755647934173,50
91700,-21.94410536683884,50
91750,-31.909794653311128,50
91800,-22.52559866760765,50
91850,-15.212140302062313,50
91900,-24.612744118506168,50
91950,-24.090100170922778,50
92000,-19.664462612768254,50
92050,-22.086996963095103,50
92100,-35.01886721771619,50
92150,-15.843557134883877,50
92200,-32.45052366340266,50
92250,-27.731919501067484,50
92300,-18.944831307376138,50
92350,-17.25171359454992,50
92400,-34.24045240195341,50
92450,-30.034942229475835,50
92500,-25.09189828526024,50
92550,-22.91967079926442,50
92600,-28.293717361004134,50
92650,-31.84401342468596,50
92700,-20.15816663971834,50
92750,-27.89358502849039,50
92800,-27.24254002364973,50
92850,-20.033331562716864,50
92900,-24.70964807109923,50
92950,-17.900740814058114,50
93000,-29.37907507315994,50
93050,-33.450881602000635,50
93100,-16.45885520874858,50
93150,-35.28472076580652,50
93200,-39.35100627802275,50
93250,-24.634987114977296,50
93300,-33.90753298855791,50
93350,-14.7720505982545,50
93400,-16.77806354237466,50
93450,-19.592006780122457,50
93500,-22.73484967391618,50
93550,-28.57128685233061,50
93600,-19.371866480251224,50
93650,-26.521718266622162,50
93700,-22.088091897659144,50
93750,-26.27748697941759,50
93800,-33.909182165295334,50
93850,-14.443085005968191,50
93900,-35.83659360945603,50
93950,-15.55410678547303,50
94000,-22.954531119615655,50
94050,-22.696818103294827,50
94100,-21.458212511402454,50
94150,-32.465024915031144,50
94200,-19.147679314912356,50
94250,-17.940259588621572,50
94300,-24.76238558571155,50
94350,-18.512940046192007,50
94400,-20.114087820545304,50
94450,-20.7798549533447,50
94500,-20.783223418471017,50
94550,-23.488585167859387,50
94600,-13.996636566023795,50
94650,-20.634704526996018,50
94700,-26.91313253845289,50
94750,-11.737703837897875,50
94800,-26.106285224654965,50
94850,-26.238271269283132,50
94900,-15.43996890768944,50
94950,-35.26603387969704,50
95000,-13.75643026188876,50
95050,-15.298996087092943,50
95100,-29.32475906755316,50
95150,-19.206895346879886,50
95200,-26.329589264142523,50
95250,-15.034847504606821,50
95300,-20.27859666143441,50
95350,-22.272320763923013,50
95400,-18.05697162630722,50
95450,-24.41718285020446,50
95500,-30.74444926505148,50
95550,-35.9050073343129,50
95600,-27.001661357804423,50
95650,-19.914589653449646,50
95700,-30.20665821750354,50
95750,-18.46862651704772,50
95800,-16.958470414733966,50
95850,-17.25751797233761,50
95900,-19.699661214092924,50
95950,-20.493619094378936,50
96000,-34.73972544049045,50
96050,-29.766387036961014,50
96100,-31.47415423176387,50
96150,-21.86156756176343,50
96200,-23.06992713784795,50
96250,-20.896189804804962,50
96300,-18.730463216145058,50
96350,-20.034190769355217,50
96400,-31.92584995225197,50
96450,-14.929967493126382,50
96500,-15.005943726335456,50
96550,-20.329424779675374,50
96600,-26.783953871855765,50
96650,-11.920982582998368,50
96700,-27.979637838716226,50
96750,-27.926191439975693,50
96800,-15.746114024650758,50
96850,-16.30257913409111,50
96900,-23.962485321589664,50
96950,-16.578146108459944,50
97000,-22.09278962393576,50
97050,-22.291930687264955,50
97100,-17.291813181817368,50
97150,-22.858304336207013,50
97200,-15.768397816344358,50
97250,-25.27248338948203,50
97300,-14.415831172030394,50
97350,-16.643709392416046,50
97400,-21.099190992651952,50
97450,-27.928036445540574,50
97500,-18.771073289089696,50
97550,-16.101392957890663,50
97600,-20.865191210646692,50
97650,-29.41012266836461,50
97700,-27.433867987936704,50
97750,-21.69969630346306,50
97800,-20.450652634445714,50
97850,-32.62565691386147,50
97900,-19.253421204451868,50
97950,-17.25661341671923,50
98000,-24.825760017527013,50
98050,-16.23953271747173,50
98100,-16.703247167184728,50
98150,-21.63075946495687,50
98200,-30.108847307583133,50
98250,-28.805170507544094,50
98300,-26.490650122757327,50
98350,-22.711615381044442,50
98400,-27.162308946987157,50
98450,-12.212136428125069,50
98500,-14.748720022601466,50
98550,-20.03128786104548,50
98600,-26.027218678863086,50
98650,-32.47912704165751,50
98700,-18.187059564120887,50
98750,-22.899392446697366,50
98800,-24.230402479056536,50
98850,-25.456352902065955,50
98900,-22.5360549729058,50
98950,-18.63417075349574,50
99000,-14.803134898148073,50
99050,-20.04643516490382,50
99100,-18.542209039196994,50
99150,-15.781399107418627,50
99200,-31.331473447789975,50
99250,-16.394096925796617,50
99300,-17.169343452760526,50
99350,-23.325218446429467,50
99400,-16.419075637061606,50
99450,-17.47373097028876,50
99500,-24.126981199885826,50
99550,-33.321320162738765,50
99600,-19.169439957008922,50
99650,-26.743934459408866,50
99700,-16.23134186862124,50
99750,-21.58461670634715,50
99800,-16.183072937923953,50
99850,-22.000998326342874,50
99900,-26.625887241476207,50
99950,-17.119619011251807,50
100000,-32.06033815887397,50
100050,-19.868645468898883,50
100100,-23.837246325459216,50
100150,-24.125179461592314,50
100200,-31.696563950779247,50
100250,-24.919382498132194,50
100300,-19.286608972321847,50
100350,-27.896736126870607,50
100400,-14.164563265060929,50
100450,-11.25244756989952,50
100500,-18.397389167544212,50
100550,-21.79871967812854,50
100600,-13.415978009616143,50
100650,-29.684393265250485,50
100700,-12.381880036202494,50
100750,-20.006188684050393,50
100800,-16.191230334978087,50
100850,-18.963051662443238,50
100900,-19.07534291417213,50
100950,-17.473356717556143,50
101000,-25.65337600579581,50
101050,-15.069366187860934,50
101100,-13.939972172441399,50
101150,-27.662082930609444,50
101200,-17.91315394064869,50
101250,-20.360318768500036,50
101300,-14.904350893060931,50
101350,-21.259832854143262,50
101400,-28.321804350427055,50
101450,-31.373126445538634,50
101500,-12.640810428620405,50
101550,-30.16198190084087,50
101600,-14.648031052132767,50
101650,-18.420405816440766,50
101700,-26.227301050033024,50
101750,-23.447108958330862,50
101800,-22.03054145393974,50
101850,-12.882279561454757,50
101900,-22.78504488792306,50
101950,-20.972356084050865,50
102000,-12.500429588460182,50
102050,-19.430837208260133,50
102100,-28.08194992668943,50
102150,-14.504139770898322,50
102200,-27.44106676193933,50
102250,-23.28901311867623,50
102300,-17.24508452167146,50
102350,-14.348072401423718,50
102400,-14.716062933736058,50
102450,-31.454020632251872,50
102500,-16.56169633901881,50
102550,-26.28560698514951,50
102600,-16.81260993164765,50
102650,-24.046219843884685,50
102700,-21.208399652455032,50
102750,-12.421973413013742,50
102800,-14.360741718032408,50
102850,-13.114641987115164,50
102900,-20.51209003924975,50
102950,-18.703102616993416,50
103000,-22.16398778298985,50
103050,-17.63672122929913,50
103100,-13.939333721900613,50
103150,-24.396641479165144,50
103200,-25.126556584895578,50
103250,-18.360635123607544,50
103300,-13.866649731264935,50
103350,-12.88124078933916,50
103400,-20.83987810094513,50
103450,-23.265246828818263,50
103500,-12.357201426284298,50
103550,-16.158188811166664,50
103600,-17.219642116705298,50
103650,-19.48770112098497,50
103700,-13.643508187918457,50
103750,-21.439477804814125,50
103800,-23.076681157725886,50
103850,-16.07227669084131,50
103900,-16.702766053569555,50
103950,-22.47122442525043,50
104000,-11.873540492656051,50
104050,-16.2945701744967,50
104100,-11.452131864610502,50
104150,-11.457824778496093,50
104200,-16.717448513581285,50
104250,-21.15028078723642,50
104300,-29.745750080343832,50
104350,-18.703523749659475,50
104400,-22.473317080943083,50
104450,-14.641921749555621,50
104500,-25.673592279636118,50
104550,-24.758322182442107,50
104600,-15.718366793163517,50
104650,-13.92175836055402,50
104700,-9.822274548657303,50
104750,-24.999546768759853,50
104800,-21.813637950590987,50
104850,-19.632387685591016,50
104900,-18.833112732375042,50
104950,-19.19271438491937,50
105000,-16.58187173145527,50
105050,-21.110828295268767,50
105100,-16.457104999790122,50
105150,-18.083626312539135,50
105200,-16.697572831215176,50
105250,-16.29209924463539,50
105300,-16.153549720909258,50
105350,-15.484141400669259,50
105400,-29.37618043662649,50
105450,-27.40280002995591,50
105500,-13.633157052741092,50
105550,-15.321645967242153,50
105600,-17.325986784948714,50
105650,-13.013566657539695,50
105700,-25.916325136948487,50
105750,-16.451898626471028,50
105800,-17.282729291564557,50
105850,-12.660067926588834,50
105900,-16.914216383899813,50
105950,-24.276346517828863,50
106000,-22.45060287395306,50
106050,-20.91246052462286,50
106100,-16.802328738070376,50
106150,-17.49026407386979,50
106200,-17.155061648185324,50
106250,-11.817632038036736,50
106300,-27.016444268179484,50
106350,-19.10806422759525,50
106400,-26.45630088748008,50
106450,-22.246765324789724,50
106500,-17.781920631930017,50
106550,-23.60232450554558,50
106600,-31.217945609783847,50
106650,-17.574106410973254,50
106700,-16.077438816814865,50
106750,-26.655999751210096,50
106800,-15.920860392490223,50
106850,-15.310675807410643,50
106900,-12.639296417118853,50
106950,-13.239258880728848,50
107000,-14.280263371502489,50
107050,-14.047714390873198,50
107100,-20.299873344467535,50
107150,-22.17298571784002,50
107200,-17.115723207865774,50
107250,-22.24792037106783,50
107300,-20.413383274574034,50
107350,-14.263684648972651,50
107400,-16.650512090921524,50
107450,-12.663965232605028,50
107500,-21.24490236127428,50
107550,-12.404545375486942,50
107600,-14.316312813345043,50
107650,-26.896580896150766,50
107700,-14.767216325962153,50
107750,-13.651371220494879,50
107800,-23.517751319766898,50
107850,-12.138701244845066,50
107900,-25.780735251140936,50
107950,-14.45425684900144,50
108000,-13.618471562155834,50
108050,-20.187540048241107,50
108100,-14.802999189670432,50
108150,-12.74827133164186,50
108200,-28.030153400166242,50
108250,-17.741912534935484,50
108300,-21.60594181636227,50
108350,-21.764929163319326,50
108400,-15.628462109836116,50
108450,-16.060038166332834,50
108500,-16.474107293379262,50
108550,-13.167274340737015,50
108600,-12.514638600187258,50
108650,-14.02197380948272,50
108700,-23.854669936571415,50
108750,-19.309337722460537,50
108800,-14.479113722304906,50
108850,-17.113956244719528,50
108900,-15.645942282789008,50
108950,-25.225607867207987,50
109000,-20.609848226776194,50
109050,-27.00291409611759,50
109100,-11.295897093574315,50
109150,-26.410380724317555,50
109200,-27.169190852265352,50
109250,-17.151613047172493,50
109300,-12.033614916298564,50
109350,-10.646652667964355,50
109400,-15.432451888533752,50
109450,-19.15517939919865,50
109500,-28.885255181232434,50
109550,-16.971820747234442,50
109600,-20.04576894529116,50
109650,-16.04845257355489,50
109700,-27.097393516000515,50
109750,-12.309844646330177,50
109800,-17.76192513660834,50
109850,-15.056101447605112,50
109900,-11.71398273667285,50
109950,-13.481476757018322,50
110000,-14.788116349804218,50
110050,-20.057667966123237,50
110100,-19.610542650740445,50
110150,-26.183690646614924,50
110200,-10.841952567655936,50
110250,-16.100580753291457,50
110300,-25.58844500911944,50
110350,-18.048383745130064,50
110400,-21.17704716936897,50
110450,-18.13627268706803,50
110500,-18.36982589943961,50
110550,-12.717368621413973,50
110600,-24.130948117260708,50
110650,-23.491082445876064,50
110700,-21.979146260444377,50
110750,-24.18358310963366,50
110800,-11.142556051484778,50
110850,-24.072409657986107,50
110900,-14.247292166650714,50
110950,-12.207727748317238,50
111000,-21.8190529708836,50
111050,-14.73395362705043,50
111100,-18.066802919856492,50
111150,-27.323769029313567,50
111200,-17.016838321445423,50
111250,-15.42647889926514,50
111300,-26.007805967742346,50
111350,-16.164682948719335,50
111400,-20.22106483429689,50
111450,-17.61725055093361,50
111500,-15.869877840494585,50
111550,-15.07955475487405,50
111600,-17.46114048703861,50
111650,-12.726825158425763,50
111700,-17.93325087558485,50
111750,-28.139552985620238,50
111800,-11.112080044183768,50
111850,-27.592164493567665,50
111900,-10.012090937082991,50
111950,-19.14921510710675,50
112000,-24.08096600740233,50
112050,-15.481483287382211,50
112100,-28.026489741408366,50
112150,-19.49854000743301,50
112200,-18.379282939491905,50
112250,-15.026732520782577,50
112300,-13.66886500385492,50
112350,-12.102379066151016,50
112400,-19.131460079407322,50
112450,-16.32801729322458,50
112500,-26.88576956198669,50
112550,-11.018369887222073,50
112600,-19.096461345069518,50
112650,-16.01237115826284,50
112700,-11.854082922105576,50
112750,-15.213767401537455,50
112800,-20.623217899861984,50
112850,-16.216299933656575,50
112900,-20.04597341744689,50
112950,-13.249962221925356,50
113000,-18.55920790717631,50
113050,-23.910950398523223,50
113100,-22.61620300603438,50
113150,-20.294593674336028,50
113200,-21.009550830998663,50
113250,-19.716340277318803,50
113300,-13.87451230510952,50
113350,-12.03181102400549,50
113400,-26.097644119038765,50
113450,-18.705218975406797,50
113500,-13.544708596327057,50
113550,-9.903395406079653,50
113600,-10.450089491451678,50
113650,-21.378495151820577,50
113700,-12.921942189472082,50
113750,-13.882032182718646,50
113800,-13.740936527094453,50
113850,-29.488051953696857,50
113900,-13.357922844140893,50
113950,-13.761237387279573,50
114000,-14.460827085398616,50
114050,-13.412704934540354,50
114100,-11.028928221333235,50
114150,-29.295808610901595,50
114200,-16.70423136037949,50
114250,-28.907280133814066,50
114300,-16.573275366964122,50
114350,-23.767300486207475,50
114400,-12.419944911769177,50
114450,-19.524166091925167,50
114500,-12.133038386159061,50
114550,-12.531349404344631,50
114600,-23.669369733564515,50
114650,-11.884174301258305,50
114700,-21.712533372476152,50
114750,-10.328189546562534,50
114800,-17.20659186736398,50
114850,-11.108558451614291,50
114900,-18.652616137063603,50
114950,-11.051828534372147,50
115000,-11.494884359346571,50
115050,-24.0235971285671,50
115100,-11.403882980863637,50
115150,-19.710514909381953,50
115200,-10.883552864177732,50
115250,-26.17149109056821,50
115300,-13.218072236872231,50
115350,-11.647776595721016,50
115400,-20.288572586062195,50
115450,-19.172161277388106,50
115500,-17.71895888550378,50
115550,-26.347404450695805,50
115600,-23.93207687029191,50
115650,-11.469492731236407,50
115700,-14.765639637878394,50
115750,-12.051041246446376,50
115800,-18.421344894439375,50
115850,-15.191311741907699,50
115900,-26.13706636787949,50
115950,-27.30474207440289,50
116000,-14.425760800075821,50
116050,-20.124473318650043,50
116100,-23.59924195325113,50
116150,-16.339425227691862,50
116200,-10.5371405752535,50
116250,-17.78877754838423,50
116300,-14.191056712654452,50
116350,-16.90404262377522,50
116400,-23.404290299929894,50
116450,-13.153894623542312,50
116500,-14.78838062295088,50
116550,-18.719359885730892,50
116600,-12.783803981091708,50
116650,-14.421689886509057,50
116700,-10.054913897231838,50
116750,-26.353629176489,50
116800,-18.769696296244042,50
116850,-13.432836671482361,50
116900,-15.447183113092079,50
116950,-18.810205941317292,50
117000,-14.094651080726246,50
117050,-12.90508635327404,50
117100,-13.573658195029754,50
117150,-14.508880215208702,50
117200,-17.852048783685426,50
117250,-13.022536137499092,50
117300,-16.87871872286756,50
117350,-16.95699041853048,50
117400,-18.015405232244333,50
117450,-10.543141893224895,50
117500,-19.412284188511446,50
117550,-16.014778641653795,50
117600,-24.63998995334142,50
117650,-18.929000491198746,50
117700,-11.580900520593367,50
117750,-21.94445829055765,50
117800,-13.407546674885976,50
117850,-20.992707244604663,50
117900,-18.976926056367784,50
117950,-10.503053703575738,50
118000,-20.160855836127855,50
118050,-23.99016438743045,50
118100,-21.171058178622584,50
118150,-22.714227206228827,50
118200,-26.798464784375955,50
118250,-15.17921832496392,50
118300,-14.369514262734853,50
118350,-15.229707964485723,50
118400,-12.996034505197807,50
118450,-29.49932835124413,50
118500,-23.181116902193402,50
118550,-9.249082720886515,50
118600,-18.156971902975737,50
118650,-11.252929672905129,50
118700,-15.642103869266828,50
118750,-19.6781822651797,50
118800,-12.513193266170953,50
118850,-15.291996729225895,50
118900,-26.60750877864368,50
118950,-13.070713682314098,50
119000,-19.666711865797012,50
119050,-19.17916170802051,50
119100,-12.052027449944417,50
119150,-11.328801853823943,50
119200,-15.332428630488396,50
119250,-12.31878681935143,50
119300,-10.431659469865485,50
119350,-22.37082828750758,50
119400,-16.5062065689681,50
119450,-14.0488587067969,50
119500,-14.898216285967134,50
119550,-18.236676288905294,50
119600,-18.92769718422387,50
119650,-26.24745255692837,50
119700,-18.384572490725528,50
119750,-26.43461020862843,50
119800,-28.02877947024823,50
119850,-18.346576506939176,50
119900,-13.961427190917824,50
119950,-13.587879106913494,50
120000,-16.283602576927848,50
120050,-22.345627772554476,50
120100,-10.76836113605454,50
120150,-17.414483009268697,50
120200,-11.74559157031096,50
120250,-10.799897407629185,50
120300,-14.959997523531054,50
120350,-16.57104683969129,50
120400,-22.848046460580328,50
120450,-17.738525854633817,50
120500,-21.22359281485058,50
120550,-13.542023339910939,50
120600,-26.317957731443524,50
120650,-21.498326664457082,50
120700,-20.04765369403231,50
120750,-12.720590509048568,50
120800,-21.4284056576704,50
120850,-15.590905147982545,50
120900,-9.727654492352254,50
120950,-18.014865081234472,50
121000,-10.789791386842705,50
121050,-17.009308289207198,50
121100,-22.404007078701493,50
121150,-16.656161694947077,50
121200,-14.373319949466142,50
121250,-8.896132780810985,50
121300,-11.894597738496657,50
121350,-16.139273293801175,50
121400,-10.621278904016782,50
121450,-17.64134260379208,50
121500,-28.41064717185817,50
121550,-24.67914923631344,50
121600,-24.091084618216264,50
121650,-11.61664723782417,50
121700,-19.903715800228728,50
121750,-19.094238539654793,50
121800,-12.923727524657066,50
121850,-20.052808530038746,50
121900,-24.86196891398077,50
121950,-10.32007903799209,50
122000,-14.653492160762745,50
122050,-12.774267693558393,50
122100,-26.8078417546515,50
122150,-15.134424273323045,50
122200,-15.752460610486303,50
122250,-28.970425346455844,50
122300,-12.822773973123141,50
122350,-19.831466046591178,50
122400,-9.645797265288751,50
122450,-26.61744540416986,50
122500,-21.214229556359193,50
122550,-10.108451734211235,50
122600,-25.131104605341857,50
122650,-16.089850998808945,50
122700,-10.544255752528713,50
122750,-10.061144265619811,50
122800,-12.970166226570239,50
122850,-20.31253534111178,50
122900,-15.353596222946582,50
122950,-28.86069903759906,50
123000,-10.60303316860674,50
123050,-11.101746347439473,50
123100,-14.802910488758885,50
123150,-19.368574230932637,50
123200,-17.16780611113116,50
123250,-9.548896671175582,50
123300,-26.197578360768446,50
123350,-9.556677606332421,50
123400,-19.076327416305794,50
123450,-15.884427582393954,50
123500,-27.403437074139617,50
123550,-28.53220546570845,50
123600,-12.824978988690065,50
123650,-26.413517304396358,50
123700,-16.264409615138177,50
123750,-12.140992111005163,50
123800,-21.513357593061546,50
123850,-16.424375207365287,50
123900,-9.220742768436521,50
123950,-11.034576613215389,50
124000,-21.197150212238476,50
124050,-9.654471225997415,50
124100,-19.002950677003316,50
124150,-21.223786160369556,50
124200,-16.952449336591503,50
124250,-10.1267219882409,50
124300,-15.274074365041466,50
124350,-15.205049513084923,50
124400,-20.447704293994097,50
124450,-10.074006888797015,50
124500,-17.325557566663328,50
124550,-13.139836668480386,50
124600,-17.572749233057436,50
124650,-11.21350139233609,50
124700,-22.113170108170117,50
124750,-21.41393583711657,50
124800,-22.70805368846926,50
124850,-9.839485195387445,50
124900,-11.579484497820772,50
124950,-19.60802723965161,50
125000,-8.91295514689745,50
125050,-15.869037895474948,50
125100,-19.08902635849863,50
125150,-11.82802255023797,50
125200,-10.874290844738796,50
125250,-11.397407077492497,50
125300,-9.44415816610329,50
125350,-9.451057546586217,50
125400,-21.090291251945867,50
125450,-18.727952318915552,50
125500,-9.88398307660479,50
125550,-16.440842042071193,50
125600,-18.354087575603604,50
125650,-9.76999055602889,50
125700,-13.446015583844696,50
125750,-12.380202268068237,50
125800,-9.912504028505277,50
125850,-22.476848191320535,50
125900,-10.051438177566457,50
125950,-11.137892761126345,50
126000,-12.876957117685581,50
126050,-23.12960575456549,50
126100,-15.006653932077677,50
126150,-10.521246511271983,50
126200,-9.91154986127371,50
126250,-14.781457261840119,50
126300,-18.61423221239738,50
126350,-12.877073462596323,50
126400,-19.0577848614854,50
126450,-21.993118149352487,50
126500,-9.736537410346592,50
126550,-9.815031172627855,50
126600,-15.749697415407933,50
126650,-15.355653959851727,50
126700,-10.337748760832282,50
126750,-17.375327583576798,50
126800,-10.410756194170096,50
126850,-16.45011223664001,50
126900,-19.141394299660725,50
126950,-23.89009775914549,50
127000,-10.099907902123935,50
127050,-20.97839364774353,50
127100,-25.752182036400345,50
127150,-8.836732435723615,50
127200,-10.193331912772008,50
127250,-10.614524211189915,50
127300,-13.865448784238371,50
127350,-10.696734606068622,50
127400,-12.936371449293349,50
127450,-18.07851148521627,50
127500,-11.559207129170796,50
127550,-20.42060156130098,50
127600,-15.770541652194128,50
127650,-22.930385261791816,50
127700,-11.409597222478334,50
127750,-11.460836854008244,50
127800,-22.94717207208222,50
127850,-9.675304620263843,50
127900,-13.38047309832291,50
127950,-12.004919102481384,50
128000,-17.04042080799833,50
128050,-16.409556254025574,50
128100,-20.276376511599505,50
128150,-9.991375469712223,50
128200,-9.694764054309012,50
128250,-13.401601775922552,50
128300,-11.172114831972863,50
128350,-18.18300095487452,50
128400,-9.066139276752214,50
128450,-13.497021179841845,50
128500,-12.364536151514091,50
128550,-12.960717460054418,50
128600,-25.230680791410947,50
128650,-17.846245625269216,50
128700,-16.998464579544166,50
128750,-15.964428616456683,50
128800,-26.062788965199562,50
128850,-10.007661468915346,50
128900,-12.956457833934511,50
128950,-9.851293151727466,50
129000,-11.863950110687956,50
129050,-15.627620123754928,50
129100,-13.594568403169754,50
129150,-22.376367081402055,50
129200,-18.328691743862212,50
129250,-15.750397664490462,50
129300,-20.742876935821474,50
129350,-16.81501100273431,50
129400,-13.23540274506988,50
129450,-12.275227736229768,50
129500,-13.644426379766953,50
129550,-11.999896253844707,50
129600,-12.524111636368788,50
129650,-9.227970993231432,50
129700,-11.98187867285591,50
129750,-14.801778801942147,50
129800,-13.749593230067957,50
129850,-12.195187181993498,50
129900,-9.918961174718286,50
129950,-20.22626551081056,50
130000,-9.042191570062235,50
130050,-11.098358832794467,50
130100,-20.180659918886843,50
130150,-9.004711497669343,50
130200,-11.793018199307458,50
130250,-8.848429614061043,50
130300,-12.38625306551044,50
130350,-21.541365679382203,50
130400,-11.541908191934596,50
130450,-8.453568774520345,50
130500,-23.83447259901142,50
130550,-12.56504297753926,50
130600,-14.750876567256455,50
130650,-17.53665143146994,50
130700,-23.5592589959008,50
130750,-12.40678898176569,50
130800,-15.072089649093613,50
130850,-13.10081312751061,50
130900,-11.92739933352248,50
130950,-8.94333771532539,50
131000,-23.740270434714603,50
131050,-21.947490755351726,50
131100,-13.133556877397824,50
131150,-17.352952249507613,50
131200,-17.218200826896542,50
131250,-9.337945935199446,50
131300,-12.277909330296005,50
131350,-10.492699880444578,50
131400,-15.124188812628493,50
131450,-21.69398852979608,50
131500,-26.5797096945497,50
131550,-13.827877164909715,50
131600,-15.622874210928309,50
131650,-22.269397697889232,50
131700,-11.904301098372096,50
131750,-16.418500608984868,50
131800,-10.750595229553497,50
131850,-12.012129349375696,50
131900,-13.016898814082127,50
131950,-15.829930472960896,50
132000,-23.520639878812947,50
132050,-8.938447179924893,50
132100,-18.1730603039916,50
132150,-8.564747973173409,50
132200,-18.49009321198631,50
132250,-12.062679133473553,50
132300,-10.631309826410442,50
132350,-17.33532608719638,50
132400,-13.335355541609607,50
132450,-24.375923986566704,50
132500,-11.923999566936597,50
132550,-8.692258864177198,50
132600,-22.891603363278108,50
132650,-9.479145375268985,50
132700,-17.243904926518386,50
132750,-10.909638223799384,50
132800,-14.791955069285507,50
132850,-16.598731055460636,50
132900,-23.947334416850264,50
132950,-15.135086063290347,50
133000,-19.83102618362004,50
133050,-8.531827597076887,50
133100,-21.99156444435531,50
133150,-13.72296614177926,50
133200,-9.143218235282049,50
133250,-12.867840520267983,50
133300,-20.12855146453874,50
133350,-7.661340851818466,50
133400,-16.79069262361792,50
133450,-10.970744137955394,50
133500,-10.27214312592999,50
133550,-19.02695990513167,50
133600,-14.269115486445145,50
133650,-21.509105748301266,50
133700,-12.731567508966627,50
133750,-8.611762088163147,50
133800,-15.66833433465817,50
133850,-15.174450791835442,50
133900,-18.786561246751358,50
133950,-19.93726610976624,50
134000,-11.169119368284457,50
134050,-14.239403617222834,50
134100,-14.482908475226472,50
134150,-11.594256512183485,50
134200,-20.110791348869686,50
134250,-14.280900137786835,50
134300,-12.222708539176462,50
134350,-12.244489605716936,50
134400,-18.87714956089386,50
134450,-11.508254344149451,50
134500,-11.250566934525452,50
134550,-22.975919203362274,50
134600,-8.728087605315027,50
134650,-16.256170727163397,50
134700,-15.169157175993805,50
134750,-9.996475560076528,50
134800,-23.970382712804582,50
134850,-14.138443975711509,50
134900,-18.71414277065547,50
134950,-22.298142020359222,50
135000,-9.479641006229873,50
135050,-10.907645939897366,50
135100,-17.453337318706037,50
135150,-11.304701590466628,50
135200,-10.92790291832042,50
135250,-9.218142544342639,50
135300,-10.96731101292583,50
135350,-12.638757241900656,50
135400,-12.883625110688524,50
135450,-8.468784790771966,50
135500,-19.622573674043824,50
135550,-12.784913484959828,50
135600,-17.029466711344575,50
135650,-11.385495462471217,50
135700,-12.600401989946503,50
135750,-10.956013250090411,50
135800,-15.47290400841384,50
135850,-19.624403288609532,50
135900,-8.694131912858959,50
135950,-12.835074461083488,50
136000,-11.128009787309855,50
136050,-18.4235289257548,50
136100,-9.206119305102986,50
136150,-12.342247324121892,50
136200,-10.147476371041721,50
136250,-10.091964882724563,50
136300,-10.382683302588514,50
136350,-14.937837708215426,50
136400,-8.962051537535398,50
136450,-11.362949764534463,50
136500,-10.198845586818964,50
136550,-11.858532393567927,50
136600,-9.72042685622852,50
136650,-9.21348955904377,50
136700,-16.254902796919325,50
136750,-16.610229300327774,50
136800,-8.809853084273252,50
136850,-14.06786094608129,50
136900,-10.217686615572694,50
136950,-20.09750589248597,50
137000,-8.345635401185357,50
137050,-20.41008357324101,50
137100,-14.560256994979527,50
137150,-15.94462267967708,50
137200,-17.116681308605642,50
137250,-13.709167724285301,50
137300,-17.947443006600544,50
137350,-16.17751972300807,50
137400,-17.126096835984974,50
137450,-14.262282345307298,50
137500,-14.970234770833388,50
137550,-19.530700869275986,50
137600,-10.1180399673115,50
137650,-19.67958627174691,50
137700,-16.471873219796468,50
137750,-12.911249672155941,50
137800,-13.15346187430884,50
137850,-10.837032608701218,50
137900,-18.488851907044822,50
137950,-13.370632465652921,50
138000,-24.71713122397589,50
138050,-13.111367428562623,50
138100,-10.644744072335964,50
138150,-9.950627163987372,50
138200,-22.24226286831395,50
138250,-10.021082833980685,50
138300,-14.503111766323794,50
138350,-13.234120462353038,50
138400,-17.823287072113274,50
138450,-11.38794970748355,50
138500,-16.388870382609245,50
138550,-19.330808685903712,50
138600,-8.914169742847799,50
138650,-22.335821735457348,50
138700,-12.486063367460059,50
138750,-13.429558160849643,50
138800,-21.800089060601152,50
138850,-21.34764332767118,50
138900,-16.01857004217733,50
138950,-19.926666996290475,50
139000,-17.26576062147263,50
139050,-21.986116616555464,50
139100,-10.322489675199929,50
139150,-18.833850748033846,50
139200,-20.428144470391835,50
139250,-15.067010637798253,50
139300,-14.657335246926467,50
139350,-19.69611524080764,50
139400,-16.061986183725317,50
139450,-19.394090955389665,50
139500,-10.923856005342412,50
139550,-8.176342507417067,50
139600,-12.575639845810047,50
139650,-8.88970534490386,50
139700,-11.826122548408936,50
139750,-14.102131561308475,50
139800,-22.54865746749541,50
139850,-20.82062994858426,50
139900,-10.901568164357716,50
139950,-14.067448768632826,50
140000,-14.066559076212616,50
140050,-13.565441070867188,50
140100,-16.843339688708387,50
140150,-9.952533590089741,50
140200,-18.96329220147593,50
140250,-13.635560538262904,50
140300,-16.983852189649596,50
140350,-11.945225219986222,50
140400,-9.335423219817109,50
140450,-21.206509596102727,50
140500,-17.16419599670251,50
140550,-11.244507374862753,50
140600,-22.158845462951483,50
140650,-15.70746900647066,50
140700,-19.99808336754585,50
140750,-13.910294071815606,50
140800,-19.259447410424176,50
140850,-20.39415657790773,50
140900,-19.336129676411407,50
140950,-20.814236639148742,50
141000,-11.936789810767245,50
141050,-16.255700813562303,50
141100,-11.955003343612352,50
141150,-16.530144802821926,50
141200,-13.456903269150734,50
141250,-11.290830819776364,50
141300,-18.81918130624948,50
141350,-9.524788671244114,50
141400,-12.62720081749356,50
141450,-13.135088271295896,50
141500,-16.3494277666273,50
141550,-11.196843286593978,50
141600,-8.524877485727488,50
141650,-12.612621156940353,50
141700,-9.320964432888424,50
141750,-21.03175181047015,50
141800,-22.11282368849527,50
141850,-13.157265091025847,50
141900,-10.316751201574508,50
141950,-9.595038114394155,50
142000,-15.367814060643235,50
142050,-21.08452317473398,50
142100,-18.06382134933243,50
142150,-18.60142636439058,50
142200,-9.359847101386071,50
142250,-7.863009260563217,50
142300,-9.284715880777076,50
142350,-9.306024005769592,50
142400,-18.867566441635777,50
142450,-12.220547241402032,50
142500,-8.93298697926449,50
142550,-22.098293374650588,50
142600,-18.22430868231808,50
142650,-18.81722612505623,50
142700,-14.966525329080184,50
142750,-9.647537529543637,50
142800,-12.63720126269602,50
142850,-14.74153134304543,50
142900,-22.803251139517055,50
142950,-14.379247643038203,50
143000,-16.93544452638574,50
143050,-7.670078169541057,50
143100,-20.817771088118942,50
143150,-17.076004367860705,50
143200,-17.237175280704925,50
143250,-10.10884028018943,50
143300,-20.54130402442939,50
143350,-17.363853367420514,50
143400,-15.707763186194923,50
143450,-8.03834059533094,50
143500,-16.161986129296537,50
143550,-20.65636624513062,50
143600,-8.929139884266455,50
143650,-7.921224047924529,50
143700,-9.058586243715164,50
143750,-15.444218597143177,50
143800,-7.6871926278601785,50
143850,-17.31323052493986,50
143900,-17.82428720033432,50
143950,-9.081932379824497,50
144000,-9.39180085703617,50
144050,-10.475379230125439,50
144100,-14.648551089163005,50
144150,-11.743238835405135,50
144200,-8.622469570054413,50
144250,-11.793056689667798,50
144300,-16.591526333016496,50
144350,-17.079063130703652,50
144400,-17.106653388270573,50
144450,-17.04394311043997,50
144500,-9.115538277653556,50
144550,-11.79318789407664,50
144600,-13.238255967323704,50
144650,-13.494694189668174,50
144700,-14.268663939913788,50
144750,-9.311300363466318,50
144800,-9.651715006592609,50
144850,-20.36704318614611,50
144900,-15.827071461599635,50
144950,-12.368079857383584,50
145000,-18.527069272233877,50
145050,-13.755066838236974,50
145100,-12.240248021064602,50
145150,-18.965596109414633,50
145200,-22.435144522165444,50
145250,-14.286854559615417,50
145300,-8.313032781513586,50
145350,-11.65564563441564,50
145400,-8.542616890458337,50
145450,-13.586907916723666,50
145500,-8.880409564843827,50
145550,-11.48978036650411,50
145600,-16.543380490033538,50
145650,-9.384711005053095,50
145700,-12.503626468395067,50
145750,-15.081991520849485,50
145800,-16.70038308828034,50
145850,-18.959355470953327,50
145900,-16.4056380051194,50
145950,-18.376839234402524,50
146000,-8.836407824007418,50
146050,-8.561912832205444,50
146100,-9.1845024641712,50
146150,-15.32025338843462,50
146200,-18.61245805015883,50
146250,-9.345681570297431,50
146300,-16.5217769005333,50
146350,-8.444234045950331,50
146400,-10.51027412622372,50
146450,-13.510261564971707,50
146500,-8.668709603731816,50
146550,-19.135927832692133,50
146600,-11.165126090079509,50
146650,-6.877706379685152,50
146700,-13.011950583910341,50
146750,-9.749635330139288,50
146800,-16.863792659651086,50
146850,-9.63027503849398,50
146900,-12.690414222820374,50
146950,-9.081068024742866,50
147000,-10.747554808587799,50
147050,-16.90027438068698,50
147100,-19.288958821205586,50
147150,-10.662422799060828,50
147200,-19.7707242802922,50
147250,-16.038830290404206,50
147300,-12.453497206387926,50
147350,-10.962124213129435,50
147400,-14.97228492902143,50
147450,-17.792591992427848,50
147500,-11.290934875583444,50
147550,-10.24147736064596,50
147600,-9.653277711441733,50
147650,-11.09017352365097,50
147700,-23.213274446952454,50
147750,-8.75866836431597,50
147800,-8.060927122083699,50
147850,-12.646388124036179,50
147900,-12.677098566772488,50
147950,-14.744791013624651,50
148000,-8.871801189450062,50
148050,-20.44391714855322,50
148100,-10.32986750053785,50
148150,-8.64666703418709,50
148200,-16.235888585190036,50
148250,-17.303986605515895,50
148300,-13.146124894566807,50
148350,-8.050392207859833,50
148400,-10.890955884515293,50
148450,-13.771813317957397,50
148500,-18.26136365403876,50
148550,-10.573016151029888,50
148600,-10.776322671102784,50
148650,-18.508186138962078,50
148700,-7.719513735949644,50
148750,-7.513233337295139,50
148800,-11.104279695674915,50
148850,-17.499620298776623,50
148900,-10.774844125377397,50
148950,-14.3407966752416,50
149000,-9.460134441352984,50
149050,-17.206694252163416,50
149100,-15.78944624568701,50
149150,-9.186800658637868,50
149200,-11.049272864986001,50
149250,-12.209802878245872,50
149300,-22.053813980383808,50
149350,-17.879482111137257,50
149400,-7.573525349229666,50
149450,-12.145298619749955,50
149500,-11.186520128738842,50
149550,-16.173036368657534,50
149600,-9.912021679176526,50
149650,-19.921175981853352,50
149700,-17.075806776894666,50
149750,-8.220322477768207,50
149800,-14.718799462008377,50
149850,-8.248882004503253,50
149900,-7.441473825044786,50
149950,-12.426228640711638,50
150000,-9.333495658884486,50
150050,-18.44737895364023,50
150100,-9.773662889642663,50
150150,-18.22211526387482,50
150200,-10.388932715705202,50
150250,-16.76590523232015,50
150300,-18.96302049446647,50
150350,-12.747798832294741,50
150400,-11.88554123373411,50
150450,-9.05170762843235,50
150500,-11.825144327581002,50
150550,-16.57286772340436,50
150600,-13.608489668804966,50
150650,-8.46629798554864,50
150700,-17.058740974745177,50
150750,-12.296269168250511,50
150800,-10.308616527752584,50
150850,-8.665404951472327,50
150900,-8.061670467461157,50
150950,-7.740480846022887,50
151000,-20.419632407803444,50
151050,-18.167107726233258,50
151100,-17.24416118712975,50
151150,-19.767130483517963,50
151200,-10.342194052739318,50
151250,-18.667123256046924,50
151300,-7.853720137887517,50
151350,-9.31948724798159,50
151400,-15.575442042096473,50
151450,-23.773665124072792,50
151500,-11.657401897003057,50
151550,-8.169125412328617,50
151600,-11.796144880596042,50
151650,-21.70030224335401,50
151700,-16.08495815861979,50
151750,-13.786050292487788,50
151800,-9.92656039644598,50
151850,-14.220887490152629,50
151900,-9.595188709848598,50
151950,-18.117276992382877,50
152000,-12.04115572744552,50
152050,-8.410856684248117,50
152100,-18.53518784399997,50
152150,-11.622695574618488,50
152200,-15.007443110725047,50
152250,-15.136643586076584,50
152300,-7.366488684931387,50
152350,-19.782417015430646,50
152400,-16.518528178970357,50
152450,-18.835100629659447,50
152500,-11.20686269362065,50
152550,-14.958455752428144,50
152600,-17.981398223765872,50
152650,-11.52089273963578,50
152700,-11.217444197446047,50
152750,-21.526989565894787,50
152800,-10.901863314871585,50
152850,-11.698792947943312,50
152900,-14.619000208296326,50
152950,-11.848215766648115,50
153000,-13.176504368394058,50
153050,-17.017441463784344,50
153100,-13.984164805743632,50
153150,-7.944838753992112,50
153200,-3.9280943795333547,50
153250,-16.72865940694611,50
153300,-14.230392948349118,50
153350,-19.44508430278699,50
153400,-15.03942642937553,50
153450,-14.158817398141126,50
153500,-11.44010672040677,50
153550,-6.280253217626476,50
153600,-5.67700781990527,50
153650,-10.503908175425188,50
153700,-20.75079654066005,50
153750,-16.188854935460608,50
153800,-13.441593283543378,50
153850,-13.172534781402145,50
153900,-12.392721232675068,50
153950,-8.033904624884775,50
154000,-17.38612408100471,50
154050,-7.765630293977098,50
154100,-11.571477339969551,50
154150,-9.88065531221983,50
154200,-14.217200616510977,50
154250,-9.552755522462288,50
154300,-20.070361608249456,50
154350,-14.926407651079105,50
154400,-20.825399027963222,50
154450,-20.610648522474584,50
154500,-15.80867029577039,50
154550,-17.311451232092185,50
154600,-11.72547215387147,50
154650,-14.268526103383966,50
154700,-21.013110195160802,50
154750,-13.645279453808655,50
154800,-13.790662095329576,50
154850,-9.881242328015137,50
154900,-9.75214720964609,50
154950,-10.609560641533134,50
155000,-14.893418746374685,50
155050,-9.916606497817778,50
155100,-13.501217331679937,50
155150,-6.42224356239869,50
155200,-6.926940603427468,50
155250,-17.955644697638252,50
155300,-8.66290716940723,50
155350,-18.49053636629659,50
155400,-14.118828472413883,50
155450,-18.488286658709413,50
155500,-16.47667877272179,50
155550,-14.174909985386936,50
155600,-3.6861341500471703,50
155650,-7.862490090950736,50
155700,-8.834389980463486,50
155750,-14.451906636928403,50
155800,-16.109450990920994,50
155850,-16.385482345728732,50
155900,-12.20252760317013,50
155950,-7.981018756212601,50
156000,-13.645789591514118,50
156050,-13.861270962184195,50
156100,-6.482847225210363,50
156150,-7.7124728215292775,50
156200,-8.89527048221801,50
156250,-9.785701802623048,50
156300,-10.343977583863351,50
156350,-9.297291651504109,50
156400,-9.93959203393849,50
156450,-15.762035273946694,50
156500,-11.565203830898515,50
156550,-18.352693324870067,50
156600,-12.14967239238392,50
156650,-11.03491738442585,50
156700,-7.864685905899299,50
156750,-15.228652107481139,50
156800,-9.378605642424585,50
156850,-9.454204151724925,50
156900,-14.994231968937445,50
156950,-8.921694394018044,50
157000,-13.34669871509122,50
157050,-16.640406221215965,50
157100,-8.610932601875012,50
157150,-10.467658896171951,50
157200,-15.560073404261562,50
157250,-11.782891373661414,50
157300,-16.544936946222908,50
157350,-8.078906732599405,50
157400,-18.103646993346317,50
157450,-12.204769546671006,50
157500,-7.231073250809241,50
157550,-12.32365016993003,50
157600,-19.680024767578498,50
157650,-10.219248938787224,50
157700,-15.988570472398383,50
157750,-15.309800613584827,50
157800,-9.901971777202876,50
157850,-9.110360143478458,50
157900,-12.183094020835794,50
157950,-12.577982135529734,50
158000,-8.619484869250003,50
158050,-11.229825218727685,50
158100,-10.245616285696075,50
158150,-16.028971352922873,50
158200,-11.31724598438456,50
158250,-8.871541945960955,50
158300,-16.51546829572158,50
158350,-19.816761970636456,50
158400,-11.063491392768276,50
158450,-16.55309887406949,50
158500,-14.03141406573434,50
158550,-8.298545611052985,50
158600,-10.403087882302936,50
158650,-12.163428181733348,50
158700,-7.992903898353681,50
158750,-15.529466201181034,50
158800,-21.36447034332306,50
158850,-17.476652062220197,50
158900,-12.646562746410037,50
158950,-12.763209421352443,50
159000,-16.18863090402901,50
159050,-11.327535806047267,50
159100,-11.996390064291322,50
159150,-8.781826945765857,50
159200,-7.414330096581506,50
159250,-8.154275324933627,50
159300,-14.222446249175604,50
159350,-21.778850160364033,50
159400,-7.463999700024642,50
159450,-12.369982921101336,50
159500,-7.330974347386499,50
159550,-13.46421110972593,50
159600,-19.304586436516388,50
159650,-8.67267870272171,50
159700,-8.169888691850606,50
159750,-18.541644992626022,50
159800,-14.48660988440919,50
159850,-7.323868894578239,50
159900,-14.156666643954118,50
159950,-8.533644018230541,50
160000,-6.373568285196969,50
160050,-15.865498802850668,50
160100,-12.525561146641149,50
160150,-11.065126033661215,50
160200,-10.011153798774806,50
160250,-16.928487401085533,50
160300,-8.868721741562187,50
160350,-8.773188729781488,50
160400,-7.945598248086083,50
160450,-6.256109699797466,50
160500,-11.30257101799186,50
160550,-18.320678864655832,50
160600,-10.30077158808307,50
160650,-7.649758729862867,50
160700,-15.125822014957322,50
160750,-19.326140522582932,50
160800,-15.740288468878308,50
160850,-17.836248809091952,50
160900,-14.030018581464098,50
160950,-22.02478173629957,50
161000,-8.248207640051097,50
161050,-13.518149927241861,50
161100,-21.74691818529015,50
161150,-12.704804761387646,50
161200,-20.945964408181506,50
161250,-17.44913262203935,50
161300,-7.600958892544015,50
161350,-7.987279278765919,50
161400,-13.212363996225937,50
161450,-12.451422077553902,50
161500,-9.732897092732514,50
161550,-13.910880994905405,50
161600,-8.167289867069742,50
161650,-14.924358098075604,50
161700,-22.04190563206596,50
161750,-13.15752361658309,50
161800,-10.765989121044576,50
161850,-14.584973218741217,50
161900,-8.417816779044015,50
161950,-16.023695708694973,50
162000,-19.759432665895893,50
162050,-21.70288366912813,50
162100,-8.040053075599985,50
162150,-15.990971465906261,50
162200,-20.812467460094044,50
162250,-8.416365039261072,50
162300,-10.365723561795582,50
162350,-16.340006294274236,50
162400,-10.94982120193398,50
162450,-11.143674950814582,50
162500,-7.908689962704794,50
162550,-12.928174587186694,50
162600,-17.922723369015092,50
162650,-20.55734251862831,50
162700,-13.978413036210362,50
162750,-8.366523783718185,50
162800,-9.913409679289645,50
162850,-7.535040317092628,50
162900,-15.70197010451235,50
162950,-19.38818772318403,50
163000,-16.499550305988542,50
163050,-20.852496674835113,50
163100,-13.111991524985166,50
163150,-18.51930757743434,50
163200,-15.510757522399519,50
163250,-7.630927122341076,50
163300,-8.322519604117602,50
163350,-7.481470963635738,50
163400,-6.740488726963806,50
163450,-15.14860296279632,50
163500,-8.314770141653849,50
163550,-12.497547328122105,50
163600,-9.721847559154495,50
163650,-14.57408602395995,50
163700,-9.907558227296835,50
163750,-12.104899592188676,50
163800,-18.570810542469516,50
163850,-13.996827202358613,50
163900,-15.40080326039851,50
163950,-14.638292948945884,50
164000,-8.11485189189041,50
164050,-7.177769364138931,50
164100,-12.989242368959237,50
164150,-13.737093391661494,50
164200,-7.0637295923445675,50
164250,-13.150118893196135,50
164300,-17.944007107581115,50
164350,-8.551259552803721,50
164400,-8.166949068427806,50
164450,-7.918802188265404,50
164500,-7.454296308046984,50
164550,-13.687343407585972,50
164600,-7.24284183934745,50
164650,-7.796594249846421,50
164700,-14.65251527050844,50
164750,-8.299237279620407,50
164800,-6.5382520808983955,50
164850,-18.119874512245243,50
164900,-18.36248401683387,50
164950,-8.243831778260045,50
165000,-16.242182645428397,50
165050,-6.73123689872733,50
165100,-9.366786722621969,50
165150,-19.661733428624327,50
165200,-7.911136819289703,50
165250,-12.191549108049879,50
165300,-12.726173853494714,50
165350,-19.23573733982124,50
165400,-12.711275405495087,50
165450,-16.88744854920085,50
165500,-19.348896797456113,50
165550,-8.114823978654615,50
165600,-7.0716630146979185,50
165650,-16.116543239713234,50
165700,-8.313175446749907,50
165750,-7.203904044390018,50
165800,-6.919065402155307,50
165850,-6.091664077905624,50
165900,-16.331025080280117,50
165950,-12.275407112855364,50
166000,-14.133129260933202,50
166050,-10.600698894185319,50
166100,-7.228788456251579,50
166150,-13.423250875235924,50
166200,-13.909729126764475,50
166250,-11.20543713410437,50
166300,-14.240097606329945,50
166350,-13.785882905978285,50
166400,-11.002426525354124,50
166450,-9.875230785161559,50
166500,-8.522762940492177,50
166550,-10.40809548798173,50
166600,-17.980602941755357,50
166650,-6.620234066098852,50
166700,-8.323344568045638,50
166750,-8.923627022403009,50
166800,-13.800998091079359,50
166850,-9.70537722780321,50
166900,-12.956808048510279,50
166950,-10.006234997272676,50
167000,-12.377731955935934,50
167050,-15.76928144948388,50
167100,-15.2292395074019,50
167150,-16.114887321763597,50
167200,-12.653437632378553,50
167250,-11.113419285824262,50
167300,-7.483914565222834,50
167350,-11.917757791175001,50
167400,-11.186996235688976,50
167450,-15.515662881935448,50
167500,-9.603031968444133,50
167550,-20.08176198882234,50
167600,-8.337378465479762,50
167650,-10.677028693015984,50
167700,-16.93033351657279,50
167750,-15.951184535091842,50
167800,-17.07943026744484,50
167850,-13.857063368335488,50
167900,-10.007068200543058,50
167950,-13.271953054908938,50
168000,-5.41510348212637,50
168050,-13.629086753237951,50
168100,-7.987907300414876,50
168150,-9.789625997466803,50
168200,-7.1894513113858105,50
168250,-8.634116683246909,50
168300,-17.53448921327333,50
168350,-8.769155858407254,50
168400,-9.153248385122298,50
168450,-12.279240402708414,50
168500,-21.118129074145948,50
168550,-7.535160697871584,50
168600,-4.001732292829677,50
168650,-8.868916291674921,50
168700,-17.513255121317748,50
168750,-20.87426453229552,50
168800,-9.270056973924646,50
168850,-17.575724697387916,50
168900,-15.216152638422487,50
168950,-13.613356777400215,50
169000,-16.165191884026317,50
169050,-5.815445074182352,50
169100,-11.051949916556024,50
169150,-7.40827395312179,50
169200,-12.861113306717495,50
169250,-7.174475094161655,50
169300,-16.70796411202416,50
169350,-5.6967955286492185,50
169400,-7.276489140806044,50
169450,-15.393884948554971,50
169500,-4.654779336086775,50
169550,-8.038578066083979,50
169600,-9.394057406821423,50
169650,-8.417482419820807,50
169700,-18.494882564271848,50
169750,-8.234996134450363,50
169800,-14.061840909464204,50
169850,-7.203826879984928,50
169900,-18.227350323295695,50
169950,-10.894910121410264,50
170000,-10.400759877331998,50
170050,-12.800258948156161,50
170100,-9.037058488589807,50
170150,-6.437799708152746,50
170200,-15.39753089597235,50
170250,-4.757021859069276,50
170300,-10.757238263140904,50
170350,-12.162373088417976,50
170400,-18.997188473158822,50
170450,-13.900750664351945,50
170500,-12.65373778436011,50
170550,-19.86173812268636,50
170600,-11.933010674923949,50
170650,-5.658953089443499,50
170700,-11.952705899807027,50
170750,-16.033685878496733,50
170800,-15.452302589776076,50
170850,-9.880026623853253,50
170900,-18.099289310936065,50
170950,-17.982040344348377,50
171000,-10.734315037152996,50
171050,-10.370490254029443,50
171100,-10.690608780018069,50
171150,-19.323195988589397,50
171200,-11.34215052241438,50
171250,-10.844057730549856,50
171300,-14.787745728003015,50
171350,-7.2840354917829435,50
171400,-3.345247159329532,50
171450,-11.61083678648984,50
171500,-19.720020512026622,50
171550,-11.243574558324477,50
171600,-6.677714347823994,50
171650,-17.88915514543788,50
171700,-13.351666181790645,50
171750,-12.955299095749998,50
171800,-11.229948853320094,50
171850,-8.717912234507285,50
171900,-10.886990245079627,50
171950,-7.402107685809952,50
172000,-9.493131385621279,50
172050,-17.37695159824222,50
172100,-7.813472912642108,50
172150,-8.598171143541885,50
172200,-3.653035520462055,50
172250,-13.750810035465035,50
172300,-7.710309220639602,50
172350,-8.702125379426036,50
172400,-8.739324653238041,50
172450,-17.037388474777266,50
172500,-12.547330038426004,50
172550,-12.432262558949793,50
172600,-12.450499591898536,50
172650,-16.86451198272112,50
172700,-10.38215217598377,50
172750,-9.402973082151183,50
172800,-11.51832738940426,50
172850,-10.133374232565856,50
172900,-11.207700296162555,50
172950,-9.240976214826274,50
173000,-7.3018489581372465,50
173050,-4.269542545585883,50
173100,-8.944663790093973,50
173150,-9.139573007871256,50
173200,-20.058161312641158,50
173250,-12.137265353539583,50
173300,-13.130099330102313,50
173350,-6.722919103864321,50
173400,-9.798056495313535,50
173450,-11.566871705164047,50
173500,-16.7079054344146,50
173550,-10.975706743965354,50
173600,-10.333990140392526,50
173650,-10.715465803482433,50
173700,-15.48527770396999,50
173750,-12.41322734133975,50
173800,-14.902614532436171,50
173850,-16.359255846610786,50
173900,-13.727751468993969,50
173950,-8.989466873842025,50
174000,-6.263004948630051,50
174050,-11.298910713687999,50
174100,-8.85114353121597,50
174150,-2.6082151143951733,50
174200,-12.955561790951773,50
174250,-16.17837773757858,50
174300,-6.337859302560462,50
174350,-5.892184785934292,50
174400,-9.863020738011938,50
174450,-17.56247358431654,50
174500,-14.631912533511468,50
174550,-16.483800144687304,50
174600,-10.52961075021492,50
174650,-14.079642290091307,50
174700,-6.83024043553047,50
174750,-12.338294800763494,50
174800,-14.67572251823629,50
174850,-13.613289610128945,50
174900,-9.723346356840327,50
174950,-15.94087057941202,50
175000,-7.187055706911398,50
175050,-9.030029719461137,50
175100,-8.108141783908914,50
175150,-13.37193868731166,50
175200,-3.4693173042664927,50
175250,-14.019613103671148,50
175300,-5.160298146071554,50
175350,-7.155585110978917,50
175400,-7.943886914857889,50
175450,-18.377401343124227,50
175500,-5.04986163583386,50
175550,-7.045351693283386,50
175600,-16.628049321356997,50
175650,-19.285081603760215,50
175700,-2.600600364606326,50
175750,-7.115376151162565,50
175800,-10.78981221462769,50
175850,-2.992290547498279,50
175900,-16.570572453960388,50
175950,-3.6359935508458574,50
176000,-19.802452908403996,50
176050,-5.7936521399923375,50
176100,-8.889345643172557,50
176150,-6.510561659099199,50
176200,-19.299565998320688,50
176250,-8.190969821089547,50
176300,-13.933126638355297,50
176350,-9.661914730483133,50
176400,-17.631949727345937,50
176450,-12.783586764648577,50
176500,-18.293303580118295,50
176550,-10.29379878908218,50
176600,-9.893895030353137,50
176650,-9.272847689222008,50
176700,-5.488221543846356,50
176750,-12.239834534281638,50
176800,-5.111527390329808,50
176850,-8.638304157827443,50
176900,-6.458310067381019,50
176950,-11.938620788316143,50
177000,-20.08173695491622,50
177050,-9.231784183214195,50
177100,-15.849064010853523,50
177150,-10.25067830668681,50
177200,-5.381312456767293,50
177250,-14.434168418466598,50
177300,-8.814956827924753,50
177350,-19.075808013061252,50
177400,-10.251003496977683,50
177450,-14.00526352289441,50
177500,-6.6833353735075764,50
177550,-18.623079570039405,50
177600,-7.450963037783209,50
177650,-10.066499634266533,50
177700,-16.9591679483848,50
177750,-11.031946756195577,50
177800,-11.516313612236166,50
177850,-16.543846598902633,50
177900,-9.11566866390694,50
177950,-6.479924517847999,50
178000,-8.945236767531485,50
178050,-8.23224039341302,50
178100,-10.518546376980094,50
178150,-15.357439324529528,50
178200,-10.568523821365753,50
178250,-3.965139258199857,50
178300,-7.6415049656268605,50
178350,-8.499459299725466,50
178400,-11.308407432285966,50
178450,-9.477388559419385,50
178500,-12.903675999919221,50
178550,-8.697482893234216,50
178600,-9.961906579119884,50
178650,-15.7195160265516,50
178700,-6.5638375998725325,50
178750,-11.263726473959643,50
178800,-20.528986942262705,50
178850,-14.43362286180109,50
178900,-14.351824692428789,50
178950,-17.02019956943754,50
179000,-13.791454279796067,50
179050,-14.830276579632898,50
179100,-12.718190719191513,50
179150,-13.057294388693137,50
179200,-14.971886546337673,50
179250,-3.5927136563818025,50
179300,-16.198255417285193,50
179350,-4.130951466328119,50
179400,-13.495655674728102,50
179450,-10.277504437145373,50
179500,-10.307642084477127,50
179550,-5.273938143798959,50
179600,-8.700925400691938,50
179650,-8.09707675684243,50
179700,-8.936808982325196,50
179750,-6.757624434439801,50
179800,-14.39210487058528,50
179850,-4.481695739724765,50
179900,-3.7221978062617236,50
179950,-5.138923960993326,50
180000,-11.123816692181059,50
180050,-9.379929011805146,50
180100,-16.625788963818042,50
180150,-6.508824157395498,50
180200,-14.278343722247564,50
180250,-17.783643770347826,50
180300,-7.924567487229126,50
180350,-15.6131865270172,50
180400,-17.669036675283298,50
180450,-3.816631325546282,50
180500,-7.850742585115827,50
180550,-3.3999885578141074,50
180600,-14.03564299656006,50
180650,-7.214808299483184,50
180700,-13.7085501705344,50
180750,-6.707325430179057,50
180800,-11.067742524044693,50
180850,-17.825464210030564,50
180900,-15.243386579174153,50
180950,-17.722460594958186,50
181000,-7.5576704722998205,50
181050,-10.883304574700054,50
181100,-16.44401566962119,50
181150,-6.4344385513245514,50
181200,-11.13275442226702,50
181250,-8.27635636816869,50
181300,-7.025558059591871,50
181350,-14.079958738270712,50
181400,-11.868126132812835,50
181450,-12.462856701046503,50
181500,-9.38164592318927,50
181550,-13.277935713212198,50
181600,-10.307778602292725,50
181650,-14.272232569282183,50
181700,-16.663891190612777,50
181750,-11.286442681266289,50
181800,-13.99909472811724,50
181850,-6.95212683922293,50
181900,-4.050542408967024,50
181950,-17.798522657566842,50
182000,-8.233226017008633,50
182050,-12.03435390172985,50
182100,-12.906952472246424,50
182150,-14.342948079310336,50
182200,-11.363436039524101,50
182250,-11.960264847191779,50
182300,-14.495513730401061,50
182350,-6.258207020477476,50
182400,-12.142370898935578,50
182450,-8.111720133056252,50
182500,-13.551249489487082,50
182550,-12.333884296737423,50
182600,-16.100178049240082,50
182650,-3.409368721233727,50
182700,-4.310432153516904,50
182750,-10.160327760680266,50
182800,-6.8338517883313274,50
182850,-8.229442040683328,50
182900,-15.50670705486934,50
182950,-15.595007429759175,50
183000,-8.948659953028454,50
183050,-17.806720278003684,50
183100,-4.891704667973544,50
183150,-8.128227724899638,50
183200,-12.626831623021708,50
183250,-15.243030475801477,50
183300,-16.34284606397123,50
183350,-18.098991172862327,50
183400,-13.67167610198628,50
183450,-11.473898304079123,50
183500,-6.257889682115107,50
183550,-7.331039849389988,50
183600,-13.12503180105625,50
183650,-14.248427257043158,50
183700,-11.946513689953594,50
183750,-9.450462338933367,50
183800,-11.521589141249116,50
183850,-10.472792063022846,50
183900,-12.291512752112576,50
183950,-16.61329499233501,50
184000,-12.264389379549183,50
184050,-11.2174576831759,50
184100,-18.27087278967025,50
184150,-11.54364399406995,50
184200,-12.433366617115455,50
184250,-5.170562433507916,50
184300,-7.981517889672738,50
184350,-6.232217192665047,50
184400,-12.031421846846985,50
184450,-9.497178555077879,50
184500,-7.2930565509366145,50
184550,-19.016402640149273,50
184600,-6.8436518403860465,50
184650,-15.853635999142298,50
184700,-6.543520895153052,50
184750,-8.958422976701186,50
184800,-8.194426448571944,50
184850,-6.861370712080822,50
184900,-2.5017639598424535,50
184950,-3.2039485178626803,50
185000,-17.990281623965213,50
185050,-10.351978004068934,50
185100,-9.322904777300327,50
185150,-12.038694597218155,50
185200,-14.029856979764972,50
185250,-14.51566491129842,50
185300,-8.844230577205616,50
185350,-2.703535329035661,50
185400,-6.0740048942972305,50
185450,-9.058311787159214,50
185500,-4.493718829041317,50
185550,-14.558215772722626,50
185600,-14.808622436029193,50
185650,-7.271432107904161,50
185700,-20.12310628048029,50
185750,-4.127495810031447,50
185800,-6.6502226903372295,50
185850,-6.726191132261327,50
185900,-5.4636946679303735,50
185950,-14.525756071519247,50
186000,-10.273507787102583,50
186050,-12.598923871457352,50
186100,-8.779450463468885,50
186150,-6.746821134481399,50
186200,-9.679456044626338,50
186250,-9.157438438817888,50
186300,-8.607118122247343,50
186350,-15.417425615298695,50
186400,-12.739033437682577,50
186450,-10.981617862172898,50
186500,-9.38577705402094,50
186550,-3.958706035342041,50
186600,-16.758504626404974,50
186650,-13.545338642343541,50
186700,-7.379266121240053,50
186750,-14.03830747504913,50
186800,-10.373766496541402,50
186850,-3.7621860881601576,50
186900,-15.212387488169554,50
186950,-4.123193824417222,50
187000,-12.536761348314185,50
187050,-19.70364385277451,50
187100,-13.869739424612234,50
187150,-14.016097282127244,50
187200,-16.666069779155666,50
187250,-12.695471628170868,50
187300,-9.637202725956595,50
187350,-6.437679085047026,50
187400,-13.869491648472595,50
187450,-3.2899698215919315,50
187500,-4.874310182978763,50
187550,-3.036356910118859,50
187600,-7.744443532659304,50
187650,-5.017493689201677,50
187700,-8.696302763213032,50
187750,-9.818456997224725,50
187800,-15.107560563017326,50
187850,-14.134984506267806,50
187900,-11.771573502404294,50
187950,-18.574795322501675,50
188000,-20.11844722690411,50
188050,-3.050777691750871,50
188100,-14.035663707001897,50
188150,-20.25348685707872,50
188200,-15.174376034828269,50
188250,-9.64160471378357,50
188300,-17.42086359405269,50
188350,-7.391265222149292,50
188400,-17.089248808970307,50
188450,-10.63031503599906,50
188500,-3.938922380248933,50
188550,-13.619877143586839,50
188600,-11.150027139107166,50
188650,-14.957396286980524,50
188700,-15.837533603498539,50
188750,-9.987724058845036,50
188800,-7.704153173262973,50
188850,-13.63612801276706,50
188900,-18.14759584535624,50
188950,-2.1053920889215783,50
189000,-15.20473328306467,50
189050,-12.115766207740034,50
189100,-17.437941137289123,50
189150,-11.499237494622713,50
189200,-15.99070774331491,50
189250,-16.623379065181464,50
189300,-7.720308389615507,50
189350,-12.32326720240547,50
189400,-3.726791072420982,50
189450,-16.79489693426399,50
189500,-13.322820849073276,50
189550,-15.337688257244862,50
189600,-5.781907621164514,50
189650,-15.50763121611809,50
189700,-11.972952957668626,50
189750,-17.09603237541449,50
189800,-13.334529931323631,50
189850,-12.026424673672983,50
189900,-3.21729399903998,50
189950,-16.204613917319147,50
190000,-15.724879774659193,50
190050,-9.058862705611238,50
190100,-8.892250523468492,50
190150,-10.72338084746818,50
190200,-5.855903534255326,50
190250,-13.876887980172118,50
190300,-2.4471171787227513,50
190350,-8.959172477293997,50
190400,-7.136233021991338,50
190450,-17.664919427137164,50
190500,-9.933120383949065,50
190550,-7.796230026798028,50
190600,-10.750472245582458,50
190650,-12.193882276424658,50
190700,-5.136164973779601,50
190750,-6.222910361975238,50
190800,-18.17368275970122,50
190850,-4.730694486011005,50
190900,-13.565391884198718,50
190950,-10.470808748855784,50
191000,-9.792913335054566,50
191050,-2.8140307342058337,50
191100,-6.3194245885083244,50
191150,-8.365768204240391,50
191200,-9.966052836185645,50
191250,-12.714668476209637,50
191300,-5.375764428635376,50
191350,-6.118289277641518,50
191400,-17.6212592539441,50
191450,-7.009344509018332,50
191500,-6.766694070576779,50
191550,-6.396335500693165,50
191600,-2.6329736286632364,50
191650,-6.539571655650596,50
191700,-5.974831202112728,50
191750,-8.750139539699848,50
191800,-7.489200047201017,50
191850,-12.243212137482066,50
191900,-9.850421870282565,50
191950,-8.566237689893526,50
192000,-14.295278391185693,50
192050,-5.702408353783176,50
192100,-12.451927229507092,50
192150,-10.151221709141677,50
192200,-5.558231558455582,50
192250,-10.61975898589442,50
192300,-10.048793409637412,50
192350,-6.828604665448215,50
192400,-14.81347077305207,50
192450,-9.15717532030736,50
192500,-8.237806675082034,50
192550,-2.998860785122943,50
192600,-12.981444866496242,50
192650,-17.270800233995942,50
192700,-8.483582145242963,50
192750,-6.686518848388823,50
192800,-5.085394380119619,50
192850,-8.401943765438164,50
192900,-12.514291915941753,50
192950,-4.202313283577524,50
193000,-14.451217696422544,50
193050,-14.73393455306024,50
193100,-2.2401468522556383,50
193150,-5.711128843877576,50
193200,-3.5772765804341367,50
193250,-13.865240110241995,50
193300,-10.549114135002336,50
193350,-8.55628964504485,50
193400,-10.766087167214435,50
193450,-10.453225691457176,50
193500,-7.850294714971619,50
193550,-18.018490844058498,50
193600,-9.436468490711468,50
193650,-13.661090385156527,50
193700,-3.7565216553322496,50
193750,-10.092921845773214,50
193800,-13.67195127995173,50
193850,-7.308380018734782,50
193900,-6.1931772912041545,50
193950,-17.25248434770695,50
194000,-13.273527361276793,50
194050,-7.435050901961104,50
194100,-15.791295307652941,50
194150,-7.662891004874933,50
194200,-11.850430105597226,50
194250,-12.980625973685749,50
194300,-9.87691418148059,50
194350,-19.495033071017712,50
194400,-6.0790093369585,50
194450,-16.769728109889662,50
194500,-6.94327534191317,50
194550,-12.552399744254803,50
194600,-9.869297428697571,50
194650,-11.108539839123742,50
194700,-12.348618290580927,50
194750,-4.294001445761478,50
194800,-6.762759865406931,50
194850,-12.0692869189585,50
194900,-7.584805075243209,50
194950,-3.8991467295219007,50
195000,-2.716367684516663,50
195050,-12.673565545361821,50
195100,-10.410889606092892,50
195150,-5.7908215612515255,50
195200,-8.301460043898587,50
195250,-12.03478492324157,50
195300,-18.038504033163232,50
195350,-17.916592683354388,50
195400,-15.195128470385965,50
195450,-8.93389109923111,50
195500,-9.536498650896482,50
195550,-3.0603366341949463,50
195600,-5.249341373727252,50
195650,-11.665897388436338,50
195700,-2.9722774853436777,50
195750,-8.083469058284335,50
195800,-8.679264463575494,50
195850,-15.3500746515112,50
195900,-16.138694772179708,50
195950,-13.726607759250834,50
196000,-9.796223351545331,50
196050,-7.751683052008124,50
196100,-5.923335158697708,50
196150,-8.25864182891715,50
196200,-17.503466762413833,50
196250,-10.055700553703835,50
196300,-15.367229474243567,50
196350,-14.127385324146564,50
196400,-18.33025490638199,50
196450,-7.564650565466673,50
196500,-15.226729647807728,50
196550,-11.581257411972905,50
196600,-4.162216071063174,50
196650,-17.810456158144852,50
196700,-11.49630336767877,50
196750,-2.890402716624739,50
196800,-4.930811004293721,50
196850,-3.992836749029112,50
196900,-10.277345685678643,50
196950,-9.724963265095006,50
197000,-8.886766015649753,50
197050,-4.301374553297792,50
197100,-2.730142745828082,50
197150,-16.561013829834973,50
197200,-15.873373514885662,50
197250,-9.872994012661204,50
197300,-2.9068334770092177,50
197350,-16.50452738878843,50
197400,-3.53949552326238,50
197450,-4.887387920003836,50
197500,-16.515526038381253,50
197550,-2.859623678546342,50
197600,-9.132144127974401,50
197650,-11.21741660611106,50
197700,-15.671580244977635,50
197750,-11.63514249333471,50
197800,-5.765560669321788,50
197850,-6.701125032286178,50
197900,-4.804286692404849,50
197950,-6.350297452065675,50
198000,-14.084481221678603,50
198050,-10.514563039007466,50
198100,-6.021744907505184,50
198150,-9.938943561110305,50
198200,-12.093915876972035,50
198250,-10.59235049450133,50
198300,-9.845227826967623,50
198350,-7.858926653935313,50
198400,-15.643756581126862,50
198450,-13.414797841742633,50
198500,-16.619443856149154,50
198550,-4.88942729658602,50
198600,-5.16549392990591,50
198650,-5.990884567752221,50
198700,-17.633965512474255,50
198750,-12.916619821680372,50
198800,-7.047382244252966,50
198850,-7.340945425485144,50
198900,-13.051933562715494,50
198950,-11.249846546370138,50
199000,-8.077447368924336,50
199050,-4.985482875363865,50
199100,-13.21735138454145,50
199150,-4.069507814677687,50
199200,-3.3669789244690764,50
199250,-7.041831700472355,50
199300,-17.311812695477588,50
199350,-3.645800389925995,50
199400,-11.9527207354369,50
199450,-7.940372563188675,50
199500,-19.074184281611643,50
199550,-6.213614228325753,50
199600,-5.1626653208316045,50
199650,-17.64845703812969,50
199700,-17.03102445859008,50
199750,-9.590356493087187,50
199800,-5.845355983911957,50
199850,-17.38479571690716,50
199900,-7.955163789526722,50
199950,-8.565521013090871,50
200000,-5.765089485209646,50
200050,-12.976134853816898,50
200100,-3.4388368019218962,50
200150,-18.149735985103028,50
200200,-17.865473928401794,50
200250,-4.533670316849669,50
200300,-8.118692031960599,50
200350,-3.5266240460867087,50
200400,-3.9214328256925346,50
200450,-2.9669924927584828,50
200500,-10.454383817319775,50
200550,-4.961466232090301,50
200600,-10.831071334265518,50
200650,-11.352071948865106,50
200700,-8.220170297256503,50
200750,-4.130383294389762,50
200800,-17.65492204503014,50
200850,-10.546270247222028,50
200900,-15.358593322151712,50
200950,-7.9193466958607726,50
201000,-3.568592138148321,50
201050,-17.771521913564484,50
201100,-9.000381277356432,50
201150,-4.870280152414635,50
201200,-12.484334756301186,50
201250,-6.902064275737052,50
201300,-8.817670415670513,50
201350,-6.000467480946659,50
201400,-14.855346309610011,50
201450,-6.304287028611392,50
201500,-4.799259799726429,50
201550,-11.864149718477698,50
201600,-12.791900841378139,50
201650,-4.0668282890530385,50
201700,-2.2197655959747156,50
201750,-13.292342425919049,50
201800,-19.283812339523635,50
201850,-14.212812922445172,50
201900,-11.394088735358025,50
201950,-3.6952910779271297,50
202000,-11.344098520130766,50
202050,-12.772781749973177,50
202100,-3.907539994552573,50
202150,-3.9065585576924864,50
202200,-7.98984141148688,50
202250,-5.90720204669634,50
202300,-5.838151234222654,50
202350,-7.061348650501461,50
202400,-3.4252798431850056,50
202450,-8.36454013651275,50
202500,-9.478418419938349,50
202550,-18.475994175626955,50
202600,-5.907535274790288,50
202650,-14.111963532968463,50
202700,-15.647006504072813,50
202750,-7.051605514783933,50
202800,-13.494533315698579,50
202850,-12.554015697995666,50
202900,-8.707095381771069,50
202950,-13.530449033862082,50
203000,-16.800383320353067,50
203050,-11.05699507323672,50
203100,-10.060128019097688,50
203150,-10.407133839543341,50
203200,-16.593175851159362,50
203250,-13.320068480812651,50
203300,-8.076383628627347,50
203350,-6.467449943727397,50
203400,-10.536347325663886,50
203450,-9.640817142488974,50
203500,-9.370403954483114,50
203550,-16.500002892948988,50
203600,-12.983157750498478,50
203650,-16.665122238719697,50
203700,-9.925000175953155,50
203750,-15.796880008475823,50
203800,-2.9113639823469657,50
203850,-7.308011556189003,50
203900,-10.293819450064529,50
203950,-6.540265016678495,50
204000,-14.450953515780418,50
204050,-7.508381120836644,50
204100,-8.875935440692391,50
204150,-15.265942801861216,50
204200,-13.229603688986925,50
204250,-3.152553150762467,50
204300,-15.00207702529877,50
204350,-13.78522276670562,50
204400,-8.404485551358931,50
204450,-9.765172431964203,50
204500,-7.978417900242512,50
204550,-6.737994231519064,50
204600,-6.321178723396925,50
204650,-6.606554381019105,50
204700,-10.72040363217634,50
204750,-4.827798585504943,50
204800,-15.711173256197846,50
204850,-15.567818575324821,50
204900,-10.233798509811038,50
204950,-13.481708388853816,50
205000,-8.15380543159004,50
205050,-13.351630263509822,50
205100,-6.3517652968785905,50
205150,-2.938972061964493,50
205200,-14.664662959811832,50
205250,-3.703932210770385,50
205300,-16.5423950373703,50
205350,-17.257813774198638,50
205400,-4.672978048403097,50
205450,-15.362791932690314,50
205500,-10.78652127215446,50
205550,-15.399346534655221,50
205600,-15.00627295599578,50
205650,-8.859553073513094,50
205700,-9.70864114521091,50
205750,-7.116886915795123,50
205800,-8.941826243894043,50
205850,-11.087277999819081,50
205900,-16.6705292213932,50
205950,-7.72616698027893,50
206000,-11.669286606392793,50
206050,-12.895616214185747,50
206100,-7.491986985586556,50
206150,-11.006318241875258,50
206200,-7.81917176015562,50
206250,-8.117449946522932,50
206300,-13.752363575660393,50
206350,-16.801220937436486,50
206400,-6.670312901515828,50
206450,-15.555071381400696,50
206500,-17.65686177835859,50
206550,-13.991581200101553,50
206600,-17.44410542959927,50
206650,-12.667709966445864,50
206700,-8.712489416935506,50
206750,-13.815401547580073,50
206800,-10.630376769540105,50
206850,-13.7788360308049,50
206900,-3.245373621294238,50
206950,-14.350918744111693,50
207000,-6.532961611887593,50
207050,-3.293866611765911,50
207100,-6.337919011528395,50
207150,-6.651840472250137,50
207200,-12.295581021717203,50
207250,-9.97218101565521,50
207300,-8.616665392207919,50
207350,-2.4266666885237465,50
207400,-3.6222964217916678,50
207450,-12.76715116700949,50
207500,-6.481607834555214,50
207550,-3.1765329858921025,50
207600,-9.697560799358088,50
207650,-7.380600792201217,50
207700,-9.386076021196798,50
207750,-10.133275685377924,50
207800,-11.01814929654813,50
207850,-14.149970285917918,50
207900,-10.347280697150715,50
207950,-4.714262446141636,50
208000,-12.520486169235342,50
208050,-6.130863147091821,50
208100,-8.983613019762913,50
208150,-5.907556555125604,50
208200,-5.213776960069578,50
208250,-6.824494865929186,50
208300,-2.4629709189028235,50
208350,-10.874110795861856,50
208400,-15.484385255905853,50
208450,-10.343624125399945,50
208500,-15.554713847419821,50
208550,-11.347348102125768,50
208600,-2.7984423851229105,50
208650,-16.255296019773542,50
208700,-7.172594239749303,50
208750,-4.805943154395268,50
208800,-5.054756142911517,50
208850,-3.692466962463955,50
208900,-17.780761304110595,50
208950,-11.82642249842137,50
209000,-14.440517414728424,50
209050,-4.042811176889927,50
209100,-17.344440908781813,50
209150,-15.245064130592326,50
209200,-15.218841695172923,50
209250,-10.641697651316392,50
209300,-13.016091679068161,50
209350,-7.583495386051939,50
209400,-10.431629650835385,50
209450,-13.726039260499972,50
209500,-8.367904219466439,50
209550,-9.11220902028263,50
209600,-6.598597481682199,50
209650,-13.92493257365514,50
209700,-3.4492236731304065,50
209750,-12.818116083321861,50
209800,-9.654723720112525,50
209850,-9.056183615774595,50
209900,-10.300343719512378,50
209950,-3.676749077910055,50
210000,-8.000645139813372,50
210050,-5.218249212235599,50
210100,-8.257252647209988,50
210150,-7.945106399094979,50
210200,-9.640701767158811,50
210250,-16.263799838794455,50
210300,-8.187837317343806,50
210350,-9.58837960879086,50
210400,-16.62860834057645,50
210450,-7.649879391289002,50
210500,-16.21728249500127,50
210550,-8.282555692741957,50
210600,-10.096964145093139,50
210650,-3.641886571722939,50
210700,-11.905751771810092,50
210750,-7.628125170286739,50
210800,-18.02950692093433,50
210850,-12.9060125638209,50
210900,-3.1902505788990108,50
210950,-4.96565297655086,50
211000,-9.16515273240098,50
211050,-11.378647796515601,50
211100,-10.953154258114962,50
211150,-8.197494464708788,50
211200,-5.778507556366359,50
211250,-3.8426886353660117,50
211300,-7.8316987621350105,50
211350,-4.671679497815761,50
211400,-11.297420300323921,50
211450,-10.294073060402635,50
211500,-15.034342709172071,50
211550,-9.088261850163644,50
211600,-14.140435536733012,50
211650,-13.925136452085725,50
211700,-8.222126712835275,50
211750,-13.761071716815774,50
211800,-11.193944538039027,50
211850,-13.40861086335617,50
211900,-11.427847626281343,50
211950,-10.45834745258444,50
212000,-9.258325584749125,50
212050,-5.133610305676325,50
212100,-13.759348468681624,50
212150,-5.962286049938444,50
212200,-12.26988529752307,50
212250,-8.959918981631445,50
212300,-15.115865446755796,50
212350,-13.554603969288294,50
212400,-8.461119704715928,50
212450,-14.581873628431566,50
212500,-3.064104797167001,50
212550,-6.541495839532405,50
212600,-3.8722366731532616,50
212650,-8.959474193699059,50
212700,-16.59303783856948,50
212750,-10.38475279340607,50
212800,-7.8828567147922275,50
212850,-5.582578789650625,50
212900,-3.6553574928899444,50
212950,-10.456566817223957,50
213000,-4.740468977458819,50
213050,-5.67082598414523,50
213100,-14.85087073309896,50
213150,-12.111377879491044,50
213200,-13.250508911784017,50
213250,-4.856239615377746,50
213300,-10.72503405909406,50
213350,-2.284555995558238,50
213400,-11.48200806536795,50
213450,-13.209917986693242,50
213500,-7.940739467692919,50
213550,-9.641924124920417,50
213600,-6.24390558753617,50
213650,-11.946558240268253,50
213700,-9.865801125588538,50
213750,-2.509401485236271,50
213800,-11.042986371811137,50
213850,-12.132843212668494,50
213900,-10.777039055538767,50
213950,-15.426702841331437,50
214000,-9.178909624170394,50
214050,-13.28269332247896,50
214100,-4.309633255557048,50
214150,-9.845974394619125,50
214200,-12.963595210542433,50
214250,-9.70349933036981,50
214300,-11.994856132776476,50
214350,-15.421925668474458,50
214400,-16.390682798899423,50
214450,-15.60433701135921,50
214500,-7.5298642405265745,50
214550,-11.829242277171641,50
214600,-14.37167029427872,50
214650,-6.052109952059501,50
214700,-9.036807103065334,50
214750,-11.532680398513271,50
214800,-4.205030014043924,50
214850,-12.170625820670967,50
214900,-13.431385535056114,50
214950,-9.245584432226622,50
215000,-13.40137538368229,50
215050,-4.685946997723253,50
215100,-12.003454901648773,50
215150,-3.157485389345226,50
215200,-7.172149746068309,50
215250,-13.663659753994382,50
215300,-9.771990126876071,50
215350,-14.445359911036347,50
215400,-4.8283784618304155,50
215450,-10.798850292761193,50
215500,-9.513598234345674,50
215550,-8.448808684399287,50
215600,-2.5672558400665215,50
215650,-9.259163974990152,50
215700,-5.111814374152957,50
215750,-4.5279071584201676,50
215800,-15.972265119747654,50
215850,-17.230098207002232,50
215900,-9.60266564423545,50
215950,-6.058226160628376,50
216000,-7.308209160267316,50
216050,-12.876470480986603,50
216100,-7.192389344813428,50
216150,-7.491136876731185,50
216200,-11.13117692047823,50
216250,-4.927904732383599,50
216300,-17.221600370203802,50
216350,-6.092566631716125,50
216400,-3.0503904376381445,50
216450,-16.38065549064556,50
216500,-13.829958774564725,50
216550,-5.047415329155059,50
216600,-12.876737705397803,50
216650,-11.464645146316926,50
216700,-6.988234402144755,50
216750,-9.745858299738945,50
216800,-7.215325772459587,50
216850,-7.267876045058187,50
216900,-7.583135295713232,50
216950,-11.077577275950707,50
217000,-8.220729710373922,50
217050,-11.69349354675723,50
217100,-13.203689397932054,50
217150,-9.471804837273677,50
217200,-10.435811713089274,50
217250,-6.731516902275801,50
217300,-9.458651626198622,50
217350,-18.026879177730404,50
217400,-8.367338838089022,50
217450,-10.593942861018164,50
217500,-6.266772938561963,50
217550,-13.853596013230263,50
217600,-8.467653538940286,50
217650,-2.959909109241185,50
217700,-2.7106030966819734,50
217750,-7.645230504270235,50
217800,-6.716298639200686,50
217850,-7.900361988650409,50
217900,-11.149522384735468,50
217950,-3.714185458134536,50
218000,-16.667249065049816,50
218050,-9.97205059779797,50
218100,-17.819588373938956,50
218150,-6.669890656175921,50
218200,-14.14574623253933,50
218250,-8.662064081525058,50
218300,-2.985358279142936,50
218350,-14.73853511413367,50
218400,-7.580398869511728,50
218450,-5.9305120316079325,50
218500,-13.294898513872639,50
218550,-16.649718643818613,50
218600,-13.049279822198827,50
218650,-12.823579905299898,50
218700,-5.806019539209347,50
218750,-12.432871803506378,50
218800,-3.2140359517476322,50
218850,-4.766353935012842,50
218900,-3.8355212544852573,50
218950,-15.703169182678675,50
219000,-15.322081824645227,50
219050,-2.269150871529379,50
219100,-9.33006843411638,50
219150,-2.1782859715217295,50
219200,-6.835721970075997,50
219250,-11.509055138141353,50
219300,-2.4615628375676963,50
219350,-10.195809133050851,50
219400,-15.28939406877629,50
219450,-3.300835343345616,50
219500,-2.3689193629404417,50
219550,-15.216035285821963,50
219600,-3.952981586137894,50
219650,-8.157152477689765,50
219700,-3.7512165725329316,50
219750,-13.683441945586546,50
219800,-14.804320880051167,50
219850,-8.096149549192646,50
219900,-10.680347756366201,50
219950,-9.531412442124465,50
220000,-11.602148349473433,50
220050,-2.2325927347640873,50
220100,-14.356942384939309,50
220150,-13.073617931074784,50
220200,-5.913611962476414,50
220250,-8.714535016167623,50
220300,-9.805044983083521,50
220350,-9.304427200685803,50
220400,-7.914717149639574,50
220450,-12.19905731290535,50
220500,-12.105552433122481,50
220550,-5.841666522855584,50
220600,-8.049441154619736,50
220650,-5.986649696454246,50
220700,-9.917917815974166,50
220750,-7.468826063516449,50
220800,-8.017207159805707,50
220850,-8.633740860564911,50
220900,-4.601226482709457,50
220950,-5.279681086358645,50
221000,-3.3998671235043663,50
221050,-10.875481071756033,50
221100,-6.880979142091435,50
221150,-11.475281940635325,50
221200,-12.479548068165554,50
221250,-5.4639720948155235,50
221300,-4.654614105643643,50
221350,-2.241404359095427,50
221400,-17.22004045461115,50
221450,-12.071901426020784,50
221500,-2.410138843821562,50
221550,-6.878265672892855,50
221600,-11.557579057098174,50
221650,-7.691312468818882,50
221700,-5.674638591831146,50
221750,-4.725846440818174,50
221800,-15.8428663944801,50
221850,-16.862547669946682,50
221900,-16.156018663900348,50
221950,-8.085334776828882,50
222000,-9.975415793833779,50
222050,-8.541966548987519,50
222100,-4.8564458459874205,50
222150,-3.302281786454753,50
222200,-15.758422102975352,50
222250,-4.4363778012302655,50
222300,-7.377402716604251,50
222350,-9.34165582739121,50
222400,-11.538579258078649,50
222450,-10.896829999711665,50
222500,-12.163070618900894,50
222550,-9.268710505286002,50
222600,-9.107560781471248,50
222650,-10.059627361932607,50
222700,-5.020204183830108,50
222750,-11.610523592443789,50
222800,-11.39687631372463,50
222850,-16.657380634802262,50
222900,-6.686163377526894,50
222950,-2.4152283112143857,50
223000,-12.892733862814815,50
223050,-12.37285766481689,50
223100,-16.581252226081904,50
223150,-12.597829610236076,50
223200,-5.6949467028449945,50
223250,-15.969391537938117,50
223300,-10.337496155123434,50
223350,-9.019633094667785,50
223400,-10.127537067758295,50
223450,-10.047526714014866,50
223500,-14.704940808201306,50
223550,-14.360124197096468,50
223600,-8.85294627493346,50
223650,-13.978978837034003,50
223700,-7.249818970367777,50
223750,-10.130650256683737,50
223800,-13.319607462122752,50
223850,-5.394586908747205,50
223900,-9.685468832081758,50
223950,-15.337997108886155,50
224000,-13.864122180079029,50
224050,-11.005088511658435,50
224100,-14.122198431845826,50
224150,-16.555553357951876,50
224200,-17.46601596473028,50
224250,-2.6164755088525564,50
224300,-7.462106235462427,50
224350,-7.572406468152867,50
224400,-9.654261381337083,50
224450,-3.1629901444367126,50
224500,-5.676236722114645,50
224550,-7.964170925880153,50
224600,-6.598761028980933,50
224650,-6.006668584950532,50
224700,-6.033218327096006,50
224750,-16.007940886942052,50
224800,-13.45125790172652,50
224850,-4.663474846990988,50
224900,-16.655011490761225,50
224950,-8.43377334224311,50
225000,-13.168091966833723,50
225050,-8.198188258348676,50
225100,-4.410186296369336,50
225150,-2.8495857913147877,50
225200,-5.002526989982155,50
225250,-7.40129678638592,50
225300,-3.2192869713792347,50
225350,-10.149719526604583,50
225400,-8.139956749107123,50
225450,-13.323636258692726,50
225500,-15.107010083513238,50
225550,-7.9596398849990395,50
225600,-7.502176528892046,50
225650,-9.923474899356819,50
225700,-13.022131551936246,50
225750,-4.54854788767059,50
225800,-10.042553727894948,50
225850,-7.240483549638668,50
225900,-18.072311298794887,50
225950,-10.687877973425005,50
226000,-5.93996730177122,50
226050,-4.601162065236432,50
226100,-4.031092571090853,50
226150,-2.0847872411256505,50
226200,-10.243484540392453,50
226250,-8.864943529287471,50
226300,-6.652873005588137,50
226350,-13.500544475479716,50
226400,-14.459761003019596,50
226450,-7.716297473185619,50
226500,-15.242489992118538,50
226550,-7.019951765394586,50
226600,-7.777553371474706,50
226650,-7.447041414538554,50
226700,-6.810868404051547,50
226750,-11.790609896353448,50
226800,-5.501706348378801,50
226850,-12.40008767166903,50
226900,-12.929641804382522,50
226950,-8.159149360378645,50
227000,-2.2925723798068676,50
227050,-3.78830961289542,50
227100,-7.9763679148597095,50
227150,-6.65503491337655,50
227200,-7.040878614973094,50
227250,-5.258439277271296,50
227300,-11.260921319697752,50
227350,-5.972197375600782,50
227400,-13.885558432792633,50
227450,-9.32910672045984,50
227500,-2.1753908908859656,50
227550,-7.383316951337352,50
227600,-7.694111131179946,50
227650,-4.084115901668335,50
227700,-4.390341371817089,50
227750,-13.107299217054,50
227800,-8.41893504566183,50
227850,-11.782847669409827,50
227900,-15.18250395219667,50
227950,-5.087703535299979,50
228000,-7.78235825992338,50
228050,-9.055229419105444,50
228100,-6.8322035228809,50
228150,-5.76568415930436,50
228200,-3.72363446059067,50
228250,-10.451542262056456,50
228300,-7.332082816764382,50
228350,-3.897815932054635,50
228400,-10.786403991923923,50
228450,-9.523513172222955,50
228500,-17.178019529322206,50
228550,-1.9178395156254313,50
228600,-9.938670171556518,50
228650,-3.2953407283652716,50
228700,-6.986144956824646,50
228750,-9.868691155191803,50
228800,-14.512671653137305,50
228850,-5.016606636684701,50
228900,-16.832200864920104,50
228950,-14.14455744749195,50
229000,-9.802832771953625,50
229050,-2.7111978039592315,50
229100,-17.506923254142393,50
229150,-7.974912388451294,50
229200,-17.870233511033074,50
229250,-9.189031852852699,50
229300,-11.784181631012984,50
229350,-8.157778327716308,50
229400,-3.4100740680086536,50
229450,-15.040647123665925,50
229500,-13.78667737715773,50
229550,-6.250622439387341,50
229600,-17.14173738579948,50
229650,-3.882045845341601,50
229700,-10.696510394402594,50
229750,-7.662375152581915,50
229800,-7.3893327985813615,50
229850,-14.085553432950459,50
229900,-6.869690846054635,50
229950,-6.067384381658319,50
230000,-1.971422828125541,50
230050,-4.856721391049426,50
230100,-9.979981993795239,50
230150,-9.238976818032274,50
230200,-6.934521376902209,50
230250,-15.75445307557673,50
230300,-14.10894193733648,50
230350,-5.8870280038973215,50
230400,-12.340586770630068,50
230450,-3.1760601494167426,50
230500,-8.129126070380716,50
230550,-9.909621533576116,50
230600,-10.061596712463142,50
230650,-13.18252224902596,50
230700,-11.879471142282975,50
230750,-9.190267603346316,50
230800,-4.008740125434324,50
230850,-13.281735386519726,50
230900,-4.713597685097366,50
230950,-5.221555546198152,50
231000,-4.855647455487467,50
231050,-6.279011475418947,50
231100,-4.092845204608438,50
231150,-4.027294005223847,50
231200,-4.637996426499154,50
231250,-15.289667863049063,50
231300,-15.766402135440103,50
231350,-7.156429083526188,50
231400,-1.9104269791268724,50
231450,-15.834763767918526,50
231500,-13.662893830319511,50
231550,-1.8278402000879257,50
231600,-12.939302280534223,50
231650,-12.792240227869456,50
231700,-17.09940826269085,50
231750,-6.282758539941988,50
231800,-9.896491793935779,50
231850,-9.350160795933984,50
231900,-8.274616986932795,50
231950,-4.63077539939133,50
232000,-14.032485366671152,50
232050,-9.032043751952974,50
232100,-16.300357150480245,50
232150,-10.382794316496195,50
232200,-7.595431550195048,50
232250,-16.38148891690781,50
232300,-15.00267268716548,50
232350,-15.232441399380598,50
232400,-16.209284292645258,50
232450,-12.924365398975436,50
232500,-4.112632685087153,50
232550,-5.637696173292845,50
232600,-14.285471011290563,50
232650,-10.85473532519781,50
232700,-4.0810323569901366,50
232750,-5.875810371249663,50
232800,-3.0521690194925704,50
232850,-7.081354514141202,50
232900,-4.90200200008556,50
232950,-13.5597806706864,50
233000,-5.679387818448531,50
233050,-14.523454477475193,50
233100,-11.48441984726307,50
233150,-12.064119960544415,50
233200,-10.441304013906036,50
233250,-7.977576273985761,50
233300,-7.017415313832759,50
233350,-3.408283184503811,50
233400,-9.668951393352959,50
233450,-11.107537445828985,50
233500,-5.056129111462851,50
233550,-4.413141287221906,50
233600,-4.591791300040581,50
233650,-1.819005610109286,50
233700,-11.284676519933708,50
233750,-15.586179198875767,50
233800,-15.570986756110207,50
233850,-11.522598187100739,50
233900,-11.469121571126301,50
233950,-9.877269758699033,50
234000,-8.760050033657903,50
234050,-8.715776179409024,50
234100,-7.211471635233782,50
234150,-2.823698443629738,50
234200,-10.97529612563836,50
234250,-7.0229511052297084,50
234300,-11.979575146990907,50
234350,-6.330162425977547,50
234400,-15.565719048703201,50
234450,-7.652725312616013,50
234500,-9.13794487152093,50
234550,-12.987518735633564,50
234600,-6.494454434526995,50
234650,-8.399804736047408,50
234700,-5.739007952701956,50
234750,-4.969964390877824,50
234800,-4.115690787082803,50
234850,-12.057254983257572,50
234900,-9.558358256090777,50
234950,-10.095250000542118,50
235000,-13.555644679266694,50
235050,-7.631842203808951,50
235100,-10.645022606260634,50
235150,-14.71162203585819,50
235200,-4.366506926844625,50
235250,-16.205545328718596,50
235300,-6.302241473732402,50
235350,-15.15173730000241,50
235400,-8.502239750958388,50
235450,-11.276713438516552,50
235500,-8.742620828596449,50
235550,-2.126756686739935,50
235600,-6.326222204888084,50
235650,-16.492154966915948,50
235700,-6.297260880098146,50
235750,-11.526871715727012,50
235800,-14.747530629142345,50
235850,-11.819516053285385,50
235900,-13.893756726642973,50
235950,-7.912112196845166,50
236000,-4.616246380716664,50
236050,-13.33015577748658,50
236100,-4.5191123104127735,50
236150,-13.682424118805953,50
236200,-5.975969989760421,50
236250,-12.939971075598143,50
236300,-13.836864189187443,50
236350,-10.084840913694487,50
236400,-10.312058911896395,50
236450,-9.176507080678077,50
236500,-12.538241708523067,50
236550,-6.190996662269816,50
236600,-7.822424407196309,50
236650,-2.424539511961208,50
236700,-5.382846167347923,50
236750,-11.766875207625649,50
236800,-2.1103878069681996,50
236850,-13.082036205530041,50
236900,-18.33634908464627,50
236950,-1.214493182167104,50
237000,-15.13643124606123,50
237050,-15.091314424418,50
237100,-3.0344772719503545,50
237150,-2.3495653811955464,50
237200,-11.419804518918367,50
237250,-12.626320195735854,50
237300,-8.06805180081641,50
237350,-13.885215082277668,50
237400,-4.022943732153156,50
237450,-16.778081594274447,50
237500,-5.510939253868043,50
237550,-11.292976350682434,50
237600,-9.126863394903083,50
237650,-8.018315494923922,50
237700,-5.08051337961868,50
237750,-16.369500037772713,50
237800,-18.518989212008098,50
237850,-4.467955910338829,50
237900,-12.950144872924643,50
237950,-11.802354052161597,50
238000,-7.000303507458125,50
238050,-7.816022219466511,50
238100,-6.594480888533392,50
238150,-4.1606508179078165,50
238200,-7.2585289215524895,50
238250,-7.833895536687524,50
238300,-16.70213423618283,50
238350,-6.590291282207833,50
238400,-14.423916690034112,50
238450,-17.424846023208595,50
238500,-15.90003250190457,50
238550,-5.317100357548097,50
238600,-15.826233104636215,50
238650,-10.918595282608994,50
238700,-8.454084269318798,50
238750,-6.7045284000490435,50
238800,-8.969586617678914,50
238850,-15.462413579557804,50
238900,-14.210056852179866,50
238950,-16.721533982595783,50
239000,-3.3191878199321248,50
239050,-11.08568943992386,50
239100,-11.638936258002305,50
239150,-15.629836444262036,50
239200,-2.199989851599038,50
239250,-6.444032634975501,50
239300,-9.77478984748259,50
239350,-14.617300963703356,50
239400,-15.486275993209734,50
239450,-3.0934305964779667,50
239500,-2.7907755575759245,50
239550,-8.724342678148455,50
239600,-2.2499676158872304,50
239650,-6.959169866063485,50
239700,-8.956355900364931,50
239750,-5.308571141632169,50
239800,-7.788992317297468,50
239850,-8.161642953583826,50
239900,-16.748196741482744,50
239950,-3.421981587685418,50
240000,-8.100821652795085,50
240050,-3.501819701148443,50
240100,-7.6909897717643965,50
240150,-8.843976523977167,50
240200,-11.6197586491201,50
240250,-12.862739938490215,50
240300,-5.099859009647642,50
240350,-12.189827279517814,50
240400,-14.862686863936409,50
240450,-17.0902970444274,50
240500,-8.62472603627136,50
240550,-5.377798132720262,50
240600,-15.196750832924554,50
240650,-3.771467379667053,50
240700,-7.869012451541103,50
240750,-2.5413022251302753,50
240800,-11.793162433776258,50
240850,-17.854835183290866,50
240900,-8.93321601765727,50
240950,-15.565057449129275,50
241000,-5.4341519594174486,50
241050,-13.66436046909603,50
241100,-10.039438097989343,50
241150,-10.35080336421629,50
241200,-2.7911011710431706,50
241250,-14.366364345809036,50
241300,-13.172633263670729,50
241350,-10.609604053669079,50
241400,-11.900284276362028,50
241450,-6.267093788708772,50
241500,-7.5989582265609155,50
241550,-3.141654772705123,50
241600,-5.113851943349748,50
241650,-8.461993405075942,50
241700,-14.155107838069299,50
241750,-17.21133021500865,50
241800,-6.349557663413406,50
241850,-14.251672379870177,50
241900,-11.733567664174094,50
241950,-4.851739413556942,50
242000,-13.933298180211867,50
242050,-14.536517048584631,50
242100,-7.449069299630231,50
242150,-15.531141876421124,50
242200,-8.208905842296632,50
242250,-8.812454273737256,50
242300,-12.283913538666681,50
242350,-8.134019431693618,50
242400,-9.211808070049678,50
242450,-4.558980731500585,50
242500,-10.461794552772632,50
242550,-7.9124125225478386,50
242600,-12.03230407925256,50
242650,-4.571856818613001,50
242700,-10.71936143504953,50
242750,-17.559231548703917,50
242800,-8.882704757956267,50
242850,-8.07687898194217,50
242900,-7.432969829919353,50
242950,-11.134866362737386,50
243000,-7.394079886920986,50
243050,-12.575902525095914,50
243100,-10.929784433759766,50
243150,-12.356778219874776,50
243200,-3.461030400571757,50
243250,-15.245706748259401,50
243300,-17.42167131495546,50
243350,-12.272868136094283,50
243400,-3.227473914109193,50
243450,-16.419414040831253,50
243500,-16.360494382829682,50
243550,-13.330928954803698,50
243600,-16.4662800163363,50
243650,-10.16497892615873,50
243700,-17.711364460824758,50
243750,-13.90080671812853,50
243800,-8.784465071478412,50
243850,-10.847891646480893,50
243900,-13.812120852085659,50
243950,-15.642501293671808,50
244000,-10.887245855566423,50
244050,-9.676183232661996,50
244100,-4.3380382007664435,50
244150,-10.544641490189981,50
244200,-6.709686225038237,50
244250,-10.113261603568343,50
244300,-10.611996127100433,50
244350,-9.840182502763852,50
244400,-14.835840686021756,50
244450,-13.221700797941239,50
244500,-2.6901722938813615,50
244550,-13.826953939379882,50
244600,-11.41198305733518,50
244650,-8.226544572734369,50
244700,-6.669342171387949,50
244750,-16.61213465883738,50
244800,-2.9279592803318994,50
244850,-3.4345909956183887,50
244900,-3.898998679706401,50
244950,-7.672322783184249,50
245000,-11.647814232997588,50
245050,-17.43954415692001,50
245100,-15.694826321247275,50
245150,-15.578127223168037,50
245200,-2.909222839821098,50
245250,-3.0273328608527077,50
245300,-12.305082265640516,50
245350,-8.739240355227746,50
245400,-4.046652608956242,50
245450,-13.554594182171007,50
245500,-16.547269617636186,50
245550,-7.01311700218667,50
245600,-11.113983522214241,50
245650,-6.736659663828676,50
245700,-4.271768813335561,50
245750,-16.94092227617701,50
245800,-2.767139415530219,50
245850,-8.399215518186958,50
245900,-15.920532721677038,50
245950,-7.626675681598322,50
246000,-9.609374313063093,50
246050,-8.778487139988345,50
246100,-7.295923101335292,50
246150,-3.117463606926709,50
246200,-14.748200271078657,50
246250,-11.882374902121931,50
246300,-10.248351856299749,50
246350,-9.822592382238817,50
246400,-11.160251649860504,50
246450,-5.723895613265037,50
246500,-5.129413227886837,50
246550,-14.756334174491105,50
246600,-14.903715243584761,50
246650,-12.538596318016419,50
246700,-2.5839374345001955,50
246750,-11.936781362705856,50
246800,-9.57422149165158,50
246850,-11.511017461276106,50
246900,-9.368532401419154,50
246950,-13.22859496775471,50
247000,-3.25945635238726,50
247050,-6.384755790568444,50
247100,-5.957362343097823,50
247150,-14.86082950875629,50
247200,-6.8763521388558315,50
247250,-2.8868385337347044,50
247300,-7.805554964124432,50
247350,-3.8538816703251615,50
247400,-9.952923502264177,50
247450,-14.786352851886939,50
247500,-14.746158029517296,50
247550,-6.0880019657898785,50
247600,-7.917314812722397,50
247650,-5.104404967506482,50
247700,-9.851665253952433,50
247750,-10.844114471322433,50
247800,-3.17350622471526,50
247850,-3.0203003325433233,50
247900,-10.332331937337054,50
247950,-9.534516435577242,50
248000,-9.679620888098553,50
248050,-12.277680339885546,50
248100,-15.46950311304446,50
248150,-11.089665521293984,50
248200,-10.364693336093916,50
248250,-12.241722919751055,50
248300,-9.050400210616878,50
248350,-6.897835837090077,50
248400,-14.226953987246878,50
248450,-6.159439821096177,50
248500,-3.9503655043738477,50
248550,-14.94618173179787,50
248600,-3.604771395386849,50
248650,-3.543244989760397,50
248700,-14.169485199151898,50
248750,-8.354802920640653,50
248800,-7.752803055055508,50
248850,-14.378720422427952,50
248900,-2.827981754430353,50
248950,-3.7241081034808445,50
249000,-3.3397672596742503,50
249050,-16.418957904560262,50
249100,-10.699407568890628,50
249150,-4.05250922184339,50
249200,-10.544887229850861,50
249250,-3.8003345591451496,50
249300,-3.3351897170642015,50
249350,-13.668958963451976,50
249400,-13.44028289789616,50
249450,-13.844603951913827,50
249500,-6.226685203858337,50
249550,-12.107161989968505,50
249600,-5.996162899276991,50
249650,-9.850771584149864,50
249700,-3.871539882564878,50
249750,-8.08654008533419,50
249800,-9.8422078198436,50
249850,-16.38141431356226,50
249900,-14.006919249394686,50
249950,-6.738685365673346,50
250000,-10.69785293995967,50
250050,-4.621307874622401,50
250100,-12.2565137567842,50
250150,-4.08118951326913,50
250200,-5.572203085158691,50
250250,-6.820993292600873,50
250300,-14.538456818580684,50
250350,-5.700358801184556,50
250400,-12.16622292252421,50
250450,-1.323254750338798,50
250500,-7.082384817282426,50
250550,-9.726013225303483,50
250600,-13.431985163129202,50
250650,-3.374864221774756,50
250700,-6.756039083167456,50
250750,-5.870268369285445,50
250800,-12.025039046909601,50
250850,-17.761633617200644,50
250900,-2.0797584254636625,50
250950,-2.160717617754707,50
251000,-7.781843386343751,50
251050,-3.8286863444576253,50
251100,-14.331514175750868,50
251150,-8.206383298917334,50
251200,-12.779278449946972,50
251250,-15.047047257443339,50
251300,-2.0053171724755754,50
251350,-5.703617512237435,50
251400,-7.827229769783708,50
251450,-11.455506454282789,50
251500,-6.354275465511533,50
251550,-7.5879907494378545,50
251600,-3.177805958301818,50
251650,-16.03108563454713,50
251700,-8.33140237376175,50
251750,-3.52255636130364,50
251800,-8.459247027578227,50
251850,-3.869561822666448,50
251900,-8.174709873596571,50
251950,-3.453986095240953,50
252000,-9.728199428284565,50
252050,-3.7353894193620945,50
252100,-9.347976988390982,50
252150,-10.053988954422522,50
252200,-15.633103574455582,50
252250,-5.581944045665262,50
252300,-9.619833941757358,50
252350,-10.920187858907545,50
252400,-17.544843067141844,50
252450,-16.367784905559766,50
252500,-4.69164763186398,50
252550,-10.23920961066317,50
252600,-10.40823408351863,50
252650,-7.196535430654063,50
252700,-15.526973540297261,50
252750,-10.547173296281336,50
252800,-4.391647643594537,50
252850,-7.530856470716079,50
252900,-10.245971908411832,50
252950,-2.4912895485161646,50
253000,-12.13115160806365,50
253050,-9.607955298266662,50
253100,-8.85510848882493,50
253150,-10.969197117396202,50
253200,-3.9671005467476697,50
253250,-6.167157629071429,50
253300,-9.25447895235997,50
253350,-4.672091435683603,50
253400,-14.18616408219525,50
253450,-11.095628200156996,50
253500,-9.117267023326374,50
253550,-10.958817099192602,50
253600,-11.11534511707549,50
253650,-9.689601959710872,50
253700,-4.346529521811063,50
253750,-11.63543430156346,50
253800,-16.704237236555652,50
253850,-5.174186494811346,50
253900,-14.995797022330583,50
253950,-14.047865409006132,50
254000,-8.325880552292267,50
254050,-7.033710737396432,50
254100,-12.82482341952356,50
254150,-10.371112117291082,50
254200,-9.926148564099432,50
254250,-6.097757430893984,50
254300,-4.091296921855295,50
254350,-3.9527603606435187,50
254400,-11.170309918515137,50
254450,-10.718321507546701,50
254500,-7.340063702288457,50
254550,-3.0451343044807087,50
254600,-4.5184634360466,50
254650,-9.867773667432989,50
254700,-3.3968319907531606,50
254750,-2.906359467768242,50
254800,-13.188344708503482,50
254850,-9.106495888977065,50
254900,-4.019944429683654,50
254950,-5.2473019602280795,50
255000,-7.5022568061850015,50
255050,-14.20943419642803,50
255100,-11.837476660646425,50
255150,-8.132739421525955,50
255200,-14.73799909382884,50
255250,-11.938721348131184,50
255300,-15.973941410750825,50
255350,-9.722314848318906,50
255400,-15.77747396500212,50
255450,-3.3253550741193822,50
255500,-4.428801427075449,50
255550,-4.0522813083092695,50
255600,-3.4429463387602635,50
255650,-13.444896137519281,50
255700,-11.86422327274385,50
255750,-4.107215786142339,50
255800,-7.110300286019842,50
255850,-2.19325568736471,50
255900,-6.050560072121922,50
255950,-7.88496871170715,50
256000,-10.510210876574998,50
256050,-11.58575021555846,50
256100,-4.473143694636928,50
256150,-15.198774321020501,50
256200,-4.165534691420005,50
256250,-8.720603956697458,50
256300,-10.588278209683926,50
256350,-4.342489240324705,50
256400,-5.228009216786094,50
256450,-3.8989118292298297,50
256500,-16.15148380639559,50
256550,-11.830742520747023,50
256600,-12.12924483831717,50
256650,-2.460109494566174,50
256700,-12.344758738596012,50
256750,-11.9565022740893,50
256800,-3.1575599664306937,50
256850,-5.89944546554559,50
256900,-10.10374236796901,50
256950,-6.745739507523868,50
257000,-11.546946725892074,50
257050,-7.244418246345367,50
257100,-12.29663950369263,50
257150,-11.936490362874647,50
257200,-9.51319771911912,50
257250,-5.408479359924659,50
257300,-3.9851530031322624,50
257350,-12.174874034163203,50
257400,-2.2897800635481453,50
257450,-5.600503622187478,50
257500,-3.743627943866829,50
257550,-12.661533615469931,50
257600,-9.100842025775307,50
257650,-10.096738260277196,50
257700,-9.53860801725063,50
257750,-14.430644932807189,50
257800,-7.944211940545818,50
257850,-3.1161788177987355,50
257900,-3.732517736905335,50
257950,-1.944064850417943,50
258000,-13.297328201189185,50
258050,-3.475214706581945,50
258100,-6.518588269503145,50
258150,-11.851518943447827,50
258200,-10.892475235030007,50
258250,-4.883470803525874,50
258300,-3.2858134345838326,50
258350,-5.126710024498293,50
258400,-2.3545325689656846,50
258450,-8.631623017026307,50
258500,-1.6955526577221278,50
258550,-4.933254955494116,50
258600,-15.082316288707219,50
258650,-9.774642649762527,50
258700,-7.592326381394802,50
258750,-3.196266535654252,50
258800,-4.823293806272073,50
258850,-2.9123899334425856,50
258900,-12.941034117826078,50
258950,-16.658944055076905,50
259000,-6.136587018768771,50
259050,-7.529688478583795,50
259100,-11.385488572051194,50
259150,-3.127716259966039,50
259200,-11.615082498018516,50
259250,-8.858197181595976,50
259300,-17.015096796453175,50
259350,-2.8856276158460457,50
259400,-14.958736224781662,50
259450,-11.746060294706595,50
259500,-7.910561750038615,50
259550,-2.9633473761858036,50
259600,-10.019380028558723,50
259650,-4.358046399704837,50
259700,-12.167663570401054,50
259750,-3.048510254160677,50
259800,-9.870188974285231,50
259850,-3.7037220045545585,50
259900,-3.5187737509460866,50
259950,-8.602068312237957,50
260000,-2.5385535809123967,50
260050,-15.139442789739462,50
260100,-13.978063412956255,50
260150,-10.850169469777708,50
260200,-4.023844681968112,50
260250,-12.654463682643973,50
260300,-16.393439444996854,50
260350,-12.400840040376924,50
260400,-11.353518326166986,50
260450,-4.267577408896355,50
260500,-5.687903201161999,50
260550,-14.638535427881148,50
260600,-13.216847237221769,50
260650,-10.698606807492506,50
260700,-6.783433301822139,50
260750,-3.166341751329429,50
260800,-8.727012398289384,50
260850,-3.9550386446177463,50
260900,-13.384953012748806,50
260950,-8.252006967756538,50
261000,-6.952238754524966,50
261050,-7.4509819018748855,50
261100,-4.552732528227228,50
261150,-3.498276731896155,50
261200,-10.327379895980895,50
261250,-10.488522912031499,50
261300,-8.2183985719745,50
261350,-6.76941636526448,50
261400,-15.605342638190999,50
261450,-5.142608130123061,50
261500,-4.531151675862944,50
261550,-11.967560463167898,50
261600,-17.81394486782115,50
261650,-5.927892300722523,50
261700,-1.5808416711678959,50
261750,-6.534377790011396,50
261800,-9.575228254374004,50
261850,-7.657469482222261,50
261900,-3.0918189676179737,50
261950,-4.460664622357963,50
262000,-5.679237573828949,50
262050,-5.098767833553576,50
262100,-15.028888379311418,50
262150,-15.888273968557554,50
262200,-14.746126809561371,50
262250,-9.159477537236866,50
262300,-11.83781236448712,50
262350,-6.571363982645285,50
262400,-7.060927068898305,50
262450,-10.511624267075549,50
262500,-13.028447283688102,50
262550,-2.6341586978795286,50
262600,-2.2218136050606163,50
262650,-11.269059359079376,50
262700,-5.743130222246838,50
262750,-9.032871324994055,50
262800,-2.873023719415744,50
262850,-14.104485219964735,50
262900,-10.839988792600856,50
262950,-8.223437342079304,50
263000,-2.9215949934329144,50
263050,-11.077900206317588,50
263100,-9.610300261836565,50
263150,-3.0490996607578955,50
263200,-5.067563049013723,50
263250,-7.34182051072184,50
263300,-13.573023054233367,50
263350,-2.3842466126538326,50
263400,-12.235733700300512,50
263450,-13.494888281808327,50
263500,-5.644751368210463,50
263550,-5.56000838408286,50
263600,-15.172797799572852,50
263650,-13.552948393617644,50
263700,-12.4128644298462,50
263750,-11.167180351546351,50
263800,-7.675048502027144,50
263850,-16.54196031629636,50
263900,-16.7873332228382,50
263950,-9.700774279622816,50
264000,-7.255573559733271,50
264050,-11.232394690032578,50
264100,-4.548620495546323,50
264150,-9.953561702581776,50
264200,-11.183682968421305,50
264250,-9.918424951046864,50
264300,-6.324783349989698,50
264350,-10.871601482620607,50
264400,-8.499232355070717,50
264450,-11.606290535984236,50
264500,-12.931310596329828,50
264550,-14.302332944140003,50
264600,-10.418636534806833,50
264650,-14.283413901373782,50
264700,-12.10888963498142,50
264750,-10.814327701420897,50
264800,-10.640200257531149,50
264850,-16.106973794376636,50
264900,-13.254149060292118,50
264950,-3.4725791306910443,50
265000,-11.974716451789416,50
265050,-4.138750604248253,50
265100,-5.189012680872825,50
265150,-7.761353330342933,50
265200,-10.266752135126195,50
265250,-12.769259884263983,50
265300,-12.554912878214623,50
265350,-14.961919427169635,50
265400,-14.308667677240814,50
265450,-11.030942531378534,50
265500,-7.929909399121946,50
265550,-7.370411718716485,50
265600,-3.889109261738635,50
265650,-6.452259758107823,50
265700,-8.819809727804575,50
265750,-5.2925332968613485,50
265800,-11.980172701651336,50
265850,-8.297701608010351,50
265900,-3.8700449303100384,50
265950,-3.1360311781634596,50
266000,-3.2044762920032612,50
266050,-7.976623927176405,50
266100,-12.137744491278166,50
266150,-16.688242554793728,50
266200,-10.622173209876438,50
266250,-6.242906791134308,50
266300,-13.286387534052352,50
266350,-14.568402943483576,50
266400,-2.8744741883743035,50
266450,-3.338887056174788,50
266500,-16.63077067286776,50
266550,-8.311672033714792,50
266600,-10.92606773245211,50
266650,-11.70009132678558,50
266700,-12.492996507305735,50
266750,-12.852644099969638,50
266800,-8.928260775579508,50
266850,-3.650577944572482,50
266900,-6.508943757333529,50
266950,-18.17974264166424,50
267000,-12.880167677082254,50
267050,-5.014575424726662,50
267100,-7.90532834725633,50
267150,-13.328117035136815,50
267200,-13.590212894833115,50
267250,-13.317164277061641,50
267300,-13.718796277391414,50
267350,-13.798025880031675,50
267400,-3.162450436919531,50
267450,-8.159728841310821,50
267500,-14.038514930926752,50
267550,-6.599484509865421,50
267600,-9.912106698280759,50
267650,-8.762500671096262,50
267700,-8.988030329770101,50
267750,-8.003491907989586,50
267800,-17.288796963948336,50
267850,-9.354210395590234,50
267900,-9.803532902884092,50
267950,-15.045444839964103,50
268000,-13.858982868587953,50
268050,-8.16678385097049,50
268100,-11.463380439583801,50
268150,-10.316010605752066,50
268200,-3.3976272140646135,50
268250,-8.144376926734132,50
268300,-8.375632853119406,50
268350,-4.531045784140552,50
268400,-13.999483912611469,50
268450,-4.0652547850285305,50
268500,-11.015082738585953,50
268550,-10.767562598139204,50
268600,-2.4494516949185643,50
268650,-8.978340416968132,50
268700,-13.468340002073592,50
268750,-3.913452449063539,50
268800,-6.739965446845337,50
268850,-11.561891715057268,50
268900,-14.042050698072853,50
268950,-14.745282436369283,50
269000,-9.076657603347675,50
269050,-11.915488523091998,50
269100,-3.5133473876132646,50
269150,-8.998072087265731,50
269200,-4.134444727642427,50
269250,-11.585003905390833,50
269300,-15.31806217971248,50
269350,-9.050303261071644,50
269400,-16.523778631557878,50
269450,-6.423517373814251,50
269500,-2.9936696375575833,50
269550,-7.1290724507824725,50
269600,-11.93300347324248,50
269650,-7.625466222778295,50
269700,-4.753585782309929,50
269750,-8.020881902370974,50
269800,-12.508801483993317,50
269850,-15.41364657584919,50
269900,-2.952498376422105,50
269950,-8.199903568100536,50
270000,-6.20670638075527,50
270050,-16.001248057577087,50
270100,-8.479885464697874,50
270150,-3.0858661965247287,50
270200,-7.387533485611851,50
270250,-7.87497977509581,50
270300,-10.480451896838762,50
270350,-13.895506321013523,50
270400,-3.5051242879004776,50
270450,-3.3446700482470497,50
270500,-15.541558294008821,50
270550,-10.713255001619418,50
270600,-6.588611654816469,50
270650,-3.0416016819606164,50
270700,-5.110308467699397,50
270750,-10.517371523895495,50
270800,-7.7241103552353785,50
270850,-13.230147219249057,50
270900,-5.711806093773349,50
270950,-8.501694821990219,50
271000,-7.6865085677924565,50
271050,-3.381943221150542,50
271100,-14.056254134101389,50
271150,-2.5728682232183058,50
271200,-3.9445356333932144,50
271250,-7.796360131893281,50
271300,-4.668925860955168,50
271350,-8.085138626502038,50
271400,-9.735714096790696,50
271450,-8.363816679658596,50
271500,-10.03782584798894,50
271550,-8.548870592930843,50
271600,-14.06086946031694,50
271650,-7.66155002021289,50
271700,-12.03494167090931,50
271750,-2.8991666881832603,50
271800,-1.3114457338865044,50
271850,-13.064381580410938,50
271900,-8.872823876483384,50
271950,-8.222128100641566,50
272000,-12.811694857040164,50
272050,-5.244601356633738,50
272100,-6.381860463979068,50
272150,-18.876743302955678,50
272200,-2.6563982593189333,50
272250,-6.180448530517033,50
272300,-15.028285222592555,50
272350,-10.112381896186506,50
272400,-8.393785824871905,50
272450,-15.98907610353911,50
272500,-5.027146992298423,50
272550,-8.574968082181641,50
272600,-10.742644535738053,50
272650,-12.892275227889423,50
272700,-3.870793598484394,50
272750,-17.424443127076223,50
272800,-1.7023885545212551,50
272850,-6.489185577398797,50
272900,-15.455641677049382,50
272950,-12.77505431849458,50
273000,-2.5543151660195327,50
273050,-6.713331988429494,50
273100,-17.5124852952292,50
273150,-9.592608347289518,50
273200,-10.838951260723471,50
273250,-3.0621517793813093,50
273300,-17.75360594044147,50
273350,-5.6204301507581205,50
273400,-16.85403935033355,50
273450,-8.988449776531212,50
273500,-12.632515074081152,50
273550,-7.360115390298235,50
273600,-6.858669026679188,50
273650,-14.27714457184637,50
273700,-2.9458425266404515,50
273750,-16.68837825845476,50
273800,-13.435317307176579,50
273850,-3.3842483246676185,50
273900,-6.940713428861058,50
273950,-12.907416660662834,50
274000,-10.732808087746376,50
274050,-3.7342361590893627,50
274100,-8.315393784389663,50
274150,-15.7774644068706,50
274200,-17.02829752416299,50
274250,-4.215067499748367,50
274300,-14.392619663962913,50
274350,-4.310628206851819,50
274400,-8.345372426787641,50
274450,-11.30542154722674,50
274500,-4.189841560382419,50
274550,-9.36879433326219,50
274600,-13.67149885076626,50
274650,-16.057007851765082,50
274700,-5.992151010096212,50
274750,-10.725227344379975,50
274800,-4.640678254420518,50
274850,-10.90933772489278,50
274900,-13.496116659228473,50
274950,-15.265392915599687,50
275000,-10.83077761467431,50
275050,-7.895463525022669,50
275100,-6.8503662529563725,50
275150,-15.244906973215011,50
275200,-2.595749320199961,50
275250,-9.432162961298568,50
275300,-14.73947696197659,50
275350,-12.518720923842134,50
275400,-9.487730547962451,50
275450,-3.6029432236479084,50
275500,-3.393608492646607,50
275550,-9.950247182951149,50
275600,-8.461999527272772,50
275650,-6.4845805547035145,50
275700,-11.062361114595307,50
275750,-7.941170184796716,50
275800,-7.5815763413459125,50
275850,-11.933488521965797,50
275900,-9.242423862919487,50
275950,-18.940380415287905,50
276000,-10.223722775884742,50
276050,-13.123770926478155,50
276100,-7.481179657334869,50
276150,-2.783177756547514,50
276200,-13.927770417821046,50
276250,-3.769463882776694,50
276300,-4.7952384859636155,50
276350,-11.327036782490861,50
276400,-18.435650923502376,50
276450,-13.79117652892881,50
276500,-14.349267225930703,50
276550,-10.104475130236136,50
276600,-6.8969937381636495,50
276650,-10.166524184742126,50
276700,-11.417349948519972,50
276750,-14.950947612923892,50
276800,-11.636803535924562,50
276850,-4.316962344672759,50
276900,-8.181786084024148,50
276950,-3.900871201126706,50
277000,-2.2888630514209796,50
277050,-12.061320025267051,50
277100,-4.819638982316257,50
277150,-4.862653976352144,50
277200,-9.546300950423475,50
277250,-18.038185015740847,50
277300,-3.6866713420081654,50
277350,-10.120289599532477,50
277400,-18.503780528229967,50
277450,-3.631520551438177,50
277500,-3.5114093958151993,50
277550,-6.469280785039927,50
277600,-16.278145661839122,50
277650,-2.9214719332574473,50
277700,-7.133415353742614,50
277750,-3.1579112370294706,50
277800,-8.435594711447004,50
277850,-9.71723827444947,50
277900,-16.412525619225615,50
277950,-11.358567689019267,50
278000,-6.549802903509066,50
278050,-12.077927210908603,50
278100,-6.181680816928408,50
278150,-4.283937503918721,50
278200,-17.680414331903783,50
278250,-11.816489504668214,50
278300,-9.163310945719816,50
278350,-12.138910057364916,50
278400,-7.0766721418788965,50
278450,-4.898944843527712,50
278500,-2.637729243118558,50
278550,-10.691965312361432,50
278600,-18.108589498602782,50
278650,-10.60719181443913,50
278700,-11.542721347462354,50
278750,-6.467098474469405,50
278800,-16.964124313505742,50
278850,-10.420770036962361,50
278900,-13.830932786634694,50
278950,-9.581730211713362,50
279000,-17.877764305578385,50
279050,-13.10203425800752,50
279100,-12.08797569036971,50
279150,-3.839352729599764,50
279200,-7.090140705027275,50
279250,-12.868638183218088,50
279300,-11.611035326266729,50
279350,-13.489082658976105,50
279400,-10.949732108301987,50
279450,-6.3389255255430985,50
279500,-7.452282463037783,50
279550,-16.556445893803986,50
279600,-6.240476634435164,50
279650,-11.376961322069963,50
279700,-9.613171245701587,50
279750,-9.927576836513376,50
279800,-14.124340179182406,50
279850,-12.62412266692291,50
279900,-6.8542903870447685,50
279950,-3.3729585724217364,50
280000,-17.187666814039545,50
280050,-12.025175457313557,50
280100,-2.881034963525433,50
280150,-7.953094537352391,50
280200,-11.608306587691239,50
280250,-12.38238426929242,50
280300,-4.309635159250731,50
280350,-7.48332149964135,50
280400,-9.202390236668686,50
280450,-15.493706521191058,50
280500,-2.614597132082422,50
280550,-1.7914267719580264,50
280600,-11.796343774510785,50
280650,-5.532632182058017,50
280700,-6.000378774190079,50
280750,-13.653536056759592,50
280800,-12.953472881971313,50
280850,-5.426322156365259,50
280900,-3.5617750277281215,50
280950,-4.513738696143607,50
281000,-12.00074454565703,50
281050,-9.48073994221481,50
281100,-15.458316680029936,50
281150,-6.698319736873053,50
281200,-8.568738830935377,50
281250,-3.0456917131643646,50
281300,-6.104427288834258,50
281350,-6.597278989233988,50
281400,-3.2455826124680347,50
281450,-5.1024109058772975,50
281500,-3.0055681190242276,50
281550,-12.004772813671083,50
281600,-9.13845631368047,50
281650,-12.619101695643991,50
281700,-3.872687305708214,50
281750,-2.528964814718139,50
281800,-18.592622717062998,50
281850,-11.715963911216857,50
281900,-7.680028537377731,50
281950,-8.505449141777241,50
282000,-10.20902102511792,50
282050,-11.67995440089149,50
282100,-5.869529778464109,50
282150,-6.777820048970408,50
282200,-9.421142998312183,50
282250,-15.340574151791373,50
282300,-7.199765497716855,50
282350,-9.009539212172108,50
282400,-7.218057596455571,50
282450,-10.869080578493518,50
282500,-4.065386935907171,50
282550,-11.926332569345881,50
282600,-14.081479131715307,50
282650,-6.6953661246582,50
282700,-10.350992428290976,50
282750,-13.508872675533498,50
282800,-14.015986509952084,50
282850,-12.335988441381689,50
282900,-3.7469588972642915,50
282950,-7.169227895011738,50
283000,-7.018083556426485,50
283050,-1.5939476983946919,50
283100,-15.442759987759796,50
283150,-1.8190805337033908,50
283200,-8.967374305805134,50
283250,-12.962113725671028,50
283300,-7.680909686939148,50
283350,-2.540654086490173,50
283400,-9.879992834518434,50
283450,-6.495902607982911,50
283500,-12.32315360942976,50
283550,-1.5149332637055541,50
283600,-2.193662316533311,50
283650,-11.322910739733231,50
283700,-12.94190313590792,50
283750,-4.220712584513981,50
283800,-11.296675696498191,50
283850,-12.711555573746391,50
283900,-14.718043370740768,50
283950,-6.6688733871068,50
284000,-3.547612053941188,50
284050,-9.076576983595844,50
284100,-15.482181020439725,50
284150,-4.56897512534771,50
284200,-4.108399238414443,50
284250,-15.770073204465438,50
284300,-8.30228455090125,50
284350,-4.482073245014642,50
284400,-11.169739240538828,50
284450,-7.850142439280075,50
284500,-6.330161856500623,50
284550,-12.575610236927071,50
284600,-12.875015380754038,50
284650,-8.769631526677511,50
284700,-6.896842408554208,50
284750,-17.1119510390345,50
284800,-4.072668976043191,50
284850,-17.702486391607614,50
284900,-2.319422280781713,50
284950,-10.455499333473709,50
285000,-4.220022696347118,50
285050,-17.0277023225522,50
285100,-3.281095161868568,50
285150,-8.891949779783928,50
285200,-4.1597358220989635,50
285250,-3.612746687740087,50
285300,-15.111754989608439,50
285350,-9.5489511045773,50
285400,-4.154087168469234,50
285450,-7.358231960862136,50
285500,-14.437404288936726,50
285550,-3.6755554639836205,50
285600,-10.74232424424969,50
285650,-7.060502439280245,50
285700,-4.557739612106275,50
285750,-12.89601303741311,50
285800,-3.45205716877857,50
285850,-16.190700894801864,50
285900,-5.563031403394051,50
285950,-8.470528329947511,50
286000,-3.0277076970916625,50
286050,-8.137204361087212,50
286100,-9.543592907778212,50
286150,-11.6973464565618,50
286200,-7.230313504280331,50
286250,-13.726618334602511,50
286300,-6.746357430355123,50
286350,-3.9036594681316146,50
286400,-2.1143638897207326,50
286450,-7.24580042812716,50
286500,-3.7113879242744097,50
286550,-1.836303934526656,50
286600,-12.260991626820525,50
286650,-11.127070722419926,50
286700,-2.3489404502779276,50
286750,-13.148198236843792,50
286800,-12.143946992738686,50
286850,-16.10756772731146,50
286900,-4.212836617176501,50
286950,-14.340180254066944,50
287000,-1.9566732411799337,50
287050,-8.56912564277425,50
287100,-13.218349990698753,50
287150,-5.845893073479931,50
287200,-14.253986427326897,50
287250,-16.819724867083924,50
287300,-3.9803873652255723,50
287350,-9.547415599135867,50
287400,-9.66257842435936,50
287450,-15.391250879485131,50
287500,-9.29926833486328,50
287550,-4.139509980849007,50
287600,-4.260668639211859,50
287650,-4.378085912367177,50
287700,-7.26269226924982,50
287750,-6.430721230612174,50
287800,-7.483324737469087,50
287850,-6.853870054364085,50
287900,-6.474438027474179,50
287950,-11.091672406949991,50
288000,-5.397246300352204,50
288050,-9.49684639607698,50
288100,-13.140076522269762,50
288150,-9.981214382515232,50
288200,-1.9913332889325925,50
288250,-11.898703691780367,50
288300,-13.295747774341574,50
288350,-3.259773142733561,50
288400,-15.087840581944105,50
288450,-17.646017299990923,50
288500,-12.249035208270612,50
288550,-6.472220710500284,50
288600,-9.937402819541147,50
288650,-9.038612239868984,50
288700,-3.6849361064605426,50
288750,-17.39395185580486,50
288800,-3.4068922646687816,50
288850,-4.263798282270337,50
288900,-11.212112856051032,50
288950,-12.464109679907446,50
289000,-17.01136301275957,50
289050,-7.795966298716417,50
289100,-8.563776351469235,50
289150,-9.527456601497741,50
289200,-3.343794188392935,50
289250,-6.093153487593142,50
289300,-8.77891335657682,50
289350,-11.417813924585591,50
289400,-2.9639006908085292,50
289450,-13.47947331472804,50
289500,-15.102137788510099,50
289550,-2.2833389651463043,50
289600,-11.777087005253982,50
289650,-6.527106599041935,50
289700,-3.90409973293343,50
289750,-10.736906866224073,50
289800,-2.6633676474286774,50
289850,-13.350249747059161,50
289900,-6.3831791285593855,50
289950,-10.176997836652308,50
290000,-4.1065736562658035,50
290050,-12.694761026968685,50
290100,-3.505978177779287,50
290150,-13.122383622891473,50
290200,-15.34417436240172,50
290250,-11.979972576426004,50
290300,-15.3472594367984,50
290350,-6.593227795388608,50
290400,-16.479030964844434,50
290450,-2.625965389753575,50
290500,-10.113595455756803,50
290550,-6.449208579427733,50
290600,-2.437593033433773,50
290650,-11.458480870133476,50
290700,-11.129211547472988,50
290750,-8.549020410698157,50
290800,-6.765987520162795,50
290850,-5.600556685127303,50
290900,-15.429360871199933,50
290950,-3.027697264494272,50
291000,-15.690048354584452,50
291050,-14.872048708762852,50
291100,-10.823644779138757,50
291150,-1.6593878356249299,50
291200,-4.036714401438801,50
291250,-6.528386882983921,50
291300,-8.545108883394954,50
291350,-7.980573185686856,50
291400,-1.715734502101757,50
291450,-3.109595333810774,50
291500,-12.157834267511108,50
291550,-8.026887876181144,50
291600,-3.8366951423492264,50
291650,-15.73024538146206,50
291700,-10.897933367371667,50
291750,-5.7146135640949325,50
291800,-8.255629621035292,50
291850,-11.326902597281821,50
291900,-12.094537252166353,50
291950,-10.607826838267851,50
292000,-3.4383549099992083,50
292050,-12.707881524396711,50
292100,-4.122965494962855,50
292150,-15.220562313801235,50
292200,-14.112815052485026,50
292250,-4.181760180053374,50
292300,-10.915088518078285,50
292350,-13.369382005389179,50
292400,-3.8020408091440343,50
292450,-4.439925478762106,50
292500,-11.083650665688532,50
292550,-12.85088117318969,50
292600,-2.607823909668506,50
292650,-3.3664795263102474,50
292700,-14.794609477872957,50
292750,-12.82230620106058,50
292800,-6.430680503206393,50
292850,-5.636839086337348,50
292900,-11.81545425569238,50
292950,-4.943727088914783,50
293000,-3.961902717776349,50
293050,-7.35609057939763,50
293100,-4.881965631187171,50
293150,-2.0182855069463095,50
293200,-9.128223832427938,50
293250,-5.044288653383252,50
293300,-14.753366289702432,50
293350,-2.9762231284022063,50
293400,-3.666903203479868,50
293450,-11.835389864985785,50
293500,-11.318944301333547,50
293550,-13.559198105229648,50
293600,-7.360347850578453,50
293650,-9.961855609371923,50
293700,-5.597391847080039,50
293750,-13.738279760906128,50
293800,-13.9864310788169,50
293850,-7.3380008591659545,50
293900,-7.49249235438739,50
293950,-11.965040609023163,50
294000,-6.579711419985811,50
294050,-2.1326746921681736,50
294100,-9.70822432069676,50
294150,-2.0536572569956073,50
294200,-14.136927974261614,50
294250,-13.548222996106322,50
294300,-13.95621216461714,50
294350,-2.1938942182846546,50
294400,-6.723693376056146,50
294450,-12.655101644250395,50
294500,-7.401004865645179,50
294550,-16.48163176274534,50
294600,-17.177348699760145,50
294650,-15.384793073531183,50
294700,-8.061895438484383,50
294750,-11.973903413786408,50
294800,-3.7784482959887282,50
294850,-3.8722901174211546,50
294900,-9.146524065349293,50
294950,-5.192686973004545,50
295000,-2.4626197591995838,50
295050,-10.838086735896107,50
295100,-11.837713611967455,50
295150,-14.25170192391889,50
295200,-4.217802416276143,50
295250,-3.7621556676818626,50
295300,-6.070563358058786,50
295350,-6.105212382289922,50
295400,-6.607832151602503,50
295450,-12.281547267593947,50
295500,-4.75934549408361,50
295550,-5.581319838349695,50
295600,-13.960807075695671,50
295650,-15.630934004313387,50
295700,-3.3121423923331883,50
295750,-3.306500737666774,50
295800,-14.24815445068003,50
295850,-2.682720007369639,50
295900,-3.281224254996647,50
295950,-10.75048716202846,50
296000,-4.3756134474334525,50
296050,-14.740361250799717,50
296100,-9.829746098051697,50
296150,-6.687259751099572,50
296200,-7.0413509417998865,50
296250,-4.027028014625717,50
296300,-15.7475822696628,50
296350,-6.447730256201419,50
296400,-6.557892243269808,50
296450,-13.729470562447126,50
296500,-12.30050789908549,50
296550,-16.067736101849682,50
296600,-7.112284839906822,50
296650,-9.31768237628108,50
296700,-9.583178390738798,50
296750,-15.515557932892063,50
296800,-11.494443906173109,50
296850,-10.414803340654801,50
296900,-5.222538199103614,50
296950,-16.89853210531675,50
297000,-12.10072724487144,50
297050,-12.027449850982807,50
297100,-11.1840599341753,50
297150,-10.872388206980029,50
297200,-15.331396997460047,50
297250,-17.028940737026804,50
297300,-7.488501956142392,50
297350,-10.07460576951393,50
297400,-14.939667557572696,50
297450,-10.4395852778381,50
297500,-11.276501429944092,50
297550,-12.315093885729263,50
297600,-8.827780339560078,50
297650,-8.712657444636628,50
297700,-13.784328465608898,50
297750,-9.514534854096693,50
297800,-3.7210020853732675,50
297850,-5.599929385856093,50
297900,-13.965142355750757,50
297950,-8.238155436340943,50
298000,-10.897344286249313,50
298050,-17.26622365466292,50
298100,-12.122151100834762,50
298150,-1.889283865033383,50
298200,-11.416176872825268,50
298250,-9.526576287284099,50
298300,-8.401959861248459,50
298350,-6.387240699405037,50
298400,-11.405109920420138,50
298450,-9.765158831529565,50
298500,-10.007871972429163,50
298550,-17.134590173194024,50
298600,-2.7612666363698817,50
298650,-6.1652601314564865,50
298700,-18.485655757107853,50
298750,-13.701251390149936,50
298800,-10.830487535909922,50
298850,-3.2280141880924518,50
298900,-15.39974884674364,50
298950,-3.44402588772384,50
299000,-14.481851084109945,50
299050,-4.220800661776208,50
299100,-12.733711478642219,50
299150,-12.66098465597628,50
299200,-13.59934472420646,50
299250,-4.021953230734641,50
299300,-3.707573030452371,50
299350,-15.063461967117542,50
299400,-9.034870845897146,50
299450,-8.800425713245597,50
299500,-11.126569076364076,50
299550,-9.821416879555162,50
299600,-6.980619303322703,50
299650,-3.517435640174329,50
299700,-6.264539374550005,50
299750,-9.358362166236542,50
299800,-8.186537374655332,50
299850,-10.07497648416704,50
299900,-7.974909174044221,50
299950,-2.752369647817534,50
300000,-6.452841058118141,50
300050,-3.807046942988494,50
300100,-10.402873367858353,50
300150,-9.058856407979347,50
300200,-2.87928731227751,50
300250,-6.72357048932881,50
300300,-8.181977025163787,50
300350,-10.5019487511076,50
300400,-4.8339719614895,50
300450,-17.999687972672167,50
300500,-12.856856980489406,50
300550,-5.376517710516161,50
300600,-7.5048956269791525,50
300650,-7.372814428182699,50
300700,-3.461833004930134,50
300750,-3.7367485005216867,50
300800,-10.051861948080493,50
300850,-3.795783199807901,50
300900,-1.8180688287782556,50
300950,-2.4713195535384287,50
301000,-3.765548297944979,50
301050,-7.382986655868396,50
301100,-18.522055117804044,50
301150,-10.213550657718388,50
301200,-6.4788879051529,50
301250,-1.9008609882336907,50
301300,-10.95931091617952,50
301350,-10.184891897570653,50
301400,-3.9960019809628435,50
301450,-9.900343673438199,50
301500,-14.931572362136178,50
301550,-9.331931744364352,50
301600,-5.408948834351595,50
301650,-8.89112237423354,50
301700,-11.727777701881621,50
301750,-11.493269459013849,50
301800,-3.6557233487456777,50
301850,-11.883945228435524,50
301900,-3.416754599625677,50
301950,-16.82943559394772,50
302000,-1.4937384510839198,50
302050,-4.173011935086682,50
302100,-7.755972370051383,50
302150,-4.922956553971573,50
302200,-5.6207466088823015,50
302250,-4.094866920846716,50
302300,-3.5190625093772305,50
302350,-6.075271631178537,50
302400,-5.367227481758681,50
302450,-9.040763634648853,50
302500,-4.066078984189535,50
302550,-8.357910118237406,50
302600,-14.929755009873796,50
302650,-6.097817952320461,50
302700,-9.698372934795614,50
302750,-6.88163261249551,50
302800,-3.87848463037506,50
302850,-1.8786735091545956,50
302900,-15.777716366637382,50
302950,-15.800977491771441,50
303000,-5.001949856279499,50
303050,-4.966242759139007,50
303100,-3.015023404772608,50
303150,-8.790017441668391,50
303200,-11.042901596035962,50
303250,-15.260916903278448,50
303300,-10.006919356076478,50
303350,-7.1288130750582335,50
303400,-7.631178973904191,50
303450,-2.5254066741196097,50
303500,-14.799669007854982,50
303550,-2.8902476486897797,50
303600,-2.1402714775692093,50
303650,-4.062949425084717,50
303700,-16.053800396828322,50
303750,-3.4582862493970103,50
303800,-1.4971393556235606,50
303850,-3.7545781355355903,50
303900,-14.395976258523255,50
303950,-13.858418536956655,50
304000,-2.130392202107394,50
304050,-1.820646090689078,50
304100,-4.728985833076789,50
304150,-3.112485355498043,50
304200,-10.085935694122156,50
304250,-17.474227067871244,50
304300,-9.763185133512629,50
304350,-9.899216727101454,50
304400,-13.071185913719946,50
304450,-3.913338888612335,50
304500,-4.101139285967958,50
304550,-7.780108970557778,50
304600,-1.8990151767265395,50
304650,-3.67859309547784,50
304700,-12.287965593795914,50
304750,-2.958034841351676,50
304800,-8.164859225553384,50
304850,-15.513729651855362,50
304900,-2.005470841384565,50
304950,-13.541956031530427,50
305000,-3.627201343195274,50
305050,-6.222180912509197,50
305100,-6.517591209930238,50
305150,-6.125801987125491,50
305200,-10.461392544071584,50
305250,-14.87238191324428,50
305300,-8.808522768296173,50
305350,-4.608342456903756,50
305400,-5.533995254049935,50
305450,-4.615320189712644,50
305500,-10.830757147242752,50
305550,-16.40743609710313,50
305600,-2.001956187996127,50
305650,-10.657420936101776,50
305700,-9.652343521173954,50
305750,-6.7516569075481705,50
305800,-10.252837233095656,50
305850,-6.750854180005065,50
305900,-5.310677312001761,50
305950,-7.962148376504521,50
306000,-14.231328820533916,50
306050,-1.4429573356888639,50
306100,-5.6904965927635995,50
306150,-6.962343998080093,50
306200,-8.726382150452647,50
306250,-8.351172940595454,50
306300,-1.7455313048562273,50
306350,-7.317894659389079,50
306400,-5.234821173483635,50
306450,-16.213514067183002,50
306500,-3.9432957569083027,50
306550,-17.629112095179785,50
306600,-14.067620367720657,50
306650,-11.613933747616032,50
306700,-2.9813620193162076,50
306750,-14.661093069213532,50
306800,-4.921997296693601,50
306850,-7.255839442146603,50
306900,-1.7622329770137386,50
306950,-13.834001570183602,50
307000,-3.706793244161497,50
307050,-14.73386292169185,50
307100,-5.517902223470884,50
307150,-8.60124620241017,50
307200,-5.790664517359615,50
307250,-10.290009779606297,50
307300,-4.801757144423424,50
307350,-4.70857969473846,50
307400,-6.22390572542036,50
307450,-3.6690696830738165,50
307500,-3.7219041871785556,50
307550,-12.8029589418638,50
307600,-12.978036380983184,50
307650,-11.484824558010562,50
307700,-5.07944917521405,50
307750,-3.3353201005593616,50
307800,-7.370196061670994,50
307850,-7.34370929149017,50
307900,-4.210957882970906,50
307950,-9.482052136919886,50
308000,-9.242945917080958,50
308050,-2.938772403115891,50
308100,-2.226642182260655,50
308150,-10.910556827680429,50
308200,-7.436124314219917,50
308250,-4.975296612973387,50
308300,-15.062907393928757,50
308350,-12.022386638752565,50
308400,-13.38784278633297,50
308450,-11.565523361064745,50
308500,-13.625468988631447,50
308550,-2.937660287375263,50
308600,-7.975964830085851,50
308650,-2.0351446723804565,50
308700,-4.085155483918675,50
308750,-2.059561311634806,50
308800,-9.21740772732751,50
308850,-6.287633973150739,50
308900,-5.109489191218849,50
308950,-3.8149739439330674,50
309000,-2.9232361456351534,50
309050,-2.328431906690533,50
309100,-14.173994325645065,50
309150,-6.260583450115657,50
309200,-4.614306375514815,50
309250,-10.907202982781923,50
309300,-9.88239686715808,50
309350,-1.5506270071344073,50
309400,-5.647132842363166,50
309450,-7.635934619889332,50
309500,-5.328699107748676,50
309550,-12.010133475319014,50
309600,-1.8525432423954569,50
309650,-15.223359882770199,50
309700,-5.6668944487799635,50
309750,-11.644981451612578,50
309800,-6.60219412493655,50
309850,-4.764036164272827,50
309900,-9.29816248252209,50
309950,-6.646137559563514,50
310000,-2.852312108508808,50
310050,-5.358312257333931,50
310100,-9.980554072688204,50
310150,-6.098310442845108,50
310200,-11.271663327288184,50
310250,-14.059507636494015,50
310300,-10.289761284463513,50
310350,-11.381996066141925,50
310400,-3.870278622920836,50
310450,-8.756170772277676,50
310500,-11.19706797223933,50
310550,-6.461302871534651,50
310600,-7.002188819391274,50
310650,-1.6623014527857505,50
310700,-4.280743747055325,50
310750,-10.99712604320027,50
310800,-2.310275510886412,50
310850,-3.8596947872194454,50
310900,-10.419917976442282,50
310950,-10.874654207015759,50
311000,-2.647033614518245,50
311050,-3.225990242462359,50
311100,-10.021575457834407,50
311150,-10.056691074088878,50
311200,-10.991662648676614,50
311250,-5.851971861433081,50
311300,-15.721273591468245,50
311350,-4.104453745554377,50
311400,-8.261812392182787,50
311450,-2.070733029342113,50
311500,-9.045580166240834,50
311550,-4.383480181098923,50
311600,-8.990302430305565,50
311650,-5.611918482445732,50
311700,-12.721954923170658,50
311750,-13.285636843152876,50
311800,-2.2649589005331188,50
311850,-5.3284010678164355,50
311900,-18.01587084245969,50
311950,-6.382195057514909,50
312000,-13.380320483286244,50
312050,-4.930689732867613,50
312100,-12.894677888885447,50
312150,-6.213879676356078,50
312200,-1.943672791712265,50
312250,-5.389365594846047,50
312300,-11.860247913042683,50
312350,-15.361595646921867,50
312400,-13.030033999533934,50
312450,-12.767043652350402,50
312500,-4.685170983567573,50
312550,-2.1873959284667364,50
312600,-8.604163470168329,50
312650,-11.795509248675668,50
312700,-15.92432600700285,50
312750,-6.3110900033591335,50
312800,-16.546511431363598,50
312850,-4.389526776889125,50
312900,-11.254482215654923,50
312950,-11.462622006407964,50
313000,-3.8947631696886633,50
313050,-12.394559642912563,50
313100,-4.461978052671094,50
313150,-3.5165958743482952,50
313200,-2.9149109510529048,50
313250,-8.048349381820564,50
313300,-5.80649572428592,50
313350,-4.966949684952064,50
313400,-11.517192829877347,50
313450,-13.775604741039812,50
313500,-7.017247154806721,50
313550,-6.952316817291026,50
313600,-12.228921856473404,50
313650,-6.550955039752949,50
313700,-16.522048282550948,50
313750,-2.946682146314065,50
313800,-3.7453531794837858,50
313850,-2.768543788987042,50
313900,-4.8398591847101295,50
313950,-1.8088934599048108,50
314000,-9.754430461727987,50
314050,-11.91324875930669,50
314100,-11.732452820717052,50
314150,-12.908959986914482,50
314200,-3.8722977563206458,50
314250,-9.512932219032178,50
314300,-6.166731895479221,50
314350,-9.835220266473254,50
314400,-11.351639740728931,50
314450,-2.597838649414528,50
314500,-6.276207156886742,50
314550,-14.123239301920737,50
314600,-9.150462091641312,50
314650,-2.757741873192529,50
314700,-10.623508475492892,50
314750,-10.672004497010194,50
314800,-8.967314069065203,50
314850,-2.0045731758524026,50
314900,-6.823234010720133,50
314950,-6.698729757640561,50
315000,-4.1765152544962465,50
315050,-3.9963821528853924,50
315100,-12.600174625138921,50
315150,-10.757997307600014,50
315200,-10.381694489589195,50
315250,-15.25984041236145,50
315300,-8.542224684393636,50
315350,-4.909830413265607,50
315400,-3.2962462811586497,50
315450,-7.1226977124351984,50
315500,-9.706871881937772,50
315550,-5.627223537338945,50
315600,-12.953060597318958,50
315650,-3.7543283955996354,50
315700,-11.24984347054419,50
315750,-4.652762670987209,50
315800,-13.90648712029958,50
315850,-3.801526137881971,50
315900,-8.223719279423994,50
315950,-13.682614672452603,50
316000,-5.128681524133942,50
316050,-2.935629426828099,50
316100,-7.79694755854058,50
316150,-10.517340896447859,50
316200,-3.7491226515440244,50
316250,-2.414917388888182,50
316300,-8.436403849233038,50
316350,-15.625956794072481,50
316400,-1.4368923846962058,50
316450,-6.976224687192853,50
316500,-2.764349911748165,50
316550,-5.999532884127685,50
316600,-9.390293475007208,50
316650,-8.475762967322611,50
316700,-4.681496458053481,50
316750,-13.326352059139323,50
316800,-9.042225794513962,50
316850,-7.718871087420627,50
316900,-3.4540539273019375,50
316950,-2.094230629847789,50
317000,-3.3598253354588445,50
317050,-3.0790793917375208,50
317100,-15.688882838849597,50
317150,-11.092322905153978,50
317200,-8.375060919864305,50
317250,-2.9570759410184713,50
317300,-4.708961692691705,50
317350,-5.033995606390453,50
317400,-7.954257416702436,50
317450,-7.462872571970575,50
317500,-3.8468230117891324,50
317550,-18.02530880157021,50
317600,-10.686340348031646,50
317650,-1.690843061730625,50
317700,-17.976005852858584,50
317750,-4.075064398237284,50
317800,-9.075044610323767,50
317850,-3.1760651751600246,50
317900,-6.4286415784517645,50
317950,-8.131108432960238,50
318000,-16.647475453070694,50
318050,-4.023891524274322,50
318100,-12.580174099736015,50
318150,-7.130806557718067,50
318200,-13.200078730350915,50
318250,-4.5383412910874545,50
318300,-6.661458611186346,50
318350,-11.185239588208253,50
318400,-5.702665460099188,50
318450,-13.808162920275564,50
318500,-7.2104851539015895,50
318550,-1.3262119524061073,50
318600,-3.7390965261188307,50
318650,-13.465060705443895,50
318700,-17.526620359994237,50
318750,-4.450148931135328,50
318800,-9.695839787717196,50
318850,-2.432535866149955,50
318900,-9.876163462178848,50
318950,-11.18180605991475,50
319000,-10.310032315041989,50
319050,-2.304696080795737,50
319100,-1.2376410957135904,50
319150,-8.999272313114822,50
319200,-8.219585015509313,50
319250,-8.575492641486337,50
319300,-11.788843668020842,50
319350,-11.792618802643315,50
319400,-14.840972026646618,50
319450,-1.5069977996295472,50
319500,-6.681240523587508,50
319550,-11.181689404491477,50
319600,-9.154361695037686,50
319650,-7.606154396856947,50
319700,-8.825068348898169,50
319750,-10.778095019421308,50
319800,-17.824759673414224,50
319850,-5.3472007188677075,50
319900,-10.946067451149995,50
319950,-1.7343093976280568,50
320000,-9.269565902226923,50
320050,-4.212452668298429,50
320100,-12.429851803093914,50
320150,-6.535271611262413,50
320200,-3.186707486281736,50
320250,-4.342252514089364,50
320300,-10.226867395682623,50
320350,-15.926631796826051,50
320400,-6.604238066303678,50
320450,-7.89839434002633,50
320500,-10.342824116484705,50
320550,-12.529127888854156,50
320600,-9.62739999924909,50
320650,-15.450631404732764,50
320700,-7.928662916017165,50
320750,-8.604233561855285,50
320800,-7.111562018412712,50
320850,-8.258915719838269,50
320900,-3.9470084541270936,50
320950,-6.902636617221661,50
321000,-12.462718036815565,50
321050,-10.850839362353513,50
321100,-6.42403067684721,50
321150,-8.05853295546251,50
321200,-12.820027485838215,50
321250,-6.560004099935987,50
321300,-11.216875245974236,50
321350,-13.371521823442023,50
321400,-14.762393405571641,50
321450,-0.8856369962300861,50
321500,-5.159674645931323,50
321550,-14.210587078686688,50
321600,-10.83079550964383,50
321650,-2.4237317437831463,50
321700,-7.449674868379636,50
321750,-6.93270539702747,50
321800,-14.636155725312603,50
321850,-2.827229764303545,50
321900,-9.693302052218034,50
321950,-3.6138423921406386,50
322000,-9.264421445247741,50
322050,-6.1131639692541855,50
322100,-8.174719207457976,50
322150,-14.812644186471823,50
322200,-15.976425139282338,50
322250,-3.3807660264680917,50
322300,-4.941262095712003,50
322350,-5.544692439631446,50
322400,-6.714105876877125,50
322450,-5.638111344660803,50
322500,-7.8302943804349665,50
322550,-7.400404449924153,50
322600,-10.548462773276718,50
322650,-3.5670573322719297,50
322700,-5.875682821466671,50
322750,-4.0928099767907495,50
322800,-9.765984417801453,50
322850,-14.00368158707017,50
322900,-4.470757781536073,50
322950,-11.88627359174123,50
323000,-12.216239896652143,50
323050,-9.229433113899267,50
323100,-7.092014500507773,50
323150,-5.270551011857059,50
323200,-9.492485911308439,50
323250,-11.514726263223938,50
323300,-8.386757430934274,50
323350,-15.634506595887583,50
323400,-17.148671255759464,50
323450,-3.9263193143900903,50
323500,-7.964075887621307,50
323550,-4.544384127042897,50
323600,-7.434814483594601,50
323650,-8.49922708397787,50
323700,-5.1479683266372325,50
323750,-9.107218554069373,50
323800,-6.2640644784712585,50
323850,-11.10739361292236,50
323900,-10.160694357771886,50
323950,-5.471195440138089,50
324000,-8.349340513465835,50
324050,-7.249529058700152,50
324100,-8.10575229379852,50
324150,-15.90533437992049,50
324200,-12.10428588650287,50
324250,-3.28392196716727,50
324300,-14.202422579244642,50
324350,-8.47848233300208,50
324400,-4.812179934151835,50
324450,-9.149867212589916,50
324500,-5.753963339803507,50
324550,-10.33165848691581,50
324600,-4.438893990455812,50
324650,-7.962506052686616,50
324700,-13.915725877316099,50
324750,-10.849854922057133,50
324800,-2.0339272074079595,50
324850,-14.61103087566819,50
324900,-7.214998668915974,50
324950,-7.247082809757921,50
325000,-8.099811510390477,50
325050,-4.216356436567961,50
325100,-9.160265829669436,50
325150,-3.9228343882784333,50
325200,-10.324024406322852,50
325250,-5.624425117347545,50
325300,-5.210646278888884,50
325350,-17.827509976835223,50
325400,-15.753369466287985,50
325450,-9.768450121476523,50
325500,-8.893846097485358,50
325550,-6.198291966860011,50
325600,-2.083856877825064,50
325650,-9.82098300362502,50
325700,-4.105495477571929,50
325750,-6.543082465505217,50
325800,-12.342928034966098,50
325850,-11.170508582681729,50
325900,-12.23220784246844,50
325950,-6.272316504851968,50
326000,-15.282528908548748,50
326050,-9.304849105762223,50
326100,-5.12350894972194,50
326150,-9.434468212074911,50
326200,-4.8100806905304205,50
326250,-5.575047888506408,50
326300,-10.816244524082098,50
326350,-16.078768637514738,50
326400,-2.420375850400208,50
326450,-2.3470645217117805,50
326500,-4.601232496068929,50
326550,-6.098551353265544,50
326600,-15.072385778987387,50
326650,-9.55387325269704,50
326700,-5.300643809881265,50
326750,-4.078614993390585,50
326800,-7.47461577402169,50
326850,-5.908958307112731,50
326900,-11.575388358769505,50
326950,-16.030767362360653,50
327000,-5.960255329183454,50
327050,-10.070934356432637,50
327100,-5.002653797845302,50
327150,-9.802435605024368,50
327200,-4.6754893225337755,50
327250,-1.880873470968194,50
327300,-3.174523165988274,50
327350,-13.61992780637147,50
327400,-12.846501231733532,50
327450,-12.122443452478818,50
327500,-3.206211342760625,50
327550,-4.095589742671558,50
327600,-3.142775759658531,50
327650,-1.9837631366656414,50
327700,-3.226526784511377,50
327750,-4.62074849130458,50
327800,-6.204166792831976,50
327850,-2.2345188968239276,50
327900,-4.565977452395975,50
327950,-4.914707505824613,50
328000,-7.150715147398217,50
328050,-3.2299214803588696,50
328100,-12.017105058359142,50
328150,-13.198070009615087,50
328200,-10.754681103954981,50
328250,-11.133696127329124,50
328300,-9.807012721470779,50
328350,-4.7669796210255235,50
328400,-13.204170943167966,50
328450,-8.528739558955705,50
328500,-11.31594599283637,50
328550,-13.866764107615918,50
328600,-12.8264852951198,50
328650,-1.960899972068592,50
328700,-2.108706927757155,50
328750,-8.54016801327041,50
328800,-16.272815908408145,50
328850,-8.435188960706219,50
328900,-15.926183142320799,50
328950,-2.260134165522101,50
329000,-5.681501177038786,50
329050,-16.224529563522932,50
329100,-5.304350717594181,50
329150,-17.52393825799761,50
329200,-7.725770960005247,50
329250,-2.2923311721657367,50
329300,-7.975462438563391,50
329350,-7.744683422316822,50
329400,-15.036122456209986,50
329450,-6.7109750969242175,50
329500,-2.492774530777227,50
329550,-2.474311226455757,50
329600,-8.903067302177426,50
329650,-4.603022176803351,50
329700,-2.6130941808265225,50
329750,-9.524532405296899,50
329800,-5.842341017539639,50
329850,-11.089718925438316,50
329900,-4.079284811407572,50
329950,-2.452990148382033,50
330000,-5.6097520058600425,50
330050,-16.3322286045226,50
330100,-11.201002201350704,50
330150,-8.193306740120006,50
330200,-3.9777892832347876,50
330250,-2.1181929159316635,50
330300,-6.590843533426725,50
330350,-7.042260674185279,50
330400,-4.31675640198415,50
330450,-7.2881875206915945,50
330500,-8.010793698634957,50
330550,-4.73030339773145,50
330600,-9.749046403763735,50
330650,-6.215640841128266,50
330700,-6.850176915808806,50
330750,-2.46678258268678,50
330800,-7.6421058636413735,50
330850,-4.467530592286043,50
330900,-2.9219718280954474,50
330950,-10.094045949483116,50
331000,-10.484000219940295,50
331050,-5.927840226931333,50
331100,-10.041787694252136,50
331150,-3.6988976842881205,50
331200,-11.612481755760049,50
331250,-7.891401939300798,50
331300,-7.03905420013429,50
331350,-2.7010804396962915,50
331400,-7.861533138178446,50
331450,-18.837327562805942,50
331500,-3.93134333125287,50
331550,-4.651048899246673,50
331600,-18.20621116688201,50
331650,-4.7734649334428205,50
331700,-3.8332949971461714,50
331750,-13.304174374093689,50
331800,-3.0809254944337487,50
331850,-14.514014914819146,50
331900,-7.34426718655281,50
331950,-5.837304551284459,50
332000,-4.042211011479976,50
332050,-4.301200488931489,50
332100,-8.576715834560051,50
332150,-2.516975391852925,50
332200,-4.331229091254647,50
332250,-7.464315859635546,50
332300,-3.4472794156257183,50
332350,-11.049884751518722,50
332400,-11.59486892179157,50
332450,-14.539171003805206,50
332500,-8.735152525811475,50
332550,-7.749435430829113,50
332600,-8.011465539501181,50
332650,-16.690735015452738,50
332700,-7.4352540595795364,50
332750,-12.962214291241112,50
332800,-3.5815084460736806,50
332850,-15.580602545206322,50
332900,-4.936469254680741,50
332950,-3.6566257376945623,50
333000,-13.384476260200831,50
333050,-1.8791632223010855,50
333100,-8.181259318415075,50
333150,-8.727255365004075,50
333200,-12.20762097340704,50
333250,-3.656399933843427,50
333300,-3.5722187579527644,50
333350,-18.10229073173739,50
333400,-5.1339700984521155,50
333450,-2.1234591264610003,50
333500,-7.381138835090671,50
333550,-6.58209686786862,50
333600,-12.368073451359178,50
333650,-16.139207737747242,50
333700,-3.188874879465544,50
333750,-9.127475516137235,50
333800,-8.276831773012747,50
333850,-1.966735000902858,50
333900,-18.438267241549926,50
333950,-6.959847584621058,50
334000,-14.658883135457781,50
334050,-5.850809459436606,50
334100,-14.755948670167776,50
334150,-6.68064120035513,50
334200,-3.546933010841124,50
334250,-6.821957808242888,50
334300,-12.623010352305284,50
334350,-1.816506813417378,50
334400,-15.902492974469697,50
334450,-6.126829008142593,50
334500,-10.426513405165915,50
334550,-3.989111635244069,50
334600,-12.315113660673566,50
334650,-2.8291541814723247,50
334700,-10.921752293509387,50
334750,-4.672403558070357,50
334800,-3.9931639930472866,50
334850,-7.229678917723033,50
334900,-2.3438309388663954,50
334950,-11.503399620643236,50
335000,-2.793893834587953,50
335050,-8.482971082180558,50
335100,-4.9552186309525945,50
335150,-3.3979208444026514,50
335200,-13.154882595768072,50
335250,-3.8201334977842976,50
335300,-3.591332120184462,50
335350,-3.8239046859264896,50
335400,-9.88191496216026,50
335450,-13.489803054658942,50
335500,-5.003662789004974,50
335550,-5.090420826815403,50
335600,-2.2192221670830627,50
335650,-3.104564343171772,50
335700,-13.278501482134434,50
335750,-9.80747583334142,50
335800,-10.101388063045729,50
335850,-7.862338694149678,50
335900,-3.8464260126447107,50
335950,-14.562804202797166,50
336000,-12.855558467434221,50
336050,-12.981482181618007,50
336100,-3.683240231833065,50
336150,-15.114776323317827,50
336200,-15.803971107687362,50
336250,-11.006491571060728,50
336300,-2.05657856768317,50
336350,-2.3143895051826657,50
336400,-15.015149796958905,50
336450,-7.511342184340707,50
336500,-1.9418099445552384,50
336550,-15.795411088780842,50
336600,-4.013893512719803,50
336650,-3.282524633323117,50
336700,-10.847753044758159,50
336750,-14.050512894183907,50
336800,-16.474881121375944,50
336850,-16.66630081674721,50
336900,-15.18483205444536,50
336950,-8.898876407568045,50
337000,-17.76867249237853,50
337050,-11.352341836630437,50
337100,-2.799020497154875,50
337150,-13.312312707167015,50
337200,-9.305347541166087,50
337250,-10.593841978065482,50
337300,-9.168553218734898,50
337350,-12.679497098250692,50
337400,-15.294222896252448,50
337450,-8.704922485632917,50
337500,-15.005729262975603,50
337550,-8.440152202284333,50
337600,-2.8324059212420427,50
337650,-4.135569492722778,50
337700,-16.231813097513257,50
337750,-11.284771281011752,50
337800,-13.561119134192467,50
337850,-4.755945676233218,50
337900,-6.624187404479563,50
337950,-10.054209872920321,50
338000,-6.412517264626254,50
338050,-3.5128939009180824,50
338100,-7.220660765631445,50
338150,-4.811058358460171,50
338200,-12.936514812232385,50
338250,-6.0580412715302145,50
338300,-2.706568036801405,50
338350,-11.55258207256312,50
338400,-4.919210197113164,50
338450,-5.027820083723684,50
338500,-17.267118487500973,50
338550,-2.10727120174075,50
338600,-7.188859243972043,50
338650,-5.428096262769183,50
338700,-6.962539924100684,50
338750,-4.688364932846449,50
338800,-11.101404963019016,50
338850,-5.629599931416912,50
338900,-3.6736518059531664,50
338950,-2.6032882911340898,50
339000,-13.56598604310079,50
339050,-12.681205199497125,50
339100,-5.22176661404427,50
339150,-6.284967564188215,50
339200,-4.730815219089336,50
339250,-7.671670158088283,50
339300,-8.801607427870053,50
339350,-8.063395605535886,50
339400,-3.612671016091122,50
339450,-10.171786215854452,50
339500,-12.68007557236953,50
339550,-3.456707032041898,50
339600,-2.9585061855067956,50
339650,-10.38088302521446,50
339700,-14.816784046753767,50
339750,-12.363498048280237,50
339800,-13.63705131120712,50
339850,-16.391626144318096,50
339900,-2.4542238815808206,50
339950,-12.864290494542193,50
340000,-11.922893742290604,50
340050,-5.6173603430990156,50
340100,-1.7344971157631799,50
340150,-10.27327404109555,50
340200,-17.738157941314537,50
340250,-3.4445696990284618,50
340300,-13.896318822079694,50
340350,-2.5449807274436784,50
340400,-16.36134494870337,50
340450,-16.584037547214656,50
340500,-8.421542527460874,50
340550,-11.644651944553774,50
340600,-15.020297746824946,50
340650,-10.341535725210484,50
340700,-11.250952249374512,50
340750,-2.6153341948240265,50
340800,-7.757972218170123,50
340850,-8.157872414504462,50
340900,-4.057773425989006,50
340950,-8.90990823915493,50
341000,-4.601248317712538,50
341050,-6.451166909380459,50
341100,-7.888293244860632,50
341150,-2.954375828103905,50
341200,-14.249097177844002,50
341250,-10.6732056903822,50
341300,-8.926962412121284,50
341350,-16.653110874837385,50
341400,-8.616342513561221,50
341450,-3.6659465169407275,50
341500,-2.552105601624946,50
341550,-2.4447710703002485,50
341600,-4.480806726979634,50
341650,-9.90197206568266,50
341700,-10.483861060182425,50
341750,-7.154960081624988,50
341800,-2.954199901601561,50
341850,-4.316343210490803,50
341900,-4.271283017256638,50
341950,-7.875851984052107,50
342000,-5.204583845033098,50
342050,-3.9780769970485474,50
342100,-14.631691322261009,50
342150,-2.538010110212871,50
342200,-2.221606824522019,50
342250,-12.86568981050037,50
342300,-3.3590582984567052,50
342350,-13.021198415288767,50
342400,-4.474276149045177,50
342450,-6.385574039743483,50
342500,-11.088305068379094,50
342550,-6.136994102263479,50
342600,-10.444861985883035,50
342650,-11.521466736642997,50
342700,-7.491699615001715,50
342750,-2.3683902921147224,50
342800,-6.749476303936964,50
342850,-8.027756632817619,50
342900,-2.733098269198143,50
342950,-11.078359278646793,50
343000,-16.222973404466295,50
343050,-3.33415033669443,50
343100,-3.8524435585500143,50
343150,-5.792876912870364,50
343200,-4.925586796364022,50
343250,-9.29027327085411,50
343300,-14.791396700318305,50
343350,-12.47824312137071,50
343400,-7.969289262674602,50
343450,-9.636600435861347,50
343500,-6.290767015710807,50
343550,-10.48990626066408,50
343600,-10.892494437725839,50
343650,-2.890123455410299,50
343700,-4.6540411141666205,50
343750,-12.816675786641015,50
343800,-4.408820203950941,50
343850,-5.074357815125167,50
343900,-2.957892325825387,50
343950,-4.3192237785545835,50
344000,-10.814166869439847,50
344050,-11.540240846867258,50
344100,-2.136782249235899,50
344150,-12.620938720129908,50
344200,-3.9329858159037134,50
344250,-8.395399546963922,50
344300,-2.3117929283601777,50
344350,-11.38818030400959,50
344400,-14.031346690568533,50
344450,-3.7372097231991166,50
344500,-8.529191192032846,50
344550,-2.985598188909644,50
344600,-7.388194167557024,50
344650,-15.735313463391249,50
344700,-8.073048051946852,50
344750,-2.2988826589678024,50
344800,-4.515915174501695,50
344850,-12.007954161182097,50
344900,-2.7644071226167872,50
344950,-12.423411096415702,50
345000,-16.146418026637452,50
345050,-5.9657558215562885,50
345100,-9.13548326350922,50
345150,-12.968976227799326,50
345200,-11.966361467667332,50
345250,-13.660246437375692,50
345300,-12.482028231474608,50
345350,-16.24117248603195,50
345400,-3.271223284892593,50
345450,-16.025639952970614,50
345500,-11.109987725284286,50
345550,-7.494697570762434,50
345600,-13.391197164912825,50
345650,-2.3872930459710955,50
345700,-8.364513891197078,50
345750,-6.140260947612981,50
345800,-8.047806327184071,50
345850,-8.234191966024522,50
345900,-7.77971086007005,50
345950,-15.508123569491932,50
346000,-13.521254637917874,50
346050,-7.4360582199429395,50
346100,-8.35690697357896,50
346150,-2.085429156244971,50
346200,-13.11556052850688,50
346250,-3.3861628477864256,50
346300,-12.563088330392407,50
346350,-6.382821698439321,50
346400,-7.087340165245872,50
346450,-8.768020614227172,50
346500,-2.7570232153261642,50
346550,-3.8240971733685414,50
346600,-11.319780607851126,50
346650,-8.632142963784615,50
346700,-4.448477228747113,50
346750,-12.359287840378514,50
346800,-12.821532231303971,50
346850,-9.969128429305783,50
346900,-9.722750821038911,50
346950,-3.3613409001985937,50
347000,-2.2426756990364916,50
347050,-2.2431176989368233,50
347100,-15.416561099222388,50
347150,-9.944475390116441,50
347200,-5.600462122726477,50
347250,-10.55209663909324,50
347300,-10.625709059471323,50
347350,-9.38180981572489,50
347400,-8.040045943025412,50
347450,-6.520855805459773,50
347500,-4.922906557599999,50
347550,-3.7342199607455258,50
347600,-10.733968742944466,50
347650,-3.2631199446302737,50
347700,-12.292389583720567,50
347750,-3.354161183014374,50
347800,-15.626649654622952,50
347850,-3.4106256538214152,50
347900,-11.33732748644185,50
347950,-3.7253463564113884,50
348000,-4.771244337563861,50
348050,-4.163058062378354,50
348100,-10.161875334516298,50
348150,-9.971300090830004,50
348200,-8.110776552638463,50
348250,-5.783132344645707,50
348300,-13.87026878329964,50
348350,-11.546290162621496,50
348400,-8.52688960923325,50
348450,-9.840483044534562,50
348500,-3.7135683993698887,50
348550,-7.954115053391594,50
348600,-2.8938911166619037,50
348650,-4.810540940105339,50
348700,-3.1741862586110203,50
348750,-3.3969545264081233,50
348800,-12.419242832216193,50
348850,-4.620942721000329,50
348900,-5.096580117668795,50
348950,-8.202316065346091,50
349000,-2.2698983737407175,50
349050,-11.081447933312315,50
349100,-4.330838435644764,50
349150,-5.0276373173485736,50
349200,-3.316839998514647,50
349250,-9.617392119843645,50
349300,-9.563481626983748,50
349350,-9.18608948337057,50
349400,-2.9569712790994465,50
349450,-4.982660970066314,50
349500,-5.094009723512605,50
349550,-8.383449253143828,50
349600,-17.457839301644555,50
349650,-9.823488479955678,50
349700,-6.208450068012401,50
349750,-7.626450269226457,50
349800,-9.196127065912247,50
349850,-14.14471243206941,50
349900,-9.511592588611043,50
349950,-11.05722067184395,50
350000,-8.326636895547056,50
350050,-7.960421767588826,50
350100,-11.593719119489455,50
350150,-3.265082497947002,50
350200,-11.173282901482043,50
350250,-11.678307353090261,50
350300,-3.98932955443905,50
350350,-10.465611549428704,50
350400,-10.143848039334104,50
350450,-15.699529612832185,50
350500,-6.2866078334971665,50
350550,-4.302125559511492,50
350600,-2.5109430700479427,50
350650,-2.5931537579595867,50
350700,-17.12153322283782,50
350750,-8.01433202183852,50
350800,-8.717877876048712,50
350850,-5.147243726571626,50
350900,-5.106002708839681,50
350950,-3.163977134386925,50
351000,-3.649103461281088,50
351050,-8.282118508637316,50
351100,-7.738621335075231,50
351150,-9.05112546969327,50
351200,-8.530872845852844,50
351250,-15.080293593176677,50
351300,-7.481663100089097,50
351350,-3.3807229973500452,50
351400,-10.178443317151716,50
351450,-14.089761837603104,50
351500,-2.3906222954727956,50
351550,-9.12535493195905,50
351600,-7.175683908056403,50
351650,-3.5749209358811505,50
351700,-2.3007357402998134,50
351750,-7.702718010547518,50
351800,-9.22185474960028,50
351850,-4.663818583126932,50
351900,-5.721587181139096,50
351950,-8.825458314310586,50
352000,-3.1137987466594033,50
352050,-2.551679269616881,50
352100,-4.069172585633485,50
352150,-8.2593765741112,50
352200,-7.716177719892256,50
352250,-5.960427330193048,50
352300,-3.962345892087131,50
352350,-10.136494793223271,50
352400,-10.861502261367322,50
352450,-4.491808815043262,50
352500,-12.062854086347834,50
352550,-12.140677041280586,50
352600,-9.770819661882644,50
352650,-9.016806009623208,50
352700,-10.26198038320969,50
352750,-8.665955069885676,50
352800,-2.136182805511759,50
352850,-13.761755410862982,50
352900,-17.999704704762333,50
352950,-5.422240485520979,50
353000,-2.519952469112485,50
353050,-9.239853847160745,50
353100,-8.96615228662058,50
353150,-7.988279733221748,50
353200,-5.273266062378586,50
353250,-4.357246540199121,50
353300,-8.635170601597165,50
353350,-2.4129567732186774,50
353400,-7.165863451578223,50
353450,-11.224069922827624,50
353500,-12.556207984075812,50
353550,-12.700374333832128,50
353600,-6.076147746083495,50
353650,-14.175202634654433,50
353700,-3.653979347715322,50
353750,-13.726976204063114,50
353800,-4.130156904521456,50
353850,-3.4949420794671764,50
353900,-11.365384176398937,50
353950,-3.300673383383067,50
354000,-10.973748418014905,50
354050,-11.859213742131082,50
354100,-4.527887261777963,50
354150,-2.2696928061458643,50
354200,-3.246387622374841,50
354250,-12.496856171731123,50
354300,-14.535774332666634,50
354350,-13.865213135504856,50
354400,-12.082246049004493,50
354450,-6.227340953642795,50
354500,-4.3199570615082905,50
354550,-16.36239484462573,50
354600,-4.2224878202736145,50
354650,-2.4069347250026953,50
354700,-3.1709158253019134,50
354750,-10.788098933008232,50
354800,-11.501302990213427,50
354850,-10.810326076624088,50
354900,-15.257278858184083,50
354950,-3.8127530174605977,50
355000,-6.702748828259138,50
355050,-9.740197337870315,50
355100,-9.856052533829587,50
355150,-8.304271821726436,50
355200,-3.0377014678970435,50
355250,-3.110757268276709,50
355300,-13.56046052771216,50
355350,-15.35896728214016,50
355400,-6.415299195801187,50
355450,-8.841005463756378,50
355500,-7.281896303910516,50
355550,-2.8515845562602733,50
355600,-8.66603744404163,50
355650,-4.969498449972159,50
355700,-1.9841269159033845,50
355750,-13.826478384365034,50
355800,-2.6529409339793393,50
355850,-4.873450141570291,50
355900,-6.488849699603144,50
355950,-2.917724441266659,50
356000,-9.96286650837022,50
356050,-11.959237000422387,50
356100,-10.478517832656657,50
356150,-2.2985833623192597,50
356200,-14.730889964212185,50
356250,-9.383552564089598,50
356300,-3.1988831340551203,50
356350,-4.228913309841871,50
356400,-12.308201238681855,50
356450,-3.2307875955405607,50
356500,-14.618783200162646,50
356550,-8.50126054253642,50
356600,-2.3017325613532447,50
356650,-11.72594653929975,50
356700,-2.1943235636305465,50
356750,-14.787627412501378,50
356800,-9.861342674284908,50
356850,-4.429176021718116,50
356900,-3.570252237392123,50
356950,-8.1303214493346,50
357000,-3.727074338657463,50
357050,-5.101511834801539,50
357100,-5.007156171706531,50
357150,-6.0616892876434365,50
357200,-12.055101261744221,50
357250,-2.288572864711847,50
357300,-7.212293929318799,50
357350,-3.624102318048155,50
357400,-6.908500108246619,50
357450,-3.8696866894817368,50
357500,-2.417405134039044,50
357550,-2.2585880777823455,50
357600,-14.846221521136343,50
357650,-6.709256593541934,50
357700,-12.291485932626271,50
357750,-4.98175916285665,50
357800,-4.3910791414197,50
357850,-2.5903898302420068,50
357900,-7.6838225818148445,50
357950,-9.004073085723187,50
358000,-14.251447492849456,50
358050,-2.8963010604167287,50
358100,-2.3456550468607125,50
358150,-5.0681611497099235,50
358200,-9.603974270980459,50
358250,-5.41413431820907,50
358300,-5.305027863702663,50
358350,-15.999924679868883,50
358400,-4.855534151025205,50
358450,-2.774291244089496,50
358500,-6.777768680428863,50
358550,-6.553792554951123,50
358600,-15.606959749919143,50
358650,-9.837576805726071,50
358700,-4.662205378231876,50
358750,-4.4304777263265676,50
358800,-2.663472666318659,50
358850,-9.564856087381745,50
358900,-12.559380132474704,50
358950,-4.067763295729836,50
359000,-5.300778391691857,50
359050,-11.442046120360377,50
359100,-4.258065196390954,50
359150,-8.257841851953271,50
359200,-8.953268182120462,50
359250,-6.083961551079642,50
359300,-11.62246370782699,50
359350,-14.241504446343296,50
359400,-2.939758666506878,50
359450,-2.395735627032215,50
359500,-3.84444735476724,50
359550,-2.4278960783270755,50
359600,-16.82160782207636,50
359650,-15.493791791485085,50
359700,-2.778406188582864,50
359750,-6.633274610555353,50
359800,-8.262654575146708,50
359850,-10.82736749893887,50
359900,-5.472761180449593,50
359950,-13.597891692900346,50
360000,-16.865942224157607,50
360050,-10.567167529706477,50
360100,-6.462713955680127,50
360150,-14.388824425168574,50
360200,-3.032010808823799,50
360250,-12.01789042929051,50
360300,-7.7930347154117605,50
360350,-14.89399848529663,50
360400,-14.045659354860481,50
360450,-13.053203792856538,50
360500,-5.7792848783137,50
360550,-15.165431453880187,50
360600,-8.130485725553868,50
360650,-10.659804091931381,50
360700,-14.138640544886211,50
360750,-7.755645068810735,50
360800,-3.290827629231098,50
360850,-17.26172561810604,50
360900,-3.8449375281618967,50
360950,-4.887674528674429,50
361000,-11.938061105901172,50
361050,-8.485907506222826,50
361100,-1.8317082193803471,50
361150,-13.190583909931231,50
361200,-3.4622770316879903,50
361250,-13.587429912096644,50
361300,-14.950829686871362,50
361350,-9.936392350462627,50
361400,-4.632023377234308,50
361450,-2.2915585776313256,50
361500,-4.360372597709996,50
361550,-14.399442474671714,50
361600,-6.8663004030132,50
361650,-4.852957878664009,50
361700,-14.99708364063194,50
361750,-9.400807130674387,50
361800,-6.634994536195761,50
361850,-7.723944739011037,50
361900,-11.293007759630413,50
361950,-2.7141217907541995,50
362000,-7.377073309341168,50
362050,-13.475960175997212,50
362100,-7.6305324615937975,50
362150,-11.415851982715413,50
362200,-4.28692053776312,50
362250,-3.5834017659662756,50
362300,-8.989454214754657,50
362350,-6.04687023908248,50
362400,-16.114386987116642,50
362450,-8.159224823182297,50
362500,-7.04438850354727,50
362550,-3.165430194381648,50
362600,-13.086181404558282,50
362650,-10.175520824595226,50
362700,-6.146207749963295,50
362750,-16.638534529170855,50
362800,-2.8282171163470697,50
362850,-2.4344161935473787,50
362900,-7.387355670886148,50
362950,-3.5079325098650966,50
363000,-8.526189720153694,50
363050,-3.9826277706854634,50
363100,-4.641776146552398,50
363150,-8.97980888298918,50
363200,-15.948145463965515,50
363250,-4.604937797747939,50
363300,-2.793777011852166,50
363350,-10.639548535612565,50
363400,-3.4943121891504987,50
363450,-13.151989678421383,50
363500,-13.509590123187767,50
363550,-2.363262293415718,50
363600,-4.161467079196669,50
363650,-5.856262033857,50
363700,-7.943622428404205,50
363750,-11.917545535994122,50
363800,-6.986467995883601,50
363850,-9.645815620949433,50
363900,-5.261185344252311,50
363950,-15.978775727840913,50
364000,-4.524344787142785,50
364050,-17.09027446656204,50
364100,-2.825889192654338,50
364150,-18.180389365870017,50
364200,-3.9916892263396013,50
364250,-15.678612534135507,50
364300,-17.46462263540646,50
364350,-2.4694551817011043,50
364400,-13.214655720851052,50
364450,-10.979444643782347,50
364500,-12.254901691293068,50
364550,-14.832848401418259,50
364600,-4.366664428221618,50
364650,-9.089385930791076,50
364700,-2.9282117499441926,50
364750,-3.1834080452113485,50
364800,-3.595525284131911,50
364850,-2.8603909504499665,50
364900,-4.863584994249002,50
364950,-4.310174604923788,50
365000,-2.073724418015897,50
365050,-4.466373851016306,50
365100,-9.6467944380566,50
365150,-6.138291563744172,50
365200,-2.8921537848412084,50
365250,-5.921406815195128,50
365300,-2.7817517345566136,50
365350,-4.001110771232232,50
365400,-5.232762245074581,50
365450,-4.8650112379570025,50
365500,-5.639814976921906,50
365550,-2.817974576490054,50
365600,-16.299144009779376,50
365650,-4.840775438515007,50
365700,-11.507198651570842,50
365750,-3.621389392338693,50
365800,-13.377669040644124,50
365850,-12.400347635065787,50
365900,-5.098952866528548,50
365950,-13.584946048353096,50
366000,-16.112499571016528,50
366050,-9.627620613058532,50
366100,-12.052772103359793,50
366150,-8.698860713128804,50
366200,-8.328230473300078,50
366250,-4.151620019050217,50
366300,-4.853856915267893,50
366350,-3.2890042535822173,50
366400,-3.627440008761322,50
366450,-13.91150548352641,50
366500,-2.4055520425193384,50
366550,-14.7954771473398,50
366600,-3.366757767087998,50
366650,-4.45195267055554,50
366700,-10.474882603546805,50
366750,-7.265749725310891,50
366800,-2.4987222213005538,50
366850,-4.516458818940532,50
366900,-11.443880755323294,50
366950,-6.50308684718187,50
367000,-17.577358553538822,50
367050,-5.388142561535748,50
367100,-5.1287349189460185,50
367150,-5.2715843584790445,50
367200,-8.086175512377322,50
367250,-12.384771861810284,50
367300,-11.270562246539622,50
367350,-15.304637331252122,50
367400,-12.207078663513082,50
367450,-3.6637496448939944,50
367500,-1.9236782232619427,50
367550,-2.0949324043265536,50
367600,-11.630060068537876,50
367650,-15.731709681213168,50
367700,-14.859497650654472,50
367750,-4.114261251338122,50
367800,-8.895571509504384,50
367850,-6.353603552525801,50
367900,-2.1368191657994795,50
367950,-15.151534176895286,50
368000,-2.6787406308094774,50
368050,-4.26904751298652,50
368100,-3.7492880138235347,50
368150,-6.809055559608196,50
368200,-4.670979632943648,50
368250,-11.26332227098476,50
368300,-16.84244727883707,50
368350,-2.906101664325969,50
368400,-15.061716365495764,50
368450,-2.441321258379616,50
368500,-4.564191472156299,50
368550,-4.511146735896766,50
368600,-3.7898284400447046,50
368650,-16.123802232408206,50
368700,-13.574056595861512,50
368750,-9.015317250106936,50
368800,-8.034943029270435,50
368850,-12.85852895448063,50
368900,-7.099286775417347,50
368950,-4.016753597557461,50
369000,-13.378836634761633,50
369050,-4.872771701892244,50
369100,-7.60603165833669,50
369150,-4.284617141969705,50
369200,-11.456213574079433,50
369250,-6.759609044802009,50
369300,-8.043885344278657,50
369350,-12.330276393371303,50
369400,-9.64763226686712,50
369450,-16.99563156660857,50
369500,-5.734985832867577,50
369550,-13.11033588557797,50
369600,-17.80397534376763,50
369650,-17.535679196256172,50
369700,-14.546646873252028,50
369750,-11.292260206021057,50
369800,-9.201629533636066,50
369850,-16.65479590541475,50
369900,-2.2329580317879603,50
369950,-17.47562192561303,50
370000,-6.977328722445264,50
370050,-11.498342844834424,50
370100,-5.048098989230432,50
370150,-5.360609302078195,50
370200,-12.267178164440997,50
370250,-10.05380320888892,50
370300,-15.267244084811129,50
370350,-15.13759351424687,50
370400,-3.581177554259307,50
370450,-8.377288744641655,50
370500,-10.677881993155173,50
370550,-3.3932528697407647,50
370600,-10.928334592814279,50
370650,-3.075409348477642,50
370700,-8.919993862442547,50
370750,-8.735582081285951,50
370800,-2.725283032025487,50
370850,-7.742755732640628,50
370900,-5.24276018127842,50
370950,-9.875670692940831,50
371000,-11.645906098597594,50
371050,-3.7691171493901505,50
371100,-13.784579952597245,50
371150,-3.5527131796975273,50
371200,-14.312842029073959,50
371250,-14.405479679435167,50
371300,-1.5175215551872605,50
371350,-2.5006198478657002,50
371400,-7.486285961243119,50
371450,-5.511045608486152,50
371500,-3.60164631343587,50
371550,-2.718977962027666,50
371600,-8.359891636778286,50
371650,-9.98679927799549,50
371700,-16.25840461967729,50
371750,-6.835566201967798,50
371800,-17.40965776924475,50
371850,-6.293462812427254,50
371900,-14.073720817018511,50
371950,-7.693782296502258,50
372000,-8.183241087095642,50
372050,-9.534607760725983,50
372100,-8.772394642954014,50
372150,-4.116404242063475,50
372200,-1.8101895494469096,50
372250,-11.25648747477134,50
372300,-2.655652014805067,50
372350,-7.128150254524405,50
372400,-4.420563663908455,50
372450,-7.56072405800169,50
372500,-14.635324844466014,50
372550,-9.925672683172992,50
372600,-6.767948706454802,50
372650,-2.0908661966310556,50
372700,-2.507772234699554,50
372750,-7.669642775796608,50
372800,-6.048671473069418,50
372850,-12.347002332733096,50
372900,-6.814767021638762,50
372950,-13.799284605865742,50
373000,-1.986743401835598,50
373050,-2.328088745259819,50
373100,-13.975119685439788,50
373150,-11.668196625767226,50
373200,-8.309825415515878,50
373250,-16.079439989721493,50
373300,-7.721030197472002,50
373350,-9.877522748377947,50
373400,-12.264830355036542,50
373450,-3.6667249665988475,50
373500,-15.75588012578746,50
373550,-2.994330128281731,50
373600,-7.9208193533886,50
373650,-8.976181217498368,50
373700,-4.254048780384112,50
373750,-1.7060600760983722,50
373800,-12.96676647536258,50
373850,-4.367331061401011,50
373900,-12.456129979448475,50
373950,-10.118003869929996,50
374000,-4.175151361483476,50
374050,-8.250781574269503,50
374100,-9.186320767849956,50
374150,-3.9216935032189357,50
374200,-8.807241715072578,50
374250,-4.666208638326194,50
374300,-4.956284558923008,50
374350,-4.2207542295473335,50
374400,-15.631539937285034,50
374450,-6.066901825900199,50
374500,-12.831460967396826,50
374550,-4.801932131597565,50
374600,-3.04808089292216,50
374650,-5.146445248548317,50
374700,-1.7336329937320156,50
374750,-3.915539949257782,50
374800,-4.983702441198131,50
374850,-11.625059809540684,50
374900,-2.0594971436785188,50
374950,-14.871130191694032,50
375000,-4.567269139884917,50
375050,-2.011484622630939,50
375100,-4.515500369751967,50
375150,-7.219989929881237,50
375200,-10.452118065881105,50
375250,-12.297486505232731,50
375300,-10.765370963578937,50
375350,-4.938312768392638,50
375400,-2.825025972764738,50
375450,-3.8402242540573446,50
375500,-4.165758503189426,50
375550,-2.1876714978560723,50
375600,-2.8407478445023986,50
375650,-7.927028853371125,50
375700,-8.228650435148944,50
375750,-14.572147964905934,50
375800,-15.653892959720377,50
375850,-1.5755450407440812,50
375900,-7.155385338369469,50
375950,-14.18683770289837,50
376000,-4.447855212850324,50
376050,-10.007607103636595,50
376100,-3.770409328294734,50
376150,-1.7306704613915518,50
376200,-17.347765447482388,50
376250,-5.469132019399012,50
376300,-4.4252409576689775,50
376350,-16.348585341067285,50
376400,-5.18020858840829,50
376450,-3.597635412822119,50
376500,-3.677550993908583,50
376550,-2.8328525924928907,50
376600,-13.557726557684994,50
376650,-13.599864826662937,50
376700,-8.31053410712708,50
376750,-6.719567127546272,50
376800,-13.685269693795437,50
376850,-8.80007193888946,50
376900,-3.580231552332719,50
376950,-11.690079311601176,50
377000,-4.892276125627809,50
377050,-7.7387301819320555,50
377100,-10.20249414791764,50
377150,-13.434087969783647,50
377200,-7.810980498429777,50
377250,-11.475111315129562,50
377300,-14.869146199591151,50
377350,-3.4814592807752285,50
377400,-2.8938209047588934,50
377450,-7.3171719365008165,50
377500,-10.498610026219504,50
377550,-11.944312042098387,50
377600,-17.847072226659748,50
377650,-4.787666491904942,50
377700,-14.385260120728052,50
377750,-4.176468211650603,50
377800,-16.601134837545743,50
377850,-9.392200270457025,50
377900,-4.800092214323947,50
377950,-14.453244713181792,50
378000,-3.955819436138381,50
378050,-4.2151403116137605,50
378100,-13.441615380014722,50
378150,-16.97534711072538,50
378200,-3.497641955748754,50
378250,-4.855166125429413,50
378300,-9.492766924195745,50
378350,-4.389764694109189,50
378400,-13.230840627617956,50
378450,-13.888504465618164,50
378500,-7.545535380093037,50
378550,-11.796714959931501,50
378600,-7.655305449594562,50
378650,-10.206869143634641,50
378700,-13.978445572620535,50
378750,-4.9418999893728754,50
378800,-2.64033720917327,50
378850,-8.192751991258982,50
378900,-3.8134241417560535,50
378950,-16.98789207290049,50
379000,-4.453447091887187,50
379050,-2.1668536046646607,50
379100,-4.479063547067613,50
379150,-3.819038736700204,50
379200,-8.465260138978373,50
379250,-7.668917650795477,50
379300,-6.089345492286439,50
379350,-3.4929481817311707,50
379400,-13.051313611667721,50
379450,-16.865201941238382,50
379500,-11.370821384764449,50
379550,-4.6423509193989645,50
379600,-11.225960102724216,50
379650,-3.9869336706083565,50
379700,-9.255210138023553,50
379750,-2.2824970069563615,50
379800,-5.366893468750936,50
379850,-7.143838164704519,50
379900,-8.36963086619949,50
379950,-3.443977174678439,50
380000,-2.3689439504630423,50
380050,-4.190352488150678,50
380100,-17.807079928428028,50
380150,-13.166170777471818,50
380200,-10.75532706828485,50
380250,-15.840270167514072,50
380300,-1.799478118638919,50
380350,-7.668444762804564,50
380400,-8.276544453899568,50
380450,-13.088563267664638,50
380500,-2.6408650213562455,50
380550,-1.5590176107315992,50
380600,-15.771202497573741,50
380650,-4.482699702283618,50
380700,-2.528581215725219,50
380750,-2.6819826719821287,50
380800,-5.049014873863129,50
380850,-4.5967683889925235,50
380900,-2.511659578004543,50
380950,-3.1421739873742482,50
381000,-3.6252595853769742,50
381050,-1.9535795555741178,50
381100,-12.924619374668467,50
381150,-2.005053310627033,50
381200,-13.890508139621803,50
381250,-7.099080446598734,50
381300,-2.9475896193791797,50
381350,-4.522354398370083,50
381400,-11.040050091487487,50
381450,-2.259246523461886,50
381500,-16.12480732286058,50
381550,-2.858519354981255,50
381600,-10.20425201534357,50
381650,-8.228310862479908,50
381700,-10.620592615660142,50
381750,-12.526160248620107,50
381800,-3.6092084693419926,50
381850,-4.1302579488986675,50
381900,-9.3142160443161,50
381950,-3.8028641707803876,50
382000,-9.689818669139413,50
382050,-3.458238492440058,50
382100,-3.0679737735260137,50
382150,-17.56277974954409,50
382200,-10.784203842510749,50
382250,-16.780994212382712,50
382300,-5.457295711357768,50
382350,-14.159140744971824,50
382400,-13.672117417701513,50
382450,-13.4386678131538,50
382500,-3.8513817439100917,50
382550,-10.5821500890841,50
382600,-3.6369277484380516,50
382650,-17.071535465713296,50
382700,-3.674027949525241,50
382750,-7.3664305540797415,50
382800,-9.772834168082854,50
382850,-2.074973996192281,50
382900,-9.026979379250541,50
382950,-4.174997870734981,50
383000,-2.7103420734742985,50
383050,-2.518282478139672,50
383100,-9.073247436142292,50
383150,-8.587829785274428,50
383200,-9.714186098468357,50
383250,-4.101049198188782,50
383300,-6.670420685667695,50
383350,-2.0430436292774323,50
383400,-2.8735264861908,50
383450,-3.8774858940111585,50
383500,-11.82463470857276,50
383550,-10.738590789860686,50
383600,-9.21523747126738,50
383650,-2.9797173817028604,50
383700,-4.2400265133293535,50
383750,-13.046109723327644,50
383800,-2.7244354011412257,50
383850,-13.87105153564276,50
383900,-15.584530535318846,50
383950,-9.061151227666896,50
384000,-15.999000795823243,50
384050,-5.068761094187161,50
384100,-7.318975967652013,50
384150,-15.553101447777902,50
384200,-2.6951664465273946,50
384250,-3.803402742627232,50
384300,-3.974546411680008,50
384350,-3.0441770863973168,50
384400,-2.308252471157806,50
384450,-13.434912015857554,50
384500,-10.516633657837803,50
384550,-10.187010318345433,50
384600,-8.309695463143525,50
384650,-15.655445483679333,50
384700,-1.847437630874468,50
384750,-2.473182842471442,50
384800,-13.79573978217089,50
384850,-15.711067277311088,50
384900,-2.422868435528419,50
384950,-7.626185327702148,50
385000,-4.576360381192835,50
385050,-13.156196403667135,50
385100,-9.028126551838385,50
385150,-3.7602314707680593,50
385200,-4.4132647600539645,50
385250,-18.38000414461606,50
385300,-13.828540597479517,50
385350,-6.383403913997889,50
385400,-8.047513473465743,50
385450,-14.340809052569076,50
385500,-4.524194095786288,50
385550,-11.35023365701769,50
385600,-16.2201159918526,50
385650,-2.144694279116291,50
385700,-8.145719038370768,50
385750,-14.931763068950401,50
385800,-13.193328892338695,50
385850,-3.516667926806095,50
385900,-8.244025932420712,50
385950,-9.516988463620836,50
386000,-14.399118931135952,50
386050,-3.920655542963125,50
386100,-7.721249268212404,50
386150,-11.074053245229797,50
386200,-7.73804132300282,50
386250,-6.12326219269997,50
386300,-8.61287280844696,50
386350,-14.194517612679721,50
386400,-3.863350208252415,50
386450,-4.781184014642819,50
386500,-3.878164498884712,50
386550,-6.541753361287326,50
386600,-6.31509590569081,50
386650,-3.813409073760207,50
386700,-11.039595646529257,50
386750,-16.47502818919069,50
386800,-2.695765048349615,50
386850,-10.099998756032043,50
386900,-11.24938456225167,50
386950,-9.132554295167749,50
387000,-3.3891480843437725,50
387050,-14.656364807546836,50
387100,-7.810214346643562,50
387150,-2.193222632242695,50
387200,-9.382285519322949,50
387250,-14.948296399877801,50
387300,-7.570301378123911,50
387350,-6.777989003754456,50
387400,-2.838603116181582,50
387450,-2.9662449049922723,50
387500,-6.717460773897465,50
387550,-4.199473795485612,50
387600,-4.660123660988482,50
387650,-5.296604152302765,50
387700,-2.244492258134359,50
387750,-3.295344971079804,50
387800,-2.7369099316164283,50
387850,-3.9843713630609296,50
387900,-2.8954566212052057,50
387950,-18.341561019124093,50
388000,-6.945172079995403,50
388050,-16.299760949844607,50
388100,-11.577022764210405,50
388150,-10.212048703828128,50
388200,-3.2398855699267743,50
388250,-2.846972351951734,50
388300,-11.830774340016696,50
388350,-12.055648189643058,50
388400,-3.734649962501528,50
388450,-13.931438135746873,50
388500,-8.022617678305476,50
388550,-5.143442439108306,50
388600,-6.936455944510329,50
388650,-9.01061213257119,50
388700,-8.466882208979959,50
388750,-2.9076916545252014,50
388800,-5.154050562803904,50
388850,-3.239315505759572,50
388900,-14.313507661151965,50
388950,-14.715225083805073,50
389000,-3.4681781048833416,50
389050,-4.478483365678646,50
389100,-2.387332504783303,50
389150,-9.429805155672396,50
389200,-3.223799088824226,50
389250,-2.049381357200117,50
389300,-2.499921055966019,50
389350,-2.3980545778802593,50
389400,-8.3124117718542,50
389450,-4.505351924536435,50
389500,-2.534602647611722,50
389550,-11.860465146429304,50
389600,-5.831838083466496,50
389650,-5.084957689579611,50
389700,-3.1448109281793784,50
389750,-3.6399067312144937,50
389800,-3.065539460740797,50
389850,-7.279237981849721,50
389900,-17.573358370136194,50
389950,-2.749396472166587,50
390000,-9.987456148693738,50
390050,-3.9429722038754784,50
390100,-8.092800305045447,50
390150,-14.217195922199933,50
390200,-16.65871979109729,50
390250,-11.601352744140152,50
390300,-9.234304769410349,50
390350,-5.6037797393474795,50
390400,-16.486833657210276,50
390450,-9.863227420690661,50
390500,-4.4561209016847725,50
390550,-4.287641431410157,50
390600,-15.518819192903962,50
390650,-6.436145094495873,50
390700,-12.721207721423855,50
390750,-9.614983429580203,50
390800,-7.457826645144157,50
390850,-4.313993357698768,50
390900,-9.8820387024908,50
390950,-12.741737957822549,50
391000,-17.54237094916236,50
391050,-15.108257359359442,50
391100,-12.665179102144078,50
391150,-5.976570526173983,50
391200,-4.1718184803775635,50
391250,-8.710115947732797,50
391300,-8.8271748783629,50
391350,-2.698419234763532,50
391400,-15.795613884748068,50
391450,-2.600998450069479,50
391500,-4.288608870047822,50
391550,-13.454192027793384,50
391600,-9.100258831913886,50
391650,-2.2362824319999186,50
391700,-4.131039764835189,50
391750,-13.199794886844758,50
391800,-7.138774051296266,50
391850,-16.25964506107593,50
391900,-10.359975801229394,50
391950,-2.81316562733961,50
392000,-12.571413618850894,50
392050,-5.918819521650486,50
392100,-11.128995827054016,50
392150,-8.955083163250166,50
392200,-8.796160843769634,50
392250,-11.183697810144528,50
392300,-2.2365421049698915,50
392350,-15.484981936347538,50
392400,-9.27494349560775,50
392450,-11.56488257629847,50
392500,-9.849184839552896,50
392550,-7.329965643638731,50
392600,-15.940194756915163,50
392650,-11.168106290191776,50
392700,-16.964588051375678,50
392750,-5.198276899511887,50
392800,-7.857397697912397,50
392850,-3.360564407241453,50
392900,-4.38807615738636,50
392950,-9.461144312681483,50
393000,-16.557571553072567,50
393050,-3.701217303119656,50
393100,-4.782937810739419,50
393150,-16.102797675228178,50
393200,-18.30106878469895,50
393250,-4.054206398406136,50
393300,-2.6473824273775186,50
393350,-12.546743560152715,50
393400,-4.420056005093572,50
393450,-4.849927335636213,50
393500,-7.453366820985878,50
393550,-15.402352829554454,50
393600,-7.628301185052038,50
393650,-17.112576287926107,50
393700,-4.158083740591317,50
393750,-3.430946343401643,50
393800,-8.075246576567624,50
393850,-4.122978229160828,50
393900,-8.298704429746298,50
393950,-4.428453754643242,50
394000,-2.781958057782262,50
394050,-18.230291823773012,50
394100,-4.2793980780876,50
394150,-2.413954665167784,50
394200,-8.092384777794148,50
394250,-11.037903278850239,50
394300,-16.408868176130092,50
394350,-10.389675254087315,50
394400,-7.670289516198905,50
394450,-16.345666402906037,50
394500,-3.512907994279787,50
394550,-18.391735108125836,50
394600,-9.416974466515972,50
394650,-4.505898402551914,50
394700,-14.02393966283913,50
394750,-10.127453890572811,50
394800,-3.3608413271058573,50
394850,-2.2052758743029126,50
394900,-13.901547540020031,50
394950,-2.601342175461323,50
395000,-2.339913627291779,50
395050,-12.974002432988984,50
395100,-11.456239207849459,50
395150,-4.089411436367262,50
395200,-2.647900498986873,50
395250,-10.955487923038513,50
395300,-16.536666088439887,50
395350,-3.445398838021737,50
395400,-7.3635597476665176,50
395450,-12.22172247947757,50
395500,-15.207906509169701,50
395550,-17.60260930225235,50
395600,-8.902291091437789,50
395650,-8.967232484423855,50
395700,-9.32144176504761,50
395750,-2.9865197844790305,50
395800,-8.367430518684474,50
395850,-3.6676589339677603,50
395900,-5.311614171398846,50
395950,-18.154991570764498,50
396000,-9.451674783301966,50
396050,-6.066139377798649,50
396100,-3.5089858670033505,50
396150,-10.80468855054908,50
396200,-2.5611593635611847,50
396250,-7.301987370750747,50
396300,-3.9971724698861464,50
396350,-7.629128311499524,50
396400,-3.5236774205506642,50
396450,-6.640042445511389,50
396500,-3.558841757962109,50
396550,-11.796134414762717,50
396600,-10.391909835483888,50
396650,-7.326005153426154,50
396700,-14.177713052766498,50
396750,-4.42281535846096,50
396800,-16.335708285709067,50
396850,-4.605133295375747,50
396900,-11.408059971208765,50
396950,-14.403284251212025,50
397000,-7.890440288692171,50
397050,-10.515305298965032,50
397100,-9.86098920641138,50
397150,-13.44669957262341,50
397200,-16.022758939372117,50
397250,-6.994576892484683,50
397300,-6.4772179263938225,50
397350,-15.830746753738714,50
397400,-2.8310841266440554,50
397450,-4.027025951766739,50
397500,-4.410321258543294,50
397550,-6.692496299207191,50
397600,-10.321857566834181,50
397650,-8.638674717853823,50
397700,-4.3645240746942005,50
397750,-4.769628848208566,50
397800,-15.284214803175452,50
397850,-6.687290502865524,50
397900,-7.16071672296469,50
397950,-4.003187186403416,50
398000,-4.59947913632956,50
398050,-15.726847434147471,50
398100,-3.3455696685539835,50
398150,-2.9270349327518774,50
398200,-13.404231049550535,50
398250,-17.61673881431046,50
398300,-15.497819497519663,50
398350,-3.0323837213794635,50
398400,-8.83812565866655,50
398450,-4.042920829152657,50
398500,-4.492537126438169,50
398550,-8.046476544533656,50
398600,-2.117775041173596,50
398650,-12.460073699663194,50
398700,-13.678228012461252,50
398750,-3.188524256995115,50
398800,-2.8179490121302804,50
398850,-2.468414565102836,50
398900,-3.929882147614792,50
398950,-10.218226698085207,50
399000,-1.857023276252867,50
399050,-9.95971524907262,50
399100,-16.52733940136498,50
399150,-4.59074682671728,50
399200,-5.607074149702481,50
399250,-5.970200606063525,50
399300,-16.183890801777583,50
399350,-15.719692185661161,50
399400,-9.402959931861135,50
399450,-3.2236782369066934,50
399500,-11.289955032494545,50
399550,-8.26874260822004,50
399600,-2.4607466137921037,50
399650,-8.433247029139645,50
399700,-8.451836636066357,50
399750,-16.884918675470754,50
399800,-17.28504647974257,50
399850,-5.6469870141056004,50
399900,-4.223979696347057,50
399950,-12.192649756643183,50
400000,-14.37756327641265,50
400050,-4.8376770147231065,50
400100,-4.8318797855181606,50
400150,-6.325749277356844,50
400200,-6.3112974420138945,50
400250,-12.632510238583924,50
400300,-4.7000041023750345,50
400350,-13.461907818463526,50
400400,-7.656406733383927,50
400450,-4.287987571501673,50
400500,-5.390088654713625,50
400550,-16.738581936185632,50
400600,-3.845873924134534,50
400650,-18.021095625003817,50
400700,-4.138827879383498,50
400750,-8.69322067450441,50
400800,-10.165893971913453,50
400850,-9.342707895114396,50
400900,-15.58801582460845,50
400950,-3.05758632722369,50
401000,-2.5511679018786597,50
401050,-3.9340769410418,50
401100,-7.48623409976147,50
401150,-2.3971031165951597,50
401200,-14.177382670295337,50
401250,-5.2668079873154605,50
401300,-19.507636683645128,50
401350,-14.432734613034624,50
401400,-3.4595369934012754,50
401450,-2.378881539579702,50
401500,-4.914791597861982,50
401550,-2.723795277012191,50
401600,-14.283807717208935,50
401650,-5.537738827930518,50
401700,-12.913949889036404,50
401750,-15.312825581084462,50
401800,-4.32926580560234,50
401850,-9.58111123395601,50
401900,-14.171181862494842,50
401950,-12.213088103879604,50
402000,-3.535586766011993,50
402050,-12.11387307431201,50
402100,-4.326082101478763,50
402150,-13.086345249943715,50
402200,-12.520908899132081,50
402250,-7.621445677467557,50
402300,-4.840434823329998,50
402350,-2.6337365767662897,50
402400,-4.20237143865115,50
402450,-18.444321251212013,50
402500,-10.828512180581095,50
402550,-4.255776090911759,50
402600,-6.813300337833635,50
402650,-17.224015799880068,50
402700,-12.051859050306161,50
402750,-12.645501425373974,50
402800,-12.243723550211552,50
402850,-11.75237346685559,50
402900,-15.177844451284507,50
402950,-14.017259997134365,50
403000,-4.140999125206496,50
403050,-4.421301605039123,50
403100,-6.602009318970032,50
403150,-5.222710822458691,50
403200,-15.586732667842044,50
403250,-8.680113091708863,50
403300,-2.741270654691478,50
403350,-4.285571770870065,50
403400,-5.904503240986388,50
403450,-10.669424122999125,50
403500,-18.749173860687957,50
403550,-5.189920228475795,50
403600,-11.26574884081976,50
403650,-9.472879756731892,50
403700,-14.044254516298802,50
403750,-3.743490914959023,50
403800,-4.44013842201768,50
403850,-7.7366579747624105,50
403900,-4.682149265249281,50
403950,-9.722203778840838,50
404000,-2.0407846835945818,50
404050,-6.133919931675617,50
404100,-2.9832006965607785,50
404150,-3.1706450599205263,50
404200,-12.109259136413058,50
404250,-2.638123362223985,50
404300,-4.064844052257966,50
404350,-4.404261724033207,50
404400,-6.495953725462543,50
404450,-17.75675747495722,50
404500,-13.86465954525976,50
404550,-6.117436619061485,50
404600,-5.107827409251485,50
404650,-15.228385293723354,50
404700,-3.70881598521069,50
404750,-6.211156433449554,50
404800,-3.931498700131476,50
404850,-14.858156232845554,50
404900,-3.4366377391223044,50
404950,-14.27535789108178,50
405000,-3.1628500348227804,50
405050,-2.5903068595611494,50
405100,-4.705489136938767,50
405150,-17.8373096110138,50
405200,-3.8820813805764964,50
405250,-11.016771937939396,50
405300,-5.5935141636640555,50
405350,-10.051993930076005,50
405400,-15.933814972401773,50
405450,-13.648431414624337,50
405500,-9.972082615109354,50
405550,-1.8054817489026083,50
405600,-2.2170824973493355,50
405650,-4.568803945922871,50
405700,-3.4915427864577726,50
405750,-5.973314176613412,50
405800,-4.285446225672697,50
405850,-3.828839128437224,50
405900,-4.167726248127951,50
405950,-10.12395432109117,50
406000,-12.355200430026656,50
406050,-15.0563438156818,50
406100,-2.391729025291744,50
406150,-14.744534571761488,50
406200,-5.29413236217483,50
406250,-2.6523494417929885,50
406300,-10.615143381342216,50
406350,-7.9615135718011745,50
406400,-15.52611387130462,50
406450,-4.400846204647194,50
406500,-9.665736829553138,50
406550,-3.186708060351101,50
406600,-3.8470313055092458,50
406650,-4.746264860878403,50
406700,-14.977506106745352,50
406750,-8.660190176933778,50
406800,-14.405803087074755,50
406850,-8.203752409854294,50
406900,-2.432726776198266,50
406950,-14.126311321691151,50
407000,-16.932177592750747,50
407050,-5.415162594666519,50
407100,-3.3333901862256687,50
407150,-3.4509794209191944,50
407200,-4.49649866702331,50
407250,-2.9672975045567633,50
407300,-14.516007433122493,50
407350,-2.060670704108081,50
407400,-8.824504932461215,50
407450,-14.067755116290204,50
407500,-3.0375208659030566,50
407550,-11.40758818049108,50
407600,-14.499163203145104,50
407650,-13.410720887958039,50
407700,-8.302943069079179,50
407750,-4.7632731928822905,50
407800,-4.014943980117386,50
407850,-6.2578675950304,50
407900,-18.437770932974235,50
407950,-6.744342448272823,50
408000,-3.5059562384764003,50
408050,-8.491070717942327,50
408100,-19.176594465218272,50
408150,-15.969152944975786,50
408200,-3.1599255076440125,50
408250,-14.896246679751359,50
408300,-16.92532689927588,50
408350,-2.345212191483033,50
408400,-13.801978576835362,50
408450,-2.534447965043287,50
408500,-10.078479843937721,50
408550,-4.666003641000505,50
408600,-14.079385089389028,50
408650,-19.532691837556833,50
408700,-4.149699240524039,50
408750,-11.919785687553835,50
408800,-9.798202715788737,50
408850,-11.793580799199333,50
408900,-18.634586009651418,50
408950,-9.173651912638032,50
409000,-14.222817511139077,50
409050,-3.667464105029815,50
409100,-9.79298950760213,50
409150,-4.438506664477276,50
409200,-2.171393058859435,50
409250,-14.69813356133945,50
409300,-2.5173601186709997,50
409350,-12.093951010397582,50
409400,-16.886792612153172,50
409450,-6.966258870746433,50
409500,-14.228871556722297,50
409550,-5.234120277931418,50
409600,-5.973747978640783,50
409650,-2.904494781612888,50
409700,-8.308495010722591,50
409750,-3.838358942438959,50
409800,-4.779020793825936,50
409850,-5.470728972224478,50
409900,-8.911821300499621,50
409950,-7.746678996432564,50
410000,-16.67625417875395,50
410050,-5.849199231581287,50
410100,-7.890633687774321,50
410150,-7.676017347766579,50
410200,-16.869993853059963,50
410250,-9.379140335848529,50
410300,-12.638837948958203,50
410350,-12.480985594205901,50
410400,-3.8655319915591537,50
410450,-7.830268998722576,50
410500,-11.989910759718269,50
410550,-3.593827059894218,50
410600,-4.615341544577335,50
410650,-10.345407804914347,50
410700,-14.133381538147114,50
410750,-11.701747884638332,50
410800,-9.445651451550052,50
410850,-14.110431517225225,50
410900,-4.107618149265984,50
410950,-17.30141050746378,50
411000,-15.487766164012594,50
411050,-2.737304088620988,50
411100,-4.896161287262951,50
411150,-18.045776608263882,50
411200,-8.755633095706546,50
411250,-13.203703272727694,50
411300,-4.470526275695441,50
411350,-4.744732933989212,50
411400,-8.913747448719791,50
411450,-2.256859618523084,50
411500,-6.093031622293972,50
411550,-10.234741399370053,50
411600,-13.320795280321946,50
411650,-3.8999820440035693,50
411700,-2.2450570238544603,50
411750,-13.84696605979799,50
411800,-5.498418743134218,50
411850,-15.359914778230129,50
411900,-3.786222006424718,50
411950,-15.04050345642933,50
412000,-4.854040767089877,50
412050,-14.26579963360197,50
412100,-7.540957850848954,50
412150,-13.83782899332309,50
412200,-14.573834424534565,50
412250,-8.359620824409912,50
412300,-4.478310875453373,50
412350,-7.634253200770303,50
412400,-4.245563471833414,50
412450,-2.746347328617149,50
412500,-3.61060730551407,50
412550,-1.5669083229665104,50
412600,-14.074017097553428,50
412650,-3.1091076554338373,50
412700,-16.887229711011294,50
412750,-2.715169072717641,50
412800,-2.993631503963951,50
412850,-4.407979024613292,50
412900,-4.257654199425711,50
412950,-9.029531194972666,50
413000,-16.076779294611704,50
413050,-2.021582042459776,50
413100,-8.41405739366055,50
413150,-14.906421235798375,50
413200,-3.540727692204276,50
413250,-11.449105347839252,50
413300,-9.158930845429587,50
413350,-3.894490713894601,50
413400,-4.296617922143621,50
413450,-8.993752746431966,50
413500,-15.908347258698122,50
413550,-18.726449997939376,50
413600,-16.3770745105496,50
413650,-13.671142259817977,50
413700,-3.9926154187643785,50
413750,-13.290660977633054,50
413800,-11.608511265844447,50
413850,-8.405548609714058,50
413900,-11.449705235770999,50
413950,-4.514933774922412,50
414000,-17.3087468113872,50
414050,-4.237914134785495,50
414100,-12.231286768475734,50
414150,-5.511549039657752,50
414200,-7.737501754186108,50
414250,-5.101283054120803,50
414300,-4.735048131947826,50
414350,-14.125790269525588,50
414400,-5.221585908521837,50
414450,-17.29641481873999,50
414500,-2.8942753026626713,50
414550,-12.85330613638053,50
414600,-13.194594733366818,50
414650,-2.421335644449793,50
414700,-14.73435142956169,50
414750,-2.3063920531212654,50
414800,-3.80448263638688,50
414850,-5.18911647372175,50
414900,-7.497121308862946,50
414950,-2.5052706044225728,50
415000,-7.954920201949369,50
415050,-18.118706195080723,50
415100,-2.057658213898849,50
415150,-4.89297951041807,50
415200,-4.915151667673082,50
415250,-10.90193540547828,50
415300,-2.1241966914273083,50
415350,-4.366001462030156,50
415400,-8.89694751844593,50
415450,-7.1277390251925015,50
415500,-3.9838602420629052,50
415550,-4.327883848480377,50
415600,-8.070344365882574,50
415650,-13.847897151148144,50
415700,-9.016638092974668,50
415750,-13.648527178451275,50
415800,-4.82027054811953,50
415850,-11.256671857489755,50
415900,-3.4083803660129677,50
415950,-4.329952936605044,50
416000,-12.38495041496215,50
416050,-12.266392445940259,50
416100,-6.9435837439673005,50
416150,-6.473324397395806,50
416200,-15.080867363462039,50
416250,-3.484709567015201,50
416300,-6.136348391042867,50
416350,-4.16944335326625,50
416400,-4.470603242891371,50
416450,-14.96523026818502,50
416500,-12.415187228209408,50
416550,-8.293255993424278,50
416600,-8.640570193219606,50
416650,-5.1245722259812405,50
416700,-4.391826160233424,50
416750,-15.524276383097533,50
416800,-8.585640605999084,50
416850,-16.21221254277621,50
416900,-11.086105625364512,50
416950,-3.668017377459101,50
417000,-4.3714104671426135,50
417050,-19.06519392218992,50
417100,-11.642849422445328,50
417150,-4.723536507273997,50
417200,-14.05788860984353,50
417250,-3.7372061794693114,50
417300,-15.734559230276316,50
417350,-6.129506127501656,50
417400,-5.385500947853235,50
417450,-7.9085405297318365,50
417500,-3.5203053621399194,50
417550,-5.022575489517289,50
417600,-10.1544900105837,50
417650,-3.398486274990614,50
417700,-9.947292803155024,50
417750,-11.059613320836787,50
417800,-14.858726269197108,50
417850,-16.950411501315592,50
417900,-11.401977765966075,50
417950,-2.362274442833236,50
418000,-14.274300541223875,50
418050,-7.124592852484098,50
418100,-8.88185608810175,50
418150,-2.1245592793582757,50
418200,-7.821747309014207,50
418250,-4.368634564992094,50
418300,-7.958509052901017,50
418350,-10.422161639495773,50
418400,-2.1137877397816855,50
418450,-17.49408501303312,50
418500,-2.0172848499483607,50
418550,-3.1838847868521345,50
418600,-8.321906236724216,50
418650,-3.9084393921183285,50
418700,-16.42116293186243,50
418750,-2.503842873712587,50
418800,-7.869979176165114,50
418850,-2.1443371921569323,50
418900,-8.219851592585538,50
418950,-2.9020058446116126,50
419000,-4.946438178006674,50
419050,-8.845484319027175,50
419100,-6.017868275261554,50
419150,-2.7380604012487315,50
419200,-2.508864349684339,50
419250,-4.2850633438576065,50
419300,-4.254073439786651,50
419350,-15.963862252889465,50
419400,-3.6622643466029308,50
419450,-13.604682933835704,50
419500,-4.129310743067936,50
419550,-3.117155207961069,50
419600,-14.470132660965872,50
419650,-2.959439669949144,50
419700,-13.180030401623936,50
419750,-13.720342063995995,50
419800,-13.94282768420157,50
419850,-10.458348549693275,50
419900,-6.464911407450125,50
419950,-4.149716625215323,50
420000,-3.7382286700427785,50
420050,-10.38067088634116,50
420100,-12.317307815684684,50
420150,-3.2497986091118074,50
420200,-7.991070860960183,50
420250,-11.47649729001825,50
420300,-9.325978960352018,50
420350,-4.50706006249935,50
420400,-3.864989775814132,50
420450,-11.99105267702775,50
420500,-2.2220964430654004,50
420550,-10.619724844258938,50
420600,-16.605091667325286,50
420650,-11.887542195583565,50
420700,-9.449342266799716,50
420750,-12.423670213204122,50
420800,-9.059952669828252,50
420850,-3.1181272783099847,50
420900,-8.225039983806377,50
420950,-2.1779105875903912,50
421000,-5.187085811865295,50
421050,-14.599355335565845,50
421100,-3.842822701562974,50
421150,-7.458506257231192,50
421200,-7.35932869311379,50
421250,-14.95559421191087,50
421300,-4.311610620524274,50
421350,-13.691229986467347,50
421400,-6.5829995210681975,50
421450,-4.652358423993364,50
421500,-2.2416318107756252,50
421550,-19.521795017413783,50
421600,-7.029250456911458,50
421650,-2.1304455766612747,50
421700,-2.6390793058473596,50
421750,-15.396547570783852,50
421800,-16.049501460657318,50
421850,-18.7055770543444,50
421900,-2.592470320102688,50
421950,-3.934756892253786,50
422000,-8.720572617677263,50
422050,-6.677942130598486,50
422100,-3.5158962166861665,50
422150,-18.50141651184824,50
422200,-4.885066503544722,50
422250,-4.1875057533363895,50
422300,-7.158605218301573,50
422350,-14.859870023641799,50
422400,-4.15158547189263,50
422450,-7.671039273167706,50
422500,-15.957212471051513,50
422550,-10.467958713428747,50
422600,-15.584509353065073,50
422650,-12.002514425260145,50
422700,-2.352310228499868,50
422750,-14.894214401303651,50
422800,-11.206180956931172,50
422850,-4.670425039502845,50
422900,-3.3643580952575665,50
422950,-3.4819124443401286,50
423000,-10.47285755368475,50
423050,-15.608656852647025,50
423100,-6.5570290762780505,50
423150,-14.018275246406116,50
423200,-12.170878642946342,50
423250,-17.122040961808487,50
423300,-6.812985151084783,50
423350,-6.8952920693706465,50
423400,-12.178839322954412,50
423450,-17.862748634726962,50
423500,-13.30482372188327,50
423550,-12.972920743058708,50
423600,-7.1664439041706265,50
423650,-16.515967206057653,50
423700,-3.5506366088530843,50
423750,-11.415821508731854,50
423800,-2.8671090448268353,50
423850,-2.8239316622758492,50
423900,-15.171941437854292,50
423950,-3.6813248394577096,50
424000,-16.88973768571477,50
424050,-16.798395949192155,50
424100,-3.833969452395899,50
424150,-9.097755223764699,50
424200,-9.454604020363872,50
424250,-9.618971400379591,50
424300,-5.946958766633645,50
424350,-3.6461863385286066,50
424400,-4.580104458657291,50
424450,-2.4774224873861916,50
424500,-9.365520491474642,50
424550,-11.953527436961839,50
424600,-8.48896961688786,50
424650,-4.1390364055547755,50
424700,-4.83429229323507,50
424750,-8.54713381806732,50
424800,-13.04267232543588,50
424850,-9.96191264869123,50
424900,-4.065881951799609,50
424950,-3.826655796894258,50
425000,-14.795230252210406,50
425050,-2.167931716699107,50
425100,-12.252329689927254,50
425150,-11.05517424508519,50
425200,-4.516710335946524,50
425250,-3.4012953087565876,50
425300,-3.633483754278054,50
425350,-2.682807682788384,50
425400,-11.801024752046606,50
425450,-6.1267227603257615,50
425500,-15.47474093514929,50
425550,-9.819861775920971,50
425600,-3.7888746178509614,50
425650,-2.273481278728534,50
425700,-3.1413097757071275,50
425750,-15.29735032666822,50
425800,-20.2006620446231,50
425850,-4.422478862695251,50
425900,-5.65416196474705,50
425950,-4.277105025929703,50
426000,-9.656157099122773,50
426050,-9.098055204975177,50
426100,-14.404491198439935,50
426150,-12.171166738555808,50
426200,-4.290588335119573,50
426250,-12.787787753897312,50
426300,-6.433076172700211,50
426350,-12.771239086094846,50
426400,-12.913513965036488,50
426450,-9.443070102663437,50
426500,-6.195843218627422,50
426550,-8.820981651032845,50
426600,-6.40904641523729,50
426650,-9.153333117598391,50
426700,-12.338907872231866,50
426750,-10.903390881157405,50
426800,-16.185406534281075,50
426850,-15.112325551687826,50
426900,-4.068992499202558,50
426950,-3.536934677408706,50
427000,-11.676311622812998,50
427050,-8.091331974694143,50
427100,-1.3150884519581518,50
427150,-4.090346261339877,50
427200,-13.647829226697452,50
427250,-14.740781414865701,50
427300,-6.384437857837125,50
427350,-16.1270045876036,50
427400,-2.654932464463884,50
427450,-6.6988159184749385,50
427500,-3.768982524190945,50
427550,-8.418867103451008,50
427600,-11.156668132751257,50
427650,-7.022702080038641,50
427700,-17.917548807261742,50
427750,-15.69478154377622,50
427800,-5.304041298263841,50
427850,-10.741994770007784,50
427900,-10.264870763667831,50
427950,-14.244190487853999,50
428000,-6.409002337660022,50
428050,-5.3247257203794165,50
428100,-6.7914485175268045,50
428150,-17.838645516835154,50
428200,-4.535107362239648,50
428250,-3.2307521478775683,50
428300,-5.286351907578592,50
428350,-13.412529742053064,50
428400,-10.288030692492272,50
428450,-10.657350408048593,50
428500,-5.744236081597928,50
428550,-8.381579638938526,50
428600,-4.45480108941713,50
428650,-3.4163227156331555,50
428700,-9.31202697891263,50
428750,-5.071643305014126,50
428800,-11.068425841570289,50
428850,-17.477292447203702,50
428900,-10.13705021524774,50
428950,-3.859808079531535,50
429000,-13.34810597037145,50
429050,-17.47923678182108,50
429100,-13.935411768020003,50
429150,-14.4002616004966,50
429200,-6.073537945004606,50
429250,-7.20069336837144,50
429300,-4.248711041075042,50
429350,-10.27905208217177,50
429400,-3.6673813084230087,50
429450,-19.510931569410936,50
429500,-2.4702540914071465,50
429550,-4.137811331119067,50
429600,-10.429809406113032,50
429650,-10.363674549357233,50
429700,-10.988177811369795,50
429750,-3.6947754649332007,50
429800,-4.572056455246154,50
429850,-4.146418981579851,50
429900,-2.165146933814477,50
429950,-10.233490456995339,50
430000,-6.107674757904601,50
430050,-3.58241867070587,50
430100,-2.5042386847151823,50
430150,-12.84430897079382,50
430200,-4.595280064861031,50
430250,-4.971609148910331,50
430300,-3.393056991548086,50
430350,-4.949890463080233,50
430400,-4.0290785477823245,50
430450,-2.9801191872363666,50
430500,-17.971879978672717,50
430550,-11.073783146175803,50
430600,-10.671938068882943,50
430650,-15.21620622973392,50
430700,-19.0921017964091,50
430750,-15.94424995595303,50
430800,-4.471163325730551,50
430850,-8.623285603415821,50
430900,-8.128095059668766,50
430950,-10.86564257290151,50
431000,-14.917230367076112,50
431050,-17.51609460081966,50
431100,-10.96661060858893,50
431150,-9.942508100294315,50
431200,-3.5828590232791377,50
431250,-10.102671024161381,50
431300,-12.324836450066408,50
431350,-5.239696599730048,50
431400,-9.70666216483348,50
431450,-3.456760408289114,50
431500,-6.2210190938433625,50
431550,-17.461858875311563,50
431600,-16.92749366000272,50
431650,-3.320810994722383,50
431700,-9.73840691470887,50
431750,-8.17744081309079,50
431800,-15.564701790902864,50
431850,-9.363273572395553,50
431900,-2.8552707982195957,50
431950,-8.520271010644594,50
432000,-5.42000131283547,50
432050,-4.409583222700314,50
432100,-3.229240551547872,50
432150,-8.977442999050066,50
432200,-5.410511578013894,50
432250,-9.522289157650683,50
432300,-8.131195778898803,50
432350,-2.5927489045852696,50
432400,-13.586697857883259,50
432450,-5.751292184507663,50
432500,-14.516789202501268,50
432550,-10.46943487827885,50
432600,-16.968960980924784,50
432650,-12.909675657709894,50
432700,-3.009694501091536,50
432750,-2.131872597650594,50
432800,-10.559066043781483,50
432850,-19.027684057527836,50
432900,-3.916004433242582,50
432950,-6.3724972161654945,50
433000,-3.8455595262493105,50
433050,-7.328714230670275,50
433100,-15.02008567246491,50
433150,-5.384377944215393,50
433200,-2.747605784840225,50
433250,-2.5997710321102963,50
433300,-8.369525665964801,50
433350,-19.054876223748426,50
433400,-12.703526745372146,50
433450,-4.212784798785963,50
433500,-1.6768442145800875,50
433550,-13.652307246041492,50
433600,-9.903717151839011,50
433650,-6.036424896437344,50
433700,-2.5797174941177734,50
433750,-7.663156089856276,50
433800,-9.596164423102222,50
433850,-6.50834441985276,50
433900,-4.125319964752667,50
433950,-15.297189069976687,50
434000,-13.989585985541902,50
434050,-2.623445203511544,50
434100,-7.453215585132574,50
434150,-8.873767704439064,50
434200,-18.140564450634823,50
434250,-10.447627893879057,50
434300,-7.933422416549248,50
434350,-7.879044193060579,50
434400,-2.0823560176120792,50
434450,-5.596137309346989,50
434500,-13.460337051695781,50
434550,-16.368091067904146,50
434600,-4.834456976178989,50
434650,-13.4763557229814,50
434700,-3.2182647366000117,50
434750,-1.6975756947664105,50
434800,-6.3265044010076785,50
434850,-5.735476870175848,50
434900,-17.968232206134697,50
434950,-9.76790053418623,50
435000,-1.7909295889308858,50
435050,-14.955816520494107,50
435100,-16.00376271608126,50
435150,-2.374974753862346,50
435200,-9.01229247812148,50
435250,-5.3235432319039475,50
435300,-4.329181834401078,50
435350,-11.18670696990272,50
435400,-11.252092832240095,50
435450,-4.3826985295419645,50
435500,-3.16649759586976,50
435550,-14.059328222920035,50
435600,-16.90107340366234,50
435650,-15.903750426443555,50
435700,-18.79232988678017,50
435750,-5.678195272832096,50
435800,-18.370775450390283,50
435850,-1.920992322326158,50
435900,-5.2501216529605355,50
435950,-3.9991431696284625,50
436000,-15.226833363659663,50
436050,-7.374733276468341,50
436100,-10.966524690522448,50
436150,-2.7386599438011814,50
436200,-15.104224857167669,50
436250,-2.4500177569877906,50
436300,-4.439736703360041,50
436350,-8.312069655783628,50
436400,-17.373459677990333,50
436450,-14.617169701017875,50
436500,-15.066141251562476,50
436550,-11.184324719251544,50
436600,-4.531053668487858,50
436650,-11.172096027953092,50
436700,-3.968361903346842,50
436750,-11.587795427720346,50
436800,-9.65351459055556,50
436850,-3.5221820180715273,50
436900,-4.650092582181862,50
436950,-10.955940810995383,50
437000,-7.910664110901071,50
437050,-10.4381542191114,50
437100,-5.768477647759738,50
437150,-10.578403266047307,50
437200,-11.798316208864971,50
437250,-4.556653039052528,50
437300,-11.257197419071236,50
437350,-4.726379208228894,50
437400,-14.060971658279026,50
437450,-5.077581207421376,50
437500,-3.9116417705349784,50
437550,-17.479366980649832,50
437600,-4.712849123464416,50
437650,-10.283787805745488,50
437700,-9.781568613255855,50
437750,-5.025875934938098,50
437800,-3.055916933292508,50
437850,-15.268573930988023,50
437900,-7.4186802260369875,50
437950,-5.874846912094084,50
438000,-5.042203230535481,50
438050,-14.952889997772589,50
438100,-15.220346339524248,50
438150,-14.645099494544283,50
438200,-4.843473075163132,50
438250,-3.053588225928889,50
438300,-4.9826758767979085,50
438350,-3.9768619280734163,50
438400,-2.6190715885082745,50
438450,-9.651576053256049,50
438500,-8.140295966769692,50
438550,-2.6745879224584064,50
438600,-11.347768161191702,50
438650,-18.216362598617412,50
438700,-11.612658115225654,50
438750,-3.0756038854982104,50
438800,-12.06343528862047,50
438850,-6.339180049347515,50
438900,-8.111617562047769,50
438950,-2.692831400676298,50
439000,-12.032362088815267,50
439050,-6.945301118753176,50
439100,-3.1966064578361664,50
439150,-6.609851014798599,50
439200,-12.638136417524374,50
439250,-6.02080198907777,50
439300,-2.3956172348122187,50
439350,-3.421801690728704,50
439400,-18.15496364392528,50
439450,-2.7250430266287187,50
439500,-17.349105461096222,50
439550,-8.8948644978328,50
439600,-3.730481012630883,50
439650,-2.375162528491509,50
439700,-5.6495799209054,50
439750,-10.412928103194625,50
439800,-9.557930983484834,50
439850,-12.681463419120474,50
439900,-6.875793624977528,50
439950,-4.980266586775508,50
440000,-4.980620145294503,50
440050,-3.3114503522509593,50
440100,-5.729495281602019,50
440150,-2.713707943329512,50
440200,-9.666638582409457,50
440250,-2.724247470031361,50
440300,-2.4409071128571536,50
440350,-6.922232231423174,50
440400,-4.036503283156182,50
440450,-15.462489918953217,50
440500,-13.04039845458309,50
440550,-13.245308336384234,50
440600,-18.710509750000995,50
440650,-4.768322493905827,50
440700,-4.024875171446686,50
440750,-13.29752296114886,50
440800,-2.4092134353413726,50
440850,-7.85786516504984,50
440900,-16.25213305840994,50
440950,-9.977164059146583,50
441000,-13.297253720617277,50
441050,-6.078630073516461,50
441100,-10.503080559653222,50
441150,-11.066057739767489,50
441200,-3.0636702580517836,50
441250,-4.053206774849632,50
441300,-16.527660325253972,50
441350,-5.131394044781691,50
441400,-16.052022874145486,50
441450,-11.80274094952096,50
441500,-15.161064964465758,50
441550,-5.432596360310732,50
441600,-18.361180475923515,50
441650,-4.113420593768524,50
441700,-4.4094993118841606,50
441750,-16.551617181814063,50
441800,-4.979425392981438,50
441850,-3.9497686997626076,50
441900,-9.538145387601476,50
441950,-2.9271992865300875,50
442000,-5.2856544844100455,50
442050,-6.1353013141500945,50
442100,-4.873616514246553,50
442150,-17.487205976340814,50
442200,-16.475130508019298,50
442250,-15.930706826974479,50
442300,-4.910847621287764,50
442350,-4.698685072756673,50
442400,-3.2806450463702896,50
442450,-10.253482406771512,50
442500,-2.771924160753881,50
442550,-18.088033194600108,50
442600,-17.309296919825815,50
442650,-8.977278372246213,50
442700,-7.559667612816778,50
442750,-4.206194724248828,50
442800,-7.542481330252783,50
442850,-5.709757307631001,50
442900,-15.379191878143963,50
442950,-11.893934197486068,50
443000,-15.348181879940476,50
443050,-9.130457964866793,50
443100,-3.79874211335204,50
443150,-5.045441409529119,50
443200,-4.622541684068273,50
443250,-9.949594293078208,50
443300,-7.126330025939359,50
443350,-3.300414421871069,50
443400,-4.3701739878245265,50
443450,-8.942062356223046,50
443500,-10.726273425887111,50
443550,-3.497254742633831,50
443600,-7.585374754450434,50
443650,-11.102201320305765,50
443700,-6.327243450206709,50
443750,-17.01458438231735,50
443800,-11.943378262117209,50
443850,-2.8332133604662015,50
443900,-12.026962838909547,50
443950,-2.162253005248554,50
444000,-15.395140179280677,50
444050,-9.865244130482386,50
444100,-5.48071586204288,50
444150,-8.921996943034424,50
444200,-10.815262667263596,50
444250,-9.836881817040098,50
444300,-8.120542522805225,50
444350,-7.409986526105469,50
444400,-3.7493232839948516,50
444450,-14.329653190478838,50
444500,-13.855094097049545,50
444550,-9.883504721097161,50
444600,-13.229304866899781,50
444650,-1.9453657586222775,50
444700,-12.803350832058502,50
444750,-6.597563918537648,50
444800,-5.728264542361397,50
444850,-4.185079902855124,50
444900,-14.660814749602356,50
444950,-15.738645752729234,50
445000,-5.701060842744341,50
445050,-14.718798305102645,50
445100,-5.164624462199707,50
445150,-16.99619683251331,50
445200,-10.348083526876552,50
445250,-3.581689404881457,50
445300,-12.397045106082986,50
445350,-11.497784938694828,50
445400,-10.333014644789,50
445450,-11.476791522296484,50
445500,-7.755586699286598,50
445550,-8.735688203902656,50
445600,-4.018096240874191,50
445650,-19.266543161732024,50
445700,-8.749069011361232,50
445750,-5.1652079485012115,50
445800,-15.593539482941784,50
445850,-16.565353223121626,50
445900,-9.445100041578785,50
445950,-6.7418634685788446,50
446000,-4.847629807410769,50
446050,-14.437309739789704,50
446100,-11.026597598814764,50
446150,-17.68373279023836,50
446200,-4.107255631325819,50
446250,-14.815030060574081,50
446300,-17.173583632612853,50
446350,-5.168093290739252,50
446400,-9.54767012861836,50
446450,-5.115115034074443,50
446500,-11.047010940862338,50
446550,-4.940307870450324,50
446600,-3.071880182832525,50
446650,-7.770107380005669,50
446700,-12.2985996727283,50
446750,-15.034358470447382,50
446800,-7.176795237480056,50
446850,-4.830766924288665,50
446900,-3.754814432101034,50
446950,-10.43417001018834,50
447000,-19.19553574376251,50
447050,-14.376994175084018,50
447100,-16.765850695018152,50
447150,-4.444978168921678,50
447200,-6.631030467378713,50
447250,-7.73592507975592,50
447300,-7.935711807179168,50
447350,-10.374766857550306,50
447400,-6.402741699520595,50
447450,-9.998730155674222,50
447500,-12.556915449583643,50
447550,-5.2953761594382,50
447600,-5.758786680787815,50
447650,-12.422371062509406,50
447700,-4.091297141711741,50
447750,-6.442010939929425,50
447800,-3.065180442546244,50
447850,-1.9704502392034065,50
447900,-8.255762095555536,50
447950,-4.49028607912435,50
448000,-7.408876085545919,50
448050,-14.257247812297505,50
448100,-12.165336385757993,50
448150,-6.417799267332742,50
448200,-16.974040863887787,50
448250,-4.533207875679883,50
448300,-5.08909524294031,50
448350,-7.51068383200595,50
448400,-6.207492468979235,50
448450,-3.5092664114613625,50
448500,-5.375260000628484,50
448550,-10.740361305699507,50
448600,-3.464521704000803,50
448650,-10.816230449045214,50
448700,-10.54115071746099,50
448750,-17.294606273559275,50
448800,-7.515646492841623,50
448850,-13.157673353382023,50
448900,-18.625198029508358,50
448950,-11.859381139841938,50
449000,-15.478778784104879,50
449050,-3.611659018880524,50
449100,-4.730285970513165,50
449150,-11.945488201342217,50
449200,-7.68940575980084,50
449250,-10.828866334506726,50
449300,-15.570462493494635,50
449350,-3.3270198831612214,50
449400,-8.32557816414769,50
449450,-11.124862420355417,50
449500,-1.3777613252313556,50
449550,-14.051205178681275,50
449600,-3.9516746575713677,50
449650,-15.455859039114813,50
449700,-5.049374894597305,50
449750,-16.72279856561869,50
449800,-13.113108032263588,50
449850,-15.576716323496422,50
449900,-12.024005336389665,50
449950,-11.312863868888435,50
450000,-9.32936659901737,50
450050,-3.816887337325574,50
450100,-3.532892785051759,50
450150,-10.779051434826316,50
450200,-9.600474594531066,50
450250,-5.525979263474818,50
450300,-7.133738141743734,50
450350,-16.072261152954134,50
450400,-4.007561394998693,50
450450,-7.038508079107145,50
450500,-10.965789735562183,50
450550,-4.067580019943229,50
450600,-11.209249541670115,50
450650,-7.549794716505325,50
450700,-11.561051462797394,50
450750,-16.657415958390352,50
450800,-3.932689094068937,50
450850,-10.661077251568623,50
450900,-16.240596860451834,50
450950,-14.490813907383338,50
451000,-5.805666184576233,50
451050,-4.236513635825255,50
451100,-6.053206578209349,50
451150,-17.461298712738582,50
451200,-3.987579788306983,50
451250,-17.17630876590583,50
451300,-15.999144421793384,50
451350,-6.968170736442919,50
451400,-10.966045325567471,50
451450,-4.103246046177836,50
451500,-13.56114996037137,50
451550,-18.63095412238113,50
451600,-6.827583320002416,50
451650,-13.23614422817501,50
451700,-3.5855989898470377,50
451750,-12.451260076082903,50
451800,-16.831488170952035,50
451850,-6.566362638946182,50
451900,-18.04105895688977,50
451950,-2.260335323603206,50
452000,-10.089342030759983,50
452050,-4.40927319839679,50
452100,-3.7299925345792344,50
452150,-14.864759660488811,50
452200,-11.354631487300656,50
452250,-8.09722799317466,50
452300,-5.160838632090641,50
452350,-3.6797884866719417,50
452400,-9.209318356377096,50
452450,-15.531480407147123,50
452500,-12.126833082190444,50
452550,-2.3481814543144464,50
452600,-14.792326214934686,50
452650,-5.012990005597365,50
452700,-8.055362184937886,50
452750,-3.629487528541602,50
452800,-13.824416511296288,50
452850,-15.802444270134982,50
452900,-15.24370279078496,50
452950,-6.2564331481187025,50
453000,-9.703111257703668,50
453050,-3.7538522715513647,50
453100,-16.59422027831155,50
453150,-4.016645209385972,50
453200,-16.088060279821587,50
453250,-15.379922238490785,50
453300,-2.616500935819444,50
453350,-3.20412431549128,50
453400,-3.523389719012552,50
453450,-5.116291901148902,50
453500,-1.2903745691869388,50
453550,-12.800523025690898,50
453600,-3.859755913180222,50
453650,-9.964250069651657,50
453700,-7.44504195794664,50
453750,-3.4547199536920323,50
453800,-4.163119305911755,50
453850,-14.884079019092452,50
453900,-3.588707763270529,50
453950,-6.61165630030117,50
454000,-16.112291154016816,50
454050,-3.6146956651884183,50
454100,-15.005831311324169,50
454150,-6.857855580237746,50
454200,-2.421575105508639,50
454250,-14.541482464626172,50
454300,-4.231872017474349,50
454350,-3.5490817583992427,50
454400,-4.004098608956774,50
454450,-14.528067988944219,50
454500,-10.38838349673191,50
454550,-8.024561416949968,50
454600,-4.185841011050555,50
454650,-2.999309282475214,50
454700,-4.783957273621995,50
454750,-7.404179960758584,50
454800,-2.177242429162977,50
454850,-3.4683783592626845,50
454900,-9.862553542213625,50
454950,-8.612637094317538,50
455000,-2.870543798368438,50
455050,-2.0453692056132,50
455100,-12.034123029594888,50
455150,-9.59215767967193,50
455200,-4.630220858937042,50
455250,-10.026464694512992,50
455300,-5.9786424632072475,50
455350,-5.16332141629558,50
455400,-8.298178786689515,50
455450,-6.302433716599941,50
455500,-3.7148454579722947,50
455550,-3.2137918125261886,50
455600,-6.349428804827961,50
455650,-2.3107826693618967,50
455700,-16.72854813881687,50
455750,-10.48481280316678,50
455800,-4.047789516525993,50
455850,-2.2157960067479343,50
455900,-12.5171361023232,50
455950,-13.480428933583696,50
456000,-3.0690461025931772,50
456050,-11.370066277194908,50
456100,-1.8726974309963371,50
456150,-9.12662340524354,50
456200,-3.8473033100066685,50
456250,-12.642565984341342,50
456300,-3.548955264102111,50
456350,-8.69037162380006,50
456400,-4.186447326892409,50
456450,-4.3536637915095175,50
456500,-7.6101010655600945,50
456550,-4.131696511173613,50
456600,-1.6688536599101853,50
456650,-2.8569533800780835,50
456700,-13.357773453355176,50
456750,-2.110279476384481,50
456800,-13.101828747079761,50
456850,-3.3398255128939516,50
456900,-16.57792249147464,50
456950,-9.887049747234958,50
457000,-3.9488653538235976,50
457050,-12.532553039931297,50
457100,-8.611063695371726,50
457150,-4.95601407227379,50
457200,-3.4571885376748748,50
457250,-10.037316155761767,50
457300,-6.436542716920144,50
457350,-1.5455363636911474,50
457400,-12.31576088363371,50
457450,-4.511656452598595,50
457500,-3.992366284712711,50
457550,-3.442339283873261,50
457600,-16.089203289957798,50
457650,-6.9258977134747335,50
457700,-11.113393153126488,50
457750,-10.280474506887227,50
457800,-9.06009088127764,50
457850,-2.9255281821132515,50
457900,-17.686962228551725,50
457950,-6.198664731303953,50
458000,-8.023477650275307,50
458050,-4.087166675975341,50
458100,-15.666415929937948,50
458150,-3.7624073450964675,50
458200,-12.746047814924026,50
458250,-15.044724288729691,50
458300,-3.36660688717551,50
458350,-4.989180680554118,50
458400,-11.635039449600526,50
458450,-14.941834486818381,50
458500,-16.755375146665852,50
458550,-15.450391452872738,50
458600,-6.475325753979744,50
458650,-7.106928790613143,50
458700,-5.324533068442312,50
458750,-11.834534499529909,50
458800,-16.728333479462943,50
458850,-11.833217749520292,50
458900,-4.7814444068831445,50
458950,-8.314278879343718,50
459000,-3.3890301328178007,50
459050,-18.78561585248713,50
459100,-3.026550463186536,50
459150,-3.9111294644924874,50
459200,-13.826303697786274,50
459250,-4.108827890857555,50
459300,-8.567539793554092,50
459350,-1.7506149702375837,50
459400,-3.8738171361499534,50
459450,-13.801406944630898,50
459500,-9.536351398351233,50
459550,-8.24548015059326,50
459600,-4.430085719233632,50
459650,-18.063418164050184,50
459700,-4.40357353901385,50
459750,-5.515492431693346,50
459800,-18.468147015983618,50
459850,-12.6228240687268,50
459900,-3.9852980751255975,50
459950,-1.8085332088739192,50
460000,-13.745109798691544,50
460050,-2.7949747076253435,50
460100,-10.345422695960895,50
460150,-3.71554998983119,50
460200,-12.670787566918392,50
460250,-12.384231734425992,50
460300,-7.163412671145233,50
460350,-11.525952941060302,50
460400,-4.919132322300801,50
460450,-4.516485328532718,50
460500,-3.981450070052756,50
460550,-10.43840226318937,50
460600,-4.649757586839717,50
460650,-18.3360603148818,50
460700,-11.891726739697948,50
460750,-14.67842649998708,50
460800,-3.5291921077435506,50
460850,-2.6033167256799525,50
460900,-2.6876214869640513,50
460950,-4.735146990827111,50
461000,-6.806592450702862,50
461050,-15.278033206244013,50
461100,-2.410404429070508,50
461150,-15.636862178745854,50
461200,-6.6772570394794215,50
461250,-3.772209014049442,50
461300,-6.028504264110129,50
461350,-10.26737431052141,50
461400,-6.320790712089835,50
461450,-2.735361982535297,50
461500,-4.060769526389039,50
461550,-4.079099269189804,50
461600,-15.392798215956844,50
461650,-9.632572576411327,50
461700,-5.965846760905444,50
461750,-15.354216443346756,50
461800,-7.839911198798663,50
461850,-2.0643020113575155,50
461900,-13.055988506059741,50
461950,-15.535516623932095,50
462000,-3.652657563750748,50
462050,-17.611495167896102,50
462100,-5.111048481860965,50
462150,-17.179988290313016,50
462200,-2.1291635663988293,50
462250,-3.519826050986208,50
462300,-4.089306610889281,50
462350,-4.706721072902345,50
462400,-13.758908111603713,50
462450,-6.123860855972057,50
462500,-15.020848704625745,50
462550,-9.21310115915173,50
462600,-15.574060256139626,50
462650,-4.1569383151719785,50
462700,-4.505758481375641,50
462750,-15.007246047155471,50
462800,-4.197703037400052,50
462850,-3.5006371019292004,50
462900,-15.839877412044924,50
462950,-14.379173102576303,50
463000,-3.9256881756841553,50
463050,-15.725669826790478,50
463100,-8.22702420429614,50
463150,-7.300714905016339,50
463200,-4.7394461069918075,50
463250,-18.08404090778912,50
463300,-15.666710097144838,50
463350,-18.04658982788473,50
463400,-15.28280084612641,50
463450,-6.807348637804893,50
463500,-3.5933230309972397,50
463550,-2.593970698963387,50
463600,-2.8304067243980637,50
463650,-13.744753191193976,50
463700,-2.2364110991695956,50
463750,-5.146161098472079,50
463800,-14.019856745377513,50
463850,-14.046230025203613,50
463900,-8.145574867639596,50
463950,-17.409482787646734,50
464000,-14.229268758696847,50
464050,-10.94090692851507,50
464100,-3.6215665803363457,50
464150,-3.7739740300722144,50
464200,-7.875822989615385,50
464250,-6.525494828477809,50
464300,-15.444524322420722,50
464350,-2.609515640650827,50
464400,-8.108437937887588,50
464450,-11.411610706099493,50
464500,-3.6836694113987614,50
464550,-3.6440257389541255,50
464600,-8.367961901586916,50
464650,-2.453939771482718,50
464700,-2.251971844452707,50
464750,-3.8904536675625585,50
464800,-5.67623190568179,50
464850,-12.520192328740817,50
464900,-4.646959964444947,50
464950,-4.256842156306806,50
465000,-4.118649489036596,50
465050,-15.228468411872868,50
465100,-12.763085892067311,50
465150,-15.834359536710613,50
465200,-10.542289478816983,50
465250,-2.7054127000117916,50
465300,-4.224606219736067,50
465350,-3.103088917329659,50
465400,-9.327546118345792,50
465450,-6.1548849615512715,50
465500,-18.174083986494963,50
465550,-4.648884589472229,50
465600,-15.022245471434246,50
465650,-9.478184055828384,50
465700,-16.862677195272425,50
465750,-13.64881542765291,50
465800,-6.6597721075225085,50
465850,-14.672645460069413,50
465900,-14.373182620924778,50
465950,-2.7392218672315933,50
466000,-16.880752363080088,50
466050,-6.644489518269917,50
466100,-17.003475264038826,50
466150,-18.321792338363334,50
466200,-3.6216538822352478,50
466250,-10.455272318005791,50
466300,-14.981286345916628,50
466350,-13.59212306309774,50
466400,-2.6199353463308506,50
466450,-12.966667621845867,50
466500,-2.1658885784660593,50
466550,-9.109612938484515,50
466600,-8.734819487163795,50
466650,-16.133163978323648,50
466700,-12.89557465089083,50
466750,-4.615474626673763,50
466800,-5.511175347092808,50
466850,-8.15867442791755,50
466900,-3.621328641440839,50
466950,-16.39312360851996,50
467000,-14.3887962091494,50
467050,-14.753399147951708,50
467100,-1.643956571470679,50
467150,-12.823072833032594,50
467200,-14.3295355716821,50
467250,-17.6216832473675,50
467300,-3.5871720882140874,50
467350,-3.0676415641777406,50
467400,-6.119265043534535,50
467450,-5.973106665075598,50
467500,-4.25034244450572,50
467550,-6.10299146791628,50
467600,-8.023383202702384,50
467650,-18.9575966923321,50
467700,-17.00634911751965,50
467750,-12.662554813464386,50
467800,-17.37529491274817,50
467850,-3.5297710684131625,50
467900,-13.782159912521733,50
467950,-3.6146021139123192,50
468000,-16.570708067253342,50
468050,-3.787573666342021,50
468100,-4.285271553913215,50
468150,-6.373262131844439,50
468200,-17.11121238060179,50
468250,-2.984531649827578,50
468300,-3.7188432699409404,50
468350,-16.52605731922769,50
468400,-9.715020994829588,50
468450,-2.1450517505472138,50
468500,-3.974849413493286,50
468550,-19.7234436757792,50
468600,-6.116726331512582,50
468650,-5.262831900243863,50
468700,-10.867523110586289,50
468750,-2.652750716831963,50
468800,-2.774771076526667,50
468850,-16.901331117247828,50
468900,-15.32104751290401,50
468950,-5.186994024932742,50
469000,-4.153118068539317,50
469050,-4.378197097081502,50
469100,-2.756794764439343,50
469150,-3.781902284393837,50
469200,-11.062593434604587,50
469250,-4.119160022078686,50
469300,-6.572548167827495,50
469350,-13.911824016786477,50
469400,-10.222217341913016,50
469450,-9.265287434771755,50
469500,-7.289238081882788,50
469550,-12.56017050797434,50
469600,-7.0514909210304,50
469650,-5.225388374081672,50
469700,-16.577716224063654,50
469750,-3.5104531647881076,50
469800,-3.7997084007243704,50
469850,-15.718100639268092,50
469900,-3.9405577239899228,50
469950,-6.162550647015489,50
470000,-17.437784297047784,50
470050,-14.153775710581986,50
470100,-3.3352243748437416,50
470150,-14.200771902588263,50
470200,-3.869797985609977,50
470250,-7.920256781685667,50
470300,-4.0625139324246184,50
470350,-10.43303884151815,50
470400,-11.523902877357056,50
470450,-3.8589763063977376,50
470500,-10.659152526877824,50
470550,-9.236400029379974,50
470600,-17.77225202682298,50
470650,-3.579672526567235,50
470700,-5.7102309482479425,50
470750,-3.7969116889557704,50
470800,-9.855323560160906,50
470850,-17.243648777643287,50
470900,-9.137256075962473,50
470950,-5.405756028788294,50
471000,-12.716901108935245,50
471050,-18.409964181303664,50
471100,-17.051565708646393,50
471150,-14.50319868769968,50
471200,-17.20700527245108,50
471250,-12.125345467308373,50
471300,-5.3248915348574,50
471350,-6.522441927842891,50
471400,-13.180406990376637,50
471450,-1.871191683267139,50
471500,-4.297523064915033,50
471550,-6.866911467025151,50
471600,-12.473919415778974,50
471650,-3.1403041274238865,50
471700,-2.613892705993031,50
471750,-12.677719163930805,50
471800,-3.101949526635878,50
471850,-13.872761724910898,50
471900,-2.8461621858817927,50
471950,-18.459240113641364,50
472000,-2.8518967878364423,50
472050,-8.5203457829736,50
472100,-6.864599163628967,50
472150,-3.582277463361858,50
472200,-5.423891113390592,50
472250,-10.306939421756883,50
472300,-15.908480824071193,50
472350,-3.469322964452176,50
472400,-3.087392740433672,50
472450,-3.3738684397672847,50
472500,-17.55206068626138,50
472550,-3.9063014463524137,50
472600,-14.79342032845921,50
472650,-5.156893091645762,50
472700,-6.718103690197094,50
472750,-4.137910028725914,50
472800,-3.1189995930215653,50
472850,-14.386262870883904,50
472900,-14.133170129020504,50
472950,-13.371041642291878,50
473000,-1.631516817682182,50
473050,-16.07978905093278,50
473100,-3.1855409916015964,50
473150,-16.5068920547483,50
473200,-8.093093538081895,50
473250,-18.43462212670487,50
473300,-4.504509259723127,50
473350,-2.8755538952843076,50
473400,-16.953069992792507,50
473450,-18.373236717439916,50
473500,-1.410599873740266,50
473550,-12.561683248081676,50
473600,-11.690146405226049,50
473650,-7.736979990109288,50
473700,-4.013807618574822,50
473750,-7.861334251475061,50
473800,-3.2252660963354964,50
473850,-4.78225135620158,50
473900,-2.976033592472704,50
473950,-2.8160958650378713,50
474000,-4.883612189159536,50
474050,-5.943231488444945,50
474100,-4.230210562570388,50
474150,-8.594147831075938,50
474200,-3.66790069605283,50
474250,-7.5095810087888175,50
474300,-10.995025769130264,50
474350,-5.144805400760635,50
474400,-4.778290533597122,50
474450,-10.468015882695438,50
474500,-7.587658098742253,50
474550,-13.278733733876928,50
474600,-7.569691192123046,50
474650,-4.116316161092965,50
474700,-3.5190723007425153,50
474750,-9.663474105174533,50
474800,-7.685002553377307,50
474850,-1.6076418393611183,50
474900,-5.868425310512222,50
474950,-8.011955624168612,50
475000,-3.8973151795164966,50
475050,-2.8502331388248843,50
475100,-13.36536523460945,50
475150,-11.849474724560066,50
475200,-5.93409629263273,50
475250,-11.373601351263138,50
475300,-16.49407194934494,50
475350,-17.212263638518987,50
475400,-9.355941183843703,50
475450,-11.630547598295154,50
475500,-12.545642283131938,50
475550,-11.145123741874556,50
475600,-8.99383812766309,50
475650,-4.651086632212116,50
475700,-8.562202659062221,50
475750,-10.641992289432897,50
475800,-4.907331729938966,50
475850,-15.09974239487957,50
475900,-4.12649334007119,50
475950,-10.832468304242463,50
476000,-6.765948084172026,50
476050,-20.312568930264558,50
476100,-10.02008738055331,50
476150,-20.251689110316956,50
476200,-6.591298494060637,50
476250,-3.9156669970156854,50
476300,-3.8520096964223347,50
476350,-11.542025741571594,50
476400,-10.852592676766696,50
476450,-5.463215149388162,50
476500,-8.11560381070649,50
476550,-14.61888309778418,50
476600,-19.07218554127677,50
476650,-11.017373194169,50
476700,-12.009851082674421,50
476750,-7.616984283390997,50
476800,-6.181763874445126,50
476850,-8.78009368732097,50
476900,-5.196255576246736,50
476950,-9.199049619554552,50
477000,-14.53817743405129,50
477050,-8.833169845604516,50
477100,-4.176989374565477,50
477150,-5.879545376663428,50
477200,-2.094557327605248,50
477250,-13.585021721625353,50
477300,-13.014082482955994,50
477350,-7.793184396487643,50
477400,-15.323084319096225,50
477450,-13.636088506107138,50
477500,-5.63647506652001,50
477550,-6.520833211055221,50
477600,-12.192231296429876,50
477650,-6.125325499362842,50
477700,-3.3251907046560216,50
477750,-9.331585949629586,50
477800,-1.8249927905490666,50
477850,-3.0360550328847284,50
477900,-6.736996277815077,50
477950,-3.1852980780665896,50
478000,-4.195309644355497,50
478050,-5.611935935974935,50
478100,-15.061127604292215,50
478150,-2.0812024796033226,50
478200,-3.5392649875494877,50
478250,-3.56807354448811,50
478300,-4.551028690484073,50
478350,-15.547053189688915,50
478400,-4.065578299433348,50
478450,-14.235973165334867,50
478500,-12.282462620855782,50
478550,-5.934243786504067,50
478600,-4.725644986196378,50
478650,-16.61271106332096,50
478700,-2.9026367380977427,50
478750,-9.509341125399308,50
478800,-11.149509031206225,50
478850,-2.492014782414868,50
478900,-18.220892861582158,50
478950,-8.193370333142415,50
479000,-14.028583717945553,50
479050,-10.82754457144735,50
479100,-13.868051864694612,50
479150,-9.277528724716703,50
479200,-6.85428018169104,50
479250,-4.267554686465817,50
479300,-4.013387165070677,50
479350,-11.15134986539432,50
479400,-3.8929275985705876,50
479450,-3.7414328961748566,50
479500,-1.275150977300133,50
479550,-3.229984506943098,50
479600,-8.682739747095832,50
479650,-4.450744875920384,50
479700,-1.449353948168946,50
479750,-12.854059254095986,50
479800,-3.4371604016320303,50
479850,-4.131012886224357,50
479900,-2.0460591507156454,50
479950,-1.454876131104912,50
480000,-17.95655138725008,50
480050,-18.12811598020463,50
480100,-19.89459616072628,50
480150,-4.417507726830084,50
480200,-9.022222424125083,50
480250,-4.1283389320224755,50
480300,-18.55781119454083,50
480350,-17.4519758186413,50
480400,-3.2149095089624313,50
480450,-4.702733605823538,50
480500,-14.399593799980053,50
480550,-16.397636099582826,50
480600,-17.07669933764234,50
480650,-11.203075334813542,50
480700,-7.656278005471809,50
480750,-4.286470987052901,50
480800,-18.266553366438078,50
480850,-6.829922286719293,50
480900,-3.1157704815582603,50
480950,-4.562130234599723,50
481000,-1.9001391569496788,50
481050,-16.923716633176472,50
481100,-15.327001958613724,50
481150,-12.458452164372243,50
481200,-1.4437127339998106,50
481250,-10.000199176234494,50
481300,-1.1005023659713449,50
481350,-9.537184620758733,50
481400,-10.630897066353475,50
481450,-10.191048637302734,50
481500,-3.282145243905191,50
481550,-2.4983111553965545,50
481600,-5.372535272535374,50
481650,-6.917972311419796,50
481700,-8.47876939548797,50
481750,-6.623169095389598,50
481800,-13.218848919026412,50
481850,-12.225595045461757,50
481900,-10.221194473031401,50
481950,-6.498807714367135,50
482000,-1.56416022854193,50
482050,-11.957522020772954,50
482100,-3.7537013136612334,50
482150,-1.3557428345609053,50
482200,-15.246487707276197,50
482250,-2.682305165327626,50
482300,-3.6617287743148568,50
482350,-4.970872958128169,50
482400,-4.344407508350547,50
482450,-17.406905543626806,50
482500,-4.584167603530701,50
482550,-2.0487173867519215,50
482600,-3.1190634189202004,50
482650,-3.9938975117362876,50
482700,-16.190507087771774,50
482750,-4.660138050872346,50
482800,-6.144881995716509,50
482850,-5.242965772622911,50
482900,-14.712902689917936,50
482950,-8.549775527189471,50
483000,-9.098011166333304,50
483050,-3.3197534035330234,50
483100,-4.492258471452193,50
483150,-9.106947471474383,50
483200,-15.698799441893577,50
483250,-12.182276785604484,50
483300,-3.7155661156386515,50
483350,-17.806911436999872,50
483400,-3.4418544649025717,50
483450,-3.700704352307868,50
483500,-8.637254065798555,50
483550,-15.748824511516466,50
483600,-5.400254659861519,50
483650,-3.827871043105483,50
483700,-17.872041033980917,50
483750,-9.521832803712982,50
483800,-14.211596352548254,50
483850,-1.4288503996470567,50
483900,-3.8541616234735456,50
483950,-2.719490703546112,50
484000,-3.97530896447565,50
484050,-15.026772988209975,50
484100,-6.406534922489122,50
484150,-14.05077640721278,50
484200,-12.150202257186008,50
484250,-3.306258334369578,50
484300,-8.944395291702602,50
484350,-18.325245137951924,50
484400,-11.014916100621946,50
484450,-5.257048173873205,50
484500,-4.083629931261997,50
484550,-4.387645502593001,50
484600,-4.987868453796587,50
484650,-9.303894034057068,50
484700,-10.677107793090107,50
484750,-2.238796984196995,50
484800,-10.10786270077662,50
484850,-3.501762373831548,50
484900,-2.946193529573676,50
484950,-6.202935727696153,50
485000,-7.550736682996861,50
485050,-4.226875994884807,50
485100,-14.53211508870043,50
485150,-15.343353256308482,50
485200,-6.6983252447298955,50
485250,-11.934061897487936,50
485300,-4.4999673915715075,50
485350,-12.94820123362716,50
485400,-17.470214832626112,50
485450,-8.87194078426719,50
485500,-3.8241685119284363,50
485550,-3.6747685091640307,50
485600,-7.99567188772328,50
485650,-12.533233409515537,50
485700,-3.926067662861739,50
485750,-4.486503526090819,50
485800,-9.344734516191794,50
485850,-6.041719167146278,50
485900,-7.284454392752239,50
485950,-5.156608462280181,50
486000,-2.7226230315242166,50
486050,-14.56576972513587,50
486100,-3.068018069762379,50
486150,-3.7381152148124905,50
486200,-5.6227441847632535,50
486250,-4.779146845414653,50
486300,-5.589697911893356,50
486350,-5.916785153306377,50
486400,-11.04776850704809,50
486450,-8.194015040041212,50
486500,-16.01993333975839,50
486550,-3.5396040356045915,50
486600,-1.9485124641582958,50
486650,-8.38381678741051,50
486700,-2.4483594688754633,50
486750,-8.297943967706052,50
486800,-4.263741475461013,50
486850,-2.6304786898150114,50
486900,-9.206103775395324,50
486950,-10.404754252420666,50
487000,-11.197761714640722,50
487050,-3.9095238619367056,50
487100,-6.470895048220472,50
487150,-5.676214485780367,50
487200,-18.5889469437287,50
487250,-13.595650913245144,50
487300,-15.151241556326621,50
487350,-15.188119295154758,50
487400,-12.787424082201435,50
487450,-4.856897851454552,50
487500,-12.473111055244301,50
487550,-2.208119022259735,50
487600,-13.699859797180116,50
487650,-3.5186475662456442,50
487700,-3.381537494575273,50
487750,-13.363058727431648,50
487800,-6.206975194962864,50
487850,-5.795795686391068,50
487900,-3.0335120445897883,50
487950,-3.024972262509931,50
488000,-3.2178043118046378,50
488050,-13.367458943495356,50
488100,-3.3165256864803205,50
488150,-8.667897950339526,50
488200,-7.87812991364578,50
488250,-11.646380591459991,50
488300,-3.202481160390072,50
488350,-12.475369067275622,50
488400,-5.153159774995907,50
488450,-2.5894371945295993,50
488500,-3.537603540470162,50
488550,-9.635895547532106,50
488600,-7.161824719586716,50
488650,-3.930135894247439,50
488700,-6.795430738358285,50
488750,-3.7092310865173026,50
488800,-14.5216265027377,50
488850,-14.764367223376029,50
488900,-9.837713189258396,50
488950,-9.507392597637491,50
489000,-17.293915006499592,50
489050,-5.389292182148504,50
489100,-7.515248654983779,50
489150,-9.424055480448267,50
489200,-2.1700717546723034,50
489250,-6.443215708215353,50
489300,-3.6011617133523517,50
489350,-3.8588338292687308,50
489400,-3.8224412410383497,50
489450,-8.314515270635868,50
489500,-3.522170018961099,50
489550,-10.657371357556105,50
489600,-10.319971537993782,50
489650,-17.3534352709379,50
489700,-7.665980388653709,50
489750,-10.699519722739156,50
489800,-4.794155045242403,50
489850,-13.384002771621821,50
489900,-20.468624533610598,50
489950,-4.807856616059336,50
490000,-16.255272161082576,50
490050,-7.9449242957368424,50
490100,-4.439456391173236,50
490150,-11.794006105271686,50
490200,-13.229545261148633,50
490250,-8.181234755379812,50
490300,-3.1429365555966093,50
490350,-3.6861148884461605,50
490400,-15.465276884942199,50
490450,-3.4498548887644724,50
490500,-2.0094448022956386,50
490550,-3.121815946664724,50
490600,-14.542754034598754,50
490650,-3.414785943239947,50
490700,-11.102196499791738,50
490750,-3.6446283850009884,50
490800,-19.81024332299044,50
490850,-17.352128407154616,50
490900,-1.600203118785073,50
490950,-2.6397956473322033,50
491000,-14.277392368058036,50
491050,-12.652003844469263,50
491100,-12.279480513054734,50
491150,-17.713768699721413,50
491200,-4.362267658443274,50
491250,-16.20725583129709,50
491300,-2.231883492221093,50
491350,-3.974910329021123,50
491400,-2.719676819704035,50
491450,-16.177718947176373,50
491500,-4.413146074824244,50
491550,-8.815044847064215,50
491600,-8.59472419091852,50
491650,-8.719009324214024,50
491700,-11.893877302663967,50
491750,-4.388360910892521,50
491800,-16.47198891652987,50
491850,-3.4196008493366636,50
491900,-3.021652423797247,50
491950,-9.405525465540697,50
492000,-3.1183181679089866,50
492050,-3.2869397906281828,50
492100,-5.753876699843027,50
492150,-3.707015633294506,50
492200,-2.1927365126124125,50
492250,-6.7821516883282795,50
492300,-2.960123929780124,50
492350,-19.759019346454043,50
492400,-17.76816875072501,50
492450,-3.7575856878162033,50
492500,-15.449123579632857,50
492550,-3.8353476162177937,50
492600,-13.622527800547468,50
492650,-12.87247871291419,50
492700,-20.005366053112574,50
492750,-12.153654262638229,50
492800,-17.791050081150566,50
492850,-17.479401874913084,50
492900,-4.970741504629254,50
492950,-11.59946536860462,50
493000,-12.63912234944322,50
493050,-12.740736358178722,50
493100,-6.6801196707271435,50
493150,-4.269155789327689,50
493200,-14.6381583869661,50
493250,-5.467107495073987,50
493300,-5.578470738781841,50
493350,-2.6058555645859793,50
493400,-3.3226040276226847,50
493450,-18.183722673922702,50
493500,-10.19948586579689,50
493550,-6.282354546253195,50
493600,-4.239147668636491,50
493650,-5.032664275488909,50
493700,-3.600965178589572,50
493750,-3.6679185817922333,50
493800,-18.750030536038814,50
493850,-3.60363177584587,50
493900,-4.3196344092543475,50
493950,-6.290443943160308,50
494000,-16.77385347205094,50
494050,-3.549806506708044,50
494100,-6.8263852082993015,50
494150,-3.837905133261768,50
494200,-11.465621097128563,50
494250,-3.0233663133535202,50
494300,-3.944249235281279,50
494350,-14.27250358952316,50
494400,-3.314552975491653,50
494450,-15.963906586401297,50
494500,-9.49677374312463,50
494550,-12.098909435629869,50
494600,-14.375937651376537,50
494650,-3.6490824698404687,50
494700,-2.96045119788402,50
494750,-14.475537291942738,50
494800,-3.6691795293110667,50
494850,-18.198705294659415,50
494900,-3.296728013219807,50
494950,-3.8214384662842202,50
495000,-10.014912622724738,50
495050,-14.466518621056133,50
495100,-14.389523316259183,50
495150,-16.914066461153844,50
495200,-4.068692441206248,50
495250,-6.721714610539606,50
495300,-8.078222990782809,50
495350,-8.637721196660557,50
495400,-2.556566249181682,50
495450,-10.645349610808104,50
495500,-8.893444056362434,50
495550,-9.438091865212922,50
495600,-4.478989288908568,50
495650,-2.9169700846410085,50
495700,-4.639679035679872,50
495750,-8.502272689951196,50
495800,-10.780565012981587,50
495850,-13.444461753561518,50
495900,-12.976844756917648,50
495950,-4.772407605369045,50
496000,-3.8553384775514865,50
496050,-14.777596488219103,50
496100,-4.147851220793345,50
496150,-10.768052569198513,50
496200,-3.904571616272736,50
496250,-20.89450144683471,50
496300,-4.596954046327315,50
496350,-16.70942165868185,50
496400,-3.2785508238652445,50
496450,-3.729666350870358,50
496500,-10.029653928668562,50
496550,-9.330012961034754,50
496600,-13.695109235032426,50
496650,-5.574338986581661,50
496700,-12.656379034941141,50
496750,-13.909255476233072,50
496800,-2.7169014987363354,50
496850,-10.248424424627917,50
496900,-4.596722801670108,50
496950,-19.06396876856749,50
497000,-7.9812482522403645,50
497050,-10.100823565062736,50
497100,-10.458991230212204,50
497150,-20.043085024051557,50
497200,-3.7505136596998767,50
497250,-4.778888428010722,50
497300,-3.9793554356268714,50
497350,-8.751753117493438,50
497400,-10.513723548181902,50
497450,-6.888238799983976,50
497500,-9.790308507768707,50
497550,-3.970341706952287,50
497600,-15.039973605471983,50
497650,-4.865491784134544,50
497700,-8.084584988688698,50
497750,-3.8633477556129097,50
497800,-2.9388728380743503,50
497850,-7.529039929904444,50
497900,-8.255535073175007,50
497950,-16.47562860016625,50
498000,-11.969181574827738,50
498050,-6.567173284329868,50
498100,-13.856994687723295,50
498150,-3.9772748982952995,50
498200,-9.227291926873326,50
498250,-4.032684987992641,50
498300,-8.352422362646175,50
498350,-5.704121764875045,50
498400,-12.04989001365177,50
498450,-2.7127046683975333,50
498500,-12.312169780686894,50
498550,-3.4495094291290287,50
498600,-4.057123449542106,50
498650,-11.06646026502818,50
498700,-8.03847498208645,50
498750,-18.714541943458656,50
498800,-3.186819762419731,50
498850,-9.723277063313457,50
498900,-3.701108570562417,50
498950,-4.977091795675401,50
499000,-3.1049763637088206,50
499050,-14.022914109118046,50
499100,-6.521103899279723,50
499150,-5.927829265706569,50
499200,-15.909285744734907,50
499250,-14.276664074483923,50
499300,-2.94856884542326,50
499350,-4.189163266318783,50
499400,-3.3663387876311246,50
499450,-7.638330119145338,50
499500,-2.5148037317534424,50
499550,-4.116309001106381,50
499600,-5.880853126764599,50
499650,-2.584252278390851,50
499700,-3.472533205093837,50
499750,-8.361569596847556,50
499800,-7.956955843974087,50
499850,-8.415573855344919,50
499900,-10.36501815491088,50
499950,-9.062252005120124,50
500000,-7.477616879131282,50
500050,-14.274201977534483,50
500100,-3.794786116157141,50
500150,-20.191051423149116,50
500200,-4.106675909031884,50
500250,-6.305978397291296,50
500300,-9.518206268015188,50
500350,-3.953934013569493,50
500400,-17.26841328931298,50
500450,-15.315986405881,50
500500,-4.723408955152044,50
500550,-6.294510072245109,50
500600,-3.984928533646829,50
500650,-8.551114226066648,50
500700,-16.70588282852149,50
500750,-3.9474061381333767,50
500800,-3.5926479531118107,50
500850,-3.4824827360059967,50
500900,-6.528063571136905,50
500950,-6.142924887828625,50
501000,-2.928592794766213,50
501050,-15.16696982286292,50
501100,-3.5959902219323063,50
501150,-12.051144434036043,50
501200,-10.712367127873984,50
501250,-12.707852134699186,50
501300,-3.3768421558335837,50
501350,-5.365363028541372,50
501400,-11.865748843178112,50
501450,-10.980009096856985,50
501500,-6.474779820504048,50
501550,-7.767057850258803,50
501600,-4.468664605739194,50
501650,-17.547995916377207,50
501700,-4.50969338233636,50
501750,-4.272729804784505,50
501800,-6.485942637589048,50
501850,-15.125200076573062,50
501900,-15.42890173430242,50
501950,-3.747010669117333,50
502000,-15.73138258881686,50
502050,-10.342020155652898,50
502100,-3.906269747117629,50
502150,-10.999676667682547,50
502200,-16.079499837914565,50
502250,-14.976928480359243,50
502300,-7.756396927686398,50
502350,-19.992872700588958,50
502400,-2.260576750139241,50
502450,-4.230965371603461,50
502500,-16.026219010168646,50
502550,-7.8610870106308415,50
502600,-16.55147273524113,50
502650,-8.454444704548175,50
502700,-8.492687995051007,50
502750,-3.7595546946381795,50
502800,-14.100689785187987,50
502850,-8.26279158556416,50
502900,-14.588243919707358,50
502950,-11.932173552090125,50
503000,-6.088606240053065,50
503050,-2.289926050217207,50
503100,-13.887098013575361,50
503150,-7.049924763104534,50
503200,-3.10625358041407,50
503250,-3.5262692455581854,50
503300,-10.631807451343528,50
503350,-11.05013076375379,50
503400,-6.124741785077861,50
503450,-17.135535081564488,50
503500,-3.7956063989034545,50
503550,-7.38012931127045,50
503600,-5.5574982116120815,50
503650,-7.138639382565739,50
503700,-7.303078803445119,50
503750,-10.945696312648709,50
503800,-15.521303386125664,50
503850,-16.96242241480449,50
503900,-11.975605663827439,50
503950,-3.4100492399771642,50
504000,-3.493849313481123,50
504050,-8.021170658125248,50
504100,-1.694121751306579,50
504150,-11.755464559689095,50
504200,-14.943332793507778,50
504250,-11.99185064902563,50
504300,-9.842629480346273,50
504350,-19.88078317431592,50
504400,-4.540371673037469,50
504450,-2.618309602698166,50
504500,-3.873016316611782,50
504550,-3.8527966173220554,50
504600,-3.2504298325447025,50
504650,-11.722256292973533,50
504700,-3.2956157769811463,50
504750,-2.5395597660792575,50
504800,-4.102042694512771,50
504850,-16.116233123564456,50
504900,-3.7424025843727535,50
504950,-10.050230178616635,50
505000,-6.448493085173565,50
505050,-14.279711481013935,50
505100,-7.398019157042387,50
505150,-16.62539570376833,50
505200,-11.182900610363859,50
505250,-2.467067713137787,50
505300,-13.35963350164589,50
505350,-12.935632664241039,50
505400,-10.68924508440008,50
505450,-14.949820246674976,50
505500,-3.673594898690204,50
505550,-3.577251418870367,50
505600,-15.396812867317125,50
505650,-1.9217170513443944,50
505700,-2.696495622185846,50
505750,-15.614715714197827,50
505800,-6.305934456778686,50
505850,-8.879202212922864,50
505900,-4.6472004844670876,50
505950,-15.268809286652404,50
506000,-3.161945292517185,50
506050,-13.766821659389722,50
506100,-3.2405112945426726,50
506150,-5.847054645858184,50
506200,-3.210507572370963,50
506250,-5.07674667811556,50
506300,-5.366509040065157,50
506350,-1.8423619975943486,50
506400,-16.269490512175903,50
506450,-12.692241005035951,50
506500,-6.506385621935365,50
506550,-3.4814744714867807,50
506600,-15.694703023539512,50
506650,-15.180051780030542,50
506700,-2.6556894867211582,50
506750,-2.9883669623010407,50
506800,-13.586014864891455,50
506850,-6.436206995651121,50
506900,-6.287306550816831,50
506950,-3.736021442344757,50
507000,-13.333188043283556,50
507050,-12.620001214330307,50
507100,-13.631471520524837,50
507150,-3.644042866699287,50
507200,-6.4449196187562245,50
507250,-2.8840072471080314,50
507300,-13.221079010863221,50
507350,-4.236241817418469,50
507400,-17.161299819421437,50
507450,-15.953257394553782,50
507500,-4.528257210643778,50
507550,-2.5602002133263344,50
507600,-7.375074673291753,50
507650,-10.912784629600724,50
507700,-3.3687716382260966,50
507750,-2.1523533121313236,50
507800,-11.341576369151513,50
507850,-14.432438303591109,50
507900,-2.1770896040325622,50
507950,-3.582332420849547,50
508000,-6.667374503854871,50
508050,-16.27961391220901,50
508100,-11.877679528428217,50
508150,-4.815921907002034,50
508200,-5.16890995729213,50
508250,-2.612320259875149,50
508300,-8.569456369912546,50
508350,-8.832809914377473,50
508400,-6.267969100530658,50
508450,-17.87953537886424,50
508500,-14.232212541501179,50
508550,-8.30002276441089,50
508600,-11.855535644430487,50
508650,-10.483216037579924,50
508700,-17.428996610493602,50
508750,-12.131801377409824,50
508800,-2.4089292809692444,50
508850,-4.014007635771565,50
508900,-3.6318842006587495,50
508950,-2.7456596235987143,50
509000,-13.788487693262791,50
509050,-8.903274499039053,50
509100,-6.048204526676544,50
509150,-4.496936639875224,50
509200,-3.6715237034860633,50
509250,-5.890351858988654,50
509300,-3.6416024334500756,50
509350,-2.694441256862693,50
509400,-2.645997923343892,50
509450,-3.4851555979032125,50
509500,-15.568407954433514,50
509550,-3.0571066211966005,50
509600,-2.968599054509167,50
509650,-13.267562785153737,50
509700,-16.960862238330062,50
509750,-7.187508732670698,50
509800,-2.4152074743105323,50
509850,-9.203242551022994,50
509900,-3.3667380787430754,50
509950,-4.303459962033866,50
510000,-8.286484227632656,50
510050,-2.552202098632749,50
510100,-5.212435963162855,50
510150,-3.781028222410838,50
510200,-3.8987550412612806,50
510250,-6.153742132350107,50
510300,-5.438367716495516,50
510350,-4.054942059566585,50
510400,-9.63145801211496,50
510450,-6.311041692035431,50
510500,-16.122070083554615,50
510550,-8.133127127781258,50
510600,-2.906840113016177,50
510650,-17.17201060878388,50
510700,-15.8261133361141,50
510750,-13.893491827737874,50
510800,-7.016436466648033,50
510850,-17.697095632674465,50
510900,-3.068896419212286,50
510950,-3.790100405515998,50
511000,-8.70090827062743,50
511050,-13.469873853776347,50
511100,-5.622220410538629,50
511150,-2.6976821079442383,50
511200,-4.392038452619747,50
511250,-14.678238533893532,50
511300,-6.357732803838458,50
511350,-6.325731545119208,50
511400,-14.219486074121741,50
511450,-4.872648174372142,50
511500,-4.100410402248244,50
511550,-2.3887811632155818,50
511600,-14.260299880023362,50
511650,-3.1329311912193285,50
511700,-7.716242998626651,50
511750,-17.439367138278083,50
511800,-2.8243334154862936,50
511850,-11.190880758192925,50
511900,-3.0208055150567756,50
511950,-5.403507699852429,50
512000,-10.196935115609115,50
512050,-14.385668631865144,50
512100,-15.353167636619686,50
512150,-14.752813665259046,50
512200,-16.42380158593371,50
512250,-18.646528002084448,50
512300,-8.46281503377649,50
512350,-6.863307903482452,50
512400,-12.465187022840889,50
512450,-15.4812603618046,50
512500,-3.6825952715035317,50
512550,-16.57839791359211,50
512600,-8.16393006869333,50
512650,-11.887077683357795,50
512700,-2.717738923760586,50
512750,-16.146334658675794,50
512800,-10.632879545213157,50
512850,-2.5293752635160436,50
512900,-9.755679164252543,50
512950,-12.99032627447364,50
513000,-3.8115100470328738,50
513050,-18.466186160448544,50
513100,-12.353195844077348,50
513150,-3.3312617804745637,50
513200,-11.927553988933688,50
513250,-15.616528385000564,50
513300,-9.746972970111962,50
513350,-8.73633890449358,50
513400,-4.983564173699148,50
513450,-7.656859108406105,50
513500,-4.997041802261018,50
513550,-12.833064063362839,50
513600,-17.273136154679385,50
513650,-10.566004985466176,50
513700,-13.073396156433093,50
513750,-6.9980868048710265,50
513800,-2.8983014437681174,50
513850,-11.982894209600445,50
513900,-10.925667860505092,50
513950,-15.884578246442421,50
514000,-5.426521796294798,50
514050,-3.894469220063056,50
514100,-5.493086408254077,50
514150,-8.580117127562357,50
514200,-2.6836619901785683,50
514250,-4.817155768671436,50
514300,-11.492065797302434,50
514350,-13.166436551705923,50
514400,-12.361790806414724,50
514450,-9.768942674497849,50
514500,-4.169523566936355,50
514550,-2.710044287073154,50
514600,-20.224345632193867,50
514650,-17.080056697614317,50
514700,-13.075216714274967,50
514750,-16.151008024710297,50
514800,-3.3159643767836062,50
514850,-2.100211755436831,50
514900,-12.317942513981471,50
514950,-19.77380331274312,50
515000,-3.4261703850973886,50
515050,-10.646849415972113,50
515100,-14.057922143549678,50
515150,-10.384610063054714,50
515200,-2.3865190297415295,50
515250,-15.875874373330294,50
515300,-4.704189415310281,50
515350,-4.5488784225909615,50
515400,-4.442171599279034,50
515450,-9.046709898470516,50
515500,-15.36978996561299,50
515550,-17.524787427224034,50
515600,-16.679760569375176,50
515650,-11.02042364831085,50
515700,-16.260661693025767,50
515750,-5.585397227824875,50
515800,-2.527648455510857,50
515850,-15.475733277995396,50
515900,-6.070803162653355,50
515950,-3.461391783195943,50
516000,-3.0396989776416725,50
516050,-4.138894239439279,50
516100,-8.688641639279979,50
516150,-6.588582848349636,50
516200,-17.269661667647114,50
516250,-4.85498374116368,50
516300,-2.261546538636805,50
516350,-7.205534842486108,50
516400,-10.073532831552631,50
516450,-4.716593808122553,50
516500,-6.286534985443202,50
516550,-10.17267478116082,50
516600,-15.827029069122547,50
516650,-3.0120337431663318,50
516700,-2.0847505943384492,50
516750,-15.253659177052155,50
516800,-3.782118469306772,50
516850,-2.6837995485449584,50
516900,-4.329175989481862,50
516950,-12.299764959803895,50
517000,-10.577941712336012,50
517050,-17.63286830469327,50
517100,-17.550089921498504,50
517150,-4.002592341151146,50
517200,-9.279594976984946,50
517250,-4.921711679556657,50
517300,-2.64345557056892,50
517350,-4.3431396233202,50
517400,-3.7970405209113824,50
517450,-15.409738194729309,50
517500,-14.24970978003932,50
517550,-9.718280647450928,50
517600,-7.761193305746362,50
517650,-8.775266748574083,50
517700,-20.137166675990517,50
517750,-8.190063334038593,50
517800,-4.790427740158177,50
517850,-10.72086458918739,50
517900,-8.106501147683133,50
517950,-5.747406080875357,50
518000,-13.389789865628765,50
518050,-16.199180810209906,50
518100,-4.186738395649533,50
518150,-18.516192802157178,50
518200,-5.821374885940038,50
518250,-9.770123606264889,50
518300,-12.324410412551591,50
518350,-3.90535801256367,50
518400,-7.376570713454966,50
518450,-13.949179623879939,50
518500,-10.340070542448885,50
518550,-10.227117915794814,50
518600,-3.1138927137176236,50
518650,-4.663709513718104,50
518700,-15.367088070070897,50
518750,-16.478212610926878,50
518800,-5.9155134388046395,50
518850,-7.206286785914103,50
518900,-4.673515012810522,50
518950,-9.203393935417239,50
519000,-2.99952571022003,50
519050,-10.312294375032783,50
519100,-11.083455102634666,50
519150,-3.5719772353993697,50
519200,-4.681603166398173,50
519250,-5.411597018815067,50
519300,-8.65961199764439,50
519350,-12.013183393500173,50
519400,-3.8162046899871918,50
519450,-11.670195711943796,50
519500,-10.407258367509531,50
519550,-15.50039581363411,50
519600,-4.212901558428351,50
519650,-2.6057127262078184,50
519700,-15.129015581263262,50
519750,-5.596503878597134,50
519800,-12.276099731530783,50
519850,-2.7042482997580617,50
519900,-5.314083216506803,50
519950,-19.42666891479199,50
520000,-13.39553393823019,50
520050,-12.441113730379236,50
520100,-1.8791067809087805,50
520150,-5.879654309796068,50
520200,-9.749207218755853,50
520250,-13.851934281198712,50
520300,-4.206749890523935,50
520350,-8.010560586984036,50
520400,-15.024173449356892,50
520450,-5.895707106439439,50
520500,-14.499983393990975,50
520550,-11.61423393948248,50
520600,-10.498219535145976,50
520650,-7.6202724308595915,50
520700,-11.791075805192932,50
520750,-14.203917866507553,50
520800,-3.6961859789077955,50
520850,-13.642079505944087,50
520900,-13.262415950492723,50
520950,-14.636955122431878,50
521000,-14.787947751854055,50
521050,-10.915249052607727,50
521100,-15.991183916151014,50
521150,-16.17036327878797,50
521200,-14.823231302518733,50
521250,-15.117959359554835,50
521300,-10.381000426543158,50
521350,-4.220539003037219,50
521400,-2.8919537843099348,50
521450,-3.9703641729956423,50
521500,-4.109212059735868,50
521550,-4.843226438864056,50
521600,-2.4768541806950615,50
521650,-19.13963429921521,50
521700,-6.960543024020305,50
521750,-6.539226938450551,50
521800,-1.4162415781382849,50
521850,-5.755289144239831,50
521900,-10.975465724445469,50
521950,-9.48787283096564,50
522000,-11.996199210557158,50
522050,-13.232052067592448,50
522100,-19.634873837646936,50
522150,-13.705193830087602,50
522200,-10.931512347825652,50
522250,-4.205201470761527,50
522300,-4.58216292983459,50
522350,-13.375048853621818,50
522400,-17.222004077403195,50
522450,-13.833208443818698,50
522500,-2.0497126746319743,50
522550,-13.352974158270225,50
522600,-6.461582839081844,50
522650,-12.305995798814328,50
522700,-9.428092559297419,50
522750,-4.035035444375032,50
522800,-17.128386275226596,50
522850,-3.9010639851268336,50
522900,-4.1264368590954295,50
522950,-2.750011333619912,50
523000,-6.897104273507372,50
523050,-1.8025142286725602,50
523100,-10.845980115049013,50
523150,-1.4817711388630126,50
523200,-2.913496450737341,50
523250,-1.3699273741495024,50
523300,-3.9610354217100534,50
523350,-5.869292740606635,50
523400,-3.223037419093155,50
523450,-4.074792607893327,50
523500,-11.819501163850463,50
523550,-3.5775882242133874,50
523600,-5.180848913448975,50
523650,-10.388350920094783,50
523700,-13.402183129259457,50
523750,-6.323286387948152,50
523800,-5.1234579199337285,50
523850,-10.513520707148574,50
523900,-12.052139729260789,50
523950,-18.162260314101456,50
524000,-4.444930626824171,50
524050,-13.541051110943286,50
524100,-13.89337416184472,50
524150,-6.555067343122569,50
524200,-18.3121955953856,50
524250,-4.546051445230118,50
524300,-10.348153912145289,50
524350,-3.6703772425591628,50
524400,-12.385396979936306,50
524450,-19.848971847105638,50
524500,-11.478877065012085,50
524550,-13.67355581739769,50
524600,-16.61079777428371,50
524650,-14.867511772323327,50
524700,-18.96511822162257,50
524750,-8.70926841278875,50
524800,-4.451400039089195,50
524850,-2.669349347833559,50
524900,-2.045679269375338,50
524950,-12.376894149445295,50
525000,-12.589816791649467,50
525050,-4.558548966984908,50
525100,-4.50182476906938,50
525150,-3.130773192292372,50
525200,-4.828416329272302,50
525250,-15.779575647922753,50
525300,-12.700032135904058,50
525350,-15.71392007794077,50
525400,-8.938801961873162,50
525450,-4.570735538813601,50
525500,-11.903177715718058,50
525550,-12.927475035462455,50
525600,-13.785696382745172,50
525650,-16.768291731756285,50
525700,-7.88975092872892,50
525750,-2.6394109652770745,50
525800,-3.1688333082256857,50
525850,-4.582484285132044,50
525900,-7.600741859507537,50
525950,-17.39322083050495,50
526000,-4.942343400955046,50
526050,-3.4238107457148743,50
526100,-2.9396903973224155,50
526150,-14.427616188214513,50
526200,-19.8068557203842,50
526250,-7.010602827555645,50
526300,-5.371626958146759,50
526350,-17.539302343408966,50
526400,-12.07754395004528,50
526450,-3.135499807756936,50
526500,-3.28312756800338,50
526550,-6.861738163404454,50
526600,-13.451291860693447,50
526650,-2.1998193684470664,50
526700,-11.388084314989047,50
526750,-3.2269956890842844,50
526800,-11.446685143593944,50
526850,-8.291951353498762,50
526900,-6.493146260177831,50
526950,-8.972536772270866,50
527000,-11.637506275862483,50
527050,-2.771995784233932,50
527100,-13.523423402817,50
527150,-2.8472145587713693,50
527200,-3.4546874792063234,50
527250,-19.88121490300356,50
527300,-3.1640039791640113,50
527350,-13.531683362126268,50
527400,-15.822915726249597,50
527450,-7.791785884699071,50
527500,-3.381859890305736,50
527550,-5.242985193216074,50
527600,-19.15520885681998,50
527650,-12.965256173687756,50
527700,-18.86583427698364,50
527750,-18.5832108313294,50
527800,-3.9023233015813314,50
527850,-14.683134639426573,50
527900,-8.22811244387749,50
527950,-14.606862104796091,50
528000,-9.907952625780128,50
528050,-8.067211523770414,50
528100,-15.341973270515846,50
528150,-18.684162468005415,50
528200,-6.707100751028228,50
528250,-4.335273806244929,50
528300,-14.394830517004225,50
528350,-16.48457940635729,50
528400,-8.757588825458786,50
528450,-3.932793754733489,50
528500,-7.534148824743355,50
528550,-7.618823363760849,50
528600,-2.1409503829479304,50
528650,-3.7323979884032035,50
528700,-7.08073039978468,50
528750,-14.31534649385784,50
528800,-14.186639748332944,50
528850,-20.47306935112638,50
528900,-10.043689626773357,50
528950,-3.9905332379031453,50
529000,-9.955587901744103,50
529050,-9.335102318176212,50
529100,-7.433898390117035,50
529150,-16.682659461750113,50
529200,-7.921879161448843,50
529250,-18.635756581657525,50
529300,-3.70934154330926,50
529350,-15.650029002210292,50
529400,-17.340642701369845,50
529450,-9.895065469268333,50
529500,-10.592773226342219,50
529550,-5.093196221235021,50
529600,-7.033707261907292,50
529650,-11.286328692716301,50
529700,-10.27502416652677,50
529750,-4.950616493704638,50
529800,-9.539709366329241,50
529850,-8.95575359171864,50
529900,-3.043081551681504,50
529950,-16.904964566386965,50
530000,-6.454443107522198,50
530050,-18.207011107205,50
530100,-4.442962773681464,50
530150,-14.211681866866147,50
530200,-6.923562299716379,50
530250,-16.71499371942959,50
530300,-15.456247204449223,50
530350,-4.562830993460584,50
530400,-8.46239564094663,50
530450,-14.016380244719077,50
530500,-2.555616519818007,50
530550,-5.000711918175841,50
530600,-3.9406808172427237,50
530650,-16.588439223179506,50
530700,-7.417369643012985,50
530750,-2.371832771050307,50
530800,-4.8400464126712714,50
530850,-2.7510371255604773,50
530900,-14.907829321236093,50
530950,-9.856479308340264,50
531000,-2.5440160477992193,50
531050,-17.48506702762501,50
531100,-3.059513585881619,50
531150,-11.941238629133473,50
531200,-3.3484678560938286,50
531250,-10.798450163946644,50
531300,-3.5508551421185794,50
531350,-10.222616636273262,50
531400,-4.37543660280127,50
531450,-8.490869936188272,50
531500,-17.756179109251338,50
531550,-2.8509365503817556,50
531600,-5.167975170582834,50
531650,-3.298732964175996,50
531700,-3.561049617295782,50
531750,-10.483909771877265,50
531800,-4.704064638656678,50
531850,-4.193184137484341,50
531900,-5.2941362009403425,50
531950,-13.434960803600065,50
532000,-11.609734965183533,50
532050,-5.053664649023547,50
532100,-13.727102663264038,50
532150,-8.686760920549347,50
532200,-15.082043745240307,50
532250,-3.001770829619265,50
532300,-3.578354212840291,50
532350,-3.188155529387709,50
532400,-15.594845162226731,50
532450,-8.520783491948913,50
532500,-4.899940527591338,50
532550,-3.8004154620550343,50
532600,-2.8967314265844,50
532650,-1.9127180984226075,50
532700,-10.759763541488816,50
532750,-4.940305806329228,50
532800,-3.718870187665671,50
532850,-17.100775554900835,50
532900,-9.687073258963032,50
532950,-6.371945905810457,50
533000,-18.102881235024004,50
533050,-7.697369891205155,50
533100,-14.593608147602888,50
533150,-7.1108677841741725,50
533200,-17.521183272279785,50
533250,-19.340611735530583,50
533300,-3.137008658595901,50
533350,-16.213134636876045,50
533400,-3.6375790915528587,50
533450,-15.366875754477526,50
533500,-4.288440221846773,50
533550,-4.284040064543849,50
533600,-12.357804284121743,50
533650,-6.366407643812665,50
533700,-2.746213345533987,50
533750,-7.942652409039958,50
533800,-3.356520741216742,50
533850,-7.260888752224172,50
533900,-5.085984862567219,50
533950,-5.911609162465984,50
534000,-2.741732185074643,50
534050,-5.2803989963598434,50
534100,-3.9743011681283265,50
534150,-19.65311258115995,50
534200,-15.667426367595162,50
534250,-4.13877278338467,50
534300,-4.526498105219608,50
534350,-2.0841910832724997,50
534400,-19.632215818686266,50
534450,-16.836353101440398,50
534500,-4.462786322941225,50
534550,-19.520948182937534,50
534600,-5.033916116271007,50
534650,-4.663295369412448,50
534700,-3.9981168884389358,50
534750,-4.567158086439987,50
534800,-4.122726468308234,50
534850,-7.383819198014604,50
534900,-9.48382936620484,50
534950,-16.291926834704142,50
535000,-3.8734263479644713,50
535050,-12.950059675407003,50
535100,-13.635613649641341,50
535150,-8.658675355842124,50
535200,-3.834978130043594,50
535250,-8.70479368674828,50
535300,-18.009522937528324,50
535350,-14.308235856821472,50
535400,-2.106442343210546,50
535450,-3.626856479607337,50
535500,-13.167225205862188,50
535550,-11.358921231390028,50
535600,-9.36228850514787,50
535650,-3.8997207499509936,50
535700,-3.5218582914659886,50
535750,-17.99087096447151,50
535800,-14.317821580835465,50
535850,-2.5830447854409115,50
535900,-9.862999636902304,50
535950,-4.231992446497416,50
536000,-4.074973610465665,50
536050,-14.261670161492729,50
536100,-12.034342565136075,50
536150,-4.2685989300262905,50
536200,-11.644640828560398,50
536250,-2.8437854089903114,50
536300,-12.43030536530509,50
536350,-7.6231221133232365,50
536400,-3.72957242441764,50
536450,-4.073868913668791,50
536500,-2.2911264327080065,50
536550,-11.949546688474715,50
536600,-15.329112070371918,50
536650,-13.62148376318206,50
536700,-3.8679361983011176,50
536750,-14.224047343331494,50
536800,-20.157727722248293,50
536850,-8.491350009626618,50
536900,-3.234387593525413,50
536950,-5.1271313353170145,50
537000,-4.307936487286171,50
537050,-12.569906032281141,50
537100,-4.42883990929047,50
537150,-3.970563605718047,50
537200,-3.7845836124116228,50
537250,-12.594869688363392,50
537300,-11.531488446712666,50
537350,-7.125150351544113,50
537400,-4.1935830723783445,50
537450,-3.254379791262483,50
537500,-4.183867510717751,50
537550,-5.150645881994971,50
537600,-3.6831985485761956,50
537650,-8.123134802756054,50
537700,-4.179970173255981,50
537750,-3.081269991300001,50
537800,-4.237071265164884,50
537850,-12.297378290198276,50
537900,-1.6745880341500041,50
537950,-9.659555568690493,50
538000,-15.50881555092111,50
538050,-3.395434558364432,50
538100,-3.6105569217633704,50
538150,-16.163200050410527,50
538200,-4.507165504980448,50
538250,-12.707194294764834,50
538300,-5.858815370166181,50
538350,-1.6023266609929445,50
538400,-14.304681943304029,50
538450,-1.6745324414658032,50
538500,-3.502680490879398,50
538550,-1.6056739345795195,50
538600,-8.502963038413986,50
538650,-4.495453634524792,50
538700,-17.116552794707232,50
538750,-14.180255629209535,50
538800,-1.989656385710929,50
538850,-2.9465242340180398,50
538900,-3.43578017410771,50
538950,-15.283876735014097,50
539000,-17.13881103460933,50
539050,-17.3451804944299,50
539100,-1.6975481130408454,50
539150,-15.545635721211102,50
539200,-16.219679968749695,50
539250,-19.274326880227473,50
539300,-9.898708318195302,50
539350,-12.55499228277948,50
539400,-2.8555407479117676,50
539450,-12.86960987135693,50
539500,-4.398217156081145,50
539550,-4.818423239035974,50
539600,-2.465836943107041,50
539650,-14.138422313260364,50
539700,-16.226858449704423,50
539750,-10.5635808017433,50
539800,-7.236268699871766,50
539850,-8.556366411411682,50
539900,-3.473729536934327,50
539950,-9.270624043158785,50
540000,-3.2024556818284213,50
540050,-17.578609967504907,50
540100,-15.007279642296522,50
540150,-8.831534376124207,50
540200,-5.636511474673391,50
540250,-12.459498408772005,50
540300,-11.560867982800351,50
540350,-7.24252148868553,50
540400,-3.146829902676033,50
540450,-6.96243131710239,50
540500,-13.0828566458586,50
540550,-2.7840370809613586,50
540600,-5.699609129691476,50
540650,-1.1484008934778154,50
540700,-3.996192363354716,50
540750,-4.276715756310445,50
540800,-4.8443367289028325,50
540850,-7.183617220979947,50
540900,-8.768018340412628,50
540950,-5.362563870767873,50
541000,-4.314686921373761,50
541050,-3.2936997996847697,50
541100,-6.96467730659877,50
541150,-15.614401529561672,50
541200,-4.15314627823278,50
541250,-4.361234731686873,50
541300,-9.334900198799575,50
541350,-3.737734776177652,50
541400,-2.965703077415706,50
541450,-6.070124298007317,50
541500,-12.076214143121836,50
541550,-8.55067085153802,50
541600,-10.733447682234516,50
541650,-14.315761490891708,50
541700,-9.905491745052336,50
541750,-7.296787803195688,50
541800,-14.616572096819448,50
541850,-8.590883755175184,50
541900,-14.762606473618012,50
541950,-8.509271962486809,50
542000,-13.888212663047367,50
542050,-3.7336122844187596,50
542100,-5.943502924638555,50
542150,-15.118742582126396,50
542200,-6.856680569802514,50
542250,-17.762189944742136,50
542300,-16.239966230469236,50
542350,-8.02307430629273,50
542400,-4.915459665318642,50
542450,-11.704556799539402,50
542500,-2.8843906793955663,50
542550,-2.5010012961971855,50
542600,-2.7533894433023978,50
542650,-8.242479832699866,50
542700,-2.5647973644715067,50
542750,-3.9622100382912526,50
542800,-4.072842535298264,50
542850,-3.9818194110650755,50
542900,-3.4951064062217276,50
542950,-9.855494209626473,50
543000,-3.5350186092465163,50
543050,-11.113446075496121,50
543100,-2.259090742634642,50
543150,-19.04662802882003,50
543200,-14.272442097149792,50
543250,-3.3912125261982338,50
543300,-18.882141691170094,50
543350,-1.8528574649556007,50
543400,-10.206241612608498,50
543450,-9.620663538581804,50
543500,-1.7633303471962822,50
543550,-2.766298380042369,50
543600,-17.502991138108225,50
543650,-3.073441011120116,50
543700,-2.9777148098094894,50
543750,-2.718583737330523,50
543800,-15.163633294681638,50
543850,-1.881019364429745,50
543900,-2.3040270180432714,50
543950,-6.822787302279343,50
544000,-15.250362696375452,50
544050,-3.542003891139062,50
544100,-15.597181456144945,50
544150,-12.071323232746836,50
544200,-4.046618638889761,50
544250,-19.025748957308043,50
544300,-18.047554146483655,50
544350,-9.755413348810537,50
544400,-9.389451333153149,50
544450,-17.123985624592603,50
544500,-17.274351312182,50
544550,-8.060290727447082,50
544600,-15.203250936657366,50
544650,-4.568227344543381,50
544700,-5.330207166703094,50
544750,-12.066641850554975,50
544800,-11.850075666038165,50
544850,-3.691668889573855,50
544900,-2.499537029502262,50
544950,-14.323154926348147,50
545000,-9.90042663439969,50
545050,-5.8585116174511125,50
545100,-18.031671160178877,50
545150,-7.117593713884615,50
545200,-15.51938339443821,50
545250,-7.771272722489895,50
545300,-18.765360557499484,50
545350,-10.503235891501673,50
545400,-14.180601957523745,50
545450,-4.306086693342087,50
545500,-2.425811531977654,50
545550,-11.365406074651316,50
545600,-3.191886362422342,50
545650,-3.117918464190047,50
545700,-4.752478398078639,50
545750,-16.16602669955315,50
545800,-4.752252945759936,50
545850,-1.8462455330984648,50
545900,-3.312133298486129,50
545950,-9.764967063672174,50
546000,-16.731233515561307,50
546050,-6.602196548604796,50
546100,-18.271941379948963,50
546150,-7.355986334462854,50
546200,-14.378441963130559,50
546250,-4.419675909698226,50
546300,-3.189248868438112,50
546350,-7.182763014094521,50
546400,-13.216389588869324,50
546450,-16.912321894096287,50
546500,-9.467090440521897,50
546550,-4.912572587952877,50
546600,-13.692565289044587,50
546650,-4.527404169662517,50
546700,-3.4781630694410834,50
546750,-4.689081799473567,50
546800,-4.8643854954634715,50
546850,-15.582336704087705,50
546900,-7.795321166768088,50
546950,-6.493975926523486,50
547000,-9.550861763535073,50
547050,-19.25268941924186,50
547100,-4.507721484767922,50
547150,-4.61748731765664,50
547200,-3.6462599445171535,50
547250,-1.8913643663208024,50
547300,-15.166145461536143,50
547350,-12.805953422280393,50
547400,-9.49190261656523,50
547450,-2.362925488332906,50
547500,-11.406416382568962,50
547550,-4.502622193793129,50
547600,-5.807966510038307,50
547650,-5.80897281459311,50
547700,-2.3600449619399866,50
547750,-19.077492057384934,50
547800,-3.743650543039867,50
547850,-2.2646958930703027,50
547900,-14.457503172592045,50
547950,-2.30423437062305,50
548000,-2.101173992791781,50
548050,-6.64854957425696,50
548100,-2.536302501277647,50
548150,-6.306304583089482,50
548200,-10.708255176531729,50
548250,-3.3944306404505316,50
548300,-6.9148878304543056,50
548350,-7.9427867731843875,50
548400,-15.254909911869492,50
548450,-12.798328318306506,50
548500,-10.197985296917926,50
548550,-5.811865508556032,50
548600,-6.660935582204455,50
548650,-8.050596257313098,50
548700,-10.939606192683405,50
548750,-7.761906377285249,50
548800,-19.924944475273584,50
548850,-3.246539048408957,50
548900,-1.212083924153923,50
548950,-14.335954485909818,50
549000,-13.585964244942655,50
549050,-3.765082930151529,50
549100,-17.518739868712803,50
549150,-3.385341127793651,50
549200,-5.943740499283055,50
549250,-16.186408451182785,50
549300,-7.219700511563813,50
549350,-2.5442246597805696,50
549400,-14.29839218978159,50
549450,-6.747283276889206,50
549500,-2.449874960145822,50
549550,-6.4353842149675256,50
549600,-3.1928288877157645,50
549650,-7.313793189388782,50
549700,-1.9874701603377094,50
549750,-18.658036586775946,50
549800,-13.950186027336834,50
549850,-14.414916399257022,50
549900,-11.288412343848732,50
549950,-4.923624687576102,50
550000,-2.778936146614517,50
550050,-4.68118500330665,50
550100,-4.4167545821242955,50
550150,-16.304418333815583,50
550200,-19.407272485689486,50
550250,-3.286745006256852,50
550300,-14.646101655524836,50
550350,-1.6410799516646222,50
550400,-4.15514338758738,50
550450,-11.90346968445258,50
550500,-10.072820561300986,50
550550,-12.557241365624899,50
550600,-3.225556248123515,50
550650,-9.620915497860414,50
550700,-19.24145111493309,50
550750,-4.397738146674016,50
550800,-15.601858102564277,50
550850,-1.3206669515229907,50
550900,-12.800883169081601,50
550950,-7.973618352902327,50
551000,-15.454216117615248,50
551050,-11.030210702772042,50
551100,-16.724091918742026,50
551150,-17.367254513441985,50
551200,-4.927597964436251,50
551250,-1.5853904710751177,50
551300,-15.243711502457076,50
551350,-4.260395359920377,50
551400,-2.5359549892171804,50
551450,-2.1807927007593118,50
551500,-2.0054547170284684,50
551550,-14.203681918441532,50
551600,-18.304241566645487,50
551650,-8.125199478861207,50
551700,-14.28091787262135,50
551750,-3.8145842042442544,50
551800,-13.127136719129446,50
551850,-5.434637463133663,50
551900,-7.557414007258915,50
551950,-3.919881509848217,50
552000,-8.340221906216344,50
552050,-5.214715175394019,50
552100,-4.007821424526434,50
552150,-2.6004085098662535,50
552200,-19.7987427107839,50
552250,-9.362922697760355,50
552300,-12.224469584828428,50
552350,-3.3423173985383663,50
552400,-3.6708574064143775,50
552450,-8.167395025480667,50
552500,-1.7762749116473195,50
552550,-9.526235734811122,50
552600,-13.170707046003255,50
552650,-13.46486833721421,50
552700,-2.3181440895322396,50
552750,-14.169516062146165,50
552800,-8.073089248878366,50
552850,-14.80107065178192,50
552900,-4.411290114982268,50
552950,-3.3705650330756405,50
553000,-2.2150413911615874,50
553050,-5.332304186891861,50
553100,-4.6152146805797685,50
553150,-4.121725759474383,50
553200,-12.42233215832152,50
553250,-13.098393239583944,50
553300,-3.0532560670775597,50
553350,-15.549893102365067,50
553400,-3.0830573949645053,50
553450,-7.930599059218592,50
553500,-3.6735512357045126,50
553550,-18.228283744989238,50
553600,-7.0440231867176335,50
553650,-2.673381365901335,50
553700,-15.756910658453466,50
553750,-8.092563053186097,50
553800,-4.228039282071375,50
553850,-2.2858459178408914,50
553900,-5.492800082953056,50
553950,-17.21826573686997,50
554000,-3.8292959534924917,50
554050,-13.306612240017962,50
554100,-4.2208316616278925,50
554150,-4.362332563584366,50
554200,-17.19063097531645,50
554250,-16.521027954797738,50
554300,-8.608596274908885,50
554350,-4.159118506863826,50
554400,-8.549976397602014,50
554450,-3.7625502217522,50
554500,-3.574747064512315,50
554550,-7.044977979215537,50
554600,-3.7183472222239313,50
554650,-3.432889185846548,50
554700,-14.154559379415725,50
554750,-12.477365131010114,50
554800,-7.106048453229587,50
554850,-15.269899151872437,50
554900,-12.834308567487982,50
554950,-6.639573566935014,50
555000,-6.985438644131704,50
555050,-14.653409320948299,50
555100,-4.398568747111364,50
555150,-3.2197376339164125,50
555200,-7.46493897466537,50
555250,-8.751089112449481,50
555300,-3.0432019672653277,50
555350,-11.782668180669138,50
555400,-3.569764016970015,50
555450,-2.087420904612641,50
555500,-13.473676801982952,50
555550,-5.682426943454511,50
555600,-3.170050804496885,50
555650,-13.145890398410106,50
555700,-10.599876679407187,50
555750,-9.836552521804581,50
555800,-5.815547933202763,50
555850,-6.306597971476041,50
555900,-13.407669718833098,50
555950,-14.337340585667539,50
556000,-19.71873146152922,50
556050,-13.564422098678918,50
556100,-5.2748030260623935,50
556150,-18.709765197726664,50
556200,-4.08908432504958,50
556250,-3.1347616896662793,50
556300,-12.761809850508469,50
556350,-2.7981892129335044,50
556400,-18.275595145296247,50
556450,-15.175361532544178,50
556500,-11.016559126065733,50
556550,-11.942380559416506,50
556600,-7.533198438742287,50
556650,-3.7279169474929206,50
556700,-4.226121953241451,50
556750,-13.25022314327987,50
556800,-1.8530039404452012,50
556850,-3.4220398106552654,50
556900,-4.376712451267522,50
556950,-2.1744093936867226,50
557000,-4.40625593500338,50
557050,-9.153656203743068,50
557100,-14.312549845229585,50
557150,-13.75114866963025,50
557200,-3.5737931690419464,50
557250,-3.159783923033508,50
557300,-18.07233167613379,50
557350,-14.834073096524982,50
557400,-9.014346723781495,50
557450,-12.398542572091003,50
557500,-7.374529061220347,50
557550,-3.441326092014659,50
557600,-2.967228892459405,50
557650,-12.046891577363553,50
557700,-8.05379176949057,50
557750,-2.626867630311411,50
557800,-14.140113486701557,50
557850,-12.530809422364001,50
557900,-3.314049744239821,50
557950,-7.282793830989068,50
558000,-4.7249803773032575,50
558050,-2.224708838624736,50
558100,-12.65586684891051,50
558150,-5.587924607014079,50
558200,-3.9641390186663665,50
558250,-10.450610730810386,50
558300,-9.8547300548459,50
558350,-3.9905935283489393,50
558400,-3.647567006035622,50
558450,-2.9761416003739587,50
558500,-4.048534118998156,50
558550,-5.9798209620254745,50
558600,-4.385834401123956,50
558650,-11.61868536147475,50
558700,-1.8986382297322686,50
558750,-14.418890429779308,50
558800,-3.340494042257102,50
558850,-5.795388310799892,50
558900,-2.3589169215314514,50
558950,-8.012369624318076,50
559000,-14.972021323020572,50
559050,-16.638226930406677,50
559100,-17.09254895600222,50
559150,-2.0401557496920626,50
559200,-20.07809459433825,50
559250,-5.420121092263172,50
559300,-18.852831770372706,50
559350,-7.857918336424707,50
559400,-11.183205985570176,50
559450,-8.677493906527245,50
559500,-4.322708861075619,50
559550,-2.45665299419989,50
559600,-4.1261699699883625,50
559650,-2.868111985956511,50
559700,-4.664862479534213,50
559750,-20.171904575255343,50
559800,-3.1183712338028924,50
559850,-2.2461461990516325,50
559900,-2.587220150415132,50
559950,-9.017811886788307,50
560000,-2.6889532286616147,50
560050,-2.9826958033580846,50
560100,-12.92361140918859,50
560150,-19.886726888477718,50
560200,-7.81185480186763,50
560250,-17.55402389552789,50
560300,-14.420977074879277,50
560350,-15.878552330275724,50
560400,-12.113588656840799,50
560450,-5.184839805348165,50
560500,-5.86088679545022,50
560550,-18.191356530535945,50
560600,-8.435981423429928,50
560650,-3.2054965290039377,50
560700,-3.53534604778516,50
560750,-3.0341428559782586,50
560800,-3.3259941474823855,50
560850,-11.415216759538156,50
560900,-7.995281313195935,50
560950,-19.516732847435513,50
561000,-12.502718823789067,50
561050,-11.466301055407675,50
561100,-2.8884150013887755,50
561150,-8.53606045569551,50
561200,-15.30722865444876,50
561250,-5.4221182571856685,50
561300,-3.1674859575396916,50
561350,-5.0699126583696845,50
561400,-15.782610653173204,50
561450,-3.8613839842940214,50
561500,-5.81448064405815,50
561550,-6.713454310247475,50
561600,-5.269019541875969,50
561650,-7.714401959530205,50
561700,-12.46641928279149,50
561750,-12.38199902903624,50
561800,-3.108258321314956,50
561850,-13.47734310649709,50
561900,-7.899741142086684,50
561950,-2.456440402501378,50
562000,-11.830077319113098,50
562050,-8.126744585334432,50
562100,-2.020730267486392,50
562150,-5.650581431664379,50
562200,-17.434077709560718,50
562250,-14.589876307295649,50
562300,-6.500018001312208,50
562350,-11.58854934910975,50
562400,-4.08529045044003,50
562450,-4.402087339269231,50
562500,-10.351968834717034,50
562550,-4.085426916708959,50
562600,-2.0601335548937794,50
562650,-10.471684335995766,50
562700,-3.8687050857560696,50
562750,-15.504330456716078,50
562800,-4.052184368826419,50
562850,-8.898770044916976,50
562900,-3.9255587318451783,50
562950,-4.469414270389101,50
563000,-4.000484879152125,50
563050,-18.202013783028374,50
563100,-3.814882442502203,50
563150,-12.689959932513455,50
563200,-16.8391710642017,50
563250,-9.909314919330457,50
563300,-1.9829802308249203,50
563350,-15.440605217491848,50
563400,-16.29062891759366,50
563450,-4.322799967956729,50
563500,-12.4369126737378,50
563550,-17.07634671339669,50
563600,-3.201839952830637,50
563650,-13.038497452673742,50
563700,-3.4272007417666797,50
563750,-17.230342193870623,50
563800,-14.0584671076995,50
563850,-1.855239239577037,50
563900,-5.458900738923108,50
563950,-15.697449016181356,50
564000,-7.6208249636467915,50
564050,-11.93649924252654,50
564100,-2.924640842011198,50
564150,-2.4684787734567872,50
564200,-16.019787573713813,50
564250,-2.7508516426369134,50
564300,-6.3054048533397955,50
564350,-15.067072748612722,50
564400,-3.887553171285539,50
564450,-7.887137302844824,50
564500,-10.008331327483525,50
564550,-10.361579453966183,50
564600,-3.096747667910972,50
564650,-4.832213108797168,50
564700,-11.28643975338584,50
564750,-14.688940866415182,50
564800,-3.629523336685752,50
564850,-8.648380788556965,50
564900,-12.035130406961162,50
564950,-11.770993238191405,50
565000,-13.100557355740582,50
565050,-5.995571292444778,50
565100,-3.8107126333986363,50
565150,-8.028723285812205,50
565200,-2.049116241225726,50
565250,-14.450197807701894,50
565300,-2.374793062834104,50
565350,-4.95906730057091,50
565400,-3.810400099870803,50
565450,-3.8552084178955477,50
565500,-7.637794982019862,50
565550,-14.567916523910089,50
565600,-4.176580924424579,50
565650,-3.3389169014474653,50
565700,-1.8145853074625158,50
565750,-4.685386049698011,50
565800,-11.342319751275628,50
565850,-9.951682280268507,50
565900,-12.07862289465402,50
565950,-19.948371144319044,50
566000,-11.789562726748963,50
566050,-13.018256790537926,50
566100,-4.358140974243522,50
566150,-13.112991606665107,50
566200,-3.290498696311337,50
566250,-12.644001807275476,50
566300,-6.9940837004170255,50
566350,-17.653207103457135,50
566400,-7.685046195166845,50
566450,-3.192792854661134,50
566500,-3.7699913449822233,50
566550,-8.617351848734623,50
566600,-4.095647487504352,50
566650,-4.547758424568726,50
566700,-3.95401887862593,50
566750,-2.508732350992519,50
566800,-18.24886283268822,50
566850,-2.7254222699635133,50
566900,-4.15769609042918,50
566950,-2.142228836845613,50
567000,-18.02922247509645,50
567050,-4.040054153489783,50
567100,-9.172241709326325,50
567150,-8.366811472287203,50
567200,-2.398488307845465,50
567250,-3.4283705792271317,50
567300,-4.21599499908746,50
567350,-12.19905194537692,50
567400,-17.071397182344924,50
567450,-4.876196164340072,50
567500,-19.196794564005714,50
567550,-6.566719149828968,50
567600,-7.006408082254078,50
567650,-3.7288744286564905,50
567700,-17.15456261412255,50
567750,-6.411956739554602,50
567800,-3.0588175794344923,50
567850,-3.983766408661498,50
567900,-2.7148807074544985,50
567950,-4.25033813785157,50
568000,-14.26794795374759,50
568050,-4.621960700253003,50
568100,-7.37496252190787,50
568150,-10.532651849915126,50
568200,-11.227366669267914,50
568250,-2.542676147018265,50
568300,-12.878567941649099,50
568350,-19.51441051789844,50
568400,-4.594442673794591,50
568450,-14.966901531172288,50
568500,-18.348980451380413,50
568550,-10.302964455398186,50
568600,-4.384648898829939,50
568650,-3.395328793460005,50
568700,-4.445519686762718,50
568750,-2.5917639334160443,50
568800,-4.68332416600852,50
568850,-15.651792941541801,50
568900,-4.198671789349158,50
568950,-4.485396536495797,50
569000,-15.10991671596456,50
569050,-16.326636320628563,50
569100,-5.2508385729413956,50
569150,-5.388272207158571,50
569200,-2.2430002726410514,50
569250,-16.355497213457642,50
569300,-5.790233525249624,50
569350,-18.10963143750572,50
569400,-3.531280266851827,50
569450,-16.359421298365575,50
569500,-18.560972642536907,50
569550,-4.3731946785981455,50
569600,-5.315062407655808,50
569650,-8.106192809049984,50
569700,-4.409359007187452,50
569750,-3.63539726370945,50
569800,-14.810182624337541,50
569850,-3.1245830903911016,50
569900,-3.4800590484492866,50
569950,-12.508362688670958,50
570000,-2.9886556687224117,50
570050,-17.82554864608837,50
570100,-3.5963515585276835,50
570150,-3.287749942898539,50
570200,-8.1906008968104,50
570250,-8.171104035527506,50
570300,-2.624748592405645,50
570350,-3.298332072180979,50
570400,-2.500438486369245,50
570450,-12.462304014438086,50
570500,-9.235597326743346,50
570550,-8.717227708251322,50
570600,-1.8264450802077343,50
570650,-2.199300009262208,50
570700,-5.169513644645057,50
570750,-9.502590971882038,50
570800,-4.07071394326419,50
570850,-2.458690812727439,50
570900,-8.546163640361936,50
570950,-1.9838476927541013,50
571000,-3.153676450929816,50
571050,-3.3745460714934055,50
571100,-7.745242095107335,50
571150,-7.507694363452079,50
571200,-13.13474381763432,50
571250,-16.11908452216921,50
571300,-3.8451066377170635,50
571350,-1.9026575335120535,50
571400,-14.52143687737601,50
571450,-3.28956897795063,50
571500,-3.002005948798751,50
571550,-2.677804718132733,50
571600,-9.815509607090306,50
571650,-6.013963350808552,50
571700,-11.301723029521812,50
571750,-20.202875241286893,50
571800,-15.010561815955363,50
571850,-9.259900035616939,50
571900,-16.483994092275697,50
571950,-14.652543660839816,50
572000,-3.5904334158258564,50
572050,-6.549320838841461,50
572100,-4.977640865210662,50
572150,-6.806405725071645,50
572200,-3.9499025292614385,50
572250,-11.53896606691625,50
572300,-12.641129153748262,50
572350,-2.4955682248760644,50
572400,-14.02787717710942,50
572450,-10.560226557278233,50
572500,-17.730714632122044,50
572550,-6.374960310871596,50
572600,-4.505570392580184,50
572650,-15.79184717256949,50
572700,-18.153486952600318,50
572750,-7.679202621096654,50
572800,-12.275580864965015,50
572850,-8.448414540370834,50
572900,-3.205793063182216,50
572950,-7.394361590955224,50
573000,-3.1723664641068448,50
573050,-3.7528978110150586,50
573100,-4.572165034227145,50
573150,-18.48839319905828,50
573200,-8.796244962547664,50
573250,-19.58849794279915,50
573300,-10.168442105047864,50
573350,-17.253985480802594,50
573400,-3.109189953345405,50
573450,-10.612261843158105,50
573500,-2.6144597122331663,50
573550,-4.488195532521567,50
573600,-3.394799116990022,50
573650,-2.6354469525395006,50
573700,-6.309623214281576,50
573750,-14.636735178887536,50
573800,-4.652836645841026,50
573850,-3.453108072670291,50
573900,-2.6470220900213723,50
573950,-11.652599059149233,50
574000,-2.7544010706082807,50
574050,-12.185834329613765,50
574100,-3.8226307531515507,50
574150,-6.280049436804822,50
574200,-10.655144670938576,50
574250,-15.82218975210058,50
574300,-3.819421916354453,50
574350,-6.394139544998226,50
574400,-3.54524412655103,50
574450,-4.855608247844389,50
574500,-3.5375900872024895,50
574550,-10.820444708499478,50
574600,-17.002778157020543,50
574650,-6.102341735250062,50
574700,-7.685247258143427,50
574750,-4.64869574601724,50
574800,-4.488432959674126,50
574850,-11.391216735628134,50
574900,-8.536913251133829,50
574950,-3.699505563363566,50
575000,-17.096688811462,50
575050,-16.73553376437998,50
575100,-20.07940526610929,50
575150,-18.055089041355792,50
575200,-9.23458173148298,50
575250,-2.1414535055194377,50
575300,-11.910864082528878,50
575350,-3.751358630252198,50
575400,-3.5807680153304626,50
575450,-5.553534637552966,50
575500,-11.608909216767046,50
575550,-3.3618095803235284,50
575600,-20.362518639315528,50
575650,-14.501783009630252,50
575700,-2.419846242133026,50
575750,-12.086938799424749,50
575800,-3.641989542538414,50
575850,-2.465345019599,50
575900,-4.0069334777496,50
575950,-4.315021509197626,50
576000,-5.94654390592569,50
576050,-14.641334354527666,50
576100,-3.912691518659982,50
576150,-3.682822831182403,50
576200,-6.094232943156018,50
576250,-7.5393519382884175,50
576300,-4.231295135925328,50
576350,-4.889858940183874,50
576400,-4.1330254032804055,50
576450,-13.731637095726786,50
576500,-12.331425597510485,50
576550,-2.9833567352092425,50
576600,-17.09567780037277,50
576650,-3.941053599298454,50
576700,-5.852451324381475,50
576750,-16.059791058066832,50
576800,-6.653320111417096,50
576850,-4.20733465557751,50
576900,-3.4804900332894837,50
576950,-2.093918363723978,50
577000,-3.4315193154376473,50
577050,-4.902632789827482,50
577100,-18.75607501898066,50
577150,-2.770259252160963,50
577200,-11.240119905222867,50
577250,-14.672890384628063,50
577300,-14.19889921251911,50
577350,-7.519240668185926,50
577400,-4.490957247370796,50
577450,-8.303491740265764,50
577500,-15.382657973423688,50
577550,-3.0432553812554635,50
577600,-15.200445507400344,50
577650,-18.55967694258387,50
577700,-9.61811735076769,50
577750,-14.497630728119374,50
577800,-5.670362266038696,50
577850,-2.2557393865227833,50
577900,-8.997657129048454,50
577950,-3.6990506628414748,50
578000,-11.987961655996424,50
578050,-13.66711171118752,50
578100,-17.948669783709697,50
578150,-18.38172750230926,50
578200,-3.480536007244958,50
578250,-3.9779013079890237,50
578300,-3.8435738511683484,50
578350,-14.581520676686177,50
578400,-4.570813965718055,50
578450,-8.335379656627087,50
578500,-3.6242596113798986,50
578550,-19.644092014094824,50
578600,-13.791637781103805,50
578650,-4.732130237664396,50
578700,-2.8922410283744178,50
578750,-4.724303527629363,50
578800,-13.706672363057502,50
578850,-8.375325229710986,50
578900,-11.484679838923197,50
578950,-13.468338295287687,50
579000,-2.253966690098925,50
579050,-3.2653329858296787,50
579100,-4.032905644131751,50
579150,-9.710335565007602,50
579200,-3.4964079396077246,50
579250,-4.270241513283349,50
579300,-9.444761750926926,50
579350,-15.895215632192912,50
579400,-2.3214826580254515,50
579450,-6.299601393384908,50
579500,-6.380787815758223,50
579550,-15.515297300009353,50
579600,-3.5538499946998368,50
579650,-4.1631468209675955,50
579700,-4.274244525998212,50
579750,-5.994916530709497,50
579800,-8.2596362990391,50
579850,-4.465412088757151,50
579900,-3.067371710637212,50
579950,-3.7315322322227344,50
580000,-2.8399294973146922,50
580050,-9.639352876840483,50
580100,-3.6667676788956616,50
580150,-7.110989008546897,50
580200,-10.43593950652488,50
580250,-3.9565274225225453,50
580300,-4.339246752811256,50
580350,-17.974290446323913,50
580400,-4.928778891697523,50
580450,-6.093459894722669,50
580500,-8.240702996384375,50
580550,-2.76386279933986,50
580600,-2.823329280395205,50
580650,-16.660566429536008,50
580700,-10.055960852450145,50
580750,-14.121502305418348,50
580800,-1.0726851520034393,50
580850,-17.575512501381517,50
580900,-11.057738646767731,50
580950,-9.986233152054162,50
581000,-18.05944116006642,50
581050,-17.945672096337162,50
581100,-16.060869669514478,50
581150,-9.409361352197639,50
581200,-4.034417524091817,50
581250,-3.5410805527318128,50
581300,-4.944571673821256,50
581350,-11.613457837996986,50
581400,-4.552044144879742,50
581450,-7.031387657529782,50
581500,-6.672953507019303,50
581550,-18.029690480120355,50
581600,-9.239547855610208,50
581650,-3.8987117769051265,50
581700,-5.1079586483293875,50
581750,-8.410621361968463,50
581800,-10.203824023014267,50
581850,-9.310696165560131,50
581900,-7.146107966598869,50
581950,-12.552613460739238,50
582000,-12.773084525293505,50
582050,-12.327534654406431,50
582100,-16.20452752547959,50
582150,-3.9515822579028956,50
582200,-8.670866671775707,50
582250,-3.5939437753159686,50
582300,-13.519789317527058,50
582350,-16.827049906626826,50
582400,-4.171891514279123,50
582450,-9.460621112054204,50
582500,-14.498027787665116,50
582550,-4.319689362285203,50
582600,-4.045103072606279,50
582650,-15.613827895371044,50
582700,-5.078906456771583,50
582750,-12.776107904927407,50
582800,-3.2992342789322167,50
582850,-17.48766379733805,50
582900,-6.975420158856068,50
582950,-5.317513646233307,50
583000,-6.095373288487167,50
583050,-5.596437073111784,50
583100,-2.913757408020848,50
583150,-2.7607986814418566,50
583200,-10.81368481621718,50
583250,-5.721470693321422,50
583300,-6.700662164733553,50
583350,-1.827623363447385,50
583400,-16.74144093564835,50
583450,-5.059580412139703,50
583500,-15.864089436320425,50
583550,-5.58590900610151,50
583600,-3.612064839249824,50
583650,-13.795948008384864,50
583700,-20.334018081077527,50
583750,-1.3131126997350175,50
583800,-4.13533958672013,50
583850,-4.26025036547864,50
583900,-12.43878379409933,50
583950,-1.8645893640796998,50
584000,-15.328272178180672,50
584050,-5.287831508647518,50
584100,-18.19765630082073,50
584150,-9.683815562977173,50
584200,-4.4285479820415246,50
584250,-12.187275091004404,50
584300,-4.384197536137964,50
584350,-17.5834557699961,50
584400,-3.679895982856211,50
584450,-17.158720761071056,50
584500,-4.23724872353142,50
584550,-5.238144739605195,50
584600,-3.8768783689209814,50
584650,-18.520289248664884,50
584700,-4.022176797673879,50
584750,-10.90435963361908,50
584800,-17.892760113316026,50
584850,-3.7382976516537325,50
584900,-2.1598821251677465,50
584950,-3.004479362197022,50
585000,-16.098571976934267,50
585050,-10.974157383091525,50
585100,-4.009917080811301,50
585150,-4.052175514944543,50
585200,-7.851043821503349,50
585250,-4.665769028677612,50
585300,-2.814591316775759,50
585350,-13.719581040773603,50
585400,-2.456877626364406,50
585450,-3.3681589833440158,50
585500,-4.265835090137059,50
585550,-15.650760720479294,50
585600,-3.5060975295898618,50
585650,-13.718411679269744,50
585700,-15.74236274301893,50
585750,-4.708246587373774,50
585800,-15.961506947763992,50
585850,-16.013897990185708,50
585900,-16.41032857578109,50
585950,-4.040345475444201,50
586000,-18.52681789911165,50
586050,-5.768792453091167,50
586100,-3.626163068259049,50
586150,-16.684807554471412,50
586200,-11.007075354042941,50
586250,-14.095105818737453,50
586300,-13.097794401969965,50
586350,-4.333512796981649,50
586400,-11.048497815874654,50
586450,-7.098523105390342,50
586500,-16.49057146926755,50
586550,-4.741790900909717,50
586600,-14.275352075763962,50
586650,-8.247251861524628,50
586700,-4.882922778156152,50
586750,-3.4156595438104183,50
586800,-12.757541950578558,50
586850,-6.422970897606042,50
586900,-5.088835040293053,50
586950,-3.336475019982623,50
587000,-2.213888397608706,50
587050,-4.913826805214612,50
587100,-12.107770845314628,50
587150,-4.595990177623542,50
587200,-3.9029415857348013,50
587250,-4.933953651795014,50
587300,-14.962025682154994,50
587350,-14.146961746076986,50
587400,-3.6266876963457007,50
587450,-4.602246554706994,50
587500,-7.314505068366683,50
587550,-10.183520370824395,50
587600,-4.413875490528029,50
587650,-4.358960388170525,50
587700,-13.310135629402902,50
587750,-4.077319682917045,50
587800,-4.977353610597928,50
587850,-20.305677235207767,50
587900,-14.954152332336836,50
587950,-9.344339073116563,50
588000,-9.188404057372866,50
588050,-8.054965978265425,50
588100,-15.050125180991229,50
588150,-17.29952287524794,50
588200,-12.560365243612248,50
588250,-1.6234509341414736,50
588300,-6.176797847331992,50
588350,-1.8594442757488725,50
588400,-17.23535338488387,50
588450,-5.5201633912005095,50
588500,-4.441181085733817,50
588550,-16.908247317779264,50
588600,-15.945931881462894,50
588650,-10.002784505295798,50
588700,-8.406357590530764,50
588750,-3.526686937387463,50
588800,-2.1723933990272983,50
588850,-7.851092048023938,50
588900,-4.105103767578222,50
588950,-2.208480250032095,50
589000,-2.923248958388623,50
589050,-12.82017636465538,50
589100,-16.187638938469746,50
589150,-6.653728097425647,50
589200,-7.653385413782295,50
589250,-20.302173203532572,50
589300,-11.78004066734213,50
589350,-16.431662906482334,50
589400,-4.432966447985716,50
589450,-17.76469066052836,50
589500,-19.487368337756404,50
589550,-4.383055137062781,50
589600,-11.297196824201404,50
589650,-7.145465023923107,50
589700,-12.940393556345219,50
589750,-15.270841290439638,50
589800,-12.010541778168813,50
589850,-4.009894687608135,50
589900,-4.00680382740823,50
589950,-3.542027350961295,50
590000,-13.20291787066313,50
590050,-1.6873390993021449,50
590100,-4.953631340072802,50
590150,-2.0262267514442556,50
590200,-10.88108801088929,50
590250,-9.059558049927558,50
590300,-11.107292583408512,50
590350,-4.185860247621787,50
590400,-5.224145050762995,50
590450,-3.857182494044648,50
590500,-16.338808479554288,50
590550,-19.03179363896218,50
590600,-15.828317851733653,50
590650,-13.24355910727221,50
590700,-8.916471190574528,50
590750,-10.917659592136639,50
590800,-9.48420460534476,50
590850,-13.24673958780504,50
590900,-9.104277203221589,50
590950,-9.298071719438232,50
591000,-1.5766442149186715,50
591050,-3.550309045492008,50
591100,-18.759262667417904,50
591150,-4.500670272046495,50
591200,-3.6732681087479597,50
591250,-4.217120553437184,50
591300,-15.120633499894968,50
591350,-3.5522212474139208,50
591400,-3.3812617081915906,50
591450,-11.898442783920032,50
591500,-2.4582486966668267,50
591550,-7.194565832833838,50
591600,-11.63661342959903,50
591650,-4.582172941060626,50
591700,-13.983909566759767,50
591750,-5.773220552232927,50
591800,-3.949495218600651,50
591850,-11.474823718872143,50
591900,-3.3369134883890665,50
591950,-14.136306987270048,50
592000,-6.5458521419429605,50
592050,-4.652739750132025,50
592100,-6.562081610275583,50
592150,-13.163107182072832,50
592200,-4.9996676071211335,50
592250,-12.793160027442164,50
592300,-13.396068423727788,50
592350,-3.9546211833080513,50
592400,-13.422270811401974,50
592450,-4.165421082805054,50
592500,-9.252066928965231,50
592550,-4.577058478888303,50
592600,-3.2904154719818006,50
592650,-15.226524853704603,50
592700,-13.531175261375662,50
592750,-9.446554922189076,50
592800,-11.739110281126035,50
592850,-15.439430238537948,50
592900,-4.061068631436577,50
592950,-4.308428113243457,50
593000,-10.207272236522446,50
593050,-5.746728854996397,50
593100,-2.8089287513964294,50
593150,-15.933814716209557,50
593200,-14.789205143003887,50
593250,-4.051252342580244,50
593300,-10.712176908548257,50
593350,-16.199939613662746,50
593400,-4.566559444352083,50
593450,-4.011502863578269,50
593500,-12.550750862319527,50
593550,-3.3847619069246155,50
593600,-3.767418041596957,50
593650,-6.301462104475392,50
593700,-11.908484080319555,50
593750,-10.983191459158538,50
593800,-7.436024245991167,50
593850,-15.35806501843135,50
593900,-16.76037632628698,50
593950,-1.562809951074548,50
594000,-9.886625477937258,50
594050,-4.56910513257409,50
594100,-10.360209326698024,50
594150,-5.575624941743874,50
594200,-14.266515229277362,50
594250,-3.4300734820987784,50
594300,-3.9172295166357958,50
594350,-17.12909499733556,50
594400,-4.044173293559767,50
594450,-20.447255163797212,50
594500,-3.2307320096904526,50
594550,-18.336997832589773,50
594600,-13.116594458886555,50
594650,-12.982690034504621,50
594700,-16.625887933472317,50
594750,-8.254546733104425,50
594800,-12.33053423973324,50
594850,-10.518672560203354,50
594900,-5.456924647733039,50
594950,-2.845357515937136,50
595000,-16.05405219577397,50
595050,-9.463258849094869,50
595100,-4.193234303075262,50
595150,-8.60328895173534,50
595200,-3.162033869588826,50
595250,-4.182028165707338,50
595300,-4.585787910456455,50
595350,-15.607991074532464,50
595400,-3.6190860281274517,50
595450,-11.303319994829085,50
595500,-15.170314422736034,50
595550,-4.65812037124968,50
595600,-4.531855860707045,50
595650,-2.635547744454249,50
595700,-17.30817562345317,50
595750,-3.948775449118351,50
595800,-4.282032159502176,50
595850,-4.466416793580813,50
595900,-3.8454647730152347,50
595950,-16.823941783137457,50
596000,-9.130341056178143,50
596050,-17.777277479475956,50
596100,-2.021971217311089,50
596150,-17.53283024472488,50
596200,-7.177877499594499,50
596250,-2.852607312563157,50
596300,-2.3182690390318603,50
596350,-1.9726543106570507,50
596400,-13.553262409040517,50
596450,-4.503680959329621,50
596500,-7.691901804400226,50
596550,-4.233724241337464,50
596600,-18.165884789275587,50
596650,-4.084947473565453,50
596700,-4.431641974237275,50
596750,-8.439340255995807,50
596800,-14.061492711681549,50
596850,-10.058906216073803,50
596900,-2.0275252371691903,50
596950,-5.227833502791889,50
597000,-2.9666603676746726,50
597050,-8.252006602906206,50
597100,-12.871342344875577,50
597150,-5.076878599764257,50
597200,-9.725686367730367,50
597250,-3.1061093612549397,50
597300,-2.3910417429826896,50
597350,-3.373577063530146,50
597400,-10.181200552762304,50
597450,-16.84052512550689,50
597500,-19.265581378739043,50
597550,-2.5376700734368907,50
597600,-2.7914747570118528,50
597650,-5.766595871807341,50
597700,-11.254992232938267,50
597750,-6.340372125115295,50
597800,-4.676902116532749,50
597850,-5.098202615280298,50
597900,-8.085771056244726,50
597950,-15.736034141048988,50
598000,-20.92007812504553,50
598050,-8.631277189963988,50
598100,-4.573308864648364,50
598150,-5.245322581060763,50
598200,-3.5906295320119352,50
598250,-5.562415554744002,50
598300,-18.099661185311284,50
598350,-8.096547628576415,50
598400,-10.055098499515971,50
598450,-12.531118216216228,50
598500,-3.0424574944565084,50
598550,-4.439651232289071,50
598600,-2.19459169716335,50
598650,-16.629197949561508,50
598700,-14.593614817449865,50
598750,-14.084246926960878,50
598800,-4.253707977351464,50
598850,-5.00857067030397,50
598900,-17.02050600720372,50
598950,-4.155293352931037,50
599000,-4.445402915131718,50
599050,-4.827188246581322,50
599100,-4.864176097463516,50
599150,-3.58020459525796,50
599200,-4.729343948253539,50
599250,-5.355422557509029,50
599300,-15.492933978514163,50
599350,-14.845290545870228,50
599400,-4.774371717454366,50
599450,-7.202500700052925,50
599500,-5.095187314461089,50
599550,-10.461225621408632,50
599600,-10.865561368414625,50
599650,-4.477098263338499,50
599700,-11.303616905809053,50
599750,-14.719721207015233,50
599800,-1.8342330632331936,50
599850,-16.540108799903972,50
599900,-3.7783881995891937,50
599950,-10.811016727953186,50
600000,-8.807023720323858,50
600050,-2.0975970393053056,50
600100,-3.744416534549131,50
600150,-4.462165412494756,50
600200,-3.8358173266992046,50
600250,-4.961879410139284,50
600300,-5.866528136892519,50
600350,-4.508615956543359,50
600400,-9.418234683732862,50
600450,-5.0682396151054645,50
600500,-18.036906137566774,50
600550,-17.36653384555168,50
600600,-16.05818366465573,50
600650,-15.158278948536656,50
600700,-4.889899573104827,50
600750,-2.8987293366657485,50
600800,-2.324255755808014,50
600850,-20.445711375965406,50
600900,-16.735026258968638,50
600950,-2.957045226694997,50
601000,-15.713164226581593,50
601050,-2.847125360840512,50
601100,-7.585050906663212,50
601150,-20.50539941638518,50
601200,-6.856894616846221,50
601250,-4.793468049461178,50
601300,-17.604806012660898,50
601350,-7.149545595919578,50
601400,-15.215596717940326,50
601450,-3.8048203005474837,50
601500,-13.024685767645824,50
601550,-5.8743136167894585,50
601600,-5.18589393809795,50
601650,-8.941444512126594,50
601700,-7.03064739650548,50
601750,-15.622608725915216,50
601800,-5.540788392286003,50
601850,-17.95056226883909,50
601900,-15.604996721093162,50
601950,-3.7523913913476874,50
602000,-21.56442787827131,50
602050,-17.258469113137952,50
602100,-3.374243576824863,50
602150,-18.87255780474237,50
602200,-12.648181781890932,50
602250,-3.742867720345541,50
602300,-2.7217091292314515,50
602350,-18.91655166608764,50
602400,-4.801785184257024,50
602450,-4.1184513160385405,50
602500,-19.882551200970365,50
602550,-9.494565017262255,50
602600,-2.9600187310056736,50
602650,-3.9676653534030764,50
602700,-17.869581338600852,50
602750,-4.622425353825961,50
602800,-4.115522160558897,50
602850,-4.233937467190979,50
602900,-3.6574636433045558,50
602950,-3.2436241517109448,50
603000,-3.7379803554799644,50
603050,-3.293208048904222,50
603100,-3.874645243585171,50
603150,-12.33015040758538,50
603200,-4.508105771104074,50
603250,-3.0775640256813257,50
603300,-3.985322174616084,50
603350,-4.409721292544648,50
603400,-10.296088020571068,50
603450,-13.605258868380206,50
603500,-4.048451202302082,50
603550,-3.863412940559729,50
603600,-17.70582214723422,50
603650,-2.816580107379783,50
603700,-3.783570145171432,50
603750,-1.367576356461902,50
603800,-14.38231663518798,50
603850,-20.796865020867884,50
603900,-4.112265063531112,50
603950,-9.904722039588785,50
604000,-4.24604137097705,50
604050,-11.097102245114533,50
604100,-4.155879521423161,50
604150,-6.546488959677598,50
604200,-1.9987773647829645,50
604250,-18.003473429209862,50
604300,-2.9505004850322543,50
604350,-8.181493763793487,50
604400,-4.366725375724691,50
604450,-21.548146406581488,50
604500,-4.204210219400355,50
604550,-0.8635091108628744,50
604600,-14.222443975008058,50
604650,-9.321607974205962,50
604700,-2.2185283861110725,50
604750,-17.083175177314246,50
604800,-1.72678836004298,50
604850,-14.111845724262176,50
604900,-3.765941548217431,50
604950,-4.217783201275663,50
605000,-2.9492208198658547,50
605050,-4.904598446708982,50
605100,-15.189600326341656,50
605150,-8.568147705845362,50
605200,-3.3036244712025398,50
605250,-1.6385530944179787,50
605300,-6.0315423287989125,50
605350,-2.6742621493349805,50
605400,-4.463058568750506,50
605450,-19.47006583256195,50
605500,-17.18470259578349,50
605550,-9.44614606112888,50
605600,-9.78174050465824,50
605650,-9.056735033590181,50
605700,-1.6332620496055956,50
605750,-4.507203007031859,50
605800,-3.8566632405036128,50
605850,-4.741432681164851,50
605900,-13.544004818620028,50
605950,-14.899249634789015,50
606000,-12.740516721978492,50
606050,-20.44473374466057,50
606100,-13.95965292015862,50
606150,-19.711305788977345,50
606200,-18.048718699869394,50
606250,-17.87942872906086,50
606300,-4.234495919651666,50
606350,-4.223118721845603,50
606400,-3.8588505250548746,50
606450,-3.4427624114155497,50
606500,-4.596633341440286,50
606550,-2.2181412534044798,50
606600,-13.946236690497225,50
606650,-9.636463753454398,50
606700,-4.306638841740066,50
606750,-20.11590778803739,50
606800,-3.7221589068820053,50
606850,-4.480931894775332,50
606900,-9.913453004868986,50
606950,-10.393808968265757,50
607000,-11.018046980867359,50
607050,-7.256464313350774,50
607100,-15.271804868788992,50
607150,-7.1073329523782425,50
607200,-2.4895483403243066,50
607250,-1.0015503978372957,50
607300,-18.165112120793825,50
607350,-13.634045063727513,50
607400,-3.3907567407228516,50
607450,-5.9732350293983805,50
607500,-4.5651037814415725,50
607550,-20.310744427627295,50
607600,-3.089124276477554,50
607650,-1.1844868091614067,50
607700,-2.663801007656182,50
607750,-8.504342806425148,50
607800,-4.262065222151588,50
607850,-18.138524448419865,50
607900,-4.17369463169796,50
607950,-13.236145616733834,50
608000,-4.609633540962941,50
608050,-8.085027462418696,50
608100,-18.38338177631439,50
608150,-7.426753838495976,50
608200,-14.47923427196528,50
608250,-17.40899942217041,50
608300,-20.25775569247117,50
608350,-3.029453337713412,50
608400,-4.100231578715238,50
608450,-4.954081982956162,50
608500,-16.40111400937196,50
608550,-3.2026809819296997,50
608600,-17.437075615788064,50
608650,-4.101694811107722,50
608700,-16.76054606050206,50
608750,-9.022022429942188,50
608800,-5.016897146104812,50
608850,-8.392079590972777,50
608900,-9.889107015924752,50
608950,-12.359279808699712,50
609000,-3.6064680203800656,50
609050,-2.7145325144518186,50
609100,-1.0704365768312456,50
609150,-10.272539775724947,50
609200,-3.866526813458892,50
609250,-4.332956268528873,50
609300,-16.69883430683071,50
609350,-10.230017390182658,50
609400,-3.793403236183257,50
609450,-2.990151897150154,50
609500,-3.2989327754968896,50
609550,-2.9199279884716747,50
609600,-3.9662600550202276,50
609650,-2.1855482198524028,50
609700,-19.73357285130652,50
609750,-16.988096121017943,50
609800,-10.40359452314026,50
609850,-3.9719530720696783,50
609900,-9.900892012828843,50
609950,-11.331030284468977,50
610000,-3.581188678413676,50
610050,-12.064432982243941,50
610100,-18.83705062354191,50
610150,-6.809852776590038,50
610200,-7.276103556926288,50
610250,-12.703386739457674,50
610300,-3.920512174250681,50
610350,-14.839928101592752,50
610400,-4.863887266328009,50
610450,-4.730181341390127,50
610500,-4.739017156122252,50
610550,-3.935260157105002,50
610600,-2.9485939691710934,50
610650,-6.412194101434533,50
610700,-2.564744581577376,50
610750,-13.240821399813319,50
610800,-17.849494229644208,50
610850,-10.65902630426546,50
610900,-3.664661495960238,50
610950,-4.079079391916713,50
611000,-6.268679955462109,50
611050,-4.120273310423803,50
611100,-9.262482395861085,50
611150,-9.511321136113809,50
611200,-3.534438216491206,50
611250,-11.236419720658613,50
611300,-8.70066444186995,50
611350,-4.229787974356293,50
611400,-18.76006607734529,50
611450,-3.1795181280195304,50
611500,-3.889615983832699,50
611550,-3.842614247642755,50
611600,-2.1184621868762474,50
611650,-3.2649040003133583,50
611700,-4.297204995579729,50
611750,-4.365583987750326,50
611800,-2.1725863918757073,50
611850,-11.08356484807996,50
611900,-3.08461968393661,50
611950,-7.703757518248844,50
612000,-18.79592150727825,50
612050,-16.421039656961174,50
612100,-2.343487322153028,50
612150,-2.0906417993147093,50
612200,-15.477764572880623,50
612250,-11.317186651465006,50
612300,-2.696048563358515,50
612350,-17.125964118583255,50
612400,-2.471404413876099,50
612450,-7.106313967357378,50
612500,-8.441588038795466,50
612550,-10.807780660630446,50
612600,-17.906434239961925,50
612650,-7.0590101207814255,50
612700,-3.660832948381649,50
612750,-14.067292425910313,50
612800,-5.549094696883464,50
612850,-2.3743585799611275,50
612900,-3.897587464284349,50
612950,-3.763022676505376,50
613000,-2.5304535552795713,50
613050,-14.67914534041212,50
613100,-2.106074958512029,50
613150,-4.243929910415565,50
613200,-7.531036312213399,50
613250,-2.2200872453480183,50
613300,-5.415297047542357,50
613350,-16.033637028229588,50
613400,-6.048532963446605,50
613450,-18.39549344796049,50
613500,-4.322850431700037,50
613550,-4.5605593466460626,50
613600,-17.31155051442175,50
613650,-13.104334414761018,50
613700,-8.82693472299161,50
613750,-3.041252946632507,50
613800,-5.666247874212201,50
613850,-14.181570561463976,50
613900,-3.820566509317758,50
613950,-14.72273284670224,50
614000,-14.988387134550331,50
614050,-10.282268534111848,50
614100,-9.407834170981468,50
614150,-14.048947251481966,50
614200,-1.8446037242988442,50
614250,-18.1900812279029,50
614300,-5.642603020142918,50
614350,-9.193207894112474,50
614400,-2.564626146076718,50
614450,-6.657414513409585,50
614500,-5.437157418477192,50
614550,-10.015491618959187,50
614600,-4.024636830423662,50
614650,-12.680830866700775,50
614700,-19.665770312639825,50
614750,-4.218821018266698,50
614800,-19.23743025420167,50
614850,-10.81098036297281,50
614900,-17.124754166852036,50
614950,-20.756332109187436,50
615000,-3.117951966302643,50
615050,-4.949692298962959,50
615100,-15.830978168686736,50
615150,-1.260769436578269,50
615200,-10.437213288519413,50
615250,-7.322803850431933,50
615300,-14.291567453248966,50
615350,-2.6500960042891224,50
615400,-8.753222179111292,50
615450,-3.190601500927362,50
615500,-10.856126255386696,50
615550,-11.706262344661617,50
615600,-1.9982497119279674,50
615650,-2.206570923453283,50
615700,-4.200098101341009,50
615750,-4.194310403927636,50
615800,-16.545761704875297,50
615850,-3.5901227556387076,50
615900,-10.893896316223113,50
615950,-13.833015463196674,50
616000,-17.453476692235828,50
616050,-6.214252185871921,50
616100,-13.959645316173743,50
616150,-18.522825271479782,50
616200,-3.424673121076738,50
616250,-15.065743011948152,50
616300,-15.558472402201275,50
616350,-10.969895116741114,50
616400,-4.953719042765124,50
616450,-4.188342651583767,50
616500,-3.220288338012338,50
616550,-15.181459324214197,50
616600,-3.4203386710151262,50
616650,-10.931281765741934,50
616700,-14.907275387676705,50
616750,-3.7636364174224206,50
616800,-7.985441406379493,50
616850,-18.07567834684952,50
616900,-3.7959062988747188,50
616950,-1.2367865614888967,50
617000,-18.25204507808926,50
617050,-4.1669841375394725,50
617100,-3.5847969469810264,50
617150,-5.227066952958985,50
617200,-13.055398170157337,50
617250,-2.4809351664272388,50
617300,-8.743729071346385,50
617350,-8.387578215617156,50
617400,-17.726249466308193,50
617450,-7.554441916316945,50
617500,-4.619248648450098,50
617550,-13.006434445382506,50
617600,-9.357209570882521,50
617650,-11.483589164941279,50
617700,-9.314974843570594,50
617750,-17.541224677114176,50
617800,-3.524927830544176,50
617850,-15.734858320268708,50
617900,-4.556082512772397,50
617950,-3.214042270128439,50
618000,-14.87256046633059,50
618050,-2.0641716535106944,50
618100,-3.393032081696487,50
618150,-9.69379060049466,50
618200,-12.055953952448073,50
618250,-10.312887202484083,50
618300,-2.056708502908207,50
618350,-6.2028916498445925,50
618400,-17.735262955642945,50
618450,-3.023904456826306,50
618500,-3.998268100784344,50
618550,-7.592709870744124,50
618600,-6.844283372195407,50
618650,-17.82744737971115,50
618700,-12.112490876982239,50
618750,-15.089778597037029,50
618800,-5.836251612790676,50
618850,-13.592549937960674,50
618900,-3.096680941942573,50
618950,-7.217278242873572,50
619000,-7.972949007128039,50
619050,-3.9487316622406166,50
619100,-3.7263571591714175,50
619150,-3.0766864213781977,50
619200,-9.130446060318523,50
619250,-12.21413784838138,50
619300,-3.293782821324966,50
619350,-2.982526954589402,50
619400,-2.722944544356362,50
619450,-20.28707620217328,50
619500,-19.6408561783271,50
619550,-5.612971206398421,50
619600,-13.527091966427355,50
619650,-16.37484590736684,50
619700,-8.84226411501404,50
619750,-15.015570291415179,50
619800,-10.579568710674844,50
619850,-7.506584578478369,50
619900,-5.562949102553689,50
619950,-5.313816879554757,50
620000,-10.005072521365296,50
620050,-5.958496675809521,50
620100,-17.218556315550266,50
620150,-14.286019135659007,50
620200,-3.382263936692642,50
620250,-3.937750706731892,50
620300,-15.97348854929339,50
620350,-6.935544541540861,50
620400,-3.817795724789148,50
620450,-14.193951516535085,50
620500,-11.050511134143708,50
620550,-6.960349135508912,50
620600,-8.6241405519047,50
620650,-8.290184738360033,50
620700,-4.1648802340173114,50
620750,-3.019618243590042,50
620800,-10.906263269700295,50
620850,-7.414907143384907,50
620900,-17.384500439069317,50
620950,-2.752099998620443,50
621000,-8.207795605847348,50
621050,-1.6020373491686428,50
621100,-14.655065576633078,50
621150,-3.6444924467160797,50
621200,-1.9279415268953846,50
621250,-10.218609155826476,50
621300,-11.560017577931957,50
621350,-6.905763515239744,50
621400,-18.82069904406235,50
621450,-4.686115051223649,50
621500,-5.572187596877922,50
621550,-2.6811632583441645,50
621600,-10.380112829772026,50
621650,-17.226746103283215,50
621700,-6.289711676662552,50
621750,-19.90819000094668,50
621800,-10.763411903992429,50
621850,-17.87456001463412,50
621900,-7.014189035077147,50
621950,-3.3220416328323026,50
622000,-19.013747735872286,50
622050,-7.747081979329099,50
622100,-8.586489516776256,50
622150,-1.4734107953179287,50
622200,-7.885027224475536,50
622250,-15.478231422449882,50
622300,-5.895423395026035,50
622350,-10.4638435838397,50
622400,-21.144889032880876,50
622450,-2.3661879425007344,50
622500,-7.547087499532441,50
622550,-4.66307096486158,50
622600,-14.694217011016473,50
622650,-7.6840563450864865,50
622700,-3.111037888368607,50
622750,-8.789983534311173,50
622800,-8.718775999528168,50
622850,-1.5824085375863794,50
622900,-10.536696621717404,50
622950,-8.878824974687369,50
623000,-4.800085007353343,50
623050,-15.219120532654763,50
623100,-2.4876020772946648,50
623150,-13.296474124167846,50
623200,-11.02312377232336,50
623250,-14.505472783720624,50
623300,-10.193681122704199,50
623350,-10.19717791171334,50
623400,-7.339729992378305,50
623450,-4.248672245389278,50
623500,-7.2541194097181325,50
623550,-8.881701834454068,50
623600,-2.861187514551691,50
623650,-20.786800293949852,50
623700,-17.32842730174404,50
623750,-3.0706228551287826,50
623800,-19.172332998571942,50
623850,-10.586442291432995,50
623900,-4.063360804835288,50
623950,-13.497333249551609,50
624000,-3.671765020858668,50
624050,-8.903874154000789,50
624100,-5.827484552033508,50
624150,-13.468126117780713,50
624200,-1.9276903640145824,50
624250,-4.032039492703775,50
624300,-18.144049670315944,50
624350,-4.774264631513629,50
624400,-10.183287385121815,50
624450,-4.727545697110512,50
624500,-2.2910800867152816,50
624550,-18.4199534293599,50
624600,-2.8096954266228256,50
624650,-7.115145861130931,50
624700,-4.025688343818377,50
624750,-16.41581052109761,50
624800,-9.576918437875085,50
624850,-18.105450167715667,50
624900,-13.26243657238822,50
624950,-13.020206637641174,50
625000,-2.871563762295963,50
625050,-6.674064544825519,50
625100,-3.5106514710106826,50
625150,-9.453093715449253,50
625200,-5.263099575702631,50
625250,-5.469364162061712,50
625300,-8.174104023108939,50
625350,-21.4707181644715,50
625400,-3.189574709274629,50
625450,-6.751589401566372,50
625500,-3.3071676939722514,50
625550,-4.382981076928062,50
625600,-11.482779354278025,50
625650,-3.635721095027658,50
625700,-4.217960103869437,50
625750,-3.1587702199208167,50
625800,-13.009583954088459,50
625850,-2.37557679108908,50
625900,-11.238003454166169,50
625950,-3.392261276222526,50
626000,-20.763199044847596,50
626050,-2.1975182831810374,50
626100,-3.9033810636856714,50
626150,-3.1943519907331646,50
626200,-6.435060756307884,50
626250,-3.652253267913929,50
626300,-3.4318564184608173,50
626350,-1.3551197858053525,50
626400,-15.960452475112536,50
626450,-4.536566377406865,50
626500,-14.980867984941101,50
626550,-11.643258185969845,50
626600,-5.691474373658515,50
626650,-4.138750605555034,50
626700,-6.198631421747593,50
626750,-14.837158079499995,50
626800,-9.337487456094152,50
626850,-19.599759734125964,50
626900,-15.583525596155459,50
626950,-3.7162170703766164,50
627000,-14.182346892603668,50
627050,-2.2790607518902823,50
627100,-8.203436077724835,50
627150,-14.317053117121427,50
627200,-4.101642217504637,50
627250,-3.5224087815959924,50
627300,-6.277591405847686,50
627350,-3.2766266391709387,50
627400,-15.616777029148064,50
627450,-13.541299113640067,50
627500,-8.24451600261504,50
627550,-4.240846810259232,50
627600,-8.280384663199408,50
627650,-8.305989049478605,50
627700,-5.642777869857812,50
627750,-2.0597354024678163,50
627800,-4.450523242887705,50
627850,-5.352372396847968,50
627900,-12.398912523793017,50
627950,-1.5265628243236828,50
628000,-4.979350341601852,50
628050,-17.410719121577927,50
628100,-18.54669725516873,50
628150,-8.760522998970488,50
628200,-1.4855145176310134,50
628250,-14.183842961361941,50
628300,-11.57812384325118,50
628350,-5.19032003738699,50
628400,-7.294278103808197,50
628450,-13.543843260984302,50
628500,-8.927794711567545,50
628550,-6.606746186703154,50
628600,-2.321224494420049,50
628650,-5.413330584009005,50
628700,-14.064463115714792,50
628750,-8.10926414731599,50
628800,-3.5535015985039795,50
628850,-14.848394668687803,50
628900,-3.981113573078159,50
628950,-5.959812275668687,50
629000,-3.2947111649500496,50
629050,-16.414319570362537,50
629100,-6.399722060431764,50
629150,-8.019163578361837,50
629200,-11.864480292351214,50
629250,-18.46909655973611,50
629300,-10.028582120454312,50
629350,-16.070089324204762,50
629400,-11.679769431219164,50
629450,-10.73773313162713,50
629500,-4.174356089883871,50
629550,-8.035042555318508,50
629600,-4.245348158739142,50
629650,-2.251652484237106,50
629700,-3.6741250812485484,50
629750,-20.04888578334856,50
629800,-4.103816401481077,50
629850,-4.07747720235309,50
629900,-10.95733373811267,50
629950,-3.6060005578365026,50
630000,-5.451949977219891,50
630050,-17.052249959211075,50
630100,-4.065343648729303,50
630150,-7.823652813951473,50
630200,-3.061101170706182,50
630250,-3.1410493827198884,50
630300,-2.1253858177754994,50
630350,-4.83128897525683,50
630400,-2.497995910133271,50
630450,-3.9953395248720183,50
630500,-12.011651145864919,50
630550,-10.652813521347031,50
630600,-9.874994448131957,50
630650,-1.392887856097151,50
630700,-9.541024071814384,50
630750,-2.380759079584522,50
630800,-2.373992223086064,50
630850,-6.8939536964691035,50
630900,-15.388098126371876,50
630950,-21.087760757665585,50
631000,-14.335651791091582,50
631050,-11.471744130486229,50
631100,-9.726597634474134,50
631150,-3.4244332229943066,50
631200,-6.90314149277326,50
631250,-16.870721203251946,50
631300,-3.5104734108757225,50
631350,-4.337954435184727,50
631400,-3.1578161851353963,50
631450,-10.973531369078101,50
631500,-12.873533083202998,50
631550,-3.7931182260895886,50
631600,-5.548413734807888,50
631650,-15.678577862431503,50
631700,-4.523969872933222,50
631750,-10.086333340774544,50
631800,-13.587860761881972,50
631850,-7.802545928525827,50
631900,-3.862657017132319,50
631950,-13.62190625244958,50
632000,-15.255464614260376,50
632050,-2.211667196410078,50
632100,-12.621100303784486,50
632150,-13.612231731362263,50
632200,-11.948250681856795,50
632250,-19.108577452829977,50
632300,-16.649499405975973,50
632350,-11.06777389334389,50
632400,-3.994848420127403,50
632450,-14.004536628650154,50
632500,-4.118341400540593,50
632550,-11.946007448939508,50
632600,-8.517746709715512,50
632650,-4.2260612062777465,50
632700,-19.852336003216646,50
632750,-4.724916654692712,50
632800,-8.986889911920548,50
632850,-1.7788304835680904,50
632900,-18.472565356751808,50
632950,-12.375111072185026,50
633000,-7.147393589520921,50
633050,-5.853431243688813,50
633100,-4.543181934911871,50
633150,-11.452900444853709,50
633200,-16.696867772306266,50
633250,-3.7847540473632963,50
633300,-20.148336468309985,50
633350,-11.152676938097615,50
633400,-14.017934377844325,50
633450,-8.417484134887355,50
633500,-4.507557175025767,50
633550,-2.630778373038923,50
633600,-1.6775125840139182,50
633650,-18.193033384631605,50
633700,-3.8742773763378673,50
633750,-13.974137523290077,50
633800,-21.1935444893624,50
633850,-2.285158663801495,50
633900,-3.0079424527599916,50
633950,-19.884922345651628,50
634000,-10.138721511095795,50
634050,-17.318169634722484,50
634100,-13.398455188910773,50
634150,-3.7599473406839903,50
634200,-13.856832366998656,50
634250,-2.094761006344271,50
634300,-9.628612871175918,50
634350,-14.899420878110329,50
634400,-15.465346821711,50
634450,-6.913940110336186,50
634500,-16.378531952659436,50
634550,-2.084080988043912,50
634600,-13.532283605297415,50
634650,-11.770415548245143,50
634700,-2.219929762090494,50
634750,-3.4135857444577433,50
634800,-1.172551179798114,50
634850,-13.350490095607544,50
634900,-8.834397298885298,50
634950,-13.652704183056466,50
635000,-3.7360288634344276,50
635050,-15.313067474533272,50
635100,-11.630920176086777,50
635150,-5.378914745870979,50
635200,-4.197983421052035,50
635250,-4.47988402490099,50
635300,-12.385923168283012,50
635350,-3.9415391961208477,50
635400,-5.397200286052558,50
635450,-17.83531367685098,50
635500,-15.482686291907294,50
635550,-13.110784133409824,50
635600,-5.480790831311517,50
635650,-8.393280250321581,50
635700,-2.139995716553676,50
635750,-3.7586754662309674,50
635800,-14.468874531122255,50
635850,-16.362088148024714,50
635900,-3.576758389813255,50
635950,-3.3059865304933433,50
636000,-14.746104418660353,50
636050,-8.512583864046741,50
636100,-12.8446226083813,50
636150,-20.231175765926928,50
636200,-9.413316937273075,50
636250,-2.83405014995462,50
636300,-2.2174287025659565,50
636350,-5.087914752025593,50
636400,-6.405507131772571,50
636450,-10.611455664939255,50
636500,-20.617196894855457,50
636550,-20.855874430016488,50
636600,-4.3049307373993235,50
636650,-5.237856839374569,50
636700,-4.234385643904427,50
636750,-8.668715401341453,50
636800,-15.819409387053714,50
636850,-7.481325774332572,50
636900,-10.18548802653466,50
636950,-3.8245118038426216,50
637000,-7.670692237284689,50
637050,-3.9977602936596384,50
637100,-3.2384189470433027,50
637150,-6.5296062624765066,50
637200,-4.741711702413965,50
637250,-2.3434655196746257,50
637300,-15.233940285254246,50
637350,-2.6525999626149157,50
637400,-16.1280796715432,50
637450,-13.366765814204445,50
637500,-18.52175416227578,50
637550,-10.861404138775992,50
637600,-4.027987407210283,50
637650,-12.614153650161692,50
637700,-14.742287734599959,50
637750,-4.093726976356038,50
637800,-3.181352378507017,50
637850,-13.683928923595799,50
637900,-20.295405767869305,50
637950,-3.9561837935965096,50
638000,-6.318276189241232,50
638050,-12.042784382521681,50
638100,-4.687913386410588,50
638150,-2.023807087528389,50
638200,-5.034319322210381,50
638250,-5.434476117804036,50
638300,-18.095342888639163,50
638350,-17.39596484426947,50
638400,-4.125346892126117,50
638450,-3.2971365632194107,50
638500,-17.943660838129556,50
638550,-8.588656494251039,50
638600,-1.316268403425518,50
638650,-17.00408331184459,50
638700,-5.843077956227148,50
638750,-4.408375229231422,50
638800,-2.55354690259084,50
638850,-6.029804991576954,50
638900,-3.5772160021989245,50
638950,-10.94977091735951,50
639000,-4.012776914681036,50
639050,-6.2214417939943765,50
639100,-12.975975127683844,50
639150,-4.1075610048548565,50
639200,-16.53519725409137,50
639250,-4.495102904961883,50
639300,-3.682201931717553,50
639350,-18.804186611861184,50
639400,-2.88454701291653,50
639450,-8.980957240402624,50
639500,-9.142911685398609,50
639550,-3.6364701637051886,50
639600,-5.96186034577528,50
639650,-17.76510050269648,50
639700,-19.177300054647336,50
639750,-14.806111075881466,50
639800,-20.66562983648752,50
639850,-3.9955411407295403,50
639900,-4.78365255646811,50
639950,-16.42238326961933,50
640000,-13.483200472821386,50
640050,-4.6818399100629735,50
640100,-14.109209272055827,50
640150,-15.787598751945668,50
640200,-12.749954361081109,50
640250,-18.01283564577248,50
640300,-3.064214435600737,50
640350,-4.8891254737152,50
640400,-3.2602471759700613,50
640450,-2.251925776506933,50
640500,-1.2767927259217162,50
640550,-7.237356977997035,50
640600,-1.75359552111971,50
640650,-18.400845809635626,50
640700,-4.0628478796627485,50
640750,-7.1326444301816965,50
640800,-14.582908806012892,50
640850,-6.405980186746295,50
640900,-11.161372577036968,50
640950,-8.831204879301954,50
641000,-20.043571882287253,50
641050,-14.161683595228595,50
641100,-6.010654202193383,50
641150,-3.8387850439289264,50
641200,-8.570488186465191,50
641250,-14.897913315753023,50
641300,-14.665002161399858,50
641350,-3.9955072126519813,50
641400,-11.37980710538272,50
641450,-4.380260324158643,50
641500,-12.343777505146909,50
641550,-6.277765486419212,50
641600,-21.108305047467585,50
641650,-4.294510741063817,50
641700,-15.211637881793376,50
641750,-20.02723648476494,50
641800,-4.945205861788626,50
641850,-4.382878771329976,50
641900,-3.9055817064576113,50
641950,-17.40609187830408,50
642000,-15.25265004654279,50
642050,-19.410518316197212,50
642100,-8.92999471594741,50
642150,-6.094499345699008,50
642200,-10.511346777672179,50
642250,-3.1178817689859044,50
642300,-9.172752084600617,50
642350,-6.435099563735746,50
642400,-11.932357610746726,50
642450,-3.006511230176249,50
642500,-3.8376934950291517,50
642550,-1.757510667104718,50
642600,-11.143786693134732,50
642650,-2.718892607237761,50
642700,-10.855034933707657,50
642750,-9.548793071030943,50
642800,-5.531168725960373,50
642850,-4.787365180230977,50
642900,-16.49955994528619,50
642950,-16.867458156739705,50
643000,-6.741928270355101,50
643050,-16.554467211761775,50
643100,-13.279546295244465,50
643150,-8.561395096935913,50
643200,-14.978314008309612,50
643250,-15.325928602518767,50
643300,-10.597945426521528,50
643350,-1.5309039553657486,50
643400,-4.248235855182964,50
643450,-10.053262586983612,50
643500,-4.784297813765501,50
643550,-3.3946827383638163,50
643600,-11.292913171981072,50
643650,-19.504424560864674,50
643700,-4.2795030928893425,50
643750,-3.443597599930368,50
643800,-2.7300664278572624,50
643850,-14.334331351600515,50
643900,-15.013608876897246,50
643950,-13.111830872732426,50
644000,-2.2977106604381845,50
644050,-12.35338532719899,50
644100,-4.5244088312574045,50
644150,-1.2590655108714988,50
644200,-4.148858523278395,50
644250,-4.88739772824161,50
644300,-11.831879285503607,50
644350,-17.903214047446426,50
644400,-14.569834078242536,50
644450,-3.3744646734066346,50
644500,-12.970676683434649,50
644550,-17.380873925546652,50
644600,-2.4016929596970593,50
644650,-17.803886437686806,50
644700,-4.273454366173764,50
644750,-3.99587223990576,50
644800,-2.867924687128547,50
644850,-3.2448883627905185,50
644900,-4.279145341501961,50
644950,-13.967370760387013,50
645000,-3.5520163095696913,50
645050,-4.865957360640501,50
645100,-2.424111878146196,50
645150,-9.390065656344833,50
645200,-13.060474786202334,50
645250,-17.060942700175932,50
645300,-4.363407634550791,50
645350,-7.737109707650469,50
645400,-2.9920523009258866,50
645450,-2.180986323505589,50
645500,-10.557847750232092,50
645550,-5.762971368101878,50
645600,-4.061355805812291,50
645650,-4.0841753071771185,50
645700,-18.781218069203874,50
645750,-8.694383831106657,50
645800,-4.785553061654377,50
645850,-11.017634739434037,50
645900,-4.57014935113185,50
645950,-21.03034824548926,50
646000,-4.519448245960434,50
646050,-4.280444612046316,50
646100,-8.12191012298228,50
646150,-18.425957976780058,50
646200,-2.738142477541402,50
646250,-3.5282732129193395,50
646300,-2.812066428686012,50
646350,-5.300425001922023,50
646400,-7.31083566664184,50
646450,-8.057114423667853,50
646500,-7.540228507866759,50
646550,-4.102916105076831,50
646600,-4.21111839557008,50
646650,-3.62981900790583,50
646700,-18.30637028447324,50
646750,-13.71780260779907,50
646800,-14.634822842082025,50
646850,-20.589882757850503,50
646900,-4.065737236555562,50
646950,-19.894146631335826,50
647000,-18.184068162469327,50
647050,-5.72141291716846,50
647100,-3.31174148491352,50
647150,-17.152518314119856,50
647200,-4.246292202402579,50
647250,-15.81511516923723,50
647300,-1.5603623898244587,50
647350,-3.99932827365274,50
647400,-3.932137861009525,50
647450,-2.31998217332589,50
647500,-3.4455716077675085,50
647550,-5.66763531455132,50
647600,-4.9492015573165,50
647650,-7.363926587615893,50
647700,-18.266919024700172,50
647750,-5.570760960920171,50
647800,-11.337755285899977,50
647850,-1.2009151888003051,50
647900,-3.810523482872909,50
647950,-15.381144352848287,50
648000,-2.9704481417276742,50
648050,-2.111376952384302,50
648100,-4.519767848005628,50
648150,-12.542752830078028,50
648200,-4.09831146432762,50
648250,-14.885917553958462,50
648300,-3.866856499504985,50
648350,-16.214877160236867,50
648400,-18.537145546786533,50
648450,-4.067371917234776,50
648500,-6.560426485452874,50
648550,-4.416558769762471,50
648600,-10.850949096442985,50
648650,-10.753134628516692,50
648700,-4.570168032991532,50
648750,-14.589185332535,50
648800,-5.551167592719517,50
648850,-4.41148646733981,50
648900,-8.209865803774544,50
648950,-17.153465926663028,50
649000,-4.44461377885441,50
649050,-11.165814021131233,50
649100,-10.761024053995547,50
649150,-12.777051745126714,50
649200,-11.398926330340982,50
649250,-12.531179362162684,50
649300,-3.127860146023361,50
649350,-10.780738438121185,50
649400,-3.3507278804729843,50
649450,-2.3448263009136294,50
649500,-12.873376833640593,50
649550,-2.2990310793791826,50
649600,-4.438526427414798,50
649650,-7.791879744170531,50
649700,-13.471222356453646,50
649750,-2.1156275700363656,50
649800,-3.5711585390669747,50
649850,-16.835318100181095,50
649900,-9.8016016212105,50
649950,-14.878951209010875,50
650000,-3.471894409214775,50
650050,-1.4741856453771802,50
650100,-15.866849268121674,50
650150,-2.327942406509331,50
650200,-7.1114784284754995,50
650250,-5.430462349866002,50
650300,-2.7450289794081044,50
650350,-3.5150101499250312,50
650400,-10.055462925338553,50
650450,-16.12178325835994,50
650500,-20.421759200856016,50
650550,-20.223693692995354,50
650600,-4.244035330577808,50
650650,-19.934001829347654,50
650700,-7.6747488498572904,50
650750,-3.738497085707638,50
650800,-3.3780913830759447,50
650850,-20.002592339467274,50
650900,-15.39069836798684,50
650950,-3.4566747156925635,50
651000,-14.23054199119572,50
651050,-8.666586238396365,50
651100,-17.958855150624775,50
651150,-3.0777823029223055,50
651200,-9.7218128316585,50
651250,-15.60347266888668,50
651300,-13.347045651019792,50
651350,-14.111191598658095,50
651400,-19.981222322612574,50
651450,-3.874770750717334,50
651500,-10.40323244088326,50
651550,-13.050036865462074,50
651600,-16.8977953563787,50
651650,-3.2205380781476562,50
651700,-10.229723280132832,50
651750,-11.321213880007898,50
651800,-1.4673303470228205,50
651850,-14.83238741160412,50
651900,-17.119896248255277,50
651950,-3.6772215685802148,50
652000,-12.421156759173662,50
652050,-3.4953783845601656,50
652100,-4.433039217679058,50
652150,-4.158404082206456,50
652200,-4.230582387598153,50
652250,-19.910491782372087,50
652300,-2.7677299586368362,50
652350,-3.3378234972535896,50
652400,-17.513120650081756,50
652450,-10.600946563527367,50
652500,-14.888003841074125,50
652550,-3.2842434496363233,50
652600,-16.244877713925092,50
652650,-6.5236350516124215,50
652700,-3.5162172758588763,50
652750,-2.1471785337722498,50
652800,-20.43118772534464,50
652850,-21.07278638848012,50
652900,-4.091466436475281,50
652950,-2.410115924331734,50
653000,-8.933465916921566,50
653050,-5.833319154834196,50
653100,-1.4645651739247116,50
653150,-12.79038385725195,50
653200,-15.390130676275987,50
653250,-5.640410846892806,50
653300,-12.403761526739197,50
653350,-14.044662831721311,50
653400,-16.152095293479938,50
653450,-3.0423180797450704,50
653500,-4.509288977554985,50
653550,-4.295138403874549,50
653600,-7.496906817689644,50
653650,-7.2432934922250425,50
653700,-11.797718981532263,50
653750,-1.933750069244188,50
653800,-6.238341246988901,50
653850,-14.708503503709615,50
653900,-4.512041360576282,50
653950,-6.980253545647438,50
654000,-14.9036480369292,50
654050,-2.567499899885723,50
654100,-14.902578494198261,50
654150,-11.861375388805396,50
654200,-4.530229020574083,50
654250,-15.799650912209348,50
654300,-17.859049334245594,50
654350,-8.498925494642652,50
654400,-6.001014216537877,50
654450,-17.771160999609407,50
654500,-6.029903544596731,50
654550,-2.1283891065328,50
654600,-1.5554561690606357,50
654650,-11.362312596172337,50
654700,-3.2509390957079676,50
654750,-4.1596614529656435,50
654800,-18.0123174168469,50
654850,-12.261327480036197,50
654900,-4.261609616734418,50
654950,-7.375174406033618,50
655000,-5.931952520776226,50
655050,-12.146624472685996,50
655100,-21.339838550270784,50
655150,-4.940037664449593,50
655200,-14.016177984689598,50
655250,-3.8832649268176476,50
655300,-2.065915797472236,50
655350,-4.796736313927868,50
655400,-5.020199106367578,50
655450,-3.8845940257359612,50
655500,-20.319059466564635,50
655550,-4.195858943247864,50
655600,-4.108058052115237,50
655650,-4.690149054753526,50
655700,-19.301461376043953,50
655750,-2.457435396652069,50
655800,-2.5158320138975947,50
655850,-12.136215199003564,50
655900,-3.5580450898798155,50
655950,-2.687127163307344,50
656000,-2.9571947870458666,50
656050,-7.265497113630121,50
656100,-18.409707668473203,50
656150,-4.248154374342075,50
656200,-10.87448082084145,50
656250,-16.87876649140399,50
656300,-2.333599895181887,50
656350,-9.792624514445873,50
656400,-13.043687694043268,50
656450,-2.322455979007683,50
656500,-7.841798706235092,50
656550,-3.4675680749568514,50
656600,-7.032380991287551,50
656650,-14.49967011602699,50
656700,-13.791441476225692,50
656750,-14.580533994708995,50
656800,-20.528661700543097,50
656850,-9.520114747624138,50
656900,-21.516949833377765,50
656950,-16.44698585331664,50
657000,-9.05278466334656,50
657050,-19.243555535357,50
657100,-8.290659450054259,50
657150,-4.847197853703016,50
657200,-2.9808269653398054,50
657250,-11.229490704408597,50
657300,-4.165580317014608,50
657350,-1.7406954937680306,50
657400,-5.953281115068761,50
657450,-5.963219144470312,50
657500,-4.822325812053585,50
657550,-18.434801156735208,50
657600,-4.380319055425173,50
657650,-3.954186408012864,50
657700,-9.672864600477746,50
657750,-16.655865546247483,50
657800,-10.568447045631281,50
657850,-11.412867149326127,50
657900,-15.802575225751342,50
657950,-4.007616956515546,50
658000,-16.210305391906044,50
658050,-14.897435151276442,50
658100,-8.243198808405621,50
658150,-2.6833268404106727,50
658200,-10.300083362091266,50
658250,-9.130309242930595,50
658300,-8.220406948850757,50
658350,-4.955177901983423,50
658400,-2.691567843148074,50
658450,-11.402341500516197,50
658500,-8.295928551957724,50
658550,-17.029358523709497,50
658600,-1.5005950468132732,50
658650,-2.2584489683712357,50
658700,-4.4927894230071495,50
658750,-8.83548942388672,50
658800,-6.979558542823193,50
658850,-11.23335878359504,50
658900,-4.068673070734304,50
658950,-7.315338529140612,50
659000,-13.641445511837281,50
659050,-19.18607746698924,50
659100,-20.16185335905143,50
659150,-3.6009855914399846,50
659200,-3.077072073098879,50
659250,-4.238579862590458,50
659300,-2.637181983912789,50
659350,-15.137804441848385,50
659400,-12.107428204943135,50
659450,-4.146506668227032,50
659500,-6.8225048263339625,50
659550,-3.882462348247142,50
659600,-15.78178604859902,50
659650,-18.966647467469606,50
659700,-8.653486498043629,50
659750,-16.365816226617557,50
659800,-3.142189425560603,50
659850,-18.70549430091482,50
659900,-12.124920758552252,50
659950,-2.338693907386024,50
660000,-3.923091836217479,50
660050,-7.120114550964652,50
660100,-18.083530597421277,50
660150,-5.467678721171868,50
660200,-20.49275110961571,50
660250,-18.052143985873986,50
660300,-10.835151267433096,50
660350,-0.8362054605056013,50
660400,-5.174878454887068,50
660450,-9.417485353966903,50
660500,-4.430722095232196,50
660550,-3.0700328295584156,50
660600,-17.507002970046596,50
660650,-4.412430964356487,50
660700,-4.143280898469358,50
660750,-3.8575306126618254,50
660800,-2.459657100630775,50
660850,-5.035872090048386,50
660900,-4.402779693123291,50
660950,-5.091690148621937,50
661000,-19.247220334889928,50
661050,-4.6027421185740955,50
661100,-5.9298262714399375,50
661150,-7.612936743019018,50
661200,-4.672281817530249,50
661250,-10.000314053927346,50
661300,-7.696164295355891,50
661350,-5.958532817481458,50
661400,-18.096442459268683,50
661450,-4.315525232020468,50
661500,-12.490331855723724,50
661550,-8.781649945596453,50
661600,-5.914950959151881,50
661650,-3.586024746372457,50
661700,-2.0094915801925857,50
661750,-8.521843055454996,50
661800,-6.855937321927754,50
661850,-4.160332437247603,50
661900,-6.648890089219601,50
661950,-14.255333243251162,50
662000,-16.726154644085064,50
662050,-3.908508071226852,50
662100,-18.30623793059946,50
662150,-21.21296819496776,50
662200,-2.595422624275432,50
662250,-20.75470289951661,50
662300,-2.3062594682558344,50
662350,-2.3620503813168034,50
662400,-15.914502465313578,50
662450,-2.8553195058950465,50
662500,-4.003219149975707,50
662550,-13.56577608467014,50
662600,-6.5621002571879155,50
662650,-15.308740257750312,50
662700,-4.490575548745518,50
662750,-2.7216232331634433,50
662800,-5.588310640801561,50
662850,-3.9682711843106104,50
662900,-3.031646273832005,50
662950,-18.373663022067966,50
663000,-8.964349273928793,50
663050,-5.672080721610931,50
663100,-3.123434650399317,50
663150,-7.618590877620374,50
663200,-5.744481544616208,50
663250,-19.491936870777888,50
663300,-3.6357403069619125,50
663350,-7.057536772558482,50
663400,-5.235447714691646,50
663450,-17.793927061031575,50
663500,-2.870892099955484,50
663550,-1.1727909331682036,50
663600,-2.7994589401168564,50
663650,-5.5237414363701784,50
663700,-6.120642597982667,50
663750,-13.902349705783013,50
663800,-3.786548690151709,50
663850,-3.456285275186546,50
663900,-6.498941432812146,50
663950,-2.2077601862540512,50
664000,-3.5314433509615535,50
664050,-4.109006210560978,50
664100,-8.187713678351944,50
664150,-2.21382373764336,50
664200,-3.5621255600396893,50
664250,-1.031091599740122,50
664300,-8.340644290877728,50
664350,-10.780086334679021,50
664400,-3.784476876773106,50
664450,-3.9767974005122335,50
664500,-8.273311831875484,50
664550,-5.649694928595551,50
664600,-3.384338395617061,50
664650,-6.1483336901554,50
664700,-2.3250483617602837,50
664750,-13.354520224501304,50
664800,-15.152805988978402,50
664850,-11.825359227376047,50
664900,-3.0270806182410643,50
664950,-20.76801242077971,50
665000,-3.0772520164605472,50
665050,-1.8633474954264329,50
665100,-3.7055224551932286,50
665150,-2.9222108628332615,50
665200,-10.815458818133505,50
665250,-9.068339684280248,50
665300,-2.1085762612129635,50
665350,-2.266062209794243,50
665400,-6.6494614020953,50
665450,-13.349358194336812,50
665500,-1.6373213341160975,50
665550,-4.202561072488718,50
665600,-5.708530449508176,50
665650,-7.621278599356791,50
665700,-7.2334454956328145,50
665750,-7.07371571709533,50
665800,-5.862830782401859,50
665850,-7.590046248325624,50
665900,-2.7334570961339253,50
665950,-1.620906025213602,50
666000,-12.289017339923033,50
666050,-3.2175814378765715,50
666100,-2.9659702670302903,50
666150,-13.204079896655168,50
666200,-1.7863066081830703,50
666250,-7.99016571834056,50
666300,-12.448590073391268,50
666350,-16.086719311022375,50
666400,-5.72904898309972,50
666450,-10.679315914549294,50
666500,-3.0592528230337384,50
666550,-6.769501484106855,50
666600,-4.081965823116582,50
666650,-12.00333274771541,50
666700,-2.6552605315989357,50
666750,-14.504171922777356,50
666800,-7.843234833517975,50
666850,-15.40363319313943,50
666900,-8.041949928666188,50
666950,-6.3860326143474975,50
667000,-2.4519968828184426,50
667050,-10.937073910021285,50
667100,-4.14464669721213,50
667150,-11.028613801686781,50
667200,-12.149607550303035,50
667250,-1.245901566793197,50
667300,-3.7828673519444815,50
667350,-3.939417428809939,50
667400,-9.452529462268915,50
667450,-15.832855081059787,50
667500,-2.680196023881967,50
667550,-2.421127061149739,50
667600,-1.9732356941314604,50
667650,-4.227126682573587,50
667700,-5.697744433254357,50
667750,-3.4638804798907734,50
667800,-11.803518895968685,50
667850,-1.681894695823816,50
667900,-9.847514664484928,50
667950,-7.580511346858925,50
668000,-5.651240213688521,50
668050,-1.9651598785648265,50
668100,-12.272055502085779,50
668150,-9.28909276476635,50
668200,-4.3151314325645425,50
668250,-4.450366822470718,50
668300,-16.388982683245587,50
668350,-2.5556200234393933,50
668400,-5.593046998541054,50
668450,-12.104319400402849,50
668500,-2.498083652521844,50
668550,-3.935150223294766,50
668600,-3.8669565086753566,50
668650,-5.663900442128612,50
668700,-4.778195682266754,50
668750,-9.04682774485367,50
668800,-3.9852773821670033,50
668850,-11.454495694271165,50
668900,-1.7307135600549417,50
668950,-10.860481570663623,50
669000,-18.559638900351803,50
669050,-11.742576576265746,50
669100,-2.0718283108508464,50
669150,-4.127527196777797,50
669200,-6.253136824707703,50
669250,-12.865958490824607,50
669300,-6.171140143186277,50
669350,-18.99537326272956,50
669400,-6.246678773063807,50
669450,-3.6698949926678126,50
669500,-10.365212460599697,50
669550,-8.719850667108133,50
669600,-5.677115771546841,50
669650,-2.412917798804656,50
669700,-2.4699412841901918,50
669750,-19.1493187722523,50
669800,-4.972738791348851,50
669850,-8.538256207311562,50
669900,-3.4475318199426304,50
669950,-2.3227514598295835,50
670000,-10.559711936153422,50
670050,-12.316174162319033,50
670100,-6.890933970827701,50
670150,-6.297397700016201,50
670200,-12.841897521353086,50
670250,-5.1762664325737,50
670300,-3.61779898074855,50
670350,-4.473682794166756,50
670400,-14.582942029755982,50
670450,-17.26684054207877,50
670500,-6.635340965028963,50
670550,-9.114210126095582,50
670600,-10.760608158953007,50
670650,-3.3091835347700833,50
670700,-16.089687214970198,50
670750,-15.889896280770861,50
670800,-16.394608006401235,50
670850,-1.533183037969267,50
670900,-17.987760519055325,50
670950,-7.090123633007694,50
671000,-6.729128431207953,50
671050,-7.90296673373314,50
671100,-15.338157242322644,50
671150,-13.365882950351647,50
671200,-6.23168645760934,50
671250,-13.994837394059823,50
671300,-2.7691556728557214,50
671350,-12.414080368504695,50
671400,-13.691909285502323,50
671450,-2.3562426397553438,50
671500,-10.534013794175333,50
671550,-3.0755142797927455,50
671600,-3.6925960827719826,50
671650,-16.257091144338467,50
671700,-7.591687879773263,50
671750,-3.2776145297812516,50
671800,-3.0444624620543266,50
671850,-3.4714262190282312,50
671900,-14.845732898362668,50
671950,-17.6180937126006,50
672000,-4.744758584946966,50
672050,-4.35734058920697,50
672100,-14.071258011997084,50
672150,-4.049752623690939,50
672200,-16.935164660646894,50
672250,-2.820897232233999,50
672300,-8.519522488312777,50
672350,-3.6403848145024424,50
672400,-3.776519816742543,50
672450,-11.421724211826332,50
672500,-2.848122469003921,50
672550,-2.4242066945048957,50
672600,-14.453580887219283,50
672650,-6.682580338713133,50
672700,-8.83403493416356,50
672750,-4.430851829451133,50
672800,-3.0843045213252767,50
672850,-2.527947159210224,50
672900,-11.131566722909179,50
672950,-2.5866533365276463,50
673000,-12.60246470514143,50
673050,-4.4786823492838135,50
673100,-6.139742187773101,50
673150,-11.2677290481071,50
673200,-2.28598311835217,50
673250,-5.254350150743273,50
673300,-3.0035188385732954,50
673350,-2.5358094699784064,50
673400,-7.644519864499048,50
673450,-2.3016987305739613,50
673500,-3.2715701578839256,50
673550,-10.785103943368018,50
673600,-13.515208471071176,50
673650,-7.63509430505957,50
673700,-6.478164710311089,50
673750,-2.4467826676703006,50
673800,-12.872294774723446,50
673850,-9.747092047687557,50
673900,-3.9111474259488745,50
673950,-4.321237354726134,50
674000,-2.1327890233389977,50
674050,-10.673738926176233,50
674100,-15.369086628050821,50
674150,-12.223188952399328,50
674200,-17.79782319461672,50
674250,-10.675526080810933,50
674300,-3.8187415679758656,50
674350,-9.314801240791134,50
674400,-6.640586240251755,50
674450,-6.584727052005155,50
674500,-19.392909981134455,50
674550,-7.233513499612872,50
674600,-9.678733787841207,50
674650,-4.250470368433938,50
674700,-1.8566750241721501,50
674750,-8.622436572950498,50
674800,-13.603515688496756,50
674850,-3.0636393899146444,50
674900,-5.697289867765578,50
674950,-12.96575437726125,50
675000,-4.532825713599777,50
675050,-4.827407938396343,50
675100,-9.469933055475828,50
675150,-13.65813996435764,50
675200,-12.945848862476323,50
675250,-13.343999791868422,50
675300,-12.594038431507053,50
675350,-2.3022896637236028,50
675400,-5.142805342018409,50
675450,-11.075570650016891,50
675500,-4.534904803858616,50
675550,-5.1532123919904524,50
675600,-8.662294725721623,50
675650,-6.3072515741248845,50
675700,-17.409971233062613,50
675750,-5.245500483716702,50
675800,-4.197408499811313,50
675850,-11.109767841117254,50
675900,-14.410472210260892,50
675950,-14.418383477088868,50
676000,-13.445284329123382,50
676050,-5.828002924175766,50
676100,-10.98418434845591,50
676150,-3.338467986422198,50
676200,-5.357875042490098,50
676250,-4.771372941398878,50
676300,-14.480197603331847,50
676350,-3.1197128027670447,50
676400,-6.067180786813595,50
676450,-2.115158178617133,50
676500,-2.682130103340578,50
676550,-15.829758275041067,50
676600,-17.783410758741915,50
676650,-12.16329243659165,50
676700,-1.8661141539461439,50
676750,-20.533820466535264,50
676800,-10.93418319415131,50
676850,-8.439230690693,50
676900,-7.863492672042174,50
676950,-3.3635533643804396,50
677000,-1.3452915632036573,50
677050,-12.319998228462648,50
677100,-19.40477150421827,50
677150,-18.50971910195492,50
677200,-9.696116618805764,50
677250,-8.415913239902293,50
677300,-12.198596030438067,50
677350,-6.083739718658501,50
677400,-14.000486749442763,50
677450,-3.3515256791557175,50
677500,-14.757782065307326,50
677550,-1.3279100804525616,50
677600,-3.5704484463892747,50
677650,-15.961377400031438,50
677700,-13.579317209955326,50
677750,-9.128295695557805,50
677800,-18.66853886277354,50
677850,-11.24943108659629,50
677900,-4.883153830633478,50
677950,-14.09285088568461,50
678000,-14.000521378176142,50
678050,-10.513484277640218,50
678100,-12.31878671523414,50
678150,-16.805772351730525,50
678200,-3.1906898587335677,50
678250,-7.582931270469979,50
678300,-15.634909031562653,50
678350,-19.909579489432932,50
678400,-14.563970348325777,50
678450,-7.071712572760882,50
678500,-3.6872337133837556,50
678550,-2.2259303220617794,50
678600,-19.884310208012323,50
678650,-7.663739476719895,50
678700,-7.5040829045585395,50
678750,-15.607383513863573,50
678800,-6.684958470100774,50
678850,-11.50181895471398,50
678900,-10.105731892723288,50
678950,-5.788828410645869,50
679000,-7.807064080567572,50
679050,-3.7506176164318084,50
679100,-4.74189070564065,50
679150,-9.59693710615292,50
679200,-2.2671753389550307,50
679250,-11.184684030614793,50
679300,-1.6834824117786487,50
679350,-9.122393299636396,50
679400,-3.7556084841329964,50
679450,-4.403518203878788,50
679500,-2.394395355134758,50
679550,-2.7060916972355806,50
679600,-11.128663705247325,50
679650,-11.924072948244275,50
679700,-3.267015238961056,50
679750,-10.488179696472123,50
679800,-9.291309291848616,50
679850,-11.410226264557782,50
679900,-1.8713612121728613,50
679950,-14.24223765509151,50
680000,-14.312520389266712,50
680050,-11.860174360484159,50
680100,-13.653983147907162,50
680150,-7.8137052090152,50
680200,-4.391951587689277,50
680250,-13.952683626984506,50
680300,-3.068497473338274,50
680350,-5.957681495137022,50
680400,-10.056779127152547,50
680450,-11.925405074814535,50
680500,-13.640793560821006,50
680550,-3.400737975987886,50
680600,-4.05966381210843,50
680650,-17.83510427259778,50
680700,-17.045813135598358,50
680750,-2.5274991978533734,50
680800,-13.396282207468497,50
680850,-7.3693314918119865,50
680900,-17.656780141722596,50
680950,-11.176492024621052,50
681000,-15.023048905339383,50
681050,-7.79785824127931,50
681100,-5.0465191973786405,50
681150,-13.559585168214607,50
681200,-17.8093823559003,50
681250,-2.6026172023909933,50
681300,-5.915827138262762,50
681350,-8.472094480398502,50
681400,-20.46145444577756,50
681450,-8.88083176774969,50
681500,-13.554652418155008,50
681550,-12.934778660419678,50
681600,-14.887108081182793,50
681650,-14.941437478387746,50
681700,-5.34433524514899,50
681750,-4.631202677195665,50
681800,-4.397196883474561,50
681850,-16.372074913982864,50
681900,-2.678181212307581,50
681950,-8.347052594241521,50
682000,-11.260503892486831,50
682050,-2.2398136561447775,50
682100,-4.006002908755215,50
682150,-14.750056982842576,50
682200,-1.6847489292704245,50
682250,-14.226850455268643,50
682300,-2.155799076277222,50
682350,-7.639208860549183,50
682400,-4.600952801690297,50
682450,-3.0230865378274396,50
682500,-2.4974045283328623,50
682550,-3.2516987984727317,50
682600,-9.178598010922176,50
682650,-1.601362185564445,50
682700,-6.2717337487728715,50
682750,-17.165978529006036,50
682800,-15.107742091110985,50
682850,-1.9194522979162114,50
682900,-19.62384049108176,50
682950,-15.154131361983993,50
683000,-5.046048890663369,50
683050,-2.050851613345972,50
683100,-6.212724209350987,50
683150,-8.418736479440124,50
683200,-2.004012752694298,50
683250,-5.336736051096514,50
683300,-16.666410407034345,50
683350,-5.68969623412682,50
683400,-17.45925403939024,50
683450,-16.396998609505435,50
683500,-2.3800277944095973,50
683550,-2.4706661267953725,50
683600,-3.7600092625217894,50
683650,-15.109151064438572,50
683700,-3.3959124697858485,50
683750,-2.9292254603821055,50
683800,-10.799646304097532,50
683850,-5.858486800655857,50
683900,-16.487017113892684,50
683950,-17.8488603472179,50
684000,-6.579734901345403,50
684050,-11.77577656749334,50
684100,-10.435573982438024,50
684150,-4.510559485015234,50
684200,-6.681642998616804,50
684250,-3.3313158836018597,50
684300,-18.207736198569272,50
684350,-9.646989952168548,50
684400,-4.712511925331621,50
684450,-5.472617402793935,50
684500,-4.770556690562337,50
684550,-13.085562436031253,50
684600,-13.810050346378803,50
684650,-3.0833225713615873,50
684700,-2.5105968620184633,50
684750,-4.915611112718715,50
684800,-13.215837826435568,50
684850,-3.443456711107426,50
684900,-10.111431607605217,50
684950,-3.663297633610909,50
685000,-3.630697678500378,50
685050,-8.859827435321789,50
685100,-20.222297251451245,50
685150,-17.427264620123943,50
685200,-9.11729813728849,50
685250,-0.8650164141835269,50
685300,-7.138132996160348,50
685350,-6.094859937947144,50
685400,-3.4616007672400015,50
685450,-12.232468199696656,50
685500,-3.354887390558924,50
685550,-13.609832176129895,50
685600,-14.77718402897281,50
685650,-8.58599124321304,50
685700,-19.953750288296053,50
685750,-9.408338311833521,50
685800,-4.475320699463322,50
685850,-16.89811394813078,50
685900,-2.8405630498435754,50
685950,-10.348882094900508,50
686000,-7.708017917535095,50
686050,-19.634960720619734,50
686100,-9.199194388252524,50
686150,-16.156537853610654,50
686200,-8.397328707090859,50
686250,-4.801121748381829,50
686300,-8.580059121381474,50
686350,-3.8589905385285994,50
686400,-3.533824035962766,50
686450,-7.7276790637782184,50
686500,-13.351305603146105,50
686550,-2.276752482202267,50
686600,-13.271619465141049,50
686650,-16.45962811289278,50
686700,-4.075425841085607,50
686750,-14.365118588676987,50
686800,-3.235341464335279,50
686850,-18.46586488701899,50
686900,-2.8670116530778293,50
686950,-9.042890205856244,50
687000,-4.226498456414069,50
687050,-17.266191965554672,50
687100,-9.364054395551527,50
687150,-3.4861743192152326,50
687200,-15.489835118157652,50
687250,-6.306355881070134,50
687300,-1.3842692160723367,50
687350,-12.164532267267836,50
687400,-4.441158158834735,50
687450,-10.140088836235355,50
687500,-4.955042581855791,50
687550,-3.420315729818371,50
687600,-10.871065799897005,50
687650,-5.051773796356113,50
687700,-13.638618288546446,50
687750,-12.949803233255734,50
687800,-9.9463007664043,50
687850,-4.359012780128546,50
687900,-6.156166217998498,50
687950,-17.77340012249523,50
688000,-3.3273303023671814,50
688050,-8.316018894491123,50
688100,-7.8214963830506,50
688150,-9.7586525016216,50
688200,-5.816904900315559,50
688250,-4.495756426216954,50
688300,-17.33132458024808,50
688350,-2.0793885638794785,50
688400,-17.816178608088926,50
688450,-4.8689033957791255,50
688500,-3.699700286496107,50
688550,-17.446464145511793,50
688600,-11.091590968404004,50
688650,-12.49620382004409,50
688700,-7.436629948300827,50
688750,-2.003979050985097,50
688800,-8.903450577965904,50
688850,-2.779079705512232,50
688900,-13.59494369975357,50
688950,-19.282487340780662,50
689000,-2.8867325591466146,50
689050,-6.08397525577597,50
689100,-6.744051092807236,50
689150,-5.846299044061204,50
689200,-3.4542870044938034,50
689250,-6.5147379919663475,50
689300,-14.890022892549004,50
689350,-5.997602832331463,50
689400,-5.676238743703751,50
689450,-3.4942654551866403,50
689500,-1.4203166305814543,50
689550,-5.014727740773118,50
689600,-7.080718991963779,50
689650,-14.500416541025702,50
689700,-16.223016765841116,50
689750,-1.9938296168255332,50
689800,-6.9293198380016685,50
689850,-12.24229649177239,50
689900,-11.48483208441596,50
689950,-2.594959217979618,50
690000,-17.376016499737343,50
690050,-17.300792705050533,50
690100,-11.348427723534536,50
690150,-2.6955030415346797,50
690200,-3.2535205961105715,50
690250,-2.823730388166833,50
690300,-15.530408628486171,50
690350,-1.583264107109964,50
690400,-14.388754350924188,50
690450,-16.429537702477894,50
690500,-14.056597453203945,50
690550,-10.149299975722245,50
690600,-11.493007706643498,50
690650,-6.850084333098102,50
690700,-10.806462461826502,50
690750,-8.596864515531708,50
690800,-8.083817071134984,50
690850,-17.276478552356057,50
690900,-1.8426804214029502,50
690950,-19.818961513859986,50
691000,-8.259373688345233,50
691050,-5.137679645331826,50
691100,-19.963613313092882,50
691150,-8.143382167297109,50
691200,-5.099110874112621,50
691250,-3.030219970944848,50
691300,-9.703342160269957,50
691350,-9.581119224328393,50
691400,-4.493741466725913,50
691450,-3.299603522776778,50
691500,-11.841782885521372,50
691550,-2.333404531615036,50
691600,-4.470125683528124,50
691650,-2.057292045727432,50
691700,-3.465381829977403,50
691750,-8.356722643056248,50
691800,-2.326104463475395,50
691850,-8.412060577421187,50
691900,-12.816332687483683,50
691950,-6.419724788294309,50
692000,-3.031717389917087,50
692050,-3.3883025241858626,50
692100,-19.828603079801354,50
692150,-3.0821488467062,50
692200,-9.36597937615487,50
692250,-6.0415548646624835,50
692300,-2.277494721031022,50
692350,-8.594875522467207,50
692400,-8.373938316411985,50
692450,-4.605826296785072,50
692500,-6.178317286158312,50
692550,-14.655242455545368,50
692600,-18.707290799158347,50
692650,-14.811707563488913,50
692700,-8.265041045083422,50
692750,-15.808717655300013,50
692800,-15.321462752391563,50
692850,-4.729638164445205,50
692900,-3.8859927542242763,50
692950,-15.831246300165121,50
693000,-1.6415271718485376,50
693050,-6.779560663293422,50
693100,-11.579498208231563,50
693150,-13.094913251083618,50
693200,-7.019572549659593,50
693250,-4.141233548694733,50
693300,-4.334802016478134,50
693350,-4.281600298992035,50
693400,-14.20247672872557,50
693450,-8.992755542797104,50
693500,-12.745165537887186,50
693550,-15.466478208544197,50
693600,-4.257770476499697,50
693650,-15.467157728269916,50
693700,-7.703900431507647,50
693750,-5.202494958034297,50
693800,-8.725725696271429,50
693850,-13.857984996922742,50
693900,-6.1955709538018,50
693950,-13.208027450413221,50
694000,-5.881396696586639,50
694050,-11.601362959522545,50
694100,-21.529399765112473,50
694150,-12.786864990726665,50
694200,-11.856268722817351,50
694250,-1.8118328734979268,50
694300,-12.884552372888496,50
694350,-14.4448799032804,50
694400,-14.681358283808697,50
694450,-3.370361604241955,50
694500,-3.5031196940946208,50
694550,-15.595765620978513,50
694600,-5.512188212198895,50
694650,-1.3045338065680836,50
694700,-16.11465915533014,50
694750,-8.079085005916555,50
694800,-19.355603755105978,50
694850,-5.861687718737625,50
694900,-11.141060982752991,50
694950,-5.936789575641941,50
695000,-7.892995970118108,50
695050,-13.153500468390448,50
695100,-8.915425747945166,50
695150,-15.975158875669964,50
695200,-11.700483577014293,50
695250,-3.216307338547493,50
695300,-20.009981656598498,50
695350,-9.701290191825194,50
695400,-5.377503896689883,50
695450,-7.7497533334442075,50
695500,-3.612939940927395,50
695550,-18.377968557653553,50
695600,-9.726643456476909,50
695650,-6.546278323912635,50
695700,-12.801467988808472,50
695750,-21.718501199145546,50
695800,-7.629035378022598,50
695850,-7.9947792244964555,50
695900,-15.066283988075266,50
695950,-15.73568224024323,50
696000,-8.751468238916477,50
696050,-4.192219257114487,50
696100,-2.045131168710232,50
696150,-5.040161087870649,50
696200,-7.843045016833622,50
696250,-15.383628425008203,50
696300,-6.612003588019596,50
696350,-13.616643179442894,50
696400,-5.351110115717811,50
696450,-1.2542806686716466,50
696500,-3.0199540559142197,50
696550,-6.92526994034822,50
696600,-4.300737742107137,50
696650,-1.760516379150445,50
696700,-1.8261175589137073,50
696750,-4.336815313759472,50
696800,-5.376705419690907,50
696850,-14.34707594724751,50
696900,-10.824874984903314,50
696950,-5.161754136558028,50
697000,-4.700778332571548,50
697050,-16.297322087450308,50
697100,-7.607201172382347,50
697150,-7.9082399298061725,50
697200,-4.279619490732446,50
697250,-6.45409865747979,50
697300,-4.569601909594402,50
697350,-2.6368292350906213,50
697400,-7.445706722984558,50
697450,-9.947717167904576,50
697500,-17.794369129651525,50
697550,-17.213331099307805,50
697600,-5.358168586589756,50
697650,-4.305704615908756,50
697700,-3.2787567373213498,50
697750,-6.097965311488987,50
697800,-9.21298654192455,50
697850,-9.294837920283554,50
697900,-1.8177831539005695,50
697950,-9.16656506998783,50
698000,-2.207106105103219,50
698050,-2.3187562483684325,50
698100,-1.9114018630899856,50
698150,-3.188033353390474,50
698200,-2.7643944990762748,50
698250,-1.9119715563367659,50
698300,-8.009885610428695,50
698350,-8.354506518848103,50
698400,-4.786429120540832,50
698450,-10.241438515696395,50
698500,-19.42578825407674,50
698550,-6.252509372803155,50
698600,-17.58430406274825,50
698650,-12.80757917590115,50
698700,-17.64688094130267,50
698750,-4.145033204333505,50
698800,-16.1789704861982,50
698850,-10.272055266871117,50
698900,-14.535037767496089,50
698950,-2.031641022200485,50
699000,-3.2219526576674555,50
699050,-5.260587801572753,50
699100,-5.034272294476053,50
699150,-2.835499829032746,50
699200,-10.004097255951349,50
699250,-5.1315762516828185,50
699300,-2.4829600312204247,50
699350,-16.50035768808789,50
699400,-3.029263749039834,50
699450,-3.1092168437976477,50
699500,-6.904979435997896,50
699550,-5.568766467822936,50
699600,-12.574988063199957,50
699650,-11.444484976917877,50
699700,-4.711574466440931,50
699750,-11.005680211252153,50
699800,-4.9863666302168825,50
699850,-10.353602114742884,50
699900,-19.759390635547675,50
699950,-3.695012021345239,50
700000,-13.11103131350841,50
700050,-3.3791483049009763,50
700100,-4.045326096268144,50
700150,-3.7819160829104033,50
700200,-4.010737856098657,50
700250,-8.26371895682219,50
700300,-17.630785990328732,50
700350,-19.382528106559004,50
700400,-5.358968357903879,50
700450,-3.2790751343605904,50
700500,-13.752379087895287,50
700550,-4.0664076668238796,50
700600,-14.584420802651717,50
700650,-18.33246485439707,50
700700,-12.96716101191295,50
700750,-11.149216507437165,50
700800,-3.0264565183366305,50
700850,-15.331428063032496,50
700900,-4.000302484449037,50
700950,-15.804182509802144,50
701000,-3.943941069782401,50
701050,-13.248361439827992,50
701100,-6.047850799868855,50
701150,-9.66714723321792,50
701200,-8.507381996023174,50
701250,-4.114566029277061,50
701300,-8.771198792681789,50
701350,-16.64384206032877,50
701400,-12.71497128966,50
701450,-5.695443354741649,50
701500,-17.00235893865456,50
701550,-4.849364900039517,50
701600,-2.4723431953513675,50
701650,-17.103348024559605,50
701700,-10.065532286249283,50
701750,-2.11882292323052,50
701800,-1.9980178716004318,50
701850,-11.712475930271802,50
701900,-10.441492475153412,50
701950,-3.9867542025127207,50
702000,-4.589098366911431,50
702050,-20.12378422377484,50
702100,-19.891714107008656,50
702150,-2.5009090083620067,50
702200,-2.999647078579474,50
702250,-1.6730004835089292,50
702300,-13.12836606871319,50
702350,-16.69788198721715,50
702400,-15.572892498396023,50
702450,-14.499801532498202,50
702500,-4.446378432786332,50
702550,-7.409551592309107,50
702600,-1.1272929739599182,50
702650,-2.84855457024393,50
702700,-12.417261206847664,50
702750,-15.904623153923799,50
702800,-2.3824043286654684,50
702850,-4.486377128845293,50
702900,-5.086335186556834,50
702950,-4.209565386868907,50
703000,-17.831771120713945,50
703050,-3.8293327402609507,50
703100,-13.861318033323949,50
703150,-13.278631249479584,50
703200,-2.651768808361481,50
703250,-5.4867776756383035,50
703300,-3.7408527582004854,50
703350,-14.134104653651091,50
703400,-9.015853985099435,50
703450,-4.343538502591321,50
703500,-16.440842167904506,50
703550,-10.36902357046128,50
703600,-6.050739323939851,50
703650,-2.528656308931105,50
703700,-13.566838951915713,50
703750,-1.1523477026593145,50
703800,-13.611619235573164,50
703850,-8.496027451988283,50
703900,-6.912438219029364,50
703950,-12.49242711163384,50
704000,-3.6833667448725507,50
704050,-2.2701841181314424,50
704100,-6.851482361850136,50
704150,-17.93094027642446,50
704200,-17.007542448377727,50
704250,-4.736288421563954,50
704300,-1.9787089024731728,50
704350,-12.631699177491656,50
704400,-4.073979137240243,50
704450,-9.958346272769825,50
704500,-8.623070366813304,50
704550,-11.316604482320322,50
704600,-14.985324850790574,50
704650,-8.564231835752038,50
704700,-2.836390726547292,50
704750,-4.7121710991890495,50
704800,-17.858507836707346,50
704850,-8.28835888024693,50
704900,-3.1790595613365094,50
704950,-16.369132625078713,50
705000,-6.984968042318911,50
705050,-2.2312432794405295,50
705100,-9.076008370660285,50
705150,-12.847377844915048,50
705200,-2.436797124319301,50
705250,-14.325209875650893,50
705300,-12.785400791981761,50
705350,-4.383922224594889,50
705400,-12.045147350703996,50
705450,-9.983847982472032,50
705500,-12.763681170806699,50
705550,-5.203597624479354,50
705600,-4.257570033891109,50
705650,-3.9270622305742124,50
705700,-3.5283721255191374,50
705750,-9.484137277127724,50
705800,-3.2659449972142016,50
705850,-4.378601401989518,50
705900,-1.5034386118161618,50
705950,-8.903770178828236,50
706000,-16.925409231684977,50
706050,-7.953588436070548,50
706100,-1.654983806364811,50
706150,-2.057444353875518,50
706200,-8.209419320022974,50
706250,-13.0436824593363,50
706300,-4.631209712505146,50
706350,-4.627324118070476,50
706400,-2.0201945579866245,50
706450,-3.0477573084024216,50
706500,-12.922604988762446,50
706550,-16.978440698341466,50
706600,-4.494707935654963,50
706650,-18.033620226014495,50
706700,-13.233030520270656,50
706750,-6.095388363952126,50
706800,-2.4531248801163943,50
706850,-8.054624080253422,50
706900,-4.592534512377971,50
706950,-4.377359243422341,50
707000,-14.27456115428336,50
707050,-5.990792741152429,50
707100,-17.355715698952498,50
707150,-6.243832626808729,50
707200,-16.21097754381077,50
707250,-9.252412595847444,50
707300,-17.738156182316015,50
707350,-16.735780966656186,50
707400,-4.365209460828,50
707450,-2.245779865182845,50
707500,-9.714198660734372,50
707550,-10.932193090845885,50
707600,-9.5099830959955,50
707650,-4.390305868971762,50
707700,-11.340330042631043,50
707750,-3.7569609134186925,50
707800,-13.660031329846321,50
707850,-7.102947012811577,50
707900,-5.1130385694750675,50
707950,-21.451209319376705,50
708000,-18.718049852178464,50
708050,-12.088227328569012,50
708100,-4.6941306738625235,50
708150,-2.9581082054857566,50
708200,-10.599219330306324,50
708250,-17.175910613712354,50
708300,-20.041683362232988,50
708350,-20.143161912461803,50
708400,-11.037182358258317,50
708450,-14.413194706890932,50
708500,-4.086360828098058,50
708550,-8.010726151869598,50
708600,-2.316038698531327,50
708650,-8.789393391100287,50
708700,-10.673319445548374,50
708750,-4.113007104320755,50
708800,-20.818404613959533,50
708850,-4.9906087825481755,50
708900,-10.790368278250108,50
708950,-9.821687153640235,50
709000,-14.466949775955134,50
709050,-0.9495412922466744,50
709100,-16.306401300275844,50
709150,-10.146419774098547,50
709200,-12.937281734937763,50
709250,-1.5811685379936438,50
709300,-0.8719881250975479,50
709350,-2.245207663728198,50
709400,-14.858521601966531,50
709450,-14.80313973127308,50
709500,-3.4177963524477,50
709550,-11.016455925528817,50
709600,-20.60921121317517,50
709650,-4.039649534757097,50
709700,-4.2886084030474425,50
709750,-13.649161721777634,50
709800,-5.27381684871972,50
709850,-20.485598527941946,50
709900,-3.2404263723430464,50
709950,-3.145728883079664,50
710000,-12.612931567285212,50
710050,-3.661169000685834,50
710100,-3.5150140737688567,50
710150,-12.232554621745159,50
710200,-6.254870478907119,50
710250,-1.6365176241063892,50
710300,-14.169274355469417,50
710350,-10.00377617017365,50
710400,-3.443843696512277,50
710450,-15.709761756827865,50
710500,-18.05867718336666,50
710550,-4.940743499573439,50
710600,-15.838808845837416,50
710650,-15.688319306634078,50
710700,-15.247683336282648,50
710750,-14.919107644233119,50
710800,-2.278577277881755,50
710850,-4.428802773936192,50
710900,-13.245225769207757,50
710950,-4.055982568485318,50
711000,-3.3631623788773077,50
711050,-17.103717382047886,50
711100,-5.040581622489695,50
711150,-9.150469071062783,50
711200,-13.397296625752475,50
711250,-15.146494343611273,50
711300,-1.5498963783690742,50
711350,-14.268594619995397,50
711400,-10.568477150653113,50
711450,-5.3893979444013995,50
711500,-3.055216066142081,50
711550,-17.58923291845179,50
711600,-4.260686057280186,50
711650,-1.7228108600109024,50
711700,-3.7568765853259616,50
711750,-5.835022837615046,50
711800,-11.931445635863726,50
711850,-3.7065510957055485,50
711900,-5.444444666254722,50
711950,-8.222155278408872,50
712000,-5.545336691140626,50
712050,-15.271980609173312,50
712100,-9.976345701605165,50
712150,-18.445325024344854,50
712200,-11.243801292183454,50
712250,-12.59517023353994,50
712300,-19.736527025083863,50
712350,-9.653524930507327,50
712400,-6.577877542020398,50
712450,-11.858420263735873,50
712500,-3.407259411018298,50
712550,-4.704737487330674,50
712600,-4.9188982334393305,50
712650,-12.941031391335862,50
712700,-3.7198837845272945,50
712750,-5.495966360663074,50
712800,-13.816638953118057,50
712850,-15.2962015065772,50
712900,-12.085132179378537,50
712950,-7.75052597190037,50
713000,-18.755015362238584,50
713050,-21.220615283790057,50
713100,-8.600678784941993,50
713150,-5.26753047520772,50
713200,-10.500865227285784,50
713250,-18.597185431026606,50
713300,-18.623838972294045,50
713350,-5.677307332594299,50
713400,-17.971247880726676,50
713450,-8.103995628395397,50
713500,-15.543692256484618,50
713550,-3.771755000236176,50
713600,-13.157463893864026,50
713650,-4.33536754815012,50
713700,-17.529630638307864,50
713750,-14.092068747177823,50
713800,-5.071274207327141,50
713850,-18.6694808323476,50
713900,-14.675593031732117,50
713950,-5.948993346061812,50
714000,-4.6484887349732515,50
714050,-0.9702181235836158,50
714100,-3.4524498472245586,50
714150,-5.536557496993118,50
714200,-5.294382991787705,50
714250,-3.1506255166489248,50
714300,-3.635707811281826,50
714350,-19.72617521348753,50
714400,-4.617545678694839,50
714450,-17.31100334307778,50
714500,-8.533382738257181,50
714550,-5.543162353712985,50
714600,-14.43773906719447,50
714650,-7.489103979594241,50
714700,-8.419386380398475,50
714750,-7.905352979175348,50
714800,-17.528645884245933,50
714850,-5.5241732640653805,50
714900,-7.74503975676905,50
714950,-12.635470374602388,50
715000,-13.082823537471107,50
715050,-5.614296928287899,50
715100,-3.7781368869714806,50
715150,-4.819985846920213,50
715200,-5.972702184162914,50
715250,-3.894121922533349,50
715300,-10.182516546781267,50
715350,-7.579501707603349,50
715400,-3.708848044874414,50
715450,-10.692150980782587,50
715500,-15.690518786863986,50
715550,-7.896493966660038,50
715600,-2.622461451013426,50
715650,-5.567341094882804,50
715700,-11.441074201356763,50
715750,-3.0034412084392668,50
715800,-2.0867730933361717,50
715850,-5.8498164482958455,50
715900,-8.209703123536647,50
715950,-4.159769857330122,50
716000,-2.4859783208275976,50
716050,-9.873782952706318,50
716100,-11.336154840870195,50
716150,-3.1569267311461924,50
716200,-8.853404594848438,50
716250,-1.474864848731377,50
716300,-5.01273091256162,50
716350,-18.069223529338156,50
716400,-15.690532285127897,50
716450,-4.542068640848207,50
716500,-11.593933824277372,50
716550,-7.4873443571817475,50
716600,-10.322366507581396,50
716650,-13.547670599975802,50
716700,-17.751230208683353,50
716750,-14.792280439380848,50
716800,-14.710139675158313,50
716850,-2.4953684347820606,50
716900,-2.776861898200071,50
716950,-16.36936453850304,50
717000,-14.056683336485726,50
717050,-12.936035260922171,50
717100,-10.68259440672347,50
717150,-17.605102840427993,50
717200,-5.071539448584558,50
717250,-9.315086900900134,50
717300,-3.876871724228108,50
717350,-2.176841977602263,50
717400,-5.07525327713758,50
717450,-12.040972716525756,50
717500,-4.448742903019614,50
717550,-12.564547160648342,50
717600,-1.18378862919604,50
717650,-11.748534960483438,50
717700,-14.906876725740098,50
717750,-2.376519789260855,50
717800,-9.060995081333148,50
717850,-4.499418802451752,50
717900,-6.39521757081856,50
717950,-14.673013712948832,50
718000,-7.200701329716391,50
718050,-4.906805088603704,50
718100,-4.566359094332279,50
718150,-16.952165933860268,50
718200,-4.518779218480654,50
718250,-15.638470522128166,50
718300,-12.719461914129697,50
718350,-16.52619348359439,50
718400,-18.447282893455274,50
718450,-5.11088376416162,50
718500,-3.159419580898752,50
718550,-3.869916629557188,50
718600,-9.537748681985256,50
718650,-0.8289569478030083,50
718700,-3.3637558987767173,50
718750,-4.501960781822791,50
718800,-19.52480484876971,50
718850,-12.766633869527658,50
718900,-8.937899159979374,50
718950,-16.901718737632994,50
719000,-4.117092687358816,50
719050,-2.6746692087157498,50
719100,-3.8866235197108816,50
719150,-1.763679345924583,50
719200,-9.49330243329857,50
719250,-2.863876153959117,50
719300,-17.8800760491092,50
719350,-14.536373691539298,50
719400,-19.174320148835793,50
719450,-8.056858280136408,50
719500,-21.21216217743758,50
719550,-3.871435001799489,50
719600,-2.0883304116526533,50
719650,-7.365536994176488,50
719700,-11.413556910502336,50
719750,-13.712487676388086,50
719800,-5.552732265691326,50
719850,-11.879700294552414,50
719900,-13.223694479921951,50
719950,-4.722689500301825,50
720000,-16.51211407052938,50
720050,-16.167610892826442,50
720100,-14.21012483402563,50
720150,-14.948593675629859,50
720200,-13.055260949870082,50
720250,-14.49261420641965,50
720300,-7.09538568391353,50
720350,-17.91771726155691,50
720400,-8.526697364774352,50
720450,-7.919217581046709,50
720500,-11.161801215228365,50
720550,-5.517866300573252,50
720600,-14.442280516509896,50
720650,-4.282115698931735,50
720700,-6.187962598396829,50
720750,-3.0385318874428577,50
720800,-19.97115935600139,50
720850,-15.817249085920764,50
720900,-15.453881808196922,50
720950,-19.01713050978002,50
721000,-2.119095446243331,50
721050,-6.354924525431469,50
721100,-17.001081021859772,50
721150,-7.985130298278035,50
721200,-19.49486785001372,50
721250,-18.533201279918195,50
721300,-3.9042806680634285,50
721350,-2.5509648746168923,50
721400,-2.6055489388937536,50
721450,-1.9936036193341518,50
721500,-4.821631988942021,50
721550,-20.01274369622624,50
721600,-15.789495859852009,50
721650,-5.24558464522743,50
721700,-4.0079539643171715,50
721750,-3.394870630971729,50
721800,-4.921949249985078,50
721850,-3.482138176344255,50
721900,-12.840729087487405,50
721950,-2.18991037066919,50
722000,-7.568273563573412,50
722050,-2.8230184103861085,50
722100,-18.01173167012259,50
722150,-2.124304076548634,50
722200,-1.7408673626481466,50
722250,-13.296257287820474,50
722300,-8.349489915877713,50
722350,-8.854520174944026,50
722400,-2.62705987338594,50
722450,-15.970929586793835,50
722500,-3.504354811431662,50
722550,-20.498846713715817,50
722600,-4.317711287530914,50
722650,-7.088119828264817,50
722700,-7.050317190778155,50
722750,-3.421562501108625,50
722800,-3.984560917019382,50
722850,-7.838285490262448,50
722900,-2.812876097138914,50
722950,-11.004961271764538,50
723000,-2.0253693789732083,50
723050,-7.497781713007359,50
723100,-4.416739383275177,50
723150,-2.7052799387474598,50
723200,-11.577787743735005,50
723250,-4.36767698633087,50
723300,-11.574340869117096,50
723350,-11.919182768345209,50
723400,-18.17348080244178,50
723450,-13.639187737262564,50
723500,-6.849724165162547,50
723550,-3.605495255224266,50
723600,-2.192229624863598,50
723650,-6.932469010921877,50
723700,-2.788235569498608,50
723750,-2.6626431134984427,50
723800,-1.4050709654318294,50
723850,-2.2050122751193006,50
723900,-3.4159773122928696,50
723950,-2.455517180075341,50
724000,-11.80403891376974,50
724050,-3.377614553905553,50
724100,-13.851205892624765,50
724150,-12.170459778669766,50
724200,-16.382013632670127,50
724250,-14.831359083945209,50
724300,-2.7929037006901476,50
724350,-8.04728810184904,50
724400,-2.4232978458999455,50
724450,-12.430871113109468,50
724500,-10.180770443510019,50
724550,-4.9683301691215105,50
724600,-9.071430134146347,50
724650,-8.695657270501851,50
724700,-4.993100457171164,50
724750,-12.56551961257315,50
724800,-5.90855085600755,50
724850,-3.492983210480716,50
724900,-10.379001989872727,50
724950,-5.884498647183208,50
725000,-4.047450178386949,50
725050,-4.181406954384058,50
725100,-2.9795542634601793,50
725150,-16.33561937237213,50
725200,-5.683462453043914,50
725250,-11.373623948973545,50
725300,-3.721551705279987,50
725350,-2.558809330364563,50
725400,-15.122080369274133,50
725450,-10.2583920282482,50
725500,-2.4046361139803656,50
725550,-6.539223157797706,50
725600,-3.807472207767451,50
725650,-19.146621750134898,50
725700,-5.370996937651404,50
725750,-6.966897350344145,50
725800,-17.904823383630397,50
725850,-4.703465832421106,50
725900,-2.1328427234139418,50
725950,-1.8392152082922482,50
726000,-5.932103166286034,50
726050,-9.349458909754814,50
726100,-11.9509659076903,50
726150,-11.236567762062942,50
726200,-5.396158978845408,50
726250,-18.102470573175577,50
726300,-3.0017550345778425,50
726350,-8.613625780977792,50
726400,-1.9186527754844582,50
726450,-16.63461106522451,50
726500,-11.575298697436349,50
726550,-5.501484554222398,50
726600,-16.93128024886151,50
726650,-18.667260131988442,50
726700,-3.175166706367277,50
726750,-4.77898851176322,50
726800,-3.650390258487189,50
726850,-10.93254797955385,50
726900,-7.2597614846364005,50
726950,-2.6935050699884084,50
727000,-2.8779620770622274,50
727050,-11.301674289709958,50
727100,-7.182419340362822,50
727150,-14.378453146061588,50
727200,-14.408224753580878,50
727250,-3.2608618231127093,50
727300,-4.289346216417285,50
727350,-2.0626064874158483,50
727400,-10.523999096455102,50
727450,-12.121428217498869,50
727500,-3.052728158961812,50
727550,-3.6968820323849347,50
727600,-4.281235722464391,50
727650,-0.9137140581416023,50
727700,-2.928469412338599,50
727750,-8.72659929793672,50
727800,-18.018113629420583,50
727850,-1.7632665464406772,50
727900,-13.483674010860877,50
727950,-16.10730086344527,50
728000,-14.967389696216037,50
728050,-4.607700084604633,50
728100,-16.05011486086183,50
728150,-6.968391075051322,50
728200,-8.086816046602827,50
728250,-8.507260117183929,50
728300,-17.886432255343678,50
728350,-5.913324407740201,50
728400,-12.485194111490276,50
728450,-10.451624047417376,50
728500,-7.682718226222654,50
728550,-7.726589279604658,50
728600,-3.2852905933457155,50
728650,-14.438323701904663,50
728700,-17.12000479503555,50
728750,-3.2614225542140654,50
728800,-4.643612073278858,50
728850,-4.6708597411460255,50
728900,-1.7621769755789307,50
728950,-9.578400043983832,50
729000,-3.202619718712863,50
729050,-2.5947065757235395,50
729100,-5.423155244305081,50
729150,-11.027895488530579,50
729200,-14.003033307835942,50
729250,-2.6120567193598214,50
729300,-1.6141866901289061,50
729350,-5.46200500304005,50
729400,-7.732872661960313,50
729450,-13.065425499114642,50
729500,-4.666196253305911,50
729550,-14.534094241298433,50
729600,-2.063214479685307,50
729650,-20.244039304854798,50
729700,-4.609663707030286,50
729750,-4.800590373707282,50
729800,-4.578084203512572,50
729850,-2.676799193598511,50
729900,-14.140749102358559,50
729950,-5.782396422780701,50
730000,-5.087194206888019,50
730050,-14.375707007749787,50
730100,-9.093436770519352,50
730150,-16.123728763085303,50
730200,-11.786885717186872,50
730250,-13.628535891555208,50
730300,-6.486983127178086,50
730350,-2.5161287110249373,50
730400,-13.3481799430577,50
730450,-13.352759816960491,50
730500,-16.810513963426967,50
730550,-10.981701525556762,50
730600,-1.4387296984240707,50
730650,-3.32010162392935,50
730700,-2.3328146199379654,50
730750,-1.1054315586122088,50
730800,-3.2398696556916877,50
730850,-19.77249115246875,50
730900,-8.675881292086393,50
730950,-5.7015506312067705,50
731000,-3.4764072083074526,50
731050,-3.5123776408073693,50
731100,-19.529866849549165,50
731150,-10.225651974393521,50
731200,-3.7098617803270084,50
731250,-17.198872466038807,50
731300,-5.547677329494482,50
731350,-4.709686595562174,50
731400,-9.579889559892017,50
731450,-6.986429438691347,50
731500,-2.2159477608218654,50
731550,-2.329254168894122,50
731600,-18.604232880520872,50
731650,-4.018248973542021,50
731700,-16.612885236371262,50
731750,-7.460754715642775,50
731800,-5.7764451075816465,50
731850,-13.970243421449844,50
731900,-2.506810010941996,50
731950,-10.004122204220604,50
732000,-1.7488958806760693,50
732050,-14.286412972407836,50
732100,-3.518390025183695,50
732150,-15.556640658689313,50
732200,-3.8709950357073053,50
732250,-7.252466413354533,50
732300,-19.770325919884275,50
732350,-6.295796800148351,50
732400,-4.707274841845739,50
732450,-8.01303371532918,50
732500,-12.750347738912168,50
732550,-2.199733305959542,50
732600,-3.834819813982921,50
732650,-6.079156017235059,50
732700,-11.795353128661217,50
732750,-8.007808001258404,50
732800,-13.398995182399766,50
732850,-2.331501889107469,50
732900,-2.7869990846688624,50
732950,-14.385067154530931,50
733000,-1.8591123853944573,50
733050,-11.832241139147582,50
733100,-14.904937566452315,50
733150,-15.861212853412663,50
733200,-5.160136972234585,50
733250,-5.4969459286952835,50
733300,-3.4071929050099823,50
733350,-2.8637471271904826,50
733400,-17.213903103122117,50
733450,-9.51092258170799,50
733500,-6.474788091141467,50
733550,-8.188050731544648,50
733600,-19.517263605961436,50
733650,-7.530024650320661,50
733700,-3.687601307055652,50
733750,-10.389720285564199,50
733800,-4.6679294010678625,50
733850,-6.3568972824603245,50
733900,-12.108689888508827,50
733950,-18.60014502398642,50
734000,-5.585262229352731,50
734050,-4.041657917547018,50
734100,-6.366752875277109,50
734150,-16.411374365762967,50
734200,-5.533011743311007,50
734250,-3.4176213644818003,50
734300,-8.55359535701401,50
734350,-9.179584023806278,50
734400,-5.943219262219745,50
734450,-4.612239258083555,50
734500,-1.5937324578439998,50
734550,-3.1497564383564325,50
734600,-10.414313210569425,50
734650,-3.7249725496552513,50
734700,-4.756873198851817,50
734750,-7.341887137096947,50
734800,-17.408726142130526,50
734850,-3.8258848267001415,50
734900,-18.36638715442035,50
734950,-9.886033755518516,50
735000,-15.898966615983872,50
735050,-11.340816544377647,50
735100,-3.102747063246505,50
735150,-7.044319025606249,50
735200,-2.7693810898385935,50
735250,-9.78718091535619,50
735300,-12.955559631044837,50
735350,-14.050454260273506,50
735400,-20.918861199001707,50
735450,-18.46852756001069,50
735500,-4.04175154260931,50
735550,-3.548896886322645,50
735600,-2.082500749273621,50
735650,-2.451142317561956,50
735700,-8.17995255801532,50
735750,-15.66713107428745,50
735800,-9.389283138298035,50
735850,-15.570872303417882,50
735900,-4.887951961970084,50
735950,-9.010791003640552,50
736000,-3.907463693409279,50
736050,-12.780535181385364,50
736100,-20.63225591302996,50
736150,-12.969615512113146,50
736200,-5.654494714661596,50
736250,-2.3407756910153976,50
736300,-12.299731402749796,50
736350,-8.743566646637467,50
736400,-10.124004359498255,50
736450,-13.583548151797116,50
736500,-3.9873278954188525,50
736550,-12.474823962152776,50
736600,-8.590757590357317,50
736650,-7.840685823211827,50
736700,-15.931167657835871,50
736750,-2.242167266496204,50
736800,-18.578348674726247,50
736850,-15.182576855564498,50
736900,-16.948897856482155,50
736950,-1.8404803266592271,50
737000,-1.8917733421461131,50
737050,-2.281567373873488,50
737100,-5.897327830948437,50
737150,-8.263659337466235,50
737200,-3.983601286351955,50
737250,-4.719754802780303,50
737300,-3.1475232050071034,50
737350,-2.0424796386391364,50
737400,-1.7030466134684061,50
737450,-10.369610123700433,50
737500,-5.550875233279017,50
737550,-2.7326672269419348,50
737600,-13.77447154444939,50
737650,-7.90926934860134,50
737700,-11.622662298942313,50
737750,-4.245950874487666,50
737800,-12.975108029353137,50
737850,-6.0391844593585144,50
737900,-15.035933918379023,50
737950,-6.282676165668044,50
738000,-9.561839624341639,50
738050,-12.543898443606201,50
738100,-6.037544068533176,50
738150,-3.2939913704564834,50
738200,-18.66664109406995,50
738250,-1.5040278837544374,50
738300,-4.653447494425721,50
738350,-2.9693288076462765,50
738400,-14.461428543318096,50
738450,-5.578069050843572,50
738500,-7.723874173137903,50
738550,-11.852637125312201,50
738600,-20.811362105506166,50
738650,-4.650408456997542,50
738700,-2.0946607604576504,50
738750,-4.826194316688385,50
738800,-5.642769259279244,50
738850,-10.766905129335047,50
738900,-8.008713170925331,50
738950,-3.160127837281133,50
739000,-5.0243989788279215,50
739050,-2.9823879122088095,50
739100,-15.787299248306491,50
739150,-6.656165421909137,50
739200,-1.9400288079107642,50
739250,-2.5804966459802516,50
739300,-8.554895361542332,50
739350,-6.45842113676081,50
739400,-2.907779288701531,50
739450,-4.130262431593282,50
739500,-4.617588783080367,50
739550,-6.041409734924793,50
739600,-4.357187928205228,50
739650,-11.419288587869772,50
739700,-5.750695282159681,50
739750,-11.784287065033727,50
739800,-16.65520297181387,50
739850,-6.938595943339224,50
739900,-7.510524030885245,50
739950,-12.253914160361198,50
740000,-11.0541520489724,50
740050,-6.98207105356203,50
740100,-6.525301587846036,50
740150,-4.0871897217692394,50
740200,-2.948047558859411,50
740250,-9.24105044243574,50
740300,-2.9341952169785523,50
740350,-13.968946346880019,50
740400,-11.545557519545193,50
740450,-15.771685286264901,50
740500,-4.598359125090297,50
740550,-3.469456445190927,50
740600,-13.817703010072528,50
740650,-12.29585452269645,50
740700,-16.02724163929087,50
740750,-14.170297169942334,50
740800,-2.375431729572192,50
740850,-12.746310233986799,50
740900,-12.672494359801266,50
740950,-4.1440477996533716,50
741000,-4.438389067066399,50
741050,-5.978736581872773,50
741100,-2.887275081906272,50
741150,-17.347270743210906,50
741200,-3.33273209383726,50
741250,-2.818583106629343,50
741300,-2.6629659279909537,50
741350,-12.41429059806752,50
741400,-8.750665103778756,50
741450,-16.685638537544552,50
741500,-11.723298146706961,50
741550,-7.619611410121111,50
741600,-9.185976083741968,50
741650,-3.706151584469624,50
741700,-8.358169185863526,50
741750,-17.707594735939995,50
741800,-3.164792685381044,50
741850,-3.038899535283517,50
741900,-3.108069687372542,50
741950,-4.498709582080236,50
742000,-10.139512877283401,50
742050,-1.8996799335325962,50
742100,-2.488532842763953,50
742150,-17.482698056201073,50
742200,-14.315017061267865,50
742250,-8.95384486975929,50
742300,-14.952852099061305,50
742350,-3.3480664265640754,50
742400,-5.518172748399231,50
742450,-17.585219398037715,50
742500,-4.02671414816727,50
742550,-4.232861455175594,50
742600,-12.820578870997874,50
742650,-3.232463872969006,50
742700,-2.5355228486761643,50
742750,-2.8510709121430886,50
742800,-11.083059125662961,50
742850,-4.786608377634794,50
742900,-5.039804378895777,50
742950,-3.7266357389535263,50
743000,-5.040678083860572,50
743050,-3.7014169420071017,50
743100,-10.926956195153787,50
743150,-3.505551264423077,50
743200,-3.800388152095583,50
743250,-10.10571106612381,50
743300,-5.044692445185909,50
743350,-10.46552073993807,50
743400,-6.578243975643788,50
743450,-5.552138376404197,50
743500,-14.422035273605362,50
743550,-7.90972385060698,50
743600,-14.484026618842464,50
743650,-4.376177028975164,50
743700,-15.756538556820626,50
743750,-8.298663830739502,50
743800,-9.25045608744845,50
743850,-4.177111916980424,50
743900,-1.1932051099613221,50
743950,-12.907728276201587,50
744000,-11.298889148474776,50
744050,-3.924723576251328,50
744100,-4.0205009791354795,50
744150,-4.645204996012452,50
744200,-13.44944549217821,50
744250,-4.26071083948711,50
744300,-3.1252153393211133,50
744350,-13.022029008949241,50
744400,-8.03561518695264,50
744450,-20.420964074372662,50
744500,-3.015144933834511,50
744550,-10.790432981840258,50
744600,-15.560027403068403,50
744650,-1.8681467060629804,50
744700,-2.6123791898798374,50
744750,-7.253351379673409,50
744800,-14.991646809932837,50
744850,-17.56629263894686,50
744900,-9.148021444714555,50
744950,-11.249304044430437,50
745000,-2.007987364504254,50
745050,-15.047043456593153,50
745100,-11.59045472607963,50
745150,-6.616493042390342,50
745200,-8.735799327147436,50
745250,-8.448223399797607,50
745300,-4.977630688925365,50
745350,-4.311390361773375,50
745400,-13.504066732098808,50
745450,-2.6233597002003375,50
745500,-3.388785540563185,50
745550,-12.75577408197704,50
745600,-5.50256515398541,50
745650,-2.31240909125066,50
745700,-6.723000015801838,50
745750,-4.017092788170588,50
745800,-11.056178201945064,50
745850,-5.707755897118992,50
745900,-2.431982467044731,50
745950,-2.9391366768389626,50
746000,-20.014957305980342,50
746050,-12.284528560007153,50
746100,-2.6864943966234867,50
746150,-3.2567736956862827,50
746200,-15.50891858319763,50
746250,-1.6676650982272174,50
746300,-3.4554363536534267,50
746350,-18.087786475533722,50
746400,-3.266881679675391,50
746450,-6.449373475370128,50
746500,-14.326160590152222,50
746550,-11.728007771449201,50
746600,-3.4618746926672794,50
746650,-3.6422596438161783,50
746700,-17.69027118415538,50
746750,-18.27920914184587,50
746800,-3.8283137223511683,50
746850,-4.471412799368541,50
746900,-8.596747776135116,50
746950,-2.5387726610583847,50
747000,-15.795192821247122,50
747050,-6.6690664079322515,50
747100,-8.863744149400402,50
747150,-20.046675421783576,50
747200,-3.2502993141519623,50
747250,-3.288696617297346,50
747300,-18.070224025385944,50
747350,-4.566787033318173,50
747400,-19.423177478327094,50
747450,-10.60873200938009,50
747500,-8.671797529650963,50
747550,-10.007863574014447,50
747600,-6.525021715386194,50
747650,-3.236934559994528,50
747700,-7.634275674558311,50
747750,-20.950096219768078,50
747800,-3.1146920172912487,50
747850,-19.115382687451408,50
747900,-2.553879467618877,50
747950,-14.007805677595387,50
748000,-21.446572698935913,50
748050,-11.522887035590038,50
748100,-1.326575862397594,50
748150,-11.526751554207566,50
748200,-8.846431020011543,50
748250,-17.371167404404584,50
748300,-2.1274350630001067,50
748350,-2.082641033994763,50
748400,-2.421001545297503,50
748450,-4.278973164335847,50
748500,-15.29485343708785,50
748550,-1.9924822983005497,50
748600,-4.32793181941939,50
748650,-2.324371630693891,50
748700,-3.913097177684551,50
748750,-7.557109134844991,50
748800,-7.254621156328856,50
748850,-6.822368105703608,50
748900,-20.558635929956136,50
748950,-14.126162045317196,50
749000,-2.709112690669716,50
749050,-8.224234070726933,50
749100,-3.416592683875137,50
749150,-2.355200417265609,50
749200,-1.614968625526168,50
749250,-5.349285420880594,50
749300,-2.1691520890906393,50
749350,-2.3818023452232233,50
749400,-6.247596107321193,50
749450,-7.639146679567257,50
749500,-20.265472863627622,50
749550,-11.203298428311037,50
749600,-3.604966375815654,50
749650,-12.672753598053243,50
749700,-14.25694072621734,50
749750,-13.553304606160793,50
749800,-12.98941824085684,50
749850,-4.77964919507875,50
749900,-6.2943646195630345,50
749950,-2.295364185506019,50
750000,-4.177694472976237,50
750050,-9.609484934708327,50
750100,-18.543504199536407,50
750150,-4.044791402636267,50
750200,-17.458685030787933,50
750250,-14.244114096499109,50
750300,-2.3341484596703914,50
750350,-3.1800245852900133,50
750400,-19.31373766390925,50
750450,-1.9516691886917787,50
750500,-4.236198996904646,50
750550,-3.314340913043919,50
750600,-2.9172716139369976,50
750650,-3.582358825742266,50
750700,-17.79870383815754,50
750750,-5.585483507708821,50
750800,-4.553729148807976,50
750850,-7.020590788153681,50
750900,-8.000934654881059,50
750950,-17.072970710644885,50
751000,-16.524276636303377,50
751050,-3.6494929396365476,50
751100,-20.61750449301652,50
751150,-2.0102761673538567,50
751200,-3.4753510023911676,50
751250,-17.270957080316403,50
751300,-11.737604925547657,50
751350,-3.72357209859989,50
751400,-15.577344937019799,50
751450,-18.277252302826856,50
751500,-11.534683650224391,50
751550,-20.163936463811062,50
751600,-12.184603900629481,50
751650,-10.725071056350131,50
751700,-6.643566609710242,50
751750,-14.645986173709558,50
751800,-4.394285510237644,50
751850,-2.493620966470204,50
751900,-10.14413639836575,50
751950,-3.2263121038445397,50
752000,-4.878357574403275,50
752050,-19.954572709909915,50
752100,-6.614277611319857,50
752150,-6.189532391821184,50
752200,-19.830274212172178,50
752250,-5.935117714207885,50
752300,-4.660157073404317,50
752350,-7.567926857385555,50
752400,-1.586756579744225,50
752450,-3.7781762135083077,50
752500,-2.6558307705974755,50
752550,-5.349761398029112,50
752600,-16.409750426790268,50
752650,-18.04043946836281,50
752700,-3.0723092361255517,50
752750,-4.302265633074484,50
752800,-5.6710560198681685,50
752850,-5.508085419181655,50
752900,-10.466799270611947,50
752950,-1.12374209838011,50
753000,-3.059871238014526,50
753050,-9.165565808508529,50
753100,-2.3179612259114855,50
753150,-11.205470392622155,50
753200,-20.32070874440268,50
753250,-1.8780853345155624,50
753300,-4.363838115384594,50
753350,-6.197296455154531,50
753400,-9.069972975538768,50
753450,-5.723816425300992,50
753500,-4.47504852292811,50
753550,-13.996135889801966,50
753600,-12.185055012559328,50
753650,-6.156964698912069,50
753700,-13.756091450767082,50
753750,-7.5862421450020365,50
753800,-15.873898473335649,50
753850,-2.8230871967295648,50
753900,-7.560721466452867,50
753950,-3.440171352855269,50
754000,-3.413327445315247,50
754050,-15.359621589696037,50
754100,-13.985420225629689,50
754150,-5.902688451788635,50
754200,-5.045319093157765,50
754250,-15.89965386699746,50
754300,-10.25259615264356,50
754350,-8.62166733766393,50
754400,-5.773690140148947,50
754450,-16.881787672256873,50
754500,-12.762978160474175,50
754550,-4.450872252951591,50
754600,-2.6967736322608964,50
754650,-2.7950385135816784,50
754700,-9.54720496638326,50
754750,-8.138907349458957,50
754800,-6.292348643008722,50
754850,-13.561792958742789,50
754900,-9.547166474458267,50
754950,-12.476560636038009,50
755000,-8.806043256596329,50
755050,-19.011391374757096,50
755100,-16.04548337186872,50
755150,-2.6654624864763337,50
755200,-2.048497663726234,50
755250,-11.713252262619264,50
755300,-3.6982504420079803,50
755350,-7.707667066761163,50
755400,-7.189273380839685,50
755450,-15.204498531587186,50
755500,-6.839061156210359,50
755550,-7.144326607824866,50
755600,-3.867304578612097,50
755650,-4.411638258288699,50
755700,-3.097933056767971,50
755750,-7.184625597564423,50
755800,-4.0830454128865385,50
755850,-10.014170268481264,50
755900,-16.858251078735606,50
755950,-1.7088926957557722,50
756000,-11.92387449026718,50
756050,-2.52378523227651,50
756100,-13.342898510163032,50
756150,-11.192726766984595,50
756200,-11.980625361875177,50
756250,-5.889321550251942,50
756300,-3.218280999114812,50
756350,-4.598576265623562,50
756400,-18.40991303039415,50
756450,-8.72811243096683,50
756500,-2.550963883023853,50
756550,-15.101087391431244,50
756600,-13.134303416686903,50
756650,-5.075223865088543,50
756700,-2.4761375753311166,50
756750,-1.7858967530329897,50
756800,-7.1435445570271945,50
756850,-13.5524521131311,50
756900,-8.11539074855742,50
756950,-7.495374675140157,50
757000,-16.176783700056824,50
757050,-20.380048742160323,50
757100,-11.559764785838045,50
757150,-4.032894379420079,50
757200,-3.7837308449719798,50
757250,-20.982452979971246,50
757300,-12.459274784905935,50
757350,-6.758559751737081,50
757400,-14.455260865049617,50
757450,-14.72930414688153,50
757500,-20.289753125478338,50
757550,-5.371291284447379,50
757600,-3.039084876589123,50
757650,-1.3057859800976706,50
757700,-4.722497461856523,50
757750,-11.689815638108707,50
757800,-5.208529412671075,50
757850,-8.15307724161083,50
757900,-20.254641715233866,50
757950,-2.981657993038285,50
758000,-5.152453084456341,50
758050,-6.172776999259882,50
758100,-5.961458482622765,50
758150,-12.685072992077837,50
758200,-4.11476072020801,50
758250,-4.080947042686054,50
758300,-14.89142159448887,50
758350,-8.839286732116173,50
758400,-3.3081091751551686,50
758450,-11.141966034496633,50
758500,-3.642149895769351,50
758550,-8.97735992961259,50
758600,-3.3620248883169097,50
758650,-3.837590028329039,50
758700,-2.707476624249862,50
758750,-20.290472208900393,50
758800,-2.251075580283737,50
758850,-6.521753182890193,50
758900,-10.060320775031718,50
758950,-8.323859857742924,50
759000,-12.430270537445807,50
759050,-15.133027974168833,50
759100,-7.598257140733687,50
759150,-12.638025582099823,50
759200,-13.887930236185136,50
759250,-15.129596371791678,50
759300,-14.709506656927509,50
759350,-7.798969001625879,50
759400,-3.1165163132582414,50
759450,-15.667679567899468,50
759500,-7.70829657869749,50
759550,-6.924198390098432,50
759600,-13.564626594300128,50
759650,-12.653842322405987,50
759700,-5.0079933199896844,50
759750,-2.4826394439772015,50
759800,-19.129470601168272,50
759850,-11.754345793053353,50
759900,-10.299423243339103,50
759950,-4.1376786121762965,50
760000,-3.597157194569152,50
760050,-15.190457386758524,50
760100,-10.979877029898475,50
760150,-4.38335364327436,50
760200,-13.275688642448007,50
760250,-8.711756547719506,50
760300,-7.466628576380396,50
760350,-13.81107489057594,50
760400,-2.073483985629503,50
760450,-8.330301001311284,50
760500,-5.7576680895282975,50
760550,-2.844062019125939,50
760600,-3.4701043417711017,50
760650,-3.9289069758318766,50
760700,-4.1592672130653545,50
760750,-3.9255888220215693,50
760800,-8.689666998010393,50
760850,-3.2877579353394113,50
760900,-4.665345017813686,50
760950,-2.50657981573916,50
761000,-2.9589024733307694,50
761050,-11.589416454690177,50
761100,-15.584036163928427,50
761150,-8.772161704326146,50
761200,-3.0832924028176203,50
761250,-2.1700160457990294,50
761300,-9.156064815408847,50
761350,-11.792263509981225,50
761400,-3.1339139295778162,50
761450,-14.59782733422355,50
761500,-2.781249586376158,50
761550,-11.252459401276841,50
761600,-13.148604804380108,50
761650,-6.631369475801042,50
761700,-6.5080740955296505,50
761750,-9.463144866087404,50
761800,-6.305546951585019,50
761850,-2.320579898099714,50
761900,-8.606269836981387,50
761950,-4.033584800299423,50
762000,-3.366795195192478,50
762050,-2.9463553954791917,50
762100,-14.908852758720826,50
762150,-3.5886596040911667,50
762200,-4.79561223548957,50
762250,-10.5949072544133,50
762300,-4.66513941732378,50
762350,-12.49781560369391,50
762400,-18.871960573901532,50
762450,-2.308521711451999,50
762500,-17.53292595903988,50
762550,-14.764519500827268,50
762600,-6.816644995148801,50
762650,-9.15278164515342,50
762700,-12.327519943124193,50
762750,-5.371587560582683,50
762800,-18.11595564357698,50
762850,-14.208057760713892,50
762900,-7.680837031581157,50
762950,-18.649528210612285,50
763000,-1.7086356164788017,50
763050,-12.686184088748664,50
763100,-8.926622588524163,50
763150,-18.356530269062848,50
763200,-7.557722312268094,50
763250,-7.01023949936276,50
763300,-10.618291111503254,50
763350,-7.6063529052277445,50
763400,-11.480392842585228,50
763450,-13.204498617632517,50
763500,-7.197685592166706,50
763550,-15.364137249067191,50
763600,-2.3091330341721545,50
763650,-2.687954251739978,50
763700,-11.407549629199933,50
763750,-3.433098554101252,50
763800,-9.720113914743777,50
763850,-4.364674349892118,50
763900,-19.680094908178305,50
763950,-11.107252844493262,50
764000,-5.8408627841738285,50
764050,-1.5838063463592358,50
764100,-11.208496488939309,50
764150,-5.683188549514852,50
764200,-5.610319503407071,50
764250,-8.611263157170471,50
764300,-2.042467056187803,50
764350,-18.16311119595371,50
764400,-2.8814498857028283,50
764450,-10.376606164904462,50
764500,-13.285341572783778,50
764550,-13.942407585221847,50
764600,-7.563134205016011,50
764650,-7.783637455386256,50
764700,-11.069765192598215,50
764750,-19.46864617732258,50
764800,-7.386072902244559,50
764850,-5.416191037830868,50
764900,-11.05671508699897,50
764950,-17.394401831415276,50
765000,-13.868602324904385,50
765050,-2.5376047987421297,50
765100,-3.9855115779998247,50
765150,-6.200303323814972,50
765200,-16.33845128934047,50
765250,-20.003337377954104,50
765300,-16.239929304379064,50
765350,-15.455067643727801,50
765400,-5.052389358320659,50
765450,-8.45734487673393,50
765500,-10.13063392761348,50
765550,-11.582096591709659,50
765600,-2.8901074366610677,50
765650,-8.81458075773393,50
765700,-12.864915614050771,50
765750,-3.5157099253492974,50
765800,-4.674841225860953,50
765850,-5.536305587378656,50
765900,-20.388545404279427,50
765950,-1.957772930822102,50
766000,-9.025495556835242,50
766050,-4.427829100323863,50
766100,-16.64114728423924,50
766150,-19.66873808236814,50
766200,-2.9163028683878105,50
766250,-18.676637772432922,50
766300,-7.50697293425233,50
766350,-7.292761854244871,50
766400,-4.897069292412198,50
766450,-21.928270713697756,50
766500,-3.207789508205152,50
766550,-13.407341860415421,50
766600,-5.448108665330717,50
766650,-3.9570952087446964,50
766700,-3.9407455969475516,50
766750,-5.417871789081667,50
766800,-4.010799619367932,50
766850,-9.169421200724448,50
766900,-5.016979451667534,50
766950,-13.055864189255253,50
767000,-12.052626359742035,50
767050,-17.521971807826137,50
767100,-11.542160741071465,50
767150,-3.6612296872640653,50
767200,-8.968105914733696,50
767250,-3.282106443170336,50
767300,-9.185932723575139,50
767350,-1.7126660265184674,50
767400,-9.093616264761213,50
767450,-8.279164520381121,50
767500,-16.583196506077673,50
767550,-10.274512344049116,50
767600,-10.032347894907701,50
767650,-7.1960457150752655,50
767700,-4.7574430886299615,50
767750,-4.281531359155099,50
767800,-2.109380457522335,50
767850,-21.130939842833588,50
767900,-6.185185262428296,50
767950,-6.905231633165545,50
768000,-8.99531177448729,50
768050,-12.851644952493196,50
768100,-3.8035304265494387,50
768150,-19.623726294720147,50
768200,-14.797514511320117,50
768250,-0.9716804601546458,50
768300,-2.080482734711158,50
768350,-7.06562025674451,50
768400,-11.202105436887525,50
768450,-3.182961272553379,50
768500,-16.273540303566836,50
768550,-4.311751046539444,50
768600,-6.699821506608624,50
768650,-9.204188040021627,50
768700,-18.98525681002039,50
768750,-2.709388710887384,50
768800,-5.0107469165797,50
768850,-11.035768078964962,50
768900,-3.233706737010954,50
768950,-10.354014978062118,50
769000,-3.328688364424808,50
769050,-4.906239059588273,50
769100,-13.336470343464434,50
769150,-15.535940868790526,50
769200,-16.075914311388328,50
769250,-8.77154693389961,50
769300,-3.9159901475955707,50
769350,-16.075568190385802,50
769400,-2.77038682298936,50
769450,-17.31411279361906,50
769500,-8.377358876798116,50
769550,-9.050186096050728,50
769600,-6.7166260854042985,50
769650,-4.909297751420172,50
769700,-7.987309066754893,50
769750,-2.7681869923708082,50
769800,-15.109289759354194,50
769850,-16.279750134696222,50
769900,-12.921366776142792,50
769950,-2.852656734459672,50
770000,-12.532762646393705,50
770050,-17.807618421829034,50
770100,-2.082241435659178,50
770150,-14.525501747815317,50
770200,-3.434358682338546,50
770250,-13.76480841429772,50
770300,-8.511425720849836,50
770350,-12.93692641857297,50
770400,-8.015071554283143,50
770450,-2.9340936967452307,50
770500,-1.9714711354143162,50
770550,-11.992409344179434,50
770600,-14.859082995315879,50
770650,-21.080249285246325,50
770700,-13.976395053799559,50
770750,-15.641189431087579,50
770800,-9.869943005347762,50
770850,-14.096498834253396,50
770900,-10.49709914788913,50
770950,-16.821878458917688,50
771000,-20.57984437583042,50
771050,-2.995261956933457,50
771100,-10.175319846764667,50
771150,-7.437154319242162,50
771200,-2.6309542343442143,50
771250,-5.539228859705931,50
771300,-7.167064127075667,50
771350,-13.495705450000584,50
771400,-14.269443296178896,50
771450,-10.034679511176835,50
771500,-11.402083046444245,50
771550,-16.3017995208218,50
771600,-4.792014121439015,50
771650,-2.967816089925717,50
771700,-3.9889141504010937,50
771750,-2.2478081610214438,50
771800,-9.417697638327574,50
771850,-4.134987779917654,50
771900,-2.2573924961706515,50
771950,-4.9161098410477155,50
772000,-9.761445699649911,50
772050,-3.2330173981291317,50
772100,-2.3546203480182206,50
772150,-2.9052146183481695,50
772200,-2.88924335291391,50
772250,-3.727126026428463,50
772300,-3.428226522100012,50
772350,-14.324696372372271,50
772400,-11.962994476234352,50
772450,-2.929576440329701,50
772500,-7.186728552814571,50
772550,-3.4784352669007426,50
772600,-18.793023447325247,50
772650,-1.9751537002932527,50
772700,-12.447508130026488,50
772750,-14.894162262824285,50
772800,-13.922014856057029,50
772850,-10.43385255334064,50
772900,-2.4017275081292575,50
772950,-16.189054914973916,50
773000,-16.479655961124955,50
773050,-2.7860110820066137,50
773100,-9.371122546046987,50
773150,-3.25863573168751,50
773200,-19.942877463111415,50
773250,-4.461328527001273,50
773300,-12.615460964726015,50
773350,-4.079720215698806,50
773400,-10.38949774444101,50
773450,-3.106545936337141,50
773500,-4.55212532035773,50
773550,-3.5619770541035347,50
773600,-8.511857510767964,50
773650,-14.095715203762904,50
773700,-2.5255635977227153,50
773750,-12.567314899861291,50
773800,-3.6588282020271365,50
773850,-4.1393422309515575,50
773900,-13.540316362168863,50
773950,-4.790521722287598,50
774000,-9.749814393358236,50
774050,-1.6653607955124259,50
774100,-2.326056364201412,50
774150,-11.417873154052456,50
774200,-10.964230766729905,50
774250,-3.9548478949517096,50
774300,-4.6001269185743725,50
774350,-6.756089724696323,50
774400,-10.53892580081767,50
774450,-1.785223659372793,50
774500,-11.320911958048637,50
774550,-12.282459497620017,50
774600,-17.87329183832309,50
774650,-5.214843339286228,50
774700,-5.427361049278345,50
774750,-9.790896191247098,50
774800,-12.967451232514385,50
774850,-3.1435855925268665,50
774900,-3.3366363426027905,50
774950,-8.231669418160678,50
775000,-5.222825731945311,50
775050,-4.069271091088575,50
775100,-2.975392059769353,50
775150,-17.0624877472712,50
775200,-5.88438866077843,50
775250,-2.140254689415881,50
775300,-5.051061944836665,50
775350,-2.785127462374301,50
775400,-12.289902951025717,50
775450,-8.55604889543635,50
775500,-2.937165410066222,50
775550,-15.43971552185316,50
775600,-6.305355405493006,50
775650,-15.862235429210068,50
775700,-6.8418832650043875,50
775750,-2.3458140636183393,50
775800,-2.5176406609161344,50
775850,-16.299703153761804,50
775900,-12.344538230905517,50
775950,-12.805810813076484,50
776000,-4.348123010119755,50
776050,-12.489786886676566,50
776100,-13.169366593881183,50
776150,-4.837494822246083,50
776200,-3.6437034917075466,50
776250,-15.020160753549684,50
776300,-9.258616872519616,50
776350,-7.364589359806628,50
776400,-4.214861727497054,50
776450,-1.2654183317089476,50
776500,-1.6645729017633017,50
776550,-12.283568762046308,50
776600,-18.277377919560177,50
776650,-8.36099010882835,50
776700,-2.1378663608285855,50
776750,-6.841540549558945,50
776800,-8.842550014970099,50
776850,-19.861493646552248,50
776900,-14.356359745195013,50
776950,-19.41201429433415,50
777000,-5.125631941841212,50
777050,-3.8275209752851627,50
777100,-1.1286164493026245,50
777150,-4.673639793545208,50
777200,-1.7580432513530582,50
777250,-7.419084555723914,50
777300,-1.9914069686832963,50
777350,-16.783237933685726,50
777400,-10.93175743665981,50
777450,-2.3140722803631815,50
777500,-16.151803885149672,50
777550,-2.7821911830530572,50
777600,-7.44145201541239,50
777650,-16.249365307195134,50
777700,-2.9911062793001038,50
777750,-12.327038369279759,50
777800,-4.50115453509534,50
777850,-4.571756822718655,50
777900,-4.734988286542946,50
777950,-18.68420623868077,50
778000,-9.13606291641494,50
778050,-2.5231084606411236,50
778100,-3.51599966566928,50
778150,-1.6650946334016434,50
778200,-13.282814778754673,50
778250,-4.689755793575255,50
778300,-6.106398110831229,50
778350,-3.369246929044421,50
778400,-9.318364962306566,50
778450,-2.1083784361864337,50
778500,-18.27114805554731,50
778550,-8.165288528202582,50
778600,-10.246475804216146,50
778650,-11.503085966632321,50
778700,-15.374748144788656,50
778750,-8.476059066097566,50
778800,-5.7004281003843875,50
778850,-12.00933617392746,50
778900,-5.6132564757819186,50
778950,-6.723091630266001,50
779000,-6.586951633558348,50
779050,-2.571350744777044,50
779100,-7.0674412913899225,50
779150,-1.8048199830808271,50
779200,-10.77139488133708,50
779250,-2.6590288122158436,50
779300,-11.693007260607704,50
779350,-10.440253203319944,50
779400,-12.405173562939957,50
779450,-1.9363829514454505,50
779500,-2.89669723075282,50
779550,-12.726107406062024,50
779600,-9.774625741424504,50
779650,-3.5815000106808523,50
779700,-2.2158821931141857,50
779750,-5.611503745398682,50
779800,-8.048992911757827,50
779850,-21.561422717928664,50
779900,-3.53974871918886,50
779950,-3.7490686606059707,50
780000,-18.877171856670486,50
780050,-17.367790294965776,50
780100,-2.872810078621148,50
780150,-3.321021428263469,50
780200,-4.013006336309327,50
780250,-3.8556316704658466,50
780300,-2.7464813209838113,50
780350,-1.0232237814097578,50
780400,-18.016338959031586,50
780450,-15.535687738567841,50
780500,-7.8859116672760985,50
780550,-1.4083177052123914,50
780600,-9.544465895496192,50
780650,-9.444449907907792,50
780700,-7.431446848463286,50
780750,-3.027754864487869,50
780800,-17.72265315916687,50
780850,-2.9703387387536972,50
780900,-6.638665936430851,50
780950,-13.796706388403807,50
781000,-4.663811616487687,50
781050,-3.7375159316960023,50
781100,-10.499732242028909,50
781150,-3.327638449789511,50
781200,-6.641614625709063,50
781250,-14.1058410499595,50
781300,-18.762751216754896,50
781350,-12.526124298436686,50
781400,-13.997759956267869,50
781450,-4.795836739478275,50
781500,-17.20119714743519,50
781550,-1.6591725309284309,50
781600,-4.263526931763642,50
781650,-13.007204836177436,50
781700,-3.567780738086236,50
781750,-7.198154633584668,50
781800,-16.98941796681052,50
781850,-13.548018574891273,50
781900,-8.747806068140056,50
781950,-18.53497937130815,50
782000,-15.718187766609498,50
782050,-3.1195067084289874,50
782100,-10.284112161633415,50
782150,-14.104582875220819,50
782200,-10.905609224188312,50
782250,-2.544898744262478,50
782300,-20.127312571664163,50
782350,-19.138358215922597,50
782400,-10.04897037198871,50
782450,-15.151615077389055,50
782500,-14.191588602419674,50
782550,-10.598818104024938,50
782600,-17.65536268017662,50
782650,-14.098134323057087,50
782700,-3.2782516730773916,50
782750,-2.90066855615307,50
782800,-15.299416155562696,50
782850,-14.293235975401664,50
782900,-3.0901186619639547,50
782950,-13.356116979193313,50
783000,-6.132975553766689,50
783050,-4.95344750804623,50
783100,-12.16074472215524,50
783150,-10.078261274358926,50
783200,-4.1542033468013795,50
783250,-9.74127190719788,50
783300,-3.925917162942616,50
783350,-3.811837790317273,50
783400,-2.5061519847046694,50
783450,-2.226256167066941,50
783500,-9.046980526071566,50
783550,-14.938102584026094,50
783600,-4.655352446791069,50
783650,-17.527731820161083,50
783700,-10.540632102833273,50
783750,-14.695037654007626,50
783800,-10.214566526824608,50
783850,-16.943692451923614,50
783900,-3.1558628378953912,50
783950,-19.11844625323212,50
784000,-6.10050826272064,50
784050,-3.7924689808589305,50
784100,-2.2047741649205825,50
784150,-17.17212114501907,50
784200,-4.207826599820311,50
784250,-20.74900683273349,50
784300,-1.9737488499298423,50
784350,-9.41538972385518,50
784400,-4.465895158680052,50
784450,-3.1899780767055987,50
784500,-3.667742022744825,50
784550,-11.407813329951427,50
784600,-5.225298764890706,50
784650,-3.2641784341049025,50
784700,-3.5621321782387465,50
784750,-3.2019994571752033,50
784800,-3.08695199476166,50
784850,-15.609720158546159,50
784900,-10.468985253669043,50
784950,-11.437555667706654,50
785000,-12.332116688764192,50
785050,-12.539059300718773,50
785100,-21.81849662822552,50
785150,-9.477964902177142,50
785200,-2.890441039348762,50
785250,-12.473199738099472,50
785300,-11.602925834057272,50
785350,-5.3601052861154574,50
785400,-12.546563069770638,50
785450,-10.31154140031485,50
785500,-3.0958216705216914,50
785550,-3.1482656776334155,50
785600,-16.00542350505166,50
785650,-7.629457277589062,50
785700,-20.103798135410138,50
785750,-2.5516198337500335,50
785800,-4.963640027410176,50
785850,-12.190045455183805,50
785900,-3.2216881847723817,50
785950,-9.591109155939666,50
786000,-16.63538773208397,50
786050,-3.1184353573202057,50
786100,-3.302035197130714,50
786150,-15.946934393596782,50
786200,-2.2135669554413213,50
786250,-3.4589496214235633,50
786300,-15.54870366479169,50
786350,-19.226217001973655,50
786400,-15.486905688200505,50
786450,-19.202206122166988,50
786500,-2.010328457779446,50
786550,-14.654425378117246,50
786600,-10.027929886474768,50
786650,-8.08626987837036,50
786700,-3.2085331374614787,50
786750,-2.2826702429347887,50
786800,-3.8370866959322765,50
786850,-7.211533720721412,50
786900,-3.8539883077042694,50
786950,-11.885389319892715,50
787000,-4.254952592200265,50
787050,-6.818483399388324,50
787100,-14.751579214247647,50
787150,-2.9430207815523617,50
787200,-5.262899415407696,50
787250,-7.0150237862361315,50
787300,-10.700767416756522,50
787350,-13.358694921736275,50
787400,-12.627393214627954,50
787450,-10.446610471154713,50
787500,-18.49282767069387,50
787550,-3.6056204693561633,50
787600,-19.33215886285604,50
787650,-2.161387873838791,50
787700,-9.413319682058942,50
787750,-4.91626954073246,50
787800,-7.413331830564016,50
787850,-4.57908032565559,50
787900,-10.840225843089039,50
787950,-17.295905275489194,50
788000,-7.954775979379221,50
788050,-7.361814660582445,50
788100,-12.050754398539084,50
788150,-19.980772997228385,50
788200,-10.024877127060126,50
788250,-2.4481148105301553,50
788300,-4.6527978697610735,50
788350,-4.678323721029303,50
788400,-1.6012370496293884,50
788450,-5.063246915158595,50
788500,-18.373313784839777,50
788550,-15.905403677369575,50
788600,-6.029659368742531,50
788650,-19.200379688235454,50
788700,-5.188909784713255,50
788750,-2.278225326235817,50
788800,-21.358960746328204,50
788850,-4.631856482690946,50
788900,-10.275594080445579,50
788950,-3.3495981458855013,50
789000,-8.885850363761488,50
789050,-17.282279444450833,50
789100,-5.06239234042647,50
789150,-6.244948676341196,50
789200,-4.3623046783574795,50
789250,-9.320782061203325,50
789300,-2.722178090581146,50
789350,-3.6429947362579496,50
789400,-14.50600973027078,50
789450,-17.484818145466797,50
789500,-1.8415633561302065,50
789550,-4.624975800214039,50
789600,-5.0602249282989815,50
789650,-3.7023332982956565,50
789700,-11.84444041455358,50
789750,-3.7916977095360203,50
789800,-3.924010433828526,50
789850,-12.664128574455987,50
789900,-11.344587982694243,50
789950,-15.813423836832362,50
790000,-3.755647970351861,50
790050,-14.658368920514821,50
790100,-6.276324915605896,50
790150,-10.669343094613136,50
790200,-1.7884266956037091,50
790250,-14.170860659139032,50
790300,-3.38486470525918,50
790350,-11.61823161044352,50
790400,-9.976299283215548,50
790450,-3.496269802267052,50
790500,-9.109169076304564,50
790550,-2.7021210730224,50
790600,-10.129636002964013,50
790650,-8.02311345533822,50
790700,-15.250982160298344,50
790750,-17.091383668887076,50
790800,-7.900262839859443,50
790850,-5.616188432359077,50
790900,-2.2279113036473635,50
790950,-7.350599463874647,50
791000,-19.42614467902565,50
791050,-5.431886484383092,50
791100,-10.764877791688924,50
791150,-19.273529430288946,50
791200,-7.960127173835632,50
791250,-2.427917166735136,50
791300,-12.549014905125482,50
791350,-11.072565110066739,50
791400,-10.655234484988323,50
791450,-3.129943424353982,50
791500,-14.842514356555268,50
791550,-7.347349919463239,50
791600,-5.52271902437198,50
791650,-3.022057097232097,50
791700,-17.269183301946484,50
791750,-4.927526822580938,50
791800,-7.617787700025451,50
791850,-11.300323463826516,50
791900,-4.556952737843308,50
791950,-16.676011008152187,50
792000,-15.088047965753818,50
792050,-5.043419433332515,50
792100,-12.301148650487631,50
792150,-12.900713435865425,50
792200,-13.663453738804764,50
792250,-4.557838826744685,50
792300,-2.341512952481117,50
792350,-7.106151136132446,50
792400,-16.94004466461256,50
792450,-9.211537198330348,50
792500,-4.01063543400702,50
792550,-4.349321008902548,50
792600,-18.90037757121688,50
792650,-2.4609233219654416,50
792700,-4.980446488378196,50
792750,-5.351879217234558,50
792800,-19.313869949166225,50
792850,-11.112341649053798,50
792900,-3.104413681088889,50
792950,-12.760426246933772,50
793000,-11.323509289881446,50
793050,-11.24109567823763,50
793100,-7.285417067372456,50
793150,-14.033030905326257,50
793200,-10.900596527632711,50
793250,-2.0270038903088787,50
793300,-8.33140321641922,50
793350,-2.336860252072439,50
793400,-8.879625451331298,50
793450,-2.716165245450946,50
793500,-4.633992935451857,50
793550,-13.371161316775561,50
793600,-8.531315461743734,50
793650,-5.202643204920924,50
793700,-2.944298601038342,50
793750,-3.9016353646776523,50
793800,-2.832671707801295,50
793850,-3.6157432352101058,50
793900,-19.78984513780602,50
793950,-4.212349194923607,50
794000,-12.848736850306087,50
794050,-4.70275133343452,50
794100,-4.182292102416678,50
794150,-7.708603219014695,50
794200,-7.532494914421384,50
794250,-3.9353499567286936,50
794300,-2.0781936688296994,50
794350,-1.9417245408656438,50
794400,-4.664349648723001,50
794450,-4.8085873667624774,50
794500,-16.774877492097236,50
794550,-15.419014450601953,50
794600,-7.524873965288146,50
794650,-4.357315512771879,50
794700,-8.698590089083192,50
794750,-1.093811849672992,50
794800,-6.744282517800941,50
794850,-3.070255568944327,50
794900,-4.893943133360959,50
794950,-13.752441445912085,50
795000,-11.121121521719445,50
795050,-14.209480987273812,50
795100,-8.830488381968948,50
795150,-8.047542722085335,50
795200,-2.272966454216,50
795250,-10.98311858560647,50
795300,-3.979374058313067,50
795350,-4.169644401673246,50
795400,-9.471809329637512,50
795450,-2.077123932873221,50
795500,-4.874814793210068,50
795550,-10.042766680158968,50
795600,-22.24683152806103,50
795650,-6.206790121323643,50
795700,-4.755579045234254,50
795750,-8.684653759493518,50
795800,-9.453934090858876,50
795850,-10.95128029210093,50
795900,-5.003620888007632,50
795950,-3.7340096520255175,50
796000,-11.493877750345991,50
796050,-9.10201196919616,50
796100,-19.45306380768016,50
796150,-3.3602207333475294,50
796200,-2.63850875616274,50
796250,-16.336816839781015,50
796300,-11.027173578616145,50
796350,-16.00130425896998,50
796400,-19.299239895154656,50
796450,-1.3889771196799325,50
796500,-8.716758548021902,50
796550,-15.480320389133368,50
796600,-2.459901391859316,50
796650,-10.519049515437326,50
796700,-1.7661499691669045,50
796750,-4.061006026373796,50
796800,-8.917718931506215,50
796850,-1.887002202902789,50
796900,-4.420527093970535,50
796950,-6.587865823812805,50
797000,-6.371178885541349,50
797050,-4.382062452803535,50
797100,-3.344365638666286,50
797150,-5.693109619153652,50
797200,-8.79911618943015,50
797250,-1.3462657776854448,50
797300,-3.724321742157281,50
797350,-11.010080790461238,50
797400,-10.753888648255653,50
797450,-2.7462438604948654,50
797500,-7.864145335709954,50
797550,-14.555395932626261,50
797600,-2.9570686993999735,50
797650,-5.546580363220607,50
797700,-13.24867625610905,50
797750,-3.738480863987984,50
797800,-2.8654701274903687,50
797850,-19.495014025235257,50
797900,-13.13436050313294,50
797950,-2.6718399094060454,50
798000,-2.266337790989258,50
798050,-12.650103160351005,50
798100,-14.099688449331309,50
798150,-10.1609041144246,50
798200,-3.251314950547984,50
798250,-4.360489335557548,50
798300,-4.829850055011756,50
798350,-9.67667931478482,50
798400,-20.33523000358384,50
798450,-19.520959687406812,50
798500,-6.1743578674319,50
798550,-8.13133359251352,50
798600,-12.56545954435461,50
798650,-4.023874989619424,50
798700,-16.777234601956536,50
798750,-3.3184576635826604,50
798800,-4.575950650894751,50
798850,-13.350459027706526,50
798900,-6.168657838001311,50
798950,-5.133706649212248,50
799000,-4.499685312314273,50
799050,-4.720021756202714,50
799100,-15.447257212326116,50
799150,-4.593695284095902,50
799200,-2.8509814453096194,50
799250,-20.108933279358347,50
799300,-2.695880179771192,50
799350,-2.8942643948312687,50
799400,-17.701941644787507,50
799450,-6.141774602718286,50
799500,-14.637132220493605,50
799550,-4.451901639010203,50
799600,-4.261600840270129,50
799650,-3.1917137734190724,50
799700,-11.39274174249327,50
799750,-2.4849045608280957,50
799800,-16.31553122521295,50
799850,-5.437262017984119,50
799900,-1.9006522127835215,50
799950,-17.727822773861575,50
800000,-3.58264738654193,50
800050,-4.706973486281668,50
800100,-14.841489137932674,50
800150,-19.64943813538539,50
800200,-3.1849258776742033,50
800250,-3.5856722826428804,50
800300,-17.681225271432265,50
800350,-10.162786748122777,50
800400,-2.861395093435639,50
800450,-6.0131304933161145,50
800500,-3.406119637746266,50
800550,-19.756954994460337,50
800600,-2.1927763781329697,50
800650,-2.340676160535402,50
800700,-4.813139848999175,50
800750,-2.1998120643707875,50
800800,-6.519378334302058,50
800850,-2.667809154002062,50
800900,-5.701081629627927,50
800950,-9.270795607791257,50
801000,-15.27231740663689,50
801050,-3.773876768465162,50
801100,-5.785644924177198,50
801150,-5.721825208800392,50
801200,-13.061340078547602,50
801250,-19.5284952940614,50
801300,-3.177653430227316,50
801350,-14.881483591679078,50
801400,-4.664938300295719,50
801450,-11.377887415694692,50
801500,-9.950878020749332,50
801550,-2.4179560396704414,50
801600,-18.509036696371304,50
801650,-20.208062926350095,50
801700,-17.013713931790672,50
801750,-5.259732151832339,50
801800,-19.28476270304321,50
801850,-15.91686908307537,50
801900,-10.004088978582912,50
801950,-3.5372585431631127,50
802000,-4.114244097629745,50
802050,-6.383765371415445,50
802100,-4.428365991436865,50
802150,-3.016680243730053,50
802200,-2.222004452662361,50
802250,-10.77247633562305,50
802300,-6.40669941850552,50
802350,-21.880497427956833,50
802400,-20.292260678102807,50
802450,-6.4074686721205945,50
802500,-10.214612084360327,50
802550,-13.546529509299859,50
802600,-9.878616827291475,50
802650,-19.700740308647077,50
802700,-2.0920591163605513,50
802750,-7.794972751329552,50
802800,-15.02638616649554,50
802850,-11.294132816236976,50
802900,-14.415227510772926,50
802950,-18.754673255217927,50
803000,-13.09667582754047,50
803050,-1.1293634723356019,50
803100,-9.842435663099689,50
803150,-4.757115177186638,50
803200,-15.113539711169173,50
803250,-2.4714274698840115,50
803300,-16.999310691902235,50
803350,-20.742939687033285,50
803400,-2.628703846170209,50
803450,-5.582903126419385,50
803500,-14.61507856215791,50
803550,-4.878620148368822,50
803600,-11.79693426282652,50
803650,-8.990444159127158,50
803700,-1.6309635542556133,50
803750,-7.204122478931305,50
803800,-4.290805300092497,50
803850,-10.059845683033785,50
803900,-2.5718529312871006,50
803950,-1.9347154499996422,50
804000,-15.630565723334348,50
804050,-8.972368020781733,50
804100,-2.6736801602354388,50
804150,-4.162434037225204,50
804200,-3.87118926066493,50
804250,-12.525880224111393,50
804300,-4.952901867647961,50
804350,-16.821152229459436,50
804400,-12.889336929061045,50
804450,-6.479402504803059,50
804500,-5.776251934913923,50
804550,-13.317600886452993,50
804600,-12.912803904158698,50
804650,-4.221542058184556,50
804700,-16.0283682646464,50
804750,-10.278904482743311,50
804800,-12.924795454163688,50
804850,-5.405145423332989,50
804900,-11.821425251736237,50
804950,-14.742596278454863,50
805000,-2.166275651011618,50
805050,-15.812074669606204,50
805100,-3.2804692064942382,50
805150,-11.886996626510753,50
805200,-20.599271904703613,50
805250,-13.948623034105735,50
805300,-14.38681474328134,50
805350,-2.7733318460448753,50
805400,-5.491885454909677,50
805450,-1.8364102560820952,50
805500,-10.409466842307914,50
805550,-5.879244547336524,50
805600,-20.860066705775946,50
805650,-5.529468813742531,50
805700,-2.107926593534578,50
805750,-4.860304192347537,50
805800,-19.009758174951283,50
805850,-10.671282645226249,50
805900,-16.863470687004106,50
805950,-12.85115015789541,50
806000,-17.444036333588695,50
806050,-4.494974575518653,50
806100,-5.212893979062567,50
806150,-4.284795506418396,50
806200,-13.41172715183095,50
806250,-11.914998308250702,50
806300,-7.7114152211638185,50
806350,-6.988512752897836,50
806400,-10.471990066510456,50
806450,-10.655618090825435,50
806500,-13.256430734820608,50
806550,-4.264994488029434,50
806600,-15.45802373776841,50
806650,-3.193827020449918,50
806700,-2.2085732065985346,50
806750,-3.1558283673550487,50
806800,-3.7502870667904933,50
806850,-11.752785918420907,50
806900,-8.723991482285118,50
806950,-12.192081522938842,50
807000,-13.354197580897988,50
807050,-4.407155084170224,50
807100,-10.7456062823015,50
807150,-12.27743063416092,50
807200,-19.606045190324025,50
807250,-13.805855395229674,50
807300,-7.160388261978517,50
807350,-2.082954584668544,50
807400,-11.887544674415915,50
807450,-4.21355094648975,50
807500,-18.84825534871454,50
807550,-6.853274780052786,50
807600,-2.098880589831809,50
807650,-3.9537395552341903,50
807700,-16.04921640033266,50
807750,-4.876526511832234,50
807800,-13.40472504584237,50
807850,-20.78703108332325,50
807900,-3.6211053670102253,50
807950,-13.348563057600565,50
808000,-1.955668183596183,50
808050,-3.688823684481221,50
808100,-2.624055058139991,50
808150,-17.714789261373685,50
808200,-14.64850185161623,50
808250,-11.459524256935726,50
808300,-18.618627296255188,50
808350,-2.526469561866081,50
808400,-2.6048820599644236,50
808450,-3.335525671017483,50
808500,-5.244816932690293,50
808550,-3.097089488726068,50
808600,-1.7926240846151638,50
808650,-16.146398822630093,50
808700,-4.867801571730008,50
808750,-10.749830121796482,50
808800,-16.2118377884148,50
808850,-3.246141906201377,50
808900,-15.019150612457086,50
808950,-15.302097557177797,50
809000,-2.5849498500059105,50
809050,-17.62353075817632,50
809100,-21.405018574767464,50
809150,-3.7798876017505343,50
809200,-9.269174762713568,50
809250,-18.298576781675703,50
809300,-8.85073990045582,50
809350,-3.119828507146139,50
809400,-9.844027798107108,50
809450,-9.202527255518143,50
809500,-4.230897128561838,50
809550,-6.612057447463121,50
809600,-5.914225425488131,50
809650,-16.510447376086567,50
809700,-2.7028101392888004,50
809750,-12.791808674048157,50
809800,-19.50229840584776,50
809850,-5.098532823656673,50
809900,-20.067891085701067,50
809950,-6.315915283540217,50
810000,-15.900772752662187,50
810050,-17.521834676665694,50
810100,-8.42648443245093,50
810150,-5.251010960956682,50
810200,-3.5590763657695517,50
810250,-6.675660758504775,50
810300,-4.6473757563986435,50
810350,-3.3906705811474778,50
810400,-3.2984527964588164,50
810450,-4.092319468206693,50
810500,-4.3920786613370515,50
810550,-12.945458870006208,50
810600,-4.309284303662308,50
810650,-2.0712270903635535,50
810700,-6.518776263942757,50
810750,-2.716905310860626,50
810800,-11.504488259041624,50
810850,-2.9975818737017237,50
810900,-10.993219724458124,50
810950,-15.496474986613892,50
811000,-10.22977875810243,50
811050,-8.566276929760434,50
811100,-4.858073580167661,50
811150,-15.06900702352046,50
811200,-15.876693710173582,50
811250,-2.0064142938531035,50
811300,-2.5595015635117293,50
811350,-9.986286969321597,50
811400,-11.986378737102067,50
811450,-19.01527206239704,50
811500,-5.702053529800293,50
811550,-2.982661758415712,50
811600,-11.946335913985108,50
811650,-21.02281498287075,50
811700,-13.310221266604762,50
811750,-13.90847712025949,50
811800,-3.934429587531551,50
811850,-5.037836915892901,50
811900,-4.661129017714639,50
811950,-7.868878696385751,50
812000,-4.957897941840197,50
812050,-4.005704484337527,50
812100,-3.0176349400207823,50
812150,-9.569253321263949,50
812200,-16.071181766958553,50
812250,-16.209020584797756,50
812300,-14.30103654235324,50
812350,-2.5966906657102284,50
812400,-9.440774419508967,50
812450,-12.864501242485353,50
812500,-14.903685784298036,50
812550,-4.89654226608243,50
812600,-5.96006870400192,50
812650,-13.289817584860256,50
812700,-2.2197127712828992,50
812750,-20.198426666483446,50
812800,-11.434059718384397,50
812850,-3.142982620023869,50
812900,-8.221315902345635,50
812950,-21.47581365910442,50
813000,-2.4858365672759097,50
813050,-9.823252741182019,50
813100,-2.46084817297675,50
813150,-8.429407521905798,50
813200,-17.90066538176423,50
813250,-4.612996418256521,50
813300,-12.406749430554106,50
813350,-4.956749532694047,50
813400,-14.084605250707105,50
813450,-4.758696161723627,50
813500,-16.86364499402006,50
813550,-3.2935999243635146,50
813600,-3.9080839488650767,50
813650,-2.704681529545295,50
813700,-8.445272230599794,50
813750,-12.762124281444027,50
813800,-6.712275424496577,50
813850,-12.265441015120043,50
813900,-2.810493591205093,50
813950,-3.7432239581099735,50
814000,-5.059429963814781,50
814050,-18.28074449144663,50
814100,-2.1671871959814366,50
814150,-14.256626419118001,50
814200,-14.171747807903978,50
814250,-14.70368816132719,50
814300,-2.9271433230064265,50
814350,-3.120849421703757,50
814400,-8.91890915918661,50
814450,-9.738347562137744,50
814500,-3.415453811871829,50
814550,-20.18461296166406,50
814600,-3.1618474960202243,50
814650,-4.549027421800023,50
814700,-2.554271927385159,50
814750,-9.564006792956949,50
814800,-8.475635147312277,50
814850,-18.665446237649054,50
814900,-9.42583763346099,50
814950,-2.933241404368499,50
815000,-15.905682707226832,50
815050,-15.444737321485366,50
815100,-2.3932550129994636,50
815150,-5.117000736582987,50
815200,-12.567651187167861,50
815250,-16.41756626181898,50
815300,-17.16682494812621,50
815350,-2.9158753206541843,50
815400,-5.702153174466328,50
815450,-4.0540455975373675,50
815500,-2.429086951867675,50
815550,-12.500720691448512,50
815600,-12.375255455712566,50
815650,-7.893958142832308,50
815700,-16.597093777758616,50
815750,-11.466781279489057,50
815800,-6.531013953684274,50
815850,-7.03106896249234,50
815900,-5.220225512146021,50
815950,-19.09359850709804,50
816000,-15.486379585209896,50
816050,-4.1301312431281385,50
816100,-5.42125928016645,50
816150,-4.290668749822787,50
816200,-2.0191453739082785,50
816250,-12.362820392739119,50
816300,-5.304332419435712,50
816350,-20.84001029539933,50
816400,-9.288421552485108,50
816450,-5.532119121643523,50
816500,-3.9697429074212,50
816550,-14.921035769509025,50
816600,-17.513040788929825,50
816650,-11.466622569956447,50
816700,-13.244779711977246,50
816750,-13.474406193566637,50
816800,-3.0538971142822957,50
816850,-20.749669983572446,50
816900,-3.6214185577529148,50
816950,-4.56090954294881,50
817000,-2.1105882696214406,50
817050,-5.8587952615851115,50
817100,-17.057582682945284,50
817150,-2.436401789401019,50
817200,-3.299884675407181,50
817250,-2.4654305949516644,50
817300,-7.487359778366493,50
817350,-2.367625794086122,50
817400,-2.0440994994369155,50
817450,-2.823858520392929,50
817500,-2.459897274104116,50
817550,-9.793089947650525,50
817600,-2.0215424462128677,50
817650,-4.665984351926817,50
817700,-15.347972480313832,50
817750,-11.62402938562334,50
817800,-2.8928508754172295,50
817850,-7.103837580669638,50
817900,-15.976807458526697,50
817950,-4.03860812999638,50
818000,-10.391003880543709,50
818050,-19.230722549350386,50
818100,-2.5844748509969118,50
818150,-16.519014399737962,50
818200,-7.5975347568976845,50
818250,-16.146779713150682,50
818300,-1.9678915576680154,50
818350,-13.56467637807346,50
818400,-13.001822226377161,50
818450,-16.987882286314456,50
818500,-3.838620340722101,50
818550,-2.897186204336574,50
818600,-8.420327347728525,50
818650,-5.801239580183936,50
818700,-20.575285163243276,50
818750,-10.570277607921374,50
818800,-11.018523716301244,50
818850,-8.849155389230798,50
818900,-14.681132596435141,50
818950,-2.0669323708625855,50
819000,-10.075230982934205,50
819050,-2.6181577845642527,50
819100,-9.704995965735309,50
819150,-2.4115723302622123,50
819200,-7.950102751791027,50
819250,-15.937636224964788,50
819300,-13.92124291586447,50
819350,-14.078370791163412,50
819400,-2.4163858857619096,50
819450,-12.05100735210674,50
819500,-14.73483133657575,50
819550,-21.630482517899132,50
819600,-18.426833965399823,50
819650,-7.5981680770901265,50
819700,-12.992714225721109,50
819750,-12.796520900749124,50
819800,-3.562027668686545,50
819850,-3.4964856392915276,50
819900,-1.592523123469506,50
819950,-8.947113593807483,50
820000,-2.5866545520579183,50
820050,-7.36948714754833,50
820100,-12.230039299370038,50
820150,-15.427307167356828,50
820200,-4.391591398182959,50
820250,-14.97879615603271,50
820300,-18.176437022481984,50
820350,-2.124390698906299,50
820400,-3.9730936583300234,50
820450,-15.106687812419276,50
820500,-2.1032161108580287,50
820550,-1.5584860255737023,50
820600,-2.3409120205060026,50
820650,-5.191633328585701,50
820700,-7.164767349991648,50
820750,-1.68436062238719,50
820800,-12.955516838368071,50
820850,-12.51065068986025,50
820900,-11.560309370719844,50
820950,-9.566975323930095,50
821000,-14.27145456217323,50
821050,-2.1380628818052543,50
821100,-2.6633408314339855,50
821150,-2.6514373225617156,50
821200,-2.3894519275410584,50
821250,-1.9845477822630917,50
821300,-16.451586028815157,50
821350,-3.64010983467136,50
821400,-8.920563095638492,50
821450,-9.746020432679714,50
821500,-4.120844853793715,50
821550,-4.121020954526947,50
821600,-2.157695208133864,50
821650,-2.690199380150036,50
821700,-11.553042289891089,50
821750,-14.042572183973041,50
821800,-2.8780613046112262,50
821850,-11.999282839299157,50
821900,-7.121559723350988,50
821950,-10.333893357896114,50
822000,-3.1611114025397486,50
822050,-2.6427820278625225,50
822100,-4.262421851592647,50
822150,-14.132443491637185,50
822200,-21.976079645662868,50
822250,-8.335928118291985,50
822300,-2.1937725335764195,50
822350,-2.9247982654233557,50
822400,-20.05428789375312,50
822450,-6.068740137752319,50
822500,-10.826001775443018,50
822550,-2.345757508531407,50
822600,-6.198101761783025,50
822650,-10.590944121762757,50
822700,-17.66572335447135,50
822750,-15.264982841404716,50
822800,-9.622159675380802,50
822850,-2.2288905366815897,50
822900,-3.779297669186562,50
822950,-2.174377786733389,50
823000,-14.02113225782721,50
823050,-4.29030450530243,50
823100,-6.268579598326171,50
823150,-3.616820145331199,50
823200,-4.995653436718449,50
823250,-6.422740170397756,50
823300,-8.990673994075536,50
823350,-19.671638022080757,50
823400,-13.12466703688333,50
823450,-5.160456247159112,50
823500,-14.604621348213708,50
823550,-4.449223795037742,50
823600,-0.9747550777502216,50
823650,-12.05561497291076,50
823700,-3.3830349568071068,50
823750,-14.292387156700268,50
823800,-16.746984305570063,50
823850,-4.66586413108284,50
823900,-10.297707676973987,50
823950,-5.6709870619004645,50
824000,-4.457849901685555,50
824050,-6.263082959054741,50
824100,-4.7511774739859804,50
824150,-4.816814527275745,50
824200,-2.3654487829791893,50
824250,-1.5157751136894304,50
824300,-16.965623658065784,50
824350,-5.034154364555037,50
824400,-10.960391004086844,50
824450,-2.852239921835753,50
824500,-13.977633096614584,50
824550,-1.9467525315477832,50
824600,-5.971168174243571,50
824650,-10.304705416448915,50
824700,-14.195273039214367,50
824750,-18.807113604769096,50
824800,-19.158115301048426,50
824850,-8.744121585004587,50
824900,-2.504039900181368,50
824950,-9.654798592236912,50
825000,-12.278431309122556,50
825050,-4.544067249511495,50
825100,-12.092131293782332,50
825150,-3.8102815243361787,50
825200,-9.144842687824053,50
825250,-2.306577035271616,50
825300,-2.4917131292664014,50
825350,-3.141348397444213,50
825400,-11.206655519506945,50
825450,-13.292838320789901,50
825500,-9.198793601719585,50
825550,-4.59955645948505,50
825600,-2.962446739773877,50
825650,-5.126397389549642,50
825700,-3.883004265406283,50
825750,-3.1220347643816355,50
825800,-3.4694948209974554,50
825850,-4.296086750902152,50
825900,-4.247062929575371,50
825950,-11.133871427992418,50
826000,-3.92153710837339,50
826050,-12.554347523273995,50
826100,-7.873880087229864,50
826150,-5.541519749923837,50
826200,-12.619770887539783,50
826250,-10.563807422726336,50
826300,-7.174758082080145,50
826350,-2.2192888902704686,50
826400,-5.808279249704872,50
826450,-5.922645842713598,50
826500,-10.608217518639583,50
826550,-2.639388107297587,50
826600,-14.142384484193219,50
826650,-10.697042127731484,50
826700,-3.268982528482333,50
826750,-11.713745155077323,50
826800,-14.819036299654499,50
826850,-2.9339309486560468,50
826900,-6.1083858463986465,50
826950,-1.8584015205685418,50
827000,-1.5777937283768078,50
827050,-15.966543758993314,50
827100,-4.278657769705065,50
827150,-2.4652190822418083,50
827200,-6.734757134602754,50
827250,-1.9141747641771076,50
827300,-5.271995405110043,50
827350,-4.712577299899544,50
827400,-13.076542945852232,50
827450,-3.1979034896336973,50
827500,-1.9802589704283955,50
827550,-18.17535176195255,50
827600,-15.79220821237769,50
827650,-10.822395466048672,50
827700,-1.9863702368107639,50
827750,-8.754275037564497,50
827800,-4.606624939874438,50
827850,-1.8817696000462136,50
827900,-12.485550394373321,50
827950,-12.54961174827739,50
828000,-10.217565661521533,50
828050,-12.785248404147712,50
828100,-17.748190083689,50
828150,-2.774487077959863,50
828200,-4.508022819461645,50
828250,-2.8369204252163076,50
828300,-20.630290047381905,50
828350,-4.0412642140335375,50
828400,-18.14526810991416,50
828450,-3.025187543017101,50
828500,-17.55316912756845,50
828550,-7.8930083457812925,50
828600,-10.0761470662268,50
828650,-2.5860714414019124,50
828700,-2.94021614975014,50
828750,-6.83671647154353,50
828800,-4.277809296721253,50
828850,-4.482677016898999,50
828900,-9.957606160370458,50
828950,-6.885600870181614,50
829000,-11.020175041511598,50
829050,-18.25856714763632,50
829100,-3.3009561728868158,50
829150,-17.727089152403607,50
829200,-16.76053748326508,50
829250,-3.902711783361953,50
829300,-4.2660839969041255,50
829350,-2.6379998883538494,50
829400,-2.9602575918570757,50
829450,-9.94268172146397,50
829500,-10.116310783451862,50
829550,-9.941788480038651,50
829600,-5.65967476561643,50
829650,-7.458956870938532,50
829700,-5.091385940867906,50
829750,-19.69721814331137,50
829800,-13.361187152021504,50
829850,-1.8705978747744185,50
829900,-16.57764750667023,50
829950,-2.266475302967467,50
830000,-3.3558783524651172,50
830050,-4.825484471783789,50
830100,-4.331441891345177,50
830150,-3.719436458805572,50
830200,-9.571834325523348,50
830250,-8.053466887800415,50
830300,-4.579070627438908,50
830350,-11.863261954310712,50
830400,-4.659444484063818,50
830450,-11.108104856487843,50
830500,-6.7506940671451705,50
830550,-5.290063683775398,50
830600,-15.277042628093968,50
830650,-10.126710017671982,50
830700,-2.4706039854504196,50
830750,-2.32858840616436,50
830800,-4.918392138822358,50
830850,-5.334251598466585,50
830900,-14.516869575951377,50
830950,-17.536033532365316,50
831000,-3.408923149545507,50
831050,-14.169478080901825,50
831100,-9.045347307431683,50
831150,-8.883172377911055,50
831200,-11.30283041887515,50
831250,-6.619257401981309,50
831300,-4.049828638681487,50
831350,-9.25678073016388,50
831400,-2.331731788342699,50
831450,-18.659727866410407,50
831500,-16.845016225900785,50
831550,-2.5078882508220737,50
831600,-20.947142575007113,50
831650,-14.510667289703834,50
831700,-12.219836391486401,50
831750,-7.753731204380401,50
831800,-4.820759436359932,50
831850,-16.652550981480324,50
831900,-21.529329236287047,50
831950,-4.640268790636142,50
832000,-11.42952113352337,50
832050,-13.342649888094776,50
832100,-18.39266044267352,50
832150,-13.587655836428453,50
832200,-2.4004171867716546,50
832250,-2.6781905071270367,50
832300,-6.551787800480365,50
832350,-2.680624850752895,50
832400,-3.800452221026118,50
832450,-3.948384681389305,50
832500,-2.1608620488731396,50
832550,-2.7236932453333003,50
832600,-17.329250327684278,50
832650,-11.95669731323291,50
832700,-5.721763949576727,50
832750,-2.503912717500846,50
832800,-4.428054714055774,50
832850,-12.849298183070216,50
832900,-2.388838774244154,50
832950,-3.136165033496026,50
833000,-2.1749815176600453,50
833050,-4.17245974104556,50
833100,-8.18582132196104,50
833150,-3.2786198111220926,50
833200,-5.295592632136272,50
833250,-6.5666330041483505,50
833300,-5.137843982119125,50
833350,-17.09136463717707,50
833400,-14.265517959485884,50
833450,-8.759306099639643,50
833500,-17.093777114699954,50
833550,-18.284934744951897,50
833600,-18.799609865004708,50
833650,-21.67796869861289,50
833700,-3.4549783576255955,50
833750,-6.782025810589032,50
833800,-5.237035065861489,50
833850,-4.29385790665417,50
833900,-17.35453235313395,50
833950,-19.578003359971778,50
834000,-3.0106833939367803,50
834050,-4.37510846420061,50
834100,-13.702690556008358,50
834150,-12.13160739689463,50
834200,-18.376887879702757,50
834250,-3.6631154475956933,50
834300,-14.224477073167384,50
834350,-18.5045673301914,50
834400,-9.928383287789746,50
834450,-9.030213088600112,50
834500,-3.141534765708916,50
834550,-3.6488642027072253,50
834600,-5.6723535684749455,50
834650,-10.275945712751223,50
834700,-3.2841038557400437,50
834750,-1.246279843894629,50
834800,-18.967515860899844,50
834850,-4.1523060527223885,50
834900,-9.62803381715216,50
834950,-2.220706884695762,50
835000,-5.416141154633112,50
835050,-5.649842421953318,50
835100,-17.582275924371384,50
835150,-2.7819118128090667,50
835200,-4.1234011379280675,50
835250,-7.710813378924715,50
835300,-5.210058649986188,50
835350,-17.0579595519436,50
835400,-8.463643979514027,50
835450,-19.122961443224174,50
835500,-6.605154564124672,50
835550,-1.4242477373408098,50
835600,-5.286685255847724,50
835650,-7.645248620593183,50
835700,-4.416490329786677,50
835750,-3.3519754667967874,50
835800,-3.4880368387302427,50
835850,-6.753998671738496,50
835900,-3.1967232483804553,50
835950,-1.5776737800471972,50
836000,-1.92236730354359,50
836050,-17.991508225793158,50
836100,-13.417505884247106,50
836150,-2.360468925331684,50
836200,-16.914673476126882,50
836250,-2.0769653206865355,50
836300,-4.541987769699599,50
836350,-4.669187376452468,50
836400,-4.552934459606328,50
836450,-10.98536552021224,50
836500,-5.393465864796544,50
836550,-4.500805080590876,50
836600,-11.24278785977794,50
836650,-8.326871786812372,50
836700,-4.918800154005909,50
836750,-11.788025553221923,50
836800,-5.925913699443473,50
836850,-2.256491608694244,50
836900,-10.708514239274448,50
836950,-11.729257231617884,50
837000,-3.3167372274381135,50
837050,-19.43518380308801,50
837100,-2.2684055006232136,50
837150,-10.84567750562702,50
837200,-15.214054416445563,50
837250,-7.055459298181734,50
837300,-12.97604801386682,50
837350,-15.065030335027553,50
837400,-21.143272831715127,50
837450,-13.198382787945553,50
837500,-18.64251317884842,50
837550,-7.237738796422142,50
837600,-11.79033029631531,50
837650,-1.6398627843863671,50
837700,-5.088625220030822,50
837750,-1.749474010221669,50
837800,-3.7997898113258537,50
837850,-2.9064320024721755,50
837900,-3.725401619019029,50
837950,-12.662616664907592,50
838000,-6.916646356695112,50
838050,-1.6478037604489129,50
838100,-17.911030434555492,50
838150,-16.7272772629032,50
838200,-15.473442294666986,50
838250,-14.765783614641087,50
838300,-13.782193940422989,50
838350,-3.8766916469556048,50
838400,-16.846770169963268,50
838450,-6.678672018513835,50
838500,-4.26873709713518,50
838550,-4.1758554197619375,50
838600,-5.435881669963056,50
838650,-3.2392084650571853,50
838700,-1.6823193954969888,50
838750,-14.617943478853187,50
838800,-19.639304169007207,50
838850,-15.31535719384225,50
838900,-4.6268191841617,50
838950,-5.022686656847561,50
839000,-10.869016514027475,50
839050,-3.0820597402672223,50
839100,-3.1054665895801037,50
839150,-8.326030049330296,50
839200,-2.529308629886963,50
839250,-7.228200377600577,50
839300,-8.44971331392981,50
839350,-11.813407914094762,50
839400,-3.3758295691896913,50
839450,-2.8866824089505276,50
839500,-1.9877889664883706,50
839550,-1.0646098153217556,50
839600,-13.981479958463767,50
839650,-2.7569006757335415,50
839700,-4.128089886693808,50
839750,-4.042640745646223,50
839800,-4.760889932016454,50
839850,-3.0419226255653276,50
839900,-2.555792682496047,50
839950,-15.131321736416023,50
840000,-4.285765472936906,50
840050,-13.941939966568889,50
840100,-6.532949367629847,50
840150,-4.563025823646475,50
840200,-21.706155038281445,50
840250,-6.418805627813412,50
840300,-9.048621007579214,50
840350,-7.924423231851039,50
840400,-15.69542087580803,50
840450,-1.4271774127301557,50
840500,-12.806728454628297,50
840550,-2.1262342902532163,50
840600,-18.7395862516743,50
840650,-5.721486377141031,50
840700,-9.436882165793156,50
840750,-7.7796975651929,50
840800,-14.459204481538732,50
840850,-13.05041830341827,50
840900,-3.104676317447603,50
840950,-6.044152574360171,50
841000,-5.675724635018449,50
841050,-11.730970618250115,50
841100,-8.705161405113403,50
841150,-14.2607970526536,50
841200,-17.632482719570557,50
841250,-1.5136545348269097,50
841300,-15.149649629425701,50
841350,-15.994970665525049,50
841400,-7.512397142668849,50
841450,-5.092823738331587,50
841500,-1.4205679242267846,50
841550,-1.8121813666513793,50
841600,-9.253621919440837,50
841650,-13.919586870445213,50
841700,-1.953107821928847,50
841750,-7.233684772375291,50
841800,-18.03184937757406,50
841850,-1.9180253439100776,50
841900,-3.9886438667711546,50
841950,-0.8927080793122855,50
842000,-6.190434570017663,50
842050,-1.752792914335181,50
842100,-12.586824414301699,50
842150,-1.8354102519985986,50
842200,-6.2605581324932915,50
842250,-8.04424877155437,50
842300,-16.495641323849163,50
842350,-4.030892694378698,50
842400,-8.40012530249023,50
842450,-8.00561272991443,50
842500,-12.456585279297101,50
842550,-11.408910476450144,50
842600,-9.94949176131184,50
842650,-21.23453819649871,50
842700,-11.78659204688128,50
842750,-21.141216680881115,50
842800,-9.988043085875164,50
842850,-3.21771599225736,50
842900,-2.2012901564640455,50
842950,-2.3364057155725346,50
843000,-7.504913899994122,50
843050,-2.0532131117100367,50
843100,-13.657004742940039,50
843150,-2.8813394125219443,50
843200,-16.609755946521837,50
843250,-3.061211514511449,50
843300,-5.051482632329509,50
843350,-2.647959280372439,50
843400,-4.238553797584547,50
843450,-9.178686048151363,50
843500,-1.9164512743678712,50
843550,-17.80512225552161,50
843600,-3.786618388719296,50
843650,-11.200245176646636,50
843700,-2.7671741727776267,50
843750,-6.036355484299148,50
843800,-4.629574155561838,50
843850,-5.320095526916427,50
843900,-7.9098631737190574,50
843950,-6.096019687082638,50
844000,-11.051232801773155,50
844050,-4.114058703743848,50
844100,-2.976673433689127,50
844150,-6.43839937206877,50
844200,-15.598622033537348,50
844250,-2.5055070296870268,50
844300,-15.332344255660246,50
844350,-20.01422793835627,50
844400,-3.880008071567334,50
844450,-12.385680465017632,50
844500,-16.588268448256258,50
844550,-4.26320222853218,50
844600,-21.01549057506599,50
844650,-1.1183521190190995,50
844700,-1.6175202699587994,50
844750,-20.474772639111915,50
844800,-17.639666252159536,50
844850,-1.656084216181209,50
844900,-2.238873698643273,50
844950,-7.268942393597878,50
845000,-3.3683853922729097,50
845050,-17.042342232058488,50
845100,-2.8846321723774664,50
845150,-9.550245175323326,50
845200,-4.750524815689387,50
845250,-9.939210822329786,50
845300,-3.707277883793102,50
845350,-3.2830143663211038,50
845400,-2.0585974491001204,50
845450,-4.665154723379429,50
845500,-2.6401791872045046,50
845550,-2.878021650890225,50
845600,-3.912551043405713,50
845650,-3.671348888017227,50
845700,-5.183140261327835,50
845750,-17.283057879912974,50
845800,-14.153463625664033,50
845850,-14.461955614157665,50
845900,-7.302476713067749,50
845950,-16.530094109182226,50
846000,-12.767391848708462,50
846050,-12.32088356925159,50
846100,-4.170219109391623,50
846150,-2.8518894333407827,50
846200,-9.068949622968022,50
846250,-5.374336385943578,50
846300,-13.33278069284493,50
846350,-5.189274531564582,50
846400,-14.103241247172967,50
846450,-5.900951445131724,50
846500,-4.883094390782569,50
846550,-17.887155222478558,50
846600,-6.945015056126508,50
846650,-2.78183117106035,50
846700,-5.001379565404861,50
846750,-6.780883229306136,50
846800,-2.297132854333985,50
846850,-5.424873756590743,50
846900,-1.6226889042013728,50
846950,-3.793799079464699,50
847000,-3.316911235123795,50
847050,-4.441446421297447,50
847100,-6.156015615179831,50
847150,-11.89106243228344,50
847200,-20.113083642832656,50
847250,-14.013200204192955,50
847300,-2.9428741813512747,50
847350,-17.027307854003134,50
847400,-8.273208756453327,50
847450,-6.330907102424307,50
847500,-7.903319866221153,50
847550,-7.672189635220407,50
847600,-12.955540453590382,50
847650,-5.812551483141119,50
847700,-11.555459334805857,50
847750,-8.91086692055323,50
847800,-2.241310756844615,50
847850,-4.031267214278757,50
847900,-3.5669222218053487,50
847950,-3.082060472683212,50
848000,-3.6066223297404125,50
848050,-5.919259394574277,50
848100,-11.451892370069046,50
848150,-2.291789679074795,50
848200,-3.8631085754249055,50
848250,-3.7054801273106057,50
848300,-3.279350513462864,50
848350,-10.0918897260836,50
848400,-4.685571059644191,50
848450,-4.974226737083007,50
848500,-2.135473219351614,50
848550,-3.4471304504091833,50
848600,-5.831654270081113,50
848650,-1.4162651621813553,50
848700,-15.746687340821016,50
848750,-13.436428762829074,50
848800,-7.951607923922645,50
848850,-14.297463517101255,50
848900,-16.878829258659806,50
848950,-7.358651513133509,50
849000,-11.998607602246498,50
849050,-13.524895862619603,50
849100,-9.151707825910925,50
849150,-5.7143423197679715,50
849200,-7.015035275480766,50
849250,-11.943154869290542,50
849300,-2.2660832603046015,50
849350,-1.806375853230856,50
849400,-5.373429003187457,50
849450,-1.2813896772288058,50
849500,-4.547053820285429,50
849550,-10.05876467275312,50
849600,-3.1255489965982006,50
849650,-2.843944286721129,50
849700,-8.672361586065145,50
849750,-4.824282277891368,50
849800,-4.93282393591851,50
849850,-4.120387033948357,50
849900,-13.49030333385862,50
849950,-21.639452529551008,50
850000,-5.258422530965355,50
850050,-15.112894316924958,50
850100,-3.7172677757174326,50
850150,-4.8639388043138885,50
850200,-16.519797633676436,50
850250,-8.945177154228723,50
850300,-19.830090354652423,50
850350,-3.089688416792855,50
850400,-9.55710776060526,50
850450,-4.765584801805571,50
850500,-16.49202722084916,50
850550,-14.055497335103217,50
850600,-3.9150645943704023,50
850650,-2.59920315372826,50
850700,-3.521080741271819,50
850750,-3.7397405529537417,50
850800,-3.8498048954180693,50
850850,-1.7033057105421714,50
850900,-2.9668457247953963,50
850950,-3.2186821710160416,50
851000,-4.291941684737249,50
851050,-1.7281171518537373,50
851100,-19.90188774770037,50
851150,-5.798047795150101,50
851200,-15.953252167426019,50
851250,-3.16611892744529,50
851300,-17.36883234628437,50
851350,-2.8106124106318022,50
851400,-3.0942228625034613,50
851450,-4.2126536162339265,50
851500,-11.026850171051596,50
851550,-2.709956921550372,50
851600,-16.462294855841456,50
851650,-15.893997671118344,50
851700,-13.487487971525871,50
851750,-17.234897148032992,50
851800,-3.26079391833938,50
851850,-2.4637635252992434,50
851900,-5.5210136451858265,50
851950,-10.2629880084215,50
852000,-1.8269180749430893,50
852050,-1.8168899586672154,50
852100,-3.701589435567356,50
852150,-1.663041054677594,50
852200,-7.693878734623463,50
852250,-13.363758104401091,50
852300,-3.527732982617822,50
852350,-9.4451250395932,50
852400,-3.5077461137678734,50
852450,-4.748278004679816,50
852500,-18.039588776973854,50
852550,-3.008711442862939,50
852600,-5.545866141507101,50
852650,-9.554853260824087,50
852700,-5.391214840071165,50
852750,-16.329880686035615,50
852800,-10.036392520251487,50
852850,-12.6691195845482,50
852900,-13.470953960048977,50
852950,-12.855091540679274,50
853000,-1.975482219337488,50
853050,-6.0700888410370615,50
853100,-18.301578390940215,50
853150,-4.2253938755631655,50
853200,-15.776666658147182,50
853250,-14.913796021938264,50
853300,-3.1846370257797485,50
853350,-8.85730661742466,50
853400,-7.435837555967299,50
853450,-16.398882519733927,50
853500,-20.444716303152713,50
853550,-20.870726239527396,50
853600,-17.245741195760683,50
853650,-11.695921295374363,50
853700,-16.22981853306307,50
853750,-17.403654427104414,50
853800,-4.97225228338873,50
853850,-5.08747813361597,50
853900,-8.421954247813488,50
853950,-21.339475819709648,50
854000,-17.82993502837153,50
854050,-1.724543301410148,50
854100,-2.6088398917059283,50
854150,-2.7875573400731453,50
854200,-1.3407191592596073,50
854250,-3.6915179028948244,50
854300,-13.225753738301428,50
854350,-2.2963051479369714,50
854400,-17.109181356855018,50
854450,-1.6913279045509924,50
854500,-18.41499301287119,50
854550,-3.5300147090186758,50
854600,-2.299958290698177,50
854650,-5.090146410946904,50
854700,-10.71875269020418,50
854750,-20.970318758336536,50
854800,-1.2977636002336856,50
854850,-4.339845502658241,50
854900,-5.503477858486221,50
854950,-6.868243539170881,50
855000,-1.3737252227005445,50
855050,-14.504804815129212,50
855100,-15.985149842075451,50
855150,-5.181047825912304,50
855200,-19.454032825800258,50
855250,-12.384958148459912,50
855300,-2.095951667432727,50
855350,-5.191496678075457,50
855400,-4.335944250044002,50
855450,-6.80293445688462,50
855500,-4.567265344784676,50
855550,-12.0850543769195,50
855600,-16.477532994266937,50
855650,-2.99843222332612,50
855700,-16.240928009736738,50
855750,-10.697500998065607,50
855800,-11.868898635537084,50
855850,-8.975214365894999,50
855900,-13.62266139516668,50
855950,-2.772132535543859,50
856000,-17.525292477390895,50
856050,-12.101056501970511,50
856100,-2.405674990341628,50
856150,-6.781010174353448,50
856200,-7.626260525778843,50
856250,-18.7341085062074,50
856300,-10.824757581379739,50
856350,-14.428789453857206,50
856400,-3.878622327233601,50
856450,-5.437943352630613,50
856500,-4.697453607645971,50
856550,-3.384405075553023,50
856600,-4.334828952877551,50
856650,-13.84271383164584,50
856700,-3.2646494589086053,50
856750,-2.367069014376576,50
856800,-1.9735719086805557,50
856850,-21.185778559492736,50
856900,-4.725749672843739,50
856950,-9.518602392599535,50
857000,-2.011214529661211,50
857050,-15.82095639532578,50
857100,-2.0900162744782276,50
857150,-12.841666105424016,50
857200,-2.9764844643129904,50
857250,-3.9988694864544816,50
857300,-4.098683315661283,50
857350,-18.997831066409447,50
857400,-18.89542171231472,50
857450,-13.859845953598827,50
857500,-10.144633181475012,50
857550,-10.588084318186157,50
857600,-4.641974423675705,50
857650,-4.234949960864972,50
857700,-7.026754851036624,50
857750,-4.244616734880831,50
857800,-2.2878993332803175,50
857850,-15.323742516012622,50
857900,-3.3472224144026974,50
857950,-9.485796275256517,50
858000,-10.735941933161875,50
858050,-17.824184019449536,50
858100,-15.216813492317911,50
858150,-3.1092748511199093,50
858200,-17.35418844374505,50
858250,-3.0814085010692494,50
858300,-4.378194384242795,50
858350,-2.7366123251302312,50
858400,-7.101257862913276,50
858450,-8.753310625276132,50
858500,-3.6983783003970445,50
858550,-4.158117140335405,50
858600,-3.8504367198927985,50
858650,-6.318380685797442,50
858700,-17.454556513909896,50
858750,-2.385086189210748,50
858800,-4.534245232111143,50
858850,-14.16017959926209,50
858900,-5.854411901088199,50
858950,-9.846357536065003,50
859000,-21.7959144039954,50
859050,-2.1245192505181936,50
859100,-10.117046042234044,50
859150,-4.29560167396353,50
859200,-4.166699787471545,50
859250,-16.3395412728956,50
859300,-8.032012865007857,50
859350,-17.88956737634309,50
859400,-3.7930165773734177,50
859450,-5.831768134090524,50
859500,-4.654176997319214,50
859550,-4.185984557957967,50
859600,-17.80578254092842,50
859650,-7.430042949219798,50
859700,-16.221632220482302,50
859750,-3.0690319748392274,50
859800,-3.2161581925802736,50
859850,-10.738339085784535,50
859900,-8.518591250668022,50
859950,-2.892193319572362,50
860000,-12.108976683082068,50
860050,-8.868010396492336,50
860100,-2.235494649557079,50
860150,-6.132840822956466,50
860200,-10.13676149604405,50
860250,-14.793607209978168,50
860300,-2.325459668180927,50
860350,-13.942104169036316,50
860400,-12.372551962125735,50
860450,-6.417663835982765,50
860500,-18.52960399058549,50
860550,-6.439678586512923,50
860600,-3.0159588248466758,50
860650,-15.463055671584002,50
860700,-3.568519004386072,50
860750,-15.560690910829557,50
860800,-1.2856735289729018,50
860850,-8.487865385093821,50
860900,-9.124259103630367,50
860950,-3.0194898887606905,50
861000,-6.637860101906002,50
861050,-1.7930702937997296,50
861100,-3.0914473558769293,50
861150,-2.4414172194949506,50
861200,-14.478115359376288,50
861250,-3.6166384647732035,50
861300,-15.936783682109949,50
861350,-5.019056205310302,50
861400,-3.564251735781824,50
861450,-7.913988744491983,50
861500,-4.632256903234493,50
861550,-5.477583792730351,50
861600,-5.145744560801834,50
861650,-19.222834172984182,50
861700,-11.401551992739874,50
861750,-15.534362200380093,50
861800,-2.9581154167728463,50
861850,-17.751433649162944,50
861900,-3.084878411832845,50
861950,-3.96646756309703,50
862000,-16.019765211936253,50
862050,-6.752574993737422,50
862100,-8.140639189408478,50
862150,-4.017394266554555,50
862200,-11.92344825417619,50
862250,-3.842075974645967,50
862300,-13.680254293132354,50
862350,-2.3977679765761084,50
862400,-2.831235778788896,50
862450,-5.815108344167524,50
862500,-15.690467042924258,50
862550,-1.7109620471272644,50
862600,-3.646008824759759,50
862650,-7.743675014423699,50
862700,-17.818620893407054,50
862750,-2.981757503210223,50
862800,-2.327666536521726,50
862850,-1.748100582906425,50
862900,-1.675624452780777,50
862950,-4.174525595251503,50
863000,-20.803564736734913,50
863050,-2.1979658554317245,50
863100,-4.355995190357403,50
863150,-10.255662854107383,50
863200,-18.262471894196885,50
863250,-3.068806134020057,50
863300,-3.3936817605635765,50
863350,-1.9086282955208433,50
863400,-20.749981100637612,50
863450,-3.9289431489257938,50
863500,-19.816064599375107,50
863550,-2.8918361805517208,50
863600,-2.8873166951438574,50
863650,-4.6905011083581165,50
863700,-10.514441518414852,50
863750,-2.7442111335059542,50
863800,-4.2834108883289215,50
863850,-15.411971484842887,50
863900,-9.56330588435382,50
863950,-14.134863289220217,50
864000,-1.703338599529166,50
864050,-6.159453167828844,50
864100,-4.638457043115849,50
864150,-15.06306660695869,50
864200,-1.8599739396462873,50
864250,-4.397969479021916,50
864300,-7.688972813522988,50
864350,-13.526425381199479,50
864400,-8.636101844810637,50
864450,-2.3319955338817415,50
864500,-17.545816066978883,50
864550,-3.5471760957765652,50
864600,-10.707928476968291,50
864650,-3.4185451979815507,50
864700,-2.8113832175861693,50
864750,-2.6688823281277054,50
864800,-15.31368707809724,50
864850,-3.4541879203486046,50
864900,-1.9760157825104185,50
864950,-4.491719586336056,50
865000,-14.095565150557995,50
865050,-6.696934117460741,50
865100,-4.0169776663946,50
865150,-17.293017645213805,50
865200,-2.590972153311696,50
865250,-2.643708696149925,50
865300,-4.118575370263338,50
865350,-15.068050303982663,50
865400,-3.2831398006408024,50
865450,-5.9454652745714975,50
865500,-2.491333741611646,50
865550,-11.31524411689872,50
865600,-2.7817108814382268,50
865650,-8.872618605795129,50
865700,-1.489780581579748,50
865750,-4.420053824704308,50
865800,-4.110731335584201,50
865850,-9.79667013973395,50
865900,-2.034803773566905,50
865950,-1.9742357242628954,50
866000,-8.774129589415262,50
866050,-10.33671816539035,50
866100,-14.811735336527056,50
866150,-3.0963259160621073,50
866200,-2.00675173435532,50
866250,-7.988201206992,50
866300,-1.801223863948593,50
866350,-16.587965506220137,50
866400,-11.675366614789219,50
866450,-4.503356475640382,50
866500,-2.342793979835247,50
866550,-4.4273178729363085,50
866600,-2.970780866917443,50
866650,-9.031056904772678,50
866700,-1.8868171033182466,50
866750,-2.207385883917977,50
866800,-12.581110995132658,50
866850,-7.937655529578232,50
866900,-3.0219653871567798,50
866950,-2.8288999625154405,50
867000,-2.0392374911488202,50
867050,-11.74135916425331,50
867100,-16.497684986691716,50
867150,-4.221257842926486,50
867200,-11.429249109192254,50
867250,-6.069370850393879,50
867300,-14.623580985817133,50
867350,-12.670089442462931,50
867400,-3.622811107523886,50
867450,-13.7040763756349,50
867500,-12.801575038582602,50
867550,-4.991648755206979,50
867600,-3.2786093211736143,50
867650,-2.3944940744306296,50
867700,-3.6350917752908654,50
867750,-3.3687754997280925,50
867800,-20.568367340105787,50
867850,-13.223176778329279,50
867900,-4.295380163414099,50
867950,-4.180716899627784,50
868000,-5.034143567818481,50
868050,-20.405016863844992,50
868100,-4.036527061978419,50
868150,-2.4967608180318126,50
868200,-14.530924806212738,50
868250,-2.8011119920753837,50
868300,-9.17680641813592,50
868350,-1.3219474502355626,50
868400,-13.009651593117864,50
868450,-1.721352154634777,50
868500,-7.697960767171584,50
868550,-13.936445981220437,50
868600,-8.260211017889077,50
868650,-8.284659017697187,50
868700,-5.301455254710484,50
868750,-14.518467782238314,50
868800,-5.275708838173811,50
868850,-4.423168841130823,50
868900,-2.822528213803348,50
868950,-8.841067724842224,50
869000,-12.416901987688869,50
869050,-4.055689467603876,50
869100,-19.83085806784632,50
869150,-21.04247567854922,50
869200,-2.8822804392749792,50
869250,-10.423575885372163,50
869300,-5.7098052312868965,50
869350,-2.8298540302246624,50
869400,-3.0001622323455157,50
869450,-2.4133006814427294,50
869500,-8.769379873461315,50
869550,-19.0015494684438,50
869600,-2.981806749259106,50
869650,-9.347569594585714,50
869700,-16.223582218245213,50
869750,-14.148401721346824,50
869800,-9.7901237241806,50
869850,-3.5758246107106006,50
869900,-4.383142478394767,50
869950,-3.738605055659278,50
870000,-4.891211618161346,50
870050,-2.1287759740477985,50
870100,-3.1170416892221926,50
870150,-16.05411020935564,50
870200,-1.2413159314099678,50
870250,-12.758385139601307,50
870300,-3.9877253785742752,50
870350,-17.031279437586733,50
870400,-2.064383051951544,50
870450,-8.976024519979564,50
870500,-5.347325014396262,50
870550,-4.574806376296418,50
870600,-4.015342951068129,50
870650,-12.97226930562532,50
870700,-4.609065928458503,50
870750,-17.142187030704616,50
870800,-5.490245034800578,50
870850,-12.70967685481147,50
870900,-2.755153600565014,50
870950,-3.682609480255522,50
871000,-14.478479223476425,50
871050,-12.649291061429079,50
871100,-15.01418431886849,50
871150,-4.270389400721745,50
871200,-2.8463859018348048,50
871250,-6.6816078619472,50
871300,-2.5581004896172925,50
871350,-11.094193333046428,50
871400,-4.918837081827924,50
871450,-17.770508747145175,50
871500,-15.33565080115045,50
871550,-13.973481131846066,50
871600,-6.695146102015298,50
871650,-16.164993361730673,50
871700,-3.2693774178620476,50
871750,-7.488395872828378,50
871800,-1.8032986726372964,50
871850,-8.435283027655828,50
871900,-4.950901685265426,50
871950,-13.589220888861094,50
872000,-4.260183213247125,50
872050,-10.862959193377085,50
872100,-4.501555279707541,50
872150,-14.927359026128963,50
872200,-11.093083206227533,50
872250,-20.288889246193023,50
872300,-6.22578793023403,50
872350,-3.250116362038671,50
872400,-18.417389213036394,50
872450,-3.251576501280578,50
872500,-14.36408359492191,50
872550,-9.021188947842399,50
872600,-2.2805988425199066,50
872650,-10.77706933343712,50
872700,-6.405252470541317,50
872750,-16.379181593323104,50
872800,-21.067598991864156,50
872850,-10.092874824262916,50
872900,-2.681516216327445,50
872950,-9.457977425361097,50
873000,-5.3270641724123395,50
873050,-18.944451220513237,50
873100,-7.166019572012715,50
873150,-10.540360228703719,50
873200,-3.7939916323391984,50
873250,-21.896227819246953,50
873300,-11.618472133589623,50
873350,-22.057692350899575,50
873400,-7.495618007872559,50
873450,-3.050209444110684,50
873500,-13.939587960966076,50
873550,-11.08210507347141,50
873600,-9.112705979333517,50
873650,-17.93929101791323,50
873700,-10.597353811986972,50
873750,-4.7957991088876275,50
873800,-17.140208966923094,50
873850,-3.131850515888287,50
873900,-17.658175265127397,50
873950,-4.917701981580862,50
874000,-9.393196125410306,50
874050,-6.722518295167811,50
874100,-11.389061372222042,50
874150,-5.718957552659789,50
874200,-8.858761788315237,50
874250,-19.377526023449228,50
874300,-2.4250167048247837,50
874350,-3.918328366340351,50
874400,-2.9815310900935694,50
874450,-2.155953020917508,50
874500,-1.4249114916655403,50
874550,-13.099461325708157,50
874600,-8.12935872603084,50
874650,-14.205247027562542,50
874700,-10.961800950324262,50
874750,-1.8953541176851043,50
874800,-1.4094245835621066,50
874850,-3.37819254641352,50
874900,-8.433558315938923,50
874950,-3.2448180917720912,50
875000,-10.843137741446986,50
875050,-9.537368285706627,50
875100,-6.968414032553701,50
875150,-6.1910295483998175,50
875200,-13.544461046690964,50
875250,-15.924622248245758,50
875300,-5.503634630987236,50
875350,-2.7152903737424205,50
875400,-10.993438467940146,50
875450,-8.985993712043097,50
875500,-19.38345836887202,50
875550,-3.898731871784208,50
875600,-3.6007926598741142,50
875650,-15.06985479223012,50
875700,-4.5650110399292325,50
875750,-6.767157360108016,50
875800,-3.0989429420759973,50
875850,-1.448904968958239,50
875900,-13.176194201698008,50
875950,-4.25657254532281,50
876000,-4.24343850132549,50
876050,-12.296227775372898,50
876100,-5.197143938749645,50
876150,-3.27352487427775,50
876200,-22.10947149840509,50
876250,-4.732198637481416,50
876300,-4.3329425367297345,50
876350,-16.979198173282768,50
876400,-13.420846720441022,50
876450,-9.94054290379162,50
876500,-5.6052126587100695,50
876550,-3.4632004507499463,50
876600,-2.8364008824856684,50
876650,-8.4206665448083,50
876700,-11.530169735539051,50
876750,-8.517591490865184,50
876800,-3.1633437755520926,50
876850,-3.1568740887740483,50
876900,-11.132018854582432,50
876950,-10.957566471478192,50
877000,-10.1628524375177,50
877050,-4.462766304323732,50
877100,-15.30827199667587,50
877150,-17.080697831722077,50
877200,-4.162474975008251,50
877250,-14.924199966598685,50
877300,-4.4895342067218955,50
877350,-3.056135903922945,50
877400,-11.499777361875225,50
877450,-20.12177088871134,50
877500,-14.798912096712934,50
877550,-2.670434293413477,50
877600,-18.471988450894667,50
877650,-3.109970643723314,50
877700,-2.5914443063569506,50
877750,-3.009157026069983,50
877800,-2.157578482717675,50
877850,-15.355966675330087,50
877900,-8.491482964251764,50
877950,-4.725012901136727,50
878000,-3.2413324349102357,50
878050,-2.568317718375388,50
878100,-14.959948239598958,50
878150,-2.6942161992917066,50
878200,-16.071096712543888,50
878250,-2.646945860119311,50
878300,-6.497921139985067,50
878350,-15.127461704177726,50
878400,-13.966881364908494,50
878450,-2.5503631675423093,50
878500,-14.688317966962233,50
878550,-7.690946319596339,50
878600,-9.974407977729038,50
878650,-3.0846763816120104,50
878700,-1.6913094743052206,50
878750,-3.47356405879241,50
878800,-13.573561518810088,50
878850,-10.888935053329062,50
878900,-2.831261514836222,50
878950,-3.4808219186641,50
879000,-4.422269113098358,50
879050,-4.28440366584931,50
879100,-16.700473722232573,50
879150,-10.907837161852402,50
879200,-9.8071557841369,50
879250,-13.589777928133497,50
879300,-18.41209079637748,50
879350,-12.029820654271278,50
879400,-6.294707671252523,50
879450,-6.353750300488465,50
879500,-4.884532003212664,50
879550,-2.619276773072885,50
879600,-20.40137114699907,50
879650,-3.0940595236651087,50
879700,-13.666413478529023,50
879750,-7.792928797340901,50
879800,-3.7625310240788687,50
879850,-5.0927989085342755,50
879900,-5.382206474829474,50
879950,-13.584531197712797,50
880000,-13.969008362800372,50
880050,-4.090632810935178,50
880100,-5.031433236904664,50
880150,-14.055188523431259,50
880200,-5.967631958302138,50
880250,-3.5731502203390573,50
880300,-4.172407054227772,50
880350,-7.611214182013454,50
880400,-18.712755529380267,50
880450,-11.625204925941635,50
880500,-3.046985004680376,50
880550,-3.895890016412569,50
880600,-6.632230949574473,50
880650,-2.33410349029117,50
880700,-17.137481712727304,50
880750,-16.324448604457725,50
880800,-3.7795542475225354,50
880850,-3.029528342299,50
880900,-13.480732444371144,50
880950,-2.4277324620513343,50
881000,-2.606667793090105,50
881050,-10.588253867125928,50
881100,-4.524281660046816,50
881150,-7.235351351854791,50
881200,-3.07701137157122,50
881250,-22.13567655653462,50
881300,-5.462636731039646,50
881350,-1.5124060498609224,50
881400,-18.810670935843138,50
881450,-12.614435566223483,50
881500,-4.705348276392677,50
881550,-20.801646431911912,50
881600,-14.508392370260937,50
881650,-2.0303606948525483,50
881700,-4.827330168144304,50
881750,-13.605405561074202,50
881800,-4.699006156723223,50
881850,-13.243200359741406,50
881900,-3.716505830168855,50
881950,-12.882269050003682,50
882000,-6.70091877811199,50
882050,-9.558493865986875,50
882100,-16.351887125255992,50
882150,-2.9601984732336373,50
882200,-2.6271718433221887,50
882250,-18.79636102391466,50
882300,-2.155064820889124,50
882350,-13.476457760074268,50
882400,-5.356484102403486,50
882450,-4.8913943503058395,50
882500,-4.298173722221812,50
882550,-11.416439622053108,50
882600,-17.15112604824281,50
882650,-7.890836110686699,50
882700,-7.8288629034453825,50
882750,-4.359148544550823,50
882800,-19.803186387177213,50
882850,-3.299854433339709,50
882900,-4.270504117563875,50
882950,-3.0632762602347934,50
883000,-4.151331340708542,50
883050,-2.516987835869514,50
883100,-2.022726351120563,50
883150,-18.1888977819668,50
883200,-17.329798828922048,50
883250,-19.91532546688254,50
883300,-4.791813052120097,50
883350,-14.338785641418713,50
883400,-2.8253485500281004,50
883450,-3.633141359049307,50
883500,-6.367698473419362,50
883550,-4.778820146989136,50
883600,-12.556576188347416,50
883650,-22.591570470453444,50
883700,-2.2143714410850057,50
883750,-4.618890324053971,50
883800,-6.258985844319592,50
883850,-15.09494602094753,50
883900,-4.552946702632742,50
883950,-4.681551696352541,50
884000,-17.284251390971807,50
884050,-5.608234749862212,50
884100,-16.53182275697504,50
884150,-4.82870349619594,50
884200,-18.340722002310613,50
884250,-4.97287082335631,50
884300,-2.8497906885726803,50
884350,-17.05890759614446,50
884400,-1.7733698323677156,50
884450,-4.123635121521691,50
884500,-4.44870979187862,50
884550,-2.232381573212221,50
884600,-20.376873003505903,50
884650,-20.170529393376597,50
884700,-3.893470928765361,50
884750,-11.539418512699188,50
884800,-3.681623450458407,50
884850,-17.522006913427578,50
884900,-2.82734766036259,50
884950,-1.47515366294635,50
885000,-2.4559608048694948,50
885050,-3.078257756629477,50
885100,-4.423736489245191,50
885150,-4.98183007422492,50
885200,-2.0899051346194293,50
885250,-15.729407713790634,50
885300,-21.164078252661717,50
885350,-15.826761064533837,50
885400,-2.4844907730081554,50
885450,-15.478099564112226,50
885500,-3.5679523629178322,50
885550,-4.766281637358999,50
885600,-4.055359010753318,50
885650,-12.402262777578894,50
885700,-2.050415473647484,50
885750,-3.2959240274137764,50
885800,-8.40118909806076,50
885850,-11.939331054269626,50
885900,-8.09930343050623,50
885950,-2.232398091467271,50
886000,-2.0729790702871864,50
886050,-10.052829962685204,50
886100,-2.4727621605839936,50
886150,-2.4848711513734423,50
886200,-13.104178752923383,50
886250,-14.169609457061116,50
886300,-3.180508494230793,50
886350,-17.923389101727746,50
886400,-3.6921223496798077,50
886450,-16.472669860752255,50
886500,-3.5082086405732507,50
886550,-3.276523436081364,50
886600,-2.47868753663022,50
886650,-12.70001865404366,50
886700,-15.824160611676968,50
886750,-5.608519939019663,50
886800,-18.557455486322873,50
886850,-6.443299986845089,50
886900,-3.0556500664180777,50
886950,-3.293107047159274,50
887000,-3.2422214502275106,50
887050,-19.12733894707801,50
887100,-4.490893498105998,50
887150,-2.03853626937504,50
887200,-4.297253125881502,50
887250,-1.888099821011691,50
887300,-10.233926638337058,50
887350,-9.57878421562398,50
887400,-10.518849748132252,50
887450,-17.30269477909739,50
887500,-14.624841030968943,50
887550,-6.499725481728266,50
887600,-16.671343317123853,50
887650,-6.245790667152733,50
887700,-5.927968249540755,50
887750,-2.9522095875754255,50
887800,-2.771425067207934,50
887850,-11.008848450466765,50
887900,-17.27971047008318,50
887950,-15.665056916192006,50
888000,-8.367443534406036,50
888050,-14.856217931316309,50
888100,-9.590000995185381,50
888150,-16.937695402890103,50
888200,-3.848891268559912,50
888250,-3.264205015350038,50
888300,-8.38430460546457,50
888350,-18.686486098892768,50
888400,-7.003465635718808,50
888450,-13.484318637593297,50
888500,-16.130570656711264,50
888550,-13.107515993114799,50
888600,-16.907407785371593,50
888650,-3.1153822045953348,50
888700,-14.891863313322185,50
888750,-2.087519053722454,50
888800,-15.215049703821586,50
888850,-4.715195269883147,50
888900,-9.759650228769893,50
888950,-6.988813634886256,50
889000,-11.223332556618002,50
889050,-1.9882522463686565,50
889100,-19.5429593126064,50
889150,-20.48473559497201,50
889200,-4.527221306702204,50
889250,-15.160862779166855,50
889300,-12.3213741009892,50
889350,-10.585940855683607,50
889400,-1.3706239893482812,50
889450,-8.133093216768103,50
889500,-4.1335297789235215,50
889550,-3.311072739348907,50
889600,-19.500558396568326,50
889650,-19.002488001351658,50
889700,-2.26255915758335,50
889750,-13.317850502385939,50
889800,-4.124131332408662,50
889850,-5.600362985118691,50
889900,-18.57295997143332,50
889950,-3.275088508770868,50
890000,-4.627629974992265,50
890050,-4.152591658835947,50
890100,-4.052527879390747,50
890150,-4.596688465794798,50
890200,-10.307360614307665,50
890250,-5.701683598637832,50
890300,-14.199451025847921,50
890350,-14.32525394618316,50
890400,-3.29150850535563,50
890450,-11.780677408891334,50
890500,-16.636742390346278,50
890550,-13.687217605775853,50
890600,-11.96346747189489,50
890650,-1.7328058132736772,50
890700,-4.767079747523943,50
890750,-15.996646089768484,50
890800,-18.85915074869777,50
890850,-4.259386428351904,50
890900,-20.84891258870448,50
890950,-10.679304029750059,50
891000,-4.527009605628705,50
891050,-14.510101856784914,50
891100,-15.769274717038341,50
891150,-13.444411518133883,50
891200,-3.782123867586264,50
891250,-14.216346696461578,50
891300,-15.937783988570388,50
891350,-11.132403262576645,50
891400,-2.8885343793318823,50
891450,-2.4118219030735313,50
891500,-1.6038916141263313,50
891550,-3.36618605258063,50
891600,-3.3041108076389727,50
891650,-9.145431682691507,50
891700,-20.168209724135735,50
891750,-1.388234254173545,50
891800,-3.019749360044432,50
891850,-4.997812054909844,50
891900,-13.204892911698687,50
891950,-8.293282572935679,50
892000,-17.050290585447595,50
892050,-11.301073080933104,50
892100,-3.1173744765883393,50
892150,-8.348433817404615,50
892200,-4.763377950509575,50
892250,-4.147980826929307,50
892300,-16.173848684404696,50
892350,-2.4449605913223653,50
892400,-5.427632897988573,50
892450,-3.102271347675645,50
892500,-9.627368587712317,50
892550,-17.003176072925392,50
892600,-6.156555429076706,50
892650,-10.112217750076715,50
892700,-16.565840198014353,50
892750,-21.514568396813495,50
892800,-17.054862400413853,50
892850,-4.260393323267366,50
892900,-11.913736460619129,50
892950,-20.09570958970562,50
893000,-4.2267224083314,50
893050,-17.901015536006298,50
893100,-4.08404632451585,50
893150,-12.541651777770625,50
893200,-19.53145046296823,50
893250,-11.482274630757704,50
893300,-13.228770199062582,50
893350,-18.484792339971673,50
893400,-3.018291900191252,50
893450,-15.599208475675919,50
893500,-2.9375740431701964,50
893550,-2.10315715038159,50
893600,-4.538557471418514,50
893650,-9.459126572679404,50
893700,-13.847215666975378,50
893750,-8.820665835370631,50
893800,-10.635144819206447,50
893850,-17.67081989908688,50
893900,-18.337063340685564,50
893950,-7.858339812864822,50
894000,-6.585660129985985,50
894050,-11.896774254977167,50
894100,-16.14413156092907,50
894150,-4.674151011349733,50
894200,-16.439827761584617,50
894250,-14.891549379904726,50
894300,-4.628877203084532,50
894350,-10.584221977857029,50
894400,-8.940353218687305,50
894450,-11.439106657773067,50
894500,-3.4628305279231446,50
894550,-5.072789642393266,50
894600,-22.469797094633893,50
894650,-2.129368066789103,50
894700,-1.7815126897554054,50
894750,-4.416584598797631,50
894800,-3.3742209497086506,50
894850,-3.9469421693063835,50
894900,-18.696975856309827,50
894950,-13.524644130506326,50
895000,-10.419429242749722,50
895050,-8.285566517788272,50
895100,-4.394562674942586,50
895150,-14.186448958854346,50
895200,-10.058997431105965,50
895250,-21.556205116557454,50
895300,-8.183143170529199,50
895350,-11.622717046229706,50
895400,-2.267669583145452,50
895450,-5.294815684565904,50
895500,-3.5747151873099217,50
895550,-3.545112137707122,50
895600,-5.687749480817423,50
895650,-2.263744877838155,50
895700,-5.4245914089735265,50
895750,-7.153649086437234,50
895800,-2.7795340064366707,50
895850,-9.441436349198453,50
895900,-2.5868513061089318,50
895950,-6.062813115593168,50
896000,-3.885930592285774,50
896050,-16.958696685187338,50
896100,-16.432124214339673,50
896150,-11.87129854741763,50
896200,-18.470451100003324,50
896250,-15.416680751054711,50
896300,-8.273007760011062,50
896350,-2.5777233591912916,50
896400,-15.03013032244434,50
896450,-3.67016609700948,50
896500,-1.9531442816540616,50
896550,-2.3606904547127816,50
896600,-3.5652713266300546,50
896650,-8.57881139736399,50
896700,-3.5107864972777043,50
896750,-3.281719720495921,50
896800,-12.744872170405277,50
896850,-2.8205582666042237,50
896900,-4.75783153148857,50
896950,-2.368418837126947,50
897000,-21.5521101484171,50
897050,-3.0349784631773686,50
897100,-9.830752944521176,50
897150,-13.57834441970656,50
897200,-13.587018516134659,50
897250,-1.8492064922946496,50
897300,-14.310704239857559,50
897350,-12.650782680320164,50
897400,-3.8484698825490433,50
897450,-1.319568712877425,50
897500,-12.582615671936654,50
897550,-2.865180751740424,50
897600,-2.6744366294017268,50
897650,-3.119933916914426,50
897700,-4.2026270304479905,50
897750,-3.648394884893501,50
897800,-21.34410725529807,50
897850,-2.271003621072873,50
897900,-12.750755275285327,50
897950,-21.14995726559858,50
898000,-19.196636559669297,50
898050,-11.29636851652026,50
898100,-3.4269711063346864,50
898150,-17.0525226176168,50
898200,-4.5737393988625366,50
898250,-3.180389260487358,50
898300,-10.296285944147888,50
898350,-8.063372032259652,50
898400,-4.231386150988345,50
898450,-2.5380201852435187,50
898500,-20.29274006308184,50
898550,-6.317332842128623,50
898600,-16.81000859761256,50
898650,-2.693028215770492,50
898700,-4.3720159463239145,50
898750,-6.410692602011912,50
898800,-16.095362448976378,50
898850,-2.5432624302203717,50
898900,-5.244972852160073,50
898950,-1.6977477661163176,50
899000,-18.45379712962274,50
899050,-5.000871198017485,50
899100,-6.068992220751046,50
899150,-2.6645446607869,50
899200,-3.266255187942378,50
899250,-2.4896336990626575,50
899300,-3.7727409120520456,50
899350,-2.9335547218918525,50
899400,-5.77823594484371,50
899450,-18.50695151229463,50
899500,-3.0766874499818724,50
899550,-6.474217932544586,50
899600,-15.013766435228753,50
899650,-14.0715008847127,50
899700,-12.513495158886625,50
899750,-4.199277977215236,50
899800,-16.871799359584006,50
899850,-4.153803327142148,50
899900,-4.478540560410556,50
899950,-1.3761415843611862,50
900000,-4.911715358905399,50
900050,-4.580563150208892,50
900100,-3.7098317397376808,50
900150,-14.39921202526844,50
900200,-3.0765638052465114,50
900250,-9.778535869825351,50
900300,-4.472697076599113,50
900350,-13.011007869257929,50
900400,-5.308686288125019,50
900450,-4.553412441914079,50
900500,-6.532472353571938,50
900550,-2.564882917961161,50
900600,-14.642637712909757,50
900650,-15.516358277564617,50
900700,-8.92705750054366,50
900750,-5.208365083531228,50
900800,-3.9490735133381416,50
900850,-4.413658461892416,50
900900,-2.5227236145887986,50
900950,-11.352526051598849,50
901000,-3.365864845909542,50
901050,-17.326896731637465,50
901100,-3.4793891544027895,50
901150,-2.8483744714235097,50
901200,-10.979364986726464,50
901250,-3.2818054057571486,50
901300,-18.25891061318864,50
901350,-7.123896627363589,50
901400,-3.030916407087934,50
901450,-12.496057876844931,50
901500,-9.714194314757625,50
901550,-3.5222936264307845,50
901600,-17.04167071085182,50
901650,-4.523697930140696,50
901700,-13.32886373602589,50
901750,-3.526916651999457,50
901800,-18.782855034593787,50
901850,-7.795739656772822,50
901900,-16.592889920637713,50
901950,-2.4661285804791095,50
902000,-9.17594510139343,50
902050,-2.9188605825390694,50
902100,-4.992480706388956,50
902150,-10.916656911816135,50
902200,-6.704541381753384,50
902250,-1.1974030364381643,50
902300,-7.404306907597079,50
902350,-11.188755793902617,50
902400,-10.819112321072698,50
902450,-1.6833855069318748,50
902500,-3.6909818375028114,50
902550,-11.049233748992583,50
902600,-5.387392953211711,50
902650,-4.002178441089816,50
902700,-12.31987123125368,50
902750,-12.848074754562738,50
902800,-4.373555648365774,50
902850,-13.93181761618665,50
902900,-2.130221927593192,50
902950,-19.6606959632758,50
903000,-9.419784824231343,50
903050,-21.56891789010416,50
903100,-8.083756400186612,50
903150,-12.810861576039036,50
903200,-13.999967075746435,50
903250,-16.08805375948984,50
903300,-4.535667023458391,50
903350,-14.825134314682257,50
903400,-1.551723857618501,50
903450,-4.185645427204068,50
903500,-11.597691354132108,50
903550,-4.966851862078834,50
903600,-4.41665684531411,50
903650,-14.805955943054451,50
903700,-2.7034145203926805,50
903750,-16.37099007705106,50
903800,-6.748701020005232,50
903850,-14.59633920017747,50
903900,-2.6077072477987007,50
903950,-15.409795251854717,50
904000,-4.250396988832971,50
904050,-4.953353006302098,50
904100,-3.062473086794459,50
904150,-17.696717475869523,50
904200,-4.576819378173435,50
904250,-3.859007384606667,50
904300,-2.5822083592976783,50
904350,-5.469429334950307,50
904400,-13.180571912891256,50
904450,-9.667164787980635,50
904500,-3.1734164607252193,50
904550,-13.701551117272924,50
904600,-16.285473531416876,50
904650,-5.482136368074753,50
904700,-9.07009816577502,50
904750,-2.0595333270245546,50
904800,-14.98752119395152,50
904850,-10.969696327581623,50
904900,-9.395032517174508,50
904950,-4.178412968439146,50
905000,-16.810510325053663,50
905050,-11.323193380327183,50
905100,-16.671049606309793,50
905150,-15.171959040213457,50
905200,-13.671511736356736,50
905250,-2.054015637757572,50
905300,-4.599415477725326,50
905350,-4.214733708184368,50
905400,-18.697524431127977,50
905450,-2.1430210889141104,50
905500,-13.871011006114372,50
905550,-5.1003224241802245,50
905600,-17.95513672225274,50
905650,-14.815077243770855,50
905700,-5.001942644565702,50
905750,-12.394062733149202,50
905800,-2.152304395665574,50
905850,-2.687893564824271,50
905900,-3.925473310125328,50
905950,-18.621092482693843,50
906000,-1.5723869968068596,50
906050,-4.328387606719599,50
906100,-4.566938287341793,50
906150,-4.2482220839988285,50
906200,-2.4812680323456635,50
906250,-4.249611626864302,50
906300,-3.026930874428548,50
906350,-4.820175160312829,50
906400,-19.616054479638493,50
906450,-13.395409574604916,50
906500,-12.895723780111071,50
906550,-4.326479911709829,50
906600,-13.039833599386991,50
906650,-4.424003226333025,50
906700,-11.57277308745984,50
906750,-8.370252183805516,50
906800,-2.2274489034849974,50
906850,-14.443333577529502,50
906900,-3.4845113570879866,50
906950,-3.449569906441741,50
907000,-9.747103031355996,50
907050,-2.292882027897692,50
907100,-16.308997121367884,50
907150,-17.868383506713926,50
907200,-20.214367882627638,50
907250,-20.59525117881379,50
907300,-5.029126755877338,50
907350,-8.90210481922474,50
907400,-19.741979425132076,50
907450,-8.978517042807665,50
907500,-8.27135866654115,50
907550,-3.433469993778835,50
907600,-4.614915350432444,50
907650,-2.6911710028102487,50
907700,-2.9370620228790285,50
907750,-1.8408367066242963,50
907800,-14.321104695538763,50
907850,-4.390010843145432,50
907900,-14.115434660346901,50
907950,-19.38001544379317,50
908000,-4.0430162820535065,50
908050,-5.134252362071177,50
908100,-1.4457688916064497,50
908150,-5.199200674192339,50
908200,-4.924421686590615,50
908250,-16.905435313960968,50
908300,-5.601412913562274,50
908350,-2.982278113449082,50
908400,-2.463965597584297,50
908450,-2.0129480256750996,50
908500,-12.836211452361939,50
908550,-2.0430123011322983,50
908600,-4.76861046156436,50
908650,-4.567698699506549,50
908700,-14.068665382987737,50
908750,-2.504068440660295,50
908800,-10.57022162663281,50
908850,-3.07225468476939,50
908900,-15.398447057746784,50
908950,-3.2098304690474784,50
909000,-4.2379693758590635,50
909050,-1.0735664755435326,50
909100,-7.3895425675596735,50
909150,-2.737897547792777,50
909200,-4.241575028879444,50
909250,-4.859060987290661,50
909300,-19.78766547409362,50
909350,-4.918484343461182,50
909400,-14.131850782045525,50
909450,-6.6731164962511755,50
909500,-4.521570405476582,50
909550,-4.438405512630916,50
909600,-14.315078935359352,50
909650,-1.853518880864616,50
909700,-11.834241864306513,50
909750,-10.180284504986329,50
909800,-11.25703097715691,50
909850,-13.479446034853993,50
909900,-6.814581504898289,50
909950,-3.248134432379599,50
910000,-2.854399629980712,50
910050,-2.7393701836319515,50
910100,-1.4361828013021727,50
910150,-2.3447022183253567,50
910200,-5.555269916406102,50
910250,-2.327254879604518,50
910300,-18.613560358568243,50
910350,-11.72520359788286,50
910400,-1.7366701671390052,50
910450,-3.32545641140492,50
910500,-4.272560851927375,50
910550,-17.684422360230123,50
910600,-8.84650781384854,50
910650,-2.48807418882376,50
910700,-5.197528858138285,50
910750,-6.76124963578321,50
910800,-19.0233096038136,50
910850,-5.76322890989803,50
910900,-11.142101849640413,50
910950,-3.206848654143952,50
911000,-4.231598876435283,50
911050,-5.504035747730963,50
911100,-4.3846834735318785,50
911150,-5.400380747777515,50
911200,-15.484821869351126,50
911250,-15.677461820549325,50
911300,-4.542120009463266,50
911350,-22.138106981949214,50
911400,-9.364826942739704,50
911450,-5.7639784917818355,50
911500,-11.615839150123309,50
911550,-12.205991367086416,50
911600,-11.030968937159452,50
911650,-9.05947318737875,50
911700,-4.2391639030915345,50
911750,-4.949129790089829,50
911800,-3.0806874724449416,50
911850,-1.77342646632009,50
911900,-13.108312895033501,50
911950,-5.901809734474047,50
912000,-4.95366396088109,50
912050,-8.160153427356285,50
912100,-15.64517549427096,50
912150,-18.678244700187854,50
912200,-18.99184917542984,50
912250,-18.339898117506017,50
912300,-4.189602713015777,50
912350,-3.1135041202455493,50
912400,-2.898978885535162,50
912450,-3.979716506196181,50
912500,-0.789915807488996,50
912550,-2.3435625558133486,50
912600,-6.95089792396412,50
912650,-4.427248579982723,50
912700,-14.211897932586327,50
912750,-15.215678845891862,50
912800,-3.892687297660471,50
912850,-9.701117455112056,50
912900,-7.749234964821894,50
912950,-2.0801148465714565,50
913000,-1.3641849623557576,50
913050,-6.9447493995813065,50
913100,-18.104823946643737,50
913150,-8.086827926943252,50
913200,-8.030687361218845,50
913250,-8.817585857475914,50
913300,-3.163137321432643,50
913350,-13.169386114831045,50
913400,-20.987526947152155,50
913450,-3.861305016858886,50
913500,-2.6133930442546287,50
913550,-1.6831774328237414,50
913600,-2.786122992315253,50
913650,-11.004347924427197,50
913700,-14.74839122561912,50
913750,-4.023926412081947,50
913800,-3.8777336960363167,50
913850,-2.202778818040008,50
913900,-2.8750788492356683,50
913950,-5.982363691862014,50
914000,-13.817211419539861,50
914050,-12.707051150008587,50
914100,-9.946694532107232,50
914150,-3.776199600721043,50
914200,-4.180616717436802,50
914250,-11.346581070606966,50
914300,-4.512647114945021,50
914350,-19.537311195400804,50
914400,-11.301815646371287,50
914450,-10.37111124642418,50
914500,-4.377581066700702,50
914550,-13.606213433707582,50
914600,-12.92034192820769,50
914650,-3.514680958021603,50
914700,-13.211355189635848,50
914750,-1.30142196809452,50
914800,-3.58665255768292,50
914850,-4.674339949915954,50
914900,-5.265726298620542,50
914950,-10.424348895093045,50
915000,-11.821716234830054,50
915050,-3.0065304555354397,50
915100,-3.980093594991063,50
915150,-2.3136071918585706,50
915200,-4.398856557830016,50
915250,-7.314569445218092,50
915300,-3.10889753716296,50
915350,-13.186319702002638,50
915400,-1.7404438203602695,50
915450,-1.7698963050611642,50
915500,-18.673964255655477,50
915550,-10.082061020731047,50
915600,-18.787247927474027,50
915650,-9.13552295998618,50
915700,-3.7876124232683326,50
915750,-18.29941603504546,50
915800,-4.9009068147148485,50
915850,-19.390823289101682,50
915900,-12.486635638025914,50
915950,-6.845761550641428,50
916000,-6.023438453206087,50
916050,-3.001008017451368,50
916100,-3.776684887413952,50
916150,-4.4870925302446425,50
916200,-6.421661624165537,50
916250,-5.652721254332861,50
916300,-8.813481279614697,50
916350,-5.775244061315997,50
916400,-6.740644001325654,50
916450,-3.971061573630693,50
916500,-8.274791000976412,50
916550,-5.594580202761137,50
916600,-11.629300697976454,50
916650,-5.275468002771607,50
916700,-4.965445734977998,50
916750,-6.9145936494557105,50
916800,-13.380404923144956,50
916850,-4.255789852507579,50
916900,-6.103978246675114,50
916950,-12.850820766114612,50
917000,-3.6103307987397306,50
917050,-4.119389584054866,50
917100,-4.7618134058707335,50
917150,-2.897915193937867,50
917200,-8.590224050009377,50
917250,-6.782595151680465,50
917300,-3.823021771861787,50
917350,-8.555069729441914,50
917400,-2.7545864242311335,50
917450,-6.409718761951822,50
917500,-5.058581725498508,50
917550,-5.727838756889733,50
917600,-5.440686534434902,50
917650,-3.054504597948408,50
917700,-5.326955463491854,50
917750,-8.308793488002587,50
917800,-3.7810862675917103,50
917850,-13.009753750076753,50
917900,-6.68024446423274,50
917950,-2.627574473729823,50
918000,-14.579363585536301,50
918050,-3.99291395097442,50
918100,-15.382678914228197,50
918150,-5.5046826858537985,50
918200,-4.582685441486372,50
918250,-20.41945606385069,50
918300,-11.567992342309191,50
918350,-4.791308768477513,50
918400,-2.886827883601556,50
918450,-5.160918301090241,50
918500,-18.0845120750378,50
918550,-13.93114611128288,50
918600,-4.0988806513651594,50
918650,-9.285599311652621,50
918700,-16.239902033783906,50
918750,-3.6868826171332736,50
918800,-2.927203848436848,50
918850,-4.333420020434676,50
918900,-14.267530938366116,50
918950,-3.472556789666107,50
919000,-5.57177030273312,50
919050,-2.1764016564848463,50
919100,-4.819605546839815,50
919150,-3.6979063930134295,50
919200,-10.165143077489075,50
919250,-11.707117368618622,50
919300,-5.611770220815189,50
919350,-13.395046627113627,50
919400,-3.660564429343107,50
919450,-13.23017964550096,50
919500,-11.930223789941333,50
919550,-14.00953875886958,50
919600,-6.241679095041256,50
919650,-1.898256110708496,50
919700,-3.859327287156982,50
919750,-12.099752039104883,50
919800,-15.80519622618556,50
919850,-3.4263269640437723,50
919900,-5.451106062771043,50
919950,-1.9191836044668773,50
920000,-12.291079932333266,50
920050,-10.317418508370617,50
920100,-8.235116259750649,50
920150,-2.5776990802014086,50
920200,-3.072301126988696,50
920250,-13.960582018950667,50
920300,-17.29401839134062,50
920350,-7.119006000853294,50
920400,-13.721231675753785,50
920450,-4.645632518583253,50
920500,-16.24830984951155,50
920550,-9.616733583374028,50
920600,-5.576547162611343,50
920650,-1.5194739804614077,50
920700,-4.456089460777496,50
920750,-11.106169266866347,50
920800,-9.119830514783422,50
920850,-4.301598493083776,50
920900,-21.366311983035207,50
920950,-3.840161836085205,50
921000,-2.192430077234128,50
921050,-7.391111613032886,50
921100,-6.350449399905448,50
921150,-4.812227250053511,50
921200,-1.7988828072479324,50
921250,-12.848062325457152,50
921300,-2.772418289076823,50
921350,-9.530340423640977,50
921400,-14.387939450828991,50
921450,-16.188697996281743,50
921500,-17.901859200394114,50
921550,-2.7326547193131345,50
921600,-10.67370921079942,50
921650,-6.11252701733691,50
921700,-3.7175245314905996,50
921750,-10.124333396212798,50
921800,-19.74419889600955,50
921850,-3.867454606487951,50
921900,-3.4144345991110505,50
921950,-4.305342236805245,50
922000,-4.8169380982738135,50
922050,-2.858790259447518,50
922100,-17.317083650828955,50
922150,-16.307196878103817,50
922200,-13.393760578215076,50
922250,-6.8281292612492654,50
922300,-4.411704668842268,50
922350,-7.753288429742995,50
922400,-13.961106827238929,50
922450,-2.2741137492537717,50
922500,-3.109885126517705,50
922550,-11.757143734416841,50
922600,-4.506716252326666,50
922650,-1.4423178247959343,50
922700,-14.972124818985307,50
922750,-18.985190566503515,50
922800,-4.653837005769948,50
922850,-3.204265300360091,50
922900,-4.997165137820208,50
922950,-3.0904479825689646,50
923000,-5.268401922845827,50
923050,-9.256821561181358,50
923100,-3.040984695539663,50
923150,-5.285906977287869,50
923200,-20.009026797902074,50
923250,-20.118505486666763,50
923300,-7.93430827951093,50
923350,-10.417453724127158,50
923400,-3.468041729453266,50
923450,-3.1054061880370907,50
923500,-3.372787357059658,50
923550,-6.3347273526267545,50
923600,-2.224132454483704,50
923650,-13.701253732475147,50
923700,-4.178226571483622,50
923750,-11.03839315560788,50
923800,-4.528066463804718,50
923850,-19.415746711530517,50
923900,-16.648064883870337,50
923950,-16.809657794776918,50
924000,-11.82722035026814,50
924050,-9.297478652782877,50
924100,-4.692466551911581,50
924150,-11.711321726571885,50
924200,-15.448974676357052,50
924250,-7.056931781158397,50
924300,-2.998320397254104,50
924350,-6.14963562056807,50
924400,-7.311377353749641,50
924450,-5.977864098150539,50
924500,-13.135833116966065,50
924550,-12.315708403505804,50
924600,-4.872533618273095,50
924650,-4.2852686172583025,50
924700,-10.805508845714057,50
924750,-21.824459206897956,50
924800,-12.842945823415523,50
924850,-2.4440676944057924,50
924900,-2.5348515006721426,50
924950,-2.7794626942263374,50
925000,-1.0774563660640102,50
925050,-3.318106719872513,50
925100,-1.4876351147689477,50
925150,-13.11395102163717,50
925200,-2.1977183974057004,50
925250,-15.022146048182325,50
925300,-2.109246708035069,50
925350,-12.350144397040317,50
925400,-9.066405038220209,50
925450,-18.585130848031252,50
925500,-17.725205364566886,50
925550,-9.635429287327005,50
925600,-2.391317251424063,50
925650,-5.54174078008997,50
925700,-5.4514121419348776,50
925750,-3.1687019489341774,50
925800,-4.299436644441525,50
925850,-5.4334662831908,50
925900,-11.139190392012749,50
925950,-5.671180957931535,50
926000,-4.3404712502569565,50
926050,-3.4404786602895743,50
926100,-13.2659708078875,50
926150,-13.506918896646255,50
926200,-15.281417758903348,50
926250,-14.111014095419415,50
926300,-6.146407371476288,50
926350,-15.052611665612991,50
926400,-21.07940621407574,50
926450,-21.626149644583794,50
926500,-2.650144075993612,50
926550,-5.446343079286093,50
926600,-7.436508181604502,50
926650,-7.0203460788915315,50
926700,-5.142022022517439,50
926750,-10.540586395608946,50
926800,-12.460880320520658,50
926850,-2.3853018523516742,50
926900,-19.188074038388333,50
926950,-2.539101648846257,50
927000,-6.758966728542923,50
927050,-3.6522543498066877,50
927100,-2.8650254262647166,50
927150,-4.638827502677403,50
927200,-15.812149963910235,50
927250,-3.399144687269219,50
927300,-4.898505071464563,50
927350,-17.577746505369568,50
927400,-6.674670739800974,50
927450,-7.429018260717159,50
927500,-7.19661971713167,50
927550,-3.030517083120083,50
927600,-15.66849284377054,50
927650,-3.2915427287746732,50
927700,-11.317224401971497,50
927750,-3.246109946702833,50
927800,-1.9838547316609718,50
927850,-3.3858436910763183,50
927900,-2.25571735764785,50
927950,-1.7014454437437374,50
928000,-13.40379833600285,50
928050,-16.019342714262248,50
928100,-5.182941060260414,50
928150,-5.903583590576598,50
928200,-17.336478423268574,50
928250,-9.71519483102051,50
928300,-5.247107825264147,50
928350,-5.829566392988948,50
928400,-19.381862158113776,50
928450,-14.779414961136332,50
928500,-4.830445458593011,50
928550,-3.3864682039607317,50
928600,-9.919255936321619,50
928650,-3.1630934288698653,50
928700,-2.154846068141667,50
928750,-15.834953467826413,50
928800,-3.261413807770391,50
928850,-12.6768202219289,50
928900,-15.494374884828218,50
928950,-2.1824299219260004,50
929000,-16.618721410352464,50
929050,-5.6155383857268095,50
929100,-18.739429245596924,50
929150,-2.0785922157695,50
929200,-3.7359928465923455,50
929250,-5.9267639700147985,50
929300,-4.432515690442409,50
929350,-19.57184117427267,50
929400,-18.892598060574137,50
929450,-13.585568730421045,50
929500,-18.63957088272055,50
929550,-5.398864659352872,50
929600,-10.88398943738186,50
929650,-3.978189399506751,50
929700,-7.306702984561,50
929750,-4.782162214719229,50
929800,-6.808450264377295,50
929850,-4.058587699083524,50
929900,-3.8609627293702062,50
929950,-15.871105788108922,50
930000,-15.401674760842816,50
930050,-4.671241655361194,50
930100,-5.1864063177511,50
930150,-11.496005931354368,50
930200,-2.6505424834628104,50
930250,-5.142962929756681,50
930300,-5.552491457172531,50
930350,-8.341435041900167,50
930400,-13.798572798627436,50
930450,-2.870862030796063,50
930500,-14.246294532467106,50
930550,-10.442481981766631,50
930600,-8.911357490483406,50
930650,-4.328341962762013,50
930700,-2.7285735662302133,50
930750,-16.024425242675683,50
930800,-2.2565181821293137,50
930850,-19.276849348442536,50
930900,-4.42847629612331,50
930950,-4.224673594375749,50
931000,-3.835981417268875,50
931050,-13.889227908348072,50
931100,-2.622421369133157,50
931150,-4.990521089232633,50
931200,-2.1888925367961325,50
931250,-2.2245642284467864,50
931300,-14.097729582097076,50
931350,-2.4650353765664295,50
931400,-3.0744376846155146,50
931450,-8.86692146097506,50
931500,-4.690211103002457,50
931550,-6.23928286149806,50
931600,-13.273881700148843,50
931650,-3.4731786796655792,50
931700,-15.00760153873976,50
931750,-1.852007992430027,50
931800,-4.085405622251794,50
931850,-10.681408406701243,50
931900,-1.6195535065024047,50
931950,-13.039787247732784,50
932000,-3.977290410345986,50
932050,-3.608741650013985,50
932100,-3.793796913843297,50
932150,-3.2994851295091365,50
932200,-6.048495966809302,50
932250,-7.923179376675979,50
932300,-6.1387655864694075,50
932350,-3.725084489344392,50
932400,-11.29212196991778,50
932450,-3.8125591679454534,50
932500,-2.990752604088267,50
932550,-18.288890679358598,50
932600,-6.17931092911119,50
932650,-2.155926998961935,50
932700,-3.9651238920052525,50
932750,-4.811947170598868,50
932800,-10.670703397788564,50
932850,-18.327016319580387,50
932900,-12.113406928179726,50
932950,-2.747503664665132,50
933000,-3.534551201483194,50
933050,-2.5706985208403688,50
933100,-12.643657047874324,50
933150,-13.783774137304889,50
933200,-15.332843181704908,50
933250,-6.168939793020014,50
933300,-16.440351002167297,50
933350,-5.090606785889366,50
933400,-4.646663150729852,50
933450,-6.960975059020058,50
933500,-17.44866684296439,50
933550,-14.235063286417128,50
933600,-1.0262662143765977,50
933650,-4.37820759338014,50
933700,-12.4392094871524,50
933750,-2.044653641224255,50
933800,-1.4622036214464962,50
933850,-7.6062023029236085,50
933900,-5.647298642026032,50
933950,-9.120846682879247,50
934000,-9.265245620738936,50
934050,-4.0697195918820155,50
934100,-17.42431410192378,50
934150,-2.8494604594645856,50
934200,-3.8461484020118757,50
934250,-4.4427044523753185,50
934300,-21.20834497494104,50
934350,-12.899017916627399,50
934400,-12.922159172405632,50
934450,-18.989314763234532,50
934500,-16.826782073804456,50
934550,-1.8849286531755787,50
934600,-14.620957078120767,50
934650,-17.291892898431183,50
934700,-12.919539617851326,50
934750,-17.833162048151628,50
934800,-16.26584829570404,50
934850,-14.493274411612916,50
934900,-1.839028370751964,50
934950,-4.06190560994573,50
935000,-4.157098742064348,50
935050,-6.103708852178749,50
935100,-5.900205667758999,50
935150,-10.223652970126185,50
935200,-1.9129764025979763,50
935250,-3.9703632008834755,50
935300,-4.794474842491457,50
935350,-3.413756127259074,50
935400,-4.977324172892472,50
935450,-5.91259949342345,50
935500,-2.7835539864612806,50
935550,-14.34055622659794,50
935600,-18.839727198608095,50
935650,-4.677035516647723,50
935700,-3.009997640358417,50
935750,-11.717080633697641,50
935800,-9.515065743100369,50
935850,-4.384650002096674,50
935900,-19.63440299471771,50
935950,-9.769287889217418,50
936000,-3.6911093711723915,50
936050,-18.58371957104582,50
936100,-4.042440717568499,50
936150,-2.797075918778812,50
936200,-15.563401243923968,50
936250,-5.40657480982346,50
936300,-4.683549555015626,50
936350,-3.318318589120992,50
936400,-3.481478062090567,50
936450,-2.3253455918999433,50
936500,-4.311294990877357,50
936550,-3.62848479140268,50
936600,-15.332096825457755,50
936650,-3.5099855239340325,50
936700,-14.217722897839119,50
936750,-15.463307478106069,50
936800,-9.347715272373136,50
936850,-17.738416288725436,50
936900,-15.146120597489885,50
936950,-10.499295524760909,50
937000,-10.057655903401182,50
937050,-19.18878504251495,50
937100,-15.68917033880033,50
937150,-9.226428829726416,50
937200,-6.068440275184223,50
937250,-8.000561281961932,50
937300,-2.6693509813870833,50
937350,-11.155267878155582,50
937400,-8.330821207721613,50
937450,-1.7241601042218144,50
937500,-3.4834951947351795,50
937550,-1.3875519348469372,50
937600,-2.338913001058901,50
937650,-15.81205087759267,50
937700,-4.279161376427386,50
937750,-3.799747866349333,50
937800,-4.277389890989925,50
937850,-1.3211067077132286,50
937900,-15.379665069489999,50
937950,-8.60776765876534,50
938000,-4.86750718206541,50
938050,-4.960690277340638,50
938100,-4.597138571230806,50
938150,-8.411404266110607,50
938200,-1.5181037572829597,50
938250,-2.2489417361577813,50
938300,-14.131076622200634,50
938350,-14.44579788035889,50
938400,-6.603174421812963,50
938450,-4.013497291767326,50
938500,-5.556909951789871,50
938550,-8.460694747855948,50
938600,-11.017642628670277,50
938650,-13.126638722530185,50
938700,-9.95348226161099,50
938750,-10.327563504995341,50
938800,-2.4670129899929796,50
938850,-6.474688841774425,50
938900,-7.976595742110101,50
938950,-3.5944399845791657,50
939000,-3.4425555736561675,50
939050,-12.587650221527573,50
939100,-16.843953613805233,50
939150,-6.121734565989792,50
939200,-3.182308767477817,50
939250,-10.297050855019986,50
939300,-19.512837064096615,50
939350,-19.205292519860357,50
939400,-4.826057508692471,50
939450,-8.078642999214361,50
939500,-18.619064602729328,50
939550,-3.297270217250492,50
939600,-5.416533058206829,50
939650,-3.308631475353529,50
939700,-2.29242903248984,50
939750,-16.087432742663204,50
939800,-19.165752251857082,50
939850,-10.548189055173722,50
939900,-10.94840516011333,50
939950,-4.849079634664751,50
940000,-2.0621576713589396,50
940050,-12.754779823460789,50
940100,-10.13472535713936,50
940150,-7.480157940102688,50
940200,-10.9951832087209,50
940250,-4.337895002633197,50
940300,-3.9362795367722576,50
940350,-11.760955173683373,50
940400,-9.42026920439649,50
940450,-18.623324672157054,50
940500,-8.964420661920583,50
940550,-2.120549807449497,50
940600,-3.5854868988008173,50
940650,-5.175801324856414,50
940700,-2.579528680494294,50
940750,-10.663310621865483,50
940800,-7.539279636194049,50
940850,-7.120941657171315,50
940900,-5.244160015663835,50
940950,-8.49916081217969,50
941000,-5.063532549120049,50
941050,-3.661665633365262,50
941100,-5.148117618413797,50
941150,-2.3016797692740467,50
941200,-3.2768027558692543,50
941250,-8.758527372568322,50
941300,-4.7040545490360754,50
941350,-12.188643761945295,50
941400,-20.235959841096818,50
941450,-2.7647349335891978,50
941500,-4.544992466459273,50
941550,-4.676299907375493,50
941600,-9.86883765981332,50
941650,-13.879062235332299,50
941700,-4.361563820581074,50
941750,-3.825421225824142,50
941800,-15.624981840950353,50
941850,-2.1385830559652295,50
941900,-7.983843702991957,50
941950,-6.927547653613281,50
942000,-3.7275429410443226,50
942050,-7.398202770393185,50
942100,-3.5399051145107334,50
942150,-2.8719766256369805,50
942200,-10.705602029245211,50
942250,-3.474089024539838,50
942300,-6.0758103476147385,50
942350,-5.7046485844661365,50
942400,-16.64680946670408,50
942450,-6.324306927630272,50
942500,-7.408199334228564,50
942550,-14.522504925245597,50
942600,-2.868065426203128,50
942650,-3.366618238942051,50
942700,-14.220803180743998,50
942750,-11.359873909381092,50
942800,-3.731367789983283,50
942850,-15.422177783492218,50
942900,-12.909738495477441,50
942950,-6.363167760594649,50
943000,-17.465071159335444,50
943050,-17.480110371822278,50
943100,-8.291100433565177,50
943150,-2.0478653939468567,50
943200,-2.7424760437155826,50
943250,-14.888059752288598,50
943300,-14.317644160898968,50
943350,-8.296697890888042,50
943400,-15.75120021163551,50
943450,-4.275336134955041,50
943500,-4.123066232815716,50
943550,-9.20173997118902,50
943600,-17.052559448727322,50
943650,-15.749926990556268,50
943700,-15.670757242569197,50
943750,-4.541703220430177,50
943800,-11.959566721762291,50
943850,-2.3619141073091883,50
943900,-2.1850460009871306,50
943950,-9.783574127800907,50
944000,-19.048862546567307,50
944050,-2.168592153122543,50
944100,-12.684312008985575,50
944150,-3.7093377593075822,50
944200,-9.12702145799972,50
944250,-1.9293447106209147,50
944300,-11.480119455478174,50
944350,-3.6822958096260887,50
944400,-9.838496614547893,50
944450,-17.218350737202204,50
944500,-4.722084009000695,50
944550,-3.188977508263959,50
944600,-17.309989963393026,50
944650,-9.37080658545943,50
944700,-3.0877643749994963,50
944750,-17.486276611821076,50
944800,-15.140387389033137,50
944850,-11.689083700208355,50
944900,-2.535704226886702,50
944950,-17.611810880186038,50
945000,-3.6277710261968763,50
945050,-13.71773042662864,50
945100,-15.271907387907723,50
945150,-5.036558827324011,50
945200,-15.65703601347168,50
945250,-3.009370046908779,50
945300,-15.359111505541552,50
945350,-3.538938330408939,50
945400,-10.905981665684685,50
945450,-2.7725133949120058,50
945500,-11.543448064080152,50
945550,-15.80192252065162,50
945600,-2.9488435478026847,50
945650,-2.0410570469892577,50
945700,-2.7377163921551433,50
945750,-2.3495837176791667,50
945800,-1.7163723191506837,50
945850,-3.5546756133448736,50
945900,-7.4701117017349405,50
945950,-19.179642185078073,50
946000,-8.641178480655833,50
946050,-1.9338121570641211,50
946100,-4.228538434110291,50
946150,-8.361362111763881,50
946200,-9.569365521040984,50
946250,-5.426473125748548,50
946300,-16.691296739303336,50
946350,-10.206979547075669,50
946400,-13.462733194546951,50
946450,-5.729545792247839,50
946500,-8.721553720790753,50
946550,-2.916765558056574,50
946600,-5.474959043201114,50
946650,-8.70858605709798,50
946700,-4.2725735413600825,50
946750,-14.503342962608311,50
946800,-7.366501402109915,50
946850,-5.066531191675966,50
946900,-3.4256427038018114,50
946950,-2.8177396063105533,50
947000,-2.01742644592437,50
947050,-15.426050845838816,50
947100,-3.3135670315703303,50
947150,-12.730359485822863,50
947200,-3.592163462963388,50
947250,-3.449161088875757,50
947300,-1.7228872639504786,50
947350,-7.977677785760806,50
947400,-1.998166841300435,50
947450,-2.06013426537506,50
947500,-2.7119136311041196,50
947550,-16.77577376741459,50
947600,-2.810513161762355,50
947650,-13.325047585982118,50
947700,-1.0807572990357546,50
947750,-3.858687119476394,50
947800,-16.072874910196322,50
947850,-9.864229986455223,50
947900,-4.611425556791449,50
947950,-19.02225691042449,50
948000,-4.163961029103243,50
948050,-15.658277028923266,50
948100,-3.5172777795393086,50
948150,-1.7894727609280963,50
948200,-17.969505489914965,50
948250,-5.103804469644624,50
948300,-4.2856294453874355,50
948350,-14.957815757885877,50
948400,-5.844297580359796,50
948450,-18.19515163256273,50
948500,-4.543596220819026,50
948550,-3.108079162716674,50
948600,-1.496093497703739,50
948650,-3.3041347033227155,50
948700,-12.520762183508133,50
948750,-7.7068523505918405,50
948800,-19.852615616730496,50
948850,-4.513389396387103,50
948900,-19.785376284389702,50
948950,-5.1072683048821395,50
949000,-3.41060872211072,50
949050,-3.8128349502247647,50
949100,-5.565051517714209,50
949150,-2.672106906065928,50
949200,-16.18672978296006,50
949250,-17.00774963953746,50
949300,-1.4425138360352439,50
949350,-4.783085286562111,50
949400,-12.015171760395463,50
949450,-2.3893081473761533,50
949500,-2.9095926953125257,50
949550,-2.6826393839411855,50
949600,-6.033082628284149,50
949650,-7.0246443876719225,50
949700,-7.760293575398602,50
949750,-2.3386844966864224,50
949800,-3.6283847474354944,50
949850,-2.2230470650666403,50
949900,-1.379858555262083,50
949950,-12.452174728164165,50
950000,-2.8847150696627106,50
950050,-2.6366034981071267,50
950100,-6.840149297117622,50
950150,-9.75372856671068,50
950200,-5.363387665203251,50
950250,-8.063309058439833,50
950300,-3.8729323728063676,50
950350,-18.301379391176166,50
950400,-15.23168706205562,50
950450,-19.2358839547489,50
950500,-13.607009235848338,50
950550,-3.6370767428009425,50
950600,-5.16717978616926,50
950650,-1.1915665974880467,50
950700,-10.930774268649882,50
950750,-5.616390770872141,50
950800,-11.977982169815503,50
950850,-18.75760280867318,50
950900,-8.034244628203218,50
950950,-1.1196960331462467,50
951000,-3.137759836723198,50
951050,-2.6543523765203796,50
951100,-4.759662280488149,50
951150,-2.0782166764687586,50
951200,-2.92825557768943,50
951250,-3.791898155931775,50
951300,-5.14598408413601,50
951350,-3.1496117396435803,50
951400,-2.432329877495668,50
951450,-1.1055846248532974,50
951500,-18.071358852488355,50
951550,-17.26167184441682,50
951600,-3.761936719877928,50
951650,-3.909640351245231,50
951700,-2.170663875618122,50
951750,-6.0483694975814615,50
951800,-1.7031603794051093,50
951850,-4.847618988675577,50
951900,-2.392505698656652,50
951950,-5.03819730623467,50
952000,-3.8536858506579197,50
952050,-12.859407178502412,50
952100,-2.3350701282935034,50
952150,-21.11081900852659,50
952200,-15.234525504846463,50
952250,-2.9958927173296903,50
952300,-2.513461529889688,50
952350,-7.92063198405668,50
952400,-14.211959851704753,50
952450,-2.941531518873469,50
952500,-1.9782177260052518,50
952550,-18.42862532165397,50
952600,-16.253106303160443,50
952650,-2.879266045089298,50
952700,-14.925645221546233,50
952750,-4.005603396479093,50
952800,-2.171925549172971,50
952850,-8.130745205615463,50
952900,-4.183740197593424,50
952950,-17.159924229981556,50
953000,-9.238436914343435,50
953050,-17.67852576190568,50
953100,-4.665282353777818,50
953150,-13.732325999915322,50
953200,-15.11965813840366,50
953250,-10.945123895003801,50
953300,-3.672344268780796,50
953350,-5.776413400548521,50
953400,-4.841310371856597,50
953450,-20.30043404377676,50
953500,-6.317598507075119,50
953550,-13.92357253299357,50
953600,-13.265165459575138,50
953650,-10.0138057296971,50
953700,-2.8818687305091335,50
953750,-14.381530161599985,50
953800,-16.466880216508162,50
953850,-15.92754920742004,50
953900,-3.5241880206993894,50
953950,-11.108400017981115,50
954000,-17.518158825409632,50
954050,-3.171809751593164,50
954100,-17.68047465966249,50
954150,-17.828182545445348,50
954200,-15.480729537950007,50
954250,-3.2382892537815464,50
954300,-3.111217865978773,50
954350,-4.255498624465893,50
954400,-14.85731531858462,50
954450,-7.512096953946778,50
954500,-3.311469304487937,50
954550,-3.5186747369954787,50
954600,-10.894086891953979,50
954650,-2.0732515406793626,50
954700,-5.2054284632652355,50
954750,-7.989462510589519,50
954800,-7.016184278307309,50
954850,-3.5817389775050628,50
954900,-9.96924796016291,50
954950,-4.361783609128329,50
955000,-14.443752746499163,50
955050,-15.707944683991828,50
955100,-10.278179686227205,50
955150,-2.1239573087731007,50
955200,-5.14367042052552,50
955250,-19.02075766627204,50
955300,-9.338555457630173,50
955350,-14.469104561158842,50
955400,-10.685799608839393,50
955450,-2.2509295120575428,50
955500,-7.580859891009064,50
955550,-9.421887319888809,50
955600,-17.327248289452132,50
955650,-5.84203082174742,50
955700,-4.085778717423672,50
955750,-4.791816430310309,50
955800,-5.177742137660665,50
955850,-8.042165399866608,50
955900,-3.799916240474825,50
955950,-13.947181813950811,50
956000,-18.67779081232767,50
956050,-6.937265660967877,50
956100,-3.604539557859339,50
956150,-11.239641045240399,50
956200,-5.059085454202625,50
956250,-9.547423678004932,50
956300,-5.087377084233016,50
956350,-17.29739621960956,50
956400,-12.446062922171068,50
956450,-3.5946069023103626,50
956500,-1.7424303948773052,50
956550,-11.413146560064382,50
956600,-7.200889209298621,50
956650,-20.475703465387472,50
956700,-4.729359123754399,50
956750,-11.457600382933292,50
956800,-7.548014091956014,50
956850,-13.37487330774544,50
956900,-10.728184030159781,50
956950,-16.73264225831574,50
957000,-6.822281208385098,50
957050,-6.008910059973589,50
957100,-5.200500318113059,50
957150,-9.783948166208889,50
957200,-8.0939506402648,50
957250,-4.15952543540575,50
957300,-3.566071489311431,50
957350,-12.637646119471118,50
957400,-20.899081227820837,50
957450,-2.84795374587591,50
957500,-11.45557381881058,50
957550,-4.847530607726147,50
957600,-3.294976941096294,50
957650,-11.47665233066501,50
957700,-14.43498316894596,50
957750,-15.014268709799065,50
957800,-3.0414785686264687,50
957850,-3.3147336641932803,50
957900,-19.924556677612127,50
957950,-2.107249705772111,50
958000,-9.985413739305214,50
958050,-4.06954278649384,50
958100,-12.142380955939254,50
958150,-10.14764961169635,50
958200,-12.947685466426206,50
958250,-3.1629539598752228,50
958300,-8.058337401855214,50
958350,-14.43572681170305,50
958400,-1.7419683158364039,50
958450,-7.497262757427996,50
958500,-15.00966056378934,50
958550,-4.060464482345762,50
958600,-14.003335227499658,50
958650,-4.916960586316395,50
958700,-16.479476232605972,50
958750,-17.899632935860563,50
958800,-4.773174227962994,50
958850,-11.073746865044717,50
958900,-11.461602195981875,50
958950,-8.845554157526259,50
959000,-11.681644577202599,50
959050,-2.547444073053567,50
959100,-3.28947832929801,50
959150,-11.025848439653391,50
959200,-4.124980063763483,50
959250,-1.3424812928780978,50
959300,-4.417966079527917,50
959350,-3.2743230515621455,50
959400,-5.550741877637409,50
959450,-6.176822180011687,50
959500,-17.155568538877066,50
959550,-10.803543314385157,50
959600,-8.767602376850078,50
959650,-1.636356358886957,50
959700,-2.546494951602516,50
959750,-8.773873749770308,50
959800,-19.36659635932259,50
959850,-18.986885754964256,50
959900,-3.328564260910435,50
959950,-9.25313199034643,50
960000,-3.647668299444946,50
960050,-3.779387662728046,50
960100,-17.05401714693503,50
960150,-20.82590134518239,50
960200,-15.419054106341868,50
960250,-4.7297426305081,50
960300,-19.293035055861512,50
960350,-9.315676469111562,50
960400,-8.31187412411237,50
960450,-5.170412869061869,50
960500,-4.400664580474078,50
960550,-5.081094458061991,50
960600,-6.531923549072733,50
960650,-6.68019529454231,50
960700,-10.163579908711748,50
960750,-4.169488696707929,50
960800,-8.429148689851383,50
960850,-17.612898134589045,50
960900,-3.178580747618758,50
960950,-2.4711822970694013,50
961000,-13.224888330177237,50
961050,-13.637497433659233,50
961100,-1.6884578623638569,50
961150,-19.2609160241151,50
961200,-3.8803145675067863,50
961250,-2.2811481890093877,50
961300,-14.711828333120286,50
961350,-1.7419877233797674,50
961400,-2.2817626533701914,50
961450,-12.172083027147755,50
961500,-2.821840487776158,50
961550,-19.518681980982127,50
961600,-1.9771520886359477,50
961650,-16.008469876230173,50
961700,-2.3718775591255254,50
961750,-4.330398999210179,50
961800,-3.735488144487908,50
961850,-4.068385677104839,50
961900,-18.737591177336487,50
961950,-2.842510201599472,50
962000,-2.3046975381324395,50
962050,-10.262966706821574,50
962100,-3.0382870494615886,50
962150,-15.417055039101962,50
962200,-3.2483032620049124,50
962250,-6.571752414185212,50
962300,-11.639791673105112,50
962350,-11.321206709395403,50
962400,-2.6452715540627056,50
962450,-10.103415413426402,50
962500,-3.1522098868123316,50
962550,-4.626081144593329,50
962600,-6.229601065079694,50
962650,-2.8450566696085393,50
962700,-15.029491515164455,50
962750,-5.613313751122686,50
962800,-9.543037671896041,50
962850,-8.88838601740521,50
962900,-3.387105405996494,50
962950,-11.467929862630642,50
963000,-10.991363552243627,50
963050,-16.556794411028086,50
963100,-6.095761556017534,50
963150,-11.527804027092328,50
963200,-5.210885091746873,50
963250,-6.072691157865363,50
963300,-5.206783446794789,50
963350,-12.877885016956894,50
963400,-17.980991759704136,50
963450,-2.6345867960445584,50
963500,-21.567634021491653,50
963550,-14.647601647207297,50
963600,-11.208496369556638,50
963650,-5.567072611027874,50
963700,-7.6087114763122505,50
963750,-14.461392100056385,50
963800,-5.303886016838524,50
963850,-2.8382426814992217,50
963900,-11.409591648443328,50
963950,-17.80396525914154,50
964000,-2.3704518295460297,50
964050,-4.11328165535388,50
964100,-1.5577980683708705,50
964150,-1.7206627221803985,50
964200,-5.160585932894758,50
964250,-7.453658623244823,50
964300,-4.699046472077309,50
964350,-7.26467987278617,50
964400,-4.361167332208866,50
964450,-3.6692560317705274,50
964500,-18.670054093774723,50
964550,-3.991720223867998,50
964600,-12.611705456108014,50
964650,-4.078047916509914,50
964700,-4.905353438973619,50
964750,-5.503841024311028,50
964800,-9.564391821349501,50
964850,-1.4588757261753291,50
964900,-17.50302465761109,50
964950,-6.412164772314572,50
965000,-17.787697829383852,50
965050,-17.746538925136278,50
965100,-4.50634880088043,50
965150,-9.697854061781005,50
965200,-5.654935531306604,50
965250,-20.54407704523651,50
965300,-13.108959934541327,50
965350,-8.709200240153475,50
965400,-9.098891237731607,50
965450,-13.596633385615503,50
965500,-8.26176486208627,50
965550,-18.437015241868906,50
965600,-2.348620484767573,50
965650,-2.250731240826424,50
965700,-4.0835070484467,50
965750,-2.832118005501863,50
965800,-1.809738716859699,50
965850,-21.00132451344527,50
965900,-20.015651160753006,50
965950,-17.092213655505386,50
966000,-15.243600482058575,50
966050,-3.6609031360877005,50
966100,-12.960078057064672,50
966150,-3.499033934753952,50
966200,-12.935281279736452,50
966250,-20.163912436204964,50
966300,-4.281449170735033,50
966350,-13.558312469567353,50
966400,-5.3751474410511,50
966450,-2.630355248575329,50
966500,-2.895990700701499,50
966550,-6.269214098648232,50
966600,-7.011903475659724,50
966650,-14.368817861631939,50
966700,-6.705669225861911,50
966750,-4.368501405459786,50
966800,-4.466270034583036,50
966850,-4.997325190105848,50
966900,-2.8608857621872223,50
966950,-9.713781405094997,50
967000,-4.302568526304578,50
967050,-4.906147188884852,50
967100,-11.302635668938033,50
967150,-3.1712989647301035,50
967200,-19.7300795798775,50
967250,-13.512956756512184,50
967300,-5.621253315339548,50
967350,-5.234648806090103,50
967400,-3.4890291375204834,50
967450,-12.833053408506023,50
967500,-10.402291360732768,50
967550,-3.680212300852486,50
967600,-4.199677211473334,50
967650,-5.7976918200464524,50
967700,-5.511787530982692,50
967750,-2.652746013480312,50
967800,-4.204802578255581,50
967850,-12.824450995097079,50
967900,-19.440370987368482,50
967950,-4.821466102064589,50
968000,-13.621874249662419,50
968050,-6.087722860608102,50
968100,-18.119164440011858,50
968150,-5.410298858732922,50
968200,-3.995817121500807,50
968250,-18.03171896432187,50
968300,-15.779235801021365,50
968350,-3.0763791014950086,50
968400,-7.629466282498561,50
968450,-3.742752286732722,50
968500,-7.803373243183884,50
968550,-6.46350622672902,50
968600,-8.747591839506704,50
968650,-4.882521794150944,50
968700,-4.236897193233579,50
968750,-11.760834061687747,50
968800,-4.84486807568505,50
968850,-8.910350685561657,50
968900,-13.346533358831143,50
968950,-16.08570759457571,50
969000,-20.845498919240185,50
969050,-3.5851865980435393,50
969100,-3.6346600747595477,50
969150,-5.15027946035533,50
969200,-2.6558674713764554,50
969250,-11.474210581796903,50
969300,-8.642993690248295,50
969350,-3.1872156046315157,50
969400,-4.741198657896273,50
969450,-8.278675348110935,50
969500,-2.3269263804423668,50
969550,-2.9856398236569626,50
969600,-6.57947147424966,50
969650,-18.002274604962714,50
969700,-18.92469288979218,50
969750,-15.356958651755335,50
969800,-17.967279002985578,50
969850,-2.5153459197317702,50
969900,-13.248203893090087,50
969950,-3.288880938582107,50
970000,-18.308914315476464,50
970050,-3.135760840700558,50
970100,-5.423813991083244,50
970150,-12.254267431378677,50
970200,-2.3198291918699643,50
970250,-7.226200497692497,50
970300,-2.7821236842661787,50
970350,-4.637683227087415,50
970400,-1.8043857598682538,50
970450,-13.949786670975435,50
970500,-3.8016967321002926,50
970550,-3.179044169366017,50
970600,-5.320428211933712,50
970650,-13.616322356852494,50
970700,-8.921235482027841,50
970750,-2.873864643590897,50
970800,-9.19951320956303,50
970850,-4.553178304784568,50
970900,-6.5793347654773235,50
970950,-3.139103991546232,50
971000,-6.321692702190053,50
971050,-5.509635570114997,50
971100,-3.8034586695839514,50
971150,-4.208992761835195,50
971200,-5.31695611610591,50
971250,-17.640461021102965,50
971300,-18.496586452052323,50
971350,-10.226382562440202,50
971400,-2.748421827430789,50
971450,-13.064218515703189,50
971500,-15.116081353117282,50
971550,-7.449508211863901,50
971600,-6.183994819748469,50
971650,-18.54394167986636,50
971700,-2.3317156518728024,50
971750,-6.361134061553289,50
971800,-13.459166565272286,50
971850,-5.6657139533352705,50
971900,-7.928465951769315,50
971950,-4.045431331284866,50
972000,-6.87925733209849,50
972050,-13.869559832417156,50
972100,-6.285414986422677,50
972150,-16.15514619614034,50
972200,-3.734178462250204,50
972250,-6.163515193979216,50
972300,-13.131603008623312,50
972350,-2.9881119360382105,50
972400,-9.100900859053375,50
972450,-17.651819005503548,50
972500,-15.704681029211873,50
972550,-17.212999131821526,50
972600,-4.608541619018299,50
972650,-5.272430746776799,50
972700,-2.497214469539676,50
972750,-15.577581015138021,50
972800,-3.972554898980123,50
972850,-2.8699814232845853,50
972900,-4.50398891289367,50
972950,-5.734476813042597,50
973000,-16.29803373246954,50
973050,-14.544460558190192,50
973100,-18.77712971275223,50
973150,-17.925389494138344,50
973200,-2.5124262674448947,50
973250,-2.91724463509528,50
973300,-17.428716669489795,50
973350,-15.451461348637972,50
973400,-11.707551386267191,50
973450,-14.10782500246836,50
973500,-17.952414045064312,50
973550,-6.332431165848736,50
973600,-3.384361630081116,50
973650,-11.802113678553734,50
973700,-3.4444625646875746,50
973750,-10.860691675847058,50
973800,-3.7351152002115096,50
973850,-12.448078773853485,50
973900,-15.97822808501826,50
973950,-2.096264026723685,50
974000,-2.265182483053717,50
974050,-1.8609975308531594,50
974100,-9.50172947061737,50
974150,-5.731835777742683,50
974200,-19.78671074848476,50
974250,-15.795223094055906,50
974300,-5.650895389424057,50
974350,-15.667422557627495,50
974400,-19.555595573592516,50
974450,-8.862409642988558,50
974500,-3.771274546527814,50
974550,-10.86608339753116,50
974600,-2.6266356535352746,50
974650,-6.609049644108079,50
974700,-5.196659116181958,50
974750,-12.202419266533768,50
974800,-7.673472255037237,50
974850,-10.32652809362054,50
974900,-4.597105621508468,50
974950,-3.002359690399367,50
975000,-2.5946827887362467,50
975050,-6.157800596050193,50
975100,-12.702183258686981,50
975150,-11.880808730239357,50
975200,-11.544204441824263,50
975250,-14.731480263795138,50
975300,-4.001548331507652,50
975350,-2.5474591922733847,50
975400,-5.344469198826785,50
975450,-21.188414589144383,50
975500,-3.2239903610388128,50
975550,-2.6509526287171785,50
975600,-5.52259849897605,50
975650,-6.575070480163206,50
975700,-12.405650956445323,50
975750,-15.339642387119893,50
975800,-5.0840437319331295,50
975850,-13.577930015027603,50
975900,-2.2461671830642627,50
975950,-15.981966416309632,50
976000,-12.932670716481669,50
976050,-15.97025508117634,50
976100,-19.67892923809974,50
976150,-15.691017201592798,50
976200,-3.875375631047931,50
976250,-8.64049114765465,50
976300,-19.759784112292945,50
976350,-13.67945323784773,50
976400,-18.76464219473771,50
976450,-3.566264577950977,50
976500,-11.99617154975138,50
976550,-9.109537484039198,50
976600,-3.6711239119377144,50
976650,-2.71077727913037,50
976700,-19.86709179980523,50
976750,-4.111959509530256,50
976800,-7.729581351827379,50
976850,-14.780325747837866,50
976900,-1.893592897012124,50
976950,-7.142402335684927,50
977000,-5.426561879441494,50
977050,-5.70828473005408,50
977100,-6.266359761325705,50
977150,-4.200396317651883,50
977200,-11.258543365277099,50
977250,-12.857743187076773,50
977300,-13.139736134282863,50
977350,-13.760299754905052,50
977400,-12.467109742817277,50
977450,-6.455706969603478,50
977500,-2.7103366602789185,50
977550,-6.205016904156518,50
977600,-5.4792760200736765,50
977650,-11.136262367135231,50
977700,-12.604818831237319,50
977750,-20.98325386899107,50
977800,-15.6027856641666,50
977850,-4.243194442248269,50
977900,-16.98791293008575,50
977950,-2.9377971459606544,50
978000,-6.200308654181395,50
978050,-3.7752052049828597,50
978100,-2.0074018649276173,50
978150,-17.511237273303706,50
978200,-6.324910861049787,50
978250,-6.0224639555982415,50
978300,-18.015805044443454,50
978350,-5.275703869253487,50
978400,-4.165319501866146,50
978450,-8.351340909961886,50
978500,-15.37860979483574,50
978550,-6.46378259585718,50
978600,-2.005824555329029,50
978650,-13.631707670044285,50
978700,-4.202060638777307,50
978750,-18.488855835645985,50
978800,-16.927146285041346,50
978850,-5.963888116778645,50
978900,-18.913878661007473,50
978950,-2.734224297528867,50
979000,-2.704838074421864,50
979050,-5.6572035846707305,50
979100,-1.259899138163675,50
979150,-14.28173960861483,50
979200,-3.4560288074503176,50
979250,-10.505033180765984,50
979300,-8.929157524473698,50
979350,-10.394526691136713,50
979400,-6.885653158580024,50
979450,-3.646465023098012,50
979500,-19.278626429080955,50
979550,-3.953885245090465,50
979600,-5.642720408887593,50
979650,-7.228151195653183,50
979700,-5.933740627958351,50
979750,-4.8606976824352275,50
979800,-5.887543187289802,50
979850,-4.636117542535134,50
979900,-10.265635140709714,50
979950,-10.930153449003848,50
980000,-1.5405751784398602,50
980050,-3.017918525866414,50
980100,-6.884325113628849,50
980150,-17.74430781325072,50
980200,-6.7462964672449335,50
980250,-12.939901785757602,50
980300,-2.6524788899246357,50
980350,-7.349493552178891,50
980400,-9.226926915513308,50
980450,-10.87775467468787,50
980500,-6.354078452011227,50
980550,-3.191015084497034,50
980600,-3.377893639250738,50
980650,-6.844131086948374,50
980700,-15.411181517735258,50
980750,-2.3531944662338007,50
980800,-6.389941642164105,50
980850,-18.07189635882984,50
980900,-12.978678331119458,50
980950,-5.740411185168313,50
981000,-4.996598856500429,50
981050,-12.642414726816382,50
981100,-2.4718839778061326,50
981150,-11.942736799696734,50
981200,-13.914754939736147,50
981250,-5.011051547295967,50
981300,-19.142541432637277,50
981350,-5.473395538529583,50
981400,-12.826463219958116,50
981450,-9.393863439600434,50
981500,-16.40658496398041,50
981550,-17.37102195077425,50
981600,-6.898639103650357,50
981650,-13.002189833543353,50
981700,-6.3544145587381475,50
981750,-15.208408138802296,50
981800,-19.25214606332819,50
981850,-10.463239299700726,50
981900,-10.509608537648154,50
981950,-13.266910090548715,50
982000,-3.1321413170976986,50
982050,-2.461491182670237,50
982100,-6.185414945543499,50
982150,-1.3886368263315823,50
982200,-15.303270023329654,50
982250,-1.538406998012407,50
982300,-20.861489837905765,50
982350,-18.528613241466424,50
982400,-2.0228039470693298,50
982450,-8.736860729986121,50
982500,-18.074781216538625,50
982550,-14.38344006474193,50
982600,-6.447935851674262,50
982650,-2.710952197288673,50
982700,-8.262813104868226,50
982750,-2.9133125133418063,50
982800,-4.566166584805816,50
982850,-4.7923941794915415,50
982900,-2.585105829224728,50
982950,-1.8011958742902965,50
983000,-2.2202326022734153,50
983050,-9.152473354128347,50
983100,-19.503613369411823,50
983150,-8.464687729304599,50
983200,-7.8542389339286665,50
983250,-7.973551050736048,50
983300,-6.891659734978595,50
983350,-18.993850728110424,50
983400,-14.0554761977666,50
983450,-5.558647324873642,50
983500,-7.271331695041521,50
983550,-4.008786184909589,50
983600,-3.3371305232399573,50
983650,-7.022391046695157,50
983700,-5.001321043146899,50
983750,-3.0581322496994967,50
983800,-17.426339470843903,50
983850,-3.3130489767314395,50
983900,-2.983384301066187,50
983950,-14.357017430807042,50
984000,-1.8498082527512283,50
984050,-19.038131984555363,50
984100,-15.870865031017702,50
984150,-19.376851848046748,50
984200,-2.152196268997275,50
984250,-4.538946877065659,50
984300,-4.069940318614515,50
984350,-2.806336083035542,50
984400,-11.916861998969969,50
984450,-17.489232429320577,50
984500,-2.4724860834994566,50
984550,-9.408560842425254,50
984600,-19.902586471550457,50
984650,-5.794315774397272,50
984700,-5.759786467006435,50
984750,-4.402603871841773,50
984800,-4.789679518515716,50
984850,-5.05407678836701,50
984900,-6.229292873740627,50
984950,-11.500495403739437,50
985000,-18.80474965171532,50
985050,-8.759253381787042,50
985100,-9.37556793066134,50
985150,-3.375891706919488,50
985200,-2.3908719652115855,50
985250,-10.947807901474823,50
985300,-13.315034286380735,50
985350,-13.17607322883268,50
985400,-2.0876685311198515,50
985450,-17.131784060545314,50
985500,-10.19689379223321,50
985550,-12.11924844385309,50
985600,-1.94728704396555,50
985650,-17.062058302232355,50
985700,-20.930424783426474,50
985750,-1.9592785310395093,50
985800,-7.216254330711176,50
985850,-2.6025792840829234,50
985900,-11.656012513731362,50
985950,-4.529202933100882,50
986000,-3.286228999994003,50
986050,-8.386541753183332,50
986100,-2.956531563489728,50
986150,-12.328212357989512,50
986200,-1.972927116360887,50
986250,-11.583406587407692,50
986300,-3.6346971090994407,50
986350,-17.13766932952684,50
986400,-16.229588378262562,50
986450,-14.450174441071566,50
986500,-10.146732752235524,50
986550,-6.222568980803098,50
986600,-6.330818020669813,50
986650,-12.3932127057831,50
986700,-3.713253957457808,50
986750,-5.570012968581193,50
986800,-8.00706284281468,50
986850,-15.10570192907707,50
986900,-19.84450753054734,50
986950,-12.478374128016085,50
987000,-14.962609967566188,50
987050,-6.489169043484621,50
987100,-5.793809736413727,50
987150,-4.949144089770718,50
987200,-2.4847728344116913,50
987250,-4.069556544147584,50
987300,-3.213680474358801,50
987350,-4.674817073396978,50
987400,-8.595682856386789,50
987450,-1.812081762149528,50
987500,-20.133829071272483,50
987550,-12.787558532824631,50
987600,-3.8461737225779817,50
987650,-5.771097602377149,50
987700,-13.889534266412404,50
987750,-13.523431508374653,50
987800,-12.765298459186257,50
987850,-5.989381637328646,50
987900,-3.7121572341640885,50
987950,-2.273056083509815,50
988000,-16.283584587685905,50
988050,-10.204869037306029,50
988100,-3.453828101385198,50
988150,-17.919446109410217,50
988200,-19.37143437645128,50
988250,-6.577389688009439,50
988300,-8.95709900639847,50
988350,-8.965585825787217,50
988400,-7.099828174712063,50
988450,-18.6015715144179,50
988500,-3.1798008166499008,50
988550,-9.10605751046532,50
988600,-12.995505425249776,50
988650,-3.9338236774681103,50
988700,-7.9503357983008405,50
988750,-9.986772767198175,50
988800,-4.855242528994097,50
988850,-14.745086052112036,50
988900,-3.0747913912282896,50
988950,-4.561746146051188,50
989000,-7.1710806805352405,50
989050,-12.090202519978789,50
989100,-5.202067705304014,50
989150,-7.3852116480725005,50
989200,-3.053741265986004,50
989250,-6.366410032883071,50
989300,-19.015704344207965,50
989350,-2.744811173220959,50
989400,-14.532364470248792,50
989450,-14.470842523718721,50
989500,-4.674688667414623,50
989550,-4.435627220163243,50
989600,-8.444461034483394,50
989650,-3.5158743857427113,50
989700,-5.6828371582728545,50
989750,-2.963545400990824,50
989800,-11.0711443332092,50
989850,-10.577348008105245,50
989900,-14.414945775491065,50
989950,-5.335721052007326,50
990000,-4.21592156730743,50
990050,-9.662556341219236,50
990100,-10.194525218834958,50
990150,-2.489078163183421,50
990200,-14.197302972153762,50
990250,-16.128519722120178,50
990300,-6.463108294072328,50
990350,-5.812243784055266,50
990400,-3.734206064807073,50
990450,-5.032171586461907,50
990500,-1.6433767669292116,50
990550,-10.356161734628918,50
990600,-14.947053593396499,50
990650,-4.255002103714452,50
990700,-13.352878468645216,50
990750,-16.493055954919747,50
990800,-5.023890137746293,50
990850,-5.1686408840596245,50
990900,-9.892860198984277,50
990950,-13.0430858882974,50
991000,-17.03568581674318,50
991050,-11.739817041187047,50
991100,-2.509426295626735,50
991150,-2.875408077757268,50
991200,-3.2506203547798154,50
991250,-2.72612870491598,50
991300,-7.348696835131372,50
991350,-3.968646117365153,50
991400,-5.960708619561243,50
991450,-15.684445275617723,50
991500,-1.176478345731168,50
991550,-15.135158696218094,50
991600,-10.978662183035045,50
991650,-10.381078332401055,50
991700,-10.650319330878238,50
991750,-8.409672452590218,50
991800,-5.112205201283336,50
991850,-5.357257082658519,50
991900,-4.207131971706147,50
991950,-3.800249926830922,50
992000,-1.4032489143416207,50
992050,-7.487104096448437,50
992100,-19.630890724480366,50
992150,-13.598381548542411,50
992200,-11.307167374158992,50
992250,-14.277996625135838,50
992300,-10.400160128642403,50
992350,-4.8079299964876565,50
992400,-17.78457715410865,50
992450,-19.02417608599481,50
992500,-5.801667587840197,50
992550,-3.537808656034252,50
992600,-3.4475857094438163,50
992650,-4.801386494005739,50
992700,-4.2569455396825475,50
992750,-3.263487573025125,50
992800,-4.853564258573125,50
992850,-17.003407907605546,50
992900,-7.111117103243687,50
992950,-3.584398816046593,50
993000,-15.847464826034242,50
993050,-17.040704483736917,50
993100,-13.13369205174635,50
993150,-2.318661579144352,50
993200,-15.34238214731403,50
993250,-3.4073915025103125,50
993300,-2.4639974365324764,50
993350,-16.898124537406527,50
993400,-2.5221562585950315,50
993450,-4.247374625664115,50
993500,-10.028342905384852,50
993550,-15.527633894124628,50
993600,-10.113451774438454,50
993650,-10.87777485543409,50
993700,-17.568586008160022,50
993750,-5.279753363517338,50
993800,-2.9879553463516424,50
993850,-2.0049075972824797,50
993900,-15.841765411755347,50
993950,-2.491914303580195,50
994000,-19.008879484836,50
994050,-4.774067162348941,50
994100,-2.8854633980331914,50
994150,-14.455814350937384,50
994200,-8.934575404511298,50
994250,-16.254528864061093,50
994300,-6.352770484281816,50
994350,-9.959673813041553,50
994400,-5.604721125048194,50
994450,-4.190311282615911,50
994500,-6.483874729566013,50
994550,-1.5094522381223365,50
994600,-5.251012807318274,50
994650,-3.407128445272785,50
994700,-15.333941513227764,50
994750,-14.612250298076756,50
994800,-18.629880807982087,50
994850,-3.1598650198473686,50
994900,-14.178382511486035,50
994950,-14.456535532658245,50
995000,-1.5234587841462806,50
995050,-9.742636717405729,50
995100,-13.77700744893701,50
995150,-10.806844616250334,50
995200,-9.832192607070652,50
995250,-6.911907555063213,50
995300,-9.437278750267872,50
995350,-11.469147895281912,50
995400,-3.3561183486769446,50
995450,-18.123246705845567,50
995500,-2.0257113907864475,50
995550,-9.920343159474758,50
995600,-6.912443972815812,50
995650,-4.8931982351130205,50
995700,-1.9816032146356726,50
995750,-2.427174416977903,50
995800,-2.217227624835401,50
995850,-5.078668769082089,50
995900,-8.094864009641192,50
995950,-3.4014123210620473,50
996000,-16.991096527462815,50
996050,-2.6127897665805606,50
996100,-4.9212119428975,50
996150,-9.767976569617094,50
996200,-5.9949495582424435,50
996250,-4.08782600093031,50
996300,-5.316883666612221,50
996350,-12.990852981091814,50
996400,-8.563577031600015,50
996450,-4.4638385624722625,50
996500,-8.473681935361633,50
996550,-2.408128113777327,50
996600,-4.232416686519152,50
996650,-3.673070502999525,50
996700,-18.89886575066349,50
996750,-17.3568076488962,50
996800,-10.813216624186678,50
996850,-4.414283335153218,50
996900,-9.22805096557096,50
996950,-5.05063895065977,50
997000,-11.32676151090581,50
997050,-5.012451779786554,50
997100,-6.822039858503104,50
997150,-9.602738991818509,50
997200,-5.650380137317067,50
997250,-5.834896292378461,50
997300,-20.713047858848384,50
997350,-2.162248876919503,50
997400,-5.083425307595362,50
997450,-3.8611708961105715,50
997500,-10.879508147352336,50
997550,-13.147688928066493,50
997600,-3.9588040467019603,50
997650,-4.395213626493721,50
997700,-3.997986715998485,50
997750,-3.29373499820273,50
997800,-5.562675832910889,50
997850,-6.765225639208868,50
997900,-16.43634486553252,50
997950,-5.705798971202354,50
998000,-2.8120833525312965,50
998050,-4.162239282844312,50
998100,-19.082150265633906,50
998150,-15.87052717693667,50
998200,-15.792495903178716,50
998250,-9.558342492554079,50
998300,-20.4590843287082,50
998350,-11.947919079036389,50
998400,-16.15037662607201,50
998450,-19.198763841422313,50
998500,-9.70040642401809,50
998550,-3.6297575095189343,50
998600,-11.121831265144511,50
998650,-6.061089045615152,50
998700,-1.6154047440358656,50
998750,-13.154309748222603,50
998800,-17.325549562550002,50
998850,-16.12366390174409,50
998900,-6.680368457163313,50
998950,-14.568198547614813,50
999000,-17.281918232344488,50
999050,-15.51702570114794,50
999100,-11.656155346117819,50
999150,-19.210082569944202,50
999200,-17.425390097603216,50
999250,-7.388325522594728,50
999300,-9.150407492490475,50
999350,-10.507805501412872,50
999400,-4.75482460011126,50
